solid GiantLegoRocks
facet normal -0.0344 -19.3000 -0.3220
    outer loop
        vertex 0.2088 -7.7200 1.6662
        vertex 0.0000 -1.7200 1.6800
        vertex 0.0000 -7.7200 1.6800
    endloop
endfacet
facet normal -0.0344 -19.3000 -0.3220
    outer loop
        vertex 0.0000 -1.7200 1.6800
        vertex 0.2088 -7.7200 1.6662
        vertex 0.2088 -1.7200 1.6662
    endloop
endfacet
facet normal -0.1020 -19.3000 -0.3132
    outer loop
        vertex 0.4141 -7.7200 1.6254
        vertex 0.2088 -1.7200 1.6662
        vertex 0.2088 -7.7200 1.6662
    endloop
endfacet
facet normal -0.1020 -19.3000 -0.3132
    outer loop
        vertex 0.2088 -1.7200 1.6662
        vertex 0.4141 -7.7200 1.6254
        vertex 0.4141 -1.7200 1.6254
    endloop
endfacet
facet normal -0.1680 -19.3000 -0.2956
    outer loop
        vertex 0.6123 -7.7200 1.5582
        vertex 0.4141 -1.7200 1.6254
        vertex 0.4141 -7.7200 1.6254
    endloop
endfacet
facet normal -0.1680 -19.3000 -0.2956
    outer loop
        vertex 0.4141 -1.7200 1.6254
        vertex 0.6123 -7.7200 1.5582
        vertex 0.6123 -1.7200 1.5582
    endloop
endfacet
facet normal -0.2316 -19.3000 -0.2692
    outer loop
        vertex 0.8000 -7.7200 1.4656
        vertex 0.6123 -1.7200 1.5582
        vertex 0.6123 -7.7200 1.5582
    endloop
endfacet
facet normal -0.2316 -19.3000 -0.2692
    outer loop
        vertex 0.6123 -1.7200 1.5582
        vertex 0.8000 -7.7200 1.4656
        vertex 0.8000 -1.7200 1.4656
    endloop
endfacet
facet normal -0.2904 -19.3000 -0.2352
    outer loop
        vertex 0.9741 -7.7200 1.3494
        vertex 0.8000 -1.7200 1.4656
        vertex 0.8000 -7.7200 1.4656
    endloop
endfacet
facet normal -0.2904 -19.3000 -0.2352
    outer loop
        vertex 0.8000 -1.7200 1.4656
        vertex 0.9741 -7.7200 1.3494
        vertex 0.9741 -1.7200 1.3494
    endloop
endfacet
facet normal -0.3452 -19.3000 -0.1932
    outer loop
        vertex 1.1314 -7.7200 1.2114
        vertex 0.9741 -1.7200 1.3494
        vertex 0.9741 -7.7200 1.3494
    endloop
endfacet
facet normal -0.3452 -19.3000 -0.1932
    outer loop
        vertex 0.9741 -1.7200 1.3494
        vertex 1.1314 -7.7200 1.2114
        vertex 1.1314 -1.7200 1.2114
    endloop
endfacet
facet normal -0.3932 -19.3000 -0.1452
    outer loop
        vertex 1.2694 -7.7200 1.0541
        vertex 1.1314 -1.7200 1.2114
        vertex 1.1314 -7.7200 1.2114
    endloop
endfacet
facet normal -0.3932 -19.3000 -0.1452
    outer loop
        vertex 1.1314 -1.7200 1.2114
        vertex 1.2694 -7.7200 1.0541
        vertex 1.2694 -1.7200 1.0541
    endloop
endfacet
facet normal -0.4352 -19.3000 -0.0904
    outer loop
        vertex 1.3856 -7.7200 0.8800
        vertex 1.2694 -1.7200 1.0541
        vertex 1.2694 -7.7200 1.0541
    endloop
endfacet
facet normal -0.4352 -19.3000 -0.0904
    outer loop
        vertex 1.2694 -1.7200 1.0541
        vertex 1.3856 -7.7200 0.8800
        vertex 1.3856 -1.7200 0.8800
    endloop
endfacet
facet normal -0.4692 -19.3000 -0.0316
    outer loop
        vertex 1.4782 -7.7200 0.6923
        vertex 1.3856 -1.7200 0.8800
        vertex 1.3856 -7.7200 0.8800
    endloop
endfacet
facet normal -0.4692 -19.3000 -0.0316
    outer loop
        vertex 1.3856 -1.7200 0.8800
        vertex 1.4782 -7.7200 0.6923
        vertex 1.4782 -1.7200 0.6923
    endloop
endfacet
facet normal -0.4956 -19.3000 0.0320
    outer loop
        vertex 1.5454 -7.7200 0.4941
        vertex 1.4782 -1.7200 0.6923
        vertex 1.4782 -7.7200 0.6923
    endloop
endfacet
facet normal -0.4956 -19.3000 0.0320
    outer loop
        vertex 1.4782 -1.7200 0.6923
        vertex 1.5454 -7.7200 0.4941
        vertex 1.5454 -1.7200 0.4941
    endloop
endfacet
facet normal -0.5132 -19.3000 0.0980
    outer loop
        vertex 1.5862 -7.7200 0.2888
        vertex 1.5454 -1.7200 0.4941
        vertex 1.5454 -7.7200 0.4941
    endloop
endfacet
facet normal -0.5132 -19.3000 0.0980
    outer loop
        vertex 1.5454 -1.7200 0.4941
        vertex 1.5862 -7.7200 0.2888
        vertex 1.5862 -1.7200 0.2888
    endloop
endfacet
facet normal -0.5220 -19.3000 0.1656
    outer loop
        vertex 1.6000 -7.7200 0.0800
        vertex 1.5862 -1.7200 0.2888
        vertex 1.5862 -7.7200 0.2888
    endloop
endfacet
facet normal -0.5220 -19.3000 0.1656
    outer loop
        vertex 1.5862 -1.7200 0.2888
        vertex 1.6000 -7.7200 0.0800
        vertex 1.6000 -1.7200 0.0800
    endloop
endfacet
facet normal -0.5220 -19.3000 0.2344
    outer loop
        vertex 1.5862 -7.7200 -0.1288
        vertex 1.6000 -1.7200 0.0800
        vertex 1.6000 -7.7200 0.0800
    endloop
endfacet
facet normal -0.5220 -19.3000 0.2344
    outer loop
        vertex 1.6000 -1.7200 0.0800
        vertex 1.5862 -7.7200 -0.1288
        vertex 1.5862 -1.7200 -0.1288
    endloop
endfacet
facet normal -0.5132 -19.3000 0.3020
    outer loop
        vertex 1.5454 -7.7200 -0.3341
        vertex 1.5862 -1.7200 -0.1288
        vertex 1.5862 -7.7200 -0.1288
    endloop
endfacet
facet normal -0.5132 -19.3000 0.3020
    outer loop
        vertex 1.5862 -1.7200 -0.1288
        vertex 1.5454 -7.7200 -0.3341
        vertex 1.5454 -1.7200 -0.3341
    endloop
endfacet
facet normal -0.4956 -19.3000 0.3680
    outer loop
        vertex 1.4782 -7.7200 -0.5323
        vertex 1.5454 -1.7200 -0.3341
        vertex 1.5454 -7.7200 -0.3341
    endloop
endfacet
facet normal -0.4956 -19.3000 0.3680
    outer loop
        vertex 1.5454 -1.7200 -0.3341
        vertex 1.4782 -7.7200 -0.5323
        vertex 1.4782 -1.7200 -0.5323
    endloop
endfacet
facet normal -0.4692 -19.3000 0.4316
    outer loop
        vertex 1.3856 -7.7200 -0.7200
        vertex 1.4782 -1.7200 -0.5323
        vertex 1.4782 -7.7200 -0.5323
    endloop
endfacet
facet normal -0.4692 -19.3000 0.4316
    outer loop
        vertex 1.4782 -1.7200 -0.5323
        vertex 1.3856 -7.7200 -0.7200
        vertex 1.3856 -1.7200 -0.7200
    endloop
endfacet
facet normal -0.4352 -19.3000 0.4904
    outer loop
        vertex 1.2694 -7.7200 -0.8941
        vertex 1.3856 -1.7200 -0.7200
        vertex 1.3856 -7.7200 -0.7200
    endloop
endfacet
facet normal -0.4352 -19.3000 0.4904
    outer loop
        vertex 1.3856 -1.7200 -0.7200
        vertex 1.2694 -7.7200 -0.8941
        vertex 1.2694 -1.7200 -0.8941
    endloop
endfacet
facet normal -0.3932 -19.3000 0.5452
    outer loop
        vertex 1.1314 -7.7200 -1.0514
        vertex 1.2694 -1.7200 -0.8941
        vertex 1.2694 -7.7200 -0.8941
    endloop
endfacet
facet normal -0.3932 -19.3000 0.5452
    outer loop
        vertex 1.2694 -1.7200 -0.8941
        vertex 1.1314 -7.7200 -1.0514
        vertex 1.1314 -1.7200 -1.0514
    endloop
endfacet
facet normal -0.3452 -19.3000 0.5932
    outer loop
        vertex 0.9741 -7.7200 -1.1894
        vertex 1.1314 -1.7200 -1.0514
        vertex 1.1314 -7.7200 -1.0514
    endloop
endfacet
facet normal -0.3452 -19.3000 0.5932
    outer loop
        vertex 1.1314 -1.7200 -1.0514
        vertex 0.9741 -7.7200 -1.1894
        vertex 0.9741 -1.7200 -1.1894
    endloop
endfacet
facet normal -0.2904 -19.3000 0.6352
    outer loop
        vertex 0.8000 -7.7200 -1.3056
        vertex 0.9741 -1.7200 -1.1894
        vertex 0.9741 -7.7200 -1.1894
    endloop
endfacet
facet normal -0.2904 -19.3000 0.6352
    outer loop
        vertex 0.9741 -1.7200 -1.1894
        vertex 0.8000 -7.7200 -1.3056
        vertex 0.8000 -1.7200 -1.3056
    endloop
endfacet
facet normal -0.2316 -19.3000 0.6692
    outer loop
        vertex 0.6123 -7.7200 -1.3982
        vertex 0.8000 -1.7200 -1.3056
        vertex 0.8000 -7.7200 -1.3056
    endloop
endfacet
facet normal -0.2316 -19.3000 0.6692
    outer loop
        vertex 0.8000 -1.7200 -1.3056
        vertex 0.6123 -7.7200 -1.3982
        vertex 0.6123 -1.7200 -1.3982
    endloop
endfacet
facet normal -0.1680 -19.3000 0.6956
    outer loop
        vertex 0.4141 -7.7200 -1.4654
        vertex 0.6123 -1.7200 -1.3982
        vertex 0.6123 -7.7200 -1.3982
    endloop
endfacet
facet normal -0.1680 -19.3000 0.6956
    outer loop
        vertex 0.6123 -1.7200 -1.3982
        vertex 0.4141 -7.7200 -1.4654
        vertex 0.4141 -1.7200 -1.4654
    endloop
endfacet
facet normal -0.1020 -19.3000 0.7132
    outer loop
        vertex 0.2088 -7.7200 -1.5062
        vertex 0.4141 -1.7200 -1.4654
        vertex 0.4141 -7.7200 -1.4654
    endloop
endfacet
facet normal -0.1020 -19.3000 0.7132
    outer loop
        vertex 0.4141 -1.7200 -1.4654
        vertex 0.2088 -7.7200 -1.5062
        vertex 0.2088 -1.7200 -1.5062
    endloop
endfacet
facet normal -0.0344 -19.3000 0.7220
    outer loop
        vertex 0.0000 -7.7200 -1.5200
        vertex 0.2088 -1.7200 -1.5062
        vertex 0.2088 -7.7200 -1.5062
    endloop
endfacet
facet normal -0.0344 -19.3000 0.7220
    outer loop
        vertex 0.2088 -1.7200 -1.5062
        vertex 0.0000 -7.7200 -1.5200
        vertex 0.0000 -1.7200 -1.5200
    endloop
endfacet
facet normal 0.0344 -19.3000 0.7220
    outer loop
        vertex -0.2088 -7.7200 -1.5062
        vertex 0.0000 -1.7200 -1.5200
        vertex 0.0000 -7.7200 -1.5200
    endloop
endfacet
facet normal 0.0344 -19.3000 0.7220
    outer loop
        vertex 0.0000 -1.7200 -1.5200
        vertex -0.2088 -7.7200 -1.5062
        vertex -0.2088 -1.7200 -1.5062
    endloop
endfacet
facet normal 0.1020 -19.3000 0.7132
    outer loop
        vertex -0.4141 -7.7200 -1.4654
        vertex -0.2088 -1.7200 -1.5062
        vertex -0.2088 -7.7200 -1.5062
    endloop
endfacet
facet normal 0.1020 -19.3000 0.7132
    outer loop
        vertex -0.2088 -1.7200 -1.5062
        vertex -0.4141 -7.7200 -1.4654
        vertex -0.4141 -1.7200 -1.4654
    endloop
endfacet
facet normal 0.1680 -19.3000 0.6956
    outer loop
        vertex -0.6123 -7.7200 -1.3982
        vertex -0.4141 -1.7200 -1.4654
        vertex -0.4141 -7.7200 -1.4654
    endloop
endfacet
facet normal 0.1680 -19.3000 0.6956
    outer loop
        vertex -0.4141 -1.7200 -1.4654
        vertex -0.6123 -7.7200 -1.3982
        vertex -0.6123 -1.7200 -1.3982
    endloop
endfacet
facet normal 0.2316 -19.3000 0.6692
    outer loop
        vertex -0.8000 -7.7200 -1.3056
        vertex -0.6123 -1.7200 -1.3982
        vertex -0.6123 -7.7200 -1.3982
    endloop
endfacet
facet normal 0.2316 -19.3000 0.6692
    outer loop
        vertex -0.6123 -1.7200 -1.3982
        vertex -0.8000 -7.7200 -1.3056
        vertex -0.8000 -1.7200 -1.3056
    endloop
endfacet
facet normal 0.2904 -19.3000 0.6352
    outer loop
        vertex -0.9741 -7.7200 -1.1894
        vertex -0.8000 -1.7200 -1.3056
        vertex -0.8000 -7.7200 -1.3056
    endloop
endfacet
facet normal 0.2904 -19.3000 0.6352
    outer loop
        vertex -0.8000 -1.7200 -1.3056
        vertex -0.9741 -7.7200 -1.1894
        vertex -0.9741 -1.7200 -1.1894
    endloop
endfacet
facet normal 0.3452 -19.3000 0.5932
    outer loop
        vertex -1.1314 -7.7200 -1.0514
        vertex -0.9741 -1.7200 -1.1894
        vertex -0.9741 -7.7200 -1.1894
    endloop
endfacet
facet normal 0.3452 -19.3000 0.5932
    outer loop
        vertex -0.9741 -1.7200 -1.1894
        vertex -1.1314 -7.7200 -1.0514
        vertex -1.1314 -1.7200 -1.0514
    endloop
endfacet
facet normal 0.3932 -19.3000 0.5452
    outer loop
        vertex -1.2694 -7.7200 -0.8941
        vertex -1.1314 -1.7200 -1.0514
        vertex -1.1314 -7.7200 -1.0514
    endloop
endfacet
facet normal 0.3932 -19.3000 0.5452
    outer loop
        vertex -1.1314 -1.7200 -1.0514
        vertex -1.2694 -7.7200 -0.8941
        vertex -1.2694 -1.7200 -0.8941
    endloop
endfacet
facet normal 0.4352 -19.3000 0.4904
    outer loop
        vertex -1.3856 -7.7200 -0.7200
        vertex -1.2694 -1.7200 -0.8941
        vertex -1.2694 -7.7200 -0.8941
    endloop
endfacet
facet normal 0.4352 -19.3000 0.4904
    outer loop
        vertex -1.2694 -1.7200 -0.8941
        vertex -1.3856 -7.7200 -0.7200
        vertex -1.3856 -1.7200 -0.7200
    endloop
endfacet
facet normal 0.4692 -19.3000 0.4316
    outer loop
        vertex -1.4782 -7.7200 -0.5323
        vertex -1.3856 -1.7200 -0.7200
        vertex -1.3856 -7.7200 -0.7200
    endloop
endfacet
facet normal 0.4692 -19.3000 0.4316
    outer loop
        vertex -1.3856 -1.7200 -0.7200
        vertex -1.4782 -7.7200 -0.5323
        vertex -1.4782 -1.7200 -0.5323
    endloop
endfacet
facet normal 0.4956 -19.3000 0.3680
    outer loop
        vertex -1.5454 -7.7200 -0.3341
        vertex -1.4782 -1.7200 -0.5323
        vertex -1.4782 -7.7200 -0.5323
    endloop
endfacet
facet normal 0.4956 -19.3000 0.3680
    outer loop
        vertex -1.4782 -1.7200 -0.5323
        vertex -1.5454 -7.7200 -0.3341
        vertex -1.5454 -1.7200 -0.3341
    endloop
endfacet
facet normal 0.5132 -19.3000 0.3020
    outer loop
        vertex -1.5862 -7.7200 -0.1288
        vertex -1.5454 -1.7200 -0.3341
        vertex -1.5454 -7.7200 -0.3341
    endloop
endfacet
facet normal 0.5132 -19.3000 0.3020
    outer loop
        vertex -1.5454 -1.7200 -0.3341
        vertex -1.5862 -7.7200 -0.1288
        vertex -1.5862 -1.7200 -0.1288
    endloop
endfacet
facet normal 0.5220 -19.3000 0.2344
    outer loop
        vertex -1.6000 -7.7200 0.0800
        vertex -1.5862 -1.7200 -0.1288
        vertex -1.5862 -7.7200 -0.1288
    endloop
endfacet
facet normal 0.5220 -19.3000 0.2344
    outer loop
        vertex -1.5862 -1.7200 -0.1288
        vertex -1.6000 -7.7200 0.0800
        vertex -1.6000 -1.7200 0.0800
    endloop
endfacet
facet normal 0.5220 -19.3000 0.1656
    outer loop
        vertex -1.5862 -7.7200 0.2888
        vertex -1.6000 -1.7200 0.0800
        vertex -1.6000 -7.7200 0.0800
    endloop
endfacet
facet normal 0.5220 -19.3000 0.1656
    outer loop
        vertex -1.6000 -1.7200 0.0800
        vertex -1.5862 -7.7200 0.2888
        vertex -1.5862 -1.7200 0.2888
    endloop
endfacet
facet normal 0.5132 -19.3000 0.0980
    outer loop
        vertex -1.5454 -7.7200 0.4941
        vertex -1.5862 -1.7200 0.2888
        vertex -1.5862 -7.7200 0.2888
    endloop
endfacet
facet normal 0.5132 -19.3000 0.0980
    outer loop
        vertex -1.5862 -1.7200 0.2888
        vertex -1.5454 -7.7200 0.4941
        vertex -1.5454 -1.7200 0.4941
    endloop
endfacet
facet normal 0.4956 -19.3000 0.0320
    outer loop
        vertex -1.4782 -7.7200 0.6923
        vertex -1.5454 -1.7200 0.4941
        vertex -1.5454 -7.7200 0.4941
    endloop
endfacet
facet normal 0.4956 -19.3000 0.0320
    outer loop
        vertex -1.5454 -1.7200 0.4941
        vertex -1.4782 -7.7200 0.6923
        vertex -1.4782 -1.7200 0.6923
    endloop
endfacet
facet normal 0.4692 -19.3000 -0.0316
    outer loop
        vertex -1.3856 -7.7200 0.8800
        vertex -1.4782 -1.7200 0.6923
        vertex -1.4782 -7.7200 0.6923
    endloop
endfacet
facet normal 0.4692 -19.3000 -0.0316
    outer loop
        vertex -1.4782 -1.7200 0.6923
        vertex -1.3856 -7.7200 0.8800
        vertex -1.3856 -1.7200 0.8800
    endloop
endfacet
facet normal 0.4352 -19.3000 -0.0904
    outer loop
        vertex -1.2694 -7.7200 1.0541
        vertex -1.3856 -1.7200 0.8800
        vertex -1.3856 -7.7200 0.8800
    endloop
endfacet
facet normal 0.4352 -19.3000 -0.0904
    outer loop
        vertex -1.3856 -1.7200 0.8800
        vertex -1.2694 -7.7200 1.0541
        vertex -1.2694 -1.7200 1.0541
    endloop
endfacet
facet normal 0.3932 -19.3000 -0.1452
    outer loop
        vertex -1.1314 -7.7200 1.2114
        vertex -1.2694 -1.7200 1.0541
        vertex -1.2694 -7.7200 1.0541
    endloop
endfacet
facet normal 0.3932 -19.3000 -0.1452
    outer loop
        vertex -1.2694 -1.7200 1.0541
        vertex -1.1314 -7.7200 1.2114
        vertex -1.1314 -1.7200 1.2114
    endloop
endfacet
facet normal 0.3452 -19.3000 -0.1932
    outer loop
        vertex -0.9741 -7.7200 1.3494
        vertex -1.1314 -1.7200 1.2114
        vertex -1.1314 -7.7200 1.2114
    endloop
endfacet
facet normal 0.3452 -19.3000 -0.1932
    outer loop
        vertex -1.1314 -1.7200 1.2114
        vertex -0.9741 -7.7200 1.3494
        vertex -0.9741 -1.7200 1.3494
    endloop
endfacet
facet normal 0.2904 -19.3000 -0.2352
    outer loop
        vertex -0.8000 -7.7200 1.4656
        vertex -0.9741 -1.7200 1.3494
        vertex -0.9741 -7.7200 1.3494
    endloop
endfacet
facet normal 0.2904 -19.3000 -0.2352
    outer loop
        vertex -0.9741 -1.7200 1.3494
        vertex -0.8000 -7.7200 1.4656
        vertex -0.8000 -1.7200 1.4656
    endloop
endfacet
facet normal 0.2316 -19.3000 -0.2692
    outer loop
        vertex -0.6123 -7.7200 1.5582
        vertex -0.8000 -1.7200 1.4656
        vertex -0.8000 -7.7200 1.4656
    endloop
endfacet
facet normal 0.2316 -19.3000 -0.2692
    outer loop
        vertex -0.8000 -1.7200 1.4656
        vertex -0.6123 -7.7200 1.5582
        vertex -0.6123 -1.7200 1.5582
    endloop
endfacet
facet normal 0.1680 -19.3000 -0.2956
    outer loop
        vertex -0.4141 -7.7200 1.6254
        vertex -0.6123 -1.7200 1.5582
        vertex -0.6123 -7.7200 1.5582
    endloop
endfacet
facet normal 0.1680 -19.3000 -0.2956
    outer loop
        vertex -0.6123 -1.7200 1.5582
        vertex -0.4141 -7.7200 1.6254
        vertex -0.4141 -1.7200 1.6254
    endloop
endfacet
facet normal 0.1020 -19.3000 -0.3132
    outer loop
        vertex -0.2088 -7.7200 1.6662
        vertex -0.4141 -1.7200 1.6254
        vertex -0.4141 -7.7200 1.6254
    endloop
endfacet
facet normal 0.1020 -19.3000 -0.3132
    outer loop
        vertex -0.4141 -1.7200 1.6254
        vertex -0.2088 -7.7200 1.6662
        vertex -0.2088 -1.7200 1.6662
    endloop
endfacet
facet normal 0.0344 -19.3000 -0.3220
    outer loop
        vertex 0.0000 -7.7200 1.6800
        vertex -0.2088 -1.7200 1.6662
        vertex -0.2088 -7.7200 1.6662
    endloop
endfacet
facet normal 0.0344 -19.3000 -0.3220
    outer loop
        vertex -0.2088 -1.7200 1.6662
        vertex 0.0000 -7.7200 1.6800
        vertex 0.0000 -1.7200 1.6800
    endloop
endfacet
facet normal 0.0000 -18.7780 0.2000
    outer loop
        vertex 0.0000 -7.7200 1.6800
        vertex 0.1566 -7.7200 1.2697
        vertex 0.2088 -7.7200 1.6662
    endloop
endfacet
facet normal 0.0000 -18.9085 0.2000
    outer loop
        vertex 0.1566 -7.7200 1.2697
        vertex 0.0000 -7.7200 1.6800
        vertex 0.0000 -7.7200 1.2800
    endloop
endfacet
facet normal 0.0000 -18.7779 0.2000
    outer loop
        vertex 0.2088 -7.7200 1.6662
        vertex 0.3106 -7.7200 1.2391
        vertex 0.4141 -7.7200 1.6254
    endloop
endfacet
facet normal 0.0000 -18.9084 0.2000
    outer loop
        vertex 0.3106 -7.7200 1.2391
        vertex 0.2088 -7.7200 1.6662
        vertex 0.1566 -7.7200 1.2697
    endloop
endfacet
facet normal 0.0000 -18.7778 0.2000
    outer loop
        vertex 0.4141 -7.7200 1.6254
        vertex 0.4592 -7.7200 1.1887
        vertex 0.6123 -7.7200 1.5582
    endloop
endfacet
facet normal 0.0000 -18.9084 0.2000
    outer loop
        vertex 0.4592 -7.7200 1.1887
        vertex 0.4141 -7.7200 1.6254
        vertex 0.3106 -7.7200 1.2391
    endloop
endfacet
facet normal 0.0000 -18.7779 0.2000
    outer loop
        vertex 0.6123 -7.7200 1.5582
        vertex 0.6000 -7.7200 1.1192
        vertex 0.8000 -7.7200 1.4656
    endloop
endfacet
facet normal 0.0000 -18.9084 0.2000
    outer loop
        vertex 0.6000 -7.7200 1.1192
        vertex 0.6123 -7.7200 1.5582
        vertex 0.4592 -7.7200 1.1887
    endloop
endfacet
facet normal 0.0000 -18.7779 0.2000
    outer loop
        vertex 0.8000 -7.7200 1.4656
        vertex 0.7306 -7.7200 1.0321
        vertex 0.9741 -7.7200 1.3494
    endloop
endfacet
facet normal 0.0000 -18.9084 0.2000
    outer loop
        vertex 0.7306 -7.7200 1.0321
        vertex 0.8000 -7.7200 1.4656
        vertex 0.6000 -7.7200 1.1192
    endloop
endfacet
facet normal 0.0000 -18.7779 0.2000
    outer loop
        vertex 0.9741 -7.7200 1.3494
        vertex 0.8485 -7.7200 0.9285
        vertex 1.1314 -7.7200 1.2114
    endloop
endfacet
facet normal 0.0000 -18.9084 0.2000
    outer loop
        vertex 0.8485 -7.7200 0.9285
        vertex 0.9741 -7.7200 1.3494
        vertex 0.7306 -7.7200 1.0321
    endloop
endfacet
facet normal 0.0000 -18.7779 0.2000
    outer loop
        vertex 1.1314 -7.7200 1.2114
        vertex 0.9521 -7.7200 0.8106
        vertex 1.2694 -7.7200 1.0541
    endloop
endfacet
facet normal 0.0000 -18.9084 0.2000
    outer loop
        vertex 0.9521 -7.7200 0.8106
        vertex 1.1314 -7.7200 1.2114
        vertex 0.8485 -7.7200 0.9285
    endloop
endfacet
facet normal 0.0000 -18.7779 0.2000
    outer loop
        vertex 1.2694 -7.7200 1.0541
        vertex 1.0392 -7.7200 0.6800
        vertex 1.3856 -7.7200 0.8800
    endloop
endfacet
facet normal 0.0000 -18.9084 0.2000
    outer loop
        vertex 1.0392 -7.7200 0.6800
        vertex 1.2694 -7.7200 1.0541
        vertex 0.9521 -7.7200 0.8106
    endloop
endfacet
facet normal 0.0000 -18.7779 0.2000
    outer loop
        vertex 1.3856 -7.7200 0.8800
        vertex 1.1087 -7.7200 0.5392
        vertex 1.4782 -7.7200 0.6923
    endloop
endfacet
facet normal 0.0000 -18.9084 0.2000
    outer loop
        vertex 1.1087 -7.7200 0.5392
        vertex 1.3856 -7.7200 0.8800
        vertex 1.0392 -7.7200 0.6800
    endloop
endfacet
facet normal 0.0000 -18.7778 0.2000
    outer loop
        vertex 1.4782 -7.7200 0.6923
        vertex 1.1591 -7.7200 0.3906
        vertex 1.5454 -7.7200 0.4941
    endloop
endfacet
facet normal 0.0000 -18.9084 0.2000
    outer loop
        vertex 1.1591 -7.7200 0.3906
        vertex 1.4782 -7.7200 0.6923
        vertex 1.1087 -7.7200 0.5392
    endloop
endfacet
facet normal 0.0000 -18.7779 0.2000
    outer loop
        vertex 1.5454 -7.7200 0.4941
        vertex 1.1897 -7.7200 0.2366
        vertex 1.5862 -7.7200 0.2888
    endloop
endfacet
facet normal 0.0000 -18.9084 0.2000
    outer loop
        vertex 1.1897 -7.7200 0.2366
        vertex 1.5454 -7.7200 0.4941
        vertex 1.1591 -7.7200 0.3906
    endloop
endfacet
facet normal 0.0000 -18.7780 0.2000
    outer loop
        vertex 1.5862 -7.7200 0.2888
        vertex 1.2000 -7.7200 0.0800
        vertex 1.6000 -7.7200 0.0800
    endloop
endfacet
facet normal 0.0000 -18.9085 0.2000
    outer loop
        vertex 1.2000 -7.7200 0.0800
        vertex 1.5862 -7.7200 0.2888
        vertex 1.1897 -7.7200 0.2366
    endloop
endfacet
facet normal 0.0000 -18.7780 0.2000
    outer loop
        vertex 1.6000 -7.7200 0.0800
        vertex 1.1897 -7.7200 -0.0766
        vertex 1.5862 -7.7200 -0.1288
    endloop
endfacet
facet normal 0.0000 -18.9085 0.2000
    outer loop
        vertex 1.1897 -7.7200 -0.0766
        vertex 1.6000 -7.7200 0.0800
        vertex 1.2000 -7.7200 0.0800
    endloop
endfacet
facet normal 0.0000 -18.7779 0.2000
    outer loop
        vertex 1.5862 -7.7200 -0.1288
        vertex 1.1591 -7.7200 -0.2306
        vertex 1.5454 -7.7200 -0.3341
    endloop
endfacet
facet normal 0.0000 -18.9084 0.2000
    outer loop
        vertex 1.1591 -7.7200 -0.2306
        vertex 1.5862 -7.7200 -0.1288
        vertex 1.1897 -7.7200 -0.0766
    endloop
endfacet
facet normal 0.0000 -18.7778 0.2000
    outer loop
        vertex 1.5454 -7.7200 -0.3341
        vertex 1.1087 -7.7200 -0.3792
        vertex 1.4782 -7.7200 -0.5323
    endloop
endfacet
facet normal 0.0000 -18.9084 0.2000
    outer loop
        vertex 1.1087 -7.7200 -0.3792
        vertex 1.5454 -7.7200 -0.3341
        vertex 1.1591 -7.7200 -0.2306
    endloop
endfacet
facet normal 0.0000 -18.7779 0.2000
    outer loop
        vertex 1.4782 -7.7200 -0.5323
        vertex 1.0392 -7.7200 -0.5200
        vertex 1.3856 -7.7200 -0.7200
    endloop
endfacet
facet normal 0.0000 -18.9084 0.2000
    outer loop
        vertex 1.0392 -7.7200 -0.5200
        vertex 1.4782 -7.7200 -0.5323
        vertex 1.1087 -7.7200 -0.3792
    endloop
endfacet
facet normal 0.0000 -18.7779 0.2000
    outer loop
        vertex 1.3856 -7.7200 -0.7200
        vertex 0.9521 -7.7200 -0.6506
        vertex 1.2694 -7.7200 -0.8941
    endloop
endfacet
facet normal 0.0000 -18.9084 0.2000
    outer loop
        vertex 0.9521 -7.7200 -0.6506
        vertex 1.3856 -7.7200 -0.7200
        vertex 1.0392 -7.7200 -0.5200
    endloop
endfacet
facet normal 0.0000 -18.7779 0.2000
    outer loop
        vertex 1.2694 -7.7200 -0.8941
        vertex 0.8485 -7.7200 -0.7685
        vertex 1.1314 -7.7200 -1.0514
    endloop
endfacet
facet normal 0.0000 -18.9084 0.2000
    outer loop
        vertex 0.8485 -7.7200 -0.7685
        vertex 1.2694 -7.7200 -0.8941
        vertex 0.9521 -7.7200 -0.6506
    endloop
endfacet
facet normal 0.0000 -18.7779 0.2000
    outer loop
        vertex 1.1314 -7.7200 -1.0514
        vertex 0.7306 -7.7200 -0.8721
        vertex 0.9741 -7.7200 -1.1894
    endloop
endfacet
facet normal 0.0000 -18.9084 0.2000
    outer loop
        vertex 0.7306 -7.7200 -0.8721
        vertex 1.1314 -7.7200 -1.0514
        vertex 0.8485 -7.7200 -0.7685
    endloop
endfacet
facet normal 0.0000 -18.7779 0.2000
    outer loop
        vertex 0.9741 -7.7200 -1.1894
        vertex 0.6000 -7.7200 -0.9592
        vertex 0.8000 -7.7200 -1.3056
    endloop
endfacet
facet normal 0.0000 -18.9084 0.2000
    outer loop
        vertex 0.6000 -7.7200 -0.9592
        vertex 0.9741 -7.7200 -1.1894
        vertex 0.7306 -7.7200 -0.8721
    endloop
endfacet
facet normal 0.0000 -18.7779 0.2000
    outer loop
        vertex 0.8000 -7.7200 -1.3056
        vertex 0.4592 -7.7200 -1.0287
        vertex 0.6123 -7.7200 -1.3982
    endloop
endfacet
facet normal 0.0000 -18.9084 0.2000
    outer loop
        vertex 0.4592 -7.7200 -1.0287
        vertex 0.8000 -7.7200 -1.3056
        vertex 0.6000 -7.7200 -0.9592
    endloop
endfacet
facet normal 0.0000 -18.7778 0.2000
    outer loop
        vertex 0.6123 -7.7200 -1.3982
        vertex 0.3106 -7.7200 -1.0791
        vertex 0.4141 -7.7200 -1.4654
    endloop
endfacet
facet normal 0.0000 -18.9084 0.2000
    outer loop
        vertex 0.3106 -7.7200 -1.0791
        vertex 0.6123 -7.7200 -1.3982
        vertex 0.4592 -7.7200 -1.0287
    endloop
endfacet
facet normal 0.0000 -18.7779 0.2000
    outer loop
        vertex 0.4141 -7.7200 -1.4654
        vertex 0.1566 -7.7200 -1.1097
        vertex 0.2088 -7.7200 -1.5062
    endloop
endfacet
facet normal 0.0000 -18.9084 0.2000
    outer loop
        vertex 0.1566 -7.7200 -1.1097
        vertex 0.4141 -7.7200 -1.4654
        vertex 0.3106 -7.7200 -1.0791
    endloop
endfacet
facet normal 0.0000 -18.7780 0.2000
    outer loop
        vertex 0.2088 -7.7200 -1.5062
        vertex 0.0000 -7.7200 -1.1200
        vertex 0.0000 -7.7200 -1.5200
    endloop
endfacet
facet normal 0.0000 -18.9085 0.2000
    outer loop
        vertex 0.0000 -7.7200 -1.1200
        vertex 0.2088 -7.7200 -1.5062
        vertex 0.1566 -7.7200 -1.1097
    endloop
endfacet
facet normal 0.0000 -18.7780 0.2000
    outer loop
        vertex 0.0000 -7.7200 -1.5200
        vertex -0.1566 -7.7200 -1.1097
        vertex -0.2088 -7.7200 -1.5062
    endloop
endfacet
facet normal 0.0000 -18.9085 0.2000
    outer loop
        vertex -0.1566 -7.7200 -1.1097
        vertex 0.0000 -7.7200 -1.5200
        vertex 0.0000 -7.7200 -1.1200
    endloop
endfacet
facet normal 0.0000 -18.7779 0.2000
    outer loop
        vertex -0.2088 -7.7200 -1.5062
        vertex -0.3106 -7.7200 -1.0791
        vertex -0.4141 -7.7200 -1.4654
    endloop
endfacet
facet normal 0.0000 -18.9084 0.2000
    outer loop
        vertex -0.3106 -7.7200 -1.0791
        vertex -0.2088 -7.7200 -1.5062
        vertex -0.1566 -7.7200 -1.1097
    endloop
endfacet
facet normal 0.0000 -18.7778 0.2000
    outer loop
        vertex -0.4141 -7.7200 -1.4654
        vertex -0.4592 -7.7200 -1.0287
        vertex -0.6123 -7.7200 -1.3982
    endloop
endfacet
facet normal 0.0000 -18.9084 0.2000
    outer loop
        vertex -0.4592 -7.7200 -1.0287
        vertex -0.4141 -7.7200 -1.4654
        vertex -0.3106 -7.7200 -1.0791
    endloop
endfacet
facet normal 0.0000 -18.7779 0.2000
    outer loop
        vertex -0.6123 -7.7200 -1.3982
        vertex -0.6000 -7.7200 -0.9592
        vertex -0.8000 -7.7200 -1.3056
    endloop
endfacet
facet normal 0.0000 -18.9084 0.2000
    outer loop
        vertex -0.6000 -7.7200 -0.9592
        vertex -0.6123 -7.7200 -1.3982
        vertex -0.4592 -7.7200 -1.0287
    endloop
endfacet
facet normal 0.0000 -18.7779 0.2000
    outer loop
        vertex -0.8000 -7.7200 -1.3056
        vertex -0.7306 -7.7200 -0.8721
        vertex -0.9741 -7.7200 -1.1894
    endloop
endfacet
facet normal 0.0000 -18.9084 0.2000
    outer loop
        vertex -0.7306 -7.7200 -0.8721
        vertex -0.8000 -7.7200 -1.3056
        vertex -0.6000 -7.7200 -0.9592
    endloop
endfacet
facet normal 0.0000 -18.7779 0.2000
    outer loop
        vertex -0.9741 -7.7200 -1.1894
        vertex -0.8485 -7.7200 -0.7685
        vertex -1.1314 -7.7200 -1.0514
    endloop
endfacet
facet normal 0.0000 -18.9084 0.2000
    outer loop
        vertex -0.8485 -7.7200 -0.7685
        vertex -0.9741 -7.7200 -1.1894
        vertex -0.7306 -7.7200 -0.8721
    endloop
endfacet
facet normal 0.0000 -18.7779 0.2000
    outer loop
        vertex -1.1314 -7.7200 -1.0514
        vertex -0.9521 -7.7200 -0.6506
        vertex -1.2694 -7.7200 -0.8941
    endloop
endfacet
facet normal 0.0000 -18.9084 0.2000
    outer loop
        vertex -0.9521 -7.7200 -0.6506
        vertex -1.1314 -7.7200 -1.0514
        vertex -0.8485 -7.7200 -0.7685
    endloop
endfacet
facet normal 0.0000 -18.7779 0.2000
    outer loop
        vertex -1.2694 -7.7200 -0.8941
        vertex -1.0392 -7.7200 -0.5200
        vertex -1.3856 -7.7200 -0.7200
    endloop
endfacet
facet normal 0.0000 -18.9084 0.2000
    outer loop
        vertex -1.0392 -7.7200 -0.5200
        vertex -1.2694 -7.7200 -0.8941
        vertex -0.9521 -7.7200 -0.6506
    endloop
endfacet
facet normal 0.0000 -18.7779 0.2000
    outer loop
        vertex -1.3856 -7.7200 -0.7200
        vertex -1.1087 -7.7200 -0.3792
        vertex -1.4782 -7.7200 -0.5323
    endloop
endfacet
facet normal 0.0000 -18.9084 0.2000
    outer loop
        vertex -1.1087 -7.7200 -0.3792
        vertex -1.3856 -7.7200 -0.7200
        vertex -1.0392 -7.7200 -0.5200
    endloop
endfacet
facet normal 0.0000 -18.7778 0.2000
    outer loop
        vertex -1.4782 -7.7200 -0.5323
        vertex -1.1591 -7.7200 -0.2306
        vertex -1.5454 -7.7200 -0.3341
    endloop
endfacet
facet normal 0.0000 -18.9084 0.2000
    outer loop
        vertex -1.1591 -7.7200 -0.2306
        vertex -1.4782 -7.7200 -0.5323
        vertex -1.1087 -7.7200 -0.3792
    endloop
endfacet
facet normal 0.0000 -18.7779 0.2000
    outer loop
        vertex -1.5454 -7.7200 -0.3341
        vertex -1.1897 -7.7200 -0.0766
        vertex -1.5862 -7.7200 -0.1288
    endloop
endfacet
facet normal 0.0000 -18.9084 0.2000
    outer loop
        vertex -1.1897 -7.7200 -0.0766
        vertex -1.5454 -7.7200 -0.3341
        vertex -1.1591 -7.7200 -0.2306
    endloop
endfacet
facet normal 0.0000 -18.7780 0.2000
    outer loop
        vertex -1.5862 -7.7200 -0.1288
        vertex -1.2000 -7.7200 0.0800
        vertex -1.6000 -7.7200 0.0800
    endloop
endfacet
facet normal 0.0000 -18.9085 0.2000
    outer loop
        vertex -1.2000 -7.7200 0.0800
        vertex -1.5862 -7.7200 -0.1288
        vertex -1.1897 -7.7200 -0.0766
    endloop
endfacet
facet normal 0.0000 -18.7780 0.2000
    outer loop
        vertex -1.6000 -7.7200 0.0800
        vertex -1.1897 -7.7200 0.2366
        vertex -1.5862 -7.7200 0.2888
    endloop
endfacet
facet normal 0.0000 -18.9085 0.2000
    outer loop
        vertex -1.1897 -7.7200 0.2366
        vertex -1.6000 -7.7200 0.0800
        vertex -1.2000 -7.7200 0.0800
    endloop
endfacet
facet normal 0.0000 -18.7779 0.2000
    outer loop
        vertex -1.5862 -7.7200 0.2888
        vertex -1.1591 -7.7200 0.3906
        vertex -1.5454 -7.7200 0.4941
    endloop
endfacet
facet normal 0.0000 -18.9084 0.2000
    outer loop
        vertex -1.1591 -7.7200 0.3906
        vertex -1.5862 -7.7200 0.2888
        vertex -1.1897 -7.7200 0.2366
    endloop
endfacet
facet normal 0.0000 -18.7778 0.2000
    outer loop
        vertex -1.5454 -7.7200 0.4941
        vertex -1.1087 -7.7200 0.5392
        vertex -1.4782 -7.7200 0.6923
    endloop
endfacet
facet normal 0.0000 -18.9084 0.2000
    outer loop
        vertex -1.1087 -7.7200 0.5392
        vertex -1.5454 -7.7200 0.4941
        vertex -1.1591 -7.7200 0.3906
    endloop
endfacet
facet normal 0.0000 -18.7779 0.2000
    outer loop
        vertex -1.4782 -7.7200 0.6923
        vertex -1.0392 -7.7200 0.6800
        vertex -1.3856 -7.7200 0.8800
    endloop
endfacet
facet normal 0.0000 -18.9084 0.2000
    outer loop
        vertex -1.0392 -7.7200 0.6800
        vertex -1.4782 -7.7200 0.6923
        vertex -1.1087 -7.7200 0.5392
    endloop
endfacet
facet normal 0.0000 -18.7779 0.2000
    outer loop
        vertex -1.3856 -7.7200 0.8800
        vertex -0.9521 -7.7200 0.8106
        vertex -1.2694 -7.7200 1.0541
    endloop
endfacet
facet normal 0.0000 -18.9084 0.2000
    outer loop
        vertex -0.9521 -7.7200 0.8106
        vertex -1.3856 -7.7200 0.8800
        vertex -1.0392 -7.7200 0.6800
    endloop
endfacet
facet normal 0.0000 -18.7779 0.2000
    outer loop
        vertex -1.2694 -7.7200 1.0541
        vertex -0.8485 -7.7200 0.9285
        vertex -1.1314 -7.7200 1.2114
    endloop
endfacet
facet normal 0.0000 -18.9084 0.2000
    outer loop
        vertex -0.8485 -7.7200 0.9285
        vertex -1.2694 -7.7200 1.0541
        vertex -0.9521 -7.7200 0.8106
    endloop
endfacet
facet normal 0.0000 -18.7779 0.2000
    outer loop
        vertex -1.1314 -7.7200 1.2114
        vertex -0.7306 -7.7200 1.0321
        vertex -0.9741 -7.7200 1.3494
    endloop
endfacet
facet normal 0.0000 -18.9084 0.2000
    outer loop
        vertex -0.7306 -7.7200 1.0321
        vertex -1.1314 -7.7200 1.2114
        vertex -0.8485 -7.7200 0.9285
    endloop
endfacet
facet normal 0.0000 -18.7779 0.2000
    outer loop
        vertex -0.9741 -7.7200 1.3494
        vertex -0.6000 -7.7200 1.1192
        vertex -0.8000 -7.7200 1.4656
    endloop
endfacet
facet normal 0.0000 -18.9084 0.2000
    outer loop
        vertex -0.6000 -7.7200 1.1192
        vertex -0.9741 -7.7200 1.3494
        vertex -0.7306 -7.7200 1.0321
    endloop
endfacet
facet normal 0.0000 -18.7779 0.2000
    outer loop
        vertex -0.8000 -7.7200 1.4656
        vertex -0.4592 -7.7200 1.1887
        vertex -0.6123 -7.7200 1.5582
    endloop
endfacet
facet normal 0.0000 -18.9084 0.2000
    outer loop
        vertex -0.4592 -7.7200 1.1887
        vertex -0.8000 -7.7200 1.4656
        vertex -0.6000 -7.7200 1.1192
    endloop
endfacet
facet normal 0.0000 -18.7778 0.2000
    outer loop
        vertex -0.6123 -7.7200 1.5582
        vertex -0.3106 -7.7200 1.2391
        vertex -0.4141 -7.7200 1.6254
    endloop
endfacet
facet normal 0.0000 -18.9084 0.2000
    outer loop
        vertex -0.3106 -7.7200 1.2391
        vertex -0.6123 -7.7200 1.5582
        vertex -0.4592 -7.7200 1.1887
    endloop
endfacet
facet normal 0.0000 -18.7779 0.2000
    outer loop
        vertex -0.4141 -7.7200 1.6254
        vertex -0.1566 -7.7200 1.2697
        vertex -0.2088 -7.7200 1.6662
    endloop
endfacet
facet normal 0.0000 -18.9084 0.2000
    outer loop
        vertex -0.1566 -7.7200 1.2697
        vertex -0.4141 -7.7200 1.6254
        vertex -0.3106 -7.7200 1.2391
    endloop
endfacet
facet normal 0.0000 -18.7780 0.2000
    outer loop
        vertex -0.2088 -7.7200 1.6662
        vertex 0.0000 -7.7200 1.2800
        vertex 0.0000 -7.7200 1.6800
    endloop
endfacet
facet normal 0.0000 -18.9085 0.2000
    outer loop
        vertex 0.0000 -7.7200 1.2800
        vertex -0.2088 -7.7200 1.6662
        vertex -0.1566 -7.7200 1.2697
    endloop
endfacet
facet normal 0.0193 -19.4762 -0.0936
    outer loop
        vertex 0.0000 -7.5400 0.9800
        vertex -0.1566 -7.7200 1.2697
        vertex -0.1175 -7.5400 0.9723
    endloop
endfacet
facet normal 0.0258 -19.5349 -0.1915
    outer loop
        vertex -0.1566 -7.7200 1.2697
        vertex 0.0000 -7.5400 0.9800
        vertex 0.0000 -7.7200 1.2800
    endloop
endfacet
facet normal 0.0574 -19.4762 -0.0887
    outer loop
        vertex -0.1175 -7.5400 0.9723
        vertex -0.3106 -7.7200 1.2391
        vertex -0.2329 -7.5400 0.9493
    endloop
endfacet
facet normal 0.0765 -19.5349 -0.1849
    outer loop
        vertex -0.3106 -7.7200 1.2391
        vertex -0.1175 -7.5400 0.9723
        vertex -0.1566 -7.7200 1.2697
    endloop
endfacet
facet normal 0.0945 -19.4762 -0.0788
    outer loop
        vertex -0.2329 -7.5400 0.9493
        vertex -0.4592 -7.7200 1.1887
        vertex -0.3444 -7.5400 0.9115
    endloop
endfacet
facet normal 0.1260 -19.5350 -0.1717
    outer loop
        vertex -0.4592 -7.7200 1.1887
        vertex -0.2329 -7.5400 0.9493
        vertex -0.3106 -7.7200 1.2391
    endloop
endfacet
facet normal 0.1303 -19.4762 -0.0639
    outer loop
        vertex -0.3444 -7.5400 0.9115
        vertex -0.6000 -7.7200 1.1192
        vertex -0.4500 -7.5400 0.8594
    endloop
endfacet
facet normal 0.1737 -19.5350 -0.1519
    outer loop
        vertex -0.6000 -7.7200 1.1192
        vertex -0.3444 -7.5400 0.9115
        vertex -0.4592 -7.7200 1.1887
    endloop
endfacet
facet normal 0.1633 -19.4762 -0.0448
    outer loop
        vertex -0.4500 -7.5400 0.8594
        vertex -0.7306 -7.7200 1.0321
        vertex -0.5479 -7.5400 0.7941
    endloop
endfacet
facet normal 0.2178 -19.5349 -0.1264
    outer loop
        vertex -0.7306 -7.7200 1.0321
        vertex -0.4500 -7.5400 0.8594
        vertex -0.6000 -7.7200 1.1192
    endloop
endfacet
facet normal 0.1942 -19.4762 -0.0212
    outer loop
        vertex -0.5479 -7.5400 0.7941
        vertex -0.8485 -7.7200 0.9285
        vertex -0.6364 -7.5400 0.7164
    endloop
endfacet
facet normal 0.2589 -19.5350 -0.0949
    outer loop
        vertex -0.8485 -7.7200 0.9285
        vertex -0.5479 -7.5400 0.7941
        vertex -0.7306 -7.7200 1.0321
    endloop
endfacet
facet normal 0.2212 -19.4762 0.0058
    outer loop
        vertex -0.6364 -7.5400 0.7164
        vertex -0.9521 -7.7200 0.8106
        vertex -0.7141 -7.5400 0.6279
    endloop
endfacet
facet normal 0.2949 -19.5350 -0.0589
    outer loop
        vertex -0.9521 -7.7200 0.8106
        vertex -0.6364 -7.5400 0.7164
        vertex -0.8485 -7.7200 0.9285
    endloop
endfacet
facet normal 0.2448 -19.4762 0.0367
    outer loop
        vertex -0.7141 -7.5400 0.6279
        vertex -1.0392 -7.7200 0.6800
        vertex -0.7794 -7.5400 0.5300
    endloop
endfacet
facet normal 0.3264 -19.5349 -0.0178
    outer loop
        vertex -1.0392 -7.7200 0.6800
        vertex -0.7141 -7.5400 0.6279
        vertex -0.9521 -7.7200 0.8106
    endloop
endfacet
facet normal 0.2639 -19.4762 0.0697
    outer loop
        vertex -0.7794 -7.5400 0.5300
        vertex -1.1087 -7.7200 0.5392
        vertex -0.8315 -7.5400 0.4244
    endloop
endfacet
facet normal 0.3519 -19.5350 0.0263
    outer loop
        vertex -1.1087 -7.7200 0.5392
        vertex -0.7794 -7.5400 0.5300
        vertex -1.0392 -7.7200 0.6800
    endloop
endfacet
facet normal 0.2788 -19.4762 0.1055
    outer loop
        vertex -0.8315 -7.5400 0.4244
        vertex -1.1591 -7.7200 0.3906
        vertex -0.8693 -7.5400 0.3129
    endloop
endfacet
facet normal 0.3717 -19.5350 0.0740
    outer loop
        vertex -1.1591 -7.7200 0.3906
        vertex -0.8315 -7.5400 0.4244
        vertex -1.1087 -7.7200 0.5392
    endloop
endfacet
facet normal 0.2887 -19.4762 0.1426
    outer loop
        vertex -0.8693 -7.5400 0.3129
        vertex -1.1897 -7.7200 0.2366
        vertex -0.8923 -7.5400 0.1975
    endloop
endfacet
facet normal 0.3849 -19.5349 0.1235
    outer loop
        vertex -1.1897 -7.7200 0.2366
        vertex -0.8693 -7.5400 0.3129
        vertex -1.1591 -7.7200 0.3906
    endloop
endfacet
facet normal 0.2936 -19.4762 0.1807
    outer loop
        vertex -0.8923 -7.5400 0.1975
        vertex -1.2000 -7.7200 0.0800
        vertex -0.9000 -7.5400 0.0800
    endloop
endfacet
facet normal 0.3915 -19.5349 0.1742
    outer loop
        vertex -1.2000 -7.7200 0.0800
        vertex -0.8923 -7.5400 0.1975
        vertex -1.1897 -7.7200 0.2366
    endloop
endfacet
facet normal 0.2936 -19.4762 0.2193
    outer loop
        vertex -0.9000 -7.5400 0.0800
        vertex -1.1897 -7.7200 -0.0766
        vertex -0.8923 -7.5400 -0.0375
    endloop
endfacet
facet normal 0.3915 -19.5349 0.2258
    outer loop
        vertex -1.1897 -7.7200 -0.0766
        vertex -0.9000 -7.5400 0.0800
        vertex -1.2000 -7.7200 0.0800
    endloop
endfacet
facet normal 0.2887 -19.4762 0.2574
    outer loop
        vertex -0.8923 -7.5400 -0.0375
        vertex -1.1591 -7.7200 -0.2306
        vertex -0.8693 -7.5400 -0.1529
    endloop
endfacet
facet normal 0.3849 -19.5349 0.2765
    outer loop
        vertex -1.1591 -7.7200 -0.2306
        vertex -0.8923 -7.5400 -0.0375
        vertex -1.1897 -7.7200 -0.0766
    endloop
endfacet
facet normal 0.2788 -19.4762 0.2945
    outer loop
        vertex -0.8693 -7.5400 -0.1529
        vertex -1.1087 -7.7200 -0.3792
        vertex -0.8315 -7.5400 -0.2644
    endloop
endfacet
facet normal 0.3717 -19.5350 0.3260
    outer loop
        vertex -1.1087 -7.7200 -0.3792
        vertex -0.8693 -7.5400 -0.1529
        vertex -1.1591 -7.7200 -0.2306
    endloop
endfacet
facet normal 0.2639 -19.4762 0.3303
    outer loop
        vertex -0.8315 -7.5400 -0.2644
        vertex -1.0392 -7.7200 -0.5200
        vertex -0.7794 -7.5400 -0.3700
    endloop
endfacet
facet normal 0.3519 -19.5350 0.3737
    outer loop
        vertex -1.0392 -7.7200 -0.5200
        vertex -0.8315 -7.5400 -0.2644
        vertex -1.1087 -7.7200 -0.3792
    endloop
endfacet
facet normal 0.2448 -19.4762 0.3634
    outer loop
        vertex -0.7794 -7.5400 -0.3700
        vertex -0.9521 -7.7200 -0.6506
        vertex -0.7141 -7.5400 -0.4679
    endloop
endfacet
facet normal 0.3264 -19.5349 0.4178
    outer loop
        vertex -0.9521 -7.7200 -0.6506
        vertex -0.7794 -7.5400 -0.3700
        vertex -1.0392 -7.7200 -0.5200
    endloop
endfacet
facet normal 0.2212 -19.4762 0.3942
    outer loop
        vertex -0.7141 -7.5400 -0.4679
        vertex -0.8485 -7.7200 -0.7685
        vertex -0.6364 -7.5400 -0.5564
    endloop
endfacet
facet normal 0.2949 -19.5350 0.4589
    outer loop
        vertex -0.8485 -7.7200 -0.7685
        vertex -0.7141 -7.5400 -0.4679
        vertex -0.9521 -7.7200 -0.6506
    endloop
endfacet
facet normal 0.1942 -19.4762 0.4212
    outer loop
        vertex -0.6364 -7.5400 -0.5564
        vertex -0.7306 -7.7200 -0.8721
        vertex -0.5479 -7.5400 -0.6341
    endloop
endfacet
facet normal 0.2589 -19.5350 0.4949
    outer loop
        vertex -0.7306 -7.7200 -0.8721
        vertex -0.6364 -7.5400 -0.5564
        vertex -0.8485 -7.7200 -0.7685
    endloop
endfacet
facet normal 0.1633 -19.4762 0.4448
    outer loop
        vertex -0.5479 -7.5400 -0.6341
        vertex -0.6000 -7.7200 -0.9592
        vertex -0.4500 -7.5400 -0.6994
    endloop
endfacet
facet normal 0.2178 -19.5349 0.5264
    outer loop
        vertex -0.6000 -7.7200 -0.9592
        vertex -0.5479 -7.5400 -0.6341
        vertex -0.7306 -7.7200 -0.8721
    endloop
endfacet
facet normal 0.1303 -19.4762 0.4639
    outer loop
        vertex -0.4500 -7.5400 -0.6994
        vertex -0.4592 -7.7200 -1.0287
        vertex -0.3444 -7.5400 -0.7515
    endloop
endfacet
facet normal 0.1737 -19.5350 0.5519
    outer loop
        vertex -0.4592 -7.7200 -1.0287
        vertex -0.4500 -7.5400 -0.6994
        vertex -0.6000 -7.7200 -0.9592
    endloop
endfacet
facet normal 0.0945 -19.4762 0.4788
    outer loop
        vertex -0.3444 -7.5400 -0.7515
        vertex -0.3106 -7.7200 -1.0791
        vertex -0.2329 -7.5400 -0.7893
    endloop
endfacet
facet normal 0.1260 -19.5350 0.5717
    outer loop
        vertex -0.3106 -7.7200 -1.0791
        vertex -0.3444 -7.5400 -0.7515
        vertex -0.4592 -7.7200 -1.0287
    endloop
endfacet
facet normal 0.0574 -19.4762 0.4887
    outer loop
        vertex -0.2329 -7.5400 -0.7893
        vertex -0.1566 -7.7200 -1.1097
        vertex -0.1175 -7.5400 -0.8123
    endloop
endfacet
facet normal 0.0765 -19.5349 0.5849
    outer loop
        vertex -0.1566 -7.7200 -1.1097
        vertex -0.2329 -7.5400 -0.7893
        vertex -0.3106 -7.7200 -1.0791
    endloop
endfacet
facet normal 0.0193 -19.4762 0.4936
    outer loop
        vertex -0.1175 -7.5400 -0.8123
        vertex 0.0000 -7.7200 -1.1200
        vertex 0.0000 -7.5400 -0.8200
    endloop
endfacet
facet normal 0.0258 -19.5349 0.5915
    outer loop
        vertex 0.0000 -7.7200 -1.1200
        vertex -0.1175 -7.5400 -0.8123
        vertex -0.1566 -7.7200 -1.1097
    endloop
endfacet
facet normal -0.0193 -19.4762 0.4936
    outer loop
        vertex 0.0000 -7.5400 -0.8200
        vertex 0.1566 -7.7200 -1.1097
        vertex 0.1175 -7.5400 -0.8123
    endloop
endfacet
facet normal -0.0258 -19.5349 0.5915
    outer loop
        vertex 0.1566 -7.7200 -1.1097
        vertex 0.0000 -7.5400 -0.8200
        vertex 0.0000 -7.7200 -1.1200
    endloop
endfacet
facet normal -0.0574 -19.4762 0.4887
    outer loop
        vertex 0.1175 -7.5400 -0.8123
        vertex 0.3106 -7.7200 -1.0791
        vertex 0.2329 -7.5400 -0.7893
    endloop
endfacet
facet normal -0.0765 -19.5349 0.5849
    outer loop
        vertex 0.3106 -7.7200 -1.0791
        vertex 0.1175 -7.5400 -0.8123
        vertex 0.1566 -7.7200 -1.1097
    endloop
endfacet
facet normal -0.0945 -19.4762 0.4788
    outer loop
        vertex 0.2329 -7.5400 -0.7893
        vertex 0.4592 -7.7200 -1.0287
        vertex 0.3444 -7.5400 -0.7515
    endloop
endfacet
facet normal -0.1260 -19.5350 0.5717
    outer loop
        vertex 0.4592 -7.7200 -1.0287
        vertex 0.2329 -7.5400 -0.7893
        vertex 0.3106 -7.7200 -1.0791
    endloop
endfacet
facet normal -0.1303 -19.4762 0.4639
    outer loop
        vertex 0.3444 -7.5400 -0.7515
        vertex 0.6000 -7.7200 -0.9592
        vertex 0.4500 -7.5400 -0.6994
    endloop
endfacet
facet normal -0.1737 -19.5350 0.5519
    outer loop
        vertex 0.6000 -7.7200 -0.9592
        vertex 0.3444 -7.5400 -0.7515
        vertex 0.4592 -7.7200 -1.0287
    endloop
endfacet
facet normal -0.1633 -19.4762 0.4448
    outer loop
        vertex 0.4500 -7.5400 -0.6994
        vertex 0.7306 -7.7200 -0.8721
        vertex 0.5479 -7.5400 -0.6341
    endloop
endfacet
facet normal -0.2178 -19.5349 0.5264
    outer loop
        vertex 0.7306 -7.7200 -0.8721
        vertex 0.4500 -7.5400 -0.6994
        vertex 0.6000 -7.7200 -0.9592
    endloop
endfacet
facet normal -0.1942 -19.4762 0.4212
    outer loop
        vertex 0.5479 -7.5400 -0.6341
        vertex 0.8485 -7.7200 -0.7685
        vertex 0.6364 -7.5400 -0.5564
    endloop
endfacet
facet normal -0.2589 -19.5350 0.4949
    outer loop
        vertex 0.8485 -7.7200 -0.7685
        vertex 0.5479 -7.5400 -0.6341
        vertex 0.7306 -7.7200 -0.8721
    endloop
endfacet
facet normal -0.2212 -19.4762 0.3942
    outer loop
        vertex 0.6364 -7.5400 -0.5564
        vertex 0.9521 -7.7200 -0.6506
        vertex 0.7141 -7.5400 -0.4679
    endloop
endfacet
facet normal -0.2949 -19.5350 0.4589
    outer loop
        vertex 0.9521 -7.7200 -0.6506
        vertex 0.6364 -7.5400 -0.5564
        vertex 0.8485 -7.7200 -0.7685
    endloop
endfacet
facet normal -0.2448 -19.4762 0.3634
    outer loop
        vertex 0.7141 -7.5400 -0.4679
        vertex 1.0392 -7.7200 -0.5200
        vertex 0.7794 -7.5400 -0.3700
    endloop
endfacet
facet normal -0.3264 -19.5349 0.4178
    outer loop
        vertex 1.0392 -7.7200 -0.5200
        vertex 0.7141 -7.5400 -0.4679
        vertex 0.9521 -7.7200 -0.6506
    endloop
endfacet
facet normal -0.2639 -19.4762 0.3303
    outer loop
        vertex 0.7794 -7.5400 -0.3700
        vertex 1.1087 -7.7200 -0.3792
        vertex 0.8315 -7.5400 -0.2644
    endloop
endfacet
facet normal -0.3519 -19.5350 0.3737
    outer loop
        vertex 1.1087 -7.7200 -0.3792
        vertex 0.7794 -7.5400 -0.3700
        vertex 1.0392 -7.7200 -0.5200
    endloop
endfacet
facet normal -0.2788 -19.4762 0.2945
    outer loop
        vertex 0.8315 -7.5400 -0.2644
        vertex 1.1591 -7.7200 -0.2306
        vertex 0.8693 -7.5400 -0.1529
    endloop
endfacet
facet normal -0.3717 -19.5350 0.3260
    outer loop
        vertex 1.1591 -7.7200 -0.2306
        vertex 0.8315 -7.5400 -0.2644
        vertex 1.1087 -7.7200 -0.3792
    endloop
endfacet
facet normal -0.2887 -19.4762 0.2574
    outer loop
        vertex 0.8693 -7.5400 -0.1529
        vertex 1.1897 -7.7200 -0.0766
        vertex 0.8923 -7.5400 -0.0375
    endloop
endfacet
facet normal -0.3849 -19.5349 0.2765
    outer loop
        vertex 1.1897 -7.7200 -0.0766
        vertex 0.8693 -7.5400 -0.1529
        vertex 1.1591 -7.7200 -0.2306
    endloop
endfacet
facet normal -0.2936 -19.4762 0.2193
    outer loop
        vertex 0.8923 -7.5400 -0.0375
        vertex 1.2000 -7.7200 0.0800
        vertex 0.9000 -7.5400 0.0800
    endloop
endfacet
facet normal -0.3915 -19.5349 0.2258
    outer loop
        vertex 1.2000 -7.7200 0.0800
        vertex 0.8923 -7.5400 -0.0375
        vertex 1.1897 -7.7200 -0.0766
    endloop
endfacet
facet normal -0.2936 -19.4762 0.1807
    outer loop
        vertex 0.9000 -7.5400 0.0800
        vertex 1.1897 -7.7200 0.2366
        vertex 0.8923 -7.5400 0.1975
    endloop
endfacet
facet normal -0.3915 -19.5349 0.1742
    outer loop
        vertex 1.1897 -7.7200 0.2366
        vertex 0.9000 -7.5400 0.0800
        vertex 1.2000 -7.7200 0.0800
    endloop
endfacet
facet normal -0.2887 -19.4762 0.1426
    outer loop
        vertex 0.8923 -7.5400 0.1975
        vertex 1.1591 -7.7200 0.3906
        vertex 0.8693 -7.5400 0.3129
    endloop
endfacet
facet normal -0.3849 -19.5349 0.1235
    outer loop
        vertex 1.1591 -7.7200 0.3906
        vertex 0.8923 -7.5400 0.1975
        vertex 1.1897 -7.7200 0.2366
    endloop
endfacet
facet normal -0.2788 -19.4762 0.1055
    outer loop
        vertex 0.8693 -7.5400 0.3129
        vertex 1.1087 -7.7200 0.5392
        vertex 0.8315 -7.5400 0.4244
    endloop
endfacet
facet normal -0.3717 -19.5350 0.0740
    outer loop
        vertex 1.1087 -7.7200 0.5392
        vertex 0.8693 -7.5400 0.3129
        vertex 1.1591 -7.7200 0.3906
    endloop
endfacet
facet normal -0.2639 -19.4762 0.0697
    outer loop
        vertex 0.8315 -7.5400 0.4244
        vertex 1.0392 -7.7200 0.6800
        vertex 0.7794 -7.5400 0.5300
    endloop
endfacet
facet normal -0.3519 -19.5350 0.0263
    outer loop
        vertex 1.0392 -7.7200 0.6800
        vertex 0.8315 -7.5400 0.4244
        vertex 1.1087 -7.7200 0.5392
    endloop
endfacet
facet normal -0.2448 -19.4762 0.0367
    outer loop
        vertex 0.7794 -7.5400 0.5300
        vertex 0.9521 -7.7200 0.8106
        vertex 0.7141 -7.5400 0.6279
    endloop
endfacet
facet normal -0.3264 -19.5349 -0.0178
    outer loop
        vertex 0.9521 -7.7200 0.8106
        vertex 0.7794 -7.5400 0.5300
        vertex 1.0392 -7.7200 0.6800
    endloop
endfacet
facet normal -0.2212 -19.4762 0.0058
    outer loop
        vertex 0.7141 -7.5400 0.6279
        vertex 0.8485 -7.7200 0.9285
        vertex 0.6364 -7.5400 0.7164
    endloop
endfacet
facet normal -0.2949 -19.5350 -0.0589
    outer loop
        vertex 0.8485 -7.7200 0.9285
        vertex 0.7141 -7.5400 0.6279
        vertex 0.9521 -7.7200 0.8106
    endloop
endfacet
facet normal -0.1942 -19.4762 -0.0212
    outer loop
        vertex 0.6364 -7.5400 0.7164
        vertex 0.7306 -7.7200 1.0321
        vertex 0.5479 -7.5400 0.7941
    endloop
endfacet
facet normal -0.2589 -19.5350 -0.0949
    outer loop
        vertex 0.7306 -7.7200 1.0321
        vertex 0.6364 -7.5400 0.7164
        vertex 0.8485 -7.7200 0.9285
    endloop
endfacet
facet normal -0.1633 -19.4762 -0.0448
    outer loop
        vertex 0.5479 -7.5400 0.7941
        vertex 0.6000 -7.7200 1.1192
        vertex 0.4500 -7.5400 0.8594
    endloop
endfacet
facet normal -0.2178 -19.5349 -0.1264
    outer loop
        vertex 0.6000 -7.7200 1.1192
        vertex 0.5479 -7.5400 0.7941
        vertex 0.7306 -7.7200 1.0321
    endloop
endfacet
facet normal -0.1303 -19.4762 -0.0639
    outer loop
        vertex 0.4500 -7.5400 0.8594
        vertex 0.4592 -7.7200 1.1887
        vertex 0.3444 -7.5400 0.9115
    endloop
endfacet
facet normal -0.1737 -19.5350 -0.1519
    outer loop
        vertex 0.4592 -7.7200 1.1887
        vertex 0.4500 -7.5400 0.8594
        vertex 0.6000 -7.7200 1.1192
    endloop
endfacet
facet normal -0.0945 -19.4762 -0.0788
    outer loop
        vertex 0.3444 -7.5400 0.9115
        vertex 0.3106 -7.7200 1.2391
        vertex 0.2329 -7.5400 0.9493
    endloop
endfacet
facet normal -0.1260 -19.5350 -0.1717
    outer loop
        vertex 0.3106 -7.7200 1.2391
        vertex 0.3444 -7.5400 0.9115
        vertex 0.4592 -7.7200 1.1887
    endloop
endfacet
facet normal -0.0574 -19.4762 -0.0887
    outer loop
        vertex 0.2329 -7.5400 0.9493
        vertex 0.1566 -7.7200 1.2697
        vertex 0.1175 -7.5400 0.9723
    endloop
endfacet
facet normal -0.0765 -19.5349 -0.1849
    outer loop
        vertex 0.1566 -7.7200 1.2697
        vertex 0.2329 -7.5400 0.9493
        vertex 0.3106 -7.7200 1.2391
    endloop
endfacet
facet normal -0.0193 -19.4762 -0.0936
    outer loop
        vertex 0.1175 -7.5400 0.9723
        vertex 0.0000 -7.7200 1.2800
        vertex 0.0000 -7.5400 0.9800
    endloop
endfacet
facet normal -0.0258 -19.5349 -0.1915
    outer loop
        vertex 0.0000 -7.7200 1.2800
        vertex 0.1175 -7.5400 0.9723
        vertex 0.1566 -7.7200 1.2697
    endloop
endfacet
facet normal 0.0193 -18.9674 -0.0936
    outer loop
        vertex -0.0587 -7.3600 0.5261
        vertex 0.0000 -7.5400 0.9800
        vertex -0.1175 -7.5400 0.9723
    endloop
endfacet
facet normal 0.0097 -18.9087 0.0532
    outer loop
        vertex 0.0000 -7.5400 0.9800
        vertex -0.0587 -7.3600 0.5261
        vertex 0.0000 -7.3600 0.5300
    endloop
endfacet
facet normal 0.0574 -18.9675 -0.0887
    outer loop
        vertex -0.1165 -7.3600 0.5147
        vertex -0.1175 -7.5400 0.9723
        vertex -0.2329 -7.5400 0.9493
    endloop
endfacet
facet normal 0.0287 -18.9087 0.0557
    outer loop
        vertex -0.1175 -7.5400 0.9723
        vertex -0.1165 -7.3600 0.5147
        vertex -0.0587 -7.3600 0.5261
    endloop
endfacet
facet normal 0.0945 -18.9675 -0.0788
    outer loop
        vertex -0.1722 -7.3600 0.4958
        vertex -0.2329 -7.5400 0.9493
        vertex -0.3444 -7.5400 0.9115
    endloop
endfacet
facet normal 0.0472 -18.9087 0.0606
    outer loop
        vertex -0.2329 -7.5400 0.9493
        vertex -0.1722 -7.3600 0.4958
        vertex -0.1165 -7.3600 0.5147
    endloop
endfacet
facet normal 0.1303 -18.9675 -0.0639
    outer loop
        vertex -0.2250 -7.3600 0.4697
        vertex -0.3444 -7.5400 0.9115
        vertex -0.4500 -7.5400 0.8594
    endloop
endfacet
facet normal 0.0651 -18.9087 0.0680
    outer loop
        vertex -0.3444 -7.5400 0.9115
        vertex -0.2250 -7.3600 0.4697
        vertex -0.1722 -7.3600 0.4958
    endloop
endfacet
facet normal 0.1633 -18.9675 -0.0448
    outer loop
        vertex -0.2740 -7.3600 0.4370
        vertex -0.4500 -7.5400 0.8594
        vertex -0.5479 -7.5400 0.7941
    endloop
endfacet
facet normal 0.0817 -18.9087 0.0776
    outer loop
        vertex -0.4500 -7.5400 0.8594
        vertex -0.2740 -7.3600 0.4370
        vertex -0.2250 -7.3600 0.4697
    endloop
endfacet
facet normal 0.1942 -18.9675 -0.0212
    outer loop
        vertex -0.3182 -7.3600 0.3982
        vertex -0.5479 -7.5400 0.7941
        vertex -0.6364 -7.5400 0.7164
    endloop
endfacet
facet normal 0.0971 -18.9087 0.0894
    outer loop
        vertex -0.5479 -7.5400 0.7941
        vertex -0.3182 -7.3600 0.3982
        vertex -0.2740 -7.3600 0.4370
    endloop
endfacet
facet normal 0.2212 -18.9675 0.0058
    outer loop
        vertex -0.3570 -7.3600 0.3540
        vertex -0.6364 -7.5400 0.7164
        vertex -0.7141 -7.5400 0.6279
    endloop
endfacet
facet normal 0.1106 -18.9087 0.1029
    outer loop
        vertex -0.6364 -7.5400 0.7164
        vertex -0.3570 -7.3600 0.3540
        vertex -0.3182 -7.3600 0.3982
    endloop
endfacet
facet normal 0.2448 -18.9675 0.0367
    outer loop
        vertex -0.3897 -7.3600 0.3050
        vertex -0.7141 -7.5400 0.6279
        vertex -0.7794 -7.5400 0.5300
    endloop
endfacet
facet normal 0.1224 -18.9087 0.1183
    outer loop
        vertex -0.7141 -7.5400 0.6279
        vertex -0.3897 -7.3600 0.3050
        vertex -0.3570 -7.3600 0.3540
    endloop
endfacet
facet normal 0.2639 -18.9675 0.0697
    outer loop
        vertex -0.4158 -7.3600 0.2522
        vertex -0.7794 -7.5400 0.5300
        vertex -0.8315 -7.5400 0.4244
    endloop
endfacet
facet normal 0.1320 -18.9087 0.1349
    outer loop
        vertex -0.7794 -7.5400 0.5300
        vertex -0.4158 -7.3600 0.2522
        vertex -0.3897 -7.3600 0.3050
    endloop
endfacet
facet normal 0.2788 -18.9675 0.1055
    outer loop
        vertex -0.4347 -7.3600 0.1965
        vertex -0.8315 -7.5400 0.4244
        vertex -0.8693 -7.5400 0.3129
    endloop
endfacet
facet normal 0.1394 -18.9087 0.1528
    outer loop
        vertex -0.8315 -7.5400 0.4244
        vertex -0.4347 -7.3600 0.1965
        vertex -0.4158 -7.3600 0.2522
    endloop
endfacet
facet normal 0.2887 -18.9675 0.1426
    outer loop
        vertex -0.4461 -7.3600 0.1387
        vertex -0.8693 -7.5400 0.3129
        vertex -0.8923 -7.5400 0.1975
    endloop
endfacet
facet normal 0.1443 -18.9087 0.1713
    outer loop
        vertex -0.8693 -7.5400 0.3129
        vertex -0.4461 -7.3600 0.1387
        vertex -0.4347 -7.3600 0.1965
    endloop
endfacet
facet normal 0.2936 -18.9674 0.1806
    outer loop
        vertex -0.4500 -7.3600 0.0800
        vertex -0.8923 -7.5400 0.1975
        vertex -0.9000 -7.5400 0.0800
    endloop
endfacet
facet normal 0.1468 -18.9087 0.1903
    outer loop
        vertex -0.8923 -7.5400 0.1975
        vertex -0.4500 -7.3600 0.0800
        vertex -0.4461 -7.3600 0.1387
    endloop
endfacet
facet normal 0.2936 -18.9674 0.2193
    outer loop
        vertex -0.4461 -7.3600 0.0213
        vertex -0.9000 -7.5400 0.0800
        vertex -0.8923 -7.5400 -0.0375
    endloop
endfacet
facet normal 0.1468 -18.9087 0.2097
    outer loop
        vertex -0.9000 -7.5400 0.0800
        vertex -0.4461 -7.3600 0.0213
        vertex -0.4500 -7.3600 0.0800
    endloop
endfacet
facet normal 0.2887 -18.9675 0.2574
    outer loop
        vertex -0.4347 -7.3600 -0.0365
        vertex -0.8923 -7.5400 -0.0375
        vertex -0.8693 -7.5400 -0.1529
    endloop
endfacet
facet normal 0.1443 -18.9087 0.2287
    outer loop
        vertex -0.8923 -7.5400 -0.0375
        vertex -0.4347 -7.3600 -0.0365
        vertex -0.4461 -7.3600 0.0213
    endloop
endfacet
facet normal 0.2788 -18.9675 0.2945
    outer loop
        vertex -0.4158 -7.3600 -0.0922
        vertex -0.8693 -7.5400 -0.1529
        vertex -0.8315 -7.5400 -0.2644
    endloop
endfacet
facet normal 0.1394 -18.9087 0.2472
    outer loop
        vertex -0.8693 -7.5400 -0.1529
        vertex -0.4158 -7.3600 -0.0922
        vertex -0.4347 -7.3600 -0.0365
    endloop
endfacet
facet normal 0.2639 -18.9675 0.3303
    outer loop
        vertex -0.3897 -7.3600 -0.1450
        vertex -0.8315 -7.5400 -0.2644
        vertex -0.7794 -7.5400 -0.3700
    endloop
endfacet
facet normal 0.1320 -18.9087 0.2651
    outer loop
        vertex -0.8315 -7.5400 -0.2644
        vertex -0.3897 -7.3600 -0.1450
        vertex -0.4158 -7.3600 -0.0922
    endloop
endfacet
facet normal 0.2448 -18.9675 0.3634
    outer loop
        vertex -0.3570 -7.3600 -0.1940
        vertex -0.7794 -7.5400 -0.3700
        vertex -0.7141 -7.5400 -0.4679
    endloop
endfacet
facet normal 0.1224 -18.9087 0.2817
    outer loop
        vertex -0.7794 -7.5400 -0.3700
        vertex -0.3570 -7.3600 -0.1940
        vertex -0.3897 -7.3600 -0.1450
    endloop
endfacet
facet normal 0.2212 -18.9675 0.3942
    outer loop
        vertex -0.3182 -7.3600 -0.2382
        vertex -0.7141 -7.5400 -0.4679
        vertex -0.6364 -7.5400 -0.5564
    endloop
endfacet
facet normal 0.1106 -18.9087 0.2971
    outer loop
        vertex -0.7141 -7.5400 -0.4679
        vertex -0.3182 -7.3600 -0.2382
        vertex -0.3570 -7.3600 -0.1940
    endloop
endfacet
facet normal 0.1942 -18.9675 0.4212
    outer loop
        vertex -0.2740 -7.3600 -0.2770
        vertex -0.6364 -7.5400 -0.5564
        vertex -0.5479 -7.5400 -0.6341
    endloop
endfacet
facet normal 0.0971 -18.9087 0.3106
    outer loop
        vertex -0.6364 -7.5400 -0.5564
        vertex -0.2740 -7.3600 -0.2770
        vertex -0.3182 -7.3600 -0.2382
    endloop
endfacet
facet normal 0.1633 -18.9675 0.4448
    outer loop
        vertex -0.2250 -7.3600 -0.3097
        vertex -0.5479 -7.5400 -0.6341
        vertex -0.4500 -7.5400 -0.6994
    endloop
endfacet
facet normal 0.0817 -18.9087 0.3224
    outer loop
        vertex -0.5479 -7.5400 -0.6341
        vertex -0.2250 -7.3600 -0.3097
        vertex -0.2740 -7.3600 -0.2770
    endloop
endfacet
facet normal 0.1303 -18.9675 0.4639
    outer loop
        vertex -0.1722 -7.3600 -0.3358
        vertex -0.4500 -7.5400 -0.6994
        vertex -0.3444 -7.5400 -0.7515
    endloop
endfacet
facet normal 0.0651 -18.9087 0.3320
    outer loop
        vertex -0.4500 -7.5400 -0.6994
        vertex -0.1722 -7.3600 -0.3358
        vertex -0.2250 -7.3600 -0.3097
    endloop
endfacet
facet normal 0.0945 -18.9675 0.4788
    outer loop
        vertex -0.1165 -7.3600 -0.3547
        vertex -0.3444 -7.5400 -0.7515
        vertex -0.2329 -7.5400 -0.7893
    endloop
endfacet
facet normal 0.0472 -18.9087 0.3394
    outer loop
        vertex -0.3444 -7.5400 -0.7515
        vertex -0.1165 -7.3600 -0.3547
        vertex -0.1722 -7.3600 -0.3358
    endloop
endfacet
facet normal 0.0574 -18.9675 0.4887
    outer loop
        vertex -0.0587 -7.3600 -0.3661
        vertex -0.2329 -7.5400 -0.7893
        vertex -0.1175 -7.5400 -0.8123
    endloop
endfacet
facet normal 0.0287 -18.9087 0.3443
    outer loop
        vertex -0.2329 -7.5400 -0.7893
        vertex -0.0587 -7.3600 -0.3661
        vertex -0.1165 -7.3600 -0.3547
    endloop
endfacet
facet normal 0.0194 -18.9674 0.4936
    outer loop
        vertex 0.0000 -7.3600 -0.3700
        vertex -0.1175 -7.5400 -0.8123
        vertex 0.0000 -7.5400 -0.8200
    endloop
endfacet
facet normal 0.0097 -18.9087 0.3468
    outer loop
        vertex -0.1175 -7.5400 -0.8123
        vertex 0.0000 -7.3600 -0.3700
        vertex -0.0587 -7.3600 -0.3661
    endloop
endfacet
facet normal -0.0193 -18.9674 0.4936
    outer loop
        vertex 0.0587 -7.3600 -0.3661
        vertex 0.0000 -7.5400 -0.8200
        vertex 0.1175 -7.5400 -0.8123
    endloop
endfacet
facet normal -0.0097 -18.9087 0.3468
    outer loop
        vertex 0.0000 -7.5400 -0.8200
        vertex 0.0587 -7.3600 -0.3661
        vertex 0.0000 -7.3600 -0.3700
    endloop
endfacet
facet normal -0.0574 -18.9675 0.4887
    outer loop
        vertex 0.1165 -7.3600 -0.3547
        vertex 0.1175 -7.5400 -0.8123
        vertex 0.2329 -7.5400 -0.7893
    endloop
endfacet
facet normal -0.0287 -18.9087 0.3443
    outer loop
        vertex 0.1175 -7.5400 -0.8123
        vertex 0.1165 -7.3600 -0.3547
        vertex 0.0587 -7.3600 -0.3661
    endloop
endfacet
facet normal -0.0945 -18.9675 0.4788
    outer loop
        vertex 0.1722 -7.3600 -0.3358
        vertex 0.2329 -7.5400 -0.7893
        vertex 0.3444 -7.5400 -0.7515
    endloop
endfacet
facet normal -0.0472 -18.9087 0.3394
    outer loop
        vertex 0.2329 -7.5400 -0.7893
        vertex 0.1722 -7.3600 -0.3358
        vertex 0.1165 -7.3600 -0.3547
    endloop
endfacet
facet normal -0.1303 -18.9675 0.4639
    outer loop
        vertex 0.2250 -7.3600 -0.3097
        vertex 0.3444 -7.5400 -0.7515
        vertex 0.4500 -7.5400 -0.6994
    endloop
endfacet
facet normal -0.0651 -18.9087 0.3320
    outer loop
        vertex 0.3444 -7.5400 -0.7515
        vertex 0.2250 -7.3600 -0.3097
        vertex 0.1722 -7.3600 -0.3358
    endloop
endfacet
facet normal -0.1633 -18.9675 0.4448
    outer loop
        vertex 0.2740 -7.3600 -0.2770
        vertex 0.4500 -7.5400 -0.6994
        vertex 0.5479 -7.5400 -0.6341
    endloop
endfacet
facet normal -0.0817 -18.9087 0.3224
    outer loop
        vertex 0.4500 -7.5400 -0.6994
        vertex 0.2740 -7.3600 -0.2770
        vertex 0.2250 -7.3600 -0.3097
    endloop
endfacet
facet normal -0.1942 -18.9675 0.4212
    outer loop
        vertex 0.3182 -7.3600 -0.2382
        vertex 0.5479 -7.5400 -0.6341
        vertex 0.6364 -7.5400 -0.5564
    endloop
endfacet
facet normal -0.0971 -18.9087 0.3106
    outer loop
        vertex 0.5479 -7.5400 -0.6341
        vertex 0.3182 -7.3600 -0.2382
        vertex 0.2740 -7.3600 -0.2770
    endloop
endfacet
facet normal -0.2212 -18.9675 0.3942
    outer loop
        vertex 0.3570 -7.3600 -0.1940
        vertex 0.6364 -7.5400 -0.5564
        vertex 0.7141 -7.5400 -0.4679
    endloop
endfacet
facet normal -0.1106 -18.9087 0.2971
    outer loop
        vertex 0.6364 -7.5400 -0.5564
        vertex 0.3570 -7.3600 -0.1940
        vertex 0.3182 -7.3600 -0.2382
    endloop
endfacet
facet normal -0.2448 -18.9675 0.3634
    outer loop
        vertex 0.3897 -7.3600 -0.1450
        vertex 0.7141 -7.5400 -0.4679
        vertex 0.7794 -7.5400 -0.3700
    endloop
endfacet
facet normal -0.1224 -18.9087 0.2817
    outer loop
        vertex 0.7141 -7.5400 -0.4679
        vertex 0.3897 -7.3600 -0.1450
        vertex 0.3570 -7.3600 -0.1940
    endloop
endfacet
facet normal -0.2639 -18.9675 0.3303
    outer loop
        vertex 0.4158 -7.3600 -0.0922
        vertex 0.7794 -7.5400 -0.3700
        vertex 0.8315 -7.5400 -0.2644
    endloop
endfacet
facet normal -0.1320 -18.9087 0.2651
    outer loop
        vertex 0.7794 -7.5400 -0.3700
        vertex 0.4158 -7.3600 -0.0922
        vertex 0.3897 -7.3600 -0.1450
    endloop
endfacet
facet normal -0.2788 -18.9675 0.2945
    outer loop
        vertex 0.4347 -7.3600 -0.0365
        vertex 0.8315 -7.5400 -0.2644
        vertex 0.8693 -7.5400 -0.1529
    endloop
endfacet
facet normal -0.1394 -18.9087 0.2472
    outer loop
        vertex 0.8315 -7.5400 -0.2644
        vertex 0.4347 -7.3600 -0.0365
        vertex 0.4158 -7.3600 -0.0922
    endloop
endfacet
facet normal -0.2887 -18.9675 0.2574
    outer loop
        vertex 0.4461 -7.3600 0.0213
        vertex 0.8693 -7.5400 -0.1529
        vertex 0.8923 -7.5400 -0.0375
    endloop
endfacet
facet normal -0.1443 -18.9087 0.2287
    outer loop
        vertex 0.8693 -7.5400 -0.1529
        vertex 0.4461 -7.3600 0.0213
        vertex 0.4347 -7.3600 -0.0365
    endloop
endfacet
facet normal -0.2936 -18.9674 0.2194
    outer loop
        vertex 0.4500 -7.3600 0.0800
        vertex 0.8923 -7.5400 -0.0375
        vertex 0.9000 -7.5400 0.0800
    endloop
endfacet
facet normal -0.1468 -18.9087 0.2097
    outer loop
        vertex 0.8923 -7.5400 -0.0375
        vertex 0.4500 -7.3600 0.0800
        vertex 0.4461 -7.3600 0.0213
    endloop
endfacet
facet normal -0.2936 -18.9674 0.1807
    outer loop
        vertex 0.4461 -7.3600 0.1387
        vertex 0.9000 -7.5400 0.0800
        vertex 0.8923 -7.5400 0.1975
    endloop
endfacet
facet normal -0.1468 -18.9087 0.1903
    outer loop
        vertex 0.9000 -7.5400 0.0800
        vertex 0.4461 -7.3600 0.1387
        vertex 0.4500 -7.3600 0.0800
    endloop
endfacet
facet normal -0.2887 -18.9675 0.1426
    outer loop
        vertex 0.4347 -7.3600 0.1965
        vertex 0.8923 -7.5400 0.1975
        vertex 0.8693 -7.5400 0.3129
    endloop
endfacet
facet normal -0.1443 -18.9087 0.1713
    outer loop
        vertex 0.8923 -7.5400 0.1975
        vertex 0.4347 -7.3600 0.1965
        vertex 0.4461 -7.3600 0.1387
    endloop
endfacet
facet normal -0.2788 -18.9675 0.1055
    outer loop
        vertex 0.4158 -7.3600 0.2522
        vertex 0.8693 -7.5400 0.3129
        vertex 0.8315 -7.5400 0.4244
    endloop
endfacet
facet normal -0.1394 -18.9087 0.1528
    outer loop
        vertex 0.8693 -7.5400 0.3129
        vertex 0.4158 -7.3600 0.2522
        vertex 0.4347 -7.3600 0.1965
    endloop
endfacet
facet normal -0.2639 -18.9675 0.0697
    outer loop
        vertex 0.3897 -7.3600 0.3050
        vertex 0.8315 -7.5400 0.4244
        vertex 0.7794 -7.5400 0.5300
    endloop
endfacet
facet normal -0.1320 -18.9087 0.1349
    outer loop
        vertex 0.8315 -7.5400 0.4244
        vertex 0.3897 -7.3600 0.3050
        vertex 0.4158 -7.3600 0.2522
    endloop
endfacet
facet normal -0.2448 -18.9675 0.0367
    outer loop
        vertex 0.3570 -7.3600 0.3540
        vertex 0.7794 -7.5400 0.5300
        vertex 0.7141 -7.5400 0.6279
    endloop
endfacet
facet normal -0.1224 -18.9087 0.1183
    outer loop
        vertex 0.7794 -7.5400 0.5300
        vertex 0.3570 -7.3600 0.3540
        vertex 0.3897 -7.3600 0.3050
    endloop
endfacet
facet normal -0.2212 -18.9675 0.0058
    outer loop
        vertex 0.3182 -7.3600 0.3982
        vertex 0.7141 -7.5400 0.6279
        vertex 0.6364 -7.5400 0.7164
    endloop
endfacet
facet normal -0.1106 -18.9087 0.1029
    outer loop
        vertex 0.7141 -7.5400 0.6279
        vertex 0.3182 -7.3600 0.3982
        vertex 0.3570 -7.3600 0.3540
    endloop
endfacet
facet normal -0.1942 -18.9675 -0.0212
    outer loop
        vertex 0.2740 -7.3600 0.4370
        vertex 0.6364 -7.5400 0.7164
        vertex 0.5479 -7.5400 0.7941
    endloop
endfacet
facet normal -0.0971 -18.9087 0.0894
    outer loop
        vertex 0.6364 -7.5400 0.7164
        vertex 0.2740 -7.3600 0.4370
        vertex 0.3182 -7.3600 0.3982
    endloop
endfacet
facet normal -0.1633 -18.9675 -0.0448
    outer loop
        vertex 0.2250 -7.3600 0.4697
        vertex 0.5479 -7.5400 0.7941
        vertex 0.4500 -7.5400 0.8594
    endloop
endfacet
facet normal -0.0817 -18.9087 0.0776
    outer loop
        vertex 0.5479 -7.5400 0.7941
        vertex 0.2250 -7.3600 0.4697
        vertex 0.2740 -7.3600 0.4370
    endloop
endfacet
facet normal -0.1303 -18.9675 -0.0639
    outer loop
        vertex 0.1722 -7.3600 0.4958
        vertex 0.4500 -7.5400 0.8594
        vertex 0.3444 -7.5400 0.9115
    endloop
endfacet
facet normal -0.0651 -18.9087 0.0680
    outer loop
        vertex 0.4500 -7.5400 0.8594
        vertex 0.1722 -7.3600 0.4958
        vertex 0.2250 -7.3600 0.4697
    endloop
endfacet
facet normal -0.0945 -18.9675 -0.0788
    outer loop
        vertex 0.1165 -7.3600 0.5147
        vertex 0.3444 -7.5400 0.9115
        vertex 0.2329 -7.5400 0.9493
    endloop
endfacet
facet normal -0.0472 -18.9087 0.0606
    outer loop
        vertex 0.3444 -7.5400 0.9115
        vertex 0.1165 -7.3600 0.5147
        vertex 0.1722 -7.3600 0.4958
    endloop
endfacet
facet normal -0.0574 -18.9675 -0.0887
    outer loop
        vertex 0.0587 -7.3600 0.5261
        vertex 0.2329 -7.5400 0.9493
        vertex 0.1175 -7.5400 0.9723
    endloop
endfacet
facet normal -0.0287 -18.9087 0.0557
    outer loop
        vertex 0.2329 -7.5400 0.9493
        vertex 0.0587 -7.3600 0.5261
        vertex 0.1165 -7.3600 0.5147
    endloop
endfacet
facet normal -0.0194 -18.9674 -0.0936
    outer loop
        vertex 0.0000 -7.3600 0.5300
        vertex 0.1175 -7.5400 0.9723
        vertex 0.0000 -7.5400 0.9800
    endloop
endfacet
facet normal -0.0097 -18.9087 0.0532
    outer loop
        vertex 0.1175 -7.5400 0.9723
        vertex 0.0000 -7.3600 0.5300
        vertex 0.0587 -7.3600 0.5261
    endloop
endfacet
facet normal 0.0096 -18.4131 0.0532
    outer loop
        vertex 0.0000 -7.3200 0.0800
        vertex 0.0000 -7.3600 0.5300
        vertex -0.0587 -7.3600 0.5262
    endloop
endfacet
facet normal 0.0287 -18.4131 0.0557
    outer loop
        vertex 0.0000 -7.3200 0.0800
        vertex -0.0587 -7.3600 0.5262
        vertex -0.1165 -7.3600 0.5147
    endloop
endfacet
facet normal 0.0472 -18.4131 0.0606
    outer loop
        vertex 0.0000 -7.3200 0.0800
        vertex -0.1165 -7.3600 0.5147
        vertex -0.1722 -7.3600 0.4958
    endloop
endfacet
facet normal 0.0651 -18.4131 0.0680
    outer loop
        vertex -0.2250 -7.3600 0.4697
        vertex 0.0000 -7.3200 0.0800
        vertex -0.1722 -7.3600 0.4958
    endloop
endfacet
facet normal 0.0817 -18.4131 0.0775
    outer loop
        vertex 0.0000 -7.3200 0.0800
        vertex -0.2250 -7.3600 0.4697
        vertex -0.2740 -7.3600 0.4371
    endloop
endfacet
facet normal 0.0971 -18.4131 0.0894
    outer loop
        vertex 0.0000 -7.3200 0.0800
        vertex -0.2740 -7.3600 0.4371
        vertex -0.3182 -7.3600 0.3982
    endloop
endfacet
facet normal 0.1106 -18.4131 0.1029
    outer loop
        vertex 0.0000 -7.3200 0.0800
        vertex -0.3182 -7.3600 0.3982
        vertex -0.3571 -7.3600 0.3540
    endloop
endfacet
facet normal 0.1225 -18.4131 0.1183
    outer loop
        vertex 0.0000 -7.3200 0.0800
        vertex -0.3571 -7.3600 0.3540
        vertex -0.3897 -7.3600 0.3050
    endloop
endfacet
facet normal 0.1320 -18.4131 0.1349
    outer loop
        vertex -0.4158 -7.3600 0.2522
        vertex 0.0000 -7.3200 0.0800
        vertex -0.3897 -7.3600 0.3050
    endloop
endfacet
facet normal 0.1394 -18.4131 0.1528
    outer loop
        vertex 0.0000 -7.3200 0.0800
        vertex -0.4158 -7.3600 0.2522
        vertex -0.4347 -7.3600 0.1965
    endloop
endfacet
facet normal 0.1443 -18.4131 0.1713
    outer loop
        vertex 0.0000 -7.3200 0.0800
        vertex -0.4347 -7.3600 0.1965
        vertex -0.4462 -7.3600 0.1387
    endloop
endfacet
facet normal 0.1468 -18.4131 0.1904
    outer loop
        vertex 0.0000 -7.3200 0.0800
        vertex -0.4462 -7.3600 0.1387
        vertex -0.4500 -7.3600 0.0800
    endloop
endfacet
facet normal 0.1468 -18.4131 0.2096
    outer loop
        vertex 0.0000 -7.3200 0.0800
        vertex -0.4500 -7.3600 0.0800
        vertex -0.4462 -7.3600 0.0213
    endloop
endfacet
facet normal 0.1443 -18.4131 0.2287
    outer loop
        vertex 0.0000 -7.3200 0.0800
        vertex -0.4462 -7.3600 0.0213
        vertex -0.4347 -7.3600 -0.0365
    endloop
endfacet
facet normal 0.1394 -18.4131 0.2472
    outer loop
        vertex 0.0000 -7.3200 0.0800
        vertex -0.4347 -7.3600 -0.0365
        vertex -0.4158 -7.3600 -0.0922
    endloop
endfacet
facet normal 0.1320 -18.4131 0.2651
    outer loop
        vertex -0.3897 -7.3600 -0.1450
        vertex 0.0000 -7.3200 0.0800
        vertex -0.4158 -7.3600 -0.0922
    endloop
endfacet
facet normal 0.1225 -18.4131 0.2817
    outer loop
        vertex 0.0000 -7.3200 0.0800
        vertex -0.3897 -7.3600 -0.1450
        vertex -0.3571 -7.3600 -0.1940
    endloop
endfacet
facet normal 0.1106 -18.4131 0.2971
    outer loop
        vertex 0.0000 -7.3200 0.0800
        vertex -0.3571 -7.3600 -0.1940
        vertex -0.3182 -7.3600 -0.2382
    endloop
endfacet
facet normal 0.0971 -18.4131 0.3106
    outer loop
        vertex 0.0000 -7.3200 0.0800
        vertex -0.3182 -7.3600 -0.2382
        vertex -0.2740 -7.3600 -0.2771
    endloop
endfacet
facet normal 0.0817 -18.4131 0.3225
    outer loop
        vertex 0.0000 -7.3200 0.0800
        vertex -0.2740 -7.3600 -0.2771
        vertex -0.2250 -7.3600 -0.3097
    endloop
endfacet
facet normal 0.0651 -18.4131 0.3320
    outer loop
        vertex -0.1722 -7.3600 -0.3358
        vertex 0.0000 -7.3200 0.0800
        vertex -0.2250 -7.3600 -0.3097
    endloop
endfacet
facet normal 0.0472 -18.4131 0.3394
    outer loop
        vertex 0.0000 -7.3200 0.0800
        vertex -0.1722 -7.3600 -0.3358
        vertex -0.1165 -7.3600 -0.3547
    endloop
endfacet
facet normal 0.0287 -18.4131 0.3443
    outer loop
        vertex 0.0000 -7.3200 0.0800
        vertex -0.1165 -7.3600 -0.3547
        vertex -0.0587 -7.3600 -0.3662
    endloop
endfacet
facet normal 0.0096 -18.4131 0.3468
    outer loop
        vertex 0.0000 -7.3200 0.0800
        vertex -0.0587 -7.3600 -0.3662
        vertex 0.0000 -7.3600 -0.3700
    endloop
endfacet
facet normal -0.0096 -18.4131 0.3468
    outer loop
        vertex 0.0000 -7.3200 0.0800
        vertex 0.0000 -7.3600 -0.3700
        vertex 0.0587 -7.3600 -0.3662
    endloop
endfacet
facet normal -0.0287 -18.4131 0.3443
    outer loop
        vertex 0.0000 -7.3200 0.0800
        vertex 0.0587 -7.3600 -0.3662
        vertex 0.1165 -7.3600 -0.3547
    endloop
endfacet
facet normal -0.0472 -18.4131 0.3394
    outer loop
        vertex 0.0000 -7.3200 0.0800
        vertex 0.1165 -7.3600 -0.3547
        vertex 0.1722 -7.3600 -0.3358
    endloop
endfacet
facet normal -0.0651 -18.4131 0.3320
    outer loop
        vertex 0.2250 -7.3600 -0.3097
        vertex 0.0000 -7.3200 0.0800
        vertex 0.1722 -7.3600 -0.3358
    endloop
endfacet
facet normal -0.0817 -18.4131 0.3225
    outer loop
        vertex 0.0000 -7.3200 0.0800
        vertex 0.2250 -7.3600 -0.3097
        vertex 0.2740 -7.3600 -0.2771
    endloop
endfacet
facet normal -0.0971 -18.4131 0.3106
    outer loop
        vertex 0.0000 -7.3200 0.0800
        vertex 0.2740 -7.3600 -0.2771
        vertex 0.3182 -7.3600 -0.2382
    endloop
endfacet
facet normal -0.1106 -18.4131 0.2971
    outer loop
        vertex 0.0000 -7.3200 0.0800
        vertex 0.3182 -7.3600 -0.2382
        vertex 0.3571 -7.3600 -0.1940
    endloop
endfacet
facet normal -0.1225 -18.4131 0.2817
    outer loop
        vertex 0.0000 -7.3200 0.0800
        vertex 0.3571 -7.3600 -0.1940
        vertex 0.3897 -7.3600 -0.1450
    endloop
endfacet
facet normal -0.1320 -18.4131 0.2651
    outer loop
        vertex 0.4158 -7.3600 -0.0922
        vertex 0.0000 -7.3200 0.0800
        vertex 0.3897 -7.3600 -0.1450
    endloop
endfacet
facet normal -0.1394 -18.4131 0.2472
    outer loop
        vertex 0.0000 -7.3200 0.0800
        vertex 0.4158 -7.3600 -0.0922
        vertex 0.4347 -7.3600 -0.0365
    endloop
endfacet
facet normal -0.1443 -18.4131 0.2287
    outer loop
        vertex 0.0000 -7.3200 0.0800
        vertex 0.4347 -7.3600 -0.0365
        vertex 0.4462 -7.3600 0.0213
    endloop
endfacet
facet normal -0.1468 -18.4131 0.2096
    outer loop
        vertex 0.0000 -7.3200 0.0800
        vertex 0.4462 -7.3600 0.0213
        vertex 0.4500 -7.3600 0.0800
    endloop
endfacet
facet normal -0.1468 -18.4131 0.1904
    outer loop
        vertex 0.0000 -7.3200 0.0800
        vertex 0.4500 -7.3600 0.0800
        vertex 0.4462 -7.3600 0.1387
    endloop
endfacet
facet normal -0.1443 -18.4131 0.1713
    outer loop
        vertex 0.0000 -7.3200 0.0800
        vertex 0.4462 -7.3600 0.1387
        vertex 0.4347 -7.3600 0.1965
    endloop
endfacet
facet normal -0.1394 -18.4131 0.1528
    outer loop
        vertex 0.0000 -7.3200 0.0800
        vertex 0.4347 -7.3600 0.1965
        vertex 0.4158 -7.3600 0.2522
    endloop
endfacet
facet normal -0.1320 -18.4131 0.1349
    outer loop
        vertex 0.3897 -7.3600 0.3050
        vertex 0.0000 -7.3200 0.0800
        vertex 0.4158 -7.3600 0.2522
    endloop
endfacet
facet normal -0.1225 -18.4131 0.1183
    outer loop
        vertex 0.0000 -7.3200 0.0800
        vertex 0.3897 -7.3600 0.3050
        vertex 0.3571 -7.3600 0.3540
    endloop
endfacet
facet normal -0.1106 -18.4131 0.1029
    outer loop
        vertex 0.0000 -7.3200 0.0800
        vertex 0.3571 -7.3600 0.3540
        vertex 0.3182 -7.3600 0.3982
    endloop
endfacet
facet normal -0.0971 -18.4131 0.0894
    outer loop
        vertex 0.0000 -7.3200 0.0800
        vertex 0.3182 -7.3600 0.3982
        vertex 0.2740 -7.3600 0.4371
    endloop
endfacet
facet normal -0.0817 -18.4131 0.0775
    outer loop
        vertex 0.0000 -7.3200 0.0800
        vertex 0.2740 -7.3600 0.4371
        vertex 0.2250 -7.3600 0.4697
    endloop
endfacet
facet normal -0.0651 -18.4131 0.0680
    outer loop
        vertex 0.1722 -7.3600 0.4958
        vertex 0.0000 -7.3200 0.0800
        vertex 0.2250 -7.3600 0.4697
    endloop
endfacet
facet normal -0.0472 -18.4131 0.0606
    outer loop
        vertex 0.0000 -7.3200 0.0800
        vertex 0.1722 -7.3600 0.4958
        vertex 0.1165 -7.3600 0.5147
    endloop
endfacet
facet normal -0.0287 -18.4131 0.0557
    outer loop
        vertex 0.0000 -7.3200 0.0800
        vertex 0.1165 -7.3600 0.5147
        vertex 0.0587 -7.3600 0.5262
    endloop
endfacet
facet normal -0.0096 -18.4131 0.0532
    outer loop
        vertex 0.0000 -7.3200 0.0800
        vertex 0.0587 -7.3600 0.5262
        vertex 0.0000 -7.3600 0.5300
    endloop
endfacet
facet normal 4.0344 5.5000 -0.2780
    outer loop
        vertex 1.8088 2.2000 1.2662
        vertex 1.6000 2.2000 1.2800
        vertex 1.6000 6.6000 1.2800
    endloop
endfacet
facet normal 4.0344 5.5000 -0.2780
    outer loop
        vertex 1.6000 6.6000 1.2800
        vertex 1.8088 6.6000 1.2662
        vertex 1.8088 2.2000 1.2662
    endloop
endfacet
facet normal 4.1020 5.5000 -0.2868
    outer loop
        vertex 2.0141 2.2000 1.2254
        vertex 1.8088 2.2000 1.2662
        vertex 1.8088 6.6000 1.2662
    endloop
endfacet
facet normal 4.1020 5.5000 -0.2868
    outer loop
        vertex 1.8088 6.6000 1.2662
        vertex 2.0141 6.6000 1.2254
        vertex 2.0141 2.2000 1.2254
    endloop
endfacet
facet normal 4.1680 5.5000 -0.3044
    outer loop
        vertex 2.2123 2.2000 1.1582
        vertex 2.0141 2.2000 1.2254
        vertex 2.0141 6.6000 1.2254
    endloop
endfacet
facet normal 4.1680 5.5000 -0.3044
    outer loop
        vertex 2.0141 6.6000 1.2254
        vertex 2.2123 6.6000 1.1582
        vertex 2.2123 2.2000 1.1582
    endloop
endfacet
facet normal 4.2316 5.5000 -0.3308
    outer loop
        vertex 2.4000 2.2000 1.0656
        vertex 2.2123 2.2000 1.1582
        vertex 2.2123 6.6000 1.1582
    endloop
endfacet
facet normal 4.2316 5.5000 -0.3308
    outer loop
        vertex 2.2123 6.6000 1.1582
        vertex 2.4000 6.6000 1.0656
        vertex 2.4000 2.2000 1.0656
    endloop
endfacet
facet normal 4.2904 5.5000 -0.3648
    outer loop
        vertex 2.5741 2.2000 0.9494
        vertex 2.4000 2.2000 1.0656
        vertex 2.4000 6.6000 1.0656
    endloop
endfacet
facet normal 4.2904 5.5000 -0.3648
    outer loop
        vertex 2.4000 6.6000 1.0656
        vertex 2.5741 6.6000 0.9494
        vertex 2.5741 2.2000 0.9494
    endloop
endfacet
facet normal 4.3452 5.5000 -0.4068
    outer loop
        vertex 2.7314 2.2000 0.8114
        vertex 2.5741 2.2000 0.9494
        vertex 2.5741 6.6000 0.9494
    endloop
endfacet
facet normal 4.3452 5.5000 -0.4068
    outer loop
        vertex 2.5741 6.6000 0.9494
        vertex 2.7314 6.6000 0.8114
        vertex 2.7314 2.2000 0.8114
    endloop
endfacet
facet normal 4.3932 5.5000 -0.4548
    outer loop
        vertex 2.8694 2.2000 0.6541
        vertex 2.7314 2.2000 0.8114
        vertex 2.7314 6.6000 0.8114
    endloop
endfacet
facet normal 4.3932 5.5000 -0.4548
    outer loop
        vertex 2.7314 6.6000 0.8114
        vertex 2.8694 6.6000 0.6541
        vertex 2.8694 2.2000 0.6541
    endloop
endfacet
facet normal 4.4352 5.5000 -0.5096
    outer loop
        vertex 2.9856 2.2000 0.4800
        vertex 2.8694 2.2000 0.6541
        vertex 2.8694 6.6000 0.6541
    endloop
endfacet
facet normal 4.4352 5.5000 -0.5096
    outer loop
        vertex 2.8694 6.6000 0.6541
        vertex 2.9856 6.6000 0.4800
        vertex 2.9856 2.2000 0.4800
    endloop
endfacet
facet normal 4.4692 5.5000 -0.5684
    outer loop
        vertex 3.0782 2.2000 0.2923
        vertex 2.9856 2.2000 0.4800
        vertex 2.9856 6.6000 0.4800
    endloop
endfacet
facet normal 4.4692 5.5000 -0.5684
    outer loop
        vertex 2.9856 6.6000 0.4800
        vertex 3.0782 6.6000 0.2923
        vertex 3.0782 2.2000 0.2923
    endloop
endfacet
facet normal 4.4956 5.5000 -0.6320
    outer loop
        vertex 3.1454 2.2000 0.0941
        vertex 3.0782 2.2000 0.2923
        vertex 3.0782 6.6000 0.2923
    endloop
endfacet
facet normal 4.4956 5.5000 -0.6320
    outer loop
        vertex 3.0782 6.6000 0.2923
        vertex 3.1454 6.6000 0.0941
        vertex 3.1454 2.2000 0.0941
    endloop
endfacet
facet normal 4.5132 5.5000 -0.6980
    outer loop
        vertex 3.1862 2.2000 -0.1112
        vertex 3.1454 2.2000 0.0941
        vertex 3.1454 6.6000 0.0941
    endloop
endfacet
facet normal 4.5132 5.5000 -0.6980
    outer loop
        vertex 3.1454 6.6000 0.0941
        vertex 3.1862 6.6000 -0.1112
        vertex 3.1862 2.2000 -0.1112
    endloop
endfacet
facet normal 4.5220 5.5000 -0.7656
    outer loop
        vertex 3.2000 2.2000 -0.3200
        vertex 3.1862 2.2000 -0.1112
        vertex 3.1862 6.6000 -0.1112
    endloop
endfacet
facet normal 4.5220 5.5000 -0.7656
    outer loop
        vertex 3.1862 6.6000 -0.1112
        vertex 3.2000 6.6000 -0.3200
        vertex 3.2000 2.2000 -0.3200
    endloop
endfacet
facet normal 4.5220 5.5000 -0.8344
    outer loop
        vertex 3.1862 2.2000 -0.5288
        vertex 3.2000 2.2000 -0.3200
        vertex 3.2000 6.6000 -0.3200
    endloop
endfacet
facet normal 4.5220 5.5000 -0.8344
    outer loop
        vertex 3.2000 6.6000 -0.3200
        vertex 3.1862 6.6000 -0.5288
        vertex 3.1862 2.2000 -0.5288
    endloop
endfacet
facet normal 4.5132 5.5000 -0.9020
    outer loop
        vertex 3.1454 2.2000 -0.7341
        vertex 3.1862 2.2000 -0.5288
        vertex 3.1862 6.6000 -0.5288
    endloop
endfacet
facet normal 4.5132 5.5000 -0.9020
    outer loop
        vertex 3.1862 6.6000 -0.5288
        vertex 3.1454 6.6000 -0.7341
        vertex 3.1454 2.2000 -0.7341
    endloop
endfacet
facet normal 4.4956 5.5000 -0.9680
    outer loop
        vertex 3.0782 2.2000 -0.9323
        vertex 3.1454 2.2000 -0.7341
        vertex 3.1454 6.6000 -0.7341
    endloop
endfacet
facet normal 4.4956 5.5000 -0.9680
    outer loop
        vertex 3.1454 6.6000 -0.7341
        vertex 3.0782 6.6000 -0.9323
        vertex 3.0782 2.2000 -0.9323
    endloop
endfacet
facet normal 4.4692 5.5000 -1.0316
    outer loop
        vertex 2.9856 2.2000 -1.1200
        vertex 3.0782 2.2000 -0.9323
        vertex 3.0782 6.6000 -0.9323
    endloop
endfacet
facet normal 4.4692 5.5000 -1.0316
    outer loop
        vertex 3.0782 6.6000 -0.9323
        vertex 2.9856 6.6000 -1.1200
        vertex 2.9856 2.2000 -1.1200
    endloop
endfacet
facet normal 4.4352 5.5000 -1.0904
    outer loop
        vertex 2.8694 2.2000 -1.2941
        vertex 2.9856 2.2000 -1.1200
        vertex 2.9856 6.6000 -1.1200
    endloop
endfacet
facet normal 4.4352 5.5000 -1.0904
    outer loop
        vertex 2.9856 6.6000 -1.1200
        vertex 2.8694 6.6000 -1.2941
        vertex 2.8694 2.2000 -1.2941
    endloop
endfacet
facet normal 4.3932 5.5000 -1.1452
    outer loop
        vertex 2.7314 2.2000 -1.4514
        vertex 2.8694 2.2000 -1.2941
        vertex 2.8694 6.6000 -1.2941
    endloop
endfacet
facet normal 4.3932 5.5000 -1.1452
    outer loop
        vertex 2.8694 6.6000 -1.2941
        vertex 2.7314 6.6000 -1.4514
        vertex 2.7314 2.2000 -1.4514
    endloop
endfacet
facet normal 4.3452 5.5000 -1.1932
    outer loop
        vertex 2.5741 2.2000 -1.5894
        vertex 2.7314 2.2000 -1.4514
        vertex 2.7314 6.6000 -1.4514
    endloop
endfacet
facet normal 4.3452 5.5000 -1.1932
    outer loop
        vertex 2.7314 6.6000 -1.4514
        vertex 2.5741 6.6000 -1.5894
        vertex 2.5741 2.2000 -1.5894
    endloop
endfacet
facet normal 4.2904 5.5000 -1.2352
    outer loop
        vertex 2.4000 2.2000 -1.7056
        vertex 2.5741 2.2000 -1.5894
        vertex 2.5741 6.6000 -1.5894
    endloop
endfacet
facet normal 4.2904 5.5000 -1.2352
    outer loop
        vertex 2.5741 6.6000 -1.5894
        vertex 2.4000 6.6000 -1.7056
        vertex 2.4000 2.2000 -1.7056
    endloop
endfacet
facet normal 4.2316 5.5000 -1.2692
    outer loop
        vertex 2.2123 2.2000 -1.7982
        vertex 2.4000 2.2000 -1.7056
        vertex 2.4000 6.6000 -1.7056
    endloop
endfacet
facet normal 4.2316 5.5000 -1.2692
    outer loop
        vertex 2.4000 6.6000 -1.7056
        vertex 2.2123 6.6000 -1.7982
        vertex 2.2123 2.2000 -1.7982
    endloop
endfacet
facet normal 4.1680 5.5000 -1.2956
    outer loop
        vertex 2.0141 2.2000 -1.8654
        vertex 2.2123 2.2000 -1.7982
        vertex 2.2123 6.6000 -1.7982
    endloop
endfacet
facet normal 4.1680 5.5000 -1.2956
    outer loop
        vertex 2.2123 6.6000 -1.7982
        vertex 2.0141 6.6000 -1.8654
        vertex 2.0141 2.2000 -1.8654
    endloop
endfacet
facet normal 4.1020 5.5000 -1.3132
    outer loop
        vertex 1.8088 2.2000 -1.9062
        vertex 2.0141 2.2000 -1.8654
        vertex 2.0141 6.6000 -1.8654
    endloop
endfacet
facet normal 4.1020 5.5000 -1.3132
    outer loop
        vertex 2.0141 6.6000 -1.8654
        vertex 1.8088 6.6000 -1.9062
        vertex 1.8088 2.2000 -1.9062
    endloop
endfacet
facet normal 4.0344 5.5000 -1.3220
    outer loop
        vertex 1.6000 2.2000 -1.9200
        vertex 1.8088 2.2000 -1.9062
        vertex 1.8088 6.6000 -1.9062
    endloop
endfacet
facet normal 4.0344 5.5000 -1.3220
    outer loop
        vertex 1.8088 6.6000 -1.9062
        vertex 1.6000 6.6000 -1.9200
        vertex 1.6000 2.2000 -1.9200
    endloop
endfacet
facet normal 4.0000 5.7588 -0.8000
    outer loop
        vertex 1.8088 2.2000 1.2662
        vertex 1.8088 2.2000 -1.9062
        vertex 1.6000 2.2000 -1.9200
    endloop
endfacet
facet normal 4.0000 5.7610 -0.8000
    outer loop
        vertex 1.6000 2.2000 -1.9200
        vertex 1.6000 2.2000 1.2800
        vertex 1.8088 2.2000 1.2662
    endloop
endfacet
facet normal 4.0000 5.7478 -0.8000
    outer loop
        vertex 2.0141 2.2000 1.2254
        vertex 2.0141 2.2000 -1.8654
        vertex 1.8088 2.2000 -1.9062
    endloop
endfacet
facet normal 4.0000 5.7544 -0.8000
    outer loop
        vertex 1.8088 2.2000 -1.9062
        vertex 1.8088 2.2000 1.2662
        vertex 2.0141 2.2000 1.2254
    endloop
endfacet
facet normal 4.0000 5.7289 -0.8000
    outer loop
        vertex 2.2123 2.2000 1.1582
        vertex 2.2123 2.2000 -1.7982
        vertex 2.0141 2.2000 -1.8654
    endloop
endfacet
facet normal 4.0000 5.7394 -0.8000
    outer loop
        vertex 2.0141 2.2000 -1.8654
        vertex 2.0141 2.2000 1.2254
        vertex 2.2123 2.2000 1.1582
    endloop
endfacet
facet normal 4.0000 5.7032 -0.8000
    outer loop
        vertex 2.4000 2.2000 1.0656
        vertex 2.4000 2.2000 -1.7056
        vertex 2.2123 2.2000 -1.7982
    endloop
endfacet
facet normal 4.0000 5.7167 -0.8000
    outer loop
        vertex 2.2123 2.2000 -1.7982
        vertex 2.2123 2.2000 1.1582
        vertex 2.4000 2.2000 1.0656
    endloop
endfacet
facet normal 4.0000 5.6726 -0.8000
    outer loop
        vertex 2.5741 2.2000 0.9494
        vertex 2.5741 2.2000 -1.5894
        vertex 2.4000 2.2000 -1.7056
    endloop
endfacet
facet normal 4.0000 5.6884 -0.8000
    outer loop
        vertex 2.4000 2.2000 -1.7056
        vertex 2.4000 2.2000 1.0656
        vertex 2.5741 2.2000 0.9494
    endloop
endfacet
facet normal 4.0000 5.6390 -0.8000
    outer loop
        vertex 2.7314 2.2000 0.8114
        vertex 2.7314 2.2000 -1.4514
        vertex 2.5741 2.2000 -1.5894
    endloop
endfacet
facet normal 4.0000 5.6560 -0.8000
    outer loop
        vertex 2.5741 2.2000 -1.5894
        vertex 2.5741 2.2000 0.9494
        vertex 2.7314 2.2000 0.8114
    endloop
endfacet
facet normal 4.0000 5.6051 -0.8000
    outer loop
        vertex 2.8694 2.2000 0.6541
        vertex 2.8694 2.2000 -1.2941
        vertex 2.7314 2.2000 -1.4514
    endloop
endfacet
facet normal 4.0000 5.6220 -0.8000
    outer loop
        vertex 2.7314 2.2000 -1.4514
        vertex 2.7314 2.2000 0.8114
        vertex 2.8694 2.2000 0.6541
    endloop
endfacet
facet normal 4.0000 5.5726 -0.8000
    outer loop
        vertex 2.9856 2.2000 0.4800
        vertex 2.9856 2.2000 -1.1200
        vertex 2.8694 2.2000 -1.2941
    endloop
endfacet
facet normal 4.0000 5.5884 -0.8000
    outer loop
        vertex 2.8694 2.2000 -1.2941
        vertex 2.8694 2.2000 0.6541
        vertex 2.9856 2.2000 0.4800
    endloop
endfacet
facet normal 4.0000 5.5443 -0.8000
    outer loop
        vertex 3.0782 2.2000 0.2923
        vertex 3.0782 2.2000 -0.9323
        vertex 2.9856 2.2000 -1.1200
    endloop
endfacet
facet normal 4.0000 5.5579 -0.8000
    outer loop
        vertex 2.9856 2.2000 -1.1200
        vertex 2.9856 2.2000 0.4800
        vertex 3.0782 2.2000 0.2923
    endloop
endfacet
facet normal 4.0000 5.5217 -0.8000
    outer loop
        vertex 3.1454 2.2000 0.0941
        vertex 3.1454 2.2000 -0.7341
        vertex 3.0782 2.2000 -0.9323
    endloop
endfacet
facet normal 4.0000 5.5321 -0.8000
    outer loop
        vertex 3.0782 2.2000 -0.9323
        vertex 3.0782 2.2000 0.2923
        vertex 3.1454 2.2000 0.0941
    endloop
endfacet
facet normal 4.0000 5.5067 -0.8000
    outer loop
        vertex 3.1862 2.2000 -0.1112
        vertex 3.1862 2.2000 -0.5288
        vertex 3.1454 2.2000 -0.7341
    endloop
endfacet
facet normal 4.0000 5.5132 -0.8000
    outer loop
        vertex 3.1454 2.2000 -0.7341
        vertex 3.1454 2.2000 0.0941
        vertex 3.1862 2.2000 -0.1112
    endloop
endfacet
facet normal 4.0000 5.5022 -0.8000
    outer loop
        vertex 3.2000 2.2000 -0.3200
        vertex 3.1862 2.2000 -0.5288
        vertex 3.1862 2.2000 -0.1112
    endloop
endfacet
facet normal 4.0000 16.5086 -0.8000
    outer loop
        vertex 3.2000 6.6000 1.2800
        vertex 1.8088 6.6000 1.2662
        vertex 1.6000 6.6000 1.2800
    endloop
endfacet
facet normal 4.0000 16.5233 -0.8000
    outer loop
        vertex 3.2000 6.6000 1.2800
        vertex 2.0141 6.6000 1.2254
        vertex 1.8088 6.6000 1.2662
    endloop
endfacet
facet normal 4.0000 16.5354 -0.8000
    outer loop
        vertex 3.2000 6.6000 1.2800
        vertex 2.2123 6.6000 1.1582
        vertex 2.0141 6.6000 1.2254
    endloop
endfacet
facet normal 4.0000 16.5447 -0.8000
    outer loop
        vertex 3.2000 6.6000 1.2800
        vertex 2.4000 6.6000 1.0656
        vertex 2.2123 6.6000 1.1582
    endloop
endfacet
facet normal 4.0000 16.5509 -0.8000
    outer loop
        vertex 3.2000 6.6000 1.2800
        vertex 2.5741 6.6000 0.9494
        vertex 2.4000 6.6000 1.0656
    endloop
endfacet
facet normal 4.0000 16.5541 -0.8000
    outer loop
        vertex 3.2000 6.6000 1.2800
        vertex 2.7314 6.6000 0.8114
        vertex 2.5741 6.6000 0.9494
    endloop
endfacet
facet normal 4.0000 16.5541 -0.8000
    outer loop
        vertex 3.2000 6.6000 1.2800
        vertex 2.8694 6.6000 0.6541
        vertex 2.7314 6.6000 0.8114
    endloop
endfacet
facet normal 4.0000 16.5509 -0.8000
    outer loop
        vertex 3.2000 6.6000 1.2800
        vertex 2.9856 6.6000 0.4800
        vertex 2.8694 6.6000 0.6541
    endloop
endfacet
facet normal 4.0000 16.5447 -0.8000
    outer loop
        vertex 3.2000 6.6000 1.2800
        vertex 3.0782 6.6000 0.2923
        vertex 2.9856 6.6000 0.4800
    endloop
endfacet
facet normal 4.0000 16.5354 -0.8000
    outer loop
        vertex 3.2000 6.6000 1.2800
        vertex 3.1454 6.6000 0.0941
        vertex 3.0782 6.6000 0.2923
    endloop
endfacet
facet normal 4.0000 16.5233 -0.8000
    outer loop
        vertex 3.2000 6.6000 1.2800
        vertex 3.1862 6.6000 -0.1112
        vertex 3.1454 6.6000 0.0941
    endloop
endfacet
facet normal 4.0000 16.5086 -0.8000
    outer loop
        vertex 3.2000 6.6000 1.2800
        vertex 3.2000 6.6000 -0.3200
        vertex 3.1862 6.6000 -0.1112
    endloop
endfacet
facet normal 4.0000 16.5086 -0.8000
    outer loop
        vertex 3.2000 6.6000 -1.9200
        vertex 3.1862 6.6000 -0.5288
        vertex 3.2000 6.6000 -0.3200
    endloop
endfacet
facet normal 4.0000 16.5233 -0.8000
    outer loop
        vertex 3.2000 6.6000 -1.9200
        vertex 3.1454 6.6000 -0.7341
        vertex 3.1862 6.6000 -0.5288
    endloop
endfacet
facet normal 4.0000 16.5354 -0.8000
    outer loop
        vertex 3.2000 6.6000 -1.9200
        vertex 3.0782 6.6000 -0.9323
        vertex 3.1454 6.6000 -0.7341
    endloop
endfacet
facet normal 4.0000 16.5447 -0.8000
    outer loop
        vertex 3.2000 6.6000 -1.9200
        vertex 2.9856 6.6000 -1.1200
        vertex 3.0782 6.6000 -0.9323
    endloop
endfacet
facet normal 4.0000 16.5509 -0.8000
    outer loop
        vertex 3.2000 6.6000 -1.9200
        vertex 2.8694 6.6000 -1.2941
        vertex 2.9856 6.6000 -1.1200
    endloop
endfacet
facet normal 4.0000 16.5541 -0.8000
    outer loop
        vertex 3.2000 6.6000 -1.9200
        vertex 2.7314 6.6000 -1.4514
        vertex 2.8694 6.6000 -1.2941
    endloop
endfacet
facet normal 4.0000 16.5541 -0.8000
    outer loop
        vertex 3.2000 6.6000 -1.9200
        vertex 2.5741 6.6000 -1.5894
        vertex 2.7314 6.6000 -1.4514
    endloop
endfacet
facet normal 4.0000 16.5509 -0.8000
    outer loop
        vertex 3.2000 6.6000 -1.9200
        vertex 2.4000 6.6000 -1.7056
        vertex 2.5741 6.6000 -1.5894
    endloop
endfacet
facet normal 4.0000 16.5447 -0.8000
    outer loop
        vertex 3.2000 6.6000 -1.9200
        vertex 2.2123 6.6000 -1.7982
        vertex 2.4000 6.6000 -1.7056
    endloop
endfacet
facet normal 4.0000 16.5354 -0.8000
    outer loop
        vertex 3.2000 6.6000 -1.9200
        vertex 2.0141 6.6000 -1.8654
        vertex 2.2123 6.6000 -1.7982
    endloop
endfacet
facet normal 4.0000 16.5233 -0.8000
    outer loop
        vertex 3.2000 6.6000 -1.9200
        vertex 1.8088 6.6000 -1.9062
        vertex 2.0141 6.6000 -1.8654
    endloop
endfacet
facet normal 4.0000 16.5086 -0.8000
    outer loop
        vertex 3.2000 6.6000 -1.9200
        vertex 1.6000 6.6000 -1.9200
        vertex 1.8088 6.6000 -1.9062
    endloop
endfacet
facet normal 0.0000 8.6292 0.0000
    outer loop
        vertex 1.3136 6.6000 -2.9912
        vertex 0.0000 6.6000 -3.0836
        vertex 1.6000 6.6000 -1.9200
    endloop
endfacet
facet normal 0.0000 7.3820 0.0000
    outer loop
        vertex 1.6000 6.6000 -1.9200
        vertex 2.5100 6.6000 -2.6404
        vertex 1.3136 6.6000 -2.9912
    endloop
endfacet
facet normal 0.0000 7.2040 0.0000
    outer loop
        vertex 2.5100 6.6000 -2.6404
        vertex 1.6000 6.6000 -1.9200
        vertex 3.2000 6.6000 -1.9200
    endloop
endfacet
facet normal 0.0000 0.4646 0.0000
    outer loop
        vertex 3.2000 6.6000 -1.9200
        vertex 3.2484 6.6000 -1.9772
        vertex 2.5100 6.6000 -2.6404
    endloop
endfacet
facet normal 0.0000 0.4840 0.0000
    outer loop
        vertex 3.2484 6.6000 -1.9772
        vertex 3.2000 6.6000 -1.9200
        vertex 3.2000 6.6000 -0.3200
    endloop
endfacet
facet normal 0.0000 4.6405 0.0000
    outer loop
        vertex 3.2000 6.6000 -0.3200
        vertex 3.6732 6.6000 -1.1816
        vertex 3.2484 6.6000 -1.9772
    endloop
endfacet
facet normal 0.0000 4.3680 0.0000
    outer loop
        vertex 3.2000 6.6000 -0.3200
        vertex 3.2000 6.6000 1.2800
        vertex 3.6368 6.6000 0.7424
    endloop
endfacet
facet normal 0.0000 3.8590 0.0000
    outer loop
        vertex 3.6368 6.6000 0.7424
        vertex 3.8236 6.6000 -0.2168
        vertex 3.2000 6.6000 -0.3200
    endloop
endfacet
facet normal 0.0000 4.2467 0.0000
    outer loop
        vertex 1.6000 6.6000 1.2800
        vertex 1.1824 6.6000 2.0572
        vertex 2.1480 6.6000 1.8872
    endloop
endfacet
facet normal 0.0000 6.0720 0.0000
    outer loop
        vertex 2.1480 6.6000 1.8872
        vertex 3.2000 6.6000 1.2800
        vertex 1.6000 6.6000 1.2800
    endloop
endfacet
facet normal 0.0000 3.6633 0.0000
    outer loop
        vertex 3.2000 6.6000 -0.3200
        vertex 3.8236 6.6000 -0.2168
        vertex 3.6732 6.6000 -1.1816
    endloop
endfacet
facet normal -3.9656 5.5000 -1.3220
    outer loop
        vertex -1.8088 2.2000 1.2662
        vertex -1.6000 6.6000 1.2800
        vertex -1.6000 2.2000 1.2800
    endloop
endfacet
facet normal -3.9656 5.5000 -1.3220
    outer loop
        vertex -1.6000 6.6000 1.2800
        vertex -1.8088 2.2000 1.2662
        vertex -1.8088 6.6000 1.2662
    endloop
endfacet
facet normal -3.8980 5.5000 -1.3132
    outer loop
        vertex -2.0141 2.2000 1.2254
        vertex -1.8088 6.6000 1.2662
        vertex -1.8088 2.2000 1.2662
    endloop
endfacet
facet normal -3.8980 5.5000 -1.3132
    outer loop
        vertex -1.8088 6.6000 1.2662
        vertex -2.0141 2.2000 1.2254
        vertex -2.0141 6.6000 1.2254
    endloop
endfacet
facet normal -3.8320 5.5000 -1.2956
    outer loop
        vertex -2.2123 2.2000 1.1582
        vertex -2.0141 6.6000 1.2254
        vertex -2.0141 2.2000 1.2254
    endloop
endfacet
facet normal -3.8320 5.5000 -1.2956
    outer loop
        vertex -2.0141 6.6000 1.2254
        vertex -2.2123 2.2000 1.1582
        vertex -2.2123 6.6000 1.1582
    endloop
endfacet
facet normal -3.7684 5.5000 -1.2692
    outer loop
        vertex -2.4000 2.2000 1.0656
        vertex -2.2123 6.6000 1.1582
        vertex -2.2123 2.2000 1.1582
    endloop
endfacet
facet normal -3.7684 5.5000 -1.2692
    outer loop
        vertex -2.2123 6.6000 1.1582
        vertex -2.4000 2.2000 1.0656
        vertex -2.4000 6.6000 1.0656
    endloop
endfacet
facet normal -3.7096 5.5000 -1.2352
    outer loop
        vertex -2.5741 2.2000 0.9494
        vertex -2.4000 6.6000 1.0656
        vertex -2.4000 2.2000 1.0656
    endloop
endfacet
facet normal -3.7096 5.5000 -1.2352
    outer loop
        vertex -2.4000 6.6000 1.0656
        vertex -2.5741 2.2000 0.9494
        vertex -2.5741 6.6000 0.9494
    endloop
endfacet
facet normal -3.6548 5.5000 -1.1932
    outer loop
        vertex -2.7314 2.2000 0.8114
        vertex -2.5741 6.6000 0.9494
        vertex -2.5741 2.2000 0.9494
    endloop
endfacet
facet normal -3.6548 5.5000 -1.1932
    outer loop
        vertex -2.5741 6.6000 0.9494
        vertex -2.7314 2.2000 0.8114
        vertex -2.7314 6.6000 0.8114
    endloop
endfacet
facet normal -3.6068 5.5000 -1.1452
    outer loop
        vertex -2.8694 2.2000 0.6541
        vertex -2.7314 6.6000 0.8114
        vertex -2.7314 2.2000 0.8114
    endloop
endfacet
facet normal -3.6068 5.5000 -1.1452
    outer loop
        vertex -2.7314 6.6000 0.8114
        vertex -2.8694 2.2000 0.6541
        vertex -2.8694 6.6000 0.6541
    endloop
endfacet
facet normal -3.5648 5.5000 -1.0904
    outer loop
        vertex -2.9856 2.2000 0.4800
        vertex -2.8694 6.6000 0.6541
        vertex -2.8694 2.2000 0.6541
    endloop
endfacet
facet normal -3.5648 5.5000 -1.0904
    outer loop
        vertex -2.8694 6.6000 0.6541
        vertex -2.9856 2.2000 0.4800
        vertex -2.9856 6.6000 0.4800
    endloop
endfacet
facet normal -3.5308 5.5000 -1.0316
    outer loop
        vertex -3.0782 2.2000 0.2923
        vertex -2.9856 6.6000 0.4800
        vertex -2.9856 2.2000 0.4800
    endloop
endfacet
facet normal -3.5308 5.5000 -1.0316
    outer loop
        vertex -2.9856 6.6000 0.4800
        vertex -3.0782 2.2000 0.2923
        vertex -3.0782 6.6000 0.2923
    endloop
endfacet
facet normal -3.5044 5.5000 -0.9680
    outer loop
        vertex -3.1454 2.2000 0.0941
        vertex -3.0782 6.6000 0.2923
        vertex -3.0782 2.2000 0.2923
    endloop
endfacet
facet normal -3.5044 5.5000 -0.9680
    outer loop
        vertex -3.0782 6.6000 0.2923
        vertex -3.1454 2.2000 0.0941
        vertex -3.1454 6.6000 0.0941
    endloop
endfacet
facet normal -3.4868 5.5000 -0.9020
    outer loop
        vertex -3.1862 2.2000 -0.1112
        vertex -3.1454 6.6000 0.0941
        vertex -3.1454 2.2000 0.0941
    endloop
endfacet
facet normal -3.4868 5.5000 -0.9020
    outer loop
        vertex -3.1454 6.6000 0.0941
        vertex -3.1862 2.2000 -0.1112
        vertex -3.1862 6.6000 -0.1112
    endloop
endfacet
facet normal -3.4780 5.5000 -0.8344
    outer loop
        vertex -3.2000 2.2000 -0.3200
        vertex -3.1862 6.6000 -0.1112
        vertex -3.1862 2.2000 -0.1112
    endloop
endfacet
facet normal -3.4780 5.5000 -0.8344
    outer loop
        vertex -3.1862 6.6000 -0.1112
        vertex -3.2000 2.2000 -0.3200
        vertex -3.2000 6.6000 -0.3200
    endloop
endfacet
facet normal -3.4780 5.5000 -0.7656
    outer loop
        vertex -3.1862 2.2000 -0.5288
        vertex -3.2000 6.6000 -0.3200
        vertex -3.2000 2.2000 -0.3200
    endloop
endfacet
facet normal -3.4780 5.5000 -0.7656
    outer loop
        vertex -3.2000 6.6000 -0.3200
        vertex -3.1862 2.2000 -0.5288
        vertex -3.1862 6.6000 -0.5288
    endloop
endfacet
facet normal -3.4868 5.5000 -0.6980
    outer loop
        vertex -3.1454 2.2000 -0.7341
        vertex -3.1862 6.6000 -0.5288
        vertex -3.1862 2.2000 -0.5288
    endloop
endfacet
facet normal -3.4868 5.5000 -0.6980
    outer loop
        vertex -3.1862 6.6000 -0.5288
        vertex -3.1454 2.2000 -0.7341
        vertex -3.1454 6.6000 -0.7341
    endloop
endfacet
facet normal -3.5044 5.5000 -0.6320
    outer loop
        vertex -3.0782 2.2000 -0.9323
        vertex -3.1454 6.6000 -0.7341
        vertex -3.1454 2.2000 -0.7341
    endloop
endfacet
facet normal -3.5044 5.5000 -0.6320
    outer loop
        vertex -3.1454 6.6000 -0.7341
        vertex -3.0782 2.2000 -0.9323
        vertex -3.0782 6.6000 -0.9323
    endloop
endfacet
facet normal -3.5308 5.5000 -0.5684
    outer loop
        vertex -2.9856 2.2000 -1.1200
        vertex -3.0782 6.6000 -0.9323
        vertex -3.0782 2.2000 -0.9323
    endloop
endfacet
facet normal -3.5308 5.5000 -0.5684
    outer loop
        vertex -3.0782 6.6000 -0.9323
        vertex -2.9856 2.2000 -1.1200
        vertex -2.9856 6.6000 -1.1200
    endloop
endfacet
facet normal -3.5648 5.5000 -0.5096
    outer loop
        vertex -2.8694 2.2000 -1.2941
        vertex -2.9856 6.6000 -1.1200
        vertex -2.9856 2.2000 -1.1200
    endloop
endfacet
facet normal -3.5648 5.5000 -0.5096
    outer loop
        vertex -2.9856 6.6000 -1.1200
        vertex -2.8694 2.2000 -1.2941
        vertex -2.8694 6.6000 -1.2941
    endloop
endfacet
facet normal -3.6068 5.5000 -0.4548
    outer loop
        vertex -2.7314 2.2000 -1.4514
        vertex -2.8694 6.6000 -1.2941
        vertex -2.8694 2.2000 -1.2941
    endloop
endfacet
facet normal -3.6068 5.5000 -0.4548
    outer loop
        vertex -2.8694 6.6000 -1.2941
        vertex -2.7314 2.2000 -1.4514
        vertex -2.7314 6.6000 -1.4514
    endloop
endfacet
facet normal -3.6548 5.5000 -0.4068
    outer loop
        vertex -2.5741 2.2000 -1.5894
        vertex -2.7314 6.6000 -1.4514
        vertex -2.7314 2.2000 -1.4514
    endloop
endfacet
facet normal -3.6548 5.5000 -0.4068
    outer loop
        vertex -2.7314 6.6000 -1.4514
        vertex -2.5741 2.2000 -1.5894
        vertex -2.5741 6.6000 -1.5894
    endloop
endfacet
facet normal -3.7096 5.5000 -0.3648
    outer loop
        vertex -2.4000 2.2000 -1.7056
        vertex -2.5741 6.6000 -1.5894
        vertex -2.5741 2.2000 -1.5894
    endloop
endfacet
facet normal -3.7096 5.5000 -0.3648
    outer loop
        vertex -2.5741 6.6000 -1.5894
        vertex -2.4000 2.2000 -1.7056
        vertex -2.4000 6.6000 -1.7056
    endloop
endfacet
facet normal -3.7684 5.5000 -0.3308
    outer loop
        vertex -2.2123 2.2000 -1.7982
        vertex -2.4000 6.6000 -1.7056
        vertex -2.4000 2.2000 -1.7056
    endloop
endfacet
facet normal -3.7684 5.5000 -0.3308
    outer loop
        vertex -2.4000 6.6000 -1.7056
        vertex -2.2123 2.2000 -1.7982
        vertex -2.2123 6.6000 -1.7982
    endloop
endfacet
facet normal -3.8320 5.5000 -0.3044
    outer loop
        vertex -2.0141 2.2000 -1.8654
        vertex -2.2123 6.6000 -1.7982
        vertex -2.2123 2.2000 -1.7982
    endloop
endfacet
facet normal -3.8320 5.5000 -0.3044
    outer loop
        vertex -2.2123 6.6000 -1.7982
        vertex -2.0141 2.2000 -1.8654
        vertex -2.0141 6.6000 -1.8654
    endloop
endfacet
facet normal -3.8980 5.5000 -0.2868
    outer loop
        vertex -1.8088 2.2000 -1.9062
        vertex -2.0141 6.6000 -1.8654
        vertex -2.0141 2.2000 -1.8654
    endloop
endfacet
facet normal -3.8980 5.5000 -0.2868
    outer loop
        vertex -2.0141 6.6000 -1.8654
        vertex -1.8088 2.2000 -1.9062
        vertex -1.8088 6.6000 -1.9062
    endloop
endfacet
facet normal -3.9656 5.5000 -0.2780
    outer loop
        vertex -1.6000 2.2000 -1.9200
        vertex -1.8088 6.6000 -1.9062
        vertex -1.8088 2.2000 -1.9062
    endloop
endfacet
facet normal -3.9656 5.5000 -0.2780
    outer loop
        vertex -1.8088 6.6000 -1.9062
        vertex -1.6000 2.2000 -1.9200
        vertex -1.6000 6.6000 -1.9200
    endloop
endfacet
facet normal -4.0000 5.2412 -0.8000
    outer loop
        vertex -1.8088 2.2000 1.2662
        vertex -1.6000 2.2000 -1.9200
        vertex -1.8088 2.2000 -1.9062
    endloop
endfacet
facet normal -4.0000 5.2390 -0.8000
    outer loop
        vertex -1.6000 2.2000 -1.9200
        vertex -1.8088 2.2000 1.2662
        vertex -1.6000 2.2000 1.2800
    endloop
endfacet
facet normal -4.0000 5.2522 -0.8000
    outer loop
        vertex -2.0141 2.2000 1.2254
        vertex -1.8088 2.2000 -1.9062
        vertex -2.0141 2.2000 -1.8654
    endloop
endfacet
facet normal -4.0000 5.2456 -0.8000
    outer loop
        vertex -1.8088 2.2000 -1.9062
        vertex -2.0141 2.2000 1.2254
        vertex -1.8088 2.2000 1.2662
    endloop
endfacet
facet normal -4.0000 5.2711 -0.8000
    outer loop
        vertex -2.2123 2.2000 1.1582
        vertex -2.0141 2.2000 -1.8654
        vertex -2.2123 2.2000 -1.7982
    endloop
endfacet
facet normal -4.0000 5.2606 -0.8000
    outer loop
        vertex -2.0141 2.2000 -1.8654
        vertex -2.2123 2.2000 1.1582
        vertex -2.0141 2.2000 1.2254
    endloop
endfacet
facet normal -4.0000 5.2968 -0.8000
    outer loop
        vertex -2.4000 2.2000 1.0656
        vertex -2.2123 2.2000 -1.7982
        vertex -2.4000 2.2000 -1.7056
    endloop
endfacet
facet normal -4.0000 5.2833 -0.8000
    outer loop
        vertex -2.2123 2.2000 -1.7982
        vertex -2.4000 2.2000 1.0656
        vertex -2.2123 2.2000 1.1582
    endloop
endfacet
facet normal -4.0000 5.3274 -0.8000
    outer loop
        vertex -2.5741 2.2000 0.9494
        vertex -2.4000 2.2000 -1.7056
        vertex -2.5741 2.2000 -1.5894
    endloop
endfacet
facet normal -4.0000 5.3116 -0.8000
    outer loop
        vertex -2.4000 2.2000 -1.7056
        vertex -2.5741 2.2000 0.9494
        vertex -2.4000 2.2000 1.0656
    endloop
endfacet
facet normal -4.0000 5.3610 -0.8000
    outer loop
        vertex -2.7314 2.2000 0.8114
        vertex -2.5741 2.2000 -1.5894
        vertex -2.7314 2.2000 -1.4514
    endloop
endfacet
facet normal -4.0000 5.3440 -0.8000
    outer loop
        vertex -2.5741 2.2000 -1.5894
        vertex -2.7314 2.2000 0.8114
        vertex -2.5741 2.2000 0.9494
    endloop
endfacet
facet normal -4.0000 5.3949 -0.8000
    outer loop
        vertex -2.8694 2.2000 0.6541
        vertex -2.7314 2.2000 -1.4514
        vertex -2.8694 2.2000 -1.2941
    endloop
endfacet
facet normal -4.0000 5.3780 -0.8000
    outer loop
        vertex -2.7314 2.2000 -1.4514
        vertex -2.8694 2.2000 0.6541
        vertex -2.7314 2.2000 0.8114
    endloop
endfacet
facet normal -4.0000 5.4274 -0.8000
    outer loop
        vertex -2.9856 2.2000 0.4800
        vertex -2.8694 2.2000 -1.2941
        vertex -2.9856 2.2000 -1.1200
    endloop
endfacet
facet normal -4.0000 5.4116 -0.8000
    outer loop
        vertex -2.8694 2.2000 -1.2941
        vertex -2.9856 2.2000 0.4800
        vertex -2.8694 2.2000 0.6541
    endloop
endfacet
facet normal -4.0000 5.4557 -0.8000
    outer loop
        vertex -3.0782 2.2000 0.2923
        vertex -2.9856 2.2000 -1.1200
        vertex -3.0782 2.2000 -0.9323
    endloop
endfacet
facet normal -4.0000 5.4421 -0.8000
    outer loop
        vertex -2.9856 2.2000 -1.1200
        vertex -3.0782 2.2000 0.2923
        vertex -2.9856 2.2000 0.4800
    endloop
endfacet
facet normal -4.0000 5.4783 -0.8000
    outer loop
        vertex -3.1454 2.2000 0.0941
        vertex -3.0782 2.2000 -0.9323
        vertex -3.1454 2.2000 -0.7341
    endloop
endfacet
facet normal -4.0000 5.4679 -0.8000
    outer loop
        vertex -3.0782 2.2000 -0.9323
        vertex -3.1454 2.2000 0.0941
        vertex -3.0782 2.2000 0.2923
    endloop
endfacet
facet normal -4.0000 5.4933 -0.8000
    outer loop
        vertex -3.1862 2.2000 -0.1112
        vertex -3.1454 2.2000 -0.7341
        vertex -3.1862 2.2000 -0.5288
    endloop
endfacet
facet normal -4.0000 5.4868 -0.8000
    outer loop
        vertex -3.1454 2.2000 -0.7341
        vertex -3.1862 2.2000 -0.1112
        vertex -3.1454 2.2000 0.0941
    endloop
endfacet
facet normal -4.0000 5.4978 -0.8000
    outer loop
        vertex -3.2000 2.2000 -0.3200
        vertex -3.1862 2.2000 -0.1112
        vertex -3.1862 2.2000 -0.5288
    endloop
endfacet
facet normal -4.0000 16.4914 -0.8000
    outer loop
        vertex -3.2000 6.6000 1.2800
        vertex -1.6000 6.6000 1.2800
        vertex -1.8088 6.6000 1.2662
    endloop
endfacet
facet normal -4.0000 16.4767 -0.8000
    outer loop
        vertex -3.2000 6.6000 1.2800
        vertex -1.8088 6.6000 1.2662
        vertex -2.0141 6.6000 1.2254
    endloop
endfacet
facet normal -4.0000 16.4646 -0.8000
    outer loop
        vertex -3.2000 6.6000 1.2800
        vertex -2.0141 6.6000 1.2254
        vertex -2.2123 6.6000 1.1582
    endloop
endfacet
facet normal -4.0000 16.4553 -0.8000
    outer loop
        vertex -3.2000 6.6000 1.2800
        vertex -2.2123 6.6000 1.1582
        vertex -2.4000 6.6000 1.0656
    endloop
endfacet
facet normal -4.0000 16.4491 -0.8000
    outer loop
        vertex -3.2000 6.6000 1.2800
        vertex -2.4000 6.6000 1.0656
        vertex -2.5741 6.6000 0.9494
    endloop
endfacet
facet normal -4.0000 16.4459 -0.8000
    outer loop
        vertex -3.2000 6.6000 1.2800
        vertex -2.5741 6.6000 0.9494
        vertex -2.7314 6.6000 0.8114
    endloop
endfacet
facet normal -4.0000 16.4459 -0.8000
    outer loop
        vertex -3.2000 6.6000 1.2800
        vertex -2.7314 6.6000 0.8114
        vertex -2.8694 6.6000 0.6541
    endloop
endfacet
facet normal -4.0000 16.4491 -0.8000
    outer loop
        vertex -3.2000 6.6000 1.2800
        vertex -2.8694 6.6000 0.6541
        vertex -2.9856 6.6000 0.4800
    endloop
endfacet
facet normal -4.0000 16.4553 -0.8000
    outer loop
        vertex -3.2000 6.6000 1.2800
        vertex -2.9856 6.6000 0.4800
        vertex -3.0782 6.6000 0.2923
    endloop
endfacet
facet normal -4.0000 16.4646 -0.8000
    outer loop
        vertex -3.2000 6.6000 1.2800
        vertex -3.0782 6.6000 0.2923
        vertex -3.1454 6.6000 0.0941
    endloop
endfacet
facet normal -4.0000 16.4767 -0.8000
    outer loop
        vertex -3.2000 6.6000 1.2800
        vertex -3.1454 6.6000 0.0941
        vertex -3.1862 6.6000 -0.1112
    endloop
endfacet
facet normal -4.0000 16.4914 -0.8000
    outer loop
        vertex -3.2000 6.6000 1.2800
        vertex -3.1862 6.6000 -0.1112
        vertex -3.2000 6.6000 -0.3200
    endloop
endfacet
facet normal -4.0000 16.4914 -0.8000
    outer loop
        vertex -3.2000 6.6000 -1.9200
        vertex -3.2000 6.6000 -0.3200
        vertex -3.1862 6.6000 -0.5288
    endloop
endfacet
facet normal -4.0000 16.4767 -0.8000
    outer loop
        vertex -3.2000 6.6000 -1.9200
        vertex -3.1862 6.6000 -0.5288
        vertex -3.1454 6.6000 -0.7341
    endloop
endfacet
facet normal -4.0000 16.4646 -0.8000
    outer loop
        vertex -3.2000 6.6000 -1.9200
        vertex -3.1454 6.6000 -0.7341
        vertex -3.0782 6.6000 -0.9323
    endloop
endfacet
facet normal -4.0000 16.4553 -0.8000
    outer loop
        vertex -3.2000 6.6000 -1.9200
        vertex -3.0782 6.6000 -0.9323
        vertex -2.9856 6.6000 -1.1200
    endloop
endfacet
facet normal -4.0000 16.4491 -0.8000
    outer loop
        vertex -3.2000 6.6000 -1.9200
        vertex -2.9856 6.6000 -1.1200
        vertex -2.8694 6.6000 -1.2941
    endloop
endfacet
facet normal -4.0000 16.4459 -0.8000
    outer loop
        vertex -3.2000 6.6000 -1.9200
        vertex -2.8694 6.6000 -1.2941
        vertex -2.7314 6.6000 -1.4514
    endloop
endfacet
facet normal -4.0000 16.4459 -0.8000
    outer loop
        vertex -3.2000 6.6000 -1.9200
        vertex -2.7314 6.6000 -1.4514
        vertex -2.5741 6.6000 -1.5894
    endloop
endfacet
facet normal -4.0000 16.4491 -0.8000
    outer loop
        vertex -3.2000 6.6000 -1.9200
        vertex -2.5741 6.6000 -1.5894
        vertex -2.4000 6.6000 -1.7056
    endloop
endfacet
facet normal -4.0000 16.4553 -0.8000
    outer loop
        vertex -3.2000 6.6000 -1.9200
        vertex -2.4000 6.6000 -1.7056
        vertex -2.2123 6.6000 -1.7982
    endloop
endfacet
facet normal -4.0000 16.4646 -0.8000
    outer loop
        vertex -3.2000 6.6000 -1.9200
        vertex -2.2123 6.6000 -1.7982
        vertex -2.0141 6.6000 -1.8654
    endloop
endfacet
facet normal -4.0000 16.4767 -0.8000
    outer loop
        vertex -3.2000 6.6000 -1.9200
        vertex -2.0141 6.6000 -1.8654
        vertex -1.8088 6.6000 -1.9062
    endloop
endfacet
facet normal -4.0000 16.4914 -0.8000
    outer loop
        vertex -3.2000 6.6000 -1.9200
        vertex -1.8088 6.6000 -1.9062
        vertex -1.6000 6.6000 -1.9200
    endloop
endfacet
facet normal 0.0000 8.6292 0.0000
    outer loop
        vertex -1.6000 6.6000 -1.9200
        vertex 0.0000 6.6000 -3.0836
        vertex -1.3136 6.6000 -2.9912
    endloop
endfacet
facet normal 0.0000 7.3820 0.0000
    outer loop
        vertex -1.3136 6.6000 -2.9912
        vertex -2.5100 6.6000 -2.6404
        vertex -1.6000 6.6000 -1.9200
    endloop
endfacet
facet normal 0.0000 7.2040 0.0000
    outer loop
        vertex -3.2000 6.6000 -1.9200
        vertex -1.6000 6.6000 -1.9200
        vertex -2.5100 6.6000 -2.6404
    endloop
endfacet
facet normal 0.0000 0.4646 0.0000
    outer loop
        vertex -2.5100 6.6000 -2.6404
        vertex -3.2484 6.6000 -1.9772
        vertex -3.2000 6.6000 -1.9200
    endloop
endfacet
facet normal 0.0000 0.4840 0.0000
    outer loop
        vertex -3.2000 6.6000 -0.3200
        vertex -3.2000 6.6000 -1.9200
        vertex -3.2484 6.6000 -1.9772
    endloop
endfacet
facet normal 0.0000 4.6405 0.0000
    outer loop
        vertex -3.2484 6.6000 -1.9772
        vertex -3.6732 6.6000 -1.1816
        vertex -3.2000 6.6000 -0.3200
    endloop
endfacet
facet normal 0.0000 4.3680 0.0000
    outer loop
        vertex -3.6368 6.6000 0.7424
        vertex -3.2000 6.6000 1.2800
        vertex -3.2000 6.6000 -0.3200
    endloop
endfacet
facet normal 0.0000 3.8590 0.0000
    outer loop
        vertex -3.2000 6.6000 -0.3200
        vertex -3.8236 6.6000 -0.2168
        vertex -3.6368 6.6000 0.7424
    endloop
endfacet
facet normal 0.0000 4.2467 0.0000
    outer loop
        vertex -2.1480 6.6000 1.8872
        vertex -1.1824 6.6000 2.0572
        vertex -1.6000 6.6000 1.2800
    endloop
endfacet
facet normal 0.0000 6.0720 0.0000
    outer loop
        vertex -1.6000 6.6000 1.2800
        vertex -3.2000 6.6000 1.2800
        vertex -2.1480 6.6000 1.8872
    endloop
endfacet
facet normal 0.0000 3.6633 0.0000
    outer loop
        vertex -3.8236 6.6000 -0.2168
        vertex -3.2000 6.6000 -0.3200
        vertex -3.6732 6.6000 -1.1816
    endloop
endfacet
facet normal 0.0000 -27.5000 -0.8000
    outer loop
        vertex 1.6000 2.2000 -1.9200
        vertex -1.6000 2.2000 -1.9200
        vertex -1.6000 2.2000 1.2800
    endloop
endfacet
facet normal 0.0000 -27.5000 -0.8000
    outer loop
        vertex -1.6000 2.2000 1.2800
        vertex 1.6000 2.2000 1.2800
        vertex 1.6000 2.2000 -1.9200
    endloop
endfacet
facet normal 0.0000 16.5000 7.2000
    outer loop
        vertex -1.6000 2.2000 1.2800
        vertex -1.6000 6.6000 1.2800
        vertex 1.6000 6.6000 1.2800
    endloop
endfacet
facet normal 0.0000 16.5000 7.2000
    outer loop
        vertex 1.6000 6.6000 1.2800
        vertex 1.6000 2.2000 1.2800
        vertex -1.6000 2.2000 1.2800
    endloop
endfacet
facet normal 0.0000 16.5000 -8.8000
    outer loop
        vertex 1.6000 2.2000 -1.9200
        vertex 1.6000 6.6000 -1.9200
        vertex -1.6000 6.6000 -1.9200
    endloop
endfacet
facet normal 0.0000 16.5000 -8.8000
    outer loop
        vertex -1.6000 6.6000 -1.9200
        vertex -1.6000 2.2000 -1.9200
        vertex 1.6000 2.2000 -1.9200
    endloop
endfacet
facet normal 0.0000 11.4870 0.0000
    outer loop
        vertex -1.6000 6.6000 1.2800
        vertex -1.1824 6.6000 2.0572
        vertex 1.1824 6.6000 2.0572
    endloop
endfacet
facet normal 0.0000 15.5440 0.0000
    outer loop
        vertex 1.1824 6.6000 2.0572
        vertex 1.6000 6.6000 1.2800
        vertex -1.6000 6.6000 1.2800
    endloop
endfacet
facet normal 0.0000 23.2720 0.0000
    outer loop
        vertex 1.6000 6.6000 -1.9200
        vertex 0.0000 6.6000 -3.0836
        vertex -1.6000 6.6000 -1.9200
    endloop
endfacet
facet normal 4.0000 -0.0215 0.3263
    outer loop
        vertex 1.6000 0.1305 -0.9914
        vertex -1.6000 0.0000 -1.0000
        vertex 1.6000 0.0000 -1.0000
    endloop
endfacet
facet normal 4.0000 -0.0215 0.3263
    outer loop
        vertex -1.6000 0.0000 -1.0000
        vertex 1.6000 0.1305 -0.9914
        vertex -1.6000 0.1305 -0.9914
    endloop
endfacet
facet normal 4.0000 -0.0637 0.3207
    outer loop
        vertex 1.6000 0.2588 -0.9659
        vertex -1.6000 0.1305 -0.9914
        vertex 1.6000 0.1305 -0.9914
    endloop
endfacet
facet normal 4.0000 -0.0637 0.3207
    outer loop
        vertex -1.6000 0.1305 -0.9914
        vertex 1.6000 0.2588 -0.9659
        vertex -1.6000 0.2588 -0.9659
    endloop
endfacet
facet normal 4.0000 -0.1050 0.3098
    outer loop
        vertex 1.6000 0.3827 -0.9239
        vertex -1.6000 0.2588 -0.9659
        vertex 1.6000 0.2588 -0.9659
    endloop
endfacet
facet normal 4.0000 -0.1050 0.3098
    outer loop
        vertex -1.6000 0.2588 -0.9659
        vertex 1.6000 0.3827 -0.9239
        vertex -1.6000 0.3827 -0.9239
    endloop
endfacet
facet normal 4.0000 -0.1448 0.2933
    outer loop
        vertex 1.6000 0.5000 -0.8660
        vertex -1.6000 0.3827 -0.9239
        vertex 1.6000 0.3827 -0.9239
    endloop
endfacet
facet normal 4.0000 -0.1448 0.2933
    outer loop
        vertex -1.6000 0.3827 -0.9239
        vertex 1.6000 0.5000 -0.8660
        vertex -1.6000 0.5000 -0.8660
    endloop
endfacet
facet normal 4.0000 -0.1815 0.2720
    outer loop
        vertex 1.6000 0.6088 -0.7934
        vertex -1.6000 0.5000 -0.8660
        vertex 1.6000 0.5000 -0.8660
    endloop
endfacet
facet normal 4.0000 -0.1815 0.2720
    outer loop
        vertex -1.6000 0.5000 -0.8660
        vertex 1.6000 0.6088 -0.7934
        vertex -1.6000 0.6088 -0.7934
    endloop
endfacet
facet normal 4.0000 -0.2158 0.2457
    outer loop
        vertex 1.6000 0.7071 -0.7071
        vertex -1.6000 0.6088 -0.7934
        vertex 1.6000 0.6088 -0.7934
    endloop
endfacet
facet normal 4.0000 -0.2158 0.2457
    outer loop
        vertex -1.6000 0.6088 -0.7934
        vertex 1.6000 0.7071 -0.7071
        vertex -1.6000 0.7071 -0.7071
    endloop
endfacet
facet normal 4.0000 -0.2457 0.2158
    outer loop
        vertex 1.6000 0.7934 -0.6088
        vertex -1.6000 0.7071 -0.7071
        vertex 1.6000 0.7071 -0.7071
    endloop
endfacet
facet normal 4.0000 -0.2457 0.2158
    outer loop
        vertex -1.6000 0.7071 -0.7071
        vertex 1.6000 0.7934 -0.6088
        vertex -1.6000 0.7934 -0.6088
    endloop
endfacet
facet normal 4.0000 -0.2720 0.1815
    outer loop
        vertex 1.6000 0.8660 -0.5000
        vertex -1.6000 0.7934 -0.6088
        vertex 1.6000 0.7934 -0.6088
    endloop
endfacet
facet normal 4.0000 -0.2720 0.1815
    outer loop
        vertex -1.6000 0.7934 -0.6088
        vertex 1.6000 0.8660 -0.5000
        vertex -1.6000 0.8660 -0.5000
    endloop
endfacet
facet normal 4.0000 -0.2933 0.1448
    outer loop
        vertex 1.6000 0.9239 -0.3827
        vertex -1.6000 0.8660 -0.5000
        vertex 1.6000 0.8660 -0.5000
    endloop
endfacet
facet normal 4.0000 -0.2933 0.1448
    outer loop
        vertex -1.6000 0.8660 -0.5000
        vertex 1.6000 0.9239 -0.3827
        vertex -1.6000 0.9239 -0.3827
    endloop
endfacet
facet normal 4.0000 -0.3098 0.1050
    outer loop
        vertex 1.6000 0.9659 -0.2588
        vertex -1.6000 0.9239 -0.3827
        vertex 1.6000 0.9239 -0.3827
    endloop
endfacet
facet normal 4.0000 -0.3098 0.1050
    outer loop
        vertex -1.6000 0.9239 -0.3827
        vertex 1.6000 0.9659 -0.2588
        vertex -1.6000 0.9659 -0.2588
    endloop
endfacet
facet normal 4.0000 -0.3207 0.0637
    outer loop
        vertex 1.6000 0.9914 -0.1305
        vertex -1.6000 0.9659 -0.2588
        vertex 1.6000 0.9659 -0.2588
    endloop
endfacet
facet normal 4.0000 -0.3207 0.0637
    outer loop
        vertex -1.6000 0.9659 -0.2588
        vertex 1.6000 0.9914 -0.1305
        vertex -1.6000 0.9914 -0.1305
    endloop
endfacet
facet normal 4.0000 -0.3263 0.0215
    outer loop
        vertex 1.6000 1.0000 0.0000
        vertex -1.6000 0.9914 -0.1305
        vertex 1.6000 0.9914 -0.1305
    endloop
endfacet
facet normal 4.0000 -0.3263 0.0215
    outer loop
        vertex -1.6000 0.9914 -0.1305
        vertex 1.6000 1.0000 0.0000
        vertex -1.6000 1.0000 0.0000
    endloop
endfacet
facet normal 4.0000 -0.3263 -0.0215
    outer loop
        vertex 1.6000 0.9914 0.1305
        vertex -1.6000 1.0000 0.0000
        vertex 1.6000 1.0000 0.0000
    endloop
endfacet
facet normal 4.0000 -0.3263 -0.0215
    outer loop
        vertex -1.6000 1.0000 0.0000
        vertex 1.6000 0.9914 0.1305
        vertex -1.6000 0.9914 0.1305
    endloop
endfacet
facet normal 4.0000 -0.3207 -0.0637
    outer loop
        vertex 1.6000 0.9659 0.2588
        vertex -1.6000 0.9914 0.1305
        vertex 1.6000 0.9914 0.1305
    endloop
endfacet
facet normal 4.0000 -0.3207 -0.0637
    outer loop
        vertex -1.6000 0.9914 0.1305
        vertex 1.6000 0.9659 0.2588
        vertex -1.6000 0.9659 0.2588
    endloop
endfacet
facet normal 4.0000 -0.3098 -0.1050
    outer loop
        vertex 1.6000 0.9239 0.3827
        vertex -1.6000 0.9659 0.2588
        vertex 1.6000 0.9659 0.2588
    endloop
endfacet
facet normal 4.0000 -0.3098 -0.1050
    outer loop
        vertex -1.6000 0.9659 0.2588
        vertex 1.6000 0.9239 0.3827
        vertex -1.6000 0.9239 0.3827
    endloop
endfacet
facet normal 4.0000 -0.2933 -0.1448
    outer loop
        vertex 1.6000 0.8660 0.5000
        vertex -1.6000 0.9239 0.3827
        vertex 1.6000 0.9239 0.3827
    endloop
endfacet
facet normal 4.0000 -0.2933 -0.1448
    outer loop
        vertex -1.6000 0.9239 0.3827
        vertex 1.6000 0.8660 0.5000
        vertex -1.6000 0.8660 0.5000
    endloop
endfacet
facet normal 4.0000 -0.2720 -0.1815
    outer loop
        vertex 1.6000 0.7934 0.6088
        vertex -1.6000 0.8660 0.5000
        vertex 1.6000 0.8660 0.5000
    endloop
endfacet
facet normal 4.0000 -0.2720 -0.1815
    outer loop
        vertex -1.6000 0.8660 0.5000
        vertex 1.6000 0.7934 0.6088
        vertex -1.6000 0.7934 0.6088
    endloop
endfacet
facet normal 4.0000 -0.2457 -0.2158
    outer loop
        vertex 1.6000 0.7071 0.7071
        vertex -1.6000 0.7934 0.6088
        vertex 1.6000 0.7934 0.6088
    endloop
endfacet
facet normal 4.0000 -0.2457 -0.2158
    outer loop
        vertex -1.6000 0.7934 0.6088
        vertex 1.6000 0.7071 0.7071
        vertex -1.6000 0.7071 0.7071
    endloop
endfacet
facet normal 4.0000 -0.2158 -0.2457
    outer loop
        vertex 1.6000 0.6088 0.7934
        vertex -1.6000 0.7071 0.7071
        vertex 1.6000 0.7071 0.7071
    endloop
endfacet
facet normal 4.0000 -0.2158 -0.2457
    outer loop
        vertex -1.6000 0.7071 0.7071
        vertex 1.6000 0.6088 0.7934
        vertex -1.6000 0.6088 0.7934
    endloop
endfacet
facet normal 4.0000 -0.1815 -0.2720
    outer loop
        vertex 1.6000 0.5000 0.8660
        vertex -1.6000 0.6088 0.7934
        vertex 1.6000 0.6088 0.7934
    endloop
endfacet
facet normal 4.0000 -0.1815 -0.2720
    outer loop
        vertex -1.6000 0.6088 0.7934
        vertex 1.6000 0.5000 0.8660
        vertex -1.6000 0.5000 0.8660
    endloop
endfacet
facet normal 4.0000 -0.1448 -0.2933
    outer loop
        vertex 1.6000 0.3827 0.9239
        vertex -1.6000 0.5000 0.8660
        vertex 1.6000 0.5000 0.8660
    endloop
endfacet
facet normal 4.0000 -0.1448 -0.2933
    outer loop
        vertex -1.6000 0.5000 0.8660
        vertex 1.6000 0.3827 0.9239
        vertex -1.6000 0.3827 0.9239
    endloop
endfacet
facet normal 4.0000 -0.1050 -0.3098
    outer loop
        vertex 1.6000 0.2588 0.9659
        vertex -1.6000 0.3827 0.9239
        vertex 1.6000 0.3827 0.9239
    endloop
endfacet
facet normal 4.0000 -0.1050 -0.3098
    outer loop
        vertex -1.6000 0.3827 0.9239
        vertex 1.6000 0.2588 0.9659
        vertex -1.6000 0.2588 0.9659
    endloop
endfacet
facet normal 4.0000 -0.0637 -0.3207
    outer loop
        vertex 1.6000 0.1305 0.9914
        vertex -1.6000 0.2588 0.9659
        vertex 1.6000 0.2588 0.9659
    endloop
endfacet
facet normal 4.0000 -0.0637 -0.3207
    outer loop
        vertex -1.6000 0.2588 0.9659
        vertex 1.6000 0.1305 0.9914
        vertex -1.6000 0.1305 0.9914
    endloop
endfacet
facet normal 4.0000 -0.0215 -0.3263
    outer loop
        vertex 1.6000 0.0000 1.0000
        vertex -1.6000 0.1305 0.9914
        vertex 1.6000 0.1305 0.9914
    endloop
endfacet
facet normal 4.0000 -0.0215 -0.3263
    outer loop
        vertex -1.6000 0.1305 0.9914
        vertex 1.6000 0.0000 1.0000
        vertex -1.6000 0.0000 1.0000
    endloop
endfacet
facet normal 4.0000 0.0215 -0.3263
    outer loop
        vertex 1.6000 -0.1305 0.9914
        vertex -1.6000 0.0000 1.0000
        vertex 1.6000 0.0000 1.0000
    endloop
endfacet
facet normal 4.0000 0.0215 -0.3263
    outer loop
        vertex -1.6000 0.0000 1.0000
        vertex 1.6000 -0.1305 0.9914
        vertex -1.6000 -0.1305 0.9914
    endloop
endfacet
facet normal 4.0000 0.0637 -0.3207
    outer loop
        vertex 1.6000 -0.2588 0.9659
        vertex -1.6000 -0.1305 0.9914
        vertex 1.6000 -0.1305 0.9914
    endloop
endfacet
facet normal 4.0000 0.0637 -0.3207
    outer loop
        vertex -1.6000 -0.1305 0.9914
        vertex 1.6000 -0.2588 0.9659
        vertex -1.6000 -0.2588 0.9659
    endloop
endfacet
facet normal 4.0000 0.1050 -0.3098
    outer loop
        vertex 1.6000 -0.3827 0.9239
        vertex -1.6000 -0.2588 0.9659
        vertex 1.6000 -0.2588 0.9659
    endloop
endfacet
facet normal 4.0000 0.1050 -0.3098
    outer loop
        vertex -1.6000 -0.2588 0.9659
        vertex 1.6000 -0.3827 0.9239
        vertex -1.6000 -0.3827 0.9239
    endloop
endfacet
facet normal 4.0000 0.1448 -0.2933
    outer loop
        vertex 1.6000 -0.5000 0.8660
        vertex -1.6000 -0.3827 0.9239
        vertex 1.6000 -0.3827 0.9239
    endloop
endfacet
facet normal 4.0000 0.1448 -0.2933
    outer loop
        vertex -1.6000 -0.3827 0.9239
        vertex 1.6000 -0.5000 0.8660
        vertex -1.6000 -0.5000 0.8660
    endloop
endfacet
facet normal 4.0000 0.1815 -0.2720
    outer loop
        vertex 1.6000 -0.6088 0.7934
        vertex -1.6000 -0.5000 0.8660
        vertex 1.6000 -0.5000 0.8660
    endloop
endfacet
facet normal 4.0000 0.1815 -0.2720
    outer loop
        vertex -1.6000 -0.5000 0.8660
        vertex 1.6000 -0.6088 0.7934
        vertex -1.6000 -0.6088 0.7934
    endloop
endfacet
facet normal 4.0000 0.2158 -0.2457
    outer loop
        vertex 1.6000 -0.7071 0.7071
        vertex -1.6000 -0.6088 0.7934
        vertex 1.6000 -0.6088 0.7934
    endloop
endfacet
facet normal 4.0000 0.2158 -0.2457
    outer loop
        vertex -1.6000 -0.6088 0.7934
        vertex 1.6000 -0.7071 0.7071
        vertex -1.6000 -0.7071 0.7071
    endloop
endfacet
facet normal 4.0000 0.2457 -0.2158
    outer loop
        vertex 1.6000 -0.7934 0.6088
        vertex -1.6000 -0.7071 0.7071
        vertex 1.6000 -0.7071 0.7071
    endloop
endfacet
facet normal 4.0000 0.2457 -0.2158
    outer loop
        vertex -1.6000 -0.7071 0.7071
        vertex 1.6000 -0.7934 0.6088
        vertex -1.6000 -0.7934 0.6088
    endloop
endfacet
facet normal 4.0000 0.2720 -0.1815
    outer loop
        vertex 1.6000 -0.8660 0.5000
        vertex -1.6000 -0.7934 0.6088
        vertex 1.6000 -0.7934 0.6088
    endloop
endfacet
facet normal 4.0000 0.2720 -0.1815
    outer loop
        vertex -1.6000 -0.7934 0.6088
        vertex 1.6000 -0.8660 0.5000
        vertex -1.6000 -0.8660 0.5000
    endloop
endfacet
facet normal 4.0000 0.2933 -0.1448
    outer loop
        vertex 1.6000 -0.9239 0.3827
        vertex -1.6000 -0.8660 0.5000
        vertex 1.6000 -0.8660 0.5000
    endloop
endfacet
facet normal 4.0000 0.2933 -0.1448
    outer loop
        vertex -1.6000 -0.8660 0.5000
        vertex 1.6000 -0.9239 0.3827
        vertex -1.6000 -0.9239 0.3827
    endloop
endfacet
facet normal 4.0000 0.3098 -0.1050
    outer loop
        vertex 1.6000 -0.9659 0.2588
        vertex -1.6000 -0.9239 0.3827
        vertex 1.6000 -0.9239 0.3827
    endloop
endfacet
facet normal 4.0000 0.3098 -0.1050
    outer loop
        vertex -1.6000 -0.9239 0.3827
        vertex 1.6000 -0.9659 0.2588
        vertex -1.6000 -0.9659 0.2588
    endloop
endfacet
facet normal 4.0000 0.3207 -0.0637
    outer loop
        vertex 1.6000 -0.9914 0.1305
        vertex -1.6000 -0.9659 0.2588
        vertex 1.6000 -0.9659 0.2588
    endloop
endfacet
facet normal 4.0000 0.3207 -0.0637
    outer loop
        vertex -1.6000 -0.9659 0.2588
        vertex 1.6000 -0.9914 0.1305
        vertex -1.6000 -0.9914 0.1305
    endloop
endfacet
facet normal 4.0000 0.3263 -0.0215
    outer loop
        vertex 1.6000 -1.0000 0.0000
        vertex -1.6000 -0.9914 0.1305
        vertex 1.6000 -0.9914 0.1305
    endloop
endfacet
facet normal 4.0000 0.3263 -0.0215
    outer loop
        vertex -1.6000 -0.9914 0.1305
        vertex 1.6000 -1.0000 0.0000
        vertex -1.6000 -1.0000 0.0000
    endloop
endfacet
facet normal 4.0000 0.3263 0.0215
    outer loop
        vertex 1.6000 -0.9914 -0.1305
        vertex -1.6000 -1.0000 0.0000
        vertex 1.6000 -1.0000 0.0000
    endloop
endfacet
facet normal 4.0000 0.3263 0.0215
    outer loop
        vertex -1.6000 -1.0000 0.0000
        vertex 1.6000 -0.9914 -0.1305
        vertex -1.6000 -0.9914 -0.1305
    endloop
endfacet
facet normal 4.0000 0.3207 0.0637
    outer loop
        vertex 1.6000 -0.9659 -0.2588
        vertex -1.6000 -0.9914 -0.1305
        vertex 1.6000 -0.9914 -0.1305
    endloop
endfacet
facet normal 4.0000 0.3207 0.0637
    outer loop
        vertex -1.6000 -0.9914 -0.1305
        vertex 1.6000 -0.9659 -0.2588
        vertex -1.6000 -0.9659 -0.2588
    endloop
endfacet
facet normal 4.0000 0.3098 0.1050
    outer loop
        vertex 1.6000 -0.9239 -0.3827
        vertex -1.6000 -0.9659 -0.2588
        vertex 1.6000 -0.9659 -0.2588
    endloop
endfacet
facet normal 4.0000 0.3098 0.1050
    outer loop
        vertex -1.6000 -0.9659 -0.2588
        vertex 1.6000 -0.9239 -0.3827
        vertex -1.6000 -0.9239 -0.3827
    endloop
endfacet
facet normal 4.0000 0.2933 0.1448
    outer loop
        vertex 1.6000 -0.8660 -0.5000
        vertex -1.6000 -0.9239 -0.3827
        vertex 1.6000 -0.9239 -0.3827
    endloop
endfacet
facet normal 4.0000 0.2933 0.1448
    outer loop
        vertex -1.6000 -0.9239 -0.3827
        vertex 1.6000 -0.8660 -0.5000
        vertex -1.6000 -0.8660 -0.5000
    endloop
endfacet
facet normal 4.0000 0.2720 0.1815
    outer loop
        vertex 1.6000 -0.7934 -0.6088
        vertex -1.6000 -0.8660 -0.5000
        vertex 1.6000 -0.8660 -0.5000
    endloop
endfacet
facet normal 4.0000 0.2720 0.1815
    outer loop
        vertex -1.6000 -0.8660 -0.5000
        vertex 1.6000 -0.7934 -0.6088
        vertex -1.6000 -0.7934 -0.6088
    endloop
endfacet
facet normal 4.0000 0.2457 0.2158
    outer loop
        vertex 1.6000 -0.7071 -0.7071
        vertex -1.6000 -0.7934 -0.6088
        vertex 1.6000 -0.7934 -0.6088
    endloop
endfacet
facet normal 4.0000 0.2457 0.2158
    outer loop
        vertex -1.6000 -0.7934 -0.6088
        vertex 1.6000 -0.7071 -0.7071
        vertex -1.6000 -0.7071 -0.7071
    endloop
endfacet
facet normal 4.0000 0.2158 0.2457
    outer loop
        vertex 1.6000 -0.6088 -0.7934
        vertex -1.6000 -0.7071 -0.7071
        vertex 1.6000 -0.7071 -0.7071
    endloop
endfacet
facet normal 4.0000 0.2158 0.2457
    outer loop
        vertex -1.6000 -0.7071 -0.7071
        vertex 1.6000 -0.6088 -0.7934
        vertex -1.6000 -0.6088 -0.7934
    endloop
endfacet
facet normal 4.0000 0.1815 0.2720
    outer loop
        vertex 1.6000 -0.5000 -0.8660
        vertex -1.6000 -0.6088 -0.7934
        vertex 1.6000 -0.6088 -0.7934
    endloop
endfacet
facet normal 4.0000 0.1815 0.2720
    outer loop
        vertex -1.6000 -0.6088 -0.7934
        vertex 1.6000 -0.5000 -0.8660
        vertex -1.6000 -0.5000 -0.8660
    endloop
endfacet
facet normal 4.0000 0.1448 0.2933
    outer loop
        vertex 1.6000 -0.3827 -0.9239
        vertex -1.6000 -0.5000 -0.8660
        vertex 1.6000 -0.5000 -0.8660
    endloop
endfacet
facet normal 4.0000 0.1448 0.2933
    outer loop
        vertex -1.6000 -0.5000 -0.8660
        vertex 1.6000 -0.3827 -0.9239
        vertex -1.6000 -0.3827 -0.9239
    endloop
endfacet
facet normal 4.0000 0.1050 0.3098
    outer loop
        vertex 1.6000 -0.2588 -0.9659
        vertex -1.6000 -0.3827 -0.9239
        vertex 1.6000 -0.3827 -0.9239
    endloop
endfacet
facet normal 4.0000 0.1050 0.3098
    outer loop
        vertex -1.6000 -0.3827 -0.9239
        vertex 1.6000 -0.2588 -0.9659
        vertex -1.6000 -0.2588 -0.9659
    endloop
endfacet
facet normal 4.0000 0.0637 0.3207
    outer loop
        vertex 1.6000 -0.1305 -0.9914
        vertex -1.6000 -0.2588 -0.9659
        vertex 1.6000 -0.2588 -0.9659
    endloop
endfacet
facet normal 4.0000 0.0637 0.3207
    outer loop
        vertex -1.6000 -0.2588 -0.9659
        vertex 1.6000 -0.1305 -0.9914
        vertex -1.6000 -0.1305 -0.9914
    endloop
endfacet
facet normal 4.0000 0.0215 0.3263
    outer loop
        vertex 1.6000 0.0000 -1.0000
        vertex -1.6000 -0.1305 -0.9914
        vertex 1.6000 -0.1305 -0.9914
    endloop
endfacet
facet normal 4.0000 0.0215 0.3263
    outer loop
        vertex -1.6000 -0.1305 -0.9914
        vertex 1.6000 0.0000 -1.0000
        vertex -1.6000 0.0000 -1.0000
    endloop
endfacet
facet normal -4.0000 0.0172 0.2610
    outer loop
        vertex -1.6000 0.1044 0.7931
        vertex -1.6000 0.0000 0.8000
        vertex -5.0000 0.0000 0.8000
    endloop
endfacet
facet normal -4.0000 0.0172 0.2610
    outer loop
        vertex -5.0000 0.0000 0.8000
        vertex -5.0000 0.1044 0.7931
        vertex -1.6000 0.1044 0.7931
    endloop
endfacet
facet normal -4.0000 0.0510 0.2566
    outer loop
        vertex -1.6000 0.2070 0.7727
        vertex -1.6000 0.1044 0.7931
        vertex -5.0000 0.1044 0.7931
    endloop
endfacet
facet normal -4.0000 0.0510 0.2566
    outer loop
        vertex -5.0000 0.1044 0.7931
        vertex -5.0000 0.2070 0.7727
        vertex -1.6000 0.2070 0.7727
    endloop
endfacet
facet normal -4.0000 0.0840 0.2478
    outer loop
        vertex -1.6000 0.3062 0.7391
        vertex -1.6000 0.2070 0.7727
        vertex -5.0000 0.2070 0.7727
    endloop
endfacet
facet normal -4.0000 0.0840 0.2478
    outer loop
        vertex -5.0000 0.2070 0.7727
        vertex -5.0000 0.3062 0.7391
        vertex -1.6000 0.3062 0.7391
    endloop
endfacet
facet normal -4.0000 0.1158 0.2346
    outer loop
        vertex -1.6000 0.4000 0.6928
        vertex -1.6000 0.3062 0.7391
        vertex -5.0000 0.3062 0.7391
    endloop
endfacet
facet normal -4.0000 0.1158 0.2346
    outer loop
        vertex -5.0000 0.3062 0.7391
        vertex -5.0000 0.4000 0.6928
        vertex -1.6000 0.4000 0.6928
    endloop
endfacet
facet normal -4.0000 0.1452 0.2176
    outer loop
        vertex -1.6000 0.4870 0.6347
        vertex -1.6000 0.4000 0.6928
        vertex -5.0000 0.4000 0.6928
    endloop
endfacet
facet normal -4.0000 0.1452 0.2176
    outer loop
        vertex -5.0000 0.4000 0.6928
        vertex -5.0000 0.4870 0.6347
        vertex -1.6000 0.4870 0.6347
    endloop
endfacet
facet normal -4.0000 0.1726 0.1966
    outer loop
        vertex -1.6000 0.5657 0.5657
        vertex -1.6000 0.4870 0.6347
        vertex -5.0000 0.4870 0.6347
    endloop
endfacet
facet normal -4.0000 0.1726 0.1966
    outer loop
        vertex -5.0000 0.4870 0.6347
        vertex -5.0000 0.5657 0.5657
        vertex -1.6000 0.5657 0.5657
    endloop
endfacet
facet normal -4.0000 0.1966 0.1726
    outer loop
        vertex -1.6000 0.6347 0.4870
        vertex -1.6000 0.5657 0.5657
        vertex -5.0000 0.5657 0.5657
    endloop
endfacet
facet normal -4.0000 0.1966 0.1726
    outer loop
        vertex -5.0000 0.5657 0.5657
        vertex -5.0000 0.6347 0.4870
        vertex -1.6000 0.6347 0.4870
    endloop
endfacet
facet normal -4.0000 0.2176 0.1452
    outer loop
        vertex -1.6000 0.6928 0.4000
        vertex -1.6000 0.6347 0.4870
        vertex -5.0000 0.6347 0.4870
    endloop
endfacet
facet normal -4.0000 0.2176 0.1452
    outer loop
        vertex -5.0000 0.6347 0.4870
        vertex -5.0000 0.6928 0.4000
        vertex -1.6000 0.6928 0.4000
    endloop
endfacet
facet normal -4.0000 0.2346 0.1158
    outer loop
        vertex -1.6000 0.7391 0.3062
        vertex -1.6000 0.6928 0.4000
        vertex -5.0000 0.6928 0.4000
    endloop
endfacet
facet normal -4.0000 0.2346 0.1158
    outer loop
        vertex -5.0000 0.6928 0.4000
        vertex -5.0000 0.7391 0.3062
        vertex -1.6000 0.7391 0.3062
    endloop
endfacet
facet normal -4.0000 0.2478 0.0840
    outer loop
        vertex -1.6000 0.7727 0.2070
        vertex -1.6000 0.7391 0.3062
        vertex -5.0000 0.7391 0.3062
    endloop
endfacet
facet normal -4.0000 0.2478 0.0840
    outer loop
        vertex -5.0000 0.7391 0.3062
        vertex -5.0000 0.7727 0.2070
        vertex -1.6000 0.7727 0.2070
    endloop
endfacet
facet normal -4.0000 0.2566 0.0510
    outer loop
        vertex -1.6000 0.7931 0.1044
        vertex -1.6000 0.7727 0.2070
        vertex -5.0000 0.7727 0.2070
    endloop
endfacet
facet normal -4.0000 0.2566 0.0510
    outer loop
        vertex -5.0000 0.7727 0.2070
        vertex -5.0000 0.7931 0.1044
        vertex -1.6000 0.7931 0.1044
    endloop
endfacet
facet normal -4.0000 0.2610 0.0172
    outer loop
        vertex -1.6000 0.8000 0.0000
        vertex -1.6000 0.7931 0.1044
        vertex -5.0000 0.7931 0.1044
    endloop
endfacet
facet normal -4.0000 0.2610 0.0172
    outer loop
        vertex -5.0000 0.7931 0.1044
        vertex -5.0000 0.8000 0.0000
        vertex -1.6000 0.8000 0.0000
    endloop
endfacet
facet normal -4.0000 0.2610 -0.0172
    outer loop
        vertex -1.6000 0.7931 -0.1044
        vertex -1.6000 0.8000 0.0000
        vertex -5.0000 0.8000 0.0000
    endloop
endfacet
facet normal -4.0000 0.2610 -0.0172
    outer loop
        vertex -5.0000 0.8000 0.0000
        vertex -5.0000 0.7931 -0.1044
        vertex -1.6000 0.7931 -0.1044
    endloop
endfacet
facet normal -4.0000 0.2566 -0.0510
    outer loop
        vertex -1.6000 0.7727 -0.2070
        vertex -1.6000 0.7931 -0.1044
        vertex -5.0000 0.7931 -0.1044
    endloop
endfacet
facet normal -4.0000 0.2566 -0.0510
    outer loop
        vertex -5.0000 0.7931 -0.1044
        vertex -5.0000 0.7727 -0.2070
        vertex -1.6000 0.7727 -0.2070
    endloop
endfacet
facet normal -4.0000 0.2478 -0.0840
    outer loop
        vertex -1.6000 0.7391 -0.3062
        vertex -1.6000 0.7727 -0.2070
        vertex -5.0000 0.7727 -0.2070
    endloop
endfacet
facet normal -4.0000 0.2478 -0.0840
    outer loop
        vertex -5.0000 0.7727 -0.2070
        vertex -5.0000 0.7391 -0.3062
        vertex -1.6000 0.7391 -0.3062
    endloop
endfacet
facet normal -4.0000 0.2346 -0.1158
    outer loop
        vertex -1.6000 0.6928 -0.4000
        vertex -1.6000 0.7391 -0.3062
        vertex -5.0000 0.7391 -0.3062
    endloop
endfacet
facet normal -4.0000 0.2346 -0.1158
    outer loop
        vertex -5.0000 0.7391 -0.3062
        vertex -5.0000 0.6928 -0.4000
        vertex -1.6000 0.6928 -0.4000
    endloop
endfacet
facet normal -4.0000 0.2176 -0.1452
    outer loop
        vertex -1.6000 0.6347 -0.4870
        vertex -1.6000 0.6928 -0.4000
        vertex -5.0000 0.6928 -0.4000
    endloop
endfacet
facet normal -4.0000 0.2176 -0.1452
    outer loop
        vertex -5.0000 0.6928 -0.4000
        vertex -5.0000 0.6347 -0.4870
        vertex -1.6000 0.6347 -0.4870
    endloop
endfacet
facet normal -4.0000 0.1966 -0.1726
    outer loop
        vertex -1.6000 0.5657 -0.5657
        vertex -1.6000 0.6347 -0.4870
        vertex -5.0000 0.6347 -0.4870
    endloop
endfacet
facet normal -4.0000 0.1966 -0.1726
    outer loop
        vertex -5.0000 0.6347 -0.4870
        vertex -5.0000 0.5657 -0.5657
        vertex -1.6000 0.5657 -0.5657
    endloop
endfacet
facet normal -4.0000 0.1726 -0.1966
    outer loop
        vertex -1.6000 0.4870 -0.6347
        vertex -1.6000 0.5657 -0.5657
        vertex -5.0000 0.5657 -0.5657
    endloop
endfacet
facet normal -4.0000 0.1726 -0.1966
    outer loop
        vertex -5.0000 0.5657 -0.5657
        vertex -5.0000 0.4870 -0.6347
        vertex -1.6000 0.4870 -0.6347
    endloop
endfacet
facet normal -4.0000 0.1452 -0.2176
    outer loop
        vertex -1.6000 0.4000 -0.6928
        vertex -1.6000 0.4870 -0.6347
        vertex -5.0000 0.4870 -0.6347
    endloop
endfacet
facet normal -4.0000 0.1452 -0.2176
    outer loop
        vertex -5.0000 0.4870 -0.6347
        vertex -5.0000 0.4000 -0.6928
        vertex -1.6000 0.4000 -0.6928
    endloop
endfacet
facet normal -4.0000 0.1158 -0.2346
    outer loop
        vertex -1.6000 0.3062 -0.7391
        vertex -1.6000 0.4000 -0.6928
        vertex -5.0000 0.4000 -0.6928
    endloop
endfacet
facet normal -4.0000 0.1158 -0.2346
    outer loop
        vertex -5.0000 0.4000 -0.6928
        vertex -5.0000 0.3062 -0.7391
        vertex -1.6000 0.3062 -0.7391
    endloop
endfacet
facet normal -4.0000 0.0840 -0.2478
    outer loop
        vertex -1.6000 0.2070 -0.7727
        vertex -1.6000 0.3062 -0.7391
        vertex -5.0000 0.3062 -0.7391
    endloop
endfacet
facet normal -4.0000 0.0840 -0.2478
    outer loop
        vertex -5.0000 0.3062 -0.7391
        vertex -5.0000 0.2070 -0.7727
        vertex -1.6000 0.2070 -0.7727
    endloop
endfacet
facet normal -4.0000 0.0510 -0.2566
    outer loop
        vertex -1.6000 0.1044 -0.7931
        vertex -1.6000 0.2070 -0.7727
        vertex -5.0000 0.2070 -0.7727
    endloop
endfacet
facet normal -4.0000 0.0510 -0.2566
    outer loop
        vertex -5.0000 0.2070 -0.7727
        vertex -5.0000 0.1044 -0.7931
        vertex -1.6000 0.1044 -0.7931
    endloop
endfacet
facet normal -4.0000 0.0172 -0.2610
    outer loop
        vertex -1.6000 0.0000 -0.8000
        vertex -1.6000 0.1044 -0.7931
        vertex -5.0000 0.1044 -0.7931
    endloop
endfacet
facet normal -4.0000 0.0172 -0.2610
    outer loop
        vertex -5.0000 0.1044 -0.7931
        vertex -5.0000 0.0000 -0.8000
        vertex -1.6000 0.0000 -0.8000
    endloop
endfacet
facet normal -4.0000 -0.0172 -0.2610
    outer loop
        vertex -1.6000 -0.1044 -0.7931
        vertex -1.6000 0.0000 -0.8000
        vertex -5.0000 0.0000 -0.8000
    endloop
endfacet
facet normal -4.0000 -0.0172 -0.2610
    outer loop
        vertex -5.0000 0.0000 -0.8000
        vertex -5.0000 -0.1044 -0.7931
        vertex -1.6000 -0.1044 -0.7931
    endloop
endfacet
facet normal -4.0000 -0.0510 -0.2566
    outer loop
        vertex -1.6000 -0.2070 -0.7727
        vertex -1.6000 -0.1044 -0.7931
        vertex -5.0000 -0.1044 -0.7931
    endloop
endfacet
facet normal -4.0000 -0.0510 -0.2566
    outer loop
        vertex -5.0000 -0.1044 -0.7931
        vertex -5.0000 -0.2070 -0.7727
        vertex -1.6000 -0.2070 -0.7727
    endloop
endfacet
facet normal -4.0000 -0.0840 -0.2478
    outer loop
        vertex -1.6000 -0.3062 -0.7391
        vertex -1.6000 -0.2070 -0.7727
        vertex -5.0000 -0.2070 -0.7727
    endloop
endfacet
facet normal -4.0000 -0.0840 -0.2478
    outer loop
        vertex -5.0000 -0.2070 -0.7727
        vertex -5.0000 -0.3062 -0.7391
        vertex -1.6000 -0.3062 -0.7391
    endloop
endfacet
facet normal -4.0000 -0.1158 -0.2346
    outer loop
        vertex -1.6000 -0.4000 -0.6928
        vertex -1.6000 -0.3062 -0.7391
        vertex -5.0000 -0.3062 -0.7391
    endloop
endfacet
facet normal -4.0000 -0.1158 -0.2346
    outer loop
        vertex -5.0000 -0.3062 -0.7391
        vertex -5.0000 -0.4000 -0.6928
        vertex -1.6000 -0.4000 -0.6928
    endloop
endfacet
facet normal -4.0000 -0.1452 -0.2176
    outer loop
        vertex -1.6000 -0.4870 -0.6347
        vertex -1.6000 -0.4000 -0.6928
        vertex -5.0000 -0.4000 -0.6928
    endloop
endfacet
facet normal -4.0000 -0.1452 -0.2176
    outer loop
        vertex -5.0000 -0.4000 -0.6928
        vertex -5.0000 -0.4870 -0.6347
        vertex -1.6000 -0.4870 -0.6347
    endloop
endfacet
facet normal -4.0000 -0.1726 -0.1966
    outer loop
        vertex -1.6000 -0.5657 -0.5657
        vertex -1.6000 -0.4870 -0.6347
        vertex -5.0000 -0.4870 -0.6347
    endloop
endfacet
facet normal -4.0000 -0.1726 -0.1966
    outer loop
        vertex -5.0000 -0.4870 -0.6347
        vertex -5.0000 -0.5657 -0.5657
        vertex -1.6000 -0.5657 -0.5657
    endloop
endfacet
facet normal -4.0000 -0.1966 -0.1726
    outer loop
        vertex -1.6000 -0.6347 -0.4870
        vertex -1.6000 -0.5657 -0.5657
        vertex -5.0000 -0.5657 -0.5657
    endloop
endfacet
facet normal -4.0000 -0.1966 -0.1726
    outer loop
        vertex -5.0000 -0.5657 -0.5657
        vertex -5.0000 -0.6347 -0.4870
        vertex -1.6000 -0.6347 -0.4870
    endloop
endfacet
facet normal -4.0000 -0.2176 -0.1452
    outer loop
        vertex -1.6000 -0.6928 -0.4000
        vertex -1.6000 -0.6347 -0.4870
        vertex -5.0000 -0.6347 -0.4870
    endloop
endfacet
facet normal -4.0000 -0.2176 -0.1452
    outer loop
        vertex -5.0000 -0.6347 -0.4870
        vertex -5.0000 -0.6928 -0.4000
        vertex -1.6000 -0.6928 -0.4000
    endloop
endfacet
facet normal -4.0000 -0.2346 -0.1158
    outer loop
        vertex -1.6000 -0.7391 -0.3062
        vertex -1.6000 -0.6928 -0.4000
        vertex -5.0000 -0.6928 -0.4000
    endloop
endfacet
facet normal -4.0000 -0.2346 -0.1158
    outer loop
        vertex -5.0000 -0.6928 -0.4000
        vertex -5.0000 -0.7391 -0.3062
        vertex -1.6000 -0.7391 -0.3062
    endloop
endfacet
facet normal -4.0000 -0.2478 -0.0840
    outer loop
        vertex -1.6000 -0.7727 -0.2070
        vertex -1.6000 -0.7391 -0.3062
        vertex -5.0000 -0.7391 -0.3062
    endloop
endfacet
facet normal -4.0000 -0.2478 -0.0840
    outer loop
        vertex -5.0000 -0.7391 -0.3062
        vertex -5.0000 -0.7727 -0.2070
        vertex -1.6000 -0.7727 -0.2070
    endloop
endfacet
facet normal -4.0000 -0.2566 -0.0510
    outer loop
        vertex -1.6000 -0.7931 -0.1044
        vertex -1.6000 -0.7727 -0.2070
        vertex -5.0000 -0.7727 -0.2070
    endloop
endfacet
facet normal -4.0000 -0.2566 -0.0510
    outer loop
        vertex -5.0000 -0.7727 -0.2070
        vertex -5.0000 -0.7931 -0.1044
        vertex -1.6000 -0.7931 -0.1044
    endloop
endfacet
facet normal -4.0000 -0.2610 -0.0172
    outer loop
        vertex -1.6000 -0.8000 0.0000
        vertex -1.6000 -0.7931 -0.1044
        vertex -5.0000 -0.7931 -0.1044
    endloop
endfacet
facet normal -4.0000 -0.2610 -0.0172
    outer loop
        vertex -5.0000 -0.7931 -0.1044
        vertex -5.0000 -0.8000 0.0000
        vertex -1.6000 -0.8000 0.0000
    endloop
endfacet
facet normal -4.0000 -0.2610 0.0172
    outer loop
        vertex -1.6000 -0.7931 0.1044
        vertex -1.6000 -0.8000 0.0000
        vertex -5.0000 -0.8000 0.0000
    endloop
endfacet
facet normal -4.0000 -0.2610 0.0172
    outer loop
        vertex -5.0000 -0.8000 0.0000
        vertex -5.0000 -0.7931 0.1044
        vertex -1.6000 -0.7931 0.1044
    endloop
endfacet
facet normal -4.0000 -0.2566 0.0510
    outer loop
        vertex -1.6000 -0.7727 0.2070
        vertex -1.6000 -0.7931 0.1044
        vertex -5.0000 -0.7931 0.1044
    endloop
endfacet
facet normal -4.0000 -0.2566 0.0510
    outer loop
        vertex -5.0000 -0.7931 0.1044
        vertex -5.0000 -0.7727 0.2070
        vertex -1.6000 -0.7727 0.2070
    endloop
endfacet
facet normal -4.0000 -0.2478 0.0840
    outer loop
        vertex -1.6000 -0.7391 0.3062
        vertex -1.6000 -0.7727 0.2070
        vertex -5.0000 -0.7727 0.2070
    endloop
endfacet
facet normal -4.0000 -0.2478 0.0840
    outer loop
        vertex -5.0000 -0.7727 0.2070
        vertex -5.0000 -0.7391 0.3062
        vertex -1.6000 -0.7391 0.3062
    endloop
endfacet
facet normal -4.0000 -0.2346 0.1158
    outer loop
        vertex -1.6000 -0.6928 0.4000
        vertex -1.6000 -0.7391 0.3062
        vertex -5.0000 -0.7391 0.3062
    endloop
endfacet
facet normal -4.0000 -0.2346 0.1158
    outer loop
        vertex -5.0000 -0.7391 0.3062
        vertex -5.0000 -0.6928 0.4000
        vertex -1.6000 -0.6928 0.4000
    endloop
endfacet
facet normal -4.0000 -0.2176 0.1452
    outer loop
        vertex -1.6000 -0.6347 0.4870
        vertex -1.6000 -0.6928 0.4000
        vertex -5.0000 -0.6928 0.4000
    endloop
endfacet
facet normal -4.0000 -0.2176 0.1452
    outer loop
        vertex -5.0000 -0.6928 0.4000
        vertex -5.0000 -0.6347 0.4870
        vertex -1.6000 -0.6347 0.4870
    endloop
endfacet
facet normal -4.0000 -0.1966 0.1726
    outer loop
        vertex -1.6000 -0.5657 0.5657
        vertex -1.6000 -0.6347 0.4870
        vertex -5.0000 -0.6347 0.4870
    endloop
endfacet
facet normal -4.0000 -0.1966 0.1726
    outer loop
        vertex -5.0000 -0.6347 0.4870
        vertex -5.0000 -0.5657 0.5657
        vertex -1.6000 -0.5657 0.5657
    endloop
endfacet
facet normal -4.0000 -0.1726 0.1966
    outer loop
        vertex -1.6000 -0.4870 0.6347
        vertex -1.6000 -0.5657 0.5657
        vertex -5.0000 -0.5657 0.5657
    endloop
endfacet
facet normal -4.0000 -0.1726 0.1966
    outer loop
        vertex -5.0000 -0.5657 0.5657
        vertex -5.0000 -0.4870 0.6347
        vertex -1.6000 -0.4870 0.6347
    endloop
endfacet
facet normal -4.0000 -0.1452 0.2176
    outer loop
        vertex -1.6000 -0.4000 0.6928
        vertex -1.6000 -0.4870 0.6347
        vertex -5.0000 -0.4870 0.6347
    endloop
endfacet
facet normal -4.0000 -0.1452 0.2176
    outer loop
        vertex -5.0000 -0.4870 0.6347
        vertex -5.0000 -0.4000 0.6928
        vertex -1.6000 -0.4000 0.6928
    endloop
endfacet
facet normal -4.0000 -0.1158 0.2346
    outer loop
        vertex -1.6000 -0.3062 0.7391
        vertex -1.6000 -0.4000 0.6928
        vertex -5.0000 -0.4000 0.6928
    endloop
endfacet
facet normal -4.0000 -0.1158 0.2346
    outer loop
        vertex -5.0000 -0.4000 0.6928
        vertex -5.0000 -0.3062 0.7391
        vertex -1.6000 -0.3062 0.7391
    endloop
endfacet
facet normal -4.0000 -0.0840 0.2478
    outer loop
        vertex -1.6000 -0.2070 0.7727
        vertex -1.6000 -0.3062 0.7391
        vertex -5.0000 -0.3062 0.7391
    endloop
endfacet
facet normal -4.0000 -0.0840 0.2478
    outer loop
        vertex -5.0000 -0.3062 0.7391
        vertex -5.0000 -0.2070 0.7727
        vertex -1.6000 -0.2070 0.7727
    endloop
endfacet
facet normal -4.0000 -0.0510 0.2566
    outer loop
        vertex -1.6000 -0.1044 0.7931
        vertex -1.6000 -0.2070 0.7727
        vertex -5.0000 -0.2070 0.7727
    endloop
endfacet
facet normal -4.0000 -0.0510 0.2566
    outer loop
        vertex -5.0000 -0.2070 0.7727
        vertex -5.0000 -0.1044 0.7931
        vertex -1.6000 -0.1044 0.7931
    endloop
endfacet
facet normal -4.0000 -0.0172 0.2610
    outer loop
        vertex -1.6000 0.0000 0.8000
        vertex -1.6000 -0.1044 0.7931
        vertex -5.0000 -0.1044 0.7931
    endloop
endfacet
facet normal -4.0000 -0.0172 0.2610
    outer loop
        vertex -5.0000 -0.1044 0.7931
        vertex -5.0000 0.0000 0.8000
        vertex -1.6000 0.0000 0.8000
    endloop
endfacet
facet normal -4.6525 0.0000 0.0000
    outer loop
        vertex -1.6000 0.0000 1.0000
        vertex -1.6000 0.1044 0.7931
        vertex -1.6000 0.1305 0.9914
    endloop
endfacet
facet normal -4.5220 0.0000 0.0000
    outer loop
        vertex -1.6000 0.1044 0.7931
        vertex -1.6000 0.0000 1.0000
        vertex -1.6000 0.0000 0.8000
    endloop
endfacet
facet normal -4.6526 0.0000 0.0000
    outer loop
        vertex -1.6000 0.1305 0.9914
        vertex -1.6000 0.2070 0.7727
        vertex -1.6000 0.2588 0.9659
    endloop
endfacet
facet normal -4.5221 0.0000 0.0000
    outer loop
        vertex -1.6000 0.2070 0.7727
        vertex -1.6000 0.1305 0.9914
        vertex -1.6000 0.1044 0.7931
    endloop
endfacet
facet normal -4.6527 0.0000 0.0000
    outer loop
        vertex -1.6000 0.2588 0.9659
        vertex -1.6000 0.3062 0.7391
        vertex -1.6000 0.3827 0.9239
    endloop
endfacet
facet normal -4.5222 0.0000 0.0000
    outer loop
        vertex -1.6000 0.3062 0.7391
        vertex -1.6000 0.2588 0.9659
        vertex -1.6000 0.2070 0.7727
    endloop
endfacet
facet normal -4.6527 0.0000 0.0000
    outer loop
        vertex -1.6000 0.3827 0.9239
        vertex -1.6000 0.4000 0.6928
        vertex -1.6000 0.5000 0.8660
    endloop
endfacet
facet normal -4.5221 0.0000 0.0000
    outer loop
        vertex -1.6000 0.4000 0.6928
        vertex -1.6000 0.3827 0.9239
        vertex -1.6000 0.3062 0.7391
    endloop
endfacet
facet normal -4.6526 0.0000 0.0000
    outer loop
        vertex -1.6000 0.5000 0.8660
        vertex -1.6000 0.4870 0.6347
        vertex -1.6000 0.6088 0.7934
    endloop
endfacet
facet normal -4.5221 0.0000 0.0000
    outer loop
        vertex -1.6000 0.4870 0.6347
        vertex -1.6000 0.5000 0.8660
        vertex -1.6000 0.4000 0.6928
    endloop
endfacet
facet normal -4.6527 0.0000 0.0000
    outer loop
        vertex -1.6000 0.6088 0.7934
        vertex -1.6000 0.5657 0.5657
        vertex -1.6000 0.7071 0.7071
    endloop
endfacet
facet normal -4.5221 0.0000 0.0000
    outer loop
        vertex -1.6000 0.5657 0.5657
        vertex -1.6000 0.6088 0.7934
        vertex -1.6000 0.4870 0.6347
    endloop
endfacet
facet normal -4.6527 0.0000 0.0000
    outer loop
        vertex -1.6000 0.7071 0.7071
        vertex -1.6000 0.6347 0.4870
        vertex -1.6000 0.7934 0.6088
    endloop
endfacet
facet normal -4.5221 0.0000 0.0000
    outer loop
        vertex -1.6000 0.6347 0.4870
        vertex -1.6000 0.7071 0.7071
        vertex -1.6000 0.5657 0.5657
    endloop
endfacet
facet normal -4.6526 0.0000 0.0000
    outer loop
        vertex -1.6000 0.7934 0.6088
        vertex -1.6000 0.6928 0.4000
        vertex -1.6000 0.8660 0.5000
    endloop
endfacet
facet normal -4.5221 0.0000 0.0000
    outer loop
        vertex -1.6000 0.6928 0.4000
        vertex -1.6000 0.7934 0.6088
        vertex -1.6000 0.6347 0.4870
    endloop
endfacet
facet normal -4.6527 0.0000 0.0000
    outer loop
        vertex -1.6000 0.8660 0.5000
        vertex -1.6000 0.7391 0.3062
        vertex -1.6000 0.9239 0.3827
    endloop
endfacet
facet normal -4.5221 0.0000 0.0000
    outer loop
        vertex -1.6000 0.7391 0.3062
        vertex -1.6000 0.8660 0.5000
        vertex -1.6000 0.6928 0.4000
    endloop
endfacet
facet normal -4.6527 0.0000 0.0000
    outer loop
        vertex -1.6000 0.9239 0.3827
        vertex -1.6000 0.7727 0.2070
        vertex -1.6000 0.9659 0.2588
    endloop
endfacet
facet normal -4.5222 0.0000 0.0000
    outer loop
        vertex -1.6000 0.7727 0.2070
        vertex -1.6000 0.9239 0.3827
        vertex -1.6000 0.7391 0.3062
    endloop
endfacet
facet normal -4.6526 0.0000 0.0000
    outer loop
        vertex -1.6000 0.9659 0.2588
        vertex -1.6000 0.7931 0.1044
        vertex -1.6000 0.9914 0.1305
    endloop
endfacet
facet normal -4.5221 0.0000 0.0000
    outer loop
        vertex -1.6000 0.7931 0.1044
        vertex -1.6000 0.9659 0.2588
        vertex -1.6000 0.7727 0.2070
    endloop
endfacet
facet normal -4.6525 0.0000 0.0000
    outer loop
        vertex -1.6000 0.9914 0.1305
        vertex -1.6000 0.8000 0.0000
        vertex -1.6000 1.0000 0.0000
    endloop
endfacet
facet normal -4.5220 0.0000 0.0000
    outer loop
        vertex -1.6000 0.8000 0.0000
        vertex -1.6000 0.9914 0.1305
        vertex -1.6000 0.7931 0.1044
    endloop
endfacet
facet normal -4.6525 0.0000 0.0000
    outer loop
        vertex -1.6000 1.0000 0.0000
        vertex -1.6000 0.7931 -0.1044
        vertex -1.6000 0.9914 -0.1305
    endloop
endfacet
facet normal -4.5220 0.0000 0.0000
    outer loop
        vertex -1.6000 0.7931 -0.1044
        vertex -1.6000 1.0000 0.0000
        vertex -1.6000 0.8000 0.0000
    endloop
endfacet
facet normal -4.6526 0.0000 0.0000
    outer loop
        vertex -1.6000 0.9914 -0.1305
        vertex -1.6000 0.7727 -0.2070
        vertex -1.6000 0.9659 -0.2588
    endloop
endfacet
facet normal -4.5221 0.0000 0.0000
    outer loop
        vertex -1.6000 0.7727 -0.2070
        vertex -1.6000 0.9914 -0.1305
        vertex -1.6000 0.7931 -0.1044
    endloop
endfacet
facet normal -4.6527 0.0000 0.0000
    outer loop
        vertex -1.6000 0.9659 -0.2588
        vertex -1.6000 0.7391 -0.3062
        vertex -1.6000 0.9239 -0.3827
    endloop
endfacet
facet normal -4.5222 0.0000 0.0000
    outer loop
        vertex -1.6000 0.7391 -0.3062
        vertex -1.6000 0.9659 -0.2588
        vertex -1.6000 0.7727 -0.2070
    endloop
endfacet
facet normal -4.6527 0.0000 0.0000
    outer loop
        vertex -1.6000 0.9239 -0.3827
        vertex -1.6000 0.6928 -0.4000
        vertex -1.6000 0.8660 -0.5000
    endloop
endfacet
facet normal -4.5221 0.0000 0.0000
    outer loop
        vertex -1.6000 0.6928 -0.4000
        vertex -1.6000 0.9239 -0.3827
        vertex -1.6000 0.7391 -0.3062
    endloop
endfacet
facet normal -4.6526 0.0000 0.0000
    outer loop
        vertex -1.6000 0.8660 -0.5000
        vertex -1.6000 0.6347 -0.4870
        vertex -1.6000 0.7934 -0.6088
    endloop
endfacet
facet normal -4.5221 0.0000 0.0000
    outer loop
        vertex -1.6000 0.6347 -0.4870
        vertex -1.6000 0.8660 -0.5000
        vertex -1.6000 0.6928 -0.4000
    endloop
endfacet
facet normal -4.6527 0.0000 0.0000
    outer loop
        vertex -1.6000 0.7934 -0.6088
        vertex -1.6000 0.5657 -0.5657
        vertex -1.6000 0.7071 -0.7071
    endloop
endfacet
facet normal -4.5221 0.0000 0.0000
    outer loop
        vertex -1.6000 0.5657 -0.5657
        vertex -1.6000 0.7934 -0.6088
        vertex -1.6000 0.6347 -0.4870
    endloop
endfacet
facet normal -4.6527 0.0000 0.0000
    outer loop
        vertex -1.6000 0.7071 -0.7071
        vertex -1.6000 0.4870 -0.6347
        vertex -1.6000 0.6088 -0.7934
    endloop
endfacet
facet normal -4.5221 0.0000 0.0000
    outer loop
        vertex -1.6000 0.4870 -0.6347
        vertex -1.6000 0.7071 -0.7071
        vertex -1.6000 0.5657 -0.5657
    endloop
endfacet
facet normal -4.6526 0.0000 0.0000
    outer loop
        vertex -1.6000 0.6088 -0.7934
        vertex -1.6000 0.4000 -0.6928
        vertex -1.6000 0.5000 -0.8660
    endloop
endfacet
facet normal -4.5221 0.0000 0.0000
    outer loop
        vertex -1.6000 0.4000 -0.6928
        vertex -1.6000 0.6088 -0.7934
        vertex -1.6000 0.4870 -0.6347
    endloop
endfacet
facet normal -4.6527 0.0000 0.0000
    outer loop
        vertex -1.6000 0.5000 -0.8660
        vertex -1.6000 0.3062 -0.7391
        vertex -1.6000 0.3827 -0.9239
    endloop
endfacet
facet normal -4.5221 0.0000 0.0000
    outer loop
        vertex -1.6000 0.3062 -0.7391
        vertex -1.6000 0.5000 -0.8660
        vertex -1.6000 0.4000 -0.6928
    endloop
endfacet
facet normal -4.6527 0.0000 0.0000
    outer loop
        vertex -1.6000 0.3827 -0.9239
        vertex -1.6000 0.2070 -0.7727
        vertex -1.6000 0.2588 -0.9659
    endloop
endfacet
facet normal -4.5222 0.0000 0.0000
    outer loop
        vertex -1.6000 0.2070 -0.7727
        vertex -1.6000 0.3827 -0.9239
        vertex -1.6000 0.3062 -0.7391
    endloop
endfacet
facet normal -4.6526 0.0000 0.0000
    outer loop
        vertex -1.6000 0.2588 -0.9659
        vertex -1.6000 0.1044 -0.7931
        vertex -1.6000 0.1305 -0.9914
    endloop
endfacet
facet normal -4.5221 0.0000 0.0000
    outer loop
        vertex -1.6000 0.1044 -0.7931
        vertex -1.6000 0.2588 -0.9659
        vertex -1.6000 0.2070 -0.7727
    endloop
endfacet
facet normal -4.6525 0.0000 0.0000
    outer loop
        vertex -1.6000 0.1305 -0.9914
        vertex -1.6000 0.0000 -0.8000
        vertex -1.6000 0.0000 -1.0000
    endloop
endfacet
facet normal -4.5220 0.0000 0.0000
    outer loop
        vertex -1.6000 0.0000 -0.8000
        vertex -1.6000 0.1305 -0.9914
        vertex -1.6000 0.1044 -0.7931
    endloop
endfacet
facet normal -4.6525 0.0000 0.0000
    outer loop
        vertex -1.6000 0.0000 -1.0000
        vertex -1.6000 -0.1044 -0.7931
        vertex -1.6000 -0.1305 -0.9914
    endloop
endfacet
facet normal -4.5220 0.0000 0.0000
    outer loop
        vertex -1.6000 -0.1044 -0.7931
        vertex -1.6000 0.0000 -1.0000
        vertex -1.6000 0.0000 -0.8000
    endloop
endfacet
facet normal -4.6526 0.0000 0.0000
    outer loop
        vertex -1.6000 -0.1305 -0.9914
        vertex -1.6000 -0.2070 -0.7727
        vertex -1.6000 -0.2588 -0.9659
    endloop
endfacet
facet normal -4.5221 0.0000 0.0000
    outer loop
        vertex -1.6000 -0.2070 -0.7727
        vertex -1.6000 -0.1305 -0.9914
        vertex -1.6000 -0.1044 -0.7931
    endloop
endfacet
facet normal -4.6527 0.0000 0.0000
    outer loop
        vertex -1.6000 -0.2588 -0.9659
        vertex -1.6000 -0.3062 -0.7391
        vertex -1.6000 -0.3827 -0.9239
    endloop
endfacet
facet normal -4.5222 0.0000 0.0000
    outer loop
        vertex -1.6000 -0.3062 -0.7391
        vertex -1.6000 -0.2588 -0.9659
        vertex -1.6000 -0.2070 -0.7727
    endloop
endfacet
facet normal -4.6527 0.0000 0.0000
    outer loop
        vertex -1.6000 -0.3827 -0.9239
        vertex -1.6000 -0.4000 -0.6928
        vertex -1.6000 -0.5000 -0.8660
    endloop
endfacet
facet normal -4.5221 0.0000 0.0000
    outer loop
        vertex -1.6000 -0.4000 -0.6928
        vertex -1.6000 -0.3827 -0.9239
        vertex -1.6000 -0.3062 -0.7391
    endloop
endfacet
facet normal -4.6526 0.0000 0.0000
    outer loop
        vertex -1.6000 -0.5000 -0.8660
        vertex -1.6000 -0.4870 -0.6347
        vertex -1.6000 -0.6088 -0.7934
    endloop
endfacet
facet normal -4.5221 0.0000 0.0000
    outer loop
        vertex -1.6000 -0.4870 -0.6347
        vertex -1.6000 -0.5000 -0.8660
        vertex -1.6000 -0.4000 -0.6928
    endloop
endfacet
facet normal -4.6527 0.0000 0.0000
    outer loop
        vertex -1.6000 -0.6088 -0.7934
        vertex -1.6000 -0.5657 -0.5657
        vertex -1.6000 -0.7071 -0.7071
    endloop
endfacet
facet normal -4.5221 0.0000 0.0000
    outer loop
        vertex -1.6000 -0.5657 -0.5657
        vertex -1.6000 -0.6088 -0.7934
        vertex -1.6000 -0.4870 -0.6347
    endloop
endfacet
facet normal -4.6527 0.0000 0.0000
    outer loop
        vertex -1.6000 -0.7071 -0.7071
        vertex -1.6000 -0.6347 -0.4870
        vertex -1.6000 -0.7934 -0.6088
    endloop
endfacet
facet normal -4.5221 0.0000 0.0000
    outer loop
        vertex -1.6000 -0.6347 -0.4870
        vertex -1.6000 -0.7071 -0.7071
        vertex -1.6000 -0.5657 -0.5657
    endloop
endfacet
facet normal -4.6526 0.0000 0.0000
    outer loop
        vertex -1.6000 -0.7934 -0.6088
        vertex -1.6000 -0.6928 -0.4000
        vertex -1.6000 -0.8660 -0.5000
    endloop
endfacet
facet normal -4.5221 0.0000 0.0000
    outer loop
        vertex -1.6000 -0.6928 -0.4000
        vertex -1.6000 -0.7934 -0.6088
        vertex -1.6000 -0.6347 -0.4870
    endloop
endfacet
facet normal -4.6527 0.0000 0.0000
    outer loop
        vertex -1.6000 -0.8660 -0.5000
        vertex -1.6000 -0.7391 -0.3062
        vertex -1.6000 -0.9239 -0.3827
    endloop
endfacet
facet normal -4.5221 0.0000 0.0000
    outer loop
        vertex -1.6000 -0.7391 -0.3062
        vertex -1.6000 -0.8660 -0.5000
        vertex -1.6000 -0.6928 -0.4000
    endloop
endfacet
facet normal -4.6527 0.0000 0.0000
    outer loop
        vertex -1.6000 -0.9239 -0.3827
        vertex -1.6000 -0.7727 -0.2070
        vertex -1.6000 -0.9659 -0.2588
    endloop
endfacet
facet normal -4.5222 0.0000 0.0000
    outer loop
        vertex -1.6000 -0.7727 -0.2070
        vertex -1.6000 -0.9239 -0.3827
        vertex -1.6000 -0.7391 -0.3062
    endloop
endfacet
facet normal -4.6526 0.0000 0.0000
    outer loop
        vertex -1.6000 -0.9659 -0.2588
        vertex -1.6000 -0.7931 -0.1044
        vertex -1.6000 -0.9914 -0.1305
    endloop
endfacet
facet normal -4.5221 0.0000 0.0000
    outer loop
        vertex -1.6000 -0.7931 -0.1044
        vertex -1.6000 -0.9659 -0.2588
        vertex -1.6000 -0.7727 -0.2070
    endloop
endfacet
facet normal -4.6525 0.0000 0.0000
    outer loop
        vertex -1.6000 -0.9914 -0.1305
        vertex -1.6000 -0.8000 0.0000
        vertex -1.6000 -1.0000 0.0000
    endloop
endfacet
facet normal -4.5220 0.0000 0.0000
    outer loop
        vertex -1.6000 -0.8000 0.0000
        vertex -1.6000 -0.9914 -0.1305
        vertex -1.6000 -0.7931 -0.1044
    endloop
endfacet
facet normal -4.6525 0.0000 0.0000
    outer loop
        vertex -1.6000 -1.0000 0.0000
        vertex -1.6000 -0.7931 0.1044
        vertex -1.6000 -0.9914 0.1305
    endloop
endfacet
facet normal -4.5220 0.0000 0.0000
    outer loop
        vertex -1.6000 -0.7931 0.1044
        vertex -1.6000 -1.0000 0.0000
        vertex -1.6000 -0.8000 0.0000
    endloop
endfacet
facet normal -4.6526 0.0000 0.0000
    outer loop
        vertex -1.6000 -0.9914 0.1305
        vertex -1.6000 -0.7727 0.2070
        vertex -1.6000 -0.9659 0.2588
    endloop
endfacet
facet normal -4.5221 0.0000 0.0000
    outer loop
        vertex -1.6000 -0.7727 0.2070
        vertex -1.6000 -0.9914 0.1305
        vertex -1.6000 -0.7931 0.1044
    endloop
endfacet
facet normal -4.6527 0.0000 0.0000
    outer loop
        vertex -1.6000 -0.9659 0.2588
        vertex -1.6000 -0.7391 0.3062
        vertex -1.6000 -0.9239 0.3827
    endloop
endfacet
facet normal -4.5222 0.0000 0.0000
    outer loop
        vertex -1.6000 -0.7391 0.3062
        vertex -1.6000 -0.9659 0.2588
        vertex -1.6000 -0.7727 0.2070
    endloop
endfacet
facet normal -4.6527 0.0000 0.0000
    outer loop
        vertex -1.6000 -0.9239 0.3827
        vertex -1.6000 -0.6928 0.4000
        vertex -1.6000 -0.8660 0.5000
    endloop
endfacet
facet normal -4.5221 0.0000 0.0000
    outer loop
        vertex -1.6000 -0.6928 0.4000
        vertex -1.6000 -0.9239 0.3827
        vertex -1.6000 -0.7391 0.3062
    endloop
endfacet
facet normal -4.6526 0.0000 0.0000
    outer loop
        vertex -1.6000 -0.8660 0.5000
        vertex -1.6000 -0.6347 0.4870
        vertex -1.6000 -0.7934 0.6088
    endloop
endfacet
facet normal -4.5221 0.0000 0.0000
    outer loop
        vertex -1.6000 -0.6347 0.4870
        vertex -1.6000 -0.8660 0.5000
        vertex -1.6000 -0.6928 0.4000
    endloop
endfacet
facet normal -4.6527 0.0000 0.0000
    outer loop
        vertex -1.6000 -0.7934 0.6088
        vertex -1.6000 -0.5657 0.5657
        vertex -1.6000 -0.7071 0.7071
    endloop
endfacet
facet normal -4.5221 0.0000 0.0000
    outer loop
        vertex -1.6000 -0.5657 0.5657
        vertex -1.6000 -0.7934 0.6088
        vertex -1.6000 -0.6347 0.4870
    endloop
endfacet
facet normal -4.6527 0.0000 0.0000
    outer loop
        vertex -1.6000 -0.7071 0.7071
        vertex -1.6000 -0.4870 0.6347
        vertex -1.6000 -0.6088 0.7934
    endloop
endfacet
facet normal -4.5221 0.0000 0.0000
    outer loop
        vertex -1.6000 -0.4870 0.6347
        vertex -1.6000 -0.7071 0.7071
        vertex -1.6000 -0.5657 0.5657
    endloop
endfacet
facet normal -4.6526 0.0000 0.0000
    outer loop
        vertex -1.6000 -0.6088 0.7934
        vertex -1.6000 -0.4000 0.6928
        vertex -1.6000 -0.5000 0.8660
    endloop
endfacet
facet normal -4.5221 0.0000 0.0000
    outer loop
        vertex -1.6000 -0.4000 0.6928
        vertex -1.6000 -0.6088 0.7934
        vertex -1.6000 -0.4870 0.6347
    endloop
endfacet
facet normal -4.6527 0.0000 0.0000
    outer loop
        vertex -1.6000 -0.5000 0.8660
        vertex -1.6000 -0.3062 0.7391
        vertex -1.6000 -0.3827 0.9239
    endloop
endfacet
facet normal -4.5221 0.0000 0.0000
    outer loop
        vertex -1.6000 -0.3062 0.7391
        vertex -1.6000 -0.5000 0.8660
        vertex -1.6000 -0.4000 0.6928
    endloop
endfacet
facet normal -4.6527 0.0000 0.0000
    outer loop
        vertex -1.6000 -0.3827 0.9239
        vertex -1.6000 -0.2070 0.7727
        vertex -1.6000 -0.2588 0.9659
    endloop
endfacet
facet normal -4.5222 0.0000 0.0000
    outer loop
        vertex -1.6000 -0.2070 0.7727
        vertex -1.6000 -0.3827 0.9239
        vertex -1.6000 -0.3062 0.7391
    endloop
endfacet
facet normal -4.6526 0.0000 0.0000
    outer loop
        vertex -1.6000 -0.2588 0.9659
        vertex -1.6000 -0.1044 0.7931
        vertex -1.6000 -0.1305 0.9914
    endloop
endfacet
facet normal -4.5221 0.0000 0.0000
    outer loop
        vertex -1.6000 -0.1044 0.7931
        vertex -1.6000 -0.2588 0.9659
        vertex -1.6000 -0.2070 0.7727
    endloop
endfacet
facet normal -4.6525 0.0000 0.0000
    outer loop
        vertex -1.6000 -0.1305 0.9914
        vertex -1.6000 0.0000 0.8000
        vertex -1.6000 0.0000 1.0000
    endloop
endfacet
facet normal -4.5220 0.0000 0.0000
    outer loop
        vertex -1.6000 0.0000 0.8000
        vertex -1.6000 -0.1305 0.9914
        vertex -1.6000 -0.1044 0.7931
    endloop
endfacet
facet normal -12.5086 0.0000 0.0000
    outer loop
        vertex -5.0000 0.1044 0.7931
        vertex -5.0000 0.0000 0.8000
        vertex -5.0000 0.8000 0.8000
    endloop
endfacet
facet normal -12.5233 0.0000 0.0000
    outer loop
        vertex -5.0000 0.2070 0.7727
        vertex -5.0000 0.1044 0.7931
        vertex -5.0000 0.8000 0.8000
    endloop
endfacet
facet normal -12.5354 0.0000 0.0000
    outer loop
        vertex -5.0000 0.3062 0.7391
        vertex -5.0000 0.2070 0.7727
        vertex -5.0000 0.8000 0.8000
    endloop
endfacet
facet normal -12.5447 0.0000 0.0000
    outer loop
        vertex -5.0000 0.4000 0.6928
        vertex -5.0000 0.3062 0.7391
        vertex -5.0000 0.8000 0.8000
    endloop
endfacet
facet normal -12.5509 0.0000 0.0000
    outer loop
        vertex -5.0000 0.4870 0.6347
        vertex -5.0000 0.4000 0.6928
        vertex -5.0000 0.8000 0.8000
    endloop
endfacet
facet normal -12.5541 0.0000 0.0000
    outer loop
        vertex -5.0000 0.5657 0.5657
        vertex -5.0000 0.4870 0.6347
        vertex -5.0000 0.8000 0.8000
    endloop
endfacet
facet normal -12.5541 0.0000 0.0000
    outer loop
        vertex -5.0000 0.6347 0.4870
        vertex -5.0000 0.5657 0.5657
        vertex -5.0000 0.8000 0.8000
    endloop
endfacet
facet normal -12.5509 0.0000 0.0000
    outer loop
        vertex -5.0000 0.6928 0.4000
        vertex -5.0000 0.6347 0.4870
        vertex -5.0000 0.8000 0.8000
    endloop
endfacet
facet normal -12.5447 0.0000 0.0000
    outer loop
        vertex -5.0000 0.7391 0.3062
        vertex -5.0000 0.6928 0.4000
        vertex -5.0000 0.8000 0.8000
    endloop
endfacet
facet normal -12.5354 0.0000 0.0000
    outer loop
        vertex -5.0000 0.7727 0.2070
        vertex -5.0000 0.7391 0.3062
        vertex -5.0000 0.8000 0.8000
    endloop
endfacet
facet normal -12.5233 0.0000 0.0000
    outer loop
        vertex -5.0000 0.7931 0.1044
        vertex -5.0000 0.7727 0.2070
        vertex -5.0000 0.8000 0.8000
    endloop
endfacet
facet normal -12.5086 0.0000 0.0000
    outer loop
        vertex -5.0000 0.8000 0.0000
        vertex -5.0000 0.7931 0.1044
        vertex -5.0000 0.8000 0.8000
    endloop
endfacet
facet normal -12.5086 0.0000 0.0000
    outer loop
        vertex -5.0000 0.7931 -0.1044
        vertex -5.0000 0.8000 0.0000
        vertex -5.0000 0.8000 -0.8000
    endloop
endfacet
facet normal -12.5233 0.0000 0.0000
    outer loop
        vertex -5.0000 0.7727 -0.2070
        vertex -5.0000 0.7931 -0.1044
        vertex -5.0000 0.8000 -0.8000
    endloop
endfacet
facet normal -12.5354 0.0000 0.0000
    outer loop
        vertex -5.0000 0.7391 -0.3062
        vertex -5.0000 0.7727 -0.2070
        vertex -5.0000 0.8000 -0.8000
    endloop
endfacet
facet normal -12.5447 0.0000 0.0000
    outer loop
        vertex -5.0000 0.6928 -0.4000
        vertex -5.0000 0.7391 -0.3062
        vertex -5.0000 0.8000 -0.8000
    endloop
endfacet
facet normal -12.5509 0.0000 0.0000
    outer loop
        vertex -5.0000 0.6347 -0.4870
        vertex -5.0000 0.6928 -0.4000
        vertex -5.0000 0.8000 -0.8000
    endloop
endfacet
facet normal -12.5541 0.0000 0.0000
    outer loop
        vertex -5.0000 0.5657 -0.5657
        vertex -5.0000 0.6347 -0.4870
        vertex -5.0000 0.8000 -0.8000
    endloop
endfacet
facet normal -12.5541 0.0000 0.0000
    outer loop
        vertex -5.0000 0.4870 -0.6347
        vertex -5.0000 0.5657 -0.5657
        vertex -5.0000 0.8000 -0.8000
    endloop
endfacet
facet normal -12.5509 0.0000 0.0000
    outer loop
        vertex -5.0000 0.4000 -0.6928
        vertex -5.0000 0.4870 -0.6347
        vertex -5.0000 0.8000 -0.8000
    endloop
endfacet
facet normal -12.5447 0.0000 0.0000
    outer loop
        vertex -5.0000 0.3062 -0.7391
        vertex -5.0000 0.4000 -0.6928
        vertex -5.0000 0.8000 -0.8000
    endloop
endfacet
facet normal -12.5354 0.0000 0.0000
    outer loop
        vertex -5.0000 0.2070 -0.7727
        vertex -5.0000 0.3062 -0.7391
        vertex -5.0000 0.8000 -0.8000
    endloop
endfacet
facet normal -12.5233 0.0000 0.0000
    outer loop
        vertex -5.0000 0.1044 -0.7931
        vertex -5.0000 0.2070 -0.7727
        vertex -5.0000 0.8000 -0.8000
    endloop
endfacet
facet normal -12.5086 0.0000 0.0000
    outer loop
        vertex -5.0000 0.0000 -0.8000
        vertex -5.0000 0.1044 -0.7931
        vertex -5.0000 0.8000 -0.8000
    endloop
endfacet
facet normal -12.5086 0.0000 0.0000
    outer loop
        vertex -5.0000 -0.1044 -0.7931
        vertex -5.0000 0.0000 -0.8000
        vertex -5.0000 -0.8000 -0.8000
    endloop
endfacet
facet normal -12.5233 0.0000 0.0000
    outer loop
        vertex -5.0000 -0.2070 -0.7727
        vertex -5.0000 -0.1044 -0.7931
        vertex -5.0000 -0.8000 -0.8000
    endloop
endfacet
facet normal -12.5354 0.0000 0.0000
    outer loop
        vertex -5.0000 -0.3062 -0.7391
        vertex -5.0000 -0.2070 -0.7727
        vertex -5.0000 -0.8000 -0.8000
    endloop
endfacet
facet normal -12.5447 0.0000 0.0000
    outer loop
        vertex -5.0000 -0.4000 -0.6928
        vertex -5.0000 -0.3062 -0.7391
        vertex -5.0000 -0.8000 -0.8000
    endloop
endfacet
facet normal -12.5509 0.0000 0.0000
    outer loop
        vertex -5.0000 -0.4870 -0.6347
        vertex -5.0000 -0.4000 -0.6928
        vertex -5.0000 -0.8000 -0.8000
    endloop
endfacet
facet normal -12.5541 0.0000 0.0000
    outer loop
        vertex -5.0000 -0.5657 -0.5657
        vertex -5.0000 -0.4870 -0.6347
        vertex -5.0000 -0.8000 -0.8000
    endloop
endfacet
facet normal -12.5541 0.0000 0.0000
    outer loop
        vertex -5.0000 -0.6347 -0.4870
        vertex -5.0000 -0.5657 -0.5657
        vertex -5.0000 -0.8000 -0.8000
    endloop
endfacet
facet normal -12.5509 0.0000 0.0000
    outer loop
        vertex -5.0000 -0.6928 -0.4000
        vertex -5.0000 -0.6347 -0.4870
        vertex -5.0000 -0.8000 -0.8000
    endloop
endfacet
facet normal -12.5447 0.0000 0.0000
    outer loop
        vertex -5.0000 -0.7391 -0.3062
        vertex -5.0000 -0.6928 -0.4000
        vertex -5.0000 -0.8000 -0.8000
    endloop
endfacet
facet normal -12.5354 0.0000 0.0000
    outer loop
        vertex -5.0000 -0.7727 -0.2070
        vertex -5.0000 -0.7391 -0.3062
        vertex -5.0000 -0.8000 -0.8000
    endloop
endfacet
facet normal -12.5233 0.0000 0.0000
    outer loop
        vertex -5.0000 -0.7931 -0.1044
        vertex -5.0000 -0.7727 -0.2070
        vertex -5.0000 -0.8000 -0.8000
    endloop
endfacet
facet normal -12.5086 0.0000 0.0000
    outer loop
        vertex -5.0000 -0.8000 0.0000
        vertex -5.0000 -0.7931 -0.1044
        vertex -5.0000 -0.8000 -0.8000
    endloop
endfacet
facet normal -12.5086 0.0000 0.0000
    outer loop
        vertex -5.0000 -0.7931 0.1044
        vertex -5.0000 -0.8000 0.0000
        vertex -5.0000 -0.8000 0.8000
    endloop
endfacet
facet normal -12.5233 0.0000 0.0000
    outer loop
        vertex -5.0000 -0.7727 0.2070
        vertex -5.0000 -0.7931 0.1044
        vertex -5.0000 -0.8000 0.8000
    endloop
endfacet
facet normal -12.5354 0.0000 0.0000
    outer loop
        vertex -5.0000 -0.7391 0.3062
        vertex -5.0000 -0.7727 0.2070
        vertex -5.0000 -0.8000 0.8000
    endloop
endfacet
facet normal -12.5447 0.0000 0.0000
    outer loop
        vertex -5.0000 -0.6928 0.4000
        vertex -5.0000 -0.7391 0.3062
        vertex -5.0000 -0.8000 0.8000
    endloop
endfacet
facet normal -12.5509 0.0000 0.0000
    outer loop
        vertex -5.0000 -0.6347 0.4870
        vertex -5.0000 -0.6928 0.4000
        vertex -5.0000 -0.8000 0.8000
    endloop
endfacet
facet normal -12.5541 0.0000 0.0000
    outer loop
        vertex -5.0000 -0.5657 0.5657
        vertex -5.0000 -0.6347 0.4870
        vertex -5.0000 -0.8000 0.8000
    endloop
endfacet
facet normal -12.5541 0.0000 0.0000
    outer loop
        vertex -5.0000 -0.4870 0.6347
        vertex -5.0000 -0.5657 0.5657
        vertex -5.0000 -0.8000 0.8000
    endloop
endfacet
facet normal -12.5509 0.0000 0.0000
    outer loop
        vertex -5.0000 -0.4000 0.6928
        vertex -5.0000 -0.4870 0.6347
        vertex -5.0000 -0.8000 0.8000
    endloop
endfacet
facet normal -12.5447 0.0000 0.0000
    outer loop
        vertex -5.0000 -0.3062 0.7391
        vertex -5.0000 -0.4000 0.6928
        vertex -5.0000 -0.8000 0.8000
    endloop
endfacet
facet normal -12.5354 0.0000 0.0000
    outer loop
        vertex -5.0000 -0.2070 0.7727
        vertex -5.0000 -0.3062 0.7391
        vertex -5.0000 -0.8000 0.8000
    endloop
endfacet
facet normal -12.5233 0.0000 0.0000
    outer loop
        vertex -5.0000 -0.1044 0.7931
        vertex -5.0000 -0.2070 0.7727
        vertex -5.0000 -0.8000 0.8000
    endloop
endfacet
facet normal -12.5086 0.0000 0.0000
    outer loop
        vertex -5.0000 0.0000 0.8000
        vertex -5.0000 -0.1044 0.7931
        vertex -5.0000 -0.8000 0.8000
    endloop
endfacet
facet normal 4.0000 -0.0172 -0.2610
    outer loop
        vertex 1.6000 0.1044 0.7931
        vertex 5.0000 0.0000 0.8000
        vertex 1.6000 0.0000 0.8000
    endloop
endfacet
facet normal 4.0000 -0.0172 -0.2610
    outer loop
        vertex 5.0000 0.0000 0.8000
        vertex 1.6000 0.1044 0.7931
        vertex 5.0000 0.1044 0.7931
    endloop
endfacet
facet normal 4.0000 -0.0510 -0.2566
    outer loop
        vertex 1.6000 0.2070 0.7727
        vertex 5.0000 0.1044 0.7931
        vertex 1.6000 0.1044 0.7931
    endloop
endfacet
facet normal 4.0000 -0.0510 -0.2566
    outer loop
        vertex 5.0000 0.1044 0.7931
        vertex 1.6000 0.2070 0.7727
        vertex 5.0000 0.2070 0.7727
    endloop
endfacet
facet normal 4.0000 -0.0840 -0.2478
    outer loop
        vertex 1.6000 0.3062 0.7391
        vertex 5.0000 0.2070 0.7727
        vertex 1.6000 0.2070 0.7727
    endloop
endfacet
facet normal 4.0000 -0.0840 -0.2478
    outer loop
        vertex 5.0000 0.2070 0.7727
        vertex 1.6000 0.3062 0.7391
        vertex 5.0000 0.3062 0.7391
    endloop
endfacet
facet normal 4.0000 -0.1158 -0.2346
    outer loop
        vertex 1.6000 0.4000 0.6928
        vertex 5.0000 0.3062 0.7391
        vertex 1.6000 0.3062 0.7391
    endloop
endfacet
facet normal 4.0000 -0.1158 -0.2346
    outer loop
        vertex 5.0000 0.3062 0.7391
        vertex 1.6000 0.4000 0.6928
        vertex 5.0000 0.4000 0.6928
    endloop
endfacet
facet normal 4.0000 -0.1452 -0.2176
    outer loop
        vertex 1.6000 0.4870 0.6347
        vertex 5.0000 0.4000 0.6928
        vertex 1.6000 0.4000 0.6928
    endloop
endfacet
facet normal 4.0000 -0.1452 -0.2176
    outer loop
        vertex 5.0000 0.4000 0.6928
        vertex 1.6000 0.4870 0.6347
        vertex 5.0000 0.4870 0.6347
    endloop
endfacet
facet normal 4.0000 -0.1726 -0.1966
    outer loop
        vertex 1.6000 0.5657 0.5657
        vertex 5.0000 0.4870 0.6347
        vertex 1.6000 0.4870 0.6347
    endloop
endfacet
facet normal 4.0000 -0.1726 -0.1966
    outer loop
        vertex 5.0000 0.4870 0.6347
        vertex 1.6000 0.5657 0.5657
        vertex 5.0000 0.5657 0.5657
    endloop
endfacet
facet normal 4.0000 -0.1966 -0.1726
    outer loop
        vertex 1.6000 0.6347 0.4870
        vertex 5.0000 0.5657 0.5657
        vertex 1.6000 0.5657 0.5657
    endloop
endfacet
facet normal 4.0000 -0.1966 -0.1726
    outer loop
        vertex 5.0000 0.5657 0.5657
        vertex 1.6000 0.6347 0.4870
        vertex 5.0000 0.6347 0.4870
    endloop
endfacet
facet normal 4.0000 -0.2176 -0.1452
    outer loop
        vertex 1.6000 0.6928 0.4000
        vertex 5.0000 0.6347 0.4870
        vertex 1.6000 0.6347 0.4870
    endloop
endfacet
facet normal 4.0000 -0.2176 -0.1452
    outer loop
        vertex 5.0000 0.6347 0.4870
        vertex 1.6000 0.6928 0.4000
        vertex 5.0000 0.6928 0.4000
    endloop
endfacet
facet normal 4.0000 -0.2346 -0.1158
    outer loop
        vertex 1.6000 0.7391 0.3062
        vertex 5.0000 0.6928 0.4000
        vertex 1.6000 0.6928 0.4000
    endloop
endfacet
facet normal 4.0000 -0.2346 -0.1158
    outer loop
        vertex 5.0000 0.6928 0.4000
        vertex 1.6000 0.7391 0.3062
        vertex 5.0000 0.7391 0.3062
    endloop
endfacet
facet normal 4.0000 -0.2478 -0.0840
    outer loop
        vertex 1.6000 0.7727 0.2070
        vertex 5.0000 0.7391 0.3062
        vertex 1.6000 0.7391 0.3062
    endloop
endfacet
facet normal 4.0000 -0.2478 -0.0840
    outer loop
        vertex 5.0000 0.7391 0.3062
        vertex 1.6000 0.7727 0.2070
        vertex 5.0000 0.7727 0.2070
    endloop
endfacet
facet normal 4.0000 -0.2566 -0.0510
    outer loop
        vertex 1.6000 0.7931 0.1044
        vertex 5.0000 0.7727 0.2070
        vertex 1.6000 0.7727 0.2070
    endloop
endfacet
facet normal 4.0000 -0.2566 -0.0510
    outer loop
        vertex 5.0000 0.7727 0.2070
        vertex 1.6000 0.7931 0.1044
        vertex 5.0000 0.7931 0.1044
    endloop
endfacet
facet normal 4.0000 -0.2610 -0.0172
    outer loop
        vertex 1.6000 0.8000 0.0000
        vertex 5.0000 0.7931 0.1044
        vertex 1.6000 0.7931 0.1044
    endloop
endfacet
facet normal 4.0000 -0.2610 -0.0172
    outer loop
        vertex 5.0000 0.7931 0.1044
        vertex 1.6000 0.8000 0.0000
        vertex 5.0000 0.8000 0.0000
    endloop
endfacet
facet normal 4.0000 -0.2610 0.0172
    outer loop
        vertex 1.6000 0.7931 -0.1044
        vertex 5.0000 0.8000 0.0000
        vertex 1.6000 0.8000 0.0000
    endloop
endfacet
facet normal 4.0000 -0.2610 0.0172
    outer loop
        vertex 5.0000 0.8000 0.0000
        vertex 1.6000 0.7931 -0.1044
        vertex 5.0000 0.7931 -0.1044
    endloop
endfacet
facet normal 4.0000 -0.2566 0.0510
    outer loop
        vertex 1.6000 0.7727 -0.2070
        vertex 5.0000 0.7931 -0.1044
        vertex 1.6000 0.7931 -0.1044
    endloop
endfacet
facet normal 4.0000 -0.2566 0.0510
    outer loop
        vertex 5.0000 0.7931 -0.1044
        vertex 1.6000 0.7727 -0.2070
        vertex 5.0000 0.7727 -0.2070
    endloop
endfacet
facet normal 4.0000 -0.2478 0.0840
    outer loop
        vertex 1.6000 0.7391 -0.3062
        vertex 5.0000 0.7727 -0.2070
        vertex 1.6000 0.7727 -0.2070
    endloop
endfacet
facet normal 4.0000 -0.2478 0.0840
    outer loop
        vertex 5.0000 0.7727 -0.2070
        vertex 1.6000 0.7391 -0.3062
        vertex 5.0000 0.7391 -0.3062
    endloop
endfacet
facet normal 4.0000 -0.2346 0.1158
    outer loop
        vertex 1.6000 0.6928 -0.4000
        vertex 5.0000 0.7391 -0.3062
        vertex 1.6000 0.7391 -0.3062
    endloop
endfacet
facet normal 4.0000 -0.2346 0.1158
    outer loop
        vertex 5.0000 0.7391 -0.3062
        vertex 1.6000 0.6928 -0.4000
        vertex 5.0000 0.6928 -0.4000
    endloop
endfacet
facet normal 4.0000 -0.2176 0.1452
    outer loop
        vertex 1.6000 0.6347 -0.4870
        vertex 5.0000 0.6928 -0.4000
        vertex 1.6000 0.6928 -0.4000
    endloop
endfacet
facet normal 4.0000 -0.2176 0.1452
    outer loop
        vertex 5.0000 0.6928 -0.4000
        vertex 1.6000 0.6347 -0.4870
        vertex 5.0000 0.6347 -0.4870
    endloop
endfacet
facet normal 4.0000 -0.1966 0.1726
    outer loop
        vertex 1.6000 0.5657 -0.5657
        vertex 5.0000 0.6347 -0.4870
        vertex 1.6000 0.6347 -0.4870
    endloop
endfacet
facet normal 4.0000 -0.1966 0.1726
    outer loop
        vertex 5.0000 0.6347 -0.4870
        vertex 1.6000 0.5657 -0.5657
        vertex 5.0000 0.5657 -0.5657
    endloop
endfacet
facet normal 4.0000 -0.1726 0.1966
    outer loop
        vertex 1.6000 0.4870 -0.6347
        vertex 5.0000 0.5657 -0.5657
        vertex 1.6000 0.5657 -0.5657
    endloop
endfacet
facet normal 4.0000 -0.1726 0.1966
    outer loop
        vertex 5.0000 0.5657 -0.5657
        vertex 1.6000 0.4870 -0.6347
        vertex 5.0000 0.4870 -0.6347
    endloop
endfacet
facet normal 4.0000 -0.1452 0.2176
    outer loop
        vertex 1.6000 0.4000 -0.6928
        vertex 5.0000 0.4870 -0.6347
        vertex 1.6000 0.4870 -0.6347
    endloop
endfacet
facet normal 4.0000 -0.1452 0.2176
    outer loop
        vertex 5.0000 0.4870 -0.6347
        vertex 1.6000 0.4000 -0.6928
        vertex 5.0000 0.4000 -0.6928
    endloop
endfacet
facet normal 4.0000 -0.1158 0.2346
    outer loop
        vertex 1.6000 0.3062 -0.7391
        vertex 5.0000 0.4000 -0.6928
        vertex 1.6000 0.4000 -0.6928
    endloop
endfacet
facet normal 4.0000 -0.1158 0.2346
    outer loop
        vertex 5.0000 0.4000 -0.6928
        vertex 1.6000 0.3062 -0.7391
        vertex 5.0000 0.3062 -0.7391
    endloop
endfacet
facet normal 4.0000 -0.0840 0.2478
    outer loop
        vertex 1.6000 0.2070 -0.7727
        vertex 5.0000 0.3062 -0.7391
        vertex 1.6000 0.3062 -0.7391
    endloop
endfacet
facet normal 4.0000 -0.0840 0.2478
    outer loop
        vertex 5.0000 0.3062 -0.7391
        vertex 1.6000 0.2070 -0.7727
        vertex 5.0000 0.2070 -0.7727
    endloop
endfacet
facet normal 4.0000 -0.0510 0.2566
    outer loop
        vertex 1.6000 0.1044 -0.7931
        vertex 5.0000 0.2070 -0.7727
        vertex 1.6000 0.2070 -0.7727
    endloop
endfacet
facet normal 4.0000 -0.0510 0.2566
    outer loop
        vertex 5.0000 0.2070 -0.7727
        vertex 1.6000 0.1044 -0.7931
        vertex 5.0000 0.1044 -0.7931
    endloop
endfacet
facet normal 4.0000 -0.0172 0.2610
    outer loop
        vertex 1.6000 0.0000 -0.8000
        vertex 5.0000 0.1044 -0.7931
        vertex 1.6000 0.1044 -0.7931
    endloop
endfacet
facet normal 4.0000 -0.0172 0.2610
    outer loop
        vertex 5.0000 0.1044 -0.7931
        vertex 1.6000 0.0000 -0.8000
        vertex 5.0000 0.0000 -0.8000
    endloop
endfacet
facet normal 4.0000 0.0172 0.2610
    outer loop
        vertex 1.6000 -0.1044 -0.7931
        vertex 5.0000 0.0000 -0.8000
        vertex 1.6000 0.0000 -0.8000
    endloop
endfacet
facet normal 4.0000 0.0172 0.2610
    outer loop
        vertex 5.0000 0.0000 -0.8000
        vertex 1.6000 -0.1044 -0.7931
        vertex 5.0000 -0.1044 -0.7931
    endloop
endfacet
facet normal 4.0000 0.0510 0.2566
    outer loop
        vertex 1.6000 -0.2070 -0.7727
        vertex 5.0000 -0.1044 -0.7931
        vertex 1.6000 -0.1044 -0.7931
    endloop
endfacet
facet normal 4.0000 0.0510 0.2566
    outer loop
        vertex 5.0000 -0.1044 -0.7931
        vertex 1.6000 -0.2070 -0.7727
        vertex 5.0000 -0.2070 -0.7727
    endloop
endfacet
facet normal 4.0000 0.0840 0.2478
    outer loop
        vertex 1.6000 -0.3062 -0.7391
        vertex 5.0000 -0.2070 -0.7727
        vertex 1.6000 -0.2070 -0.7727
    endloop
endfacet
facet normal 4.0000 0.0840 0.2478
    outer loop
        vertex 5.0000 -0.2070 -0.7727
        vertex 1.6000 -0.3062 -0.7391
        vertex 5.0000 -0.3062 -0.7391
    endloop
endfacet
facet normal 4.0000 0.1158 0.2346
    outer loop
        vertex 1.6000 -0.4000 -0.6928
        vertex 5.0000 -0.3062 -0.7391
        vertex 1.6000 -0.3062 -0.7391
    endloop
endfacet
facet normal 4.0000 0.1158 0.2346
    outer loop
        vertex 5.0000 -0.3062 -0.7391
        vertex 1.6000 -0.4000 -0.6928
        vertex 5.0000 -0.4000 -0.6928
    endloop
endfacet
facet normal 4.0000 0.1452 0.2176
    outer loop
        vertex 1.6000 -0.4870 -0.6347
        vertex 5.0000 -0.4000 -0.6928
        vertex 1.6000 -0.4000 -0.6928
    endloop
endfacet
facet normal 4.0000 0.1452 0.2176
    outer loop
        vertex 5.0000 -0.4000 -0.6928
        vertex 1.6000 -0.4870 -0.6347
        vertex 5.0000 -0.4870 -0.6347
    endloop
endfacet
facet normal 4.0000 0.1726 0.1966
    outer loop
        vertex 1.6000 -0.5657 -0.5657
        vertex 5.0000 -0.4870 -0.6347
        vertex 1.6000 -0.4870 -0.6347
    endloop
endfacet
facet normal 4.0000 0.1726 0.1966
    outer loop
        vertex 5.0000 -0.4870 -0.6347
        vertex 1.6000 -0.5657 -0.5657
        vertex 5.0000 -0.5657 -0.5657
    endloop
endfacet
facet normal 4.0000 0.1966 0.1726
    outer loop
        vertex 1.6000 -0.6347 -0.4870
        vertex 5.0000 -0.5657 -0.5657
        vertex 1.6000 -0.5657 -0.5657
    endloop
endfacet
facet normal 4.0000 0.1966 0.1726
    outer loop
        vertex 5.0000 -0.5657 -0.5657
        vertex 1.6000 -0.6347 -0.4870
        vertex 5.0000 -0.6347 -0.4870
    endloop
endfacet
facet normal 4.0000 0.2176 0.1452
    outer loop
        vertex 1.6000 -0.6928 -0.4000
        vertex 5.0000 -0.6347 -0.4870
        vertex 1.6000 -0.6347 -0.4870
    endloop
endfacet
facet normal 4.0000 0.2176 0.1452
    outer loop
        vertex 5.0000 -0.6347 -0.4870
        vertex 1.6000 -0.6928 -0.4000
        vertex 5.0000 -0.6928 -0.4000
    endloop
endfacet
facet normal 4.0000 0.2346 0.1158
    outer loop
        vertex 1.6000 -0.7391 -0.3062
        vertex 5.0000 -0.6928 -0.4000
        vertex 1.6000 -0.6928 -0.4000
    endloop
endfacet
facet normal 4.0000 0.2346 0.1158
    outer loop
        vertex 5.0000 -0.6928 -0.4000
        vertex 1.6000 -0.7391 -0.3062
        vertex 5.0000 -0.7391 -0.3062
    endloop
endfacet
facet normal 4.0000 0.2478 0.0840
    outer loop
        vertex 1.6000 -0.7727 -0.2070
        vertex 5.0000 -0.7391 -0.3062
        vertex 1.6000 -0.7391 -0.3062
    endloop
endfacet
facet normal 4.0000 0.2478 0.0840
    outer loop
        vertex 5.0000 -0.7391 -0.3062
        vertex 1.6000 -0.7727 -0.2070
        vertex 5.0000 -0.7727 -0.2070
    endloop
endfacet
facet normal 4.0000 0.2566 0.0510
    outer loop
        vertex 1.6000 -0.7931 -0.1044
        vertex 5.0000 -0.7727 -0.2070
        vertex 1.6000 -0.7727 -0.2070
    endloop
endfacet
facet normal 4.0000 0.2566 0.0510
    outer loop
        vertex 5.0000 -0.7727 -0.2070
        vertex 1.6000 -0.7931 -0.1044
        vertex 5.0000 -0.7931 -0.1044
    endloop
endfacet
facet normal 4.0000 0.2610 0.0172
    outer loop
        vertex 1.6000 -0.8000 0.0000
        vertex 5.0000 -0.7931 -0.1044
        vertex 1.6000 -0.7931 -0.1044
    endloop
endfacet
facet normal 4.0000 0.2610 0.0172
    outer loop
        vertex 5.0000 -0.7931 -0.1044
        vertex 1.6000 -0.8000 0.0000
        vertex 5.0000 -0.8000 0.0000
    endloop
endfacet
facet normal 4.0000 0.2610 -0.0172
    outer loop
        vertex 1.6000 -0.7931 0.1044
        vertex 5.0000 -0.8000 0.0000
        vertex 1.6000 -0.8000 0.0000
    endloop
endfacet
facet normal 4.0000 0.2610 -0.0172
    outer loop
        vertex 5.0000 -0.8000 0.0000
        vertex 1.6000 -0.7931 0.1044
        vertex 5.0000 -0.7931 0.1044
    endloop
endfacet
facet normal 4.0000 0.2566 -0.0510
    outer loop
        vertex 1.6000 -0.7727 0.2070
        vertex 5.0000 -0.7931 0.1044
        vertex 1.6000 -0.7931 0.1044
    endloop
endfacet
facet normal 4.0000 0.2566 -0.0510
    outer loop
        vertex 5.0000 -0.7931 0.1044
        vertex 1.6000 -0.7727 0.2070
        vertex 5.0000 -0.7727 0.2070
    endloop
endfacet
facet normal 4.0000 0.2478 -0.0840
    outer loop
        vertex 1.6000 -0.7391 0.3062
        vertex 5.0000 -0.7727 0.2070
        vertex 1.6000 -0.7727 0.2070
    endloop
endfacet
facet normal 4.0000 0.2478 -0.0840
    outer loop
        vertex 5.0000 -0.7727 0.2070
        vertex 1.6000 -0.7391 0.3062
        vertex 5.0000 -0.7391 0.3062
    endloop
endfacet
facet normal 4.0000 0.2346 -0.1158
    outer loop
        vertex 1.6000 -0.6928 0.4000
        vertex 5.0000 -0.7391 0.3062
        vertex 1.6000 -0.7391 0.3062
    endloop
endfacet
facet normal 4.0000 0.2346 -0.1158
    outer loop
        vertex 5.0000 -0.7391 0.3062
        vertex 1.6000 -0.6928 0.4000
        vertex 5.0000 -0.6928 0.4000
    endloop
endfacet
facet normal 4.0000 0.2176 -0.1452
    outer loop
        vertex 1.6000 -0.6347 0.4870
        vertex 5.0000 -0.6928 0.4000
        vertex 1.6000 -0.6928 0.4000
    endloop
endfacet
facet normal 4.0000 0.2176 -0.1452
    outer loop
        vertex 5.0000 -0.6928 0.4000
        vertex 1.6000 -0.6347 0.4870
        vertex 5.0000 -0.6347 0.4870
    endloop
endfacet
facet normal 4.0000 0.1966 -0.1726
    outer loop
        vertex 1.6000 -0.5657 0.5657
        vertex 5.0000 -0.6347 0.4870
        vertex 1.6000 -0.6347 0.4870
    endloop
endfacet
facet normal 4.0000 0.1966 -0.1726
    outer loop
        vertex 5.0000 -0.6347 0.4870
        vertex 1.6000 -0.5657 0.5657
        vertex 5.0000 -0.5657 0.5657
    endloop
endfacet
facet normal 4.0000 0.1726 -0.1966
    outer loop
        vertex 1.6000 -0.4870 0.6347
        vertex 5.0000 -0.5657 0.5657
        vertex 1.6000 -0.5657 0.5657
    endloop
endfacet
facet normal 4.0000 0.1726 -0.1966
    outer loop
        vertex 5.0000 -0.5657 0.5657
        vertex 1.6000 -0.4870 0.6347
        vertex 5.0000 -0.4870 0.6347
    endloop
endfacet
facet normal 4.0000 0.1452 -0.2176
    outer loop
        vertex 1.6000 -0.4000 0.6928
        vertex 5.0000 -0.4870 0.6347
        vertex 1.6000 -0.4870 0.6347
    endloop
endfacet
facet normal 4.0000 0.1452 -0.2176
    outer loop
        vertex 5.0000 -0.4870 0.6347
        vertex 1.6000 -0.4000 0.6928
        vertex 5.0000 -0.4000 0.6928
    endloop
endfacet
facet normal 4.0000 0.1158 -0.2346
    outer loop
        vertex 1.6000 -0.3062 0.7391
        vertex 5.0000 -0.4000 0.6928
        vertex 1.6000 -0.4000 0.6928
    endloop
endfacet
facet normal 4.0000 0.1158 -0.2346
    outer loop
        vertex 5.0000 -0.4000 0.6928
        vertex 1.6000 -0.3062 0.7391
        vertex 5.0000 -0.3062 0.7391
    endloop
endfacet
facet normal 4.0000 0.0840 -0.2478
    outer loop
        vertex 1.6000 -0.2070 0.7727
        vertex 5.0000 -0.3062 0.7391
        vertex 1.6000 -0.3062 0.7391
    endloop
endfacet
facet normal 4.0000 0.0840 -0.2478
    outer loop
        vertex 5.0000 -0.3062 0.7391
        vertex 1.6000 -0.2070 0.7727
        vertex 5.0000 -0.2070 0.7727
    endloop
endfacet
facet normal 4.0000 0.0510 -0.2566
    outer loop
        vertex 1.6000 -0.1044 0.7931
        vertex 5.0000 -0.2070 0.7727
        vertex 1.6000 -0.2070 0.7727
    endloop
endfacet
facet normal 4.0000 0.0510 -0.2566
    outer loop
        vertex 5.0000 -0.2070 0.7727
        vertex 1.6000 -0.1044 0.7931
        vertex 5.0000 -0.1044 0.7931
    endloop
endfacet
facet normal 4.0000 0.0172 -0.2610
    outer loop
        vertex 1.6000 0.0000 0.8000
        vertex 5.0000 -0.1044 0.7931
        vertex 1.6000 -0.1044 0.7931
    endloop
endfacet
facet normal 4.0000 0.0172 -0.2610
    outer loop
        vertex 5.0000 -0.1044 0.7931
        vertex 1.6000 0.0000 0.8000
        vertex 5.0000 0.0000 0.8000
    endloop
endfacet
facet normal 3.3475 0.0000 0.0000
    outer loop
        vertex 1.6000 0.0000 1.0000
        vertex 1.6000 0.1305 0.9914
        vertex 1.6000 0.1044 0.7931
    endloop
endfacet
facet normal 3.4780 0.0000 0.0000
    outer loop
        vertex 1.6000 0.1044 0.7931
        vertex 1.6000 0.0000 0.8000
        vertex 1.6000 0.0000 1.0000
    endloop
endfacet
facet normal 3.3474 0.0000 0.0000
    outer loop
        vertex 1.6000 0.1305 0.9914
        vertex 1.6000 0.2588 0.9659
        vertex 1.6000 0.2070 0.7727
    endloop
endfacet
facet normal 3.4779 0.0000 0.0000
    outer loop
        vertex 1.6000 0.2070 0.7727
        vertex 1.6000 0.1044 0.7931
        vertex 1.6000 0.1305 0.9914
    endloop
endfacet
facet normal 3.3473 0.0000 0.0000
    outer loop
        vertex 1.6000 0.2588 0.9659
        vertex 1.6000 0.3827 0.9239
        vertex 1.6000 0.3062 0.7391
    endloop
endfacet
facet normal 3.4778 0.0000 0.0000
    outer loop
        vertex 1.6000 0.3062 0.7391
        vertex 1.6000 0.2070 0.7727
        vertex 1.6000 0.2588 0.9659
    endloop
endfacet
facet normal 3.3473 0.0000 0.0000
    outer loop
        vertex 1.6000 0.3827 0.9239
        vertex 1.6000 0.5000 0.8660
        vertex 1.6000 0.4000 0.6928
    endloop
endfacet
facet normal 3.4779 0.0000 0.0000
    outer loop
        vertex 1.6000 0.4000 0.6928
        vertex 1.6000 0.3062 0.7391
        vertex 1.6000 0.3827 0.9239
    endloop
endfacet
facet normal 3.3474 0.0000 0.0000
    outer loop
        vertex 1.6000 0.5000 0.8660
        vertex 1.6000 0.6088 0.7934
        vertex 1.6000 0.4870 0.6347
    endloop
endfacet
facet normal 3.4779 0.0000 0.0000
    outer loop
        vertex 1.6000 0.4870 0.6347
        vertex 1.6000 0.4000 0.6928
        vertex 1.6000 0.5000 0.8660
    endloop
endfacet
facet normal 3.3473 0.0000 0.0000
    outer loop
        vertex 1.6000 0.6088 0.7934
        vertex 1.6000 0.7071 0.7071
        vertex 1.6000 0.5657 0.5657
    endloop
endfacet
facet normal 3.4779 0.0000 0.0000
    outer loop
        vertex 1.6000 0.5657 0.5657
        vertex 1.6000 0.4870 0.6347
        vertex 1.6000 0.6088 0.7934
    endloop
endfacet
facet normal 3.3473 0.0000 0.0000
    outer loop
        vertex 1.6000 0.7071 0.7071
        vertex 1.6000 0.7934 0.6088
        vertex 1.6000 0.6347 0.4870
    endloop
endfacet
facet normal 3.4779 0.0000 0.0000
    outer loop
        vertex 1.6000 0.6347 0.4870
        vertex 1.6000 0.5657 0.5657
        vertex 1.6000 0.7071 0.7071
    endloop
endfacet
facet normal 3.3474 0.0000 0.0000
    outer loop
        vertex 1.6000 0.7934 0.6088
        vertex 1.6000 0.8660 0.5000
        vertex 1.6000 0.6928 0.4000
    endloop
endfacet
facet normal 3.4779 0.0000 0.0000
    outer loop
        vertex 1.6000 0.6928 0.4000
        vertex 1.6000 0.6347 0.4870
        vertex 1.6000 0.7934 0.6088
    endloop
endfacet
facet normal 3.3473 0.0000 0.0000
    outer loop
        vertex 1.6000 0.8660 0.5000
        vertex 1.6000 0.9239 0.3827
        vertex 1.6000 0.7391 0.3062
    endloop
endfacet
facet normal 3.4779 0.0000 0.0000
    outer loop
        vertex 1.6000 0.7391 0.3062
        vertex 1.6000 0.6928 0.4000
        vertex 1.6000 0.8660 0.5000
    endloop
endfacet
facet normal 3.3473 0.0000 0.0000
    outer loop
        vertex 1.6000 0.9239 0.3827
        vertex 1.6000 0.9659 0.2588
        vertex 1.6000 0.7727 0.2070
    endloop
endfacet
facet normal 3.4778 0.0000 0.0000
    outer loop
        vertex 1.6000 0.7727 0.2070
        vertex 1.6000 0.7391 0.3062
        vertex 1.6000 0.9239 0.3827
    endloop
endfacet
facet normal 3.3474 0.0000 0.0000
    outer loop
        vertex 1.6000 0.9659 0.2588
        vertex 1.6000 0.9914 0.1305
        vertex 1.6000 0.7931 0.1044
    endloop
endfacet
facet normal 3.4779 0.0000 0.0000
    outer loop
        vertex 1.6000 0.7931 0.1044
        vertex 1.6000 0.7727 0.2070
        vertex 1.6000 0.9659 0.2588
    endloop
endfacet
facet normal 3.3475 0.0000 0.0000
    outer loop
        vertex 1.6000 0.9914 0.1305
        vertex 1.6000 1.0000 0.0000
        vertex 1.6000 0.8000 0.0000
    endloop
endfacet
facet normal 3.4780 0.0000 0.0000
    outer loop
        vertex 1.6000 0.8000 0.0000
        vertex 1.6000 0.7931 0.1044
        vertex 1.6000 0.9914 0.1305
    endloop
endfacet
facet normal 3.3475 0.0000 0.0000
    outer loop
        vertex 1.6000 1.0000 0.0000
        vertex 1.6000 0.9914 -0.1305
        vertex 1.6000 0.7931 -0.1044
    endloop
endfacet
facet normal 3.4780 0.0000 0.0000
    outer loop
        vertex 1.6000 0.7931 -0.1044
        vertex 1.6000 0.8000 0.0000
        vertex 1.6000 1.0000 0.0000
    endloop
endfacet
facet normal 3.3474 0.0000 0.0000
    outer loop
        vertex 1.6000 0.9914 -0.1305
        vertex 1.6000 0.9659 -0.2588
        vertex 1.6000 0.7727 -0.2070
    endloop
endfacet
facet normal 3.4779 0.0000 0.0000
    outer loop
        vertex 1.6000 0.7727 -0.2070
        vertex 1.6000 0.7931 -0.1044
        vertex 1.6000 0.9914 -0.1305
    endloop
endfacet
facet normal 3.3473 0.0000 0.0000
    outer loop
        vertex 1.6000 0.9659 -0.2588
        vertex 1.6000 0.9239 -0.3827
        vertex 1.6000 0.7391 -0.3062
    endloop
endfacet
facet normal 3.4778 0.0000 0.0000
    outer loop
        vertex 1.6000 0.7391 -0.3062
        vertex 1.6000 0.7727 -0.2070
        vertex 1.6000 0.9659 -0.2588
    endloop
endfacet
facet normal 3.3473 0.0000 0.0000
    outer loop
        vertex 1.6000 0.9239 -0.3827
        vertex 1.6000 0.8660 -0.5000
        vertex 1.6000 0.6928 -0.4000
    endloop
endfacet
facet normal 3.4779 0.0000 0.0000
    outer loop
        vertex 1.6000 0.6928 -0.4000
        vertex 1.6000 0.7391 -0.3062
        vertex 1.6000 0.9239 -0.3827
    endloop
endfacet
facet normal 3.3474 0.0000 0.0000
    outer loop
        vertex 1.6000 0.8660 -0.5000
        vertex 1.6000 0.7934 -0.6088
        vertex 1.6000 0.6347 -0.4870
    endloop
endfacet
facet normal 3.4779 0.0000 0.0000
    outer loop
        vertex 1.6000 0.6347 -0.4870
        vertex 1.6000 0.6928 -0.4000
        vertex 1.6000 0.8660 -0.5000
    endloop
endfacet
facet normal 3.3473 0.0000 0.0000
    outer loop
        vertex 1.6000 0.7934 -0.6088
        vertex 1.6000 0.7071 -0.7071
        vertex 1.6000 0.5657 -0.5657
    endloop
endfacet
facet normal 3.4779 0.0000 0.0000
    outer loop
        vertex 1.6000 0.5657 -0.5657
        vertex 1.6000 0.6347 -0.4870
        vertex 1.6000 0.7934 -0.6088
    endloop
endfacet
facet normal 3.3473 0.0000 0.0000
    outer loop
        vertex 1.6000 0.7071 -0.7071
        vertex 1.6000 0.6088 -0.7934
        vertex 1.6000 0.4870 -0.6347
    endloop
endfacet
facet normal 3.4779 0.0000 0.0000
    outer loop
        vertex 1.6000 0.4870 -0.6347
        vertex 1.6000 0.5657 -0.5657
        vertex 1.6000 0.7071 -0.7071
    endloop
endfacet
facet normal 3.3474 0.0000 0.0000
    outer loop
        vertex 1.6000 0.6088 -0.7934
        vertex 1.6000 0.5000 -0.8660
        vertex 1.6000 0.4000 -0.6928
    endloop
endfacet
facet normal 3.4779 0.0000 0.0000
    outer loop
        vertex 1.6000 0.4000 -0.6928
        vertex 1.6000 0.4870 -0.6347
        vertex 1.6000 0.6088 -0.7934
    endloop
endfacet
facet normal 3.3473 0.0000 0.0000
    outer loop
        vertex 1.6000 0.5000 -0.8660
        vertex 1.6000 0.3827 -0.9239
        vertex 1.6000 0.3062 -0.7391
    endloop
endfacet
facet normal 3.4779 0.0000 0.0000
    outer loop
        vertex 1.6000 0.3062 -0.7391
        vertex 1.6000 0.4000 -0.6928
        vertex 1.6000 0.5000 -0.8660
    endloop
endfacet
facet normal 3.3473 0.0000 0.0000
    outer loop
        vertex 1.6000 0.3827 -0.9239
        vertex 1.6000 0.2588 -0.9659
        vertex 1.6000 0.2070 -0.7727
    endloop
endfacet
facet normal 3.4778 0.0000 0.0000
    outer loop
        vertex 1.6000 0.2070 -0.7727
        vertex 1.6000 0.3062 -0.7391
        vertex 1.6000 0.3827 -0.9239
    endloop
endfacet
facet normal 3.3474 0.0000 0.0000
    outer loop
        vertex 1.6000 0.2588 -0.9659
        vertex 1.6000 0.1305 -0.9914
        vertex 1.6000 0.1044 -0.7931
    endloop
endfacet
facet normal 3.4779 0.0000 0.0000
    outer loop
        vertex 1.6000 0.1044 -0.7931
        vertex 1.6000 0.2070 -0.7727
        vertex 1.6000 0.2588 -0.9659
    endloop
endfacet
facet normal 3.3475 0.0000 0.0000
    outer loop
        vertex 1.6000 0.1305 -0.9914
        vertex 1.6000 0.0000 -1.0000
        vertex 1.6000 0.0000 -0.8000
    endloop
endfacet
facet normal 3.4780 0.0000 0.0000
    outer loop
        vertex 1.6000 0.0000 -0.8000
        vertex 1.6000 0.1044 -0.7931
        vertex 1.6000 0.1305 -0.9914
    endloop
endfacet
facet normal 3.3475 0.0000 0.0000
    outer loop
        vertex 1.6000 0.0000 -1.0000
        vertex 1.6000 -0.1305 -0.9914
        vertex 1.6000 -0.1044 -0.7931
    endloop
endfacet
facet normal 3.4780 0.0000 0.0000
    outer loop
        vertex 1.6000 -0.1044 -0.7931
        vertex 1.6000 0.0000 -0.8000
        vertex 1.6000 0.0000 -1.0000
    endloop
endfacet
facet normal 3.3474 0.0000 0.0000
    outer loop
        vertex 1.6000 -0.1305 -0.9914
        vertex 1.6000 -0.2588 -0.9659
        vertex 1.6000 -0.2070 -0.7727
    endloop
endfacet
facet normal 3.4779 0.0000 0.0000
    outer loop
        vertex 1.6000 -0.2070 -0.7727
        vertex 1.6000 -0.1044 -0.7931
        vertex 1.6000 -0.1305 -0.9914
    endloop
endfacet
facet normal 3.3473 0.0000 0.0000
    outer loop
        vertex 1.6000 -0.2588 -0.9659
        vertex 1.6000 -0.3827 -0.9239
        vertex 1.6000 -0.3062 -0.7391
    endloop
endfacet
facet normal 3.4778 0.0000 0.0000
    outer loop
        vertex 1.6000 -0.3062 -0.7391
        vertex 1.6000 -0.2070 -0.7727
        vertex 1.6000 -0.2588 -0.9659
    endloop
endfacet
facet normal 3.3473 0.0000 0.0000
    outer loop
        vertex 1.6000 -0.3827 -0.9239
        vertex 1.6000 -0.5000 -0.8660
        vertex 1.6000 -0.4000 -0.6928
    endloop
endfacet
facet normal 3.4779 0.0000 0.0000
    outer loop
        vertex 1.6000 -0.4000 -0.6928
        vertex 1.6000 -0.3062 -0.7391
        vertex 1.6000 -0.3827 -0.9239
    endloop
endfacet
facet normal 3.3474 0.0000 0.0000
    outer loop
        vertex 1.6000 -0.5000 -0.8660
        vertex 1.6000 -0.6088 -0.7934
        vertex 1.6000 -0.4870 -0.6347
    endloop
endfacet
facet normal 3.4779 0.0000 0.0000
    outer loop
        vertex 1.6000 -0.4870 -0.6347
        vertex 1.6000 -0.4000 -0.6928
        vertex 1.6000 -0.5000 -0.8660
    endloop
endfacet
facet normal 3.3473 0.0000 0.0000
    outer loop
        vertex 1.6000 -0.6088 -0.7934
        vertex 1.6000 -0.7071 -0.7071
        vertex 1.6000 -0.5657 -0.5657
    endloop
endfacet
facet normal 3.4779 0.0000 0.0000
    outer loop
        vertex 1.6000 -0.5657 -0.5657
        vertex 1.6000 -0.4870 -0.6347
        vertex 1.6000 -0.6088 -0.7934
    endloop
endfacet
facet normal 3.3473 0.0000 0.0000
    outer loop
        vertex 1.6000 -0.7071 -0.7071
        vertex 1.6000 -0.7934 -0.6088
        vertex 1.6000 -0.6347 -0.4870
    endloop
endfacet
facet normal 3.4779 0.0000 0.0000
    outer loop
        vertex 1.6000 -0.6347 -0.4870
        vertex 1.6000 -0.5657 -0.5657
        vertex 1.6000 -0.7071 -0.7071
    endloop
endfacet
facet normal 3.3474 0.0000 0.0000
    outer loop
        vertex 1.6000 -0.7934 -0.6088
        vertex 1.6000 -0.8660 -0.5000
        vertex 1.6000 -0.6928 -0.4000
    endloop
endfacet
facet normal 3.4779 0.0000 0.0000
    outer loop
        vertex 1.6000 -0.6928 -0.4000
        vertex 1.6000 -0.6347 -0.4870
        vertex 1.6000 -0.7934 -0.6088
    endloop
endfacet
facet normal 3.3473 0.0000 0.0000
    outer loop
        vertex 1.6000 -0.8660 -0.5000
        vertex 1.6000 -0.9239 -0.3827
        vertex 1.6000 -0.7391 -0.3062
    endloop
endfacet
facet normal 3.4779 0.0000 0.0000
    outer loop
        vertex 1.6000 -0.7391 -0.3062
        vertex 1.6000 -0.6928 -0.4000
        vertex 1.6000 -0.8660 -0.5000
    endloop
endfacet
facet normal 3.3473 0.0000 0.0000
    outer loop
        vertex 1.6000 -0.9239 -0.3827
        vertex 1.6000 -0.9659 -0.2588
        vertex 1.6000 -0.7727 -0.2070
    endloop
endfacet
facet normal 3.4778 0.0000 0.0000
    outer loop
        vertex 1.6000 -0.7727 -0.2070
        vertex 1.6000 -0.7391 -0.3062
        vertex 1.6000 -0.9239 -0.3827
    endloop
endfacet
facet normal 3.3474 0.0000 0.0000
    outer loop
        vertex 1.6000 -0.9659 -0.2588
        vertex 1.6000 -0.9914 -0.1305
        vertex 1.6000 -0.7931 -0.1044
    endloop
endfacet
facet normal 3.4779 0.0000 0.0000
    outer loop
        vertex 1.6000 -0.7931 -0.1044
        vertex 1.6000 -0.7727 -0.2070
        vertex 1.6000 -0.9659 -0.2588
    endloop
endfacet
facet normal 3.3475 0.0000 0.0000
    outer loop
        vertex 1.6000 -0.9914 -0.1305
        vertex 1.6000 -1.0000 0.0000
        vertex 1.6000 -0.8000 0.0000
    endloop
endfacet
facet normal 3.4780 0.0000 0.0000
    outer loop
        vertex 1.6000 -0.8000 0.0000
        vertex 1.6000 -0.7931 -0.1044
        vertex 1.6000 -0.9914 -0.1305
    endloop
endfacet
facet normal 3.3475 0.0000 0.0000
    outer loop
        vertex 1.6000 -1.0000 0.0000
        vertex 1.6000 -0.9914 0.1305
        vertex 1.6000 -0.7931 0.1044
    endloop
endfacet
facet normal 3.4780 0.0000 0.0000
    outer loop
        vertex 1.6000 -0.7931 0.1044
        vertex 1.6000 -0.8000 0.0000
        vertex 1.6000 -1.0000 0.0000
    endloop
endfacet
facet normal 3.3474 0.0000 0.0000
    outer loop
        vertex 1.6000 -0.9914 0.1305
        vertex 1.6000 -0.9659 0.2588
        vertex 1.6000 -0.7727 0.2070
    endloop
endfacet
facet normal 3.4779 0.0000 0.0000
    outer loop
        vertex 1.6000 -0.7727 0.2070
        vertex 1.6000 -0.7931 0.1044
        vertex 1.6000 -0.9914 0.1305
    endloop
endfacet
facet normal 3.3473 0.0000 0.0000
    outer loop
        vertex 1.6000 -0.9659 0.2588
        vertex 1.6000 -0.9239 0.3827
        vertex 1.6000 -0.7391 0.3062
    endloop
endfacet
facet normal 3.4778 0.0000 0.0000
    outer loop
        vertex 1.6000 -0.7391 0.3062
        vertex 1.6000 -0.7727 0.2070
        vertex 1.6000 -0.9659 0.2588
    endloop
endfacet
facet normal 3.3473 0.0000 0.0000
    outer loop
        vertex 1.6000 -0.9239 0.3827
        vertex 1.6000 -0.8660 0.5000
        vertex 1.6000 -0.6928 0.4000
    endloop
endfacet
facet normal 3.4779 0.0000 0.0000
    outer loop
        vertex 1.6000 -0.6928 0.4000
        vertex 1.6000 -0.7391 0.3062
        vertex 1.6000 -0.9239 0.3827
    endloop
endfacet
facet normal 3.3474 0.0000 0.0000
    outer loop
        vertex 1.6000 -0.8660 0.5000
        vertex 1.6000 -0.7934 0.6088
        vertex 1.6000 -0.6347 0.4870
    endloop
endfacet
facet normal 3.4779 0.0000 0.0000
    outer loop
        vertex 1.6000 -0.6347 0.4870
        vertex 1.6000 -0.6928 0.4000
        vertex 1.6000 -0.8660 0.5000
    endloop
endfacet
facet normal 3.3473 0.0000 0.0000
    outer loop
        vertex 1.6000 -0.7934 0.6088
        vertex 1.6000 -0.7071 0.7071
        vertex 1.6000 -0.5657 0.5657
    endloop
endfacet
facet normal 3.4779 0.0000 0.0000
    outer loop
        vertex 1.6000 -0.5657 0.5657
        vertex 1.6000 -0.6347 0.4870
        vertex 1.6000 -0.7934 0.6088
    endloop
endfacet
facet normal 3.3473 0.0000 0.0000
    outer loop
        vertex 1.6000 -0.7071 0.7071
        vertex 1.6000 -0.6088 0.7934
        vertex 1.6000 -0.4870 0.6347
    endloop
endfacet
facet normal 3.4779 0.0000 0.0000
    outer loop
        vertex 1.6000 -0.4870 0.6347
        vertex 1.6000 -0.5657 0.5657
        vertex 1.6000 -0.7071 0.7071
    endloop
endfacet
facet normal 3.3474 0.0000 0.0000
    outer loop
        vertex 1.6000 -0.6088 0.7934
        vertex 1.6000 -0.5000 0.8660
        vertex 1.6000 -0.4000 0.6928
    endloop
endfacet
facet normal 3.4779 0.0000 0.0000
    outer loop
        vertex 1.6000 -0.4000 0.6928
        vertex 1.6000 -0.4870 0.6347
        vertex 1.6000 -0.6088 0.7934
    endloop
endfacet
facet normal 3.3473 0.0000 0.0000
    outer loop
        vertex 1.6000 -0.5000 0.8660
        vertex 1.6000 -0.3827 0.9239
        vertex 1.6000 -0.3062 0.7391
    endloop
endfacet
facet normal 3.4779 0.0000 0.0000
    outer loop
        vertex 1.6000 -0.3062 0.7391
        vertex 1.6000 -0.4000 0.6928
        vertex 1.6000 -0.5000 0.8660
    endloop
endfacet
facet normal 3.3473 0.0000 0.0000
    outer loop
        vertex 1.6000 -0.3827 0.9239
        vertex 1.6000 -0.2588 0.9659
        vertex 1.6000 -0.2070 0.7727
    endloop
endfacet
facet normal 3.4778 0.0000 0.0000
    outer loop
        vertex 1.6000 -0.2070 0.7727
        vertex 1.6000 -0.3062 0.7391
        vertex 1.6000 -0.3827 0.9239
    endloop
endfacet
facet normal 3.3474 0.0000 0.0000
    outer loop
        vertex 1.6000 -0.2588 0.9659
        vertex 1.6000 -0.1305 0.9914
        vertex 1.6000 -0.1044 0.7931
    endloop
endfacet
facet normal 3.4779 0.0000 0.0000
    outer loop
        vertex 1.6000 -0.1044 0.7931
        vertex 1.6000 -0.2070 0.7727
        vertex 1.6000 -0.2588 0.9659
    endloop
endfacet
facet normal 3.3475 0.0000 0.0000
    outer loop
        vertex 1.6000 -0.1305 0.9914
        vertex 1.6000 0.0000 1.0000
        vertex 1.6000 0.0000 0.8000
    endloop
endfacet
facet normal 3.4780 0.0000 0.0000
    outer loop
        vertex 1.6000 0.0000 0.8000
        vertex 1.6000 -0.1044 0.7931
        vertex 1.6000 -0.1305 0.9914
    endloop
endfacet
facet normal 12.4914 0.0000 0.0000
    outer loop
        vertex 5.0000 0.1044 0.7931
        vertex 5.0000 0.8000 0.8000
        vertex 5.0000 0.0000 0.8000
    endloop
endfacet
facet normal 12.4767 0.0000 0.0000
    outer loop
        vertex 5.0000 0.2070 0.7727
        vertex 5.0000 0.8000 0.8000
        vertex 5.0000 0.1044 0.7931
    endloop
endfacet
facet normal 12.4646 0.0000 0.0000
    outer loop
        vertex 5.0000 0.3062 0.7391
        vertex 5.0000 0.8000 0.8000
        vertex 5.0000 0.2070 0.7727
    endloop
endfacet
facet normal 12.4553 0.0000 0.0000
    outer loop
        vertex 5.0000 0.4000 0.6928
        vertex 5.0000 0.8000 0.8000
        vertex 5.0000 0.3062 0.7391
    endloop
endfacet
facet normal 12.4491 0.0000 0.0000
    outer loop
        vertex 5.0000 0.4870 0.6347
        vertex 5.0000 0.8000 0.8000
        vertex 5.0000 0.4000 0.6928
    endloop
endfacet
facet normal 12.4459 0.0000 0.0000
    outer loop
        vertex 5.0000 0.5657 0.5657
        vertex 5.0000 0.8000 0.8000
        vertex 5.0000 0.4870 0.6347
    endloop
endfacet
facet normal 12.4459 0.0000 0.0000
    outer loop
        vertex 5.0000 0.6347 0.4870
        vertex 5.0000 0.8000 0.8000
        vertex 5.0000 0.5657 0.5657
    endloop
endfacet
facet normal 12.4491 0.0000 0.0000
    outer loop
        vertex 5.0000 0.6928 0.4000
        vertex 5.0000 0.8000 0.8000
        vertex 5.0000 0.6347 0.4870
    endloop
endfacet
facet normal 12.4553 0.0000 0.0000
    outer loop
        vertex 5.0000 0.7391 0.3062
        vertex 5.0000 0.8000 0.8000
        vertex 5.0000 0.6928 0.4000
    endloop
endfacet
facet normal 12.4646 0.0000 0.0000
    outer loop
        vertex 5.0000 0.7727 0.2070
        vertex 5.0000 0.8000 0.8000
        vertex 5.0000 0.7391 0.3062
    endloop
endfacet
facet normal 12.4767 0.0000 0.0000
    outer loop
        vertex 5.0000 0.7931 0.1044
        vertex 5.0000 0.8000 0.8000
        vertex 5.0000 0.7727 0.2070
    endloop
endfacet
facet normal 12.4914 0.0000 0.0000
    outer loop
        vertex 5.0000 0.8000 0.0000
        vertex 5.0000 0.8000 0.8000
        vertex 5.0000 0.7931 0.1044
    endloop
endfacet
facet normal 12.4914 0.0000 0.0000
    outer loop
        vertex 5.0000 0.7931 -0.1044
        vertex 5.0000 0.8000 -0.8000
        vertex 5.0000 0.8000 0.0000
    endloop
endfacet
facet normal 12.4767 0.0000 0.0000
    outer loop
        vertex 5.0000 0.7727 -0.2070
        vertex 5.0000 0.8000 -0.8000
        vertex 5.0000 0.7931 -0.1044
    endloop
endfacet
facet normal 12.4646 0.0000 0.0000
    outer loop
        vertex 5.0000 0.7391 -0.3062
        vertex 5.0000 0.8000 -0.8000
        vertex 5.0000 0.7727 -0.2070
    endloop
endfacet
facet normal 12.4553 0.0000 0.0000
    outer loop
        vertex 5.0000 0.6928 -0.4000
        vertex 5.0000 0.8000 -0.8000
        vertex 5.0000 0.7391 -0.3062
    endloop
endfacet
facet normal 12.4491 0.0000 0.0000
    outer loop
        vertex 5.0000 0.6347 -0.4870
        vertex 5.0000 0.8000 -0.8000
        vertex 5.0000 0.6928 -0.4000
    endloop
endfacet
facet normal 12.4459 0.0000 0.0000
    outer loop
        vertex 5.0000 0.5657 -0.5657
        vertex 5.0000 0.8000 -0.8000
        vertex 5.0000 0.6347 -0.4870
    endloop
endfacet
facet normal 12.4459 0.0000 0.0000
    outer loop
        vertex 5.0000 0.4870 -0.6347
        vertex 5.0000 0.8000 -0.8000
        vertex 5.0000 0.5657 -0.5657
    endloop
endfacet
facet normal 12.4491 0.0000 0.0000
    outer loop
        vertex 5.0000 0.4000 -0.6928
        vertex 5.0000 0.8000 -0.8000
        vertex 5.0000 0.4870 -0.6347
    endloop
endfacet
facet normal 12.4553 0.0000 0.0000
    outer loop
        vertex 5.0000 0.3062 -0.7391
        vertex 5.0000 0.8000 -0.8000
        vertex 5.0000 0.4000 -0.6928
    endloop
endfacet
facet normal 12.4646 0.0000 0.0000
    outer loop
        vertex 5.0000 0.2070 -0.7727
        vertex 5.0000 0.8000 -0.8000
        vertex 5.0000 0.3062 -0.7391
    endloop
endfacet
facet normal 12.4767 0.0000 0.0000
    outer loop
        vertex 5.0000 0.1044 -0.7931
        vertex 5.0000 0.8000 -0.8000
        vertex 5.0000 0.2070 -0.7727
    endloop
endfacet
facet normal 12.4914 0.0000 0.0000
    outer loop
        vertex 5.0000 0.0000 -0.8000
        vertex 5.0000 0.8000 -0.8000
        vertex 5.0000 0.1044 -0.7931
    endloop
endfacet
facet normal 12.4914 0.0000 0.0000
    outer loop
        vertex 5.0000 -0.1044 -0.7931
        vertex 5.0000 -0.8000 -0.8000
        vertex 5.0000 0.0000 -0.8000
    endloop
endfacet
facet normal 12.4767 0.0000 0.0000
    outer loop
        vertex 5.0000 -0.2070 -0.7727
        vertex 5.0000 -0.8000 -0.8000
        vertex 5.0000 -0.1044 -0.7931
    endloop
endfacet
facet normal 12.4646 0.0000 0.0000
    outer loop
        vertex 5.0000 -0.3062 -0.7391
        vertex 5.0000 -0.8000 -0.8000
        vertex 5.0000 -0.2070 -0.7727
    endloop
endfacet
facet normal 12.4553 0.0000 0.0000
    outer loop
        vertex 5.0000 -0.4000 -0.6928
        vertex 5.0000 -0.8000 -0.8000
        vertex 5.0000 -0.3062 -0.7391
    endloop
endfacet
facet normal 12.4491 0.0000 0.0000
    outer loop
        vertex 5.0000 -0.4870 -0.6347
        vertex 5.0000 -0.8000 -0.8000
        vertex 5.0000 -0.4000 -0.6928
    endloop
endfacet
facet normal 12.4459 0.0000 0.0000
    outer loop
        vertex 5.0000 -0.5657 -0.5657
        vertex 5.0000 -0.8000 -0.8000
        vertex 5.0000 -0.4870 -0.6347
    endloop
endfacet
facet normal 12.4459 0.0000 0.0000
    outer loop
        vertex 5.0000 -0.6347 -0.4870
        vertex 5.0000 -0.8000 -0.8000
        vertex 5.0000 -0.5657 -0.5657
    endloop
endfacet
facet normal 12.4491 0.0000 0.0000
    outer loop
        vertex 5.0000 -0.6928 -0.4000
        vertex 5.0000 -0.8000 -0.8000
        vertex 5.0000 -0.6347 -0.4870
    endloop
endfacet
facet normal 12.4553 0.0000 0.0000
    outer loop
        vertex 5.0000 -0.7391 -0.3062
        vertex 5.0000 -0.8000 -0.8000
        vertex 5.0000 -0.6928 -0.4000
    endloop
endfacet
facet normal 12.4646 0.0000 0.0000
    outer loop
        vertex 5.0000 -0.7727 -0.2070
        vertex 5.0000 -0.8000 -0.8000
        vertex 5.0000 -0.7391 -0.3062
    endloop
endfacet
facet normal 12.4767 0.0000 0.0000
    outer loop
        vertex 5.0000 -0.7931 -0.1044
        vertex 5.0000 -0.8000 -0.8000
        vertex 5.0000 -0.7727 -0.2070
    endloop
endfacet
facet normal 12.4914 0.0000 0.0000
    outer loop
        vertex 5.0000 -0.8000 0.0000
        vertex 5.0000 -0.8000 -0.8000
        vertex 5.0000 -0.7931 -0.1044
    endloop
endfacet
facet normal 12.4914 0.0000 0.0000
    outer loop
        vertex 5.0000 -0.7931 0.1044
        vertex 5.0000 -0.8000 0.8000
        vertex 5.0000 -0.8000 0.0000
    endloop
endfacet
facet normal 12.4767 0.0000 0.0000
    outer loop
        vertex 5.0000 -0.7727 0.2070
        vertex 5.0000 -0.8000 0.8000
        vertex 5.0000 -0.7931 0.1044
    endloop
endfacet
facet normal 12.4646 0.0000 0.0000
    outer loop
        vertex 5.0000 -0.7391 0.3062
        vertex 5.0000 -0.8000 0.8000
        vertex 5.0000 -0.7727 0.2070
    endloop
endfacet
facet normal 12.4553 0.0000 0.0000
    outer loop
        vertex 5.0000 -0.6928 0.4000
        vertex 5.0000 -0.8000 0.8000
        vertex 5.0000 -0.7391 0.3062
    endloop
endfacet
facet normal 12.4491 0.0000 0.0000
    outer loop
        vertex 5.0000 -0.6347 0.4870
        vertex 5.0000 -0.8000 0.8000
        vertex 5.0000 -0.6928 0.4000
    endloop
endfacet
facet normal 12.4459 0.0000 0.0000
    outer loop
        vertex 5.0000 -0.5657 0.5657
        vertex 5.0000 -0.8000 0.8000
        vertex 5.0000 -0.6347 0.4870
    endloop
endfacet
facet normal 12.4459 0.0000 0.0000
    outer loop
        vertex 5.0000 -0.4870 0.6347
        vertex 5.0000 -0.8000 0.8000
        vertex 5.0000 -0.5657 0.5657
    endloop
endfacet
facet normal 12.4491 0.0000 0.0000
    outer loop
        vertex 5.0000 -0.4000 0.6928
        vertex 5.0000 -0.8000 0.8000
        vertex 5.0000 -0.4870 0.6347
    endloop
endfacet
facet normal 12.4553 0.0000 0.0000
    outer loop
        vertex 5.0000 -0.3062 0.7391
        vertex 5.0000 -0.8000 0.8000
        vertex 5.0000 -0.4000 0.6928
    endloop
endfacet
facet normal 12.4646 0.0000 0.0000
    outer loop
        vertex 5.0000 -0.2070 0.7727
        vertex 5.0000 -0.8000 0.8000
        vertex 5.0000 -0.3062 0.7391
    endloop
endfacet
facet normal 12.4767 0.0000 0.0000
    outer loop
        vertex 5.0000 -0.1044 0.7931
        vertex 5.0000 -0.8000 0.8000
        vertex 5.0000 -0.2070 0.7727
    endloop
endfacet
facet normal 12.4914 0.0000 0.0000
    outer loop
        vertex 5.0000 0.0000 0.8000
        vertex 5.0000 -0.8000 0.8000
        vertex 5.0000 -0.1044 0.7931
    endloop
endfacet
facet normal 0.9945 0.0000 0.5310
    outer loop
        vertex -3.2484 6.8000 -1.9772
        vertex -3.6732 6.8000 -1.1816
        vertex -3.6732 6.6000 -1.1816
    endloop
endfacet
facet normal 0.9945 0.0000 0.5310
    outer loop
        vertex -3.6732 6.6000 -1.1816
        vertex -3.2484 6.6000 -1.9772
        vertex -3.2484 6.8000 -1.9772
    endloop
endfacet
facet normal 0.8290 0.0000 0.9230
    outer loop
        vertex -2.5100 6.8000 -2.6404
        vertex -3.2484 6.8000 -1.9772
        vertex -3.2484 6.6000 -1.9772
    endloop
endfacet
facet normal 0.8290 0.0000 0.9230
    outer loop
        vertex -3.2484 6.6000 -1.9772
        vertex -2.5100 6.6000 -2.6404
        vertex -2.5100 6.8000 -2.6404
    endloop
endfacet
facet normal 0.4385 0.0000 1.4955
    outer loop
        vertex -1.3136 6.8000 -2.9912
        vertex -2.5100 6.8000 -2.6404
        vertex -2.5100 6.6000 -2.6404
    endloop
endfacet
facet normal 0.4385 0.0000 1.4955
    outer loop
        vertex -2.5100 6.6000 -2.6404
        vertex -1.3136 6.6000 -2.9912
        vertex -1.3136 6.8000 -2.9912
    endloop
endfacet
facet normal 0.1155 0.0000 1.6420
    outer loop
        vertex 0.0000 6.8000 -3.0836
        vertex -1.3136 6.8000 -2.9912
        vertex -1.3136 6.6000 -2.9912
    endloop
endfacet
facet normal 0.1155 0.0000 1.6420
    outer loop
        vertex -1.3136 6.6000 -2.9912
        vertex 0.0000 6.6000 -3.0836
        vertex 0.0000 6.8000 -3.0836
    endloop
endfacet
facet normal 0.7590 0.0000 -1.3150
    outer loop
        vertex -3.2000 6.8000 1.2800
        vertex -2.1480 6.8000 1.8872
        vertex -2.1480 6.6000 1.8872
    endloop
endfacet
facet normal 0.7590 0.0000 -1.3150
    outer loop
        vertex -2.1480 6.6000 1.8872
        vertex -3.2000 6.6000 1.2800
        vertex -3.2000 6.8000 1.2800
    endloop
endfacet
facet normal 0.6720 0.0000 -0.5460
    outer loop
        vertex -3.6368 6.8000 0.7424
        vertex -3.2000 6.8000 1.2800
        vertex -3.2000 6.6000 1.2800
    endloop
endfacet
facet normal 0.6720 0.0000 -0.5460
    outer loop
        vertex -3.2000 6.6000 1.2800
        vertex -3.6368 6.6000 0.7424
        vertex -3.6368 6.8000 0.7424
    endloop
endfacet
facet normal 1.1990 0.0000 -0.2335
    outer loop
        vertex -3.8236 6.8000 -0.2168
        vertex -3.6368 6.8000 0.7424
        vertex -3.6368 6.6000 0.7424
    endloop
endfacet
facet normal 1.1990 0.0000 -0.2335
    outer loop
        vertex -3.6368 6.6000 0.7424
        vertex -3.8236 6.6000 -0.2168
        vertex -3.8236 6.8000 -0.2168
    endloop
endfacet
facet normal 1.2060 0.0000 0.1880
    outer loop
        vertex -3.6732 6.8000 -1.1816
        vertex -3.8236 6.8000 -0.2168
        vertex -3.8236 6.6000 -0.2168
    endloop
endfacet
facet normal 1.2060 0.0000 0.1880
    outer loop
        vertex -3.8236 6.6000 -0.2168
        vertex -3.6732 6.6000 -1.1816
        vertex -3.6732 6.8000 -1.1816
    endloop
endfacet
facet normal -0.7590 0.0000 -1.3150
    outer loop
        vertex 2.1480 6.8000 1.8872
        vertex 3.2000 6.8000 1.2800
        vertex 3.2000 6.6000 1.2800
    endloop
endfacet
facet normal -0.7590 0.0000 -1.3150
    outer loop
        vertex 3.2000 6.6000 1.2800
        vertex 2.1480 6.6000 1.8872
        vertex 2.1480 6.8000 1.8872
    endloop
endfacet
facet normal -0.2125 0.0000 -1.2070
    outer loop
        vertex 1.1824 6.8000 2.0572
        vertex 2.1480 6.8000 1.8872
        vertex 2.1480 6.6000 1.8872
    endloop
endfacet
facet normal -0.2125 0.0000 -1.2070
    outer loop
        vertex 2.1480 6.6000 1.8872
        vertex 1.1824 6.6000 2.0572
        vertex 1.1824 6.8000 2.0572
    endloop
endfacet
facet normal 0.0000 0.0000 -2.9560
    outer loop
        vertex -1.1824 6.8000 2.0572
        vertex 1.1824 6.8000 2.0572
        vertex 1.1824 6.6000 2.0572
    endloop
endfacet
facet normal 0.0000 0.0000 -2.9560
    outer loop
        vertex 1.1824 6.6000 2.0572
        vertex -1.1824 6.6000 2.0572
        vertex -1.1824 6.8000 2.0572
    endloop
endfacet
facet normal 0.2125 0.0000 -1.2070
    outer loop
        vertex -2.1480 6.8000 1.8872
        vertex -1.1824 6.8000 2.0572
        vertex -1.1824 6.6000 2.0572
    endloop
endfacet
facet normal 0.2125 0.0000 -1.2070
    outer loop
        vertex -1.1824 6.6000 2.0572
        vertex -2.1480 6.6000 1.8872
        vertex -2.1480 6.8000 1.8872
    endloop
endfacet
facet normal -0.9945 0.0000 0.5310
    outer loop
        vertex 3.6732 6.8000 -1.1816
        vertex 3.2484 6.8000 -1.9772
        vertex 3.2484 6.6000 -1.9772
    endloop
endfacet
facet normal -0.9945 0.0000 0.5310
    outer loop
        vertex 3.2484 6.6000 -1.9772
        vertex 3.6732 6.6000 -1.1816
        vertex 3.6732 6.8000 -1.1816
    endloop
endfacet
facet normal -1.2060 0.0000 0.1880
    outer loop
        vertex 3.8236 6.8000 -0.2168
        vertex 3.6732 6.8000 -1.1816
        vertex 3.6732 6.6000 -1.1816
    endloop
endfacet
facet normal -1.2060 0.0000 0.1880
    outer loop
        vertex 3.6732 6.6000 -1.1816
        vertex 3.8236 6.6000 -0.2168
        vertex 3.8236 6.8000 -0.2168
    endloop
endfacet
facet normal -1.1990 0.0000 -0.2335
    outer loop
        vertex 3.6368 6.8000 0.7424
        vertex 3.8236 6.8000 -0.2168
        vertex 3.8236 6.6000 -0.2168
    endloop
endfacet
facet normal -1.1990 0.0000 -0.2335
    outer loop
        vertex 3.8236 6.6000 -0.2168
        vertex 3.6368 6.6000 0.7424
        vertex 3.6368 6.8000 0.7424
    endloop
endfacet
facet normal -0.6720 0.0000 -0.5460
    outer loop
        vertex 3.2000 6.8000 1.2800
        vertex 3.6368 6.8000 0.7424
        vertex 3.6368 6.6000 0.7424
    endloop
endfacet
facet normal -0.6720 0.0000 -0.5460
    outer loop
        vertex 3.6368 6.6000 0.7424
        vertex 3.2000 6.6000 1.2800
        vertex 3.2000 6.8000 1.2800
    endloop
endfacet
facet normal -0.1155 0.0000 1.6420
    outer loop
        vertex 1.3136 6.8000 -2.9912
        vertex 0.0000 6.8000 -3.0836
        vertex 0.0000 6.6000 -3.0836
    endloop
endfacet
facet normal -0.1155 0.0000 1.6420
    outer loop
        vertex 0.0000 6.6000 -3.0836
        vertex 1.3136 6.6000 -2.9912
        vertex 1.3136 6.8000 -2.9912
    endloop
endfacet
facet normal -0.4385 0.0000 1.4955
    outer loop
        vertex 2.5100 6.8000 -2.6404
        vertex 1.3136 6.8000 -2.9912
        vertex 1.3136 6.6000 -2.9912
    endloop
endfacet
facet normal -0.4385 0.0000 1.4955
    outer loop
        vertex 1.3136 6.6000 -2.9912
        vertex 2.5100 6.6000 -2.6404
        vertex 2.5100 6.8000 -2.6404
    endloop
endfacet
facet normal -0.8290 0.0000 0.9230
    outer loop
        vertex 3.2484 6.8000 -1.9772
        vertex 2.5100 6.8000 -2.6404
        vertex 2.5100 6.6000 -2.6404
    endloop
endfacet
facet normal -0.8290 0.0000 0.9230
    outer loop
        vertex 2.5100 6.6000 -2.6404
        vertex 3.2484 6.6000 -1.9772
        vertex 3.2484 6.8000 -1.9772
    endloop
endfacet
facet normal 0.0000 2.8932 0.0000
    outer loop
        vertex 0.0000 6.8000 -3.4360
        vertex 0.0000 6.8000 -3.0836
        vertex 1.3136 6.8000 -2.9912
    endloop
endfacet
facet normal 0.0000 3.0744 0.0000
    outer loop
        vertex 1.3136 6.8000 -2.9912
        vertex 1.7320 6.8000 -3.2240
        vertex 0.0000 6.8000 -3.4360
    endloop
endfacet
facet normal 0.0000 2.6581 0.0000
    outer loop
        vertex 1.7320 6.8000 -3.2240
        vertex 1.3136 6.8000 -2.9912
        vertex 2.5100 6.8000 -2.6404
    endloop
endfacet
facet normal 0.0000 1.7024 0.0000
    outer loop
        vertex 2.5100 6.8000 -2.6404
        vertex 2.5720 6.8000 -2.9440
        vertex 1.7320 6.8000 -3.2240
    endloop
endfacet
facet normal 0.0000 1.6581 0.0000
    outer loop
        vertex 2.5720 6.8000 -2.9440
        vertex 2.5100 6.8000 -2.6404
        vertex 3.2484 6.8000 -1.9772
    endloop
endfacet
facet normal 0.0000 2.8607 0.0000
    outer loop
        vertex 3.2484 6.8000 -1.9772
        vertex 3.4680 6.8000 -2.3400
        vertex 2.5720 6.8000 -2.9440
    endloop
endfacet
facet normal 0.0000 2.0552 0.0000
    outer loop
        vertex 3.4680 6.8000 -2.3400
        vertex 3.2484 6.8000 -1.9772
        vertex 3.6732 6.8000 -1.1816
    endloop
endfacet
facet normal 0.0000 1.5450 0.0000
    outer loop
        vertex 3.6732 6.8000 -1.1816
        vertex 3.7480 6.8000 -1.9640
        vertex 3.4680 6.8000 -2.3400
    endloop
endfacet
facet normal 0.0000 2.4167 0.0000
    outer loop
        vertex 3.6732 6.8000 -1.1816
        vertex 3.8236 6.8000 -0.2168
        vertex 4.1160 6.8000 -0.9120
    endloop
endfacet
facet normal 0.0000 2.2913 0.0000
    outer loop
        vertex 4.1160 6.8000 -0.9120
        vertex 3.7480 6.8000 -1.9640
        vertex 3.6732 6.8000 -1.1816
    endloop
endfacet
facet normal 0.0000 2.7635 0.0000
    outer loop
        vertex 4.1160 6.8000 -0.9120
        vertex 3.8236 6.8000 -0.2168
        vertex 4.1800 6.8000 0.4480
    endloop
endfacet
facet normal 0.0000 1.6924 0.0000
    outer loop
        vertex 3.8236 6.8000 -0.2168
        vertex 3.6368 6.8000 0.7424
        vertex 3.8440 6.8000 1.1280
    endloop
endfacet
facet normal 0.0000 2.9108 0.0000
    outer loop
        vertex 3.8440 6.8000 1.1280
        vertex 4.1800 6.8000 0.4480
        vertex 3.8236 6.8000 -0.2168
    endloop
endfacet
facet normal 0.0000 1.5026 0.0000
    outer loop
        vertex 3.4720 6.8000 1.5960
        vertex 3.8440 6.8000 1.1280
        vertex 3.6368 6.8000 0.7424
    endloop
endfacet
facet normal 0.0000 1.7766 0.0000
    outer loop
        vertex 3.6368 6.8000 0.7424
        vertex 3.2000 6.8000 1.2800
        vertex 3.4720 6.8000 1.5960
    endloop
endfacet
facet normal 0.0000 1.2807 0.0000
    outer loop
        vertex 3.0680 6.8000 1.8800
        vertex 3.4720 6.8000 1.5960
        vertex 3.2000 6.8000 1.2800
    endloop
endfacet
facet normal 0.0000 3.4441 0.0000
    outer loop
        vertex 3.2000 6.8000 1.2800
        vertex 2.1480 6.8000 1.8872
        vertex 3.0680 6.8000 1.8800
    endloop
endfacet
facet normal 0.0000 0.9340 0.0000
    outer loop
        vertex 3.0680 6.8000 1.8800
        vertex 2.1480 6.8000 1.8872
        vertex 1.1824 6.8000 2.0572
    endloop
endfacet
facet normal 0.0000 4.3230 0.0000
    outer loop
        vertex 1.1824 6.8000 2.0572
        vertex 1.7360 6.8000 2.3720
        vertex 3.0680 6.8000 1.8800
    endloop
endfacet
facet normal 0.0000 2.8932 0.0000
    outer loop
        vertex -1.3136 6.8000 -2.9912
        vertex 0.0000 6.8000 -3.0836
        vertex 0.0000 6.8000 -3.4360
    endloop
endfacet
facet normal 0.0000 3.0744 0.0000
    outer loop
        vertex 0.0000 6.8000 -3.4360
        vertex -1.7320 6.8000 -3.2240
        vertex -1.3136 6.8000 -2.9912
    endloop
endfacet
facet normal 0.0000 2.6581 0.0000
    outer loop
        vertex -2.5100 6.8000 -2.6404
        vertex -1.3136 6.8000 -2.9912
        vertex -1.7320 6.8000 -3.2240
    endloop
endfacet
facet normal 0.0000 1.7024 0.0000
    outer loop
        vertex -1.7320 6.8000 -3.2240
        vertex -2.5720 6.8000 -2.9440
        vertex -2.5100 6.8000 -2.6404
    endloop
endfacet
facet normal 0.0000 1.6581 0.0000
    outer loop
        vertex -3.2484 6.8000 -1.9772
        vertex -2.5100 6.8000 -2.6404
        vertex -2.5720 6.8000 -2.9440
    endloop
endfacet
facet normal 0.0000 2.8607 0.0000
    outer loop
        vertex -2.5720 6.8000 -2.9440
        vertex -3.4680 6.8000 -2.3400
        vertex -3.2484 6.8000 -1.9772
    endloop
endfacet
facet normal 0.0000 2.0552 0.0000
    outer loop
        vertex -3.6732 6.8000 -1.1816
        vertex -3.2484 6.8000 -1.9772
        vertex -3.4680 6.8000 -2.3400
    endloop
endfacet
facet normal 0.0000 1.5450 0.0000
    outer loop
        vertex -3.4680 6.8000 -2.3400
        vertex -3.7480 6.8000 -1.9640
        vertex -3.6732 6.8000 -1.1816
    endloop
endfacet
facet normal 0.0000 2.4167 0.0000
    outer loop
        vertex -4.1160 6.8000 -0.9120
        vertex -3.8236 6.8000 -0.2168
        vertex -3.6732 6.8000 -1.1816
    endloop
endfacet
facet normal 0.0000 2.2913 0.0000
    outer loop
        vertex -3.6732 6.8000 -1.1816
        vertex -3.7480 6.8000 -1.9640
        vertex -4.1160 6.8000 -0.9120
    endloop
endfacet
facet normal 0.0000 2.7635 0.0000
    outer loop
        vertex -3.8236 6.8000 -0.2168
        vertex -4.1160 6.8000 -0.9120
        vertex -4.1800 6.8000 0.4480
    endloop
endfacet
facet normal 0.0000 1.6924 0.0000
    outer loop
        vertex -3.8440 6.8000 1.1280
        vertex -3.6368 6.8000 0.7424
        vertex -3.8236 6.8000 -0.2168
    endloop
endfacet
facet normal 0.0000 2.9108 0.0000
    outer loop
        vertex -3.8236 6.8000 -0.2168
        vertex -4.1800 6.8000 0.4480
        vertex -3.8440 6.8000 1.1280
    endloop
endfacet
facet normal 0.0000 1.5026 0.0000
    outer loop
        vertex -3.6368 6.8000 0.7424
        vertex -3.8440 6.8000 1.1280
        vertex -3.4720 6.8000 1.5960
    endloop
endfacet
facet normal 0.0000 1.7766 0.0000
    outer loop
        vertex -3.4720 6.8000 1.5960
        vertex -3.2000 6.8000 1.2800
        vertex -3.6368 6.8000 0.7424
    endloop
endfacet
facet normal 0.0000 1.2807 0.0000
    outer loop
        vertex -3.2000 6.8000 1.2800
        vertex -3.4720 6.8000 1.5960
        vertex -3.0680 6.8000 1.8800
    endloop
endfacet
facet normal 0.0000 3.4441 0.0000
    outer loop
        vertex -3.0680 6.8000 1.8800
        vertex -2.1480 6.8000 1.8872
        vertex -3.2000 6.8000 1.2800
    endloop
endfacet
facet normal 0.0000 0.9340 0.0000
    outer loop
        vertex -1.1824 6.8000 2.0572
        vertex -2.1480 6.8000 1.8872
        vertex -3.0680 6.8000 1.8800
    endloop
endfacet
facet normal 0.0000 4.3230 0.0000
    outer loop
        vertex -3.0680 6.8000 1.8800
        vertex -1.7360 6.8000 2.3720
        vertex -1.1824 6.8000 2.0572
    endloop
endfacet
facet normal 0.0000 4.6527 0.0000
    outer loop
        vertex 1.1824 6.8000 2.0572
        vertex -1.1824 6.8000 2.0572
        vertex -1.7360 6.8000 2.3720
    endloop
endfacet
facet normal 0.0000 6.8312 0.0000
    outer loop
        vertex -1.7360 6.8000 2.3720
        vertex 1.7360 6.8000 2.3720
        vertex 1.1824 6.8000 2.0572
    endloop
endfacet
facet normal 0.0000 1.5624 0.0000
    outer loop
        vertex 0.0000 6.8000 2.4440
        vertex 1.7360 6.8000 2.3720
        vertex -1.7360 6.8000 2.3720
    endloop
endfacet
facet normal 7.2822 0.0000 0.0000
    outer loop
        vertex 5.0000 -0.8000 0.8000
        vertex 5.0000 -1.6970 1.6970
        vertex 5.0000 -2.2174 0.9185
    endloop
endfacet
facet normal 7.0868 0.0000 0.0000
    outer loop
        vertex 5.0000 -2.2174 0.9185
        vertex 5.0000 -0.8000 0.0000
        vertex 5.0000 -0.8000 0.8000
    endloop
endfacet
facet normal 9.1848 0.0000 0.0000
    outer loop
        vertex 5.0000 -0.8000 0.0000
        vertex 5.0000 -2.2174 0.9185
        vertex 5.0000 -2.4000 0.0000
    endloop
endfacet
facet normal 9.1848 0.0000 0.0000
    outer loop
        vertex 5.0000 -2.4000 0.0000
        vertex 5.0000 -2.2174 -0.9185
        vertex 5.0000 -0.8000 0.0000
    endloop
endfacet
facet normal 7.0868 0.0000 0.0000
    outer loop
        vertex 5.0000 -0.8000 -0.8000
        vertex 5.0000 -0.8000 0.0000
        vertex 5.0000 -2.2174 -0.9185
    endloop
endfacet
facet normal 7.2822 0.0000 0.0000
    outer loop
        vertex 5.0000 -2.2174 -0.9185
        vertex 5.0000 -1.6970 -1.6970
        vertex 5.0000 -0.8000 -0.8000
    endloop
endfacet
facet normal 7.2822 0.0000 0.0000
    outer loop
        vertex 5.0000 -0.8000 -0.8000
        vertex 5.0000 -1.6970 -1.6970
        vertex 5.0000 -0.9185 -2.2174
    endloop
endfacet
facet normal 7.0868 0.0000 0.0000
    outer loop
        vertex 5.0000 -0.9185 -2.2174
        vertex 5.0000 0.0000 -0.8000
        vertex 5.0000 -0.8000 -0.8000
    endloop
endfacet
facet normal 9.1848 0.0000 0.0000
    outer loop
        vertex 5.0000 0.0000 -0.8000
        vertex 5.0000 -0.9185 -2.2174
        vertex 5.0000 0.0000 -2.4000
    endloop
endfacet
facet normal 9.1848 0.0000 0.0000
    outer loop
        vertex 5.0000 0.0000 -2.4000
        vertex 5.0000 0.9185 -2.2174
        vertex 5.0000 0.0000 -0.8000
    endloop
endfacet
facet normal 7.0868 0.0000 0.0000
    outer loop
        vertex 5.0000 0.8000 -0.8000
        vertex 5.0000 0.0000 -0.8000
        vertex 5.0000 0.9185 -2.2174
    endloop
endfacet
facet normal 7.2822 0.0000 0.0000
    outer loop
        vertex 5.0000 0.9185 -2.2174
        vertex 5.0000 1.6970 -1.6970
        vertex 5.0000 0.8000 -0.8000
    endloop
endfacet
facet normal 7.2822 0.0000 0.0000
    outer loop
        vertex 5.0000 0.8000 -0.8000
        vertex 5.0000 1.6970 -1.6970
        vertex 5.0000 2.2174 -0.9185
    endloop
endfacet
facet normal 7.0868 0.0000 0.0000
    outer loop
        vertex 5.0000 2.2174 -0.9185
        vertex 5.0000 0.8000 0.0000
        vertex 5.0000 0.8000 -0.8000
    endloop
endfacet
facet normal 9.1848 0.0000 0.0000
    outer loop
        vertex 5.0000 0.8000 0.0000
        vertex 5.0000 2.2174 -0.9185
        vertex 5.0000 2.4000 0.0000
    endloop
endfacet
facet normal 9.1848 0.0000 0.0000
    outer loop
        vertex 5.0000 2.4000 0.0000
        vertex 5.0000 2.2174 0.9185
        vertex 5.0000 0.8000 0.0000
    endloop
endfacet
facet normal 7.0868 0.0000 0.0000
    outer loop
        vertex 5.0000 0.8000 0.8000
        vertex 5.0000 0.8000 0.0000
        vertex 5.0000 2.2174 0.9185
    endloop
endfacet
facet normal 7.2822 0.0000 0.0000
    outer loop
        vertex 5.0000 2.2174 0.9185
        vertex 5.0000 1.6970 1.6970
        vertex 5.0000 0.8000 0.8000
    endloop
endfacet
facet normal 7.2822 0.0000 0.0000
    outer loop
        vertex 5.0000 0.8000 0.8000
        vertex 5.0000 1.6970 1.6970
        vertex 5.0000 0.9185 2.2174
    endloop
endfacet
facet normal 7.0868 0.0000 0.0000
    outer loop
        vertex 5.0000 0.9185 2.2174
        vertex 5.0000 0.0000 0.8000
        vertex 5.0000 0.8000 0.8000
    endloop
endfacet
facet normal 9.1848 0.0000 0.0000
    outer loop
        vertex 5.0000 0.0000 0.8000
        vertex 5.0000 0.9185 2.2174
        vertex 5.0000 0.0000 2.4000
    endloop
endfacet
facet normal 9.1848 0.0000 0.0000
    outer loop
        vertex 5.0000 0.0000 2.4000
        vertex 5.0000 -0.9185 2.2174
        vertex 5.0000 0.0000 0.8000
    endloop
endfacet
facet normal 7.0868 0.0000 0.0000
    outer loop
        vertex 5.0000 -0.8000 0.8000
        vertex 5.0000 0.0000 0.8000
        vertex 5.0000 -0.9185 2.2174
    endloop
endfacet
facet normal 7.2822 0.0000 0.0000
    outer loop
        vertex 5.0000 -0.9185 2.2174
        vertex 5.0000 -1.6970 1.6970
        vertex 5.0000 -0.8000 0.8000
    endloop
endfacet
facet normal -7.2822 0.0000 0.0000
    outer loop
        vertex -5.0000 -2.2174 0.9185
        vertex -5.0000 -1.6970 1.6970
        vertex -5.0000 -0.8000 0.8000
    endloop
endfacet
facet normal -7.0868 0.0000 0.0000
    outer loop
        vertex -5.0000 -0.8000 0.8000
        vertex -5.0000 -0.8000 0.0000
        vertex -5.0000 -2.2174 0.9185
    endloop
endfacet
facet normal -9.1848 0.0000 0.0000
    outer loop
        vertex -5.0000 -2.4000 0.0000
        vertex -5.0000 -2.2174 0.9185
        vertex -5.0000 -0.8000 0.0000
    endloop
endfacet
facet normal -9.1848 0.0000 0.0000
    outer loop
        vertex -5.0000 -0.8000 0.0000
        vertex -5.0000 -2.2174 -0.9185
        vertex -5.0000 -2.4000 0.0000
    endloop
endfacet
facet normal -7.0868 0.0000 0.0000
    outer loop
        vertex -5.0000 -2.2174 -0.9185
        vertex -5.0000 -0.8000 0.0000
        vertex -5.0000 -0.8000 -0.8000
    endloop
endfacet
facet normal -7.2822 0.0000 0.0000
    outer loop
        vertex -5.0000 -0.8000 -0.8000
        vertex -5.0000 -1.6970 -1.6970
        vertex -5.0000 -2.2174 -0.9185
    endloop
endfacet
facet normal -7.2822 0.0000 0.0000
    outer loop
        vertex -5.0000 -0.9185 -2.2174
        vertex -5.0000 -1.6970 -1.6970
        vertex -5.0000 -0.8000 -0.8000
    endloop
endfacet
facet normal -7.0868 0.0000 0.0000
    outer loop
        vertex -5.0000 -0.8000 -0.8000
        vertex -5.0000 0.0000 -0.8000
        vertex -5.0000 -0.9185 -2.2174
    endloop
endfacet
facet normal -9.1848 0.0000 0.0000
    outer loop
        vertex -5.0000 0.0000 -2.4000
        vertex -5.0000 -0.9185 -2.2174
        vertex -5.0000 0.0000 -0.8000
    endloop
endfacet
facet normal -9.1848 0.0000 0.0000
    outer loop
        vertex -5.0000 0.0000 -0.8000
        vertex -5.0000 0.9185 -2.2174
        vertex -5.0000 0.0000 -2.4000
    endloop
endfacet
facet normal -7.0868 0.0000 0.0000
    outer loop
        vertex -5.0000 0.9185 -2.2174
        vertex -5.0000 0.0000 -0.8000
        vertex -5.0000 0.8000 -0.8000
    endloop
endfacet
facet normal -7.2822 0.0000 0.0000
    outer loop
        vertex -5.0000 0.8000 -0.8000
        vertex -5.0000 1.6970 -1.6970
        vertex -5.0000 0.9185 -2.2174
    endloop
endfacet
facet normal -7.2822 0.0000 0.0000
    outer loop
        vertex -5.0000 2.2174 -0.9185
        vertex -5.0000 1.6970 -1.6970
        vertex -5.0000 0.8000 -0.8000
    endloop
endfacet
facet normal -7.0868 0.0000 0.0000
    outer loop
        vertex -5.0000 0.8000 -0.8000
        vertex -5.0000 0.8000 0.0000
        vertex -5.0000 2.2174 -0.9185
    endloop
endfacet
facet normal -9.1848 0.0000 0.0000
    outer loop
        vertex -5.0000 2.4000 0.0000
        vertex -5.0000 2.2174 -0.9185
        vertex -5.0000 0.8000 0.0000
    endloop
endfacet
facet normal -9.1848 0.0000 0.0000
    outer loop
        vertex -5.0000 0.8000 0.0000
        vertex -5.0000 2.2174 0.9185
        vertex -5.0000 2.4000 0.0000
    endloop
endfacet
facet normal -7.0868 0.0000 0.0000
    outer loop
        vertex -5.0000 2.2174 0.9185
        vertex -5.0000 0.8000 0.0000
        vertex -5.0000 0.8000 0.8000
    endloop
endfacet
facet normal -7.2822 0.0000 0.0000
    outer loop
        vertex -5.0000 0.8000 0.8000
        vertex -5.0000 1.6970 1.6970
        vertex -5.0000 2.2174 0.9185
    endloop
endfacet
facet normal -7.2822 0.0000 0.0000
    outer loop
        vertex -5.0000 0.9185 2.2174
        vertex -5.0000 1.6970 1.6970
        vertex -5.0000 0.8000 0.8000
    endloop
endfacet
facet normal -7.0868 0.0000 0.0000
    outer loop
        vertex -5.0000 0.8000 0.8000
        vertex -5.0000 0.0000 0.8000
        vertex -5.0000 0.9185 2.2174
    endloop
endfacet
facet normal -9.1848 0.0000 0.0000
    outer loop
        vertex -5.0000 0.0000 2.4000
        vertex -5.0000 0.9185 2.2174
        vertex -5.0000 0.0000 0.8000
    endloop
endfacet
facet normal -9.1848 0.0000 0.0000
    outer loop
        vertex -5.0000 0.0000 0.8000
        vertex -5.0000 -0.9185 2.2174
        vertex -5.0000 0.0000 2.4000
    endloop
endfacet
facet normal -7.0868 0.0000 0.0000
    outer loop
        vertex -5.0000 -0.9185 2.2174
        vertex -5.0000 0.0000 0.8000
        vertex -5.0000 -0.8000 0.8000
    endloop
endfacet
facet normal -7.2822 0.0000 0.0000
    outer loop
        vertex -5.0000 -0.8000 0.8000
        vertex -5.0000 -1.6970 1.6970
        vertex -5.0000 -0.9185 2.2174
    endloop
endfacet
facet normal -0.2443 0.0167 -0.0854
    outer loop
        vertex -3.7480 6.8000 -1.9640
        vertex -3.7709 6.6432 -1.9292
        vertex -3.8479 6.7129 -1.6955
    endloop
endfacet
facet normal -0.2285 0.0156 -0.0799
    outer loop
        vertex -3.8479 6.7129 -1.6955
        vertex -3.8948 6.8000 -1.5442
        vertex -3.7480 6.8000 -1.9640
    endloop
endfacet
facet normal -0.5530 0.4494 0.3004
    outer loop
        vertex -5.0000 1.9702 1.2883
        vertex -5.0000 1.6970 1.6970
        vertex -4.8241 1.9748 1.6053
    endloop
endfacet
facet normal -0.9078 0.0621 -0.3176
    outer loop
        vertex -3.8023 6.4281 -1.8814
        vertex -4.0069 6.5920 -1.2645
        vertex -3.8479 6.7129 -1.6955
    endloop
endfacet
facet normal -0.3349 0.0229 -0.1171
    outer loop
        vertex -3.8479 6.7129 -1.6955
        vertex -3.7709 6.6432 -1.9292
        vertex -3.8023 6.4281 -1.8814
    endloop
endfacet
facet normal -0.3489 0.0238 -0.1221
    outer loop
        vertex -3.8948 6.8000 -1.5442
        vertex -3.8479 6.7129 -1.6955
        vertex -4.0069 6.5920 -1.2645
    endloop
endfacet
facet normal -0.3813 0.0261 -0.1334
    outer loop
        vertex -4.0069 6.5920 -1.2645
        vertex -4.0647 6.6751 -1.0831
        vertex -3.8948 6.8000 -1.5442
    endloop
endfacet
facet normal -0.4935 0.0337 -0.1726
    outer loop
        vertex -3.8948 6.8000 -1.5442
        vertex -4.0647 6.6751 -1.0831
        vertex -4.1160 6.8000 -0.9120
    endloop
endfacet
facet normal -6.2838 3.1142 -2.0813
    outer loop
        vertex -4.3600 3.0800 -1.5600
        vertex -5.0000 1.6970 -1.6970
        vertex -5.0000 2.2174 -0.9185
    endloop
endfacet
facet normal -7.8190 4.7973 -1.3496
    outer loop
        vertex -4.6400 3.0400 -0.0800
        vertex -4.3600 3.0800 -1.5600
        vertex -5.0000 2.2174 -0.9185
    endloop
endfacet
facet normal -3.7652 2.0666 -0.4109
    outer loop
        vertex -4.6400 3.0400 -0.0800
        vertex -5.0000 2.2174 -0.9185
        vertex -5.0000 2.4000 0.0000
    endloop
endfacet
facet normal -15.1500 2.8200 -2.7900
    outer loop
        vertex -4.3600 3.0800 -1.5600
        vertex -4.6400 3.0400 -0.0800
        vertex -4.3200 4.6800 -0.1600
    endloop
endfacet
facet normal -14.6500 2.7900 -2.7700
    outer loop
        vertex -4.3200 4.6800 -0.1600
        vertex -4.0400 4.8000 -1.5200
        vertex -4.3600 3.0800 -1.5600
    endloop
endfacet
facet normal -17.4560 0.4180 -3.5570
    outer loop
        vertex -4.0400 4.8000 -1.5200
        vertex -4.3200 4.6800 -0.1600
        vertex -4.1160 6.8000 -0.9120
    endloop
endfacet
facet normal -18.0200 1.4332 -0.8480
    outer loop
        vertex -4.1800 6.8000 0.4480
        vertex -4.1160 6.8000 -0.9120
        vertex -4.3200 4.6800 -0.1600
    endloop
endfacet
facet normal -3.5826 2.0666 0.4109
    outer loop
        vertex -5.0000 2.2174 0.9185
        vertex -4.6400 3.0400 -0.0800
        vertex -5.0000 2.4000 0.0000
    endloop
endfacet
facet normal -6.4932 5.8058 2.4423
    outer loop
        vertex -4.2000 2.9600 1.2800
        vertex -4.6400 3.0400 -0.0800
        vertex -5.0000 2.2174 0.9185
    endloop
endfacet
facet normal -3.7360 3.0367 2.0293
    outer loop
        vertex -4.8241 1.9748 1.6053
        vertex -4.2000 2.9600 1.2800
        vertex -5.0000 2.2174 0.9185
    endloop
endfacet
facet normal -0.5002 0.4066 0.2717
    outer loop
        vertex -5.0000 2.2174 0.9185
        vertex -5.0000 1.9702 1.2883
        vertex -4.8241 1.9748 1.6053
    endloop
endfacet
facet normal -14.5200 3.2700 4.8900
    outer loop
        vertex -4.2000 2.9600 1.2800
        vertex -3.8800 4.6800 1.0800
        vertex -4.6400 3.0400 -0.0800
    endloop
endfacet
facet normal -12.7100 2.7000 4.5100
    outer loop
        vertex -3.8800 4.6800 1.0800
        vertex -4.3200 4.6800 -0.1600
        vertex -4.6400 3.0400 -0.0800
    endloop
endfacet
facet normal -16.4300 -0.5870 5.8300
    outer loop
        vertex -4.1800 6.8000 0.4480
        vertex -4.3200 4.6800 -0.1600
        vertex -3.8800 4.6800 1.0800
    endloop
endfacet
facet normal -9.0100 0.0522 4.4520
    outer loop
        vertex -3.8440 6.8000 1.1280
        vertex -4.1800 6.8000 0.4480
        vertex -3.8800 4.6800 1.0800
    endloop
endfacet
facet normal -1.8993 0.1297 -0.6641
    outer loop
        vertex -4.0400 4.8000 -1.5200
        vertex -4.0647 6.6751 -1.0831
        vertex -4.0069 6.5920 -1.2645
    endloop
endfacet
facet normal -6.6477 0.4542 -2.3254
    outer loop
        vertex -3.8023 6.4281 -1.8814
        vertex -4.0400 4.8000 -1.5200
        vertex -4.0069 6.5920 -1.2645
    endloop
endfacet
facet normal -1.6640 0.1138 -0.5822
    outer loop
        vertex -4.1160 6.8000 -0.9120
        vertex -4.0647 6.6751 -1.0831
        vertex -4.0400 4.8000 -1.5200
    endloop
endfacet
facet normal -0.0016 -0.0109 0.0194
    outer loop
        vertex -1.4654 -0.9274 2.3345
        vertex -1.4044 -0.9127 2.3477
        vertex -1.4800 -0.8800 2.3600
    endloop
endfacet
facet normal -0.0085 -0.1716 0.8295
    outer loop
        vertex -0.2599 0.3007 2.6802
        vertex -0.1020 0.4537 2.7135
        vertex -1.0284 0.3966 2.6922
    endloop
endfacet
facet normal -0.0055 -0.1114 0.5386
    outer loop
        vertex -1.0284 0.3966 2.6922
        vertex -0.9026 0.2688 2.6670
        vertex -0.2599 0.3007 2.6802
    endloop
endfacet
facet normal -0.0089 -0.0492 0.1903
    outer loop
        vertex -0.5419 -0.3281 2.5458
        vertex -1.0020 0.0241 2.6154
        vertex -0.6244 -0.3312 2.5412
    endloop
endfacet
facet normal -0.0074 0.0146 0.2323
    outer loop
        vertex 0.0000 0.4800 2.7200
        vertex -0.2606 1.0756 2.6744
        vertex -0.2932 1.0075 2.6776
    endloop
endfacet
facet normal -0.0049 0.0096 0.1530
    outer loop
        vertex -0.2932 1.0075 2.6776
        vertex -0.0444 0.4764 2.7188
        vertex 0.0000 0.4800 2.7200
    endloop
endfacet
facet normal -0.3506 -2.8084 0.6788
    outer loop
        vertex -3.9600 -2.5645 0.0416
        vertex -3.5047 -2.6181 0.0549
        vertex -3.4344 -2.3879 1.0438
    endloop
endfacet
facet normal -0.3854 -3.0539 0.7403
    outer loop
        vertex -3.4344 -2.3879 1.0438
        vertex -3.8800 -2.3122 1.1238
        vertex -3.9600 -2.5645 0.0416
    endloop
endfacet
facet normal -0.0278 -0.2558 0.1479
    outer loop
        vertex -3.4242 -2.3533 1.1384
        vertex -3.4093 -2.3028 1.2286
        vertex -3.8800 -2.3122 1.1238
    endloop
endfacet
facet normal -0.9655 -7.4727 1.8131
    outer loop
        vertex -3.8800 -2.3122 1.1238
        vertex -5.0000 -2.2174 0.9185
        vertex -3.9600 -2.5645 0.0416
    endloop
endfacet
facet normal -0.9917 -5.9701 1.1872
    outer loop
        vertex -5.0000 -2.2174 0.9185
        vertex -5.0000 -2.4000 0.0000
        vertex -3.9600 -2.5645 0.0416
    endloop
endfacet
facet normal -0.5764 1.1200 1.6761
    outer loop
        vertex -3.9200 1.5600 2.1600
        vertex -5.0000 1.6970 1.6970
        vertex -4.2644 1.3554 2.1783
    endloop
endfacet
facet normal -0.0064 -0.0760 0.1137
    outer loop
        vertex -5.0000 -0.9185 2.2174
        vertex -4.7562 -1.1949 2.0462
        vertex -4.6599 -1.2295 2.0285
    endloop
endfacet
facet normal -0.0903 -1.0799 1.6159
    outer loop
        vertex -4.6599 -1.2295 2.0285
        vertex -3.8400 -1.2192 2.0812
        vertex -5.0000 -0.9185 2.2174
    endloop
endfacet
facet normal -0.0405 -0.4367 0.6652
    outer loop
        vertex -4.4825 -1.5424 1.8300
        vertex -3.7520 -1.6932 1.7755
        vertex -3.9213 -1.5126 1.8838
    endloop
endfacet
facet normal -0.0141 -0.1520 0.2315
    outer loop
        vertex -3.9213 -1.5126 1.8838
        vertex -4.4616 -1.4753 1.8753
        vertex -4.4825 -1.5424 1.8300
    endloop
endfacet
facet normal -0.1084 -0.5232 0.3495
    outer loop
        vertex -4.5047 -2.1570 1.1624
        vertex -5.0000 -2.2174 0.9185
        vertex -4.3377 -2.2496 1.0757
    endloop
endfacet
facet normal -0.0027 -0.1290 0.2208
    outer loop
        vertex -2.5815 -1.3452 2.0228
        vertex -3.3411 -1.5288 1.9062
        vertex -3.3228 -1.5709 1.8819
    endloop
endfacet
facet normal -0.0135 -0.6533 1.1176
    outer loop
        vertex -3.3228 -1.5709 1.8819
        vertex -3.0777 -1.7376 1.7874
        vertex -2.5815 -1.3452 2.0228
    endloop
endfacet
facet normal -0.3396 0.1622 1.5871
    outer loop
        vertex -3.0535 1.4008 2.3616
        vertex -2.7600 1.6400 2.4000
        vertex -3.9200 1.5600 2.1600
    endloop
endfacet
facet normal -0.0686 0.0327 0.3205
    outer loop
        vertex -3.9200 1.5600 2.1600
        vertex -3.1542 1.3602 2.3442
        vertex -3.0535 1.4008 2.3616
    endloop
endfacet
facet normal -0.0443 -0.3008 0.4933
    outer loop
        vertex -2.6800 -1.0400 2.2000
        vertex -2.5815 -1.3452 2.0228
        vertex -2.3620 -1.2241 2.1163
    endloop
endfacet
facet normal -0.0012 -0.0114 0.0205
    outer loop
        vertex -1.7938 -1.0065 2.2710
        vertex -1.8324 -0.9455 2.3027
        vertex -1.8928 -0.9350 2.3050
    endloop
endfacet
facet normal -0.0229 -0.2162 0.3884
    outer loop
        vertex -1.8928 -0.9350 2.3050
        vertex -2.3620 -1.2241 2.1163
        vertex -1.7938 -1.0065 2.2710
    endloop
endfacet
facet normal -0.0216 -0.0634 0.2254
    outer loop
        vertex -1.7578 -0.9170 2.3230
        vertex -1.4800 -0.8800 2.3600
        vertex -1.6017 -0.7664 2.3803
    endloop
endfacet
facet normal -0.1575 -0.5477 2.1225
    outer loop
        vertex -2.1485 0.1988 2.5888
        vertex -1.8262 -0.3350 2.4750
        vertex -1.4800 0.1451 2.6246
    endloop
endfacet
facet normal -0.0164 -0.0570 0.2214
    outer loop
        vertex -1.4800 0.1451 2.6246
        vertex -1.5012 0.1998 2.6371
        vertex -2.1485 0.1988 2.5888
    endloop
endfacet
facet normal -0.0265 0.0147 0.2498
    outer loop
        vertex -1.7141 0.8276 2.6277
        vertex -1.7775 0.7834 2.6236
        vertex -1.4800 0.3600 2.6800
    endloop
endfacet
facet normal -0.0018 -0.0099 0.0383
    outer loop
        vertex -1.4263 0.3223 2.6728
        vertex -1.4800 0.3600 2.6800
        vertex -1.4800 0.2457 2.6505
    endloop
endfacet
facet normal -0.0153 0.0459 0.1989
    outer loop
        vertex -3.8747 1.0977 2.2703
        vertex -3.6459 0.5061 2.4245
        vertex -3.5834 0.4836 2.4345
    endloop
endfacet
facet normal -0.2237 0.6754 2.9219
    outer loop
        vertex -3.5834 0.4836 2.4345
        vertex -2.7336 0.2970 2.5427
        vertex -3.8747 1.0977 2.2703
    endloop
endfacet
facet normal -0.0089 0.0088 0.0419
    outer loop
        vertex -2.7647 1.7252 2.3811
        vertex -2.7600 1.6400 2.4000
        vertex -2.6860 1.7256 2.3977
    endloop
endfacet
facet normal -0.0168 -0.0531 0.2673
    outer loop
        vertex -4.7219 -0.0850 2.4005
        vertex -4.7777 -0.0985 2.3943
        vertex -5.0000 -0.9185 2.2174
    endloop
endfacet
facet normal -0.2522 -0.8041 4.0433
    outer loop
        vertex -5.0000 -0.9185 2.2174
        vertex -3.8905 0.0807 2.4853
        vertex -4.7219 -0.0850 2.4005
    endloop
endfacet
facet normal -0.0274 -0.2684 0.1011
    outer loop
        vertex -3.4344 -2.3879 1.0438
        vertex -3.4242 -2.3533 1.1384
        vertex -3.8800 -2.3122 1.1238
    endloop
endfacet
facet normal -0.0097 0.0200 0.3404
    outer loop
        vertex -0.4760 1.3510 2.6504
        vertex 0.0000 1.7600 2.6400
        vertex -0.5598 1.3933 2.6456
    endloop
endfacet
facet normal -0.0230 -0.1302 0.4209
    outer loop
        vertex -3.8400 -1.2192 2.0812
        vertex -3.3432 -0.7011 2.2686
        vertex -3.3821 -0.6061 2.2959
    endloop
endfacet
facet normal -0.1420 -0.8055 2.6032
    outer loop
        vertex -3.3821 -0.6061 2.2959
        vertex -3.6792 -0.0942 2.4381
        vertex -3.8400 -1.2192 2.0812
    endloop
endfacet
facet normal 0.0031 -0.0259 0.0837
    outer loop
        vertex -3.8400 -1.2192 2.0812
        vertex -4.1654 -0.9274 2.1836
        vertex -4.2246 -0.9155 2.1895
    endloop
endfacet
facet normal 0.0549 -0.4577 1.4789
    outer loop
        vertex -4.2246 -0.9155 2.1895
        vertex -5.0000 -0.9185 2.2174
        vertex -3.8400 -1.2192 2.0812
    endloop
endfacet
facet normal 0.0159 -0.1315 0.4246
    outer loop
        vertex -4.2084 -0.3048 2.3778
        vertex -4.0799 -0.3722 2.3522
        vertex -3.8400 0.0305 2.4679
    endloop
endfacet
facet normal 0.0082 -0.0685 0.2213
    outer loop
        vertex -3.8400 0.0305 2.4679
        vertex -3.8905 0.0807 2.4853
        vertex -4.2084 -0.3048 2.3778
    endloop
endfacet
facet normal -0.1081 0.1111 0.6475
    outer loop
        vertex -1.4800 1.7200 2.6000
        vertex -2.6860 1.7256 2.3977
        vertex -2.7600 1.6400 2.4000
    endloop
endfacet
facet normal -0.1183 -0.3476 1.2358
    outer loop
        vertex -2.5029 -0.0780 2.4875
        vertex -2.6800 0.0764 2.5140
        vertex -2.6800 -1.0400 2.2000
    endloop
endfacet
facet normal -0.2591 -0.7600 2.7024
    outer loop
        vertex -2.6800 -1.0400 2.2000
        vertex -2.1550 -0.6298 2.3657
        vertex -2.5029 -0.0780 2.4875
    endloop
endfacet
facet normal -0.0927 0.0735 0.1465
    outer loop
        vertex -3.9200 1.5600 2.1600
        vertex -3.8058 1.7208 2.1516
        vertex -3.9520 1.7201 2.0594
    endloop
endfacet
facet normal -0.0056 -0.0672 0.1006
    outer loop
        vertex -5.0000 -1.6970 1.6970
        vertex -4.8670 -1.6423 1.7411
        vertex -5.0000 -1.5760 1.7780
    endloop
endfacet
facet normal -0.0544 0.1024 0.5152
    outer loop
        vertex -4.7355 0.5141 2.3257
        vertex -4.5426 0.3322 2.3822
        vertex -3.9510 0.2020 2.4706
    endloop
endfacet
facet normal -0.1549 0.2917 1.4667
    outer loop
        vertex -3.9510 0.2020 2.4706
        vertex -5.0000 0.9185 2.2174
        vertex -4.7355 0.5141 2.3257
    endloop
endfacet
facet normal -0.0050 0.0095 0.0476
    outer loop
        vertex -5.0000 0.1065 2.3788
        vertex -5.0000 0.0000 2.4000
        vertex -4.9284 0.0078 2.4060
    endloop
endfacet
facet normal -0.1442 -0.9653 0.7430
    outer loop
        vertex -3.2975 -2.0619 1.5612
        vertex -4.1557 -2.0302 1.4359
        vertex -4.0217 -2.1736 1.2755
    endloop
endfacet
facet normal -0.1979 -1.3056 1.0120
    outer loop
        vertex -4.0217 -2.1736 1.2755
        vertex -3.4093 -2.3028 1.2286
        vertex -3.2975 -2.0619 1.5612
    endloop
endfacet
facet normal -0.0367 0.0174 0.1711
    outer loop
        vertex -3.0514 0.7859 2.4248
        vertex -3.1102 0.7902 2.4118
        vertex -2.7336 0.2970 2.5427
    endloop
endfacet
facet normal -0.0518 0.0247 0.2421
    outer loop
        vertex -2.7336 0.2970 2.5427
        vertex -2.6860 0.3458 2.5479
        vertex -3.0514 0.7859 2.4248
    endloop
endfacet
facet normal -0.0003 -0.0054 0.0263
    outer loop
        vertex -1.4800 0.3600 2.6800
        vertex -1.4263 0.3223 2.6728
        vertex -1.3800 0.3681 2.6827
    endloop
endfacet
facet normal -0.0722 0.1985 0.8600
    outer loop
        vertex -4.2230 0.7984 2.3103
        vertex -4.4211 1.0061 2.2457
        vertex -5.0000 0.9185 2.2174
    endloop
endfacet
facet normal -0.2260 0.6208 2.6921
    outer loop
        vertex -5.0000 0.9185 2.2174
        vertex -3.9510 0.2020 2.4706
        vertex -4.2230 0.7984 2.3103
    endloop
endfacet
facet normal -0.0437 0.1200 0.5205
    outer loop
        vertex -3.8978 1.1624 2.2536
        vertex -3.9200 1.5600 2.1600
        vertex -4.1196 1.3833 2.1840
    endloop
endfacet
facet normal -0.0061 -0.0657 0.2335
    outer loop
        vertex -3.0691 -0.3159 2.3934
        vertex -3.0064 -0.3450 2.3869
        vertex -2.7351 0.1244 2.5260
    endloop
endfacet
facet normal -0.0483 -0.5159 1.8347
    outer loop
        vertex -2.7351 0.1244 2.5260
        vertex -3.3651 0.1728 2.5230
        vertex -3.0691 -0.3159 2.3934
    endloop
endfacet
facet normal -0.2536 0.1636 1.5579
    outer loop
        vertex -1.8990 1.3564 2.5700
        vertex -2.7600 1.6400 2.4000
        vertex -2.1130 1.1374 2.5581
    endloop
endfacet
facet normal -0.0048 -0.0881 0.2056
    outer loop
        vertex 0.0000 -0.7896 2.4330
        vertex 0.0000 -0.6800 2.4800
        vertex -0.3001 -0.7206 2.4557
    endloop
endfacet
facet normal -0.0034 -0.0632 0.1473
    outer loop
        vertex -0.3001 -0.7206 2.4557
        vertex -0.3434 -0.7891 2.4253
        vertex 0.0000 -0.7896 2.4330
    endloop
endfacet
facet normal -0.2454 0.2325 1.1084
    outer loop
        vertex -3.8058 1.7208 2.1516
        vertex -3.9200 1.5600 2.1600
        vertex -2.7600 1.6400 2.4000
    endloop
endfacet
facet normal -0.1228 0.1163 0.5548
    outer loop
        vertex -2.7600 1.6400 2.4000
        vertex -2.7647 1.7252 2.3811
        vertex -3.8058 1.7208 2.1516
    endloop
endfacet
facet normal -0.0041 -0.0762 0.1776
    outer loop
        vertex -0.8181 -0.7906 2.4137
        vertex -1.4800 -0.8800 2.3600
        vertex -1.4044 -0.9127 2.3477
    endloop
endfacet
facet normal -0.0027 -0.0513 0.1194
    outer loop
        vertex -1.4044 -0.9127 2.3477
        vertex -0.7986 -0.8191 2.4019
        vertex -0.8181 -0.7906 2.4137
    endloop
endfacet
facet normal -0.0012 -0.0277 0.1340
    outer loop
        vertex -0.0368 -0.0913 2.6014
        vertex 0.0000 -0.6800 2.4800
        vertex 0.0000 -0.0968 2.6006
    endloop
endfacet
facet normal -0.0384 -0.7726 3.7336
    outer loop
        vertex -0.2569 0.0967 2.6381
        vertex -1.0020 0.0241 2.6154
        vertex 0.0000 -0.6800 2.4800
    endloop
endfacet
facet normal -0.0079 -0.1587 0.7668
    outer loop
        vertex 0.0000 -0.6800 2.4800
        vertex -0.0368 -0.0913 2.6014
        vertex -0.2569 0.0967 2.6381
    endloop
endfacet
facet normal -0.0031 -0.0631 0.3047
    outer loop
        vertex -1.0020 0.0241 2.6154
        vertex -0.2569 0.0967 2.6381
        vertex -0.9271 0.0968 2.6312
    endloop
endfacet
facet normal -0.0044 -0.0894 0.4319
    outer loop
        vertex -0.2569 0.0967 2.6381
        vertex -0.3041 0.2166 2.6624
        vertex -0.8744 0.2008 2.6533
    endloop
endfacet
facet normal -0.0045 -0.0901 0.4355
    outer loop
        vertex -0.8744 0.2008 2.6533
        vertex -0.9271 0.0968 2.6312
        vertex -0.2569 0.0967 2.6381
    endloop
endfacet
facet normal -0.0034 -0.0680 0.3291
    outer loop
        vertex -0.3041 0.2166 2.6624
        vertex -0.2599 0.3007 2.6802
        vertex -0.9026 0.2688 2.6670
    endloop
endfacet
facet normal -0.0025 -0.0506 0.2451
    outer loop
        vertex -0.9026 0.2688 2.6670
        vertex -0.8744 0.2008 2.6533
        vertex -0.3041 0.2166 2.6624
    endloop
endfacet
facet normal -0.0011 -0.0229 0.1108
    outer loop
        vertex -1.0284 0.3966 2.6922
        vertex -0.1020 0.4537 2.7135
        vertex -0.0444 0.4764 2.7188
    endloop
endfacet
facet normal -0.0046 -0.0256 0.0993
    outer loop
        vertex 0.0000 -0.6800 2.4800
        vertex -0.2635 -0.6627 2.4723
        vertex -0.3001 -0.7206 2.4557
    endloop
endfacet
facet normal -0.0055 -0.0309 0.1197
    outer loop
        vertex 0.0000 -0.6800 2.4800
        vertex -0.2711 -0.5895 2.4908
        vertex -0.2635 -0.6627 2.4723
    endloop
endfacet
facet normal -0.0209 -0.1165 0.4518
    outer loop
        vertex -0.8863 -0.6906 2.4363
        vertex -1.4800 -0.8800 2.3600
        vertex -0.8181 -0.7906 2.4137
    endloop
endfacet
facet normal -0.0133 -0.0743 0.2876
    outer loop
        vertex -1.4800 -0.8800 2.3600
        vertex -0.8863 -0.6906 2.4363
        vertex -0.8965 -0.6163 2.4550
    endloop
endfacet
facet normal -0.1112 -0.6205 2.4042
    outer loop
        vertex -0.8965 -0.6163 2.4550
        vertex -1.2176 -0.1022 2.5729
        vertex -1.4800 -0.8800 2.3600
    endloop
endfacet
facet normal -0.0574 -0.3210 1.2440
    outer loop
        vertex -1.4800 0.1451 2.6246
        vertex -1.4800 -0.8800 2.3600
        vertex -1.2858 -0.0692 2.5782
    endloop
endfacet
facet normal -0.0179 -0.0996 0.3859
    outer loop
        vertex -1.2858 -0.0692 2.5782
        vertex -1.4800 -0.8800 2.3600
        vertex -1.2176 -0.1022 2.5729
    endloop
endfacet
facet normal -0.0122 -0.0685 0.2656
    outer loop
        vertex -0.8965 -0.6163 2.4550
        vertex -0.8561 -0.5341 2.4781
        vertex -1.1608 -0.1018 2.5756
    endloop
endfacet
facet normal -0.0084 -0.0472 0.1831
    outer loop
        vertex -1.1608 -0.1018 2.5756
        vertex -1.2176 -0.1022 2.5729
        vertex -0.8965 -0.6163 2.4550
    endloop
endfacet
facet normal -0.0307 -0.1711 0.6629
    outer loop
        vertex -0.8561 -0.5341 2.4781
        vertex -0.7070 -0.3822 2.5242
        vertex -1.0933 -0.0645 2.5883
    endloop
endfacet
facet normal -0.0116 -0.0654 0.2534
    outer loop
        vertex -1.0933 -0.0645 2.5883
        vertex -1.1608 -0.1018 2.5756
        vertex -0.8561 -0.5341 2.4781
    endloop
endfacet
facet normal -0.0112 -0.0628 0.2433
    outer loop
        vertex 0.0000 -0.6800 2.4800
        vertex -0.4532 -0.3851 2.5352
        vertex -0.2711 -0.5895 2.4908
    endloop
endfacet
facet normal -0.0068 -0.0380 0.1473
    outer loop
        vertex -1.0020 0.0241 2.6154
        vertex -0.4532 -0.3851 2.5352
        vertex 0.0000 -0.6800 2.4800
    endloop
endfacet
facet normal -0.0183 -0.1020 0.3953
    outer loop
        vertex -1.0020 0.0241 2.6154
        vertex -1.0933 -0.0645 2.5883
        vertex -0.7070 -0.3822 2.5242
    endloop
endfacet
facet normal -0.0140 -0.0784 0.3039
    outer loop
        vertex -0.7070 -0.3822 2.5242
        vertex -0.6244 -0.3312 2.5412
        vertex -1.0020 0.0241 2.6154
    endloop
endfacet
facet normal -0.0014 -0.0080 0.0315
    outer loop
        vertex -0.5419 -0.3281 2.5458
        vertex -0.4532 -0.3851 2.5352
        vertex -1.0020 0.0241 2.6154
    endloop
endfacet
facet normal -0.0014 0.0028 0.0446
    outer loop
        vertex -1.4800 0.3600 2.6800
        vertex -1.3800 0.3681 2.6827
        vertex -1.3014 0.4458 2.6804
    endloop
endfacet
facet normal -0.0460 0.0893 1.5181
    outer loop
        vertex -1.3014 0.4458 2.6804
        vertex -1.4800 1.7200 2.6000
        vertex -1.4800 0.3600 2.6800
    endloop
endfacet
facet normal -0.1146 0.2387 4.0390
    outer loop
        vertex -0.8843 1.0887 2.6542
        vertex -1.4800 1.7200 2.6000
        vertex -1.3014 0.4458 2.6804
    endloop
endfacet
facet normal -0.0111 0.0216 0.3525
    outer loop
        vertex -1.3014 0.4458 2.6804
        vertex -1.1791 0.4992 2.6810
        vertex -0.8843 1.0887 2.6542
    endloop
endfacet
facet normal -0.0116 0.0249 0.4212
    outer loop
        vertex -0.8248 0.9791 2.6623
        vertex -0.8843 1.0887 2.6542
        vertex -1.1791 0.4992 2.6810
    endloop
endfacet
facet normal -0.0084 0.0163 0.2614
    outer loop
        vertex -1.1791 0.4992 2.6810
        vertex -1.1104 0.4742 2.6847
        vertex -0.8248 0.9791 2.6623
    endloop
endfacet
facet normal -0.0297 0.0580 0.9273
    outer loop
        vertex -0.6265 0.8102 2.6792
        vertex -0.8248 0.9791 2.6623
        vertex -1.1104 0.4742 2.6847
    endloop
endfacet
facet normal -0.0131 0.0254 0.4067
    outer loop
        vertex -1.1104 0.4742 2.6847
        vertex -1.0284 0.3966 2.6922
        vertex -0.6265 0.8102 2.6792
    endloop
endfacet
facet normal -0.0082 0.0159 0.2531
    outer loop
        vertex -0.5527 0.7853 2.6832
        vertex -0.6265 0.8102 2.6792
        vertex -1.0284 0.3966 2.6922
    endloop
endfacet
facet normal -0.0691 0.1344 2.1532
    outer loop
        vertex -1.0284 0.3966 2.6922
        vertex -0.0444 0.4764 2.7188
        vertex -0.5527 0.7853 2.6832
    endloop
endfacet
facet normal -0.0078 0.0152 0.2430
    outer loop
        vertex -0.5527 0.7853 2.6832
        vertex -0.0444 0.4764 2.7188
        vertex -0.4808 0.8181 2.6834
    endloop
endfacet
facet normal -0.0295 0.0573 0.9174
    outer loop
        vertex -0.0444 0.4764 2.7188
        vertex -0.2932 1.0075 2.6776
        vertex -0.4808 0.8181 2.6834
    endloop
endfacet
facet normal -1.2307 2.3920 3.5792
    outer loop
        vertex -5.0000 1.6970 1.6970
        vertex -5.0000 0.9185 2.2174
        vertex -4.2644 1.3554 2.1783
    endloop
endfacet
facet normal -0.0711 -0.8502 1.2722
    outer loop
        vertex -3.8400 -1.2192 2.0812
        vertex -4.6599 -1.2295 2.0285
        vertex -4.4616 -1.4753 1.8753
    endloop
endfacet
facet normal -0.0490 -0.5286 0.8056
    outer loop
        vertex -4.4616 -1.4753 1.8753
        vertex -3.8972 -1.4501 1.9262
        vertex -3.8400 -1.2192 2.0812
    endloop
endfacet
facet normal -0.0353 -0.4228 0.6326
    outer loop
        vertex -4.7562 -1.1949 2.0462
        vertex -5.0000 -0.9185 2.2174
        vertex -5.0000 -1.3337 1.9398
    endloop
endfacet
facet normal -0.0038 -0.0405 0.0617
    outer loop
        vertex -4.8670 -1.6423 1.7411
        vertex -5.0000 -1.6970 1.6970
        vertex -4.7856 -1.6829 1.7194
    endloop
endfacet
facet normal -0.0016 -0.0173 0.0264
    outer loop
        vertex -4.7089 -1.6976 1.7144
        vertex -4.7856 -1.6829 1.7194
        vertex -5.0000 -1.6970 1.6970
    endloop
endfacet
facet normal -0.0401 -0.4323 0.6583
    outer loop
        vertex -5.0000 -1.6970 1.6970
        vertex -3.2975 -2.0619 1.5612
        vertex -4.7089 -1.6976 1.7144
    endloop
endfacet
facet normal -0.0028 -0.0293 0.0446
    outer loop
        vertex -3.0964 -1.7540 1.7755
        vertex -3.0777 -1.7376 1.7874
        vertex -3.3228 -1.5709 1.8819
    endloop
endfacet
facet normal -0.0082 -0.0887 0.1350
    outer loop
        vertex -3.3228 -1.5709 1.8819
        vertex -3.3420 -1.6508 1.8283
        vertex -3.0964 -1.7540 1.7755
    endloop
endfacet
facet normal -0.1123 -1.2122 1.8475
    outer loop
        vertex -4.7089 -1.6976 1.7144
        vertex -3.2975 -2.0619 1.5612
        vertex -3.6378 -1.7646 1.7356
    endloop
endfacet
facet normal -0.0262 -0.2823 0.4304
    outer loop
        vertex -3.6378 -1.7646 1.7356
        vertex -3.7520 -1.6932 1.7755
        vertex -4.7089 -1.6976 1.7144
    endloop
endfacet
facet normal -0.0560 -0.6047 0.9218
    outer loop
        vertex -4.4825 -1.5424 1.8300
        vertex -4.7089 -1.6976 1.7144
        vertex -3.7520 -1.6932 1.7755
    endloop
endfacet
facet normal -0.0482 -0.5194 0.7916
    outer loop
        vertex -3.4982 -1.7394 1.7606
        vertex -3.2975 -2.0619 1.5612
        vertex -3.0964 -1.7540 1.7755
    endloop
endfacet
facet normal -0.0144 -0.1554 0.2368
    outer loop
        vertex -3.0964 -1.7540 1.7755
        vertex -3.3420 -1.6508 1.8283
        vertex -3.4982 -1.7394 1.7606
    endloop
endfacet
facet normal -0.0132 -0.1421 0.2166
    outer loop
        vertex -3.9213 -1.5126 1.8838
        vertex -3.8972 -1.4501 1.9262
        vertex -4.4616 -1.4753 1.8753
    endloop
endfacet
facet normal -0.0100 -0.1077 0.1642
    outer loop
        vertex -3.8223 -1.3869 1.9722
        vertex -3.6712 -1.3339 2.0162
        vertex -3.8400 -1.2192 2.0812
    endloop
endfacet
facet normal -0.0052 -0.0561 0.0855
    outer loop
        vertex -3.8972 -1.4501 1.9262
        vertex -3.8223 -1.3869 1.9722
        vertex -3.8400 -1.2192 2.0812
    endloop
endfacet
facet normal -0.0190 -0.2054 0.3131
    outer loop
        vertex -3.2975 -2.0619 1.5612
        vertex -3.4982 -1.7394 1.7606
        vertex -3.6378 -1.7646 1.7356
    endloop
endfacet
facet normal -0.1580 -0.7628 0.5099
    outer loop
        vertex -4.5154 -2.0974 1.2484
        vertex -4.3918 -2.0311 1.3858
        vertex -5.0000 -1.6970 1.6970
    endloop
endfacet
facet normal -0.4888 -2.3583 1.5760
    outer loop
        vertex -5.0000 -1.6970 1.6970
        vertex -5.0000 -2.2174 0.9185
        vertex -4.5154 -2.0974 1.2484
    endloop
endfacet
facet normal -0.0402 -0.1938 0.1296
    outer loop
        vertex -4.1906 -2.2677 1.0941
        vertex -3.8800 -2.3122 1.1238
        vertex -4.0443 -2.2220 1.2080
    endloop
endfacet
facet normal -0.0018 -0.0085 0.0057
    outer loop
        vertex -3.8800 -2.3122 1.1238
        vertex -4.1906 -2.2677 1.0941
        vertex -4.3377 -2.2496 1.0757
    endloop
endfacet
facet normal -0.0519 -0.2503 0.1674
    outer loop
        vertex -4.3377 -2.2496 1.0757
        vertex -5.0000 -2.2174 0.9185
        vertex -3.8800 -2.3122 1.1238
    endloop
endfacet
facet normal -0.0585 -0.2823 0.1887
    outer loop
        vertex -4.5047 -2.1570 1.1624
        vertex -4.5154 -2.0974 1.2484
        vertex -5.0000 -2.2174 0.9185
    endloop
endfacet
facet normal -0.0116 -0.5574 0.9539
    outer loop
        vertex -2.6800 -1.0400 2.2000
        vertex -3.8400 -1.2192 2.0812
        vertex -3.6240 -1.3174 2.0264
    endloop
endfacet
facet normal -0.0060 -0.2905 0.4968
    outer loop
        vertex -3.6240 -1.3174 2.0264
        vertex -3.5096 -1.3680 1.9982
        vertex -2.6800 -1.0400 2.2000
    endloop
endfacet
facet normal -0.0189 -0.9131 1.5621
    outer loop
        vertex -3.3411 -1.5288 1.9062
        vertex -2.5815 -1.3452 2.0228
        vertex -2.6800 -1.0400 2.2000
    endloop
endfacet
facet normal -0.0143 -0.6895 1.1795
    outer loop
        vertex -2.6800 -1.0400 2.2000
        vertex -3.5096 -1.3680 1.9982
        vertex -3.3411 -1.5288 1.9062
    endloop
endfacet
facet normal -0.0006 -0.0301 0.0514
    outer loop
        vertex -3.6712 -1.3339 2.0162
        vertex -3.6240 -1.3174 2.0264
        vertex -3.8400 -1.2192 2.0812
    endloop
endfacet
facet normal -0.0661 0.0315 0.3091
    outer loop
        vertex -2.7686 1.1226 2.4510
        vertex -2.6860 0.3458 2.5479
        vertex -2.7600 1.6400 2.4000
    endloop
endfacet
facet normal -0.0335 0.0160 0.1570
    outer loop
        vertex -2.8159 1.1988 2.4331
        vertex -2.7686 1.1226 2.4510
        vertex -2.7600 1.6400 2.4000
    endloop
endfacet
facet normal -0.0632 0.0301 0.2952
    outer loop
        vertex -3.9200 1.5600 2.1600
        vertex -3.3629 1.0919 2.3270
        vertex -3.3365 1.1545 2.3262
    endloop
endfacet
facet normal -0.2593 0.1237 1.2119
    outer loop
        vertex -3.9200 1.5600 2.1600
        vertex -3.3365 1.1545 2.3262
        vertex -3.1542 1.3602 2.3442
    endloop
endfacet
facet normal -0.0989 0.0472 0.4626
    outer loop
        vertex -2.9633 1.3599 2.3851
        vertex -2.8159 1.1988 2.4331
        vertex -2.7600 1.6400 2.4000
    endloop
endfacet
facet normal -0.0449 0.0214 0.2100
    outer loop
        vertex -2.7600 1.6400 2.4000
        vertex -3.0535 1.4008 2.3616
        vertex -2.9633 1.3599 2.3851
    endloop
endfacet
facet normal -0.0659 -0.6203 1.1145
    outer loop
        vertex -2.6800 -1.0400 2.2000
        vertex -2.3620 -1.2241 2.1163
        vertex -1.8928 -0.9350 2.3050
    endloop
endfacet
facet normal -0.0021 -0.0197 0.0353
    outer loop
        vertex -1.7578 -0.9170 2.3230
        vertex -1.8324 -0.9455 2.3027
        vertex -1.7938 -1.0065 2.2710
    endloop
endfacet
facet normal -0.0098 -0.0923 0.1658
    outer loop
        vertex -1.7938 -1.0065 2.2710
        vertex -1.4654 -0.9274 2.3345
        vertex -1.7578 -0.9170 2.3230
    endloop
endfacet
facet normal -0.0051 -0.0477 0.0857
    outer loop
        vertex -1.4800 -0.8800 2.3600
        vertex -1.7578 -0.9170 2.3230
        vertex -1.4654 -0.9274 2.3345
    endloop
endfacet
facet normal -0.0027 -0.0092 0.0358
    outer loop
        vertex -1.4800 -0.8800 2.3600
        vertex -1.5764 -0.7430 2.3882
        vertex -1.6017 -0.7664 2.3803
    endloop
endfacet
facet normal -0.0069 -0.0240 0.0930
    outer loop
        vertex -1.4800 -0.8800 2.3600
        vertex -1.5324 -0.6512 2.4152
        vertex -1.5764 -0.7430 2.3882
    endloop
endfacet
facet normal -0.0248 -0.0866 0.3355
    outer loop
        vertex -1.4800 -0.8800 2.3600
        vertex -1.4800 0.1451 2.6246
        vertex -1.5324 -0.6512 2.4152
    endloop
endfacet
facet normal -0.0011 -0.0039 0.0151
    outer loop
        vertex -1.5012 0.1998 2.6371
        vertex -1.4800 0.2457 2.6505
        vertex -1.4800 0.3600 2.6800
    endloop
endfacet
facet normal -0.0481 -0.1673 0.6480
    outer loop
        vertex -1.4800 0.3600 2.6800
        vertex -2.1485 0.1988 2.5888
        vertex -1.5012 0.1998 2.6371
    endloop
endfacet
facet normal -0.0310 -0.1078 0.4177
    outer loop
        vertex -1.4800 0.3600 2.6800
        vertex -2.1888 0.2891 2.6091
        vertex -2.1485 0.1988 2.5888
    endloop
endfacet
facet normal -0.0097 -0.0339 0.1312
    outer loop
        vertex -2.3643 -0.0546 2.5074
        vertex -1.9754 -0.4176 2.4426
        vertex -1.9465 -0.3906 2.4517
    endloop
endfacet
facet normal -0.0645 -0.2247 0.8708
    outer loop
        vertex -1.9465 -0.3906 2.4517
        vertex -2.1810 0.1315 2.5690
        vertex -2.3643 -0.0546 2.5074
    endloop
endfacet
facet normal -0.0181 -0.0630 0.2442
    outer loop
        vertex -1.8262 -0.3350 2.4750
        vertex -2.1485 0.1988 2.5888
        vertex -2.1810 0.1315 2.5690
    endloop
endfacet
facet normal -0.0352 -0.1224 0.4742
    outer loop
        vertex -2.1810 0.1315 2.5690
        vertex -1.9465 -0.3906 2.4517
        vertex -1.8262 -0.3350 2.4750
    endloop
endfacet
facet normal -0.0212 -0.0740 0.2869
    outer loop
        vertex -1.4800 0.1451 2.6246
        vertex -1.5821 -0.5308 2.4426
        vertex -1.5324 -0.6512 2.4152
    endloop
endfacet
facet normal -0.0633 -0.2197 0.8514
    outer loop
        vertex -1.5821 -0.5308 2.4426
        vertex -1.4800 0.1451 2.6246
        vertex -1.7583 -0.3632 2.4727
    endloop
endfacet
facet normal -0.0196 -0.0683 0.2645
    outer loop
        vertex -1.8262 -0.3350 2.4750
        vertex -1.7583 -0.3632 2.4727
        vertex -1.4800 0.1451 2.6246
    endloop
endfacet
facet normal -0.2148 0.1194 2.0285
    outer loop
        vertex -2.1888 0.2891 2.6091
        vertex -1.4800 0.3600 2.6800
        vertex -1.8621 0.7797 2.6148
    endloop
endfacet
facet normal -0.1069 0.0594 1.0105
    outer loop
        vertex -1.8621 0.7797 2.6148
        vertex -2.3836 0.4914 2.5766
        vertex -2.1888 0.2891 2.6091
    endloop
endfacet
facet normal -0.0284 0.0158 0.2686
    outer loop
        vertex -2.0793 0.9808 2.5800
        vertex -2.4560 0.5163 2.5675
        vertex -2.3836 0.4914 2.5766
    endloop
endfacet
facet normal -0.1108 0.0615 1.0468
    outer loop
        vertex -2.3836 0.4914 2.5766
        vertex -1.8621 0.7797 2.6148
        vertex -2.0793 0.9808 2.5800
    endloop
endfacet
facet normal -0.0905 0.0503 0.8549
    outer loop
        vertex -1.7658 1.3675 2.5905
        vertex -1.5490 1.1563 2.6258
        vertex -1.4800 1.7200 2.6000
    endloop
endfacet
facet normal -0.0149 0.0083 0.1404
    outer loop
        vertex -1.5490 1.1563 2.6258
        vertex -1.5172 1.0908 2.6331
        vertex -1.4800 1.7200 2.6000
    endloop
endfacet
facet normal -0.0334 0.0186 0.3159
    outer loop
        vertex -1.4800 0.3600 2.6800
        vertex -1.4800 1.7200 2.6000
        vertex -1.5172 1.0908 2.6331
    endloop
endfacet
facet normal -0.0255 0.0142 0.2412
    outer loop
        vertex -1.4800 0.3600 2.6800
        vertex -1.5172 1.0908 2.6331
        vertex -1.5646 0.9853 2.6343
    endloop
endfacet
facet normal -0.0245 0.0135 0.2309
    outer loop
        vertex -1.7775 0.7834 2.6236
        vertex -1.8621 0.7797 2.6148
        vertex -1.4800 0.3600 2.6800
    endloop
endfacet
facet normal -0.0707 0.0392 0.6676
    outer loop
        vertex -1.4800 0.3600 2.6800
        vertex -1.5646 0.9853 2.6343
        vertex -1.7141 0.8276 2.6277
    endloop
endfacet
facet normal -0.2353 0.7094 3.0708
    outer loop
        vertex -3.8747 1.0977 2.2703
        vertex -2.7336 0.2970 2.5427
        vertex -3.9200 1.5600 2.1600
    endloop
endfacet
facet normal -0.0037 0.0112 0.0484
    outer loop
        vertex -3.9200 1.5600 2.1600
        vertex -3.8978 1.1624 2.2536
        vertex -3.8747 1.0977 2.2703
    endloop
endfacet
facet normal -0.0198 0.0599 0.2589
    outer loop
        vertex -2.7648 0.2317 2.5554
        vertex -2.7336 0.2970 2.5427
        vertex -3.3767 0.2783 2.4978
    endloop
endfacet
facet normal -0.0307 0.0925 0.4004
    outer loop
        vertex -3.3767 0.2783 2.4978
        vertex -3.3651 0.1728 2.5230
        vertex -2.7648 0.2317 2.5554
    endloop
endfacet
facet normal -0.0488 0.1473 0.6374
    outer loop
        vertex -3.8525 0.3508 2.4446
        vertex -3.7152 0.4770 2.4259
        vertex -3.8920 1.0572 2.2783
    endloop
endfacet
facet normal -0.0094 0.0262 0.1135
    outer loop
        vertex -3.8920 1.0572 2.2783
        vertex -3.9147 1.0037 2.2888
        vertex -3.8525 0.3508 2.4446
    endloop
endfacet
facet normal -0.0093 0.0281 0.1217
    outer loop
        vertex -3.6459 0.5061 2.4245
        vertex -3.8747 1.0977 2.2703
        vertex -3.8920 1.0572 2.2783
    endloop
endfacet
facet normal -0.0217 0.0655 0.2834
    outer loop
        vertex -3.8920 1.0572 2.2783
        vertex -3.7152 0.4770 2.4259
        vertex -3.6459 0.5061 2.4245
    endloop
endfacet
facet normal -0.0447 0.1349 0.5837
    outer loop
        vertex -2.7336 0.2970 2.5427
        vertex -3.5834 0.4836 2.4345
        vertex -3.4259 0.3391 2.4800
    endloop
endfacet
facet normal -0.0192 0.0577 0.2501
    outer loop
        vertex -3.4259 0.3391 2.4800
        vertex -3.3767 0.2783 2.4978
        vertex -2.7336 0.2970 2.5427
    endloop
endfacet
facet normal -0.0104 -0.0330 0.1662
    outer loop
        vertex -3.8905 0.0807 2.4853
        vertex -3.9120 0.1183 2.4914
        vertex -4.5780 0.0459 2.4354
    endloop
endfacet
facet normal -0.0135 -0.0431 0.2169
    outer loop
        vertex -4.5780 0.0459 2.4354
        vertex -4.6272 -0.0071 2.4218
        vertex -3.8905 0.0807 2.4853
    endloop
endfacet
facet normal -0.0375 -0.1192 0.5995
    outer loop
        vertex -5.0000 0.0000 2.4000
        vertex -5.0000 -0.9185 2.2174
        vertex -4.8956 -0.0375 2.3991
    endloop
endfacet
facet normal -0.0014 -0.0043 0.0219
    outer loop
        vertex -4.8956 -0.0375 2.3991
        vertex -4.9284 0.0078 2.4060
        vertex -5.0000 0.0000 2.4000
    endloop
endfacet
facet normal -0.0192 -0.0608 0.3067
    outer loop
        vertex -4.6272 -0.0071 2.4218
        vertex -4.7219 -0.0850 2.4005
        vertex -3.8905 0.0807 2.4853
    endloop
endfacet
facet normal -0.0429 -0.1370 0.6887
    outer loop
        vertex -5.0000 -0.9185 2.2174
        vertex -4.7777 -0.0985 2.3943
        vertex -4.8956 -0.0375 2.3991
    endloop
endfacet
facet normal -0.0670 0.1303 2.0845
    outer loop
        vertex 0.0000 1.7600 2.6400
        vertex -0.2606 1.0756 2.6744
        vertex 0.0000 0.4800 2.7200
    endloop
endfacet
facet normal -0.0135 0.0263 0.4214
    outer loop
        vertex 0.0000 1.7600 2.6400
        vertex -0.3136 1.1949 2.6652
        vertex -0.2606 1.0756 2.6744
    endloop
endfacet
facet normal -0.0931 0.1914 3.2518
    outer loop
        vertex -0.5598 1.3933 2.6456
        vertex 0.0000 1.7600 2.6400
        vertex -1.4800 1.7200 2.6000
    endloop
endfacet
facet normal -0.0150 0.0306 0.5228
    outer loop
        vertex -1.4800 1.7200 2.6000
        vertex -0.6804 1.3452 2.6449
        vertex -0.5598 1.3933 2.6456
    endloop
endfacet
facet normal -0.0181 0.0371 0.6309
    outer loop
        vertex -0.8843 1.0887 2.6542
        vertex -0.8271 1.1975 2.6494
        vertex -1.4800 1.7200 2.6000
    endloop
endfacet
facet normal -0.0309 0.0638 1.0818
    outer loop
        vertex -0.8271 1.1975 2.6494
        vertex -0.6804 1.3452 2.6449
        vertex -1.4800 1.7200 2.6000
    endloop
endfacet
facet normal -0.0277 0.0546 0.8793
    outer loop
        vertex -0.3136 1.1949 2.6652
        vertex 0.0000 1.7600 2.6400
        vertex -0.4760 1.3510 2.6504
    endloop
endfacet
facet normal -0.0326 -0.1856 0.5998
    outer loop
        vertex -3.7632 -0.0458 2.4484
        vertex -3.8400 0.0305 2.4679
        vertex -3.8400 -1.2192 2.0812
    endloop
endfacet
facet normal -0.0086 -0.0490 0.1585
    outer loop
        vertex -3.6204 -0.0946 2.4412
        vertex -3.6792 -0.0942 2.4381
        vertex -3.3439 -0.5280 2.3222
    endloop
endfacet
facet normal -0.0189 -0.1072 0.3463
    outer loop
        vertex -3.3439 -0.5280 2.3222
        vertex -3.2639 -0.4530 2.3497
        vertex -3.6204 -0.0946 2.4412
    endloop
endfacet
facet normal -0.0351 -0.1978 0.6392
    outer loop
        vertex -3.7632 -0.0458 2.4484
        vertex -3.8400 -1.2192 2.0812
        vertex -3.6792 -0.0942 2.4381
    endloop
endfacet
facet normal -0.0117 -0.0662 0.2138
    outer loop
        vertex -2.9010 -0.8178 2.2567
        vertex -2.9764 -0.8968 2.2281
        vertex -2.6800 -1.0400 2.2000
    endloop
endfacet
facet normal -0.0068 -0.0385 0.1243
    outer loop
        vertex -2.9764 -0.8968 2.2281
        vertex -3.0483 -0.9292 2.2142
        vertex -2.6800 -1.0400 2.2000
    endloop
endfacet
facet normal -0.0146 -0.0827 0.2673
    outer loop
        vertex -3.3439 -0.5280 2.3222
        vertex -3.6792 -0.0942 2.4381
        vertex -3.3821 -0.6061 2.2959
    endloop
endfacet
facet normal -0.0664 -0.3761 1.2157
    outer loop
        vertex -3.8400 -1.2192 2.0812
        vertex -2.6800 -1.0400 2.2000
        vertex -3.0483 -0.9292 2.2142
    endloop
endfacet
facet normal -0.0088 -0.0501 0.1615
    outer loop
        vertex -3.0483 -0.9292 2.2142
        vertex -3.1078 -0.9184 2.2143
        vertex -3.8400 -1.2192 2.0812
    endloop
endfacet
facet normal -0.0785 -0.4446 1.4369
    outer loop
        vertex -3.1078 -0.9184 2.2143
        vertex -3.3432 -0.7011 2.2686
        vertex -3.8400 -1.2192 2.0812
    endloop
endfacet
facet normal 0.0247 -0.2057 0.6644
    outer loop
        vertex -4.4820 -0.6236 2.2894
        vertex -5.0000 -0.9185 2.2174
        vertex -4.3818 -0.7718 2.2398
    endloop
endfacet
facet normal 0.0260 -0.2163 0.6993
    outer loop
        vertex -4.3818 -0.7718 2.2398
        vertex -5.0000 -0.9185 2.2174
        vertex -4.2246 -0.9155 2.1895
    endloop
endfacet
facet normal 0.0083 -0.0694 0.2242
    outer loop
        vertex -3.8952 -0.6084 2.2722
        vertex -3.9444 -0.7141 2.2414
        vertex -3.8400 -1.2192 2.0812
    endloop
endfacet
facet normal 0.0225 -0.1863 0.6021
    outer loop
        vertex -3.9444 -0.7141 2.2414
        vertex -4.0972 -0.8974 2.1904
        vertex -3.8400 -1.2192 2.0812
    endloop
endfacet
facet normal 0.0069 -0.0574 0.1854
    outer loop
        vertex -3.8400 -1.2192 2.0812
        vertex -4.0972 -0.8974 2.1904
        vertex -4.1654 -0.9274 2.1836
    endloop
endfacet
facet normal 0.0168 -0.1403 0.4539
    outer loop
        vertex -4.2783 -0.3340 2.3714
        vertex -3.8905 0.0807 2.4853
        vertex -5.0000 -0.9185 2.2174
    endloop
endfacet
facet normal 0.0041 -0.0341 0.1102
    outer loop
        vertex -4.2783 -0.3340 2.3714
        vertex -4.2084 -0.3048 2.3778
        vertex -3.8905 0.0807 2.4853
    endloop
endfacet
facet normal 0.0161 -0.1333 0.4308
    outer loop
        vertex -3.8400 0.0305 2.4679
        vertex -3.8952 -0.6084 2.2722
        vertex -3.8400 -1.2192 2.0812
    endloop
endfacet
facet normal 0.0049 -0.0412 0.1332
    outer loop
        vertex -3.8400 0.0305 2.4679
        vertex -3.9229 -0.5430 2.2935
        vertex -3.8952 -0.6084 2.2722
    endloop
endfacet
facet normal 0.0115 -0.0963 0.3116
    outer loop
        vertex -4.4272 -0.4962 2.3267
        vertex -5.0000 -0.9185 2.2174
        vertex -4.4820 -0.6236 2.2894
    endloop
endfacet
facet normal 0.0071 -0.0582 0.1875
    outer loop
        vertex -4.2783 -0.3340 2.3714
        vertex -5.0000 -0.9185 2.2174
        vertex -4.4272 -0.4962 2.3267
    endloop
endfacet
facet normal 0.0242 -0.2016 0.6514
    outer loop
        vertex -3.8400 0.0305 2.4679
        vertex -4.0799 -0.3722 2.3522
        vertex -3.9229 -0.5430 2.2935
    endloop
endfacet
facet normal -0.0037 -0.0106 0.0374
    outer loop
        vertex -1.9754 -0.4176 2.4426
        vertex -2.3643 -0.0546 2.5074
        vertex -2.3722 -0.0626 2.5044
    endloop
endfacet
facet normal -0.0587 -0.1723 0.6127
    outer loop
        vertex -2.3722 -0.0626 2.5044
        vertex -2.1105 -0.5438 2.3941
        vertex -1.9754 -0.4176 2.4426
    endloop
endfacet
facet normal -0.0292 -0.0857 0.3049
    outer loop
        vertex -2.4437 -0.0916 2.4894
        vertex -2.1550 -0.6298 2.3657
        vertex -2.1105 -0.5438 2.3941
    endloop
endfacet
facet normal -0.0251 -0.0738 0.2624
    outer loop
        vertex -2.1105 -0.5438 2.3941
        vertex -2.3722 -0.0626 2.5044
        vertex -2.4437 -0.0916 2.4894
    endloop
endfacet
facet normal -0.1103 -0.3237 1.1510
    outer loop
        vertex -1.8928 -0.9350 2.3050
        vertex -2.1231 -0.7318 2.3400
        vertex -2.6800 -1.0400 2.2000
    endloop
endfacet
facet normal -0.0399 -0.1171 0.4163
    outer loop
        vertex -2.1231 -0.7318 2.3400
        vertex -2.1550 -0.6298 2.3657
        vertex -2.6800 -1.0400 2.2000
    endloop
endfacet
facet normal -0.0167 -0.0491 0.1745
    outer loop
        vertex -2.1550 -0.6298 2.3657
        vertex -2.4437 -0.0916 2.4894
        vertex -2.5029 -0.0780 2.4875
    endloop
endfacet
facet normal -0.3771 0.5866 1.0534
    outer loop
        vertex -5.0000 1.6970 1.6970
        vertex -3.9200 1.5600 2.1600
        vertex -3.9520 1.7201 2.0594
    endloop
endfacet
facet normal -0.0330 0.0620 0.3120
    outer loop
        vertex -3.9120 0.1183 2.4914
        vertex -3.9510 0.2020 2.4706
        vertex -4.5093 0.1199 2.4280
    endloop
endfacet
facet normal -0.0292 0.0550 0.2769
    outer loop
        vertex -4.5093 0.1199 2.4280
        vertex -4.5780 0.0459 2.4354
        vertex -3.9120 0.1183 2.4914
    endloop
endfacet
facet normal -0.0248 0.0468 0.2352
    outer loop
        vertex -3.9510 0.2020 2.4706
        vertex -4.5426 0.3322 2.3822
        vertex -4.4958 0.2583 2.4019
    endloop
endfacet
facet normal -0.0205 0.0386 0.1939
    outer loop
        vertex -3.9510 0.2020 2.4706
        vertex -4.4828 0.1794 2.4190
        vertex -4.5093 0.1199 2.4280
    endloop
endfacet
facet normal -0.0693 0.1304 0.6558
    outer loop
        vertex -5.0000 0.9185 2.2174
        vertex -5.0000 0.3773 2.3250
        vertex -4.8061 0.5117 2.3187
    endloop
endfacet
facet normal -0.0193 0.0363 0.1825
    outer loop
        vertex -5.0000 0.9185 2.2174
        vertex -4.8061 0.5117 2.3187
        vertex -4.7355 0.5141 2.3257
    endloop
endfacet
facet normal -0.0279 0.0526 0.2642
    outer loop
        vertex -3.9510 0.2020 2.4706
        vertex -4.4958 0.2583 2.4019
        vertex -4.4828 0.1794 2.4190
    endloop
endfacet
facet normal -0.3007 -1.9725 1.5293
    outer loop
        vertex -4.2578 -1.9998 1.4524
        vertex -3.2975 -2.0619 1.5612
        vertex -5.0000 -1.6970 1.6970
    endloop
endfacet
facet normal -0.0270 -0.1687 0.1424
    outer loop
        vertex -4.1557 -2.0302 1.4359
        vertex -3.2975 -2.0619 1.5612
        vertex -4.2578 -1.9998 1.4524
    endloop
endfacet
facet normal -0.0818 -0.5389 0.4161
    outer loop
        vertex -3.8800 -2.3122 1.1238
        vertex -3.4093 -2.3028 1.2286
        vertex -4.0217 -2.1736 1.2755
    endloop
endfacet
facet normal -0.0127 -0.0812 0.0624
    outer loop
        vertex -4.0217 -2.1736 1.2755
        vertex -4.0443 -2.2220 1.2080
        vertex -3.8800 -2.3122 1.1238
    endloop
endfacet
facet normal -0.0784 -0.5142 0.3987
    outer loop
        vertex -5.0000 -1.6970 1.6970
        vertex -4.3918 -2.0311 1.3858
        vertex -4.2578 -1.9998 1.4524
    endloop
endfacet
facet normal -0.0325 0.0155 0.1515
    outer loop
        vertex -2.6860 0.3458 2.5479
        vertex -2.7686 1.1226 2.4510
        vertex -2.7916 1.0447 2.4540
    endloop
endfacet
facet normal -0.1130 0.0539 0.5282
    outer loop
        vertex -3.3108 0.9827 2.3492
        vertex -3.9200 1.5600 2.1600
        vertex -2.7336 0.2970 2.5427
    endloop
endfacet
facet normal -0.0353 0.0169 0.1650
    outer loop
        vertex -2.7336 0.2970 2.5427
        vertex -3.1102 0.7902 2.4118
        vertex -3.3108 0.9827 2.3492
    endloop
endfacet
facet normal -0.0488 0.0232 0.2279
    outer loop
        vertex -3.3108 0.9827 2.3492
        vertex -3.3629 1.0919 2.3270
        vertex -3.9200 1.5600 2.1600
    endloop
endfacet
facet normal -0.2097 0.1001 0.9804
    outer loop
        vertex -2.6860 0.3458 2.5479
        vertex -2.7916 1.0447 2.4540
        vertex -2.9823 0.8216 2.4360
    endloop
endfacet
facet normal -0.0581 0.0278 0.2717
    outer loop
        vertex -2.6860 0.3458 2.5479
        vertex -2.9823 0.8216 2.4360
        vertex -3.0514 0.7859 2.4248
    endloop
endfacet
facet normal -0.0690 0.1897 0.8223
    outer loop
        vertex -3.9147 1.0037 2.2888
        vertex -4.0986 0.8194 2.3158
        vertex -3.8525 0.3508 2.4446
    endloop
endfacet
facet normal -0.0473 0.1298 0.5628
    outer loop
        vertex -3.9510 0.2020 2.4706
        vertex -3.8525 0.3508 2.4446
        vertex -4.1682 0.7879 2.3173
    endloop
endfacet
facet normal -0.0156 0.0430 0.1865
    outer loop
        vertex -4.1682 0.7879 2.3173
        vertex -4.2230 0.7984 2.3103
        vertex -3.9510 0.2020 2.4706
    endloop
endfacet
facet normal -0.0229 0.0629 0.2730
    outer loop
        vertex -5.0000 0.9185 2.2174
        vertex -4.4306 1.1973 2.2008
        vertex -4.2644 1.3554 2.1783
    endloop
endfacet
facet normal -0.0229 0.0629 0.2722
    outer loop
        vertex -5.0000 0.9185 2.2174
        vertex -4.4692 1.1020 2.2196
        vertex -4.4306 1.1973 2.2008
    endloop
endfacet
facet normal -0.0211 0.0582 0.2522
    outer loop
        vertex -4.0986 0.8194 2.3158
        vertex -4.1682 0.7879 2.3173
        vertex -3.8525 0.3508 2.4446
    endloop
endfacet
facet normal -0.0313 0.0860 0.3732
    outer loop
        vertex -5.0000 0.9185 2.2174
        vertex -4.4211 1.0061 2.2457
        vertex -4.4692 1.1020 2.2196
    endloop
endfacet
facet normal -0.0105 0.0289 0.1252
    outer loop
        vertex -4.1196 1.3833 2.1840
        vertex -3.9200 1.5600 2.1600
        vertex -4.2644 1.3554 2.1783
    endloop
endfacet
facet normal -0.0056 -0.0602 0.2143
    outer loop
        vertex -3.5582 -0.0610 2.4522
        vertex -3.6204 -0.0946 2.4412
        vertex -3.2639 -0.4530 2.3497
    endloop
endfacet
facet normal -0.0136 -0.1456 0.5177
    outer loop
        vertex -3.2639 -0.4530 2.3497
        vertex -3.1398 -0.3370 2.3856
        vertex -3.5582 -0.0610 2.4522
    endloop
endfacet
facet normal -0.0047 -0.0514 0.1831
    outer loop
        vertex -3.0691 -0.3159 2.3934
        vertex -3.3651 0.1728 2.5230
        vertex -3.3902 0.1151 2.5062
    endloop
endfacet
facet normal -0.0062 -0.0654 0.2326
    outer loop
        vertex -3.3902 0.1151 2.5062
        vertex -3.1398 -0.3370 2.3856
        vertex -3.0691 -0.3159 2.3934
    endloop
endfacet
facet normal -0.0109 -0.1163 0.4135
    outer loop
        vertex -2.7351 0.1244 2.5260
        vertex -2.7648 0.2317 2.5554
        vertex -3.3651 0.1728 2.5230
    endloop
endfacet
facet normal -0.0198 -0.2111 0.7505
    outer loop
        vertex -3.5582 -0.0610 2.4522
        vertex -3.1398 -0.3370 2.3856
        vertex -3.3902 0.1151 2.5062
    endloop
endfacet
facet normal -0.0065 -0.0683 0.2431
    outer loop
        vertex -2.6800 0.0764 2.5140
        vertex -2.7351 0.1244 2.5260
        vertex -3.0064 -0.3450 2.3869
    endloop
endfacet
facet normal -0.0213 -0.2276 0.8091
    outer loop
        vertex -3.0064 -0.3450 2.3869
        vertex -2.8277 -0.5110 2.3449
        vertex -2.6800 0.0764 2.5140
    endloop
endfacet
facet normal -0.0162 -0.1725 0.6132
    outer loop
        vertex -2.7679 -0.6288 2.3133
        vertex -2.6800 -1.0400 2.2000
        vertex -2.6800 0.0764 2.5140
    endloop
endfacet
facet normal -0.0057 -0.0615 0.2186
    outer loop
        vertex -2.8239 -0.7371 2.2814
        vertex -2.9010 -0.8178 2.2567
        vertex -2.6800 -1.0400 2.2000
    endloop
endfacet
facet normal -0.0053 -0.0572 0.2034
    outer loop
        vertex -2.7679 -0.6288 2.3133
        vertex -2.8239 -0.7371 2.2814
        vertex -2.6800 -1.0400 2.2000
    endloop
endfacet
facet normal -0.0086 -0.0924 0.3285
    outer loop
        vertex -2.6800 0.0764 2.5140
        vertex -2.8277 -0.5110 2.3449
        vertex -2.7679 -0.6288 2.3133
    endloop
endfacet
facet normal -0.0232 0.0149 0.1417
    outer loop
        vertex -2.4560 0.5163 2.5675
        vertex -2.0793 0.9808 2.5800
        vertex -2.1072 1.0066 2.5728
    endloop
endfacet
facet normal -0.0270 0.0174 0.1661
    outer loop
        vertex -2.1350 1.0725 2.5614
        vertex -2.5153 0.4963 2.5599
        vertex -2.4560 0.5163 2.5675
    endloop
endfacet
facet normal -0.0371 0.0239 0.2287
    outer loop
        vertex -2.4560 0.5163 2.5675
        vertex -2.1072 1.0066 2.5728
        vertex -2.1350 1.0725 2.5614
    endloop
endfacet
facet normal -0.2362 0.1523 1.4505
    outer loop
        vertex -2.7600 1.6400 2.4000
        vertex -2.6860 0.3458 2.5479
        vertex -2.5153 0.4963 2.5599
    endloop
endfacet
facet normal -0.5862 0.3780 3.6001
    outer loop
        vertex -2.5153 0.4963 2.5599
        vertex -2.1350 1.0725 2.5614
        vertex -2.7600 1.6400 2.4000
    endloop
endfacet
facet normal -0.0281 0.0181 0.1725
    outer loop
        vertex -1.8292 1.3860 2.5782
        vertex -1.7658 1.3675 2.5905
        vertex -1.4800 1.7200 2.6000
    endloop
endfacet
facet normal -0.4067 0.2624 2.4977
    outer loop
        vertex -1.8292 1.3860 2.5782
        vertex -1.4800 1.7200 2.6000
        vertex -2.7600 1.6400 2.4000
    endloop
endfacet
facet normal -0.0461 0.0296 0.2828
    outer loop
        vertex -2.7600 1.6400 2.4000
        vertex -1.8990 1.3564 2.5700
        vertex -1.8292 1.3860 2.5782
    endloop
endfacet
facet normal -0.0539 0.0348 0.3315
    outer loop
        vertex -2.1350 1.0725 2.5614
        vertex -2.1130 1.1374 2.5581
        vertex -2.7600 1.6400 2.4000
    endloop
endfacet
facet normal -0.0042 0.0079 0.0396
    outer loop
        vertex -3.9120 0.1183 2.4914
        vertex -3.8400 0.1261 2.4974
        vertex -3.9510 0.2020 2.4706
    endloop
endfacet
facet normal -0.0011 -0.0036 0.0180
    outer loop
        vertex -3.8905 0.0807 2.4853
        vertex -3.8400 0.1261 2.4974
        vertex -3.9120 0.1183 2.4914
    endloop
endfacet
facet normal 0.0011 -0.0093 0.0302
    outer loop
        vertex -3.8400 0.0305 2.4679
        vertex -3.8400 0.1261 2.4974
        vertex -3.8905 0.0807 2.4853
    endloop
endfacet
facet normal -0.0010 -0.0054 0.0176
    outer loop
        vertex -3.7632 -0.0458 2.4484
        vertex -3.6792 -0.0942 2.4381
        vertex -3.6204 -0.0946 2.4412
    endloop
endfacet
facet normal -0.0071 -0.0402 0.1300
    outer loop
        vertex -3.6204 -0.0946 2.4412
        vertex -3.8400 0.1261 2.4974
        vertex -3.7632 -0.0458 2.4484
    endloop
endfacet
facet normal -0.0134 -0.1425 0.5066
    outer loop
        vertex -3.5582 -0.0610 2.4522
        vertex -3.3902 0.1151 2.5062
        vertex -3.8400 0.1261 2.4974
    endloop
endfacet
facet normal -0.0035 -0.0371 0.1320
    outer loop
        vertex -3.8400 0.1261 2.4974
        vertex -3.6204 -0.0946 2.4412
        vertex -3.5582 -0.0610 2.4522
    endloop
endfacet
facet normal -0.0025 0.0076 0.0330
    outer loop
        vertex -2.6800 0.2400 2.5600
        vertex -2.7336 0.2970 2.5427
        vertex -2.7648 0.2317 2.5554
    endloop
endfacet
facet normal -0.0193 0.0124 0.1185
    outer loop
        vertex -2.5153 0.4963 2.5599
        vertex -2.6860 0.3458 2.5479
        vertex -2.6800 0.2400 2.5600
    endloop
endfacet
facet normal -0.0121 0.0078 0.0745
    outer loop
        vertex -2.6800 0.2400 2.5600
        vertex -2.4560 0.5163 2.5675
        vertex -2.5153 0.4963 2.5599
    endloop
endfacet
facet normal -0.0026 -0.0089 0.0345
    outer loop
        vertex -1.6017 -0.7664 2.3803
        vertex -1.5764 -0.7430 2.3882
        vertex -1.5821 -0.5308 2.4426
    endloop
endfacet
facet normal -0.0441 -0.1531 0.5930
    outer loop
        vertex -1.5821 -0.5308 2.4426
        vertex -1.9754 -0.4176 2.4426
        vertex -1.6017 -0.7664 2.3803
    endloop
endfacet
facet normal -0.0522 -0.1818 0.7047
    outer loop
        vertex -2.6800 0.2400 2.5600
        vertex -2.3643 -0.0546 2.5074
        vertex -2.1810 0.1315 2.5690
    endloop
endfacet
facet normal -0.0361 -0.1255 0.4864
    outer loop
        vertex -2.1810 0.1315 2.5690
        vertex -2.1888 0.2891 2.6091
        vertex -2.6800 0.2400 2.5600
    endloop
endfacet
facet normal -0.0010 -0.0034 0.0133
    outer loop
        vertex -1.4800 0.1451 2.6246
        vertex -1.4800 0.2457 2.6505
        vertex -1.5012 0.1998 2.6371
    endloop
endfacet
facet normal -0.0016 -0.0741 0.1267
    outer loop
        vertex -3.3411 -1.5288 1.9062
        vertex -3.5096 -1.3680 1.9982
        vertex -3.6712 -1.3339 2.0162
    endloop
endfacet
facet normal -0.0008 -0.0377 0.0645
    outer loop
        vertex -3.6712 -1.3339 2.0162
        vertex -3.3228 -1.5709 1.8819
        vertex -3.3411 -1.5288 1.9062
    endloop
endfacet
facet normal -0.0051 -0.0163 0.0822
    outer loop
        vertex -4.9284 0.0078 2.4060
        vertex -4.8956 -0.0375 2.3991
        vertex -4.6272 -0.0071 2.4218
    endloop
endfacet
facet normal -0.0065 -0.0207 0.1043
    outer loop
        vertex -4.6272 -0.0071 2.4218
        vertex -4.5780 0.0459 2.4354
        vertex -4.9284 0.0078 2.4060
    endloop
endfacet
facet normal -0.0314 0.0612 0.9783
    outer loop
        vertex -0.8248 0.9791 2.6623
        vertex -0.4808 0.8181 2.6834
        vertex -0.3136 1.1949 2.6652
    endloop
endfacet
facet normal -0.0228 0.0443 0.7176
    outer loop
        vertex -0.3136 1.1949 2.6652
        vertex -0.4760 1.3510 2.6504
        vertex -0.8248 0.9791 2.6623
    endloop
endfacet
facet normal -0.0048 -0.0269 0.0869
    outer loop
        vertex -3.2639 -0.4530 2.3497
        vertex -3.3439 -0.5280 2.3222
        vertex -3.3432 -0.7011 2.2686
    endloop
endfacet
facet normal -0.0406 -0.2300 0.7434
    outer loop
        vertex -3.3432 -0.7011 2.2686
        vertex -2.9010 -0.8178 2.2567
        vertex -3.2639 -0.4530 2.3497
    endloop
endfacet
facet normal -0.0034 0.0067 0.1071
    outer loop
        vertex -1.0284 0.3966 2.6922
        vertex -1.1104 0.4742 2.6847
        vertex -1.3014 0.4458 2.6804
    endloop
endfacet
facet normal -0.0050 0.0098 0.1568
    outer loop
        vertex -1.3014 0.4458 2.6804
        vertex -1.3800 0.3681 2.6827
        vertex -1.0284 0.3966 2.6922
    endloop
endfacet
facet normal 0.0366 -0.3043 0.9836
    outer loop
        vertex -3.9444 -0.7141 2.2414
        vertex -4.0799 -0.3722 2.3522
        vertex -4.3818 -0.7718 2.2398
    endloop
endfacet
facet normal 0.0166 -0.1379 0.4460
    outer loop
        vertex -4.3818 -0.7718 2.2398
        vertex -4.0972 -0.8974 2.1904
        vertex -3.9444 -0.7141 2.2414
    endloop
endfacet
facet normal -0.0009 -0.0087 0.0156
    outer loop
        vertex -1.7578 -0.9170 2.3230
        vertex -1.8928 -0.9350 2.3050
        vertex -1.8324 -0.9455 2.3027
    endloop
endfacet
facet normal -0.0463 -0.5544 0.8296
    outer loop
        vertex -4.8670 -1.6423 1.7411
        vertex -4.4616 -1.4753 1.8753
        vertex -4.6599 -1.2295 2.0285
    endloop
endfacet
facet normal -0.0415 -0.4962 0.7425
    outer loop
        vertex -4.6599 -1.2295 2.0285
        vertex -5.0000 -1.3337 1.9398
        vertex -4.8670 -1.6423 1.7411
    endloop
endfacet
facet normal -0.0153 -0.0449 0.1596
    outer loop
        vertex -2.6800 0.0764 2.5140
        vertex -2.5029 -0.0780 2.4875
        vertex -2.3643 -0.0546 2.5074
    endloop
endfacet
facet normal -0.0309 -0.0908 0.3229
    outer loop
        vertex -2.3643 -0.0546 2.5074
        vertex -2.6800 0.2400 2.5600
        vertex -2.6800 0.0764 2.5140
    endloop
endfacet
facet normal -0.0392 0.1181 0.5115
    outer loop
        vertex -3.8400 0.1261 2.4974
        vertex -3.3651 0.1728 2.5230
        vertex -3.4259 0.3391 2.4800
    endloop
endfacet
facet normal -0.0458 0.1381 0.5980
    outer loop
        vertex -3.4259 0.3391 2.4800
        vertex -3.8525 0.3508 2.4446
        vertex -3.8400 0.1261 2.4974
    endloop
endfacet
facet normal -0.0143 -0.0418 0.1488
    outer loop
        vertex -1.9754 -0.4176 2.4426
        vertex -2.1105 -0.5438 2.3941
        vertex -2.1231 -0.7318 2.3400
    endloop
endfacet
facet normal -0.1012 -0.2969 1.0558
    outer loop
        vertex -2.1231 -0.7318 2.3400
        vertex -1.6017 -0.7664 2.3803
        vertex -1.9754 -0.4176 2.4426
    endloop
endfacet
facet normal -0.0010 0.0030 0.0128
    outer loop
        vertex -3.8747 1.0977 2.2703
        vertex -3.8978 1.1624 2.2536
        vertex -3.8920 1.0572 2.2783
    endloop
endfacet
facet normal -0.0009 -0.0050 0.0195
    outer loop
        vertex -0.3001 -0.7206 2.4557
        vertex -0.2635 -0.6627 2.4723
        vertex -0.2711 -0.5895 2.4908
    endloop
endfacet
facet normal -0.0086 -0.0480 0.1862
    outer loop
        vertex -0.2711 -0.5895 2.4908
        vertex -0.4532 -0.3851 2.5352
        vertex -0.3001 -0.7206 2.4557
    endloop
endfacet
facet normal -0.0812 0.1529 0.7687
    outer loop
        vertex -5.0000 0.1065 2.3788
        vertex -4.5780 0.0459 2.4354
        vertex -4.5426 0.3322 2.3822
    endloop
endfacet
facet normal -0.0818 0.1540 0.7742
    outer loop
        vertex -4.5426 0.3322 2.3822
        vertex -5.0000 0.3773 2.3250
        vertex -5.0000 0.1065 2.3788
    endloop
endfacet
facet normal -0.0121 -0.0792 0.0607
    outer loop
        vertex -4.0443 -2.2220 1.2080
        vertex -4.0217 -2.1736 1.2755
        vertex -4.1557 -2.0302 1.4359
    endloop
endfacet
facet normal -0.0587 -0.3711 0.2836
    outer loop
        vertex -4.1557 -2.0302 1.4359
        vertex -4.3918 -2.0311 1.3858
        vertex -4.0443 -2.2220 1.2080
    endloop
endfacet
facet normal -0.2015 0.0961 0.9419
    outer loop
        vertex -3.3108 0.9827 2.3492
        vertex -2.9823 0.8216 2.4360
        vertex -2.8159 1.1988 2.4331
    endloop
endfacet
facet normal -0.2045 0.0975 0.9559
    outer loop
        vertex -2.8159 1.1988 2.4331
        vertex -3.1542 1.3602 2.3442
        vertex -3.3108 0.9827 2.3492
    endloop
endfacet
facet normal -0.0071 0.0034 0.0333
    outer loop
        vertex -2.6800 0.2400 2.5600
        vertex -2.6860 0.3458 2.5479
        vertex -2.7336 0.2970 2.5427
    endloop
endfacet
facet normal -0.0266 0.0147 0.2510
    outer loop
        vertex -2.0793 0.9808 2.5800
        vertex -1.8621 0.7797 2.6148
        vertex -1.7141 0.8276 2.6277
    endloop
endfacet
facet normal -0.0533 0.0296 0.5032
    outer loop
        vertex -1.7141 0.8276 2.6277
        vertex -1.5646 0.9853 2.6343
        vertex -2.0793 0.9808 2.5800
    endloop
endfacet
facet normal -0.0001 -0.0010 0.0050
    outer loop
        vertex 0.0000 0.4800 2.7200
        vertex -0.0444 0.4764 2.7188
        vertex -0.1020 0.4537 2.7135
    endloop
endfacet
facet normal -0.0037 -0.0741 0.3582
    outer loop
        vertex -0.1020 0.4537 2.7135
        vertex -0.0368 -0.0913 2.6014
        vertex 0.0000 0.4800 2.7200
    endloop
endfacet
facet normal -0.0021 -0.0430 0.2079
    outer loop
        vertex -1.3800 0.3681 2.6827
        vertex -1.4263 0.3223 2.6728
        vertex -1.0020 0.0241 2.6154
    endloop
endfacet
facet normal -0.0084 -0.1703 0.8234
    outer loop
        vertex -1.0020 0.0241 2.6154
        vertex -1.0284 0.3966 2.6922
        vertex -1.3800 0.3681 2.6827
    endloop
endfacet
facet normal -0.0830 0.2283 0.9895
    outer loop
        vertex -4.4211 1.0061 2.2457
        vertex -3.8978 1.1624 2.2536
        vertex -4.2644 1.3554 2.1783
    endloop
endfacet
facet normal -0.0175 0.0480 0.2080
    outer loop
        vertex -4.2644 1.3554 2.1783
        vertex -4.4306 1.1973 2.2008
        vertex -4.4211 1.0061 2.2457
    endloop
endfacet
facet normal -0.0029 -0.0312 0.1109
    outer loop
        vertex -2.9010 -0.8178 2.2567
        vertex -2.8239 -0.7371 2.2814
        vertex -2.8277 -0.5110 2.3449
    endloop
endfacet
facet normal -0.0227 -0.2427 0.8631
    outer loop
        vertex -2.8277 -0.5110 2.3449
        vertex -3.2639 -0.4530 2.3497
        vertex -2.9010 -0.8178 2.2567
    endloop
endfacet
facet normal -0.0015 -0.0158 0.0563
    outer loop
        vertex -2.7351 0.1244 2.5260
        vertex -2.6800 0.0764 2.5140
        vertex -2.6800 0.2400 2.5600
    endloop
endfacet
facet normal -0.0015 -0.0164 0.0584
    outer loop
        vertex -2.6800 0.2400 2.5600
        vertex -2.7648 0.2317 2.5554
        vertex -2.7351 0.1244 2.5260
    endloop
endfacet
facet normal -0.0032 0.0021 0.0198
    outer loop
        vertex -1.7658 1.3675 2.5905
        vertex -1.8292 1.3860 2.5782
        vertex -1.8990 1.3564 2.5700
    endloop
endfacet
facet normal -0.0489 0.0315 0.3000
    outer loop
        vertex -1.8990 1.3564 2.5700
        vertex -2.0793 0.9808 2.5800
        vertex -1.7658 1.3675 2.5905
    endloop
endfacet
facet normal -0.0047 -0.0871 0.2030
    outer loop
        vertex -0.3434 -0.7891 2.4253
        vertex -0.3001 -0.7206 2.4557
        vertex -0.8181 -0.7906 2.4137
    endloop
endfacet
facet normal -0.0020 -0.0364 0.0848
    outer loop
        vertex -0.8181 -0.7906 2.4137
        vertex -0.7986 -0.8191 2.4019
        vertex -0.3434 -0.7891 2.4253
    endloop
endfacet
facet normal -0.0361 -0.3894 0.5933
    outer loop
        vertex -3.6712 -1.3339 2.0162
        vertex -3.7520 -1.6932 1.7755
        vertex -3.4982 -1.7394 1.7606
    endloop
endfacet
facet normal -0.0382 -0.4114 0.6268
    outer loop
        vertex -3.4982 -1.7394 1.7606
        vertex -3.3228 -1.5709 1.8819
        vertex -3.6712 -1.3339 2.0162
    endloop
endfacet
facet normal -0.0090 -0.0975 0.1485
    outer loop
        vertex -4.8670 -1.6423 1.7411
        vertex -4.7856 -1.6829 1.7194
        vertex -4.4825 -1.5424 1.8300
    endloop
endfacet
facet normal -0.0090 -0.0973 0.1483
    outer loop
        vertex -4.4825 -1.5424 1.8300
        vertex -4.4616 -1.4753 1.8753
        vertex -4.8670 -1.6423 1.7411
    endloop
endfacet
facet normal -0.0126 0.0346 0.1500
    outer loop
        vertex -3.8400 0.1261 2.4974
        vertex -3.8525 0.3508 2.4446
        vertex -3.9510 0.2020 2.4706
    endloop
endfacet
facet normal -0.0025 -0.0142 0.0459
    outer loop
        vertex -3.8400 0.0305 2.4679
        vertex -3.7632 -0.0458 2.4484
        vertex -3.8400 0.1261 2.4974
    endloop
endfacet
facet normal -0.0043 -0.0460 0.1638
    outer loop
        vertex -3.3902 0.1151 2.5062
        vertex -3.3651 0.1728 2.5230
        vertex -3.8400 0.1261 2.4974
    endloop
endfacet
facet normal -0.0020 -0.0069 0.0268
    outer loop
        vertex -1.7583 -0.3632 2.4727
        vertex -1.9465 -0.3906 2.4517
        vertex -1.9754 -0.4176 2.4426
    endloop
endfacet
facet normal -0.0213 -0.0741 0.2875
    outer loop
        vertex -1.9754 -0.4176 2.4426
        vertex -1.5821 -0.5308 2.4426
        vertex -1.7583 -0.3632 2.4727
    endloop
endfacet
facet normal -0.0033 -0.0116 0.0447
    outer loop
        vertex -1.9465 -0.3906 2.4517
        vertex -1.7583 -0.3632 2.4727
        vertex -1.8262 -0.3350 2.4750
    endloop
endfacet
facet normal -0.0046 -0.0159 0.0616
    outer loop
        vertex -1.5821 -0.5308 2.4426
        vertex -1.5764 -0.7430 2.3882
        vertex -1.5324 -0.6512 2.4152
    endloop
endfacet
facet normal -0.0026 -0.0091 0.0353
    outer loop
        vertex -2.1485 0.1988 2.5888
        vertex -2.1888 0.2891 2.6091
        vertex -2.1810 0.1315 2.5690
    endloop
endfacet
facet normal -0.0263 -0.1471 0.5699
    outer loop
        vertex -1.0020 0.0241 2.6154
        vertex -1.4263 0.3223 2.6728
        vertex -1.4800 0.1451 2.6246
    endloop
endfacet
facet normal -0.0228 -0.1274 0.4936
    outer loop
        vertex -1.4800 0.1451 2.6246
        vertex -1.2858 -0.0692 2.5782
        vertex -1.0020 0.0241 2.6154
    endloop
endfacet
facet normal -0.0048 -0.0268 0.1039
    outer loop
        vertex -1.0933 -0.0645 2.5883
        vertex -1.0020 0.0241 2.6154
        vertex -1.2858 -0.0692 2.5782
    endloop
endfacet
facet normal -0.0019 -0.0107 0.0416
    outer loop
        vertex -1.2858 -0.0692 2.5782
        vertex -1.2176 -0.1022 2.5729
        vertex -1.0933 -0.0645 2.5883
    endloop
endfacet
facet normal -0.0006 -0.0034 0.0130
    outer loop
        vertex -1.0933 -0.0645 2.5883
        vertex -1.2176 -0.1022 2.5729
        vertex -1.1608 -0.1018 2.5756
    endloop
endfacet
facet normal -0.0016 -0.0087 0.0338
    outer loop
        vertex -1.4263 0.3223 2.6728
        vertex -1.4800 0.2457 2.6505
        vertex -1.4800 0.1451 2.6246
    endloop
endfacet
facet normal -0.0003 -0.0157 0.0268
    outer loop
        vertex -3.6712 -1.3339 2.0162
        vertex -3.5096 -1.3680 1.9982
        vertex -3.6240 -1.3174 2.0264
    endloop
endfacet
facet normal -0.0070 -0.0224 0.1126
    outer loop
        vertex -4.7219 -0.0850 2.4005
        vertex -4.6272 -0.0071 2.4218
        vertex -4.8956 -0.0375 2.3991
    endloop
endfacet
facet normal -0.0020 -0.0062 0.0313
    outer loop
        vertex -4.8956 -0.0375 2.3991
        vertex -4.7777 -0.0985 2.3943
        vertex -4.7219 -0.0850 2.4005
    endloop
endfacet
facet normal -0.0023 0.0047 0.0797
    outer loop
        vertex -0.8271 1.1975 2.6494
        vertex -0.8843 1.0887 2.6542
        vertex -0.8248 0.9791 2.6623
    endloop
endfacet
facet normal -0.0057 0.0119 0.2024
    outer loop
        vertex -0.8248 0.9791 2.6623
        vertex -0.6804 1.3452 2.6449
        vertex -0.8271 1.1975 2.6494
    endloop
endfacet
facet normal -0.0133 0.0272 0.4624
    outer loop
        vertex -0.6804 1.3452 2.6449
        vertex -0.8248 0.9791 2.6623
        vertex -0.4760 1.3510 2.6504
    endloop
endfacet
facet normal -0.0016 0.0033 0.0571
    outer loop
        vertex -0.4760 1.3510 2.6504
        vertex -0.5598 1.3933 2.6456
        vertex -0.6804 1.3452 2.6449
    endloop
endfacet
facet normal -0.0015 0.0029 0.0469
    outer loop
        vertex -0.2932 1.0075 2.6776
        vertex -0.2606 1.0756 2.6744
        vertex -0.3136 1.1949 2.6652
    endloop
endfacet
facet normal -0.0079 0.0153 0.2441
    outer loop
        vertex -0.3136 1.1949 2.6652
        vertex -0.4808 0.8181 2.6834
        vertex -0.2932 1.0075 2.6776
    endloop
endfacet
facet normal -0.0008 0.0017 0.0263
    outer loop
        vertex -0.6265 0.8102 2.6792
        vertex -0.5527 0.7853 2.6832
        vertex -0.4808 0.8181 2.6834
    endloop
endfacet
facet normal -0.0053 0.0102 0.1637
    outer loop
        vertex -0.4808 0.8181 2.6834
        vertex -0.8248 0.9791 2.6623
        vertex -0.6265 0.8102 2.6792
    endloop
endfacet
facet normal -0.0030 -0.0169 0.0547
    outer loop
        vertex -2.9764 -0.8968 2.2281
        vertex -2.9010 -0.8178 2.2567
        vertex -3.1078 -0.9184 2.2143
    endloop
endfacet
facet normal -0.0009 -0.0052 0.0169
    outer loop
        vertex -3.1078 -0.9184 2.2143
        vertex -3.0483 -0.9292 2.2142
        vertex -2.9764 -0.8968 2.2281
    endloop
endfacet
facet normal -0.0234 -0.1326 0.4287
    outer loop
        vertex -3.1078 -0.9184 2.2143
        vertex -2.9010 -0.8178 2.2567
        vertex -3.3432 -0.7011 2.2686
    endloop
endfacet
facet normal -0.0023 -0.0129 0.0417
    outer loop
        vertex -3.3432 -0.7011 2.2686
        vertex -3.3439 -0.5280 2.3222
        vertex -3.3821 -0.6061 2.2959
    endloop
endfacet
facet normal -0.0013 0.0026 0.0420
    outer loop
        vertex -1.1791 0.4992 2.6810
        vertex -1.3014 0.4458 2.6804
        vertex -1.1104 0.4742 2.6847
    endloop
endfacet
facet normal 0.0014 -0.0119 0.0384
    outer loop
        vertex -3.9444 -0.7141 2.2414
        vertex -3.8952 -0.6084 2.2722
        vertex -3.9229 -0.5430 2.2935
    endloop
endfacet
facet normal 0.0071 -0.0590 0.1908
    outer loop
        vertex -3.9229 -0.5430 2.2935
        vertex -4.0799 -0.3722 2.3522
        vertex -3.9444 -0.7141 2.2414
    endloop
endfacet
facet normal 0.0006 -0.0050 0.0162
    outer loop
        vertex -4.2246 -0.9155 2.1895
        vertex -4.1654 -0.9274 2.1836
        vertex -4.0972 -0.8974 2.1904
    endloop
endfacet
facet normal 0.0049 -0.0409 0.1322
    outer loop
        vertex -4.0972 -0.8974 2.1904
        vertex -4.3818 -0.7718 2.2398
        vertex -4.2246 -0.9155 2.1895
    endloop
endfacet
facet normal 0.0049 -0.0404 0.1305
    outer loop
        vertex -4.4272 -0.4962 2.3267
        vertex -4.4820 -0.6236 2.2894
        vertex -4.3818 -0.7718 2.2398
    endloop
endfacet
facet normal 0.0235 -0.1960 0.6334
    outer loop
        vertex -4.3818 -0.7718 2.2398
        vertex -4.0799 -0.3722 2.3522
        vertex -4.4272 -0.4962 2.3267
    endloop
endfacet
facet normal 0.0088 -0.0733 0.2366
    outer loop
        vertex -4.2783 -0.3340 2.3714
        vertex -4.4272 -0.4962 2.3267
        vertex -4.0799 -0.3722 2.3522
    endloop
endfacet
facet normal 0.0020 -0.0164 0.0529
    outer loop
        vertex -4.0799 -0.3722 2.3522
        vertex -4.2084 -0.3048 2.3778
        vertex -4.2783 -0.3340 2.3714
    endloop
endfacet
facet normal -0.0113 -0.1345 0.2013
    outer loop
        vertex -5.0000 -1.3337 1.9398
        vertex -5.0000 -1.5760 1.7780
        vertex -4.8670 -1.6423 1.7411
    endloop
endfacet
facet normal -0.0076 -0.0911 0.1364
    outer loop
        vertex -4.7562 -1.1949 2.0462
        vertex -5.0000 -1.3337 1.9398
        vertex -4.6599 -1.2295 2.0285
    endloop
endfacet
facet normal -0.0005 -0.0016 0.0058
    outer loop
        vertex -2.3722 -0.0626 2.5044
        vertex -2.3643 -0.0546 2.5074
        vertex -2.5029 -0.0780 2.4875
    endloop
endfacet
facet normal -0.0016 -0.0047 0.0168
    outer loop
        vertex -2.5029 -0.0780 2.4875
        vertex -2.4437 -0.0916 2.4894
        vertex -2.3722 -0.0626 2.5044
    endloop
endfacet
facet normal -0.0265 0.0802 0.3467
    outer loop
        vertex -3.7152 0.4770 2.4259
        vertex -3.8525 0.3508 2.4446
        vertex -3.4259 0.3391 2.4800
    endloop
endfacet
facet normal -0.0096 0.0290 0.1255
    outer loop
        vertex -3.4259 0.3391 2.4800
        vertex -3.5834 0.4836 2.4345
        vertex -3.7152 0.4770 2.4259
    endloop
endfacet
facet normal -0.0016 0.0049 0.0211
    outer loop
        vertex -3.6459 0.5061 2.4245
        vertex -3.7152 0.4770 2.4259
        vertex -3.5834 0.4836 2.4345
    endloop
endfacet
facet normal -0.0021 0.0065 0.0281
    outer loop
        vertex -3.3651 0.1728 2.5230
        vertex -3.3767 0.2783 2.4978
        vertex -3.4259 0.3391 2.4800
    endloop
endfacet
facet normal -0.0503 -0.1475 0.5247
    outer loop
        vertex -1.7578 -0.9170 2.3230
        vertex -1.6017 -0.7664 2.3803
        vertex -2.1231 -0.7318 2.3400
    endloop
endfacet
facet normal -0.0189 -0.0555 0.1974
    outer loop
        vertex -2.1231 -0.7318 2.3400
        vertex -1.8928 -0.9350 2.3050
        vertex -1.7578 -0.9170 2.3230
    endloop
endfacet
facet normal -0.0043 -0.0128 0.0455
    outer loop
        vertex -2.1105 -0.5438 2.3941
        vertex -2.1550 -0.6298 2.3657
        vertex -2.1231 -0.7318 2.3400
    endloop
endfacet
facet normal -0.0533 -0.2975 1.1532
    outer loop
        vertex -0.8181 -0.7906 2.4137
        vertex -0.3001 -0.7206 2.4557
        vertex -0.4532 -0.3851 2.5352
    endloop
endfacet
facet normal -0.0300 -0.1677 0.6498
    outer loop
        vertex -0.4532 -0.3851 2.5352
        vertex -0.7070 -0.3822 2.5242
        vertex -0.8181 -0.7906 2.4137
    endloop
endfacet
facet normal -0.0040 -0.0221 0.0856
    outer loop
        vertex -0.8863 -0.6906 2.4363
        vertex -0.8181 -0.7906 2.4137
        vertex -0.8561 -0.5341 2.4781
    endloop
endfacet
facet normal -0.0011 -0.0062 0.0240
    outer loop
        vertex -0.8561 -0.5341 2.4781
        vertex -0.8965 -0.6163 2.4550
        vertex -0.8863 -0.6906 2.4363
    endloop
endfacet
facet normal -0.0128 -0.0710 0.2752
    outer loop
        vertex -0.8561 -0.5341 2.4781
        vertex -0.8181 -0.7906 2.4137
        vertex -0.7070 -0.3822 2.5242
    endloop
endfacet
facet normal -0.0038 -0.0212 0.0824
    outer loop
        vertex -0.6244 -0.3312 2.5412
        vertex -0.7070 -0.3822 2.5242
        vertex -0.4532 -0.3851 2.5352
    endloop
endfacet
facet normal -0.0014 -0.0081 0.0311
    outer loop
        vertex -0.4532 -0.3851 2.5352
        vertex -0.5419 -0.3281 2.5458
        vertex -0.6244 -0.3312 2.5412
    endloop
endfacet
facet normal -0.0464 0.0872 0.4388
    outer loop
        vertex -4.8061 0.5117 2.3187
        vertex -5.0000 0.3773 2.3250
        vertex -4.5426 0.3322 2.3822
    endloop
endfacet
facet normal -0.0088 0.0165 0.0832
    outer loop
        vertex -4.5426 0.3322 2.3822
        vertex -4.7355 0.5141 2.3257
        vertex -4.8061 0.5117 2.3187
    endloop
endfacet
facet normal -0.0049 0.0093 0.0467
    outer loop
        vertex -4.4958 0.2583 2.4019
        vertex -4.5426 0.3322 2.3822
        vertex -4.5093 0.1199 2.4280
    endloop
endfacet
facet normal -0.0019 0.0036 0.0179
    outer loop
        vertex -4.5093 0.1199 2.4280
        vertex -4.4828 0.1794 2.4190
        vertex -4.4958 0.2583 2.4019
    endloop
endfacet
facet normal -0.0113 0.0212 0.1066
    outer loop
        vertex -4.5426 0.3322 2.3822
        vertex -4.5780 0.0459 2.4354
        vertex -4.5093 0.1199 2.4280
    endloop
endfacet
facet normal -0.0246 0.0463 0.2331
    outer loop
        vertex -5.0000 0.1065 2.3788
        vertex -4.9284 0.0078 2.4060
        vertex -4.5780 0.0459 2.4354
    endloop
endfacet
facet normal -0.0094 -0.0564 0.0453
    outer loop
        vertex -4.3918 -2.0311 1.3858
        vertex -4.1557 -2.0302 1.4359
        vertex -4.2578 -1.9998 1.4524
    endloop
endfacet
facet normal -0.0082 0.0039 0.0384
    outer loop
        vertex -3.3365 1.1545 2.3262
        vertex -3.3629 1.0919 2.3270
        vertex -3.3108 0.9827 2.3492
    endloop
endfacet
facet normal -0.0489 0.0233 0.2287
    outer loop
        vertex -3.3108 0.9827 2.3492
        vertex -3.1542 1.3602 2.3442
        vertex -3.3365 1.1545 2.3262
    endloop
endfacet
facet normal -0.0104 0.0050 0.0487
    outer loop
        vertex -2.9633 1.3599 2.3851
        vertex -3.0535 1.4008 2.3616
        vertex -3.1542 1.3602 2.3442
    endloop
endfacet
facet normal -0.0411 0.0196 0.1920
    outer loop
        vertex -3.1542 1.3602 2.3442
        vertex -2.8159 1.1988 2.4331
        vertex -2.9633 1.3599 2.3851
    endloop
endfacet
facet normal -0.0073 0.0035 0.0339
    outer loop
        vertex -2.7916 1.0447 2.4540
        vertex -2.7686 1.1226 2.4510
        vertex -2.8159 1.1988 2.4331
    endloop
endfacet
facet normal -0.0465 0.0222 0.2178
    outer loop
        vertex -2.8159 1.1988 2.4331
        vertex -2.9823 0.8216 2.4360
        vertex -2.7916 1.0447 2.4540
    endloop
endfacet
facet normal -0.0032 0.0015 0.0149
    outer loop
        vertex -3.1102 0.7902 2.4118
        vertex -3.0514 0.7859 2.4248
        vertex -2.9823 0.8216 2.4360
    endloop
endfacet
facet normal -0.0414 0.0197 0.1934
    outer loop
        vertex -2.9823 0.8216 2.4360
        vertex -3.3108 0.9827 2.3492
        vertex -3.1102 0.7902 2.4118
    endloop
endfacet
facet normal -0.1308 0.0727 1.2352
    outer loop
        vertex -1.7658 1.3675 2.5905
        vertex -2.0793 0.9808 2.5800
        vertex -1.5646 0.9853 2.6343
    endloop
endfacet
facet normal -0.0266 0.0149 0.2523
    outer loop
        vertex -1.5646 0.9853 2.6343
        vertex -1.5490 1.1563 2.6258
        vertex -1.7658 1.3675 2.5905
    endloop
endfacet
facet normal -0.0043 0.0024 0.0404
    outer loop
        vertex -1.5646 0.9853 2.6343
        vertex -1.5172 1.0908 2.6331
        vertex -1.5490 1.1563 2.6258
    endloop
endfacet
facet normal -0.0023 0.0013 0.0219
    outer loop
        vertex -1.7141 0.8276 2.6277
        vertex -1.8621 0.7797 2.6148
        vertex -1.7775 0.7834 2.6236
    endloop
endfacet
facet normal -0.0169 0.0094 0.1598
    outer loop
        vertex -2.3836 0.4914 2.5766
        vertex -2.4560 0.5163 2.5675
        vertex -2.6800 0.2400 2.5600
    endloop
endfacet
facet normal -0.0721 0.0400 0.6810
    outer loop
        vertex -2.6800 0.2400 2.5600
        vertex -2.1888 0.2891 2.6091
        vertex -2.3836 0.4914 2.5766
    endloop
endfacet
facet normal -0.0012 -0.0274 0.1325
    outer loop
        vertex -0.0368 -0.0913 2.6014
        vertex 0.0000 -0.0968 2.6006
        vertex 0.0000 0.4800 2.7200
    endloop
endfacet
facet normal -0.0069 -0.1393 0.6733
    outer loop
        vertex -0.2569 0.0967 2.6381
        vertex -0.0368 -0.0913 2.6014
        vertex -0.1020 0.4537 2.7135
    endloop
endfacet
facet normal -0.0021 -0.0422 0.2042
    outer loop
        vertex -0.1020 0.4537 2.7135
        vertex -0.2599 0.3007 2.6802
        vertex -0.2569 0.0967 2.6381
    endloop
endfacet
facet normal -0.0006 -0.0120 0.0579
    outer loop
        vertex -0.2569 0.0967 2.6381
        vertex -0.2599 0.3007 2.6802
        vertex -0.3041 0.2166 2.6624
    endloop
endfacet
facet normal -0.0016 -0.0320 0.1548
    outer loop
        vertex -0.9271 0.0968 2.6312
        vertex -0.9026 0.2688 2.6670
        vertex -1.0284 0.3966 2.6922
    endloop
endfacet
facet normal -0.0020 -0.0386 0.1863
    outer loop
        vertex -1.0284 0.3966 2.6922
        vertex -1.0020 0.0241 2.6154
        vertex -0.9271 0.0968 2.6312
    endloop
endfacet
facet normal -0.0004 -0.0084 0.0407
    outer loop
        vertex -0.9271 0.0968 2.6312
        vertex -0.8744 0.2008 2.6533
        vertex -0.9026 0.2688 2.6670
    endloop
endfacet
facet normal -0.0014 0.0039 0.0169
    outer loop
        vertex -3.9147 1.0037 2.2888
        vertex -3.8920 1.0572 2.2783
        vertex -3.8978 1.1624 2.2536
    endloop
endfacet
facet normal -0.0422 0.1160 0.5024
    outer loop
        vertex -3.8978 1.1624 2.2536
        vertex -4.4211 1.0061 2.2457
        vertex -3.9147 1.0037 2.2888
    endloop
endfacet
facet normal -0.0492 0.1352 0.5861
    outer loop
        vertex -4.0986 0.8194 2.3158
        vertex -3.9147 1.0037 2.2888
        vertex -4.4211 1.0061 2.2457
    endloop
endfacet
facet normal -0.0157 0.0433 0.1875
    outer loop
        vertex -4.4211 1.0061 2.2457
        vertex -4.2230 0.7984 2.3103
        vertex -4.0986 0.8194 2.3158
    endloop
endfacet
facet normal -0.0013 0.0035 0.0153
    outer loop
        vertex -4.1682 0.7879 2.3173
        vertex -4.0986 0.8194 2.3158
        vertex -4.2230 0.7984 2.3103
    endloop
endfacet
facet normal -0.0043 0.0119 0.0517
    outer loop
        vertex -4.4306 1.1973 2.2008
        vertex -4.4692 1.1020 2.2196
        vertex -4.4211 1.0061 2.2457
    endloop
endfacet
facet normal -0.0200 0.0551 0.2388
    outer loop
        vertex -4.2644 1.3554 2.1783
        vertex -3.8978 1.1624 2.2536
        vertex -4.1196 1.3833 2.1840
    endloop
endfacet
facet normal -0.0849 -0.4098 0.2739
    outer loop
        vertex -4.1906 -2.2677 1.0941
        vertex -4.0443 -2.2220 1.2080
        vertex -4.3918 -2.0311 1.3858
    endloop
endfacet
facet normal -0.0604 -0.2912 0.1946
    outer loop
        vertex -4.3918 -2.0311 1.3858
        vertex -4.3377 -2.2496 1.0757
        vertex -4.1906 -2.2677 1.0941
    endloop
endfacet
facet normal -0.0609 -0.2943 0.1967
    outer loop
        vertex -4.5047 -2.1570 1.1624
        vertex -4.3377 -2.2496 1.0757
        vertex -4.3918 -2.0311 1.3858
    endloop
endfacet
facet normal -0.0156 -0.0755 0.0505
    outer loop
        vertex -4.3918 -2.0311 1.3858
        vertex -4.5154 -2.0974 1.2484
        vertex -4.5047 -2.1570 1.1624
    endloop
endfacet
facet normal -0.0027 -0.0290 0.1030
    outer loop
        vertex -3.1398 -0.3370 2.3856
        vertex -3.2639 -0.4530 2.3497
        vertex -3.0064 -0.3450 2.3869
    endloop
endfacet
facet normal -0.0006 -0.0060 0.0211
    outer loop
        vertex -3.0064 -0.3450 2.3869
        vertex -3.0691 -0.3159 2.3934
        vertex -3.1398 -0.3370 2.3856
    endloop
endfacet
facet normal -0.0102 -0.1090 0.3876
    outer loop
        vertex -3.2639 -0.4530 2.3497
        vertex -2.8277 -0.5110 2.3449
        vertex -3.0064 -0.3450 2.3869
    endloop
endfacet
facet normal -0.0021 -0.0230 0.0818
    outer loop
        vertex -2.8239 -0.7371 2.2814
        vertex -2.7679 -0.6288 2.3133
        vertex -2.8277 -0.5110 2.3449
    endloop
endfacet
facet normal -0.0036 0.0023 0.0219
    outer loop
        vertex -2.1130 1.1374 2.5581
        vertex -2.1072 1.0066 2.5728
        vertex -2.0793 0.9808 2.5800
    endloop
endfacet
facet normal -0.0416 0.0268 0.2554
    outer loop
        vertex -2.0793 0.9808 2.5800
        vertex -1.8990 1.3564 2.5700
        vertex -2.1130 1.1374 2.5581
    endloop
endfacet
facet normal -0.0033 0.0021 0.0203
    outer loop
        vertex -2.1072 1.0066 2.5728
        vertex -2.1130 1.1374 2.5581
        vertex -2.1350 1.0725 2.5614
    endloop
endfacet
facet normal -0.0041 -0.0442 0.0672
    outer loop
        vertex -3.3420 -1.6508 1.8283
        vertex -3.3228 -1.5709 1.8819
        vertex -3.4982 -1.7394 1.7606
    endloop
endfacet
facet normal -0.0049 -0.0527 0.0804
    outer loop
        vertex -3.7520 -1.6932 1.7755
        vertex -3.6378 -1.7646 1.7356
        vertex -3.4982 -1.7394 1.7606
    endloop
endfacet
facet normal -0.0056 -0.0612 0.0933
    outer loop
        vertex -3.8972 -1.4501 1.9262
        vertex -3.9213 -1.5126 1.8838
        vertex -3.7520 -1.6932 1.7755
    endloop
endfacet
facet normal -0.0104 -0.1123 0.1711
    outer loop
        vertex -3.7520 -1.6932 1.7755
        vertex -3.8223 -1.3869 1.9722
        vertex -3.8972 -1.4501 1.9262
    endloop
endfacet
facet normal -0.0190 -0.2051 0.3125
    outer loop
        vertex -3.6712 -1.3339 2.0162
        vertex -3.8223 -1.3869 1.9722
        vertex -3.7520 -1.6932 1.7755
    endloop
endfacet
facet normal -0.0058 -0.0623 0.0950
    outer loop
        vertex -4.7856 -1.6829 1.7194
        vertex -4.7089 -1.6976 1.7144
        vertex -4.4825 -1.5424 1.8300
    endloop
endfacet
facet normal -0.0665 0.0335 0.3184
    outer loop
        vertex -2.5393 3.3036 2.1193
        vertex -2.5564 3.0884 2.1384
        vertex -2.3192 3.0953 2.1872
    endloop
endfacet
facet normal -0.0615 0.0310 0.2945
    outer loop
        vertex -2.3192 3.0953 2.1872
        vertex -2.3020 3.2931 2.1700
        vertex -2.5393 3.3036 2.1193
    endloop
endfacet
facet normal -0.0532 -0.3678 0.6527
    outer loop
        vertex -1.3930 -1.1627 2.2078
        vertex -0.9783 -1.0970 2.2786
        vertex -1.4044 -0.9127 2.3477
    endloop
endfacet
facet normal -0.0078 -0.0543 0.0964
    outer loop
        vertex -1.4044 -0.9127 2.3477
        vertex -1.4654 -0.9274 2.3345
        vertex -1.3930 -1.1627 2.2078
    endloop
endfacet
facet normal -0.0046 0.0023 0.0220
    outer loop
        vertex -2.3004 3.7121 2.1262
        vertex -2.3549 3.6483 2.1216
        vertex -2.3006 3.6472 2.1330
    endloop
endfacet
facet normal -0.0965 0.0958 0.4553
    outer loop
        vertex -2.3459 2.7875 2.2464
        vertex -2.3192 3.0953 2.1872
        vertex -2.5564 3.0884 2.1384
    endloop
endfacet
facet normal -0.0861 0.0854 0.4059
    outer loop
        vertex -2.5564 3.0884 2.1384
        vertex -2.5784 2.8113 2.1920
        vertex -2.3459 2.7875 2.2464
    endloop
endfacet
facet normal -0.0137 -0.1341 0.0505
    outer loop
        vertex -3.1966 -2.3738 1.1456
        vertex -3.4242 -2.3533 1.1384
        vertex -3.4344 -2.3879 1.0438
    endloop
endfacet
facet normal -0.0206 -0.2022 0.0761
    outer loop
        vertex -3.4344 -2.3879 1.0438
        vertex -3.2105 -2.4259 1.0036
        vertex -3.1966 -2.3738 1.1456
    endloop
endfacet
facet normal -0.0300 -0.2824 0.5073
    outer loop
        vertex -2.3620 -1.2241 2.1163
        vertex -2.0947 -1.3789 2.0460
        vertex -1.7790 -1.2580 2.1319
    endloop
endfacet
facet normal -0.0540 -0.5085 0.9135
    outer loop
        vertex -1.7790 -1.2580 2.1319
        vertex -1.7938 -1.0065 2.2710
        vertex -2.3620 -1.2241 2.1163
    endloop
endfacet
facet normal -0.0715 0.3872 2.2598
    outer loop
        vertex -1.4800 1.7200 2.6000
        vertex 0.0000 1.7600 2.6400
        vertex -0.2583 1.9973 2.5912
    endloop
endfacet
facet normal -0.0642 0.3476 2.0271
    outer loop
        vertex -0.2583 1.9973 2.5912
        vertex -1.4800 1.9855 2.5545
        vertex -1.4800 1.7200 2.6000
    endloop
endfacet
facet normal -0.3387 0.3477 2.0284
    outer loop
        vertex -2.4542 1.9936 2.3904
        vertex -2.6860 1.7256 2.3977
        vertex -1.4800 1.7200 2.6000
    endloop
endfacet
facet normal -0.2699 0.2771 1.6164
    outer loop
        vertex -1.4800 1.7200 2.6000
        vertex -1.4800 1.9855 2.5545
        vertex -2.4542 1.9936 2.3904
    endloop
endfacet
facet normal -0.6422 0.9991 1.7939
    outer loop
        vertex -4.8241 1.9748 1.6053
        vertex -5.0000 1.6970 1.6970
        vertex -3.9520 1.7201 2.0594
    endloop
endfacet
facet normal -0.4757 0.7404 1.3290
    outer loop
        vertex -3.9520 1.7201 2.0594
        vertex -4.0038 1.9791 1.8966
        vertex -4.8241 1.9748 1.6053
    endloop
endfacet
facet normal -0.0966 0.0585 0.3286
    outer loop
        vertex -2.3210 4.7200 1.9409
        vertex -2.5742 4.7200 1.8664
        vertex -2.5562 4.5123 1.9087
    endloop
endfacet
facet normal -0.0912 0.0552 0.3101
    outer loop
        vertex -2.5562 4.5123 1.9087
        vertex -2.3135 4.5156 1.9794
        vertex -2.3210 4.7200 1.9409
    endloop
endfacet
facet normal -0.1977 0.1196 0.6722
    outer loop
        vertex -2.3004 3.7121 2.1262
        vertex -2.2996 4.1542 2.0478
        vertex -2.5429 4.1644 1.9745
    endloop
endfacet
facet normal -0.2220 0.1343 0.7550
    outer loop
        vertex -2.5429 4.1644 1.9745
        vertex -2.5353 3.6520 2.0679
        vertex -2.3004 3.7121 2.1262
    endloop
endfacet
facet normal -0.0271 0.0270 0.1281
    outer loop
        vertex -2.7647 1.7252 2.3811
        vertex -2.6860 1.7256 2.3977
        vertex -2.6994 1.9859 2.3400
    endloop
endfacet
facet normal -0.0275 0.0273 0.1298
    outer loop
        vertex -2.6994 1.9859 2.3400
        vertex -2.7792 1.9855 2.3232
        vertex -2.7647 1.7252 2.3811
    endloop
endfacet
facet normal -0.1499 0.1190 0.2369
    outer loop
        vertex -4.0038 1.9791 1.8966
        vertex -3.9520 1.7201 2.0594
        vertex -3.8058 1.7208 2.1516
    endloop
endfacet
facet normal -0.3927 0.3118 0.6208
    outer loop
        vertex -3.8058 1.7208 2.1516
        vertex -3.6208 1.9811 2.1378
        vertex -4.0038 1.9791 1.8966
    endloop
endfacet
facet normal -0.0318 0.0462 0.3930
    outer loop
        vertex 0.0000 2.0035 2.6114
        vertex -0.2583 1.9973 2.5912
        vertex 0.0000 1.7600 2.6400
    endloop
endfacet
facet normal -0.0214 -0.1975 0.1142
    outer loop
        vertex -3.1966 -2.3738 1.1456
        vertex -3.1670 -2.2979 1.2826
        vertex -3.4093 -2.3028 1.2286
    endloop
endfacet
facet normal -0.0139 -0.1277 0.0738
    outer loop
        vertex -3.4093 -2.3028 1.2286
        vertex -3.4242 -2.3533 1.1384
        vertex -3.1966 -2.3738 1.1456
    endloop
endfacet
facet normal -0.0710 -0.4661 0.3614
    outer loop
        vertex -3.2975 -2.0619 1.5612
        vertex -3.4093 -2.3028 1.2286
        vertex -3.1670 -2.2979 1.2826
    endloop
endfacet
facet normal -0.0659 -0.4322 0.3351
    outer loop
        vertex -3.1670 -2.2979 1.2826
        vertex -3.0397 -2.1172 1.5406
        vertex -3.2975 -2.0619 1.5612
    endloop
endfacet
facet normal -0.1636 -0.0381 0.4427
    outer loop
        vertex -2.7728 5.9055 1.9121
        vertex -2.9059 5.8272 1.8562
        vertex -2.7726 5.3734 1.8664
    endloop
endfacet
facet normal -0.3180 -0.0741 0.8609
    outer loop
        vertex -2.7726 5.3734 1.8664
        vertex -2.5137 5.3938 1.9637
        vertex -2.7728 5.9055 1.9121
    endloop
endfacet
facet normal -0.0203 -0.3757 0.8768
    outer loop
        vertex -0.9783 -1.0970 2.2786
        vertex -0.4455 -1.0537 2.3095
        vertex -0.7986 -0.8191 2.4019
    endloop
endfacet
facet normal -0.0219 -0.4057 0.9468
    outer loop
        vertex -0.7986 -0.8191 2.4019
        vertex -1.4044 -0.9127 2.3477
        vertex -0.9783 -1.0970 2.2786
    endloop
endfacet
facet normal -0.1738 -1.3916 0.3359
    outer loop
        vertex -3.5047 -2.6181 0.0549
        vertex -3.2678 -2.6460 0.0618
        vertex -3.2105 -2.4259 1.0036
    endloop
endfacet
facet normal -0.1770 -1.4014 0.3389
    outer loop
        vertex -3.2105 -2.4259 1.0036
        vertex -3.4344 -2.3879 1.0438
        vertex -3.5047 -2.6181 0.0549
    endloop
endfacet
facet normal -0.3738 0.3547 1.6887
    outer loop
        vertex -3.6208 1.9811 2.1378
        vertex -3.8058 1.7208 2.1516
        vertex -2.7647 1.7252 2.3811
    endloop
endfacet
facet normal -0.3032 0.2875 1.3695
    outer loop
        vertex -2.7647 1.7252 2.3811
        vertex -2.7792 1.9855 2.3232
        vertex -3.6208 1.9811 2.1378
    endloop
endfacet
facet normal -0.0673 -0.4570 0.7497
    outer loop
        vertex -2.5815 -1.3452 2.0228
        vertex -2.5002 -1.5972 1.8764
        vertex -2.0947 -1.3789 2.0460
    endloop
endfacet
facet normal -0.0372 -0.2528 0.4147
    outer loop
        vertex -2.0947 -1.3789 2.0460
        vertex -2.3620 -1.2241 2.1163
        vertex -2.5815 -1.3452 2.0228
    endloop
endfacet
facet normal -0.0090 -0.4347 0.7437
    outer loop
        vertex -3.0777 -1.7376 1.7874
        vertex -2.8544 -1.8894 1.7014
        vertex -2.5002 -1.5972 1.8764
    endloop
endfacet
facet normal -0.0119 -0.5733 0.9808
    outer loop
        vertex -2.5002 -1.5972 1.8764
        vertex -2.5815 -1.3452 2.0228
        vertex -3.0777 -1.7376 1.7874
    endloop
endfacet
facet normal -0.0307 -0.2888 0.5187
    outer loop
        vertex -1.3930 -1.1627 2.2078
        vertex -1.4654 -0.9274 2.3345
        vertex -1.7938 -1.0065 2.2710
    endloop
endfacet
facet normal -0.0364 -0.3427 0.6156
    outer loop
        vertex -1.7938 -1.0065 2.2710
        vertex -1.7790 -1.2580 2.1319
        vertex -1.3930 -1.1627 2.2078
    endloop
endfacet
facet normal -0.0215 0.0130 0.0732
    outer loop
        vertex -2.3549 3.6483 2.1216
        vertex -2.3004 3.7121 2.1262
        vertex -2.5353 3.6520 2.0679
    endloop
endfacet
facet normal -0.1508 0.1496 0.7111
    outer loop
        vertex -2.6156 2.4524 2.2597
        vertex -2.6994 1.9859 2.3400
        vertex -2.4542 1.9936 2.3904
    endloop
endfacet
facet normal -0.1331 0.1321 0.6279
    outer loop
        vertex -2.4542 1.9936 2.3904
        vertex -2.3910 2.4364 2.3107
        vertex -2.6156 2.4524 2.2597
    endloop
endfacet
facet normal -0.0848 0.0841 0.3998
    outer loop
        vertex -2.6994 1.9859 2.3400
        vertex -2.6860 1.7256 2.3977
        vertex -2.4542 1.9936 2.3904
    endloop
endfacet
facet normal -0.1397 -0.0591 0.4748
    outer loop
        vertex -2.3990 5.0427 1.9581
        vertex -2.6432 5.0265 1.8843
        vertex -2.5742 4.7200 1.8664
    endloop
endfacet
facet normal -0.1501 -0.0636 0.5106
    outer loop
        vertex -2.5742 4.7200 1.8664
        vertex -2.3210 4.7200 1.9409
        vertex -2.3990 5.0427 1.9581
    endloop
endfacet
facet normal -0.0170 -0.3144 0.7337
    outer loop
        vertex -0.3434 -0.7891 2.4253
        vertex -0.7986 -0.8191 2.4019
        vertex -0.4455 -1.0537 2.3095
    endloop
endfacet
facet normal -0.0168 -0.3120 0.7281
    outer loop
        vertex -0.4455 -1.0537 2.3095
        vertex 0.0000 -1.0402 2.3256
        vertex -0.3434 -0.7891 2.4253
    endloop
endfacet
facet normal -0.0124 -0.2305 0.5379
    outer loop
        vertex 0.0000 -0.7896 2.4330
        vertex -0.3434 -0.7891 2.4253
        vertex 0.0000 -1.0402 2.3256
    endloop
endfacet
facet normal -0.0262 -0.2828 0.4310
    outer loop
        vertex -3.2975 -2.0619 1.5612
        vertex -3.0397 -2.1172 1.5406
        vertex -2.8544 -1.8894 1.7014
    endloop
endfacet
facet normal -0.0387 -0.4172 0.6358
    outer loop
        vertex -2.8544 -1.8894 1.7014
        vertex -3.0964 -1.7540 1.7755
        vertex -3.2975 -2.0619 1.5612
    endloop
endfacet
facet normal -0.0025 -0.0267 0.0407
    outer loop
        vertex -2.8544 -1.8894 1.7014
        vertex -3.0777 -1.7376 1.7874
        vertex -3.0964 -1.7540 1.7755
    endloop
endfacet
facet normal -0.4200 -3.1900 5.5100
    outer loop
        vertex 0.0000 -2.2800 1.6800
        vertex 0.0000 -1.5200 2.1200
        vertex -1.1600 -1.9200 1.8000
    endloop
endfacet
facet normal -0.1840 -1.3420 2.2477
    outer loop
        vertex -1.1600 -1.9200 1.8000
        vertex -0.6123 -2.4000 1.5582
        vertex 0.0000 -2.2800 1.6800
    endloop
endfacet
facet normal -0.2745 1.4850 8.6629
    outer loop
        vertex -1.4800 3.1200 2.3600
        vertex -1.4800 1.9855 2.5545
        vertex -0.2583 1.9973 2.5912
    endloop
endfacet
facet normal -0.8420 1.2219 10.3848
    outer loop
        vertex 0.0000 3.1200 2.4800
        vertex -1.4800 3.1200 2.3600
        vertex -0.2583 1.9973 2.5912
    endloop
endfacet
facet normal -0.1460 0.2120 1.8023
    outer loop
        vertex -0.2583 1.9973 2.5912
        vertex 0.0000 2.0035 2.6114
        vertex 0.0000 3.1200 2.4800
    endloop
endfacet
facet normal -1.1700 1.4800 14.4300
    outer loop
        vertex -1.4800 3.1200 2.3600
        vertex 0.0000 3.1200 2.4800
        vertex 0.0000 4.6800 2.3200
    endloop
endfacet
facet normal -1.1600 1.4700 14.4100
    outer loop
        vertex 0.0000 4.6800 2.3200
        vertex -1.4400 4.7200 2.2000
        vertex -1.4800 3.1200 2.3600
    endloop
endfacet
facet normal -1.6030 -1.7700 18.6460
    outer loop
        vertex -1.7360 6.8000 2.3720
        vertex -1.4400 4.7200 2.2000
        vertex 0.0000 4.6800 2.3200
    endloop
endfacet
facet normal -0.9540 -1.3454 23.0020
    outer loop
        vertex 0.0000 4.6800 2.3200
        vertex 0.0000 6.8000 2.4440
        vertex -1.7360 6.8000 2.3720
    endloop
endfacet
facet normal -0.6697 -6.5572 2.4689
    outer loop
        vertex -1.4782 -2.7200 0.6923
        vertex -1.1314 -2.5600 1.2114
        vertex -3.1966 -2.3738 1.1456
    endloop
endfacet
facet normal -0.1599 -1.5648 0.5889
    outer loop
        vertex -3.1966 -2.3738 1.1456
        vertex -3.2105 -2.4259 1.0036
        vertex -1.4782 -2.7200 0.6923
    endloop
endfacet
facet normal -0.3384 -3.3617 2.0570
    outer loop
        vertex -0.6123 -2.4000 1.5582
        vertex -2.2800 -2.2800 1.4800
        vertex -1.1314 -2.5600 1.2114
    endloop
endfacet
facet normal -0.4160 -2.7877 4.5923
    outer loop
        vertex -2.2800 -2.2800 1.4800
        vertex -0.6123 -2.4000 1.5582
        vertex -1.1600 -1.9200 1.8000
    endloop
endfacet
facet normal -0.5288 -3.5911 5.8909
    outer loop
        vertex -1.1600 -1.9200 1.8000
        vertex -2.0947 -1.3789 2.0460
        vertex -2.2800 -2.2800 1.4800
    endloop
endfacet
facet normal -0.4592 -3.9801 0.8713
    outer loop
        vertex -1.6000 -2.8400 0.0800
        vertex -1.4782 -2.7200 0.6923
        vertex -2.6400 -2.7200 0.0800
    endloop
endfacet
facet normal -1.8020 2.8038 5.0342
    outer loop
        vertex -4.0038 1.9791 1.8966
        vertex -4.2000 2.9600 1.2800
        vertex -4.8241 1.9748 1.6053
    endloop
endfacet
facet normal -0.1942 -1.2737 0.9876
    outer loop
        vertex -3.1670 -2.2979 1.2826
        vertex -2.2800 -2.2800 1.4800
        vertex -3.0397 -2.1172 1.5406
    endloop
endfacet
facet normal -5.5380 4.3956 8.7552
    outer loop
        vertex -3.6208 1.9811 2.1378
        vertex -2.8400 3.0800 2.0800
        vertex -4.2000 2.9600 1.2800
    endloop
endfacet
facet normal -1.4869 1.1800 2.3505
    outer loop
        vertex -4.2000 2.9600 1.2800
        vertex -4.0038 1.9791 1.8966
        vertex -3.6208 1.9811 2.1378
    endloop
endfacet
facet normal -1.2750 1.2090 5.7587
    outer loop
        vertex -2.8400 3.0800 2.0800
        vertex -3.6208 1.9811 2.1378
        vertex -2.7792 1.9855 2.3232
    endloop
endfacet
facet normal -0.2751 0.2729 1.2968
    outer loop
        vertex -2.7792 1.9855 2.3232
        vertex -2.6156 2.4524 2.2597
        vertex -2.8400 3.0800 2.0800
    endloop
endfacet
facet normal -8.7500 3.3000 14.3800
    outer loop
        vertex -2.8400 3.0800 2.0800
        vertex -3.8800 4.6800 1.0800
        vertex -4.2000 2.9600 1.2800
    endloop
endfacet
facet normal -7.4500 2.0700 11.0600
    outer loop
        vertex -2.8400 3.0800 2.0800
        vertex -2.8000 4.7200 1.8000
        vertex -3.8800 4.6800 1.0800
    endloop
endfacet
facet normal -6.2010 -0.0063 4.9290
    outer loop
        vertex -3.8800 4.6800 1.0800
        vertex -3.4720 6.8000 1.5960
        vertex -3.8440 6.8000 1.1280
    endloop
endfacet
facet normal -9.3400 -1.7460 14.1070
    outer loop
        vertex -3.0680 6.8000 1.8800
        vertex -3.8800 4.6800 1.0800
        vertex -2.8000 4.7200 1.8000
    endloop
endfacet
facet normal -3.7630 -0.5787 5.3530
    outer loop
        vertex -3.8800 4.6800 1.0800
        vertex -3.0680 6.8000 1.8800
        vertex -3.4720 6.8000 1.5960
    endloop
endfacet
facet normal -0.1118 0.1109 0.5270
    outer loop
        vertex -2.3459 2.7875 2.2464
        vertex -2.5784 2.8113 2.1920
        vertex -2.6156 2.4524 2.2597
    endloop
endfacet
facet normal -0.1055 0.1047 0.4973
    outer loop
        vertex -2.6156 2.4524 2.2597
        vertex -2.3910 2.4364 2.3107
        vertex -2.3459 2.7875 2.2464
    endloop
endfacet
facet normal -1.1533 1.1841 6.9075
    outer loop
        vertex -1.4800 1.9855 2.5545
        vertex -1.4800 3.1200 2.3600
        vertex -2.4542 1.9936 2.3904
    endloop
endfacet
facet normal -0.1552 0.0939 0.5278
    outer loop
        vertex -2.3135 4.5156 1.9794
        vertex -2.5562 4.5123 1.9087
        vertex -2.5429 4.1644 1.9745
    endloop
endfacet
facet normal -0.1613 0.0976 0.5487
    outer loop
        vertex -2.5429 4.1644 1.9745
        vertex -2.2996 4.1542 2.0478
        vertex -2.3135 4.5156 1.9794
    endloop
endfacet
facet normal -0.3805 0.1915 1.8205
    outer loop
        vertex -2.3020 3.2931 2.1700
        vertex -1.4800 3.1200 2.3600
        vertex -2.3006 3.6472 2.1330
    endloop
endfacet
facet normal -0.0251 0.0126 0.1202
    outer loop
        vertex -2.3006 3.6472 2.1330
        vertex -2.3549 3.6483 2.1216
        vertex -2.3020 3.2931 2.1700
    endloop
endfacet
facet normal -0.2134 -0.0497 0.5776
    outer loop
        vertex -2.6432 5.0265 1.8843
        vertex -2.5137 5.3938 1.9637
        vertex -2.7726 5.3734 1.8664
    endloop
endfacet
facet normal -0.2170 -0.0506 0.5878
    outer loop
        vertex -2.7726 5.3734 1.8664
        vertex -2.8000 4.7200 1.8000
        vertex -2.6432 5.0265 1.8843
    endloop
endfacet
facet normal -0.7692 -0.3257 2.6151
    outer loop
        vertex -2.6432 5.0265 1.8843
        vertex -2.3990 5.0427 1.9581
        vertex -1.7360 6.8000 2.3720
    endloop
endfacet
facet normal -0.1048 -0.9873 1.7737
    outer loop
        vertex -1.7790 -1.2580 2.1319
        vertex -2.0947 -1.3789 2.0460
        vertex -1.1600 -1.9200 1.8000
    endloop
endfacet
facet normal -0.1162 -1.0941 1.9656
    outer loop
        vertex -1.1600 -1.9200 1.8000
        vertex -1.3930 -1.1627 2.2078
        vertex -1.7790 -1.2580 2.1319
    endloop
endfacet
facet normal -0.0231 -1.1186 1.9136
    outer loop
        vertex -2.5002 -1.5972 1.8764
        vertex -2.8544 -1.8894 1.7014
        vertex -2.2800 -2.2800 1.4800
    endloop
endfacet
facet normal -0.4495 -3.1067 5.5127
    outer loop
        vertex -1.1600 -1.9200 1.8000
        vertex 0.0000 -1.5200 2.1200
        vertex -0.9783 -1.0970 2.2786
    endloop
endfacet
facet normal -0.1679 -1.1601 2.0586
    outer loop
        vertex -0.9783 -1.0970 2.2786
        vertex -1.3930 -1.1627 2.2078
        vertex -1.1600 -1.9200 1.8000
    endloop
endfacet
facet normal -0.0784 -0.7226 0.4178
    outer loop
        vertex -2.2800 -2.2800 1.4800
        vertex -3.1670 -2.2979 1.2826
        vertex -3.1966 -2.3738 1.1456
    endloop
endfacet
facet normal -0.4276 -3.9397 2.2778
    outer loop
        vertex -3.1966 -2.3738 1.1456
        vertex -1.1314 -2.5600 1.2114
        vertex -2.2800 -2.2800 1.4800
    endloop
endfacet
facet normal -0.1273 -0.0539 0.4327
    outer loop
        vertex -2.6432 5.0265 1.8843
        vertex -2.8000 4.7200 1.8000
        vertex -2.5742 4.7200 1.8664
    endloop
endfacet
facet normal -0.3283 -0.0765 0.8886
    outer loop
        vertex -3.0680 6.8000 1.8800
        vertex -2.9059 5.8272 1.8562
        vertex -2.7728 5.9055 1.9121
    endloop
endfacet
facet normal -2.7505 -0.6407 7.4465
    outer loop
        vertex -2.7728 5.9055 1.9121
        vertex -1.7360 6.8000 2.3720
        vertex -3.0680 6.8000 1.8800
    endloop
endfacet
facet normal -0.0309 -0.5724 1.3358
    outer loop
        vertex 0.0000 -1.5200 2.1200
        vertex 0.0000 -1.0402 2.3256
        vertex -0.4455 -1.0537 2.3095
    endloop
endfacet
facet normal -0.0388 -0.7171 1.6731
    outer loop
        vertex -0.4455 -1.0537 2.3095
        vertex -0.9783 -1.0970 2.2786
        vertex 0.0000 -1.5200 2.1200
    endloop
endfacet
facet normal -0.4604 -3.6891 0.8904
    outer loop
        vertex -3.2105 -2.4259 1.0036
        vertex -3.2678 -2.6460 0.0618
        vertex -2.6400 -2.7200 0.0800
    endloop
endfacet
facet normal -1.1256 -8.8893 2.1356
    outer loop
        vertex -2.6400 -2.7200 0.0800
        vertex -1.4782 -2.7200 0.6923
        vertex -3.2105 -2.4259 1.0036
    endloop
endfacet
facet normal -0.0773 -0.8335 1.2702
    outer loop
        vertex -3.0397 -2.1172 1.5406
        vertex -2.2800 -2.2800 1.4800
        vertex -2.8544 -1.8894 1.7014
    endloop
endfacet
facet normal -0.4773 0.4736 2.2511
    outer loop
        vertex -1.4800 3.1200 2.3600
        vertex -2.3910 2.4364 2.3107
        vertex -2.4542 1.9936 2.3904
    endloop
endfacet
facet normal -0.0492 0.0489 0.2324
    outer loop
        vertex -2.6156 2.4524 2.2597
        vertex -2.7792 1.9855 2.3232
        vertex -2.6994 1.9859 2.3400
    endloop
endfacet
facet normal -0.3830 0.3801 1.8063
    outer loop
        vertex -1.4800 3.1200 2.3600
        vertex -2.3459 2.7875 2.2464
        vertex -2.3910 2.4364 2.3107
    endloop
endfacet
facet normal -0.3415 0.3389 1.6104
    outer loop
        vertex -2.3192 3.0953 2.1872
        vertex -2.3459 2.7875 2.2464
        vertex -1.4800 3.1200 2.3600
    endloop
endfacet
facet normal -0.1039 0.1031 0.4900
    outer loop
        vertex -2.5784 2.8113 2.1920
        vertex -2.5564 3.0884 2.1384
        vertex -2.8400 3.0800 2.0800
    endloop
endfacet
facet normal -0.1377 0.1366 0.6491
    outer loop
        vertex -2.8400 3.0800 2.0800
        vertex -2.6156 2.4524 2.2597
        vertex -2.5784 2.8113 2.1920
    endloop
endfacet
facet normal -0.8162 0.4936 2.7744
    outer loop
        vertex -2.8000 4.7200 1.8000
        vertex -2.8400 3.0800 2.0800
        vertex -2.5429 4.1644 1.9745
    endloop
endfacet
facet normal -0.1509 0.0913 0.5129
    outer loop
        vertex -2.5429 4.1644 1.9745
        vertex -2.5562 4.5123 1.9087
        vertex -2.8000 4.7200 1.8000
    endloop
endfacet
facet normal -0.0862 0.0521 0.2931
    outer loop
        vertex -2.5562 4.5123 1.9087
        vertex -2.5742 4.7200 1.8664
        vertex -2.8000 4.7200 1.8000
    endloop
endfacet
facet normal -0.1918 0.1160 0.6519
    outer loop
        vertex -2.5353 3.6520 2.0679
        vertex -2.8400 3.0800 2.0800
        vertex -2.3549 3.6483 2.1216
    endloop
endfacet
facet normal -0.2951 0.1785 1.0032
    outer loop
        vertex -2.5429 4.1644 1.9745
        vertex -2.8400 3.0800 2.0800
        vertex -2.5353 3.6520 2.0679
    endloop
endfacet
facet normal -0.6977 0.4220 2.3721
    outer loop
        vertex -1.4400 4.7200 2.2000
        vertex -2.2996 4.1542 2.0478
        vertex -2.3004 3.7121 2.1262
    endloop
endfacet
facet normal -0.5856 0.3542 1.9911
    outer loop
        vertex -2.3135 4.5156 1.9794
        vertex -2.2996 4.1542 2.0478
        vertex -1.4400 4.7200 2.2000
    endloop
endfacet
facet normal -0.3310 0.2002 1.1255
    outer loop
        vertex -1.4400 4.7200 2.2000
        vertex -2.3210 4.7200 1.9409
        vertex -2.3135 4.5156 1.9794
    endloop
endfacet
facet normal -1.7455 0.8789 8.3524
    outer loop
        vertex -1.4800 3.1200 2.3600
        vertex -1.4400 4.7200 2.2000
        vertex -2.3004 3.7121 2.1262
    endloop
endfacet
facet normal -0.0697 0.0350 0.3333
    outer loop
        vertex -2.3004 3.7121 2.1262
        vertex -2.3006 3.6472 2.1330
        vertex -1.4800 3.1200 2.3600
    endloop
endfacet
facet normal -0.2162 0.1090 1.0345
    outer loop
        vertex -2.3192 3.0953 2.1872
        vertex -1.4800 3.1200 2.3600
        vertex -2.3020 3.2931 2.1700
    endloop
endfacet
facet normal -0.0796 0.0401 0.3806
    outer loop
        vertex -2.5564 3.0884 2.1384
        vertex -2.5393 3.3036 2.1193
        vertex -2.8400 3.0800 2.0800
    endloop
endfacet
facet normal -0.0815 0.0410 0.3901
    outer loop
        vertex -2.8400 3.0800 2.0800
        vertex -2.5393 3.3036 2.1193
        vertex -2.3549 3.6483 2.1216
    endloop
endfacet
facet normal -0.1093 0.0550 0.5234
    outer loop
        vertex -2.3020 3.2931 2.1700
        vertex -2.3549 3.6483 2.1216
        vertex -2.5393 3.3036 2.1193
    endloop
endfacet
facet normal -0.1765 -0.0411 0.4781
    outer loop
        vertex -2.8000 4.7200 1.8000
        vertex -2.9059 5.8272 1.8562
        vertex -3.0680 6.8000 1.8800
    endloop
endfacet
facet normal -0.2299 -0.0535 0.6223
    outer loop
        vertex -2.8000 4.7200 1.8000
        vertex -2.7726 5.3734 1.8664
        vertex -2.9059 5.8272 1.8562
    endloop
endfacet
facet normal -0.2389 -0.0557 0.6471
    outer loop
        vertex -2.5137 5.3938 1.9637
        vertex -2.6432 5.0265 1.8843
        vertex -1.7360 6.8000 2.3720
    endloop
endfacet
facet normal -3.4913 -1.4784 11.8700
    outer loop
        vertex -1.4400 4.7200 2.2000
        vertex -1.7360 6.8000 2.3720
        vertex -2.3990 5.0427 1.9581
    endloop
endfacet
facet normal -0.5226 -0.2212 1.7768
    outer loop
        vertex -2.3990 5.0427 1.9581
        vertex -2.3210 4.7200 1.9409
        vertex -1.4400 4.7200 2.2000
    endloop
endfacet
facet normal -0.1823 -1.2382 2.0312
    outer loop
        vertex -2.2800 -2.2800 1.4800
        vertex -2.0947 -1.3789 2.0460
        vertex -2.5002 -1.5972 1.8764
    endloop
endfacet
facet normal -1.7597 -0.4101 4.7646
    outer loop
        vertex -2.5137 5.3938 1.9637
        vertex -1.7360 6.8000 2.3720
        vertex -2.7728 5.9055 1.9121
    endloop
endfacet
facet normal -0.1157 -2.1433 -1.9902
    outer loop
        vertex -0.6123 -2.2000 -1.3982
        vertex 0.0000 -1.6000 -2.0800
        vertex 0.0000 -2.1200 -1.5200
    endloop
endfacet
facet normal 0.0033 -0.3715 -0.4590
    outer loop
        vertex 0.0000 -1.6000 -2.0800
        vertex -0.3776 -1.4055 -2.2402
        vertex -0.2293 -1.2874 -2.3347
    endloop
endfacet
facet normal 0.0034 -0.3800 -0.4694
    outer loop
        vertex -0.2293 -1.2874 -2.3347
        vertex 0.0000 -1.2724 -2.3452
        vertex 0.0000 -1.6000 -2.0800
    endloop
endfacet
facet normal -1.0936 1.0936 -10.9373
    outer loop
        vertex -1.2031 3.5306 -3.6026
        vertex 0.0000 3.5600 -3.7200
        vertex -1.4910 2.0690 -3.7200
    endloop
endfacet
facet normal -0.4033 0.1950 -4.0849
    outer loop
        vertex -0.9102 5.0178 -3.4312
        vertex -0.8062 5.7384 -3.4071
        vertex 0.0000 5.0400 -3.5200
    endloop
endfacet
facet normal -0.0665 0.0376 -0.5441
    outer loop
        vertex -0.8529 6.0794 -3.3816
        vertex 0.0000 6.8000 -3.4360
        vertex -0.7948 6.0264 -3.3923
    endloop
endfacet
facet normal -0.0086 -0.1767 -0.0739
    outer loop
        vertex -3.5173 -2.3200 -0.9638
        vertex -3.8800 -2.2702 -1.0406
        vertex -3.5184 -2.2872 -1.0420
    endloop
endfacet
facet normal -0.0396 -0.3429 -0.0939
    outer loop
        vertex -3.8800 -2.2702 -1.0406
        vertex -3.5159 -2.3612 -0.8616
        vertex -3.5144 -2.4028 -0.7102
    endloop
endfacet
facet normal -0.2893 -2.6378 -0.7387
    outer loop
        vertex -3.5144 -2.4028 -0.7102
        vertex -3.9600 -2.5645 0.0416
        vertex -3.8800 -2.2702 -1.0406
    endloop
endfacet
facet normal -0.5820 -7.5146 -2.0864
    outer loop
        vertex -5.0000 -2.2174 -0.9185
        vertex -3.8800 -2.2702 -1.0406
        vertex -3.9600 -2.5645 0.0416
    endloop
endfacet
facet normal -0.8967 -5.9701 -1.1872
    outer loop
        vertex -5.0000 -2.2174 -0.9185
        vertex -3.9600 -2.5645 0.0416
        vertex -5.0000 -2.4000 0.0000
    endloop
endfacet
facet normal -0.0963 -0.8019 -0.5359
    outer loop
        vertex -4.3487 -2.2331 -1.0120
        vertex -5.0000 -2.2174 -0.9185
        vertex -4.5453 -2.0967 -1.1808
    endloop
endfacet
facet normal -0.0544 -0.7646 -0.5747
    outer loop
        vertex -4.2301 -1.9272 -1.4638
        vertex -3.5290 -1.9823 -1.4569
        vertex -4.0064 -2.0759 -1.2871
    endloop
endfacet
facet normal -0.1430 -0.7230 -1.0819
    outer loop
        vertex -3.8800 -1.2192 -2.1644
        vertex -4.5808 -1.4127 -1.9425
        vertex -4.7795 -1.2206 -2.0446
    endloop
endfacet
facet normal -0.2247 -1.1364 -1.7005
    outer loop
        vertex -4.7795 -1.2206 -2.0446
        vertex -5.0000 -0.9185 -2.2174
        vertex -3.8800 -1.2192 -2.1644
    endloop
endfacet
facet normal -0.0057 -0.0313 -0.0559
    outer loop
        vertex -4.2032 -1.0584 -2.2211
        vertex -3.8800 -1.2192 -2.1644
        vertex -4.2876 -1.0442 -2.2204
    endloop
endfacet
facet normal -0.0821 -0.0532 -0.2672
    outer loop
        vertex -5.0000 -0.9185 -2.2174
        vertex -4.7348 -0.2460 -2.4328
        vertex -4.6235 -0.1251 -2.4910
    endloop
endfacet
facet normal -0.7775 -0.5020 -2.5248
    outer loop
        vertex -4.6235 -0.1251 -2.4910
        vertex -3.9600 0.2000 -2.7600
        vertex -5.0000 -0.9185 -2.2174
    endloop
endfacet
facet normal -0.0591 -0.1789 -0.3479
    outer loop
        vertex -3.5646 -0.7580 -2.4552
        vertex -3.5772 -0.9530 -2.3528
        vertex -3.8800 -1.2192 -2.1644
    endloop
endfacet
facet normal -0.2295 -0.0956 -0.7035
    outer loop
        vertex -3.2202 0.7740 -3.0793
        vertex -3.0976 0.6234 -3.0988
        vertex -3.5466 0.2570 -2.9026
    endloop
endfacet
facet normal -0.1136 -0.0474 -0.3485
    outer loop
        vertex -3.5466 0.2570 -2.9026
        vertex -3.6177 0.3152 -2.8873
        vertex -3.2202 0.7740 -3.0793
    endloop
endfacet
facet normal -0.2186 -0.1295 -0.6858
    outer loop
        vertex -2.8000 0.3600 -3.1600
        vertex -3.3801 0.0870 -2.9235
        vertex -3.5006 0.2194 -2.9101
    endloop
endfacet
facet normal -0.5502 -0.0106 -0.4097
    outer loop
        vertex -3.7480 6.8000 -1.9640
        vertex -3.4680 6.8000 -2.3400
        vertex -3.5350 6.5659 -2.2440
    endloop
endfacet
facet normal -0.3254 -0.0063 -0.2424
    outer loop
        vertex -3.5350 6.5659 -2.2440
        vertex -3.7709 6.6432 -1.9292
        vertex -3.7480 6.8000 -1.9640
    endloop
endfacet
facet normal -0.4334 0.0183 -1.0499
    outer loop
        vertex -2.6729 6.3570 -2.9101
        vertex -2.5720 6.8000 -2.9440
        vertex -2.3086 6.2914 -3.0616
    endloop
endfacet
facet normal -0.7887 -1.5533 -6.2954
    outer loop
        vertex -1.9778 0.4326 -3.2809
        vertex -2.8000 0.3600 -3.1600
        vertex -1.8076 1.6726 -3.6082
    endloop
endfacet
facet normal -0.0597 -0.3095 -0.5917
    outer loop
        vertex -1.9936 0.3173 -3.2190
        vertex -2.1064 0.0167 -3.0504
        vertex -2.3391 0.2359 -3.1416
    endloop
endfacet
facet normal -0.0243 -0.1260 -0.2409
    outer loop
        vertex -2.3391 0.2359 -3.1416
        vertex -1.9778 0.4326 -3.2809
        vertex -1.9936 0.3173 -3.2190
    endloop
endfacet
facet normal -0.0329 -0.1909 -0.3763
    outer loop
        vertex -2.4084 -0.3090 -2.8548
        vertex -2.1845 -0.1724 -2.9437
        vertex -2.4118 -0.5798 -2.7172
    endloop
endfacet
facet normal -0.0047 -0.1653 -0.1641
    outer loop
        vertex -1.2335 -1.8394 -1.7168
        vertex -1.1270 -1.7243 -1.8357
        vertex -1.0800 -1.9200 -1.6400
    endloop
endfacet
facet normal -0.0043 -0.0870 -0.0494
    outer loop
        vertex -1.4054 -2.3870 -1.0503
        vertex -1.4128 -2.3578 -1.1010
        vertex -1.1314 -2.4000 -1.0514
    endloop
endfacet
facet normal -0.0062 -0.0812 -0.0821
    outer loop
        vertex -1.4476 -2.2210 -1.3150
        vertex -1.4776 -2.1031 -1.4293
        vertex -1.3901 -2.0086 -1.5292
    endloop
endfacet
facet normal -0.0284 -0.3755 -0.3799
    outer loop
        vertex -1.3901 -2.0086 -1.5292
        vertex -1.0800 -1.9200 -1.6400
        vertex -1.4476 -2.2210 -1.3150
    endloop
endfacet
facet normal -0.2439 -2.3762 -2.3103
    outer loop
        vertex 0.0000 -1.6000 -2.0800
        vertex -0.6123 -2.2000 -1.3982
        vertex -0.4595 -1.4466 -2.1893
    endloop
endfacet
facet normal -0.0207 -0.2020 -0.1965
    outer loop
        vertex -0.4595 -1.4466 -2.1893
        vertex -0.3776 -1.4055 -2.2402
        vertex 0.0000 -1.6000 -2.0800
    endloop
endfacet
facet normal -0.0062 -0.0315 -0.0472
    outer loop
        vertex -5.0000 -1.6058 -1.7580
        vertex -4.9172 -1.6617 -1.7316
        vertex -5.0000 -1.6970 -1.6970
    endloop
endfacet
facet normal -0.0133 -0.2551 -0.2412
    outer loop
        vertex -1.3901 -2.0086 -1.5292
        vertex -1.2335 -1.8394 -1.7168
        vertex -1.0800 -1.9200 -1.6400
    endloop
endfacet
facet normal -0.0046 -0.0936 -0.0531
    outer loop
        vertex -3.5193 -2.2637 -1.0834
        vertex -3.5184 -2.2872 -1.0420
        vertex -3.8800 -2.2702 -1.0406
    endloop
endfacet
facet normal -0.0763 -0.3955 -0.7563
    outer loop
        vertex -1.4400 0.4800 -3.3600
        vertex -1.4085 0.1128 -3.1711
        vertex -1.7485 0.2349 -3.2007
    endloop
endfacet
facet normal -0.0392 -0.2031 -0.3883
    outer loop
        vertex -1.7485 0.2349 -3.2007
        vertex -1.7251 0.4548 -3.3181
        vertex -1.4400 0.4800 -3.3600
    endloop
endfacet
facet normal -0.8901 0.1563 -2.6704
    outer loop
        vertex -2.3086 6.2914 -3.0616
        vertex -2.5720 6.8000 -2.9440
        vertex -1.7320 6.8000 -3.2240
    endloop
endfacet
facet normal -0.7476 0.1313 -2.2429
    outer loop
        vertex -1.7320 6.8000 -3.2240
        vertex -1.7016 6.2045 -3.2690
        vertex -2.3086 6.2914 -3.0616
    endloop
endfacet
facet normal -0.0826 -0.0489 -0.2592
    outer loop
        vertex -3.9600 0.2000 -2.7600
        vertex -3.9749 0.0684 -2.7304
        vertex -4.3598 -0.5464 -2.4917
    endloop
endfacet
facet normal -0.6559 -0.3883 -2.0573
    outer loop
        vertex -4.3598 -0.5464 -2.4917
        vertex -5.0000 -0.9185 -2.2174
        vertex -3.9600 0.2000 -2.7600
    endloop
endfacet
facet normal -0.1745 0.0563 -0.2833
    outer loop
        vertex -4.9369 0.2669 -2.3858
        vertex -5.0000 0.6580 -2.2692
        vertex -4.8341 0.3482 -2.4330
    endloop
endfacet
facet normal -0.0048 -0.2429 -0.2597
    outer loop
        vertex -3.8800 -1.2192 -2.1644
        vertex -3.7720 -1.3988 -1.9984
        vertex -3.9438 -1.4980 -1.9025
    endloop
endfacet
facet normal -0.0184 -0.9505 -1.0161
    outer loop
        vertex -3.9438 -1.4980 -1.9025
        vertex -4.5262 -1.4949 -1.8948
        vertex -3.8800 -1.2192 -2.1644
    endloop
endfacet
facet normal -0.0295 -0.6037 -0.2524
    outer loop
        vertex -1.1314 -2.4000 -1.0514
        vertex -1.3675 -2.5362 -0.6980
        vertex -1.4054 -2.3870 -1.0503
    endloop
endfacet
facet normal -0.1558 -0.3069 -1.2438
    outer loop
        vertex -1.6470 1.1911 -3.5095
        vertex -1.5441 1.7991 -3.6724
        vertex -1.4400 0.4800 -3.3600
    endloop
endfacet
facet normal -0.1628 -0.3207 -1.2998
    outer loop
        vertex -1.4400 0.4800 -3.3600
        vertex -1.7251 0.4548 -3.3181
        vertex -1.6470 1.1911 -3.5095
    endloop
endfacet
facet normal -0.3311 -1.0017 -1.9482
    outer loop
        vertex -2.9054 -0.5308 -2.6840
        vertex -3.2231 -0.2586 -2.7700
        vertex -2.8000 0.3600 -3.1600
    endloop
endfacet
facet normal -0.1916 -0.5795 -1.1270
    outer loop
        vertex -2.8000 0.3600 -3.1600
        vertex -2.7163 -0.6440 -2.6580
        vertex -2.9054 -0.5308 -2.6840
    endloop
endfacet
facet normal -0.2670 -0.0131 -0.2181
    outer loop
        vertex -3.3986 6.5213 -2.4082
        vertex -3.5350 6.5659 -2.2440
        vertex -3.4680 6.8000 -2.3400
    endloop
endfacet
facet normal -0.0082 -0.0443 -0.0791
    outer loop
        vertex -3.3494 0.0175 -2.9116
        vertex -3.2838 -0.2066 -2.7929
        vertex -3.3494 -0.1754 -2.8036
    endloop
endfacet
facet normal -0.0075 -0.0406 -0.0725
    outer loop
        vertex -3.3494 -0.1754 -2.8036
        vertex -3.4096 -0.0804 -2.8506
        vertex -3.3494 0.0175 -2.9116
    endloop
endfacet
facet normal -0.0412 -0.2239 -0.3999
    outer loop
        vertex -4.5400 -0.7511 -2.3585
        vertex -5.0000 -0.9185 -2.2174
        vertex -4.3598 -0.5464 -2.4917
    endloop
endfacet
facet normal -0.8492 1.1378 -8.4193
    outer loop
        vertex -0.9102 5.0178 -3.4312
        vertex 0.0000 5.0400 -3.5200
        vertex 0.0000 3.5600 -3.7200
    endloop
endfacet
facet normal -1.1223 1.5039 -11.1286
    outer loop
        vertex 0.0000 3.5600 -3.7200
        vertex -1.2031 3.5306 -3.6026
        vertex -0.9102 5.0178 -3.4312
    endloop
endfacet
facet normal -0.0388 0.0249 -0.0372
    outer loop
        vertex -4.6812 1.3672 -2.2502
        vertex -4.5580 1.5047 -2.2868
        vertex -4.4246 1.6053 -2.3588
    endloop
endfacet
facet normal -0.2812 0.1801 -0.2695
    outer loop
        vertex -4.4246 1.6053 -2.3588
        vertex -4.1200 1.7200 -2.6000
        vertex -4.6812 1.3672 -2.2502
    endloop
endfacet
facet normal -0.0112 -0.1156 -0.1072
    outer loop
        vertex -3.8800 -1.2192 -2.1644
        vertex -3.5708 -1.1833 -2.2355
        vertex -3.5692 -1.2386 -2.1760
    endloop
endfacet
facet normal -0.0297 -0.3052 -0.2831
    outer loop
        vertex -3.5692 -1.2386 -2.1760
        vertex -3.6126 -1.3816 -2.0173
        vertex -3.8800 -1.2192 -2.1644
    endloop
endfacet
facet normal -0.0584 -1.5409 -0.9758
    outer loop
        vertex -1.4476 -2.2210 -1.3150
        vertex -0.6123 -2.2000 -1.3982
        vertex -1.1314 -2.4000 -1.0514
    endloop
endfacet
facet normal -0.0139 -0.3656 -0.2315
    outer loop
        vertex -1.1314 -2.4000 -1.0514
        vertex -1.4128 -2.3578 -1.1010
        vertex -1.4476 -2.2210 -1.3150
    endloop
endfacet
facet normal -0.0193 -0.0091 -0.0693
    outer loop
        vertex -2.8000 0.3600 -3.1600
        vertex -2.7358 0.7718 -3.2318
        vertex -2.6956 0.8572 -3.2542
    endloop
endfacet
facet normal -0.6198 -0.2920 -2.2275
    outer loop
        vertex -2.6956 0.8572 -3.2542
        vertex -1.8076 1.6726 -3.6082
        vertex -2.8000 0.3600 -3.1600
    endloop
endfacet
facet normal -0.1640 0.0549 -0.2490
    outer loop
        vertex -4.3885 0.9443 -2.5944
        vertex -4.3719 0.8668 -2.6224
        vertex -4.7764 0.3557 -2.4688
    endloop
endfacet
facet normal -0.0989 0.0332 -0.1500
    outer loop
        vertex -4.7764 0.3557 -2.4688
        vertex -4.8210 0.3499 -2.4407
        vertex -4.3885 0.9443 -2.5944
    endloop
endfacet
facet normal -0.0486 -0.0213 -0.1522
    outer loop
        vertex -4.1268 0.5947 -2.7620
        vertex -4.0787 0.6271 -2.7819
        vertex -3.9600 0.2000 -2.7600
    endloop
endfacet
facet normal -0.0120 -0.2310 -0.0929
    outer loop
        vertex -3.8800 -2.2702 -1.0406
        vertex -3.5173 -2.3200 -0.9638
        vertex -3.5159 -2.3612 -0.8616
    endloop
endfacet
facet normal -0.8673 0.4194 -8.7877
    outer loop
        vertex -0.7989 5.9232 -3.3990
        vertex 0.0000 6.8000 -3.4360
        vertex 0.0000 5.0400 -3.5200
    endloop
endfacet
facet normal -0.0952 0.0458 -0.9629
    outer loop
        vertex 0.0000 5.0400 -3.5200
        vertex -0.8062 5.7384 -3.4071
        vertex -0.7989 5.9232 -3.3990
    endloop
endfacet
facet normal -0.9156 0.5185 -7.4805
    outer loop
        vertex -1.7320 6.8000 -3.2240
        vertex 0.0000 6.8000 -3.4360
        vertex -0.9851 6.1090 -3.3633
    endloop
endfacet
facet normal -0.3242 0.1836 -2.6484
    outer loop
        vertex -0.9851 6.1090 -3.3633
        vertex -1.7016 6.2045 -3.2690
        vertex -1.7320 6.8000 -3.2240
    endloop
endfacet
facet normal -0.0605 0.0343 -0.4931
    outer loop
        vertex -0.7989 5.9232 -3.3990
        vertex -0.7948 6.0264 -3.3923
        vertex 0.0000 6.8000 -3.4360
    endloop
endfacet
facet normal -0.0922 0.0523 -0.7528
    outer loop
        vertex -0.9851 6.1090 -3.3633
        vertex 0.0000 6.8000 -3.4360
        vertex -0.8529 6.0794 -3.3816
    endloop
endfacet
facet normal -0.2387 -2.1765 -0.6095
    outer loop
        vertex -3.5047 -2.6181 0.0549
        vertex -3.9600 -2.5645 0.0416
        vertex -3.5144 -2.4028 -0.7102
    endloop
endfacet
facet normal -0.0260 -0.2167 -0.1449
    outer loop
        vertex -4.0516 -2.1824 -1.1412
        vertex -3.8800 -2.2702 -1.0406
        vertex -4.2029 -2.2400 -1.0278
    endloop
endfacet
facet normal -0.0025 -0.0204 -0.0137
    outer loop
        vertex -4.3487 -2.2331 -1.0120
        vertex -4.2029 -2.2400 -1.0278
        vertex -3.8800 -2.2702 -1.0406
    endloop
endfacet
facet normal -0.0189 -0.1573 -0.1050
    outer loop
        vertex -3.8800 -2.2702 -1.0406
        vertex -5.0000 -2.2174 -0.9185
        vertex -4.3487 -2.2331 -1.0120
    endloop
endfacet
facet normal -0.0619 -0.5154 -0.3444
    outer loop
        vertex -5.0000 -1.6970 -1.6970
        vertex -4.4726 -1.9670 -1.3879
        vertex -4.5587 -2.0274 -1.2820
    endloop
endfacet
facet normal -0.2578 -2.1475 -1.4352
    outer loop
        vertex -4.5587 -2.0274 -1.2820
        vertex -5.0000 -2.2174 -0.9185
        vertex -5.0000 -1.6970 -1.6970
    endloop
endfacet
facet normal -0.0372 -0.3098 -0.2071
    outer loop
        vertex -4.5453 -2.0967 -1.1808
        vertex -5.0000 -2.2174 -0.9185
        vertex -4.5587 -2.0274 -1.2820
    endloop
endfacet
facet normal -0.0316 -0.4449 -0.3346
    outer loop
        vertex -4.3682 -1.9189 -1.4617
        vertex -4.4726 -1.9670 -1.3879
        vertex -5.0000 -1.6970 -1.6970
    endloop
endfacet
facet normal -0.0151 -0.2115 -0.1588
    outer loop
        vertex -4.2301 -1.9272 -1.4638
        vertex -4.3682 -1.9189 -1.4617
        vertex -5.0000 -1.6970 -1.6970
    endloop
endfacet
facet normal -0.0246 -0.3458 -0.2598
    outer loop
        vertex -3.5193 -2.2637 -1.0834
        vertex -3.8800 -2.2702 -1.0406
        vertex -3.9876 -2.1569 -1.1812
    endloop
endfacet
facet normal -0.0774 -1.0872 -0.8173
    outer loop
        vertex -3.9876 -2.1569 -1.1812
        vertex -3.5290 -1.9823 -1.4569
        vertex -3.5193 -2.2637 -1.0834
    endloop
endfacet
facet normal -0.0059 -0.0831 -0.0625
    outer loop
        vertex -4.0516 -2.1824 -1.1412
        vertex -3.9876 -2.1569 -1.1812
        vertex -3.8800 -2.2702 -1.0406
    endloop
endfacet
facet normal -0.0239 -0.3359 -0.2525
    outer loop
        vertex -3.9876 -2.1569 -1.1812
        vertex -4.0064 -2.0759 -1.2871
        vertex -3.5290 -1.9823 -1.4569
    endloop
endfacet
facet normal -0.0704 -0.9885 -0.7430
    outer loop
        vertex -5.0000 -1.6970 -1.6970
        vertex -3.5290 -1.9823 -1.4569
        vertex -4.2301 -1.9272 -1.4638
    endloop
endfacet
facet normal -0.0366 -0.1853 -0.2773
    outer loop
        vertex -5.0000 -1.2969 -1.9645
        vertex -5.0000 -0.9185 -2.2174
        vertex -4.8828 -1.2186 -2.0322
    endloop
endfacet
facet normal -0.0255 -0.1285 -0.1922
    outer loop
        vertex -4.8828 -1.2186 -2.0322
        vertex -5.0000 -0.9185 -2.2174
        vertex -4.7795 -1.2206 -2.0446
    endloop
endfacet
facet normal -0.0563 -0.2845 -0.4258
    outer loop
        vertex -4.5262 -1.4949 -1.8948
        vertex -4.5808 -1.4127 -1.9425
        vertex -3.8800 -1.2192 -2.1644
    endloop
endfacet
facet normal -0.1025 -0.5566 -0.9938
    outer loop
        vertex -3.5646 -0.7580 -2.4552
        vertex -3.8800 -1.2192 -2.1644
        vertex -4.0052 -0.8981 -2.3313
    endloop
endfacet
facet normal -0.0255 -0.1382 -0.2468
    outer loop
        vertex -4.0052 -0.8981 -2.3313
        vertex -3.9596 -0.7940 -2.3943
        vertex -3.5646 -0.7580 -2.4552
    endloop
endfacet
facet normal -0.0375 -0.2037 -0.3638
    outer loop
        vertex -4.5400 -0.7511 -2.3585
        vertex -4.4872 -0.8584 -2.3039
        vertex -5.0000 -0.9185 -2.2174
    endloop
endfacet
facet normal -0.0691 -0.3753 -0.6703
    outer loop
        vertex -4.4872 -0.8584 -2.3039
        vertex -4.2876 -1.0442 -2.2204
        vertex -5.0000 -0.9185 -2.2174
    endloop
endfacet
facet normal -0.0378 -0.2055 -0.3669
    outer loop
        vertex -4.0052 -0.8981 -2.3313
        vertex -3.8800 -1.2192 -2.1644
        vertex -4.1372 -1.0284 -2.2448
    endloop
endfacet
facet normal -0.0131 -0.0711 -0.1269
    outer loop
        vertex -4.1372 -1.0284 -2.2448
        vertex -3.8800 -1.2192 -2.1644
        vertex -4.2032 -1.0584 -2.2211
    endloop
endfacet
facet normal -0.0474 -0.2572 -0.4589
    outer loop
        vertex -5.0000 -0.9185 -2.2174
        vertex -4.2876 -1.0442 -2.2204
        vertex -3.8800 -1.2192 -2.1644
    endloop
endfacet
facet normal -0.0569 -0.0367 -0.1848
    outer loop
        vertex -4.5744 0.0818 -2.5473
        vertex -3.9600 0.2000 -2.7600
        vertex -4.5539 0.0377 -2.5449
    endloop
endfacet
facet normal -0.0841 -0.0544 -0.2733
    outer loop
        vertex -4.5539 0.0377 -2.5449
        vertex -3.9600 0.2000 -2.7600
        vertex -4.5712 -0.0407 -2.5240
    endloop
endfacet
facet normal -0.1701 -0.1099 -0.5528
    outer loop
        vertex -5.0000 -0.0723 -2.3856
        vertex -4.8955 -0.2042 -2.3916
        vertex -5.0000 -0.9185 -2.2174
    endloop
endfacet
facet normal -0.1648 -0.1063 -0.5349
    outer loop
        vertex -4.8955 -0.2042 -2.3916
        vertex -4.7838 -0.2596 -2.4150
        vertex -5.0000 -0.9185 -2.2174
    endloop
endfacet
facet normal -0.0751 -0.0486 -0.2439
    outer loop
        vertex -4.6235 -0.1251 -2.4910
        vertex -4.5712 -0.0407 -2.5240
        vertex -3.9600 0.2000 -2.7600
    endloop
endfacet
facet normal -0.0565 -0.0365 -0.1834
    outer loop
        vertex -5.0000 -0.9185 -2.2174
        vertex -4.7838 -0.2596 -2.4150
        vertex -4.7348 -0.2460 -2.4328
    endloop
endfacet
facet normal -0.0760 -0.2296 -0.4467
    outer loop
        vertex -3.5772 -0.9530 -2.3528
        vertex -3.5708 -1.1833 -2.2355
        vertex -3.8800 -1.2192 -2.1644
    endloop
endfacet
facet normal -0.8564 -0.3571 -2.6262
    outer loop
        vertex -3.9600 0.2000 -2.7600
        vertex -3.0479 1.7688 -3.2708
        vertex -3.2438 0.9711 -3.0984
    endloop
endfacet
facet normal -0.0593 -0.0248 -0.1820
    outer loop
        vertex -3.2438 0.9711 -3.0984
        vertex -3.2707 0.9015 -3.0802
        vertex -3.9600 0.2000 -2.7600
    endloop
endfacet
facet normal -0.0155 -0.0064 -0.0475
    outer loop
        vertex -3.7432 0.3044 -2.8449
        vertex -3.8580 0.2141 -2.7952
        vertex -3.9600 0.2000 -2.7600
    endloop
endfacet
facet normal -0.1632 -0.0682 -0.5008
    outer loop
        vertex -3.9600 0.2000 -2.7600
        vertex -3.2707 0.9015 -3.0802
        vertex -3.7432 0.3044 -2.8449
    endloop
endfacet
facet normal -0.0561 -0.0234 -0.1721
    outer loop
        vertex -2.9926 1.7714 -3.2892
        vertex -2.9448 1.7718 -3.3048
        vertex -3.0054 1.1954 -3.2067
    endloop
endfacet
facet normal -0.0649 -0.0271 -0.1989
    outer loop
        vertex -3.0054 1.1954 -3.2067
        vertex -3.0479 1.7688 -3.2708
        vertex -2.9926 1.7714 -3.2892
    endloop
endfacet
facet normal -0.0755 -0.0314 -0.2312
    outer loop
        vertex -2.9448 1.7718 -3.3048
        vertex -2.8770 1.1102 -3.2370
        vertex -2.9394 1.1739 -3.2252
    endloop
endfacet
facet normal -0.0801 -0.0334 -0.2457
    outer loop
        vertex -2.9448 1.7718 -3.3048
        vertex -2.9394 1.1739 -3.2252
        vertex -3.0054 1.1954 -3.2067
    endloop
endfacet
facet normal -0.1167 -0.0486 -0.3577
    outer loop
        vertex -3.1417 1.0947 -3.1485
        vertex -3.2438 0.9711 -3.0984
        vertex -3.0479 1.7688 -3.2708
    endloop
endfacet
facet normal -0.0705 -0.0294 -0.2160
    outer loop
        vertex -3.6668 0.3278 -2.8730
        vertex -3.7432 0.3044 -2.8449
        vertex -3.2707 0.9015 -3.0802
    endloop
endfacet
facet normal -0.1619 -0.0676 -0.4967
    outer loop
        vertex -3.2707 0.9015 -3.0802
        vertex -3.2202 0.7740 -3.0793
        vertex -3.6668 0.3278 -2.8730
    endloop
endfacet
facet normal -0.1681 -0.0701 -0.5154
    outer loop
        vertex -3.1417 1.0947 -3.1485
        vertex -3.0479 1.7688 -3.2708
        vertex -3.0054 1.1954 -3.2067
    endloop
endfacet
facet normal -0.0561 -0.0234 -0.1720
    outer loop
        vertex -3.6668 0.3278 -2.8730
        vertex -3.2202 0.7740 -3.0793
        vertex -3.6177 0.3152 -2.8873
    endloop
endfacet
facet normal -0.3611 -0.1506 -1.1073
    outer loop
        vertex -2.8000 0.3600 -3.1600
        vertex -3.5466 0.2570 -2.9026
        vertex -3.0248 0.5663 -3.1148
    endloop
endfacet
facet normal -0.0198 -0.0083 -0.0608
    outer loop
        vertex -3.0248 0.5663 -3.1148
        vertex -2.9705 0.5598 -3.1316
        vertex -2.8000 0.3600 -3.1600
    endloop
endfacet
facet normal -0.0499 -0.0208 -0.1530
    outer loop
        vertex -2.8000 0.3600 -3.1600
        vertex -2.9030 0.5974 -3.1587
        vertex -2.8320 0.6715 -3.1920
    endloop
endfacet
facet normal -0.0406 -0.0169 -0.1244
    outer loop
        vertex -2.8000 0.3600 -3.1600
        vertex -2.9705 0.5598 -3.1316
        vertex -2.9030 0.5974 -3.1587
    endloop
endfacet
facet normal -0.1065 -0.0445 -0.3267
    outer loop
        vertex -3.0248 0.5663 -3.1148
        vertex -3.5466 0.2570 -2.9026
        vertex -3.0976 0.6234 -3.0988
    endloop
endfacet
facet normal -0.0654 -0.0387 -0.2050
    outer loop
        vertex -3.5466 0.2570 -2.9026
        vertex -2.8000 0.3600 -3.1600
        vertex -3.5006 0.2194 -2.9101
    endloop
endfacet
facet normal -0.0713 -0.0421 -0.2235
    outer loop
        vertex -3.3576 0.0360 -2.9211
        vertex -3.3801 0.0870 -2.9235
        vertex -2.8000 0.3600 -3.1600
    endloop
endfacet
facet normal -1.4246 0.1626 -2.1133
    outer loop
        vertex -2.5720 6.8000 -2.9440
        vertex -2.6729 6.3570 -2.9101
        vertex -3.3986 6.5213 -2.4082
    endloop
endfacet
facet normal -1.0520 0.1201 -1.5606
    outer loop
        vertex -3.3986 6.5213 -2.4082
        vertex -3.4680 6.8000 -2.3400
        vertex -2.5720 6.8000 -2.9440
    endloop
endfacet
facet normal -0.0179 -0.0926 -0.1772
    outer loop
        vertex -2.5882 0.1768 -3.0856
        vertex -2.8000 0.3600 -3.1600
        vertex -2.5063 0.2398 -3.1268
    endloop
endfacet
facet normal -0.0101 -0.0523 -0.1000
    outer loop
        vertex -2.5063 0.2398 -3.1268
        vertex -2.8000 0.3600 -3.1600
        vertex -2.4386 0.2665 -3.1476
    endloop
endfacet
facet normal -0.0650 -0.3369 -0.6443
    outer loop
        vertex -2.4386 0.2665 -3.1476
        vertex -2.8000 0.3600 -3.1600
        vertex -1.9778 0.4326 -3.2809
    endloop
endfacet
facet normal -0.0193 -0.1002 -0.1915
    outer loop
        vertex -2.3391 0.2359 -3.1416
        vertex -2.4386 0.2665 -3.1476
        vertex -1.9778 0.4326 -3.2809
    endloop
endfacet
facet normal -0.0059 -0.0344 -0.0678
    outer loop
        vertex -2.6723 -0.6704 -2.6485
        vertex -2.7163 -0.6440 -2.6580
        vertex -2.4118 -0.5798 -2.7172
    endloop
endfacet
facet normal -0.0097 -0.0560 -0.1104
    outer loop
        vertex -2.4118 -0.5798 -2.7172
        vertex -2.5317 -0.6893 -2.6512
        vertex -2.6723 -0.6704 -2.6485
    endloop
endfacet
facet normal -0.0204 -0.1186 -0.2337
    outer loop
        vertex -2.5882 0.1768 -3.0856
        vertex -2.6962 0.0936 -3.0340
        vertex -2.8000 0.3600 -3.1600
    endloop
endfacet
facet normal -0.0113 -0.0654 -0.1290
    outer loop
        vertex -2.6962 0.0936 -3.0340
        vertex -2.7502 0.0336 -2.9988
        vertex -2.8000 0.3600 -3.1600
    endloop
endfacet
facet normal -0.0028 -0.0162 -0.0319
    outer loop
        vertex -2.7502 0.0336 -2.9988
        vertex -2.7593 -0.0096 -2.9761
        vertex -2.8000 0.3600 -3.1600
    endloop
endfacet
facet normal -0.0055 -0.0316 -0.0622
    outer loop
        vertex -2.8000 0.3600 -3.1600
        vertex -2.7593 -0.0096 -2.9761
        vertex -2.7163 -0.6440 -2.6580
    endloop
endfacet
facet normal -0.0101 -0.0585 -0.1153
    outer loop
        vertex -2.7593 -0.0096 -2.9761
        vertex -2.7251 -0.0850 -2.9408
        vertex -2.7163 -0.6440 -2.6580
    endloop
endfacet
facet normal -0.0359 -0.2084 -0.4109
    outer loop
        vertex -2.7251 -0.0850 -2.9408
        vertex -2.6058 -0.1937 -2.8961
        vertex -2.7163 -0.6440 -2.6580
    endloop
endfacet
facet normal -0.0355 -0.2058 -0.4058
    outer loop
        vertex -2.7163 -0.6440 -2.6580
        vertex -2.6058 -0.1937 -2.8961
        vertex -2.4847 -0.2880 -2.8588
    endloop
endfacet
facet normal -0.0511 -0.2966 -0.5847
    outer loop
        vertex -2.4847 -0.2880 -2.8588
        vertex -2.4118 -0.5798 -2.7172
        vertex -2.7163 -0.6440 -2.6580
    endloop
endfacet
facet normal -0.0113 -0.0657 -0.1296
    outer loop
        vertex -2.4118 -0.5798 -2.7172
        vertex -2.4847 -0.2880 -2.8588
        vertex -2.4084 -0.3090 -2.8548
    endloop
endfacet
facet normal -0.1139 -1.5054 -1.5232
    outer loop
        vertex -1.4476 -2.2210 -1.3150
        vertex -1.0800 -1.9200 -1.6400
        vertex -0.6123 -2.2000 -1.3982
    endloop
endfacet
facet normal -0.2230 -2.1722 -2.1119
    outer loop
        vertex -0.9334 -1.5722 -2.0101
        vertex -0.4595 -1.4466 -2.1893
        vertex -0.6123 -2.2000 -1.3982
    endloop
endfacet
facet normal -0.1221 -1.3032 -1.2732
    outer loop
        vertex -0.6123 -2.2000 -1.3982
        vertex -1.0800 -1.9200 -1.6400
        vertex -0.9334 -1.5722 -2.0101
    endloop
endfacet
facet normal -0.0272 -0.2879 -0.2814
    outer loop
        vertex -0.9334 -1.5722 -2.0101
        vertex -1.0800 -1.9200 -1.6400
        vertex -1.1270 -1.7243 -1.8357
    endloop
endfacet
facet normal -0.0260 -0.1344 -0.2570
    outer loop
        vertex -1.6758 -0.2539 -2.9524
        vertex -1.7525 -0.3041 -2.9184
        vertex -1.7485 0.2349 -3.2007
    endloop
endfacet
facet normal -0.0992 -0.5140 -0.9830
    outer loop
        vertex -1.7485 0.2349 -3.2007
        vertex -1.4085 0.1128 -3.1711
        vertex -1.6758 -0.2539 -2.9524
    endloop
endfacet
facet normal -0.2164 -0.1281 -0.6787
    outer loop
        vertex -3.8748 -0.0889 -2.7326
        vertex -3.7418 -0.1873 -2.7565
        vertex -4.3598 -0.5464 -2.4917
    endloop
endfacet
facet normal -0.1468 -0.0869 -0.4604
    outer loop
        vertex -3.9459 -0.0041 -2.7260
        vertex -3.8748 -0.0889 -2.7326
        vertex -4.3598 -0.5464 -2.4917
    endloop
endfacet
facet normal -0.0073 -0.0043 -0.0230
    outer loop
        vertex -3.9135 0.1704 -2.7692
        vertex -3.9600 0.2000 -2.7600
        vertex -3.8580 0.2141 -2.7952
    endloop
endfacet
facet normal -0.0911 -0.0539 -0.2858
    outer loop
        vertex -4.3598 -0.5464 -2.4917
        vertex -3.9749 0.0684 -2.7304
        vertex -3.9459 -0.0041 -2.7260
    endloop
endfacet
facet normal -0.0131 -0.0077 -0.0410
    outer loop
        vertex -3.9749 0.0684 -2.7304
        vertex -3.9600 0.2000 -2.7600
        vertex -3.9135 0.1704 -2.7692
    endloop
endfacet
facet normal -2.1967 0.7092 -3.5662
    outer loop
        vertex -4.8999 1.0097 -2.2609
        vertex -4.1200 1.7200 -2.6000
        vertex -4.8210 0.3499 -2.4407
    endloop
endfacet
facet normal -0.3610 0.1166 -0.5862
    outer loop
        vertex -4.8210 0.3499 -2.4407
        vertex -5.0000 0.6580 -2.2692
        vertex -4.8999 1.0097 -2.2609
    endloop
endfacet
facet normal -0.0167 0.0054 -0.0271
    outer loop
        vertex -4.8341 0.3482 -2.4330
        vertex -5.0000 0.6580 -2.2692
        vertex -4.8210 0.3499 -2.4407
    endloop
endfacet
facet normal -0.1140 0.0368 -0.1851
    outer loop
        vertex -4.9369 0.2669 -2.3858
        vertex -5.0000 0.1888 -2.3624
        vertex -5.0000 0.6580 -2.2692
    endloop
endfacet
facet normal -0.0039 -0.2035 -0.2175
    outer loop
        vertex -3.7256 -1.7842 -1.6387
        vertex -3.5354 -1.7989 -1.6284
        vertex -3.5290 -1.9823 -1.4569
    endloop
endfacet
facet normal -0.0219 -1.1266 -1.2040
    outer loop
        vertex -3.5290 -1.9823 -1.4569
        vertex -4.7686 -1.7133 -1.6860
        vertex -3.7256 -1.7842 -1.6387
    endloop
endfacet
facet normal -0.0152 -0.7813 -0.8350
    outer loop
        vertex -3.9190 -1.6430 -1.7673
        vertex -3.7256 -1.7842 -1.6387
        vertex -4.7686 -1.7133 -1.6860
    endloop
endfacet
facet normal -0.0092 -0.4733 -0.5061
    outer loop
        vertex -4.7686 -1.7133 -1.6860
        vertex -4.5912 -1.6033 -1.7922
        vertex -3.9190 -1.6430 -1.7673
    endloop
endfacet
facet normal -0.0008 -0.0388 -0.0415
    outer loop
        vertex -4.8445 -1.7108 -1.6870
        vertex -5.0000 -1.6970 -1.6970
        vertex -4.9172 -1.6617 -1.7316
    endloop
endfacet
facet normal -0.0027 -0.1407 -0.1504
    outer loop
        vertex -4.8445 -1.7108 -1.6870
        vertex -3.5290 -1.9823 -1.4569
        vertex -5.0000 -1.6970 -1.6970
    endloop
endfacet
facet normal -0.0020 -0.1016 -0.1084
    outer loop
        vertex -4.7686 -1.7133 -1.6860
        vertex -3.5290 -1.9823 -1.4569
        vertex -4.8445 -1.7108 -1.6870
    endloop
endfacet
facet normal -0.0072 -0.3705 -0.3960
    outer loop
        vertex -3.9834 -1.5641 -1.8399
        vertex -4.5912 -1.6033 -1.7922
        vertex -4.5262 -1.4949 -1.8948
    endloop
endfacet
facet normal -0.0044 -0.2260 -0.2416
    outer loop
        vertex -4.5262 -1.4949 -1.8948
        vertex -3.9438 -1.4980 -1.9025
        vertex -3.9834 -1.5641 -1.8399
    endloop
endfacet
facet normal -0.0020 -0.1015 -0.1086
    outer loop
        vertex -3.7163 -1.3836 -2.0136
        vertex -3.8800 -1.2192 -2.1644
        vertex -3.6126 -1.3816 -2.0173
    endloop
endfacet
facet normal -0.0013 -0.0680 -0.0728
    outer loop
        vertex -3.7720 -1.3988 -1.9984
        vertex -3.8800 -1.2192 -2.1644
        vertex -3.7163 -1.3836 -2.0136
    endloop
endfacet
facet normal -0.0057 -0.2948 -0.3153
    outer loop
        vertex -4.5912 -1.6033 -1.7922
        vertex -3.9834 -1.5641 -1.8399
        vertex -3.9190 -1.6430 -1.7673
    endloop
endfacet
facet normal -0.0257 -0.1395 -0.2492
    outer loop
        vertex -4.1868 -0.5104 -2.5297
        vertex -4.3598 -0.5464 -2.4917
        vertex -3.7418 -0.1873 -2.7565
    endloop
endfacet
facet normal -0.0258 -0.1402 -0.2503
    outer loop
        vertex -3.7418 -0.1873 -2.7565
        vertex -3.6804 -0.2327 -2.7374
        vertex -4.1868 -0.5104 -2.5297
    endloop
endfacet
facet normal -0.0304 -0.1649 -0.2945
    outer loop
        vertex -3.5646 -0.7580 -2.4552
        vertex -3.9596 -0.7940 -2.3943
        vertex -4.0179 -0.6800 -2.4521
    endloop
endfacet
facet normal -0.0593 -0.3221 -0.5752
    outer loop
        vertex -4.0179 -0.6800 -2.4521
        vertex -3.5515 -0.5572 -2.5690
        vertex -3.5646 -0.7580 -2.4552
    endloop
endfacet
facet normal -0.0855 -0.4647 -0.8299
    outer loop
        vertex -4.0179 -0.6800 -2.4521
        vertex -4.1868 -0.5104 -2.5297
        vertex -3.6804 -0.2327 -2.7374
    endloop
endfacet
facet normal -0.1078 -0.5849 -1.0448
    outer loop
        vertex -3.6804 -0.2327 -2.7374
        vertex -3.5515 -0.5572 -2.5690
        vertex -4.0179 -0.6800 -2.4521
    endloop
endfacet
facet normal -0.0327 -0.1777 -0.3174
    outer loop
        vertex -3.4925 -0.3117 -2.7125
        vertex -3.5515 -0.5572 -2.5690
        vertex -3.6804 -0.2327 -2.7374
    endloop
endfacet
facet normal -0.0061 -0.0334 -0.0595
    outer loop
        vertex -3.6804 -0.2327 -2.7374
        vertex -3.5905 -0.2198 -2.7539
        vertex -3.4925 -0.3117 -2.7125
    endloop
endfacet
facet normal -0.0049 -0.0266 -0.0474
    outer loop
        vertex -3.5905 -0.2198 -2.7539
        vertex -3.4937 -0.1600 -2.7973
        vertex -3.4320 -0.2003 -2.7811
    endloop
endfacet
facet normal -0.0106 -0.0576 -0.1029
    outer loop
        vertex -3.4320 -0.2003 -2.7811
        vertex -3.4925 -0.3117 -2.7125
        vertex -3.5905 -0.2198 -2.7539
    endloop
endfacet
facet normal -0.0053 -0.0291 -0.0519
    outer loop
        vertex -3.4320 -0.2003 -2.7811
        vertex -3.4937 -0.1600 -2.7973
        vertex -3.4096 -0.0804 -2.8506
    endloop
endfacet
facet normal -0.0060 -0.0327 -0.0584
    outer loop
        vertex -3.4096 -0.0804 -2.8506
        vertex -3.3494 -0.1754 -2.8036
        vertex -3.4320 -0.2003 -2.7811
    endloop
endfacet
facet normal -0.0084 -0.0452 -0.0809
    outer loop
        vertex -3.3494 0.0175 -2.9116
        vertex -3.3576 0.0360 -2.9211
        vertex -2.8000 0.3600 -3.1600
    endloop
endfacet
facet normal -0.1255 -0.6824 -1.2187
    outer loop
        vertex -3.3494 0.0175 -2.9116
        vertex -2.8000 0.3600 -3.1600
        vertex -3.2231 -0.2586 -2.7700
    endloop
endfacet
facet normal -0.0066 -0.0357 -0.0638
    outer loop
        vertex -3.2231 -0.2586 -2.7700
        vertex -3.2838 -0.2066 -2.7929
        vertex -3.3494 0.0175 -2.9116
    endloop
endfacet
facet normal -0.8051 0.5155 -0.7716
    outer loop
        vertex -4.8999 1.0097 -2.2609
        vertex -4.6812 1.3672 -2.2502
        vertex -4.1200 1.7200 -2.6000
    endloop
endfacet
facet normal -0.0053 -0.0541 -0.0502
    outer loop
        vertex -3.5692 -1.2386 -2.1760
        vertex -3.5561 -1.3806 -2.0244
        vertex -3.6126 -1.3816 -2.0173
    endloop
endfacet
facet normal -0.2135 -0.1007 -0.7673
    outer loop
        vertex -2.9448 1.7718 -3.3048
        vertex -1.7929 1.7793 -3.6263
        vertex -1.8076 1.6726 -3.6082
    endloop
endfacet
facet normal -1.5287 -0.7204 -5.4947
    outer loop
        vertex -1.8076 1.6726 -3.6082
        vertex -2.7510 0.9818 -3.2552
        vertex -2.9448 1.7718 -3.3048
    endloop
endfacet
facet normal -0.2709 -0.1277 -0.9736
    outer loop
        vertex -2.7510 0.9818 -3.2552
        vertex -1.8076 1.6726 -3.6082
        vertex -2.6956 0.8572 -3.2542
    endloop
endfacet
facet normal -0.1297 -0.0611 -0.4665
    outer loop
        vertex -2.7510 0.9818 -3.2552
        vertex -2.8770 1.1102 -3.2370
        vertex -2.9448 1.7718 -3.3048
    endloop
endfacet
facet normal -0.0576 -0.0272 -0.2072
    outer loop
        vertex -2.7358 0.7718 -3.2318
        vertex -2.8000 0.3600 -3.1600
        vertex -2.8320 0.6715 -3.1920
    endloop
endfacet
facet normal -2.9133 0.9763 -4.4225
    outer loop
        vertex -4.1200 1.7200 -2.6000
        vertex -3.1246 1.7650 -3.2458
        vertex -3.9182 1.0182 -2.8879
    endloop
endfacet
facet normal -0.3275 0.1097 -0.4971
    outer loop
        vertex -3.9182 1.0182 -2.8879
        vertex -4.0897 1.2207 -2.7302
        vertex -4.1200 1.7200 -2.6000
    endloop
endfacet
facet normal -0.7241 0.2427 -1.0992
    outer loop
        vertex -4.3885 0.9443 -2.5944
        vertex -4.8210 0.3499 -2.4407
        vertex -4.1200 1.7200 -2.6000
    endloop
endfacet
facet normal -0.1748 0.0586 -0.2653
    outer loop
        vertex -4.1200 1.7200 -2.6000
        vertex -4.2583 1.1623 -2.6320
        vertex -4.3885 0.9443 -2.5944
    endloop
endfacet
facet normal -0.0808 0.0271 -0.1227
    outer loop
        vertex -4.1200 1.7200 -2.6000
        vertex -4.0897 1.2207 -2.7302
        vertex -4.1302 1.2392 -2.6994
    endloop
endfacet
facet normal -0.1474 0.0494 -0.2237
    outer loop
        vertex -4.2570 0.6993 -2.7351
        vertex -4.6967 0.2855 -2.5368
        vertex -4.7323 0.3334 -2.5028
    endloop
endfacet
facet normal -0.5009 0.1679 -0.7604
    outer loop
        vertex -4.7323 0.3334 -2.5028
        vertex -4.3719 0.8668 -2.6224
        vertex -4.2570 0.6993 -2.7351
    endloop
endfacet
facet normal -0.0844 0.0283 -0.1281
    outer loop
        vertex -4.1302 1.2392 -2.6994
        vertex -4.1730 1.2315 -2.6730
        vertex -4.1200 1.7200 -2.6000
    endloop
endfacet
facet normal -0.1566 0.0525 -0.2377
    outer loop
        vertex -4.1730 1.2315 -2.6730
        vertex -4.2583 1.1623 -2.6320
        vertex -4.1200 1.7200 -2.6000
    endloop
endfacet
facet normal -0.1299 0.0435 -0.1972
    outer loop
        vertex -4.7323 0.3334 -2.5028
        vertex -4.7764 0.3557 -2.4688
        vertex -4.3719 0.8668 -2.6224
    endloop
endfacet
facet normal -0.1431 -0.0628 -0.4485
    outer loop
        vertex -4.6967 0.2855 -2.5368
        vertex -4.2570 0.6993 -2.7351
        vertex -4.1820 0.6066 -2.7460
    endloop
endfacet
facet normal -0.1479 -0.0648 -0.4633
    outer loop
        vertex -4.1820 0.6066 -2.7460
        vertex -4.6235 0.1871 -2.5464
        vertex -4.6967 0.2855 -2.5368
    endloop
endfacet
facet normal -0.1406 -0.0617 -0.4405
    outer loop
        vertex -3.9600 0.2000 -2.7600
        vertex -4.5744 0.0818 -2.5473
        vertex -4.6235 0.1871 -2.5464
    endloop
endfacet
facet normal -0.5440 -0.2385 -1.7041
    outer loop
        vertex -4.6235 0.1871 -2.5464
        vertex -4.1820 0.6066 -2.7460
        vertex -3.9600 0.2000 -2.7600
    endloop
endfacet
facet normal -1.0140 -0.4445 -3.1759
    outer loop
        vertex -3.0479 1.7688 -3.2708
        vertex -3.9600 0.2000 -2.7600
        vertex -3.8760 0.9017 -2.8850
    endloop
endfacet
facet normal -0.1265 -0.0556 -0.3965
    outer loop
        vertex -3.8760 0.9017 -2.8850
        vertex -3.1246 1.7650 -3.2458
        vertex -3.0479 1.7688 -3.2708
    endloop
endfacet
facet normal -0.0309 -0.0136 -0.0970
    outer loop
        vertex -3.9600 0.2000 -2.7600
        vertex -3.9061 0.8348 -2.8661
        vertex -3.8760 0.9017 -2.8850
    endloop
endfacet
facet normal -0.2475 -0.1085 -0.7750
    outer loop
        vertex -3.1246 1.7650 -3.2458
        vertex -3.8760 0.9017 -2.8850
        vertex -3.9182 1.0182 -2.8879
    endloop
endfacet
facet normal -0.1963 -0.0861 -0.6149
    outer loop
        vertex -3.9061 0.8348 -2.8661
        vertex -3.9600 0.2000 -2.7600
        vertex -4.0787 0.6271 -2.7819
    endloop
endfacet
facet normal -0.0395 -0.0173 -0.1239
    outer loop
        vertex -4.1820 0.6066 -2.7460
        vertex -4.1268 0.5947 -2.7620
        vertex -3.9600 0.2000 -2.7600
    endloop
endfacet
facet normal -0.1012 -0.0444 -0.3171
    outer loop
        vertex -5.0000 0.0000 -2.4000
        vertex -4.6967 0.2855 -2.5368
        vertex -4.6235 0.1871 -2.5464
    endloop
endfacet
facet normal -0.0974 -0.0427 -0.3051
    outer loop
        vertex -4.6235 0.1871 -2.5464
        vertex -4.5744 0.0818 -2.5473
        vertex -5.0000 0.0000 -2.4000
    endloop
endfacet
facet normal -0.0008 -0.0083 -0.0081
    outer loop
        vertex -1.1826 -1.4925 -2.0675
        vertex -1.1954 -1.4391 -2.1209
        vertex -1.1628 -1.4741 -2.0882
    endloop
endfacet
facet normal -0.0597 -0.5818 -0.5657
    outer loop
        vertex -0.6793 -1.3229 -2.2932
        vertex -1.0570 -1.2813 -2.2962
        vertex -1.0911 -1.0379 -2.5429
    endloop
endfacet
facet normal -0.0232 -0.2264 -0.2201
    outer loop
        vertex -1.0911 -1.0379 -2.5429
        vertex -0.6079 -1.2868 -2.3379
        vertex -0.6793 -1.3229 -2.2932
    endloop
endfacet
facet normal 0.0021 -0.2315 -0.2861
    outer loop
        vertex 0.0000 -0.8670 -2.6734
        vertex 0.0000 -1.0808 -2.5003
        vertex -0.2140 -1.0820 -2.5009
    endloop
endfacet
facet normal 0.0029 -0.3255 -0.4021
    outer loop
        vertex -0.2140 -1.0820 -2.5009
        vertex -0.3361 -0.9041 -2.6458
        vertex 0.0000 -0.8670 -2.6734
    endloop
endfacet
facet normal -0.0024 -0.0457 -0.0433
    outer loop
        vertex -1.5571 -1.6695 -1.8786
        vertex -1.4392 -1.7314 -1.8196
        vertex -1.4795 -1.7690 -1.7777
    endloop
endfacet
facet normal -0.0025 -0.0468 -0.0442
    outer loop
        vertex -1.4795 -1.7690 -1.7777
        vertex -1.5343 -1.7900 -1.7525
        vertex -1.5571 -1.6695 -1.8786
    endloop
endfacet
facet normal -0.0326 -0.1646 -0.2464
    outer loop
        vertex -4.9172 -1.6617 -1.7316
        vertex -5.0000 -1.6058 -1.7580
        vertex -4.5808 -1.4127 -1.9425
    endloop
endfacet
facet normal -0.0341 -0.1722 -0.2577
    outer loop
        vertex -4.5808 -1.4127 -1.9425
        vertex -4.5262 -1.4949 -1.8948
        vertex -4.9172 -1.6617 -1.7316
    endloop
endfacet
facet normal -0.1618 -0.1045 -0.5254
    outer loop
        vertex -4.6235 -0.1251 -2.4910
        vertex -5.0000 0.0000 -2.4000
        vertex -4.5744 0.0818 -2.5473
    endloop
endfacet
facet normal -0.0129 -0.0083 -0.0417
    outer loop
        vertex -4.5744 0.0818 -2.5473
        vertex -4.5712 -0.0407 -2.5240
        vertex -4.6235 -0.1251 -2.4910
    endloop
endfacet
facet normal 0.0046 -0.5171 -0.6387
    outer loop
        vertex -1.0386 -1.0056 -2.5686
        vertex -0.8089 -0.9183 -2.6377
        vertex -0.6079 -1.2868 -2.3379
    endloop
endfacet
facet normal 0.0013 -0.1451 -0.1793
    outer loop
        vertex -0.6079 -1.2868 -2.3379
        vertex -1.0911 -1.0379 -2.5429
        vertex -1.0386 -1.0056 -2.5686
    endloop
endfacet
facet normal -0.0753 -0.3902 -0.7461
    outer loop
        vertex -1.6346 -0.6479 -2.7506
        vertex -1.3774 -0.2497 -2.9847
        vertex -1.3423 -0.6595 -2.7740
    endloop
endfacet
facet normal -0.0299 -0.1548 -0.2960
    outer loop
        vertex -1.3423 -0.6595 -2.7740
        vertex -1.4382 -0.8177 -2.6816
        vertex -1.6346 -0.6479 -2.7506
    endloop
endfacet
facet normal -0.0385 -0.1996 -0.3818
    outer loop
        vertex -2.3391 0.2359 -3.1416
        vertex -2.1064 0.0167 -3.0504
        vertex -2.1845 -0.1724 -2.9437
    endloop
endfacet
facet normal -0.0699 -0.3622 -0.6927
    outer loop
        vertex -2.1845 -0.1724 -2.9437
        vertex -2.5882 0.1768 -3.0856
        vertex -2.3391 0.2359 -3.1416
    endloop
endfacet
facet normal -0.0836 -0.0495 -0.2623
    outer loop
        vertex -3.7418 -0.1873 -2.7565
        vertex -3.8748 -0.0889 -2.7326
        vertex -3.8580 0.2141 -2.7952
    endloop
endfacet
facet normal -0.2589 -0.1533 -0.8123
    outer loop
        vertex -3.8580 0.2141 -2.7952
        vertex -3.5466 0.2570 -2.9026
        vertex -3.7418 -0.1873 -2.7565
    endloop
endfacet
facet normal -0.0459 0.0148 -0.0745
    outer loop
        vertex -5.0000 0.0000 -2.4000
        vertex -5.0000 0.1888 -2.3624
        vertex -4.9369 0.2669 -2.3858
    endloop
endfacet
facet normal -0.0989 0.0319 -0.1606
    outer loop
        vertex -4.9369 0.2669 -2.3858
        vertex -4.8210 0.3499 -2.4407
        vertex -5.0000 0.0000 -2.4000
    endloop
endfacet
facet normal -0.0029 -0.1491 -0.1594
    outer loop
        vertex -4.5912 -1.6033 -1.7922
        vertex -4.7686 -1.7133 -1.6860
        vertex -4.9172 -1.6617 -1.7316
    endloop
endfacet
facet normal -0.0036 -0.1845 -0.1972
    outer loop
        vertex -4.9172 -1.6617 -1.7316
        vertex -4.5262 -1.4949 -1.8948
        vertex -4.5912 -1.6033 -1.7922
    endloop
endfacet
facet normal -0.0063 -0.3266 -0.3491
    outer loop
        vertex -3.5543 -1.4171 -1.9852
        vertex -3.9190 -1.6430 -1.7673
        vertex -3.7720 -1.3988 -1.9984
    endloop
endfacet
facet normal -0.0005 -0.0252 -0.0270
    outer loop
        vertex -3.7720 -1.3988 -1.9984
        vertex -3.7163 -1.3836 -2.0136
        vertex -3.5543 -1.4171 -1.9852
    endloop
endfacet
facet normal -0.0331 -0.0138 -0.1016
    outer loop
        vertex -2.8320 0.6715 -3.1920
        vertex -2.9030 0.5974 -3.1587
        vertex -3.0976 0.6234 -3.0988
    endloop
endfacet
facet normal -0.0936 -0.0390 -0.2869
    outer loop
        vertex -3.0976 0.6234 -3.0988
        vertex -3.2202 0.7740 -3.0793
        vertex -2.8320 0.6715 -3.1920
    endloop
endfacet
facet normal -0.0043 -0.0018 -0.0132
    outer loop
        vertex -3.7432 0.3044 -2.8449
        vertex -3.6668 0.3278 -2.8730
        vertex -3.6177 0.3152 -2.8873
    endloop
endfacet
facet normal -0.0164 -0.0069 -0.0504
    outer loop
        vertex -3.6177 0.3152 -2.8873
        vertex -3.5466 0.2570 -2.9026
        vertex -3.7432 0.3044 -2.8449
    endloop
endfacet
facet normal -0.0426 -0.3549 -0.2372
    outer loop
        vertex -4.2029 -2.2400 -1.0278
        vertex -4.3487 -2.2331 -1.0120
        vertex -4.4726 -1.9670 -1.3879
    endloop
endfacet
facet normal -0.0638 -0.5316 -0.3553
    outer loop
        vertex -4.4726 -1.9670 -1.3879
        vertex -4.0516 -2.1824 -1.1412
        vertex -4.2029 -2.2400 -1.0278
    endloop
endfacet
facet normal -0.0096 -0.3387 -0.3364
    outer loop
        vertex -1.5848 -1.5233 -2.0250
        vertex -1.3349 -1.3311 -2.2257
        vertex -1.1954 -1.4391 -2.1209
    endloop
endfacet
facet normal -0.0039 -0.1376 -0.1367
    outer loop
        vertex -1.1954 -1.4391 -2.1209
        vertex -1.1826 -1.4925 -2.0675
        vertex -1.5848 -1.5233 -2.0250
    endloop
endfacet
facet normal -0.0057 -0.2018 -0.2004
    outer loop
        vertex -1.6972 -0.9644 -2.5845
        vertex -1.5141 -0.9428 -2.6115
        vertex -1.6284 -1.1313 -2.4184
    endloop
endfacet
facet normal -0.0016 -0.0566 -0.0562
    outer loop
        vertex -1.6284 -1.1313 -2.4184
        vertex -1.6761 -1.1461 -2.4022
        vertex -1.6972 -0.9644 -2.5845
    endloop
endfacet
facet normal -0.0674 -0.3661 -0.6538
    outer loop
        vertex -4.4872 -0.8584 -2.3039
        vertex -4.0179 -0.6800 -2.4521
        vertex -4.0052 -0.8981 -2.3313
    endloop
endfacet
facet normal -0.0438 -0.2381 -0.4253
    outer loop
        vertex -4.0052 -0.8981 -2.3313
        vertex -4.1372 -1.0284 -2.2448
        vertex -4.4872 -0.8584 -2.3039
    endloop
endfacet
facet normal -0.0012 -0.0067 -0.0119
    outer loop
        vertex -3.3576 0.0360 -2.9211
        vertex -3.3494 0.0175 -2.9116
        vertex -3.4096 -0.0804 -2.8506
    endloop
endfacet
facet normal -0.0213 -0.1157 -0.2067
    outer loop
        vertex -3.4096 -0.0804 -2.8506
        vertex -3.7418 -0.1873 -2.7565
        vertex -3.3576 0.0360 -2.9211
    endloop
endfacet
facet normal -0.0173 -0.1006 -0.1984
    outer loop
        vertex -1.4382 -0.8177 -2.6816
        vertex -1.5141 -0.9428 -2.6115
        vertex -1.7107 -0.8486 -2.6421
    endloop
endfacet
facet normal -0.0163 -0.0948 -0.1869
    outer loop
        vertex -1.7107 -0.8486 -2.6421
        vertex -1.6920 -0.7367 -2.7005
        vertex -1.4382 -0.8177 -2.6816
    endloop
endfacet
facet normal -0.0014 -0.0139 -0.0129
    outer loop
        vertex -3.6126 -1.3816 -2.0173
        vertex -3.5561 -1.3806 -2.0244
        vertex -3.5543 -1.4171 -1.9852
    endloop
endfacet
facet normal -0.0169 -0.0080 -0.0609
    outer loop
        vertex -2.7510 0.9818 -3.2552
        vertex -2.6956 0.8572 -3.2542
        vertex -2.7358 0.7718 -3.2318
    endloop
endfacet
facet normal -0.0377 -0.0178 -0.1357
    outer loop
        vertex -2.7358 0.7718 -3.2318
        vertex -2.8320 0.6715 -3.1920
        vertex -2.7510 0.9818 -3.2552
    endloop
endfacet
facet normal -0.4813 0.1613 -0.7307
    outer loop
        vertex -4.3719 0.8668 -2.6224
        vertex -4.2583 1.1623 -2.6320
        vertex -3.9182 1.0182 -2.8879
    endloop
endfacet
facet normal -0.3846 0.1289 -0.5838
    outer loop
        vertex -3.9182 1.0182 -2.8879
        vertex -4.2570 0.6993 -2.7351
        vertex -4.3719 0.8668 -2.6224
    endloop
endfacet
facet normal -0.0052 0.0017 -0.0078
    outer loop
        vertex -4.8210 0.3499 -2.4407
        vertex -4.7764 0.3557 -2.4688
        vertex -4.7323 0.3334 -2.5028
    endloop
endfacet
facet normal -0.0151 0.0050 -0.0229
    outer loop
        vertex -4.7323 0.3334 -2.5028
        vertex -4.6967 0.2855 -2.5368
        vertex -4.8210 0.3499 -2.4407
    endloop
endfacet
facet normal -0.0988 -0.0433 -0.3094
    outer loop
        vertex -3.9061 0.8348 -2.8661
        vertex -4.0787 0.6271 -2.7819
        vertex -4.2570 0.6993 -2.7351
    endloop
endfacet
facet normal -0.1317 -0.0577 -0.4126
    outer loop
        vertex -4.2570 0.6993 -2.7351
        vertex -3.9182 1.0182 -2.8879
        vertex -3.9061 0.8348 -2.8661
    endloop
endfacet
facet normal -0.0200 -0.2808 -0.2112
    outer loop
        vertex -4.4726 -1.9670 -1.3879
        vertex -4.3682 -1.9189 -1.4617
        vertex -4.0064 -2.0759 -1.2871
    endloop
endfacet
facet normal -0.0323 -0.4537 -0.3409
    outer loop
        vertex -4.0064 -2.0759 -1.2871
        vertex -4.0516 -2.1824 -1.1412
        vertex -4.4726 -1.9670 -1.3879
    endloop
endfacet
facet normal -0.0028 -0.0275 -0.0267
    outer loop
        vertex -1.1550 -1.1406 -2.4306
        vertex -1.1585 -1.0793 -2.4932
        vertex -1.0911 -1.0379 -2.5429
    endloop
endfacet
facet normal -0.0126 -0.1225 -0.1191
    outer loop
        vertex -1.0911 -1.0379 -2.5429
        vertex -1.0570 -1.2813 -2.2962
        vertex -1.1550 -1.1406 -2.4306
    endloop
endfacet
facet normal -0.0047 -0.0455 -0.0442
    outer loop
        vertex -0.8593 -1.3663 -2.2296
        vertex -0.9483 -1.3638 -2.2228
        vertex -1.0570 -1.2813 -2.2962
    endloop
endfacet
facet normal -0.0158 -0.1535 -0.1492
    outer loop
        vertex -1.0570 -1.2813 -2.2962
        vertex -0.6793 -1.3229 -2.2932
        vertex -0.8593 -1.3663 -2.2296
    endloop
endfacet
facet normal -0.0475 -0.2403 -0.3595
    outer loop
        vertex -4.7795 -1.2206 -2.0446
        vertex -4.5808 -1.4127 -1.9425
        vertex -5.0000 -1.2969 -1.9645
    endloop
endfacet
facet normal -0.0069 -0.0347 -0.0519
    outer loop
        vertex -5.0000 -1.2969 -1.9645
        vertex -4.8828 -1.2186 -2.0322
        vertex -4.7795 -1.2206 -2.0446
    endloop
endfacet
facet normal -0.1070 -0.5410 -0.8096
    outer loop
        vertex -5.0000 -1.2969 -1.9645
        vertex -4.5808 -1.4127 -1.9425
        vertex -5.0000 -1.6058 -1.7580
    endloop
endfacet
facet normal -0.0145 -0.0094 -0.0472
    outer loop
        vertex -4.8955 -0.2042 -2.3916
        vertex -5.0000 -0.0723 -2.3856
        vertex -5.0000 0.0000 -2.4000
    endloop
endfacet
facet normal -0.1228 -0.0793 -0.3989
    outer loop
        vertex -5.0000 0.0000 -2.4000
        vertex -4.6235 -0.1251 -2.4910
        vertex -4.8955 -0.2042 -2.3916
    endloop
endfacet
facet normal -0.0082 -0.0053 -0.0265
    outer loop
        vertex -4.7348 -0.2460 -2.4328
        vertex -4.7838 -0.2596 -2.4150
        vertex -4.8955 -0.2042 -2.3916
    endloop
endfacet
facet normal -0.0464 -0.0299 -0.1505
    outer loop
        vertex -4.8955 -0.2042 -2.3916
        vertex -4.6235 -0.1251 -2.4910
        vertex -4.7348 -0.2460 -2.4328
    endloop
endfacet
facet normal -0.0046 -0.0030 -0.0148
    outer loop
        vertex -4.5744 0.0818 -2.5473
        vertex -4.5539 0.0377 -2.5449
        vertex -4.5712 -0.0407 -2.5240
    endloop
endfacet
facet normal 0.0005 -0.0563 -0.0696
    outer loop
        vertex -0.4702 -1.1322 -2.4621
        vertex -0.4771 -1.2208 -2.3904
        vertex -0.6079 -1.2868 -2.3379
    endloop
endfacet
facet normal 0.0037 -0.4140 -0.5114
    outer loop
        vertex -0.6079 -1.2868 -2.3379
        vertex -0.8089 -0.9183 -2.6377
        vertex -0.4702 -1.1322 -2.4621
    endloop
endfacet
facet normal 0.0017 -0.1934 -0.2389
    outer loop
        vertex -0.6244 -0.9220 -2.6334
        vertex -0.4702 -1.1322 -2.4621
        vertex -0.8089 -0.9183 -2.6377
    endloop
endfacet
facet normal 0.0002 -0.0195 -0.0241
    outer loop
        vertex -0.8089 -0.9183 -2.6377
        vertex -0.7050 -0.8994 -2.6522
        vertex -0.6244 -0.9220 -2.6334
    endloop
endfacet
facet normal -0.0030 -0.0155 -0.0296
    outer loop
        vertex -2.5063 0.2398 -3.1268
        vertex -2.4386 0.2665 -3.1476
        vertex -2.3391 0.2359 -3.1416
    endloop
endfacet
facet normal -0.0068 -0.0355 -0.0678
    outer loop
        vertex -2.3391 0.2359 -3.1416
        vertex -2.5882 0.1768 -3.0856
        vertex -2.5063 0.2398 -3.1268
    endloop
endfacet
facet normal -0.0491 -0.0290 -0.1540
    outer loop
        vertex -3.3801 0.0870 -2.9235
        vertex -3.3576 0.0360 -2.9211
        vertex -3.7418 -0.1873 -2.7565
    endloop
endfacet
facet normal -0.1612 -0.0955 -0.5059
    outer loop
        vertex -3.7418 -0.1873 -2.7565
        vertex -3.5006 0.2194 -2.9101
        vertex -3.3801 0.0870 -2.9235
    endloop
endfacet
facet normal -0.0553 -0.0327 -0.1735
    outer loop
        vertex -3.5466 0.2570 -2.9026
        vertex -3.5006 0.2194 -2.9101
        vertex -3.7418 -0.1873 -2.7565
    endloop
endfacet
facet normal -0.0321 -0.0190 -0.1005
    outer loop
        vertex -3.9135 0.1704 -2.7692
        vertex -3.8580 0.2141 -2.7952
        vertex -3.8748 -0.0889 -2.7326
    endloop
endfacet
facet normal -0.0302 -0.0179 -0.0947
    outer loop
        vertex -3.8748 -0.0889 -2.7326
        vertex -3.9459 -0.0041 -2.7260
        vertex -3.9135 0.1704 -2.7692
    endloop
endfacet
facet normal -0.0148 -0.0087 -0.0463
    outer loop
        vertex -3.9135 0.1704 -2.7692
        vertex -3.9459 -0.0041 -2.7260
        vertex -3.9749 0.0684 -2.7304
    endloop
endfacet
facet normal -0.0034 0.0011 -0.0055
    outer loop
        vertex -4.9369 0.2669 -2.3858
        vertex -4.8341 0.3482 -2.4330
        vertex -4.8210 0.3499 -2.4407
    endloop
endfacet
facet normal -0.0004 -0.0208 -0.0222
    outer loop
        vertex -4.9172 -1.6617 -1.7316
        vertex -4.7686 -1.7133 -1.6860
        vertex -4.8445 -1.7108 -1.6870
    endloop
endfacet
facet normal -0.0004 -0.0221 -0.0237
    outer loop
        vertex -3.5543 -1.4171 -1.9852
        vertex -3.7163 -1.3836 -2.0136
        vertex -3.6126 -1.3816 -2.0173
    endloop
endfacet
facet normal -0.0032 -0.1599 -0.1709
    outer loop
        vertex -3.9438 -1.4980 -1.9025
        vertex -3.7720 -1.3988 -1.9984
        vertex -3.9190 -1.6430 -1.7673
    endloop
endfacet
facet normal -0.0008 -0.0431 -0.0461
    outer loop
        vertex -3.9190 -1.6430 -1.7673
        vertex -3.9834 -1.5641 -1.8399
        vertex -3.9438 -1.4980 -1.9025
    endloop
endfacet
facet normal -0.0108 -0.5566 -0.5950
    outer loop
        vertex -3.7256 -1.7842 -1.6387
        vertex -3.9190 -1.6430 -1.7673
        vertex -3.5543 -1.4171 -1.9852
    endloop
endfacet
facet normal -0.0082 -0.4231 -0.4522
    outer loop
        vertex -3.5543 -1.4171 -1.9852
        vertex -3.5354 -1.7989 -1.6284
        vertex -3.7256 -1.7842 -1.6387
    endloop
endfacet
facet normal -0.2382 -0.0993 -0.7304
    outer loop
        vertex -2.8770 1.1102 -3.2370
        vertex -2.8320 0.6715 -3.1920
        vertex -3.1417 1.0947 -3.1485
    endloop
endfacet
facet normal -0.0363 -0.0151 -0.1114
    outer loop
        vertex -3.1417 1.0947 -3.1485
        vertex -2.9394 1.1739 -3.2252
        vertex -2.8770 1.1102 -3.2370
    endloop
endfacet
facet normal -0.0195 -0.0082 -0.0599
    outer loop
        vertex -3.0054 1.1954 -3.2067
        vertex -2.9394 1.1739 -3.2252
        vertex -3.1417 1.0947 -3.1485
    endloop
endfacet
facet normal -0.0470 -0.0196 -0.1441
    outer loop
        vertex -3.2438 0.9711 -3.0984
        vertex -3.1417 1.0947 -3.1485
        vertex -3.2202 0.7740 -3.0793
    endloop
endfacet
facet normal -0.0141 -0.0059 -0.0434
    outer loop
        vertex -3.2202 0.7740 -3.0793
        vertex -3.2707 0.9015 -3.0802
        vertex -3.2438 0.9711 -3.0984
    endloop
endfacet
facet normal -0.2702 -0.1127 -0.8285
    outer loop
        vertex -3.2202 0.7740 -3.0793
        vertex -3.1417 1.0947 -3.1485
        vertex -2.8320 0.6715 -3.1920
    endloop
endfacet
facet normal -0.0188 -0.0078 -0.0576
    outer loop
        vertex -3.0248 0.5663 -3.1148
        vertex -3.0976 0.6234 -3.0988
        vertex -2.9030 0.5974 -3.1587
    endloop
endfacet
facet normal -0.0051 -0.0021 -0.0155
    outer loop
        vertex -2.9030 0.5974 -3.1587
        vertex -2.9705 0.5598 -3.1316
        vertex -3.0248 0.5663 -3.1148
    endloop
endfacet
facet normal -0.0473 -0.0197 -0.1450
    outer loop
        vertex -3.8580 0.2141 -2.7952
        vertex -3.7432 0.3044 -2.8449
        vertex -3.5466 0.2570 -2.9026
    endloop
endfacet
facet normal -0.0076 -0.0634 -0.0424
    outer loop
        vertex -4.5453 -2.0967 -1.1808
        vertex -4.5587 -2.0274 -1.2820
        vertex -4.4726 -1.9670 -1.3879
    endloop
endfacet
facet normal -0.0397 -0.3312 -0.2214
    outer loop
        vertex -4.4726 -1.9670 -1.3879
        vertex -4.3487 -2.2331 -1.0120
        vertex -4.5453 -2.0967 -1.1808
    endloop
endfacet
facet normal -0.0028 -0.0977 -0.0970
    outer loop
        vertex -1.4392 -1.7314 -1.8196
        vertex -1.5571 -1.6695 -1.8786
        vertex -1.5848 -1.5233 -2.0250
    endloop
endfacet
facet normal -0.0158 -0.5550 -0.5512
    outer loop
        vertex -1.5848 -1.5233 -2.0250
        vertex -1.1826 -1.4925 -2.0675
        vertex -1.4392 -1.7314 -1.8196
    endloop
endfacet
facet normal -0.0006 -0.0228 -0.0227
    outer loop
        vertex -1.2834 -1.3449 -2.2132
        vertex -1.1954 -1.4391 -2.1209
        vertex -1.3349 -1.3311 -2.2257
    endloop
endfacet
facet normal -0.0194 -0.1055 -0.1884
    outer loop
        vertex -4.4872 -0.8584 -2.3039
        vertex -4.5400 -0.7511 -2.3585
        vertex -4.3598 -0.5464 -2.4917
    endloop
endfacet
facet normal -0.0797 -0.4327 -0.7729
    outer loop
        vertex -4.3598 -0.5464 -2.4917
        vertex -4.0179 -0.6800 -2.4521
        vertex -4.4872 -0.8584 -2.3039
    endloop
endfacet
facet normal -0.0200 -0.1088 -0.1942
    outer loop
        vertex -4.2876 -1.0442 -2.2204
        vertex -4.4872 -0.8584 -2.3039
        vertex -4.1372 -1.0284 -2.2448
    endloop
endfacet
facet normal -0.0022 -0.0122 -0.0217
    outer loop
        vertex -4.1372 -1.0284 -2.2448
        vertex -4.2032 -1.0584 -2.2211
        vertex -4.2876 -1.0442 -2.2204
    endloop
endfacet
facet normal -0.0073 -0.0394 -0.0704
    outer loop
        vertex -4.0052 -0.8981 -2.3313
        vertex -4.0179 -0.6800 -2.4521
        vertex -3.9596 -0.7940 -2.3943
    endloop
endfacet
facet normal -0.0228 -0.1240 -0.2213
    outer loop
        vertex -4.0179 -0.6800 -2.4521
        vertex -4.3598 -0.5464 -2.4917
        vertex -4.1868 -0.5104 -2.5297
    endloop
endfacet
facet normal -0.0031 -0.0171 -0.0305
    outer loop
        vertex -3.5905 -0.2198 -2.7539
        vertex -3.6804 -0.2327 -2.7374
        vertex -3.7418 -0.1873 -2.7565
    endloop
endfacet
facet normal -0.0079 -0.0426 -0.0762
    outer loop
        vertex -3.7418 -0.1873 -2.7565
        vertex -3.4937 -0.1600 -2.7973
        vertex -3.5905 -0.2198 -2.7539
    endloop
endfacet
facet normal -0.0113 -0.0611 -0.1092
    outer loop
        vertex -3.4096 -0.0804 -2.8506
        vertex -3.4937 -0.1600 -2.7973
        vertex -3.7418 -0.1873 -2.7565
    endloop
endfacet
facet normal -0.0210 -0.1222 -0.2409
    outer loop
        vertex -2.6962 0.0936 -3.0340
        vertex -2.5882 0.1768 -3.0856
        vertex -2.6058 -0.1937 -2.8961
    endloop
endfacet
facet normal -0.0133 -0.0776 -0.1529
    outer loop
        vertex -2.6058 -0.1937 -2.8961
        vertex -2.7251 -0.0850 -2.9408
        vertex -2.6962 0.0936 -3.0340
    endloop
endfacet
facet normal -0.0043 -0.0251 -0.0495
    outer loop
        vertex -2.7502 0.0336 -2.9988
        vertex -2.6962 0.0936 -3.0340
        vertex -2.7251 -0.0850 -2.9408
    endloop
endfacet
facet normal -0.0012 -0.0068 -0.0135
    outer loop
        vertex -2.7251 -0.0850 -2.9408
        vertex -2.7593 -0.0096 -2.9761
        vertex -2.7502 0.0336 -2.9988
    endloop
endfacet
facet normal -0.0231 -0.1341 -0.2644
    outer loop
        vertex -2.1845 -0.1724 -2.9437
        vertex -2.4847 -0.2880 -2.8588
        vertex -2.6058 -0.1937 -2.8961
    endloop
endfacet
facet normal -0.0850 -0.4937 -0.9731
    outer loop
        vertex -2.6058 -0.1937 -2.8961
        vertex -2.5882 0.1768 -3.0856
        vertex -2.1845 -0.1724 -2.9437
    endloop
endfacet
facet normal -0.0082 -0.0480 -0.0945
    outer loop
        vertex -2.4084 -0.3090 -2.8548
        vertex -2.4847 -0.2880 -2.8588
        vertex -2.1845 -0.1724 -2.9437
    endloop
endfacet
facet normal -0.0148 -0.0862 -0.1700
    outer loop
        vertex -1.6346 -0.6479 -2.7506
        vertex -1.4382 -0.8177 -2.6816
        vertex -1.6920 -0.7367 -2.7005
    endloop
endfacet
facet normal -0.0118 -0.0682 -0.1344
    outer loop
        vertex -1.5141 -0.9428 -2.6115
        vertex -1.6972 -0.9644 -2.5845
        vertex -1.7107 -0.8486 -2.6421
    endloop
endfacet
facet normal -0.0860 -0.0406 -0.3094
    outer loop
        vertex -2.7510 0.9818 -3.2552
        vertex -2.8320 0.6715 -3.1920
        vertex -2.8770 1.1102 -3.2370
    endloop
endfacet
facet normal -0.1817 0.0609 -0.2759
    outer loop
        vertex -4.0897 1.2207 -2.7302
        vertex -3.9182 1.0182 -2.8879
        vertex -4.2583 1.1623 -2.6320
    endloop
endfacet
facet normal -0.0275 0.0092 -0.0417
    outer loop
        vertex -4.2583 1.1623 -2.6320
        vertex -4.1730 1.2315 -2.6730
        vertex -4.0897 1.2207 -2.7302
    endloop
endfacet
facet normal -0.0046 0.0015 -0.0069
    outer loop
        vertex -4.1730 1.2315 -2.6730
        vertex -4.1302 1.2392 -2.6994
        vertex -4.0897 1.2207 -2.7302
    endloop
endfacet
facet normal -0.0564 0.0189 -0.0857
    outer loop
        vertex -4.2583 1.1623 -2.6320
        vertex -4.3719 0.8668 -2.6224
        vertex -4.3885 0.9443 -2.5944
    endloop
endfacet
facet normal -0.2266 0.0759 -0.3439
    outer loop
        vertex -5.0000 0.0000 -2.4000
        vertex -4.8210 0.3499 -2.4407
        vertex -4.6967 0.2855 -2.5368
    endloop
endfacet
facet normal -0.0222 -0.0097 -0.0694
    outer loop
        vertex -4.1820 0.6066 -2.7460
        vertex -4.2570 0.6993 -2.7351
        vertex -4.0787 0.6271 -2.7819
    endloop
endfacet
facet normal -0.0047 -0.0021 -0.0148
    outer loop
        vertex -4.0787 0.6271 -2.7819
        vertex -4.1268 0.5947 -2.7620
        vertex -4.1820 0.6066 -2.7460
    endloop
endfacet
facet normal -0.0126 -0.0055 -0.0396
    outer loop
        vertex -3.9182 1.0182 -2.8879
        vertex -3.8760 0.9017 -2.8850
        vertex -3.9061 0.8348 -2.8661
    endloop
endfacet
facet normal -0.0034 -0.0471 -0.0354
    outer loop
        vertex -4.0064 -2.0759 -1.2871
        vertex -3.9876 -2.1569 -1.1812
        vertex -4.0516 -2.1824 -1.1412
    endloop
endfacet
facet normal -0.0111 -0.1555 -0.1168
    outer loop
        vertex -4.3682 -1.9189 -1.4617
        vertex -4.2301 -1.9272 -1.4638
        vertex -4.0064 -2.0759 -1.2871
    endloop
endfacet
facet normal -0.0122 -0.1189 -0.1156
    outer loop
        vertex -0.9483 -1.3638 -2.2228
        vertex -0.8593 -1.3663 -2.2296
        vertex -0.9334 -1.5722 -2.0101
    endloop
endfacet
facet normal -0.0286 -0.2976 -0.2895
    outer loop
        vertex -0.9334 -1.5722 -2.0101
        vertex -1.1628 -1.4741 -2.0882
        vertex -0.9483 -1.3638 -2.2228
    endloop
endfacet
facet normal -0.0434 -0.8332 -0.3352
    outer loop
        vertex -1.4782 -2.6000 -0.5323
        vertex -1.6000 -2.8400 0.0800
        vertex -1.7388 -2.6730 -0.3170
    endloop
endfacet
facet normal -0.0255 -0.4894 -0.1969
    outer loop
        vertex -1.7388 -2.6730 -0.3170
        vertex -1.7678 -2.5602 -0.5936
        vertex -1.4782 -2.6000 -0.5323
    endloop
endfacet
facet normal -0.1801 0.1154 -0.1726
    outer loop
        vertex -4.5622 1.7085 -2.1462
        vertex -4.4246 1.6053 -2.3588
        vertex -4.5580 1.5047 -2.2868
    endloop
endfacet
facet normal -0.3300 0.2114 -0.3162
    outer loop
        vertex -4.5580 1.5047 -2.2868
        vertex -4.8045 1.4193 -2.0867
        vertex -4.5622 1.7085 -2.1462
    endloop
endfacet
facet normal -0.5624 0.2360 -0.4385
    outer loop
        vertex -4.1267 1.9466 -2.4694
        vertex -3.9442 2.3879 -2.4659
        vertex -3.9380 2.0184 -2.6728
    endloop
endfacet
facet normal -0.3466 0.1455 -0.2703
    outer loop
        vertex -3.9380 2.0184 -2.6728
        vertex -4.1200 1.7200 -2.6000
        vertex -4.1267 1.9466 -2.4694
    endloop
endfacet
facet normal -0.0176 0.0041 -0.0272
    outer loop
        vertex -3.9380 2.0184 -2.6728
        vertex -3.9545 1.9674 -2.6698
        vertex -4.1200 1.7200 -2.6000
    endloop
endfacet
facet normal -0.0375 -0.0177 -0.1351
    outer loop
        vertex -1.8076 1.6726 -3.6082
        vertex -1.7929 1.7793 -3.6263
        vertex -1.5600 2.0000 -3.7200
    endloop
endfacet
facet normal -0.0065 -0.1308 -0.0743
    outer loop
        vertex -1.4128 -2.3578 -1.1010
        vertex -1.4054 -2.3870 -1.0503
        vertex -1.8175 -2.3676 -1.0487
    endloop
endfacet
facet normal -0.0162 -0.3277 -0.1862
    outer loop
        vertex -1.8175 -2.3676 -1.0487
        vertex -1.8363 -2.2944 -1.1758
        vertex -1.4128 -2.3578 -1.1010
    endloop
endfacet
facet normal -0.0030 -0.0605 -0.0343
    outer loop
        vertex -3.2845 -2.2983 -1.0429
        vertex -3.5184 -2.2872 -1.0420
        vertex -3.5193 -2.2637 -1.0834
    endloop
endfacet
facet normal -0.0050 -0.1006 -0.0571
    outer loop
        vertex -3.5193 -2.2637 -1.0834
        vertex -3.2840 -2.2595 -1.1114
        vertex -3.2845 -2.2983 -1.0429
    endloop
endfacet
facet normal -0.0204 -0.1055 -0.2017
    outer loop
        vertex -1.6346 -0.6479 -2.7506
        vertex -1.7525 -0.3041 -2.9184
        vertex -1.6758 -0.2539 -2.9524
    endloop
endfacet
facet normal -0.0742 -0.3848 -0.7358
    outer loop
        vertex -1.6758 -0.2539 -2.9524
        vertex -1.3774 -0.2497 -2.9847
        vertex -1.6346 -0.6479 -2.7506
    endloop
endfacet
facet normal -0.1180 -1.0753 -0.3011
    outer loop
        vertex -3.5047 -2.6181 0.0549
        vertex -3.5144 -2.4028 -0.7102
        vertex -3.2870 -2.4853 -0.5047
    endloop
endfacet
facet normal -0.0919 -0.8377 -0.2346
    outer loop
        vertex -3.2870 -2.4853 -0.5047
        vertex -3.2678 -2.6460 0.0618
        vertex -3.5047 -2.6181 0.0549
    endloop
endfacet
facet normal -0.3649 0.1531 -0.2845
    outer loop
        vertex -3.7736 2.8649 -2.4280
        vertex -3.6378 3.1941 -2.4251
        vertex -3.5090 3.1711 -2.6026
    endloop
endfacet
facet normal -0.5979 0.2509 -0.4661
    outer loop
        vertex -3.5090 3.1711 -2.6026
        vertex -3.6963 2.6725 -2.6308
        vertex -3.7736 2.8649 -2.4280
    endloop
endfacet
facet normal -0.0693 0.0223 -0.1651
    outer loop
        vertex -2.1534 4.9698 -3.1486
        vertex -2.0450 4.9762 -3.1932
        vertex -2.1756 4.7249 -3.1724
    endloop
endfacet
facet normal -0.0954 0.0307 -0.2273
    outer loop
        vertex -2.1756 4.7249 -3.1724
        vertex -2.3184 4.7880 -3.1039
        vertex -2.1534 4.9698 -3.1486
    endloop
endfacet
facet normal -0.5364 0.0960 -0.4269
    outer loop
        vertex -3.4023 4.3694 -2.4182
        vertex -3.3353 4.8640 -2.3912
        vertex -3.1992 4.8495 -2.5656
    endloop
endfacet
facet normal -0.5714 0.1023 -0.4547
    outer loop
        vertex -3.1992 4.8495 -2.5656
        vertex -3.2599 4.3478 -2.6020
        vertex -3.4023 4.3694 -2.4182
    endloop
endfacet
facet normal -0.0432 -0.8314 -0.7863
    outer loop
        vertex -1.5343 -1.7900 -1.7525
        vertex -1.3901 -2.0086 -1.5292
        vertex -1.8743 -2.1470 -1.3563
    endloop
endfacet
facet normal -0.0911 -1.7479 -1.6533
    outer loop
        vertex -1.8743 -2.1470 -1.3563
        vertex -1.9594 -1.4583 -2.0797
        vertex -1.5343 -1.7900 -1.7525
    endloop
endfacet
facet normal -0.0961 0.0464 -0.9735
    outer loop
        vertex -0.9102 5.0178 -3.4312
        vertex -1.1648 5.0116 -3.4064
        vertex -1.0699 5.6258 -3.3864
    endloop
endfacet
facet normal -0.1099 0.0532 -1.1145
    outer loop
        vertex -1.0699 5.6258 -3.3864
        vertex -0.8062 5.7384 -3.4071
        vertex -0.9102 5.0178 -3.4312
    endloop
endfacet
facet normal -0.4695 -0.0091 -0.3496
    outer loop
        vertex -3.7709 6.6432 -1.9292
        vertex -3.5350 6.5659 -2.2440
        vertex -3.5970 6.3491 -2.1551
    endloop
endfacet
facet normal -0.3914 -0.0075 -0.2916
    outer loop
        vertex -3.5970 6.3491 -2.1551
        vertex -3.8023 6.4281 -1.8814
        vertex -3.7709 6.6432 -1.9292
    endloop
endfacet
facet normal -0.0970 0.0299 -0.3334
    outer loop
        vertex -1.7487 2.0273 -3.6627
        vertex -1.5600 2.0000 -3.7200
        vertex -2.9600 1.9200 -3.3200
    endloop
endfacet
facet normal -0.1826 0.0563 -0.6279
    outer loop
        vertex -2.9600 1.9200 -3.3200
        vertex -2.8862 2.0095 -3.3334
        vertex -1.7487 2.0273 -3.6627
    endloop
endfacet
facet normal -0.2805 0.0502 -0.2232
    outer loop
        vertex -3.3243 4.0120 -2.5966
        vertex -3.3672 3.7470 -2.6022
        vertex -3.4748 3.9153 -2.4293
    endloop
endfacet
facet normal -0.1196 0.0214 -0.0951
    outer loop
        vertex -3.4748 3.9153 -2.4293
        vertex -3.4539 4.0299 -2.4298
        vertex -3.3243 4.0120 -2.5966
    endloop
endfacet
facet normal 0.0032 -0.3606 -0.4453
    outer loop
        vertex -1.3200 -0.9200 -2.6400
        vertex 0.0000 -0.7600 -2.7600
        vertex -0.7050 -0.8994 -2.6522
    endloop
endfacet
facet normal 0.0004 -0.0479 -0.0592
    outer loop
        vertex -0.7050 -0.8994 -2.6522
        vertex -0.8089 -0.9183 -2.6377
        vertex -1.3200 -0.9200 -2.6400
    endloop
endfacet
facet normal -0.0180 -0.0932 -0.1782
    outer loop
        vertex -1.3200 -0.9200 -2.6400
        vertex -1.4382 -0.8177 -2.6816
        vertex -1.3423 -0.6595 -2.7740
    endloop
endfacet
facet normal -0.0075 0.0013 -0.0225
    outer loop
        vertex -1.8815 5.4664 -3.2522
        vertex -1.8236 5.4331 -3.2735
        vertex -1.7268 5.3154 -3.3126
    endloop
endfacet
facet normal -0.0597 0.0105 -0.1791
    outer loop
        vertex -1.7268 5.3154 -3.3126
        vertex -1.6876 5.0919 -3.3388
        vertex -1.8815 5.4664 -3.2522
    endloop
endfacet
facet normal -0.3094 0.0543 -0.9281
    outer loop
        vertex -2.1719 6.0272 -3.1226
        vertex -2.3086 6.2914 -3.0616
        vertex -1.7016 6.2045 -3.2690
    endloop
endfacet
facet normal -0.2444 0.0429 -0.7332
    outer loop
        vertex -1.7016 6.2045 -3.2690
        vertex -1.6890 5.9598 -3.2875
        vertex -2.1719 6.0272 -3.1226
    endloop
endfacet
facet normal -0.1004 0.0324 -0.1630
    outer loop
        vertex -4.8999 1.0097 -2.2609
        vertex -5.0000 0.6580 -2.2692
        vertex -5.0000 0.9185 -2.2174
    endloop
endfacet
facet normal -0.0107 -0.5529 -0.5910
    outer loop
        vertex -3.5354 -1.7989 -1.6284
        vertex -3.5543 -1.4171 -1.9852
        vertex -3.2990 -1.5722 -1.8447
    endloop
endfacet
facet normal -0.0127 -0.6571 -0.7024
    outer loop
        vertex -3.2990 -1.5722 -1.8447
        vertex -3.2810 -2.0304 -1.4164
        vertex -3.5354 -1.7989 -1.6284
    endloop
endfacet
facet normal -0.0056 -0.1144 -0.0478
    outer loop
        vertex -3.5173 -2.3200 -0.9638
        vertex -3.5184 -2.2872 -1.0420
        vertex -3.2845 -2.2983 -1.0429
    endloop
endfacet
facet normal -0.0091 -0.1862 -0.0778
    outer loop
        vertex -3.2845 -2.2983 -1.0429
        vertex -3.2852 -2.3519 -0.9147
        vertex -3.5173 -2.3200 -0.9638
    endloop
endfacet
facet normal -0.0167 -0.3423 -0.1431
    outer loop
        vertex -1.3675 -2.5362 -0.6980
        vertex -1.4782 -2.6000 -0.5323
        vertex -1.7678 -2.5602 -0.5936
    endloop
endfacet
facet normal -0.0572 -1.1710 -0.4895
    outer loop
        vertex -1.7678 -2.5602 -0.5936
        vertex -1.8175 -2.3676 -1.0487
        vertex -1.3675 -2.5362 -0.6980
    endloop
endfacet
facet normal -0.1209 0.1209 -1.2092
    outer loop
        vertex -1.5982 2.7268 -3.6435
        vertex -1.4467 3.5247 -3.5789
        vertex -1.2031 3.5306 -3.6026
    endloop
endfacet
facet normal -0.2165 0.2164 -2.1635
    outer loop
        vertex -1.2031 3.5306 -3.6026
        vertex -1.4910 2.0690 -3.7200
        vertex -1.5982 2.7268 -3.6435
    endloop
endfacet
facet normal -0.0161 -0.2125 -0.2149
    outer loop
        vertex -1.8526 -2.2312 -1.2746
        vertex -1.8743 -2.1470 -1.3563
        vertex -1.4776 -2.1031 -1.4293
    endloop
endfacet
facet normal -0.0225 -0.2968 -0.3004
    outer loop
        vertex -1.4776 -2.1031 -1.4293
        vertex -1.4476 -2.2210 -1.3150
        vertex -1.8526 -2.2312 -1.2746
    endloop
endfacet
facet normal -0.1152 -0.2269 -0.9197
    outer loop
        vertex -1.5441 1.7991 -3.6724
        vertex -1.6470 1.1911 -3.5095
        vertex -1.8076 1.6726 -3.6082
    endloop
endfacet
facet normal -0.0430 -0.0847 -0.3434
    outer loop
        vertex -1.8076 1.6726 -3.6082
        vertex -1.5600 2.0000 -3.7200
        vertex -1.5441 1.7991 -3.6724
    endloop
endfacet
facet normal -0.6330 0.0720 -0.9389
    outer loop
        vertex -2.7257 6.1248 -2.8923
        vertex -3.3335 6.2597 -2.4722
        vertex -3.3986 6.5213 -2.4082
    endloop
endfacet
facet normal -0.7466 0.0850 -1.1075
    outer loop
        vertex -3.3986 6.5213 -2.4082
        vertex -2.6729 6.3570 -2.9101
        vertex -2.7257 6.1248 -2.8923
    endloop
endfacet
facet normal -0.0217 0.0025 -0.0322
    outer loop
        vertex -3.1944 5.7008 -2.6090
        vertex -3.1565 5.6988 -2.6346
        vertex -3.1601 5.5632 -2.6426
    endloop
endfacet
facet normal -0.0166 -0.0069 -0.0508
    outer loop
        vertex -3.0479 1.7688 -3.2708
        vertex -2.9600 1.9200 -3.3200
        vertex -2.9926 1.7714 -3.2892
    endloop
endfacet
facet normal -0.1189 -0.3599 -0.6999
    outer loop
        vertex -3.2904 -0.5534 -2.6070
        vertex -3.2231 -0.2586 -2.7700
        vertex -2.9054 -0.5308 -2.6840
    endloop
endfacet
facet normal -0.1427 -0.4316 -0.8396
    outer loop
        vertex -2.9054 -0.5308 -2.6840
        vertex -2.8209 -0.8748 -2.5216
        vertex -3.2904 -0.5534 -2.6070
    endloop
endfacet
facet normal -0.1202 0.0680 -0.9823
    outer loop
        vertex -1.0539 5.8711 -3.3714
        vertex -1.6890 5.9598 -3.2875
        vertex -0.9851 6.1090 -3.3633
    endloop
endfacet
facet normal -0.0256 0.0145 -0.2092
    outer loop
        vertex -0.9851 6.1090 -3.3633
        vertex -0.8529 6.0794 -3.3816
        vertex -1.0539 5.8711 -3.3714
    endloop
endfacet
facet normal -0.0063 -0.2214 -0.2199
    outer loop
        vertex -1.1270 -1.7243 -1.8357
        vertex -1.2335 -1.8394 -1.7168
        vertex -1.4392 -1.7314 -1.8196
    endloop
endfacet
facet normal -0.0130 -0.4579 -0.4548
    outer loop
        vertex -1.4392 -1.7314 -1.8196
        vertex -1.1826 -1.4925 -2.0675
        vertex -1.1270 -1.7243 -1.8357
    endloop
endfacet
facet normal -0.0038 -0.1345 -0.1336
    outer loop
        vertex -1.3200 -0.9200 -2.6400
        vertex -1.2834 -1.3449 -2.2132
        vertex -1.3349 -1.3311 -2.2257
    endloop
endfacet
facet normal -0.0221 -0.7778 -0.7725
    outer loop
        vertex -1.3349 -1.3311 -2.2257
        vertex -1.6284 -1.1313 -2.4184
        vertex -1.3200 -0.9200 -2.6400
    endloop
endfacet
facet normal -0.0184 0.0082 -0.0461
    outer loop
        vertex -2.8862 2.0095 -3.3334
        vertex -2.9600 1.9200 -3.3200
        vertex -2.9698 2.0082 -3.3004
    endloop
endfacet
facet normal -0.2507 -0.0123 -0.2048
    outer loop
        vertex -3.5350 6.5659 -2.2440
        vertex -3.3986 6.5213 -2.4082
        vertex -3.3335 6.2597 -2.4722
    endloop
endfacet
facet normal -0.4792 -0.0235 -0.3916
    outer loop
        vertex -3.3335 6.2597 -2.4722
        vertex -3.5970 6.3491 -2.1551
        vertex -3.5350 6.5659 -2.2440
    endloop
endfacet
facet normal -0.3962 -0.0194 -0.3238
    outer loop
        vertex -3.1601 5.5632 -2.6426
        vertex -3.1696 5.2114 -2.6100
        vertex -3.3104 5.4523 -2.4521
    endloop
endfacet
facet normal -0.2874 -0.0141 -0.2349
    outer loop
        vertex -3.3104 5.4523 -2.4521
        vertex -3.3046 5.7066 -2.4744
        vertex -3.1601 5.5632 -2.6426
    endloop
endfacet
facet normal -0.3154 0.1760 -0.3029
    outer loop
        vertex -4.1200 1.7200 -2.6000
        vertex -4.5622 1.7085 -2.1462
        vertex -4.4252 1.8216 -2.2231
    endloop
endfacet
facet normal -0.3995 0.2228 -0.3836
    outer loop
        vertex -4.4252 1.8216 -2.2231
        vertex -4.1577 1.9336 -2.4366
        vertex -4.1200 1.7200 -2.6000
    endloop
endfacet
facet normal -0.0109 -0.0591 -0.1055
    outer loop
        vertex -3.4925 -0.3117 -2.7125
        vertex -3.4320 -0.2003 -2.7811
        vertex -3.2838 -0.2066 -2.7929
    endloop
endfacet
facet normal -0.0111 -0.0604 -0.1078
    outer loop
        vertex -3.2838 -0.2066 -2.7929
        vertex -3.2231 -0.2586 -2.7700
        vertex -3.4925 -0.3117 -2.7125
    endloop
endfacet
facet normal -0.2375 0.3182 -2.3547
    outer loop
        vertex -1.1648 5.0116 -3.4064
        vertex -0.9102 5.0178 -3.4312
        vertex -1.2031 3.5306 -3.6026
    endloop
endfacet
facet normal -0.2272 0.3045 -2.2533
    outer loop
        vertex -1.2031 3.5306 -3.6026
        vertex -1.4467 3.5247 -3.5789
        vertex -1.1648 5.0116 -3.4064
    endloop
endfacet
facet normal -0.0710 -0.4124 -0.8129
    outer loop
        vertex -2.4118 -0.5798 -2.7172
        vertex -2.1845 -0.1724 -2.9437
        vertex -2.0171 -0.4444 -2.8203
    endloop
endfacet
facet normal -0.0644 -0.3742 -0.7376
    outer loop
        vertex -2.0171 -0.4444 -2.8203
        vertex -2.3041 -0.8419 -2.5936
        vertex -2.4118 -0.5798 -2.7172
    endloop
endfacet
facet normal -0.0123 -0.0715 -0.1409
    outer loop
        vertex -1.4382 -0.8177 -2.6816
        vertex -1.3200 -0.9200 -2.6400
        vertex -1.5141 -0.9428 -2.6115
    endloop
endfacet
facet normal -0.4164 0.0855 -0.3420
    outer loop
        vertex -3.5469 3.5193 -2.4404
        vertex -3.4748 3.9153 -2.4293
        vertex -3.3672 3.7470 -2.6022
    endloop
endfacet
facet normal -0.2800 0.0575 -0.2299
    outer loop
        vertex -3.3672 3.7470 -2.6022
        vertex -3.4090 3.4894 -2.6158
        vertex -3.5469 3.5193 -2.4404
    endloop
endfacet
facet normal -0.0243 -0.2502 -0.2322
    outer loop
        vertex -3.5561 -1.3806 -2.0244
        vertex -3.5692 -1.2386 -2.1760
        vertex -3.3154 -1.1537 -2.2941
    endloop
endfacet
facet normal -0.0683 -0.7039 -0.6531
    outer loop
        vertex -3.3154 -1.1537 -2.2941
        vertex -3.2990 -1.5722 -1.8447
        vertex -3.5561 -1.3806 -2.0244
    endloop
endfacet
facet normal -0.0249 -0.2164 -0.0592
    outer loop
        vertex -3.5144 -2.4028 -0.7102
        vertex -3.5159 -2.3612 -0.8616
        vertex -3.2861 -2.4186 -0.7487
    endloop
endfacet
facet normal -0.0401 -0.3480 -0.0953
    outer loop
        vertex -3.2861 -2.4186 -0.7487
        vertex -3.2870 -2.4853 -0.5047
        vertex -3.5144 -2.4028 -0.7102
    endloop
endfacet
facet normal -0.0096 -0.2543 -0.1610
    outer loop
        vertex -1.8363 -2.2944 -1.1758
        vertex -1.8526 -2.2312 -1.2746
        vertex -1.4476 -2.2210 -1.3150
    endloop
endfacet
facet normal -0.0209 -0.5501 -0.3483
    outer loop
        vertex -1.4476 -2.2210 -1.3150
        vertex -1.4128 -2.3578 -1.1010
        vertex -1.8363 -2.2944 -1.1758
    endloop
endfacet
facet normal -0.3430 0.0144 -0.8310
    outer loop
        vertex -2.3086 6.2914 -3.0616
        vertex -2.1719 6.0272 -3.1226
        vertex -2.7257 6.1248 -2.8923
    endloop
endfacet
facet normal -0.2271 0.0095 -0.5503
    outer loop
        vertex -2.7257 6.1248 -2.8923
        vertex -2.6729 6.3570 -2.9101
        vertex -2.3086 6.2914 -3.0616
    endloop
endfacet
facet normal -0.0667 0.0028 -0.1615
    outer loop
        vertex -2.1451 5.2925 -3.1464
        vertex -2.2298 5.2350 -3.1125
        vertex -2.2625 5.5180 -3.0940
    endloop
endfacet
facet normal -0.0954 0.0040 -0.2312
    outer loop
        vertex -2.2625 5.5180 -3.0940
        vertex -2.1097 5.5396 -3.1567
        vertex -2.1451 5.2925 -3.1464
    endloop
endfacet
facet normal -0.0225 -0.0099 -0.0705
    outer loop
        vertex -3.1246 1.7650 -3.2458
        vertex -2.9600 1.9200 -3.3200
        vertex -3.0479 1.7688 -3.2708
    endloop
endfacet
facet normal -0.0410 -0.5764 -0.4333
    outer loop
        vertex -3.5193 -2.2637 -1.0834
        vertex -3.5290 -1.9823 -1.4569
        vertex -3.2810 -2.0304 -1.4164
    endloop
endfacet
facet normal -0.0319 -0.4482 -0.3369
    outer loop
        vertex -3.2810 -2.0304 -1.4164
        vertex -3.2840 -2.2595 -1.1114
        vertex -3.5193 -2.2637 -1.0834
    endloop
endfacet
facet normal -0.0125 -0.2391 -0.0961
    outer loop
        vertex -3.2852 -2.3519 -0.9147
        vertex -3.2861 -2.4186 -0.7487
        vertex -3.5159 -2.3612 -0.8616
    endloop
endfacet
facet normal -0.0077 -0.1478 -0.0595
    outer loop
        vertex -3.5159 -2.3612 -0.8616
        vertex -3.5173 -2.3200 -0.9638
        vertex -3.2852 -2.3519 -0.9147
    endloop
endfacet
facet normal -0.0361 -0.3721 -0.3635
    outer loop
        vertex -1.1954 -1.4391 -2.1209
        vertex -1.3200 -0.9200 -2.6400
        vertex -1.1550 -1.1406 -2.4306
    endloop
endfacet
facet normal -0.0217 -0.2237 -0.2184
    outer loop
        vertex -1.1550 -1.1406 -2.4306
        vertex -1.0570 -1.2813 -2.2962
        vertex -1.1954 -1.4391 -2.1209
    endloop
endfacet
facet normal -0.0069 -0.0712 -0.0694
    outer loop
        vertex -0.9483 -1.3638 -2.2228
        vertex -1.1628 -1.4741 -2.0882
        vertex -1.1954 -1.4391 -2.1209
    endloop
endfacet
facet normal -0.0180 -0.1826 -0.1786
    outer loop
        vertex -1.1954 -1.4391 -2.1209
        vertex -1.0570 -1.2813 -2.2962
        vertex -0.9483 -1.3638 -2.2228
    endloop
endfacet
facet normal -0.0037 -0.0394 -0.0386
    outer loop
        vertex -1.1826 -1.4925 -2.0675
        vertex -1.1628 -1.4741 -2.0882
        vertex -0.9334 -1.5722 -2.0101
    endloop
endfacet
facet normal -0.0322 -0.3409 -0.3332
    outer loop
        vertex -0.9334 -1.5722 -2.0101
        vertex -1.1270 -1.7243 -1.8357
        vertex -1.1826 -1.4925 -2.0675
    endloop
endfacet
facet normal -0.0115 -0.1119 -0.1088
    outer loop
        vertex -1.0911 -1.0379 -2.5429
        vertex -1.1585 -1.0793 -2.4932
        vertex -1.3200 -0.9200 -2.6400
    endloop
endfacet
facet normal -0.0062 -0.0601 -0.0584
    outer loop
        vertex -1.1585 -1.0793 -2.4932
        vertex -1.1550 -1.1406 -2.4306
        vertex -1.3200 -0.9200 -2.6400
    endloop
endfacet
facet normal -0.0583 -0.5672 -0.5516
    outer loop
        vertex -0.4595 -1.4466 -2.1893
        vertex -0.9334 -1.5722 -2.0101
        vertex -0.8593 -1.3663 -2.2296
    endloop
endfacet
facet normal -0.0210 -0.2044 -0.1987
    outer loop
        vertex -0.8593 -1.3663 -2.2296
        vertex -0.6793 -1.3229 -2.2932
        vertex -0.4595 -1.4466 -2.1893
    endloop
endfacet
facet normal -0.0126 -0.1232 -0.1198
    outer loop
        vertex -0.6079 -1.2868 -2.3379
        vertex -0.3776 -1.4055 -2.2402
        vertex -0.4595 -1.4466 -2.1893
    endloop
endfacet
facet normal -0.0111 -0.1077 -0.1048
    outer loop
        vertex -0.4595 -1.4466 -2.1893
        vertex -0.6793 -1.3229 -2.2932
        vertex -0.6079 -1.2868 -2.3379
    endloop
endfacet
facet normal -0.3409 0.2183 -0.3266
    outer loop
        vertex -5.0000 1.0781 -2.1107
        vertex -4.8045 1.4193 -2.0867
        vertex -4.6812 1.3672 -2.2502
    endloop
endfacet
facet normal -0.3310 0.2120 -0.3172
    outer loop
        vertex -4.6812 1.3672 -2.2502
        vertex -4.8999 1.0097 -2.2609
        vertex -5.0000 1.0781 -2.1107
    endloop
endfacet
facet normal -0.1042 0.0668 -0.0999
    outer loop
        vertex -5.0000 0.9185 -2.2174
        vertex -5.0000 1.0781 -2.1107
        vertex -4.8999 1.0097 -2.2609
    endloop
endfacet
facet normal -0.3079 0.1972 -0.2950
    outer loop
        vertex -4.5622 1.7085 -2.1462
        vertex -4.1200 1.7200 -2.6000
        vertex -4.4246 1.6053 -2.3588
    endloop
endfacet
facet normal -0.1525 0.0977 -0.1461
    outer loop
        vertex -4.5580 1.5047 -2.2868
        vertex -4.6812 1.3672 -2.2502
        vertex -4.8045 1.4193 -2.0867
    endloop
endfacet
facet normal -0.0571 0.0240 -0.0445
    outer loop
        vertex -4.1267 1.9466 -2.4694
        vertex -4.1200 1.7200 -2.6000
        vertex -4.1577 1.9336 -2.4366
    endloop
endfacet
facet normal -0.3330 0.1397 -0.2596
    outer loop
        vertex -3.9380 2.0184 -2.6728
        vertex -3.9442 2.3879 -2.4659
        vertex -3.8312 2.3483 -2.6323
    endloop
endfacet
facet normal -1.0262 0.2386 -1.5871
    outer loop
        vertex -2.9600 1.9200 -3.3200
        vertex -4.1200 1.7200 -2.6000
        vertex -3.9545 1.9674 -2.6698
    endloop
endfacet
facet normal -0.3397 0.0790 -0.5253
    outer loop
        vertex -3.9545 1.9674 -2.6698
        vertex -3.0197 2.0074 -3.2682
        vertex -2.9600 1.9200 -3.3200
    endloop
endfacet
facet normal -0.0178 0.0041 -0.0276
    outer loop
        vertex -2.9698 2.0082 -3.3004
        vertex -2.9600 1.9200 -3.3200
        vertex -3.0197 2.0074 -3.2682
    endloop
endfacet
facet normal -0.6045 0.2026 -0.9177
    outer loop
        vertex -4.1200 1.7200 -2.6000
        vertex -2.9600 1.9200 -3.3200
        vertex -3.1246 1.7650 -3.2458
    endloop
endfacet
facet normal -0.5049 -0.2378 -1.8148
    outer loop
        vertex -2.9600 1.9200 -3.3200
        vertex -1.5600 2.0000 -3.7200
        vertex -1.7929 1.7793 -3.6263
    endloop
endfacet
facet normal -0.2971 -0.1400 -1.0679
    outer loop
        vertex -1.7929 1.7793 -3.6263
        vertex -2.9448 1.7718 -3.3048
        vertex -2.9600 1.9200 -3.3200
    endloop
endfacet
facet normal -0.0347 -0.1799 -0.3441
    outer loop
        vertex -1.9778 0.4326 -3.2809
        vertex -1.7251 0.4548 -3.3181
        vertex -1.7485 0.2349 -3.2007
    endloop
endfacet
facet normal -0.0186 -0.0966 -0.1847
    outer loop
        vertex -1.7485 0.2349 -3.2007
        vertex -1.9936 0.3173 -3.2190
        vertex -1.9778 0.4326 -3.2809
    endloop
endfacet
facet normal -0.0580 -0.3005 -0.5747
    outer loop
        vertex -2.1845 -0.1724 -2.9437
        vertex -2.1064 0.0167 -3.0504
        vertex -1.7525 -0.3041 -2.9184
    endloop
endfacet
facet normal -0.0839 -0.4347 -0.8312
    outer loop
        vertex -1.7525 -0.3041 -2.9184
        vertex -1.6346 -0.6479 -2.7506
        vertex -2.1845 -0.1724 -2.9437
    endloop
endfacet
facet normal -0.0523 -0.2712 -0.5186
    outer loop
        vertex -2.1064 0.0167 -3.0504
        vertex -1.9936 0.3173 -3.2190
        vertex -1.7485 0.2349 -3.2007
    endloop
endfacet
facet normal -0.1212 -0.6277 -1.2003
    outer loop
        vertex -1.7485 0.2349 -3.2007
        vertex -1.7525 -0.3041 -2.9184
        vertex -2.1064 0.0167 -3.0504
    endloop
endfacet
facet normal -0.0683 -0.3539 -0.6767
    outer loop
        vertex -1.3774 -0.2497 -2.9847
        vertex -1.6758 -0.2539 -2.9524
        vertex -1.4085 0.1128 -3.1711
    endloop
endfacet
facet normal -0.1542 0.0647 -0.1202
    outer loop
        vertex -3.6963 2.6725 -2.6308
        vertex -3.8102 2.7070 -2.4661
        vertex -3.7736 2.8649 -2.4280
    endloop
endfacet
facet normal -0.0545 0.0176 -0.1299
    outer loop
        vertex -2.4335 4.8878 -3.0421
        vertex -2.4706 4.9512 -3.0180
        vertex -2.1534 4.9698 -3.1486
    endloop
endfacet
facet normal -0.0981 0.0316 -0.2337
    outer loop
        vertex -2.1534 4.9698 -3.1486
        vertex -2.3184 4.7880 -3.1039
        vertex -2.4335 4.8878 -3.0421
    endloop
endfacet
facet normal -0.1023 0.0329 -0.2438
    outer loop
        vertex -2.0203 4.7251 -3.2375
        vertex -2.1756 4.7249 -3.1724
        vertex -2.0450 4.9762 -3.1932
    endloop
endfacet
facet normal -0.0971 0.0312 -0.2312
    outer loop
        vertex -2.0450 4.9762 -3.1932
        vertex -1.8782 4.7778 -3.2901
        vertex -2.0203 4.7251 -3.2375
    endloop
endfacet
facet normal -0.1018 0.0328 -0.2425
    outer loop
        vertex -1.7632 4.8737 -3.3254
        vertex -1.8782 4.7778 -3.2901
        vertex -2.0450 4.9762 -3.1932
    endloop
endfacet
facet normal -0.1071 0.0345 -0.2552
    outer loop
        vertex -2.0450 4.9762 -3.1932
        vertex -1.7021 4.9964 -3.3344
        vertex -1.7632 4.8737 -3.3254
    endloop
endfacet
facet normal -0.0150 -0.2883 -0.2726
    outer loop
        vertex -1.5343 -1.7900 -1.7525
        vertex -1.9594 -1.4583 -2.0797
        vertex -1.5571 -1.6695 -1.8786
    endloop
endfacet
facet normal -0.0181 -0.3480 -0.3291
    outer loop
        vertex -1.2335 -1.8394 -1.7168
        vertex -1.3901 -2.0086 -1.5292
        vertex -1.4795 -1.7690 -1.7777
    endloop
endfacet
facet normal -0.0041 -0.0798 -0.0754
    outer loop
        vertex -1.4795 -1.7690 -1.7777
        vertex -1.4392 -1.7314 -1.8196
        vertex -1.2335 -1.8394 -1.7168
    endloop
endfacet
facet normal -0.0052 -0.0991 -0.0938
    outer loop
        vertex -1.5343 -1.7900 -1.7525
        vertex -1.4795 -1.7690 -1.7777
        vertex -1.3901 -2.0086 -1.5292
    endloop
endfacet
facet normal -0.0295 0.0143 -0.2995
    outer loop
        vertex -0.8062 5.7384 -3.4071
        vertex -1.0699 5.6258 -3.3864
        vertex -0.7989 5.9232 -3.3990
    endloop
endfacet
facet normal -0.1963 0.0608 -0.6752
    outer loop
        vertex -1.5982 2.7268 -3.6435
        vertex -1.5600 2.0000 -3.7200
        vertex -1.7146 2.1142 -3.6648
    endloop
endfacet
facet normal -0.0315 0.0097 -0.1083
    outer loop
        vertex -1.7487 2.0273 -3.6627
        vertex -1.7146 2.1142 -3.6648
        vertex -1.5600 2.0000 -3.7200
    endloop
endfacet
facet normal 0.0014 -0.1554 -0.1920
    outer loop
        vertex -0.3776 -1.4055 -2.2402
        vertex -0.6079 -1.2868 -2.3379
        vertex -0.4771 -1.2208 -2.3904
    endloop
endfacet
facet normal 0.0018 -0.1980 -0.2446
    outer loop
        vertex -0.4771 -1.2208 -2.3904
        vertex -0.2293 -1.2874 -2.3347
        vertex -0.3776 -1.4055 -2.2402
    endloop
endfacet
facet normal 0.0021 -0.2372 -0.2930
    outer loop
        vertex 0.0000 -1.2724 -2.3452
        vertex -0.2293 -1.2874 -2.3347
        vertex -0.2140 -1.0820 -2.5009
    endloop
endfacet
facet normal 0.0018 -0.2075 -0.2563
    outer loop
        vertex -0.2140 -1.0820 -2.5009
        vertex 0.0000 -1.0808 -2.5003
        vertex 0.0000 -1.2724 -2.3452
    endloop
endfacet
facet normal 0.0016 -0.1819 -0.2247
    outer loop
        vertex 0.0000 -0.7600 -2.7600
        vertex 0.0000 -0.8670 -2.6734
        vertex -0.3361 -0.9041 -2.6458
    endloop
endfacet
facet normal 0.0025 -0.2768 -0.3420
    outer loop
        vertex -0.3361 -0.9041 -2.6458
        vertex -0.7050 -0.8994 -2.6522
        vertex 0.0000 -0.7600 -2.7600
    endloop
endfacet
facet normal 0.0023 -0.2624 -0.3242
    outer loop
        vertex -0.2140 -1.0820 -2.5009
        vertex -0.2293 -1.2874 -2.3347
        vertex -0.4702 -1.1322 -2.4621
    endloop
endfacet
facet normal 0.0023 -0.2617 -0.3232
    outer loop
        vertex -0.4702 -1.1322 -2.4621
        vertex -0.3361 -0.9041 -2.6458
        vertex -0.2140 -1.0820 -2.5009
    endloop
endfacet
facet normal 0.0010 -0.1134 -0.1401
    outer loop
        vertex -0.4771 -1.2208 -2.3904
        vertex -0.4702 -1.1322 -2.4621
        vertex -0.2293 -1.2874 -2.3347
    endloop
endfacet
facet normal 0.0029 -0.3206 -0.3960
    outer loop
        vertex -0.4702 -1.1322 -2.4621
        vertex -0.6244 -0.9220 -2.6334
        vertex -0.3361 -0.9041 -2.6458
    endloop
endfacet
facet normal 0.0004 -0.0401 -0.0496
    outer loop
        vertex -0.6244 -0.9220 -2.6334
        vertex -0.7050 -0.8994 -2.6522
        vertex -0.3361 -0.9041 -2.6458
    endloop
endfacet
facet normal 0.0006 -0.0688 -0.0849
    outer loop
        vertex -1.0911 -1.0379 -2.5429
        vertex -1.3200 -0.9200 -2.6400
        vertex -1.0386 -1.0056 -2.5686
    endloop
endfacet
facet normal 0.0020 -0.2239 -0.2765
    outer loop
        vertex -1.0386 -1.0056 -2.5686
        vertex -1.3200 -0.9200 -2.6400
        vertex -0.8089 -0.9183 -2.6377
    endloop
endfacet
facet normal -0.0092 0.0016 -0.0276
    outer loop
        vertex -1.6813 5.1687 -3.3364
        vertex -1.6876 5.0919 -3.3388
        vertex -1.7268 5.3154 -3.3126
    endloop
endfacet
facet normal -0.0051 -0.2642 -0.2824
    outer loop
        vertex -3.5354 -1.7989 -1.6284
        vertex -3.2810 -2.0304 -1.4164
        vertex -3.5290 -1.9823 -1.4569
    endloop
endfacet
facet normal -0.0443 -0.9076 -0.3794
    outer loop
        vertex -1.8175 -2.3676 -1.0487
        vertex -1.4054 -2.3870 -1.0503
        vertex -1.3675 -2.5362 -0.6980
    endloop
endfacet
facet normal -0.0330 0.0330 -0.3301
    outer loop
        vertex -1.5982 2.7268 -3.6435
        vertex -1.4910 2.0690 -3.7200
        vertex -1.5600 2.0000 -3.7200
    endloop
endfacet
facet normal -0.0157 -0.2080 -0.2104
    outer loop
        vertex -1.3901 -2.0086 -1.5292
        vertex -1.4776 -2.1031 -1.4293
        vertex -1.8743 -2.1470 -1.3563
    endloop
endfacet
facet normal -0.2201 -0.4334 -1.7566
    outer loop
        vertex -1.9778 0.4326 -3.2809
        vertex -1.8076 1.6726 -3.6082
        vertex -1.6470 1.1911 -3.5095
    endloop
endfacet
facet normal -0.1443 -0.2841 -1.1517
    outer loop
        vertex -1.6470 1.1911 -3.5095
        vertex -1.7251 0.4548 -3.3181
        vertex -1.9778 0.4326 -3.2809
    endloop
endfacet
facet normal -0.0145 -0.0060 -0.0443
    outer loop
        vertex -2.9600 1.9200 -3.3200
        vertex -2.9448 1.7718 -3.3048
        vertex -2.9926 1.7714 -3.2892
    endloop
endfacet
facet normal -0.0712 -0.2154 -0.4189
    outer loop
        vertex -3.2904 -0.5534 -2.6070
        vertex -3.5646 -0.7580 -2.4552
        vertex -3.2231 -0.2586 -2.7700
    endloop
endfacet
facet normal -0.0532 -0.1608 -0.3127
    outer loop
        vertex -3.5772 -0.9530 -2.3528
        vertex -3.5646 -0.7580 -2.4552
        vertex -3.3222 -0.9772 -2.3837
    endloop
endfacet
facet normal -0.0476 -0.1441 -0.2802
    outer loop
        vertex -3.3222 -0.9772 -2.3837
        vertex -3.3154 -1.1537 -2.2941
        vertex -3.5772 -0.9530 -2.3528
    endloop
endfacet
facet normal -0.0430 -0.1301 -0.2531
    outer loop
        vertex -3.2904 -0.5534 -2.6070
        vertex -3.3169 -0.7209 -2.5164
        vertex -3.5646 -0.7580 -2.4552
    endloop
endfacet
facet normal -0.0627 -0.1896 -0.3689
    outer loop
        vertex -3.5772 -0.9530 -2.3528
        vertex -3.3154 -1.1537 -2.2941
        vertex -3.5708 -1.1833 -2.2355
    endloop
endfacet
facet normal -0.0367 -0.1110 -0.2159
    outer loop
        vertex -2.7163 -0.6440 -2.6580
        vertex -2.6931 -0.9230 -2.5185
        vertex -2.8209 -0.8748 -2.5216
    endloop
endfacet
facet normal -0.0589 -0.1782 -0.3466
    outer loop
        vertex -2.8209 -0.8748 -2.5216
        vertex -2.9054 -0.5308 -2.6840
        vertex -2.7163 -0.6440 -2.6580
    endloop
endfacet
facet normal -0.0672 -0.2034 -0.3955
    outer loop
        vertex -3.3169 -0.7209 -2.5164
        vertex -3.3222 -0.9772 -2.3837
        vertex -3.5646 -0.7580 -2.4552
    endloop
endfacet
facet normal -0.0473 0.0268 -0.3859
    outer loop
        vertex -0.7989 5.9232 -3.3990
        vertex -1.0699 5.6258 -3.3864
        vertex -1.0539 5.8711 -3.3714
    endloop
endfacet
facet normal -0.0327 0.0185 -0.2666
    outer loop
        vertex -1.0539 5.8711 -3.3714
        vertex -0.8529 6.0794 -3.3816
        vertex -0.7989 5.9232 -3.3990
    endloop
endfacet
facet normal -0.0047 0.0027 -0.0389
    outer loop
        vertex -0.8529 6.0794 -3.3816
        vertex -0.7948 6.0264 -3.3923
        vertex -0.7989 5.9232 -3.3990
    endloop
endfacet
facet normal -0.1332 0.0754 -1.0884
    outer loop
        vertex -1.7016 6.2045 -3.2690
        vertex -0.9851 6.1090 -3.3633
        vertex -1.6890 5.9598 -3.2875
    endloop
endfacet
facet normal -0.0095 -0.3332 -0.3310
    outer loop
        vertex -1.5848 -1.5233 -2.0250
        vertex -1.5571 -1.6695 -1.8786
        vertex -1.9594 -1.4583 -2.0797
    endloop
endfacet
facet normal -0.0242 -0.8517 -0.8458
    outer loop
        vertex -1.9594 -1.4583 -2.0797
        vertex -1.6761 -1.1461 -2.4022
        vertex -1.5848 -1.5233 -2.0250
    endloop
endfacet
facet normal -0.0200 -0.7037 -0.6989
    outer loop
        vertex -1.3349 -1.3311 -2.2257
        vertex -1.5848 -1.5233 -2.0250
        vertex -1.6761 -1.1461 -2.4022
    endloop
endfacet
facet normal -0.0024 -0.0873 -0.0868
    outer loop
        vertex -1.6761 -1.1461 -2.4022
        vertex -1.6284 -1.1313 -2.4184
        vertex -1.3349 -1.3311 -2.2257
    endloop
endfacet
facet normal -0.0259 -0.9082 -0.9019
    outer loop
        vertex -1.6761 -1.1461 -2.4022
        vertex -1.9594 -1.4583 -2.0797
        vertex -2.0065 -1.0008 -2.5390
    endloop
endfacet
facet normal -0.0102 -0.3585 -0.3560
    outer loop
        vertex -2.0065 -1.0008 -2.5390
        vertex -1.6972 -0.9644 -2.5845
        vertex -1.6761 -1.1461 -2.4022
    endloop
endfacet
facet normal -0.0060 -0.2138 -0.2123
    outer loop
        vertex -1.6284 -1.1313 -2.4184
        vertex -1.5141 -0.9428 -2.6115
        vertex -1.3200 -0.9200 -2.6400
    endloop
endfacet
facet normal -0.0061 -0.2138 -0.2123
    outer loop
        vertex -1.3200 -0.9200 -2.6400
        vertex -1.1954 -1.4391 -2.1209
        vertex -1.2834 -1.3449 -2.2132
    endloop
endfacet
facet normal -0.1146 -0.0056 -0.0936
    outer loop
        vertex -3.1944 5.7008 -2.6090
        vertex -3.1601 5.5632 -2.6426
        vertex -3.3046 5.7066 -2.4744
    endloop
endfacet
facet normal -0.2416 -0.0119 -0.1974
    outer loop
        vertex -3.1696 5.2114 -2.6100
        vertex -3.3033 5.2160 -2.4465
        vertex -3.3104 5.4523 -2.4521
    endloop
endfacet
facet normal -0.0399 -0.2171 -0.3878
    outer loop
        vertex -3.2231 -0.2586 -2.7700
        vertex -3.5646 -0.7580 -2.4552
        vertex -3.5515 -0.5572 -2.5690
    endloop
endfacet
facet normal -0.0406 -0.2205 -0.3939
    outer loop
        vertex -3.5515 -0.5572 -2.5690
        vertex -3.4925 -0.3117 -2.7125
        vertex -3.2231 -0.2586 -2.7700
    endloop
endfacet
facet normal -0.0027 -0.0147 -0.0263
    outer loop
        vertex -3.2838 -0.2066 -2.7929
        vertex -3.4320 -0.2003 -2.7811
        vertex -3.3494 -0.1754 -2.8036
    endloop
endfacet
facet normal -0.0064 -0.0370 -0.0729
    outer loop
        vertex -2.7163 -0.6440 -2.6580
        vertex -2.6723 -0.6704 -2.6485
        vertex -2.6931 -0.9230 -2.5185
    endloop
endfacet
facet normal -0.0254 -0.1475 -0.2907
    outer loop
        vertex -2.5102 -0.9464 -2.5226
        vertex -2.6931 -0.9230 -2.5185
        vertex -2.5317 -0.6893 -2.6512
    endloop
endfacet
facet normal -0.0110 -0.0640 -0.1262
    outer loop
        vertex -2.5317 -0.6893 -2.6512
        vertex -2.4334 -0.9254 -2.5400
        vertex -2.5102 -0.9464 -2.5226
    endloop
endfacet
facet normal -0.0212 -0.1229 -0.2422
    outer loop
        vertex -2.3041 -0.8419 -2.5936
        vertex -2.4334 -0.9254 -2.5400
        vertex -2.5317 -0.6893 -2.6512
    endloop
endfacet
facet normal -0.0236 -0.1370 -0.2700
    outer loop
        vertex -2.5317 -0.6893 -2.6512
        vertex -2.4118 -0.5798 -2.7172
        vertex -2.3041 -0.8419 -2.5936
    endloop
endfacet
facet normal -0.0971 -0.5635 -1.1108
    outer loop
        vertex -2.0065 -1.0008 -2.5390
        vertex -2.0171 -0.4444 -2.8203
        vertex -1.6920 -0.7367 -2.7005
    endloop
endfacet
facet normal -0.0165 -0.0960 -0.1891
    outer loop
        vertex -1.6920 -0.7367 -2.7005
        vertex -1.7107 -0.8486 -2.6421
        vertex -2.0065 -1.0008 -2.5390
    endloop
endfacet
facet normal -0.0198 -0.1151 -0.2269
    outer loop
        vertex -1.7107 -0.8486 -2.6421
        vertex -1.6972 -0.9644 -2.5845
        vertex -2.0065 -1.0008 -2.5390
    endloop
endfacet
facet normal -0.0196 -0.1139 -0.2246
    outer loop
        vertex -2.6931 -0.9230 -2.5185
        vertex -2.6723 -0.6704 -2.6485
        vertex -2.5317 -0.6893 -2.6512
    endloop
endfacet
facet normal -0.0249 -0.1447 -0.2853
    outer loop
        vertex -1.6346 -0.6479 -2.7506
        vertex -1.6920 -0.7367 -2.7005
        vertex -2.0171 -0.4444 -2.8203
    endloop
endfacet
facet normal -0.0383 -0.2220 -0.4375
    outer loop
        vertex -2.0171 -0.4444 -2.8203
        vertex -2.1845 -0.1724 -2.9437
        vertex -1.6346 -0.6479 -2.7506
    endloop
endfacet
facet normal -0.0059 -0.0609 -0.0565
    outer loop
        vertex -3.5561 -1.3806 -2.0244
        vertex -3.2990 -1.5722 -1.8447
        vertex -3.5543 -1.4171 -1.9852
    endloop
endfacet
facet normal -0.0092 -0.0955 -0.0885
    outer loop
        vertex -3.3154 -1.1537 -2.2941
        vertex -3.5692 -1.2386 -2.1760
        vertex -3.5708 -1.1833 -2.2355
    endloop
endfacet
facet normal -0.1949 0.0082 -0.4721
    outer loop
        vertex -1.8815 5.4664 -3.2522
        vertex -1.6876 5.0919 -3.3388
        vertex -1.9558 5.2205 -3.2258
    endloop
endfacet
facet normal -0.0656 0.0028 -0.1590
    outer loop
        vertex -1.9558 5.2205 -3.2258
        vertex -2.0389 5.2880 -3.1904
        vertex -1.8815 5.4664 -3.2522
    endloop
endfacet
facet normal -0.0525 0.0022 -0.1272
    outer loop
        vertex -1.9572 5.5100 -3.2202
        vertex -1.8815 5.4664 -3.2522
        vertex -2.0389 5.2880 -3.1904
    endloop
endfacet
facet normal -0.0936 0.0040 -0.2268
    outer loop
        vertex -2.0389 5.2880 -3.1904
        vertex -2.1097 5.5396 -3.1567
        vertex -1.9572 5.5100 -3.2202
    endloop
endfacet
facet normal -0.0681 0.0029 -0.1650
    outer loop
        vertex -2.1451 5.2925 -3.1464
        vertex -2.1097 5.5396 -3.1567
        vertex -2.0389 5.2880 -3.1904
    endloop
endfacet
facet normal -0.1030 0.0043 -0.2496
    outer loop
        vertex -2.3950 5.4432 -3.0406
        vertex -2.2625 5.5180 -3.0940
        vertex -2.2298 5.2350 -3.1125
    endloop
endfacet
facet normal -0.1018 0.0043 -0.2465
    outer loop
        vertex -2.2298 5.2350 -3.1125
        vertex -2.4878 5.3215 -3.0044
        vertex -2.3950 5.4432 -3.0406
    endloop
endfacet
facet normal -0.1084 0.0045 -0.2625
    outer loop
        vertex -2.5280 5.1702 -2.9905
        vertex -2.4878 5.3215 -3.0044
        vertex -2.2574 5.1435 -3.1026
    endloop
endfacet
facet normal -0.1057 0.0045 -0.2561
    outer loop
        vertex -2.2574 5.1435 -3.1026
        vertex -2.5092 5.0169 -3.0009
        vertex -2.5280 5.1702 -2.9905
    endloop
endfacet
facet normal -0.0671 0.0028 -0.1626
    outer loop
        vertex -2.4878 5.3215 -3.0044
        vertex -2.2298 5.2350 -3.1125
        vertex -2.2574 5.1435 -3.1026
    endloop
endfacet
facet normal -0.0553 0.0023 -0.1339
    outer loop
        vertex -2.4706 4.9512 -3.0180
        vertex -2.5092 5.0169 -3.0009
        vertex -2.2574 5.1435 -3.1026
    endloop
endfacet
facet normal -0.0670 0.0028 -0.1623
    outer loop
        vertex -2.2574 5.1435 -3.1026
        vertex -2.2309 5.0456 -3.1153
        vertex -2.4706 4.9512 -3.0180
    endloop
endfacet
facet normal -0.0658 0.0028 -0.1593
    outer loop
        vertex -2.1534 4.9698 -3.1486
        vertex -2.4706 4.9512 -3.0180
        vertex -2.2309 5.0456 -3.1153
    endloop
endfacet
facet normal -0.0456 0.0019 -0.1104
    outer loop
        vertex -1.7021 4.9964 -3.3344
        vertex -2.0450 4.9762 -3.1932
        vertex -1.9651 5.0324 -3.2252
    endloop
endfacet
facet normal -0.0633 0.0027 -0.1533
    outer loop
        vertex -1.7021 4.9964 -3.3344
        vertex -1.9651 5.0324 -3.2252
        vertex -1.9284 5.1206 -3.2389
    endloop
endfacet
facet normal -0.0604 0.0026 -0.1464
    outer loop
        vertex -1.9284 5.1206 -3.2389
        vertex -1.6876 5.0919 -3.3388
        vertex -1.7021 4.9964 -3.3344
    endloop
endfacet
facet normal -0.0600 0.0025 -0.1454
    outer loop
        vertex -1.9284 5.1206 -3.2389
        vertex -1.9558 5.2205 -3.2258
        vertex -1.6876 5.0919 -3.3388
    endloop
endfacet
facet normal -0.0560 -2.8739 -3.0718
    outer loop
        vertex -2.2000 -2.2400 -1.2400
        vertex -3.2810 -2.0304 -1.4164
        vertex -3.2990 -1.5722 -1.8447
    endloop
endfacet
facet normal -0.6240 -6.4280 -5.9642
    outer loop
        vertex -2.6800 -1.0800 -2.4400
        vertex -2.2000 -2.2400 -1.2400
        vertex -3.2990 -1.5722 -1.8447
    endloop
endfacet
facet normal -0.1747 -1.7995 -1.6697
    outer loop
        vertex -3.2990 -1.5722 -1.8447
        vertex -3.3154 -1.1537 -2.2941
        vertex -2.6800 -1.0800 -2.4400
    endloop
endfacet
facet normal -0.6463 0.1327 -0.5307
    outer loop
        vertex -4.3600 3.0800 -1.5600
        vertex -3.5469 3.5193 -2.4404
        vertex -3.4090 3.4894 -2.6158
    endloop
endfacet
facet normal -1.8366 0.3765 -1.5083
    outer loop
        vertex -3.4090 3.4894 -2.6158
        vertex -3.1200 3.3600 -3.0000
        vertex -4.3600 3.0800 -1.5600
    endloop
endfacet
facet normal -0.3865 0.0691 -0.3076
    outer loop
        vertex -3.3243 4.0120 -2.5966
        vertex -3.4023 4.3694 -2.4182
        vertex -3.2599 4.3478 -2.6020
    endloop
endfacet
facet normal -0.8689 0.1554 -0.6913
    outer loop
        vertex -3.2599 4.3478 -2.6020
        vertex -3.1200 3.3600 -3.0000
        vertex -3.3243 4.0120 -2.5966
    endloop
endfacet
facet normal -1.3540 -0.0666 -1.1065
    outer loop
        vertex -3.3104 5.4523 -2.4521
        vertex -3.3033 5.2160 -2.4465
        vertex -4.0400 4.8000 -1.5200
    endloop
endfacet
facet normal -6.4352 -0.3152 -5.2578
    outer loop
        vertex -4.0400 4.8000 -1.5200
        vertex -3.5970 6.3491 -2.1551
        vertex -3.3104 5.4523 -2.4521
    endloop
endfacet
facet normal -0.0727 0.0127 -0.2178
    outer loop
        vertex -1.7268 5.3154 -3.3126
        vertex -1.6890 5.9598 -3.2875
        vertex -1.6813 5.1687 -3.3364
    endloop
endfacet
facet normal -5.6600 2.2700 -14.3100
    outer loop
        vertex -3.0000 4.9200 -2.8000
        vertex -1.6400 3.5200 -3.5600
        vertex -3.1200 3.3600 -3.0000
    endloop
endfacet
facet normal -0.3625 0.1168 -0.8640
    outer loop
        vertex -2.3184 4.7880 -3.1039
        vertex -2.1756 4.7249 -3.1724
        vertex -1.6400 3.5200 -3.5600
    endloop
endfacet
facet normal -2.0323 0.6541 -4.8416
    outer loop
        vertex -1.6400 3.5200 -3.5600
        vertex -3.0000 4.9200 -2.8000
        vertex -2.3184 4.7880 -3.1039
    endloop
endfacet
facet normal -5.0603 2.2660 -12.7261
    outer loop
        vertex -3.1200 3.3600 -3.0000
        vertex -1.6400 3.5200 -3.5600
        vertex -2.8862 2.0095 -3.3334
    endloop
endfacet
facet normal -0.2816 0.1259 -0.7076
    outer loop
        vertex -2.8862 2.0095 -3.3334
        vertex -2.9698 2.0082 -3.3004
        vertex -3.1200 3.3600 -3.0000
    endloop
endfacet
facet normal -1.2826 0.3969 -4.4097
    outer loop
        vertex -1.5982 2.7268 -3.6435
        vertex -1.7146 2.1142 -3.6648
        vertex -2.8862 2.0095 -3.3334
    endloop
endfacet
facet normal -1.9112 0.5911 -6.5720
    outer loop
        vertex -2.8862 2.0095 -3.3334
        vertex -1.6400 3.5200 -3.5600
        vertex -1.5982 2.7268 -3.6435
    endloop
endfacet
facet normal -0.0800 -1.5342 -1.4512
    outer loop
        vertex -1.9594 -1.4583 -2.0797
        vertex -1.8743 -2.1470 -1.3563
        vertex -2.2000 -2.2400 -1.2400
    endloop
endfacet
facet normal -0.2251 -4.3238 -4.0897
    outer loop
        vertex -2.2000 -2.2400 -1.2400
        vertex -2.6800 -1.0800 -2.4400
        vertex -1.9594 -1.4583 -2.0797
    endloop
endfacet
facet normal -0.0083 -0.2181 -0.1381
    outer loop
        vertex -1.8526 -2.2312 -1.2746
        vertex -1.8363 -2.2944 -1.1758
        vertex -2.2000 -2.2400 -1.2400
    endloop
endfacet
facet normal -0.0229 -0.4632 -0.2631
    outer loop
        vertex -3.2845 -2.2983 -1.0429
        vertex -3.2840 -2.2595 -1.1114
        vertex -2.2000 -2.2400 -1.2400
    endloop
endfacet
facet normal -0.0874 -1.7679 -1.0043
    outer loop
        vertex -2.2000 -2.2400 -1.2400
        vertex -1.8175 -2.3676 -1.0487
        vertex -3.2845 -2.2983 -1.0429
    endloop
endfacet
facet normal -0.2435 -2.2205 -0.6218
    outer loop
        vertex -3.2870 -2.4853 -0.5047
        vertex -2.6400 -2.7200 0.0800
        vertex -3.2678 -2.6460 0.0618
    endloop
endfacet
facet normal -0.4868 0.2042 -0.3795
    outer loop
        vertex -3.6378 3.1941 -2.4251
        vertex -4.3600 3.0800 -1.5600
        vertex -3.1200 3.3600 -3.0000
    endloop
endfacet
facet normal -2.9632 -0.0574 -2.2069
    outer loop
        vertex -3.5970 6.3491 -2.1551
        vertex -4.0400 4.8000 -1.5200
        vertex -3.8023 6.4281 -1.8814
    endloop
endfacet
facet normal -0.2732 0.0635 -0.4225
    outer loop
        vertex -3.1200 3.3600 -3.0000
        vertex -2.9698 2.0082 -3.3004
        vertex -3.0197 2.0074 -3.2682
    endloop
endfacet
facet normal -5.0153 1.1663 -7.7562
    outer loop
        vertex -3.0197 2.0074 -3.2682
        vertex -3.9380 2.0184 -2.6728
        vertex -3.1200 3.3600 -3.0000
    endloop
endfacet
facet normal -0.3319 0.1393 -0.2587
    outer loop
        vertex -3.8312 2.3483 -2.6323
        vertex -3.9442 2.3879 -2.4659
        vertex -3.8102 2.7070 -2.4661
    endloop
endfacet
facet normal -0.3333 0.1398 -0.2598
    outer loop
        vertex -3.8102 2.7070 -2.4661
        vertex -3.6963 2.6725 -2.6308
        vertex -3.8312 2.3483 -2.6323
    endloop
endfacet
facet normal -0.1418 0.0256 -0.1128
    outer loop
        vertex -4.0400 4.8000 -1.5200
        vertex -3.0000 4.9200 -2.8000
        vertex -3.3353 4.8640 -2.3912
    endloop
endfacet
facet normal -0.1794 0.0867 -1.8173
    outer loop
        vertex -1.1648 5.0116 -3.4064
        vertex -1.6400 5.0000 -3.3600
        vertex -1.0699 5.6258 -3.3864
    endloop
endfacet
facet normal -0.0574 -1.1754 -0.4914
    outer loop
        vertex -3.2852 -2.3519 -0.9147
        vertex -3.2845 -2.2983 -1.0429
        vertex -1.8175 -2.3676 -1.0487
    endloop
endfacet
facet normal -0.2060 -4.2161 -1.7623
    outer loop
        vertex -1.8175 -2.3676 -1.0487
        vertex -1.7678 -2.5602 -0.5936
        vertex -3.2852 -2.3519 -0.9147
    endloop
endfacet
facet normal -0.0961 0.0959 -0.9596
    outer loop
        vertex -1.5982 2.7268 -3.6435
        vertex -1.6400 3.5200 -3.5600
        vertex -1.4467 3.5247 -3.5789
    endloop
endfacet
facet normal -0.0138 -0.1821 -0.1842
    outer loop
        vertex -1.8526 -2.2312 -1.2746
        vertex -2.2000 -2.2400 -1.2400
        vertex -1.8743 -2.1470 -1.3563
    endloop
endfacet
facet normal -0.0716 0.0081 -0.1062
    outer loop
        vertex -2.7257 6.1248 -2.8923
        vertex -3.1565 5.6988 -2.6346
        vertex -3.1944 5.7008 -2.6090
    endloop
endfacet
facet normal -1.3519 0.1542 -2.0054
    outer loop
        vertex -3.1944 5.7008 -2.6090
        vertex -3.3335 6.2597 -2.4722
        vertex -2.7257 6.1248 -2.8923
    endloop
endfacet
facet normal -0.1496 -0.4525 -0.8799
    outer loop
        vertex -2.6800 -1.0800 -2.4400
        vertex -3.3154 -1.1537 -2.2941
        vertex -2.8209 -0.8748 -2.5216
    endloop
endfacet
facet normal -0.0206 -0.0625 -0.1215
    outer loop
        vertex -2.8209 -0.8748 -2.5216
        vertex -2.6931 -0.9230 -2.5185
        vertex -2.6800 -1.0800 -2.4400
    endloop
endfacet
facet normal -0.4422 0.2503 -3.6118
    outer loop
        vertex -1.0699 5.6258 -3.3864
        vertex -1.6400 5.0000 -3.3600
        vertex -1.6890 5.9598 -3.2875
    endloop
endfacet
facet normal -0.1203 0.0682 -0.9828
    outer loop
        vertex -1.6890 5.9598 -3.2875
        vertex -1.0539 5.8711 -3.3714
        vertex -1.0699 5.6258 -3.3864
    endloop
endfacet
facet normal -0.0557 -1.9628 -1.9494
    outer loop
        vertex -2.0065 -1.0008 -2.5390
        vertex -1.9594 -1.4583 -2.0797
        vertex -2.6800 -1.0800 -2.4400
    endloop
endfacet
facet normal -0.0155 -0.0900 -0.1775
    outer loop
        vertex -2.5102 -0.9464 -2.5226
        vertex -2.6800 -1.0800 -2.4400
        vertex -2.6931 -0.9230 -2.5185
    endloop
endfacet
facet normal -0.7892 0.5055 -0.7563
    outer loop
        vertex -4.8045 1.4193 -2.0867
        vertex -5.0000 1.0781 -2.1107
        vertex -5.0000 1.6970 -1.6970
    endloop
endfacet
facet normal -0.6215 -5.3864 -1.4745
    outer loop
        vertex -3.2861 -2.4186 -0.7487
        vertex -1.6000 -2.8400 0.0800
        vertex -2.6400 -2.7200 0.0800
    endloop
endfacet
facet normal -0.1141 -0.9898 -0.2711
    outer loop
        vertex -2.6400 -2.7200 0.0800
        vertex -3.2870 -2.4853 -0.5047
        vertex -3.2861 -2.4186 -0.7487
    endloop
endfacet
facet normal -0.1566 0.0066 -0.3794
    outer loop
        vertex -2.1719 6.0272 -3.1226
        vertex -2.2625 5.5180 -3.0940
        vertex -2.3950 5.4432 -3.0406
    endloop
endfacet
facet normal -0.8906 0.0375 -2.1574
    outer loop
        vertex -2.3950 5.4432 -3.0406
        vertex -2.7257 6.1248 -2.8923
        vertex -2.1719 6.0272 -3.1226
    endloop
endfacet
facet normal -0.0152 0.0006 -0.0367
    outer loop
        vertex -1.6876 5.0919 -3.3388
        vertex -1.6400 5.0000 -3.3600
        vertex -1.7021 4.9964 -3.3344
    endloop
endfacet
facet normal -0.0386 0.0016 -0.0934
    outer loop
        vertex -2.2309 5.0456 -3.1153
        vertex -2.2574 5.1435 -3.1026
        vertex -2.1451 5.2925 -3.1464
    endloop
endfacet
facet normal -0.0686 0.0029 -0.1663
    outer loop
        vertex -2.1451 5.2925 -3.1464
        vertex -2.0389 5.2880 -3.1904
        vertex -2.2309 5.0456 -3.1153
    endloop
endfacet
facet normal -0.1471 -2.0645 -1.5519
    outer loop
        vertex -3.2810 -2.0304 -1.4164
        vertex -2.2000 -2.2400 -1.2400
        vertex -3.2840 -2.2595 -1.1114
    endloop
endfacet
facet normal -0.1810 -3.4653 -1.3940
    outer loop
        vertex -3.2861 -2.4186 -0.7487
        vertex -1.7388 -2.6730 -0.3170
        vertex -1.6000 -2.8400 0.0800
    endloop
endfacet
facet normal -0.1805 0.2416 -1.7882
    outer loop
        vertex -1.4467 3.5247 -3.5789
        vertex -1.6400 3.5200 -3.5600
        vertex -1.6400 5.0000 -3.3600
    endloop
endfacet
facet normal -0.4433 0.5941 -4.3960
    outer loop
        vertex -1.6400 5.0000 -3.3600
        vertex -1.1648 5.0116 -3.4064
        vertex -1.4467 3.5247 -3.5789
    endloop
endfacet
facet normal -2.1435 1.1958 -2.0583
    outer loop
        vertex -4.1577 1.9336 -2.4366
        vertex -4.4252 1.8216 -2.2231
        vertex -4.3600 3.0800 -1.5600
    endloop
endfacet
facet normal -3.8921 2.1716 -3.7380
    outer loop
        vertex -4.5622 1.7085 -2.1462
        vertex -5.0000 1.6970 -1.6970
        vertex -4.3600 3.0800 -1.5600
    endloop
endfacet
facet normal -1.0739 0.5992 -1.0313
    outer loop
        vertex -4.3600 3.0800 -1.5600
        vertex -4.4252 1.8216 -2.2231
        vertex -4.5622 1.7085 -2.1462
    endloop
endfacet
facet normal -0.6077 0.1248 -0.4991
    outer loop
        vertex -3.4090 3.4894 -2.6158
        vertex -3.3672 3.7470 -2.6022
        vertex -3.1200 3.3600 -3.0000
    endloop
endfacet
facet normal -2.2093 0.4533 -1.8143
    outer loop
        vertex -3.4748 3.9153 -2.4293
        vertex -3.5469 3.5193 -2.4404
        vertex -4.3600 3.0800 -1.5600
    endloop
endfacet
facet normal -9.5536 1.9599 -7.8458
    outer loop
        vertex -4.3600 3.0800 -1.5600
        vertex -4.0400 4.8000 -1.5200
        vertex -3.4748 3.9153 -2.4293
    endloop
endfacet
facet normal -0.6450 0.1154 -0.5132
    outer loop
        vertex -3.3243 4.0120 -2.5966
        vertex -3.1200 3.3600 -3.0000
        vertex -3.3672 3.7470 -2.6022
    endloop
endfacet
facet normal -2.6454 0.4734 -2.1051
    outer loop
        vertex -3.0000 4.9200 -2.8000
        vertex -3.1200 3.3600 -3.0000
        vertex -3.2599 4.3478 -2.6020
    endloop
endfacet
facet normal -0.7512 0.1344 -0.5978
    outer loop
        vertex -3.2599 4.3478 -2.6020
        vertex -3.1992 4.8495 -2.5656
        vertex -3.0000 4.9200 -2.8000
    endloop
endfacet
facet normal -0.0093 0.0017 -0.0074
    outer loop
        vertex -3.4023 4.3694 -2.4182
        vertex -3.4539 4.0299 -2.4298
        vertex -3.4748 3.9153 -2.4293
    endloop
endfacet
facet normal -2.5197 0.4507 -2.0048
    outer loop
        vertex -3.4748 3.9153 -2.4293
        vertex -4.0400 4.8000 -1.5200
        vertex -3.4023 4.3694 -2.4182
    endloop
endfacet
facet normal -0.3527 0.0631 -0.2807
    outer loop
        vertex -3.4023 4.3694 -2.4182
        vertex -3.3243 4.0120 -2.5966
        vertex -3.4539 4.0299 -2.4298
    endloop
endfacet
facet normal -0.4773 -0.0234 -0.3900
    outer loop
        vertex -3.0000 4.9200 -2.8000
        vertex -3.1696 5.2114 -2.6100
        vertex -3.1601 5.5632 -2.6426
    endloop
endfacet
facet normal -0.2923 -0.0143 -0.2389
    outer loop
        vertex -3.3033 5.2160 -2.4465
        vertex -3.1696 5.2114 -2.6100
        vertex -3.0000 4.9200 -2.8000
    endloop
endfacet
facet normal -2.6328 -0.1289 -2.1512
    outer loop
        vertex -3.0000 4.9200 -2.8000
        vertex -4.0400 4.8000 -1.5200
        vertex -3.3033 5.2160 -2.4465
    endloop
endfacet
facet normal -1.0948 -0.0536 -0.8946
    outer loop
        vertex -3.3046 5.7066 -2.4744
        vertex -3.5970 6.3491 -2.1551
        vertex -3.3335 6.2597 -2.4722
    endloop
endfacet
facet normal -0.4652 -0.0228 -0.3801
    outer loop
        vertex -3.3335 6.2597 -2.4722
        vertex -3.1944 5.7008 -2.6090
        vertex -3.3046 5.7066 -2.4744
    endloop
endfacet
facet normal -0.5970 -0.0292 -0.4878
    outer loop
        vertex -3.5970 6.3491 -2.1551
        vertex -3.3046 5.7066 -2.4744
        vertex -3.3104 5.4523 -2.4521
    endloop
endfacet
facet normal -0.5233 0.0919 -1.5699
    outer loop
        vertex -1.8815 5.4664 -3.2522
        vertex -2.1719 6.0272 -3.1226
        vertex -1.6890 5.9598 -3.2875
    endloop
endfacet
facet normal -0.0730 0.0128 -0.2187
    outer loop
        vertex -1.6890 5.9598 -3.2875
        vertex -1.8236 5.4331 -3.2735
        vertex -1.8815 5.4664 -3.2522
    endloop
endfacet
facet normal -0.0088 0.0015 -0.0264
    outer loop
        vertex -1.6876 5.0919 -3.3388
        vertex -1.6813 5.1687 -3.3364
        vertex -1.6400 5.0000 -3.3600
    endloop
endfacet
facet normal -0.1391 0.0244 -0.4177
    outer loop
        vertex -1.8236 5.4331 -3.2735
        vertex -1.6890 5.9598 -3.2875
        vertex -1.7268 5.3154 -3.3126
    endloop
endfacet
facet normal -0.0653 0.0115 -0.1962
    outer loop
        vertex -1.6400 5.0000 -3.3600
        vertex -1.6813 5.1687 -3.3364
        vertex -1.6890 5.9598 -3.2875
    endloop
endfacet
facet normal -0.4783 0.1540 -1.1396
    outer loop
        vertex -1.6400 5.0000 -3.3600
        vertex -1.6400 3.5200 -3.5600
        vertex -1.7632 4.8737 -3.3254
    endloop
endfacet
facet normal -0.0194 0.0062 -0.0462
    outer loop
        vertex -1.7632 4.8737 -3.3254
        vertex -1.7021 4.9964 -3.3344
        vertex -1.6400 5.0000 -3.3600
    endloop
endfacet
facet normal -0.0910 0.0294 -0.2167
    outer loop
        vertex -2.4706 4.9512 -3.0180
        vertex -2.4335 4.8878 -3.0421
        vertex -3.0000 4.9200 -2.8000
    endloop
endfacet
facet normal -0.1387 0.0447 -0.3304
    outer loop
        vertex -3.0000 4.9200 -2.8000
        vertex -2.4335 4.8878 -3.0421
        vertex -2.3184 4.7880 -3.1039
    endloop
endfacet
facet normal -0.4391 0.1414 -1.0465
    outer loop
        vertex -1.7632 4.8737 -3.3254
        vertex -1.6400 3.5200 -3.5600
        vertex -1.8782 4.7778 -3.2901
    endloop
endfacet
facet normal -0.5022 0.1616 -1.1961
    outer loop
        vertex -1.8782 4.7778 -3.2901
        vertex -1.6400 3.5200 -3.5600
        vertex -2.0203 4.7251 -3.2375
    endloop
endfacet
facet normal -0.4912 0.1582 -1.1703
    outer loop
        vertex -2.0203 4.7251 -3.2375
        vertex -1.6400 3.5200 -3.5600
        vertex -2.1756 4.7249 -3.1724
    endloop
endfacet
facet normal -0.1785 0.0553 -0.6139
    outer loop
        vertex -2.8862 2.0095 -3.3334
        vertex -1.7146 2.1142 -3.6648
        vertex -1.7487 2.0273 -3.6627
    endloop
endfacet
facet normal -0.0139 -0.2814 -0.1599
    outer loop
        vertex -2.2000 -2.2400 -1.2400
        vertex -1.8363 -2.2944 -1.1758
        vertex -1.8175 -2.3676 -1.0487
    endloop
endfacet
facet normal -5.0409 2.1155 -3.9295
    outer loop
        vertex -4.1577 1.9336 -2.4366
        vertex -4.3600 3.0800 -1.5600
        vertex -3.7736 2.8649 -2.4280
    endloop
endfacet
facet normal -0.1948 0.0818 -0.1520
    outer loop
        vertex -3.7736 2.8649 -2.4280
        vertex -3.9442 2.3879 -2.4659
        vertex -4.1577 1.9336 -2.4366
    endloop
endfacet
facet normal -0.2667 0.1119 -0.2079
    outer loop
        vertex -3.6378 3.1941 -2.4251
        vertex -3.1200 3.3600 -3.0000
        vertex -3.5090 3.1711 -2.6026
    endloop
endfacet
facet normal -1.7820 0.7478 -1.3891
    outer loop
        vertex -4.3600 3.0800 -1.5600
        vertex -3.6378 3.1941 -2.4251
        vertex -3.7736 2.8649 -2.4280
    endloop
endfacet
facet normal -0.1900 0.0443 -0.2938
    outer loop
        vertex -3.9545 1.9674 -2.6698
        vertex -3.9380 2.0184 -2.6728
        vertex -3.0197 2.0074 -3.2682
    endloop
endfacet
facet normal -1.0144 0.4256 -0.7907
    outer loop
        vertex -3.1200 3.3600 -3.0000
        vertex -3.9380 2.0184 -2.6728
        vertex -3.8312 2.3483 -2.6323
    endloop
endfacet
facet normal -0.7547 0.3167 -0.5884
    outer loop
        vertex -3.8312 2.3483 -2.6323
        vertex -3.6963 2.6725 -2.6308
        vertex -3.1200 3.3600 -3.0000
    endloop
endfacet
facet normal -1.2715 0.5336 -0.9911
    outer loop
        vertex -3.6963 2.6725 -2.6308
        vertex -3.5090 3.1711 -2.6026
        vertex -3.1200 3.3600 -3.0000
    endloop
endfacet
facet normal -0.0762 0.0320 -0.0594
    outer loop
        vertex -3.8102 2.7070 -2.4661
        vertex -3.9442 2.3879 -2.4659
        vertex -3.7736 2.8649 -2.4280
    endloop
endfacet
facet normal -0.0907 0.0381 -0.0708
    outer loop
        vertex -3.9442 2.3879 -2.4659
        vertex -4.1267 1.9466 -2.4694
        vertex -4.1577 1.9336 -2.4366
    endloop
endfacet
facet normal -0.0979 0.0175 -0.0780
    outer loop
        vertex -3.3353 4.8640 -2.3912
        vertex -3.0000 4.9200 -2.8000
        vertex -3.1992 4.8495 -2.5656
    endloop
endfacet
facet normal -2.7038 0.4837 -2.1514
    outer loop
        vertex -4.0400 4.8000 -1.5200
        vertex -3.3353 4.8640 -2.3912
        vertex -3.4023 4.3694 -2.4182
    endloop
endfacet
facet normal -1.5561 0.1775 -2.3083
    outer loop
        vertex -2.7257 6.1248 -2.8923
        vertex -3.0000 4.9200 -2.8000
        vertex -3.1601 5.5632 -2.6426
    endloop
endfacet
facet normal -0.2396 0.0273 -0.3555
    outer loop
        vertex -3.1601 5.5632 -2.6426
        vertex -3.1565 5.6988 -2.6346
        vertex -2.7257 6.1248 -2.8923
    endloop
endfacet
facet normal -0.0926 -0.2800 -0.5447
    outer loop
        vertex -3.3169 -0.7209 -2.5164
        vertex -3.2904 -0.5534 -2.6070
        vertex -2.8209 -0.8748 -2.5216
    endloop
endfacet
facet normal -0.1360 -0.4113 -0.7998
    outer loop
        vertex -2.8209 -0.8748 -2.5216
        vertex -3.3222 -0.9772 -2.3837
        vertex -3.3169 -0.7209 -2.5164
    endloop
endfacet
facet normal -0.0947 -0.2865 -0.5572
    outer loop
        vertex -3.3154 -1.1537 -2.2941
        vertex -3.3222 -0.9772 -2.3837
        vertex -2.8209 -0.8748 -2.5216
    endloop
endfacet
facet normal -0.0895 -0.5196 -1.0242
    outer loop
        vertex -2.3041 -0.8419 -2.5936
        vertex -2.0171 -0.4444 -2.8203
        vertex -2.0065 -1.0008 -2.5390
    endloop
endfacet
facet normal -0.0248 -0.1440 -0.2838
    outer loop
        vertex -2.4334 -0.9254 -2.5400
        vertex -2.3041 -0.8419 -2.5936
        vertex -2.0065 -1.0008 -2.5390
    endloop
endfacet
facet normal -0.0462 -0.2682 -0.5287
    outer loop
        vertex -2.4334 -0.9254 -2.5400
        vertex -2.0065 -1.0008 -2.5390
        vertex -2.6800 -1.0800 -2.4400
    endloop
endfacet
facet normal -0.0037 -0.0212 -0.0418
    outer loop
        vertex -2.6800 -1.0800 -2.4400
        vertex -2.5102 -0.9464 -2.5226
        vertex -2.4334 -0.9254 -2.5400
    endloop
endfacet
facet normal -0.8075 0.5172 -0.7738
    outer loop
        vertex -4.5622 1.7085 -2.1462
        vertex -4.8045 1.4193 -2.0867
        vertex -5.0000 1.6970 -1.6970
    endloop
endfacet
facet normal -0.0769 0.0032 -0.1861
    outer loop
        vertex -1.9572 5.5100 -3.2202
        vertex -2.1719 6.0272 -3.1226
        vertex -1.8815 5.4664 -3.2522
    endloop
endfacet
facet normal -0.1872 0.0079 -0.4535
    outer loop
        vertex -2.1097 5.5396 -3.1567
        vertex -2.1719 6.0272 -3.1226
        vertex -1.9572 5.5100 -3.2202
    endloop
endfacet
facet normal -1.3078 0.0551 -3.1682
    outer loop
        vertex -2.4878 5.3215 -3.0044
        vertex -3.0000 4.9200 -2.8000
        vertex -2.7257 6.1248 -2.8923
    endloop
endfacet
facet normal -0.2671 0.0112 -0.6469
    outer loop
        vertex -2.7257 6.1248 -2.8923
        vertex -2.3950 5.4432 -3.0406
        vertex -2.4878 5.3215 -3.0044
    endloop
endfacet
facet normal -0.0928 0.0038 -0.2249
    outer loop
        vertex -2.5092 5.0169 -3.0009
        vertex -2.4706 4.9512 -3.0180
        vertex -3.0000 4.9200 -2.8000
    endloop
endfacet
facet normal -0.1989 0.0084 -0.4817
    outer loop
        vertex -2.5280 5.1702 -2.9905
        vertex -2.5092 5.0169 -3.0009
        vertex -3.0000 4.9200 -2.8000
    endloop
endfacet
facet normal -0.1956 0.0082 -0.4741
    outer loop
        vertex -2.2625 5.5180 -3.0940
        vertex -2.1719 6.0272 -3.1226
        vertex -2.1097 5.5396 -3.1567
    endloop
endfacet
facet normal -0.1583 0.0066 -0.3835
    outer loop
        vertex -2.4878 5.3215 -3.0044
        vertex -2.5280 5.1702 -2.9905
        vertex -3.0000 4.9200 -2.8000
    endloop
endfacet
facet normal -0.0225 0.0010 -0.0544
    outer loop
        vertex -2.0450 4.9762 -3.1932
        vertex -2.1534 4.9698 -3.1486
        vertex -2.2309 5.0456 -3.1153
    endloop
endfacet
facet normal -0.1507 0.0063 -0.3650
    outer loop
        vertex -2.2309 5.0456 -3.1153
        vertex -2.0389 5.2880 -3.1904
        vertex -2.0450 4.9762 -3.1932
    endloop
endfacet
facet normal -0.0374 0.0016 -0.0907
    outer loop
        vertex -1.9651 5.0324 -3.2252
        vertex -2.0450 4.9762 -3.1932
        vertex -1.9558 5.2205 -3.2258
    endloop
endfacet
facet normal -0.0157 0.0007 -0.0381
    outer loop
        vertex -1.9558 5.2205 -3.2258
        vertex -1.9284 5.1206 -3.2389
        vertex -1.9651 5.0324 -3.2252
    endloop
endfacet
facet normal -0.0679 0.0029 -0.1644
    outer loop
        vertex -2.0450 4.9762 -3.1932
        vertex -2.0389 5.2880 -3.1904
        vertex -1.9558 5.2205 -3.2258
    endloop
endfacet
facet normal -0.0159 0.0007 -0.0385
    outer loop
        vertex -2.2298 5.2350 -3.1125
        vertex -2.1451 5.2925 -3.1464
        vertex -2.2574 5.1435 -3.1026
    endloop
endfacet
facet normal -0.1355 -2.5961 -1.0446
    outer loop
        vertex -1.7678 -2.5602 -0.5936
        vertex -1.7388 -2.6730 -0.3170
        vertex -3.2861 -2.4186 -0.7487
    endloop
endfacet
facet normal -0.0823 -1.5764 -0.6339
    outer loop
        vertex -3.2861 -2.4186 -0.7487
        vertex -3.2852 -2.3519 -0.9147
        vertex -1.7678 -2.5602 -0.5936
    endloop
endfacet
facet normal -0.0006 0.0006 -0.0234
    outer loop
        vertex -1.5043 2.0014 -3.7214
        vertex -1.5600 2.0000 -3.7200
        vertex -1.4910 2.0690 -3.7200
    endloop
endfacet
facet normal -0.0023 -0.0131 -0.0546
    outer loop
        vertex -1.5441 1.7991 -3.6724
        vertex -1.5600 2.0000 -3.7200
        vertex -1.5131 1.9567 -3.7116
    endloop
endfacet
facet normal -0.0003 -0.0033 -0.0155
    outer loop
        vertex -1.5131 1.9567 -3.7116
        vertex -1.5600 2.0000 -3.7200
        vertex -1.5043 2.0014 -3.7214
    endloop
endfacet
facet normal -0.0241 -0.4365 -0.8472
    outer loop
        vertex -0.7691 -0.2558 -2.9979
        vertex -0.5928 -0.0650 -3.1012
        vertex -0.4682 -0.6989 -2.7781
    endloop
endfacet
facet normal -0.0219 -0.3977 -0.7718
    outer loop
        vertex -0.4682 -0.6989 -2.7781
        vertex -0.7662 -0.6706 -2.7842
        vertex -0.7691 -0.2558 -2.9979
    endloop
endfacet
facet normal -0.0540 -0.9757 -1.8936
    outer loop
        vertex -0.4682 -0.6989 -2.7781
        vertex -0.5928 -0.0650 -3.1012
        vertex 0.0000 -0.6494 -2.8170
    endloop
endfacet
facet normal -0.0076 -0.1456 -0.2819
    outer loop
        vertex -1.2459 -0.5004 -2.8588
        vertex -1.3423 -0.6595 -2.7740
        vertex -1.3774 -0.2497 -2.9847
    endloop
endfacet
facet normal -0.0038 -0.0738 -0.1428
    outer loop
        vertex -1.3774 -0.2497 -2.9847
        vertex -1.3272 -0.1719 -3.0263
        vertex -1.2459 -0.5004 -2.8588
    endloop
endfacet
facet normal -0.0186 -0.3570 -0.6911
    outer loop
        vertex -0.9954 -0.1525 -3.0452
        vertex -1.2459 -0.5004 -2.8588
        vertex -1.3272 -0.1719 -3.0263
    endloop
endfacet
facet normal -0.0163 -0.3133 -0.6065
    outer loop
        vertex -1.3272 -0.1719 -3.0263
        vertex -1.0774 0.1352 -3.1916
        vertex -0.9954 -0.1525 -3.0452
    endloop
endfacet
facet normal -0.0203 -0.3911 -0.7571
    outer loop
        vertex -0.9954 -0.1525 -3.0452
        vertex -1.0774 0.1352 -3.1916
        vertex -0.6708 0.1861 -3.2288
    endloop
endfacet
facet normal -0.0103 -0.1983 -0.3837
    outer loop
        vertex -0.5928 -0.0650 -3.1012
        vertex -0.7691 -0.2558 -2.9979
        vertex -0.9954 -0.1525 -3.0452
    endloop
endfacet
facet normal -0.0181 -0.3485 -0.6746
    outer loop
        vertex -0.9954 -0.1525 -3.0452
        vertex -0.6708 0.1861 -3.2288
        vertex -0.5928 -0.0650 -3.1012
    endloop
endfacet
facet normal -0.0175 -0.3377 -0.6537
    outer loop
        vertex -1.2459 -0.5004 -2.8588
        vertex -0.9954 -0.1525 -3.0452
        vertex -0.7691 -0.2558 -2.9979
    endloop
endfacet
facet normal -0.0284 -0.5435 -1.0527
    outer loop
        vertex -0.7691 -0.2558 -2.9979
        vertex -1.1496 -0.8043 -2.7045
        vertex -1.2459 -0.5004 -2.8588
    endloop
endfacet
facet normal -0.0076 -0.1440 -0.2790
    outer loop
        vertex -1.3423 -0.6595 -2.7740
        vertex -1.2459 -0.5004 -2.8588
        vertex -1.1496 -0.8043 -2.7045
    endloop
endfacet
facet normal -0.0081 -0.1517 -0.2936
    outer loop
        vertex -1.1496 -0.8043 -2.7045
        vertex -1.3200 -0.9200 -2.6400
        vertex -1.3423 -0.6595 -2.7740
    endloop
endfacet
facet normal -0.0277 -0.5007 -0.9721
    outer loop
        vertex 0.0000 -0.7600 -2.7600
        vertex -1.3200 -0.9200 -2.6400
        vertex -0.4682 -0.6989 -2.7781
    endloop
endfacet
facet normal -0.0092 -0.1667 -0.3236
    outer loop
        vertex -0.4682 -0.6989 -2.7781
        vertex 0.0000 -0.6494 -2.8170
        vertex 0.0000 -0.7600 -2.7600
    endloop
endfacet
facet normal -0.0108 -0.1961 -0.3805
    outer loop
        vertex -0.4682 -0.6989 -2.7781
        vertex -1.3200 -0.9200 -2.6400
        vertex -1.1496 -0.8043 -2.7045
    endloop
endfacet
facet normal -0.0090 -0.1632 -0.3168
    outer loop
        vertex -1.1496 -0.8043 -2.7045
        vertex -0.7662 -0.6706 -2.7842
        vertex -0.4682 -0.6989 -2.7781
    endloop
endfacet
facet normal -0.0035 -0.0666 -0.1290
    outer loop
        vertex -1.4085 0.1128 -3.1711
        vertex -1.3272 -0.1719 -3.0263
        vertex -1.3774 -0.2497 -2.9847
    endloop
endfacet
facet normal -0.0162 -0.3102 -0.6005
    outer loop
        vertex -1.4085 0.1128 -3.1711
        vertex -1.0774 0.1352 -3.1916
        vertex -1.3272 -0.1719 -3.0263
    endloop
endfacet
facet normal -0.0283 -0.5134 -0.9963
    outer loop
        vertex -0.7691 -0.2558 -2.9979
        vertex -0.7662 -0.6706 -2.7842
        vertex -1.1496 -0.8043 -2.7045
    endloop
endfacet
facet normal -0.2443 -0.0167 0.0854
    outer loop
        vertex 3.7480 6.8000 -1.9640
        vertex 3.8479 6.7129 -1.6955
        vertex 3.7709 6.6432 -1.9292
    endloop
endfacet
facet normal -0.2285 -0.0156 0.0799
    outer loop
        vertex 3.8479 6.7129 -1.6955
        vertex 3.7480 6.8000 -1.9640
        vertex 3.8948 6.8000 -1.5442
    endloop
endfacet
facet normal -0.5530 -0.4494 -0.3004
    outer loop
        vertex 5.0000 1.9702 1.2883
        vertex 4.8241 1.9748 1.6053
        vertex 5.0000 1.6970 1.6970
    endloop
endfacet
facet normal -0.9078 -0.0621 0.3176
    outer loop
        vertex 3.8023 6.4281 -1.8814
        vertex 3.8479 6.7129 -1.6955
        vertex 4.0069 6.5920 -1.2645
    endloop
endfacet
facet normal -0.3349 -0.0229 0.1171
    outer loop
        vertex 3.8479 6.7129 -1.6955
        vertex 3.8023 6.4281 -1.8814
        vertex 3.7709 6.6432 -1.9292
    endloop
endfacet
facet normal -0.3489 -0.0238 0.1221
    outer loop
        vertex 3.8948 6.8000 -1.5442
        vertex 4.0069 6.5920 -1.2645
        vertex 3.8479 6.7129 -1.6955
    endloop
endfacet
facet normal -0.3813 -0.0261 0.1334
    outer loop
        vertex 4.0069 6.5920 -1.2645
        vertex 3.8948 6.8000 -1.5442
        vertex 4.0647 6.6751 -1.0831
    endloop
endfacet
facet normal -0.4935 -0.0337 0.1726
    outer loop
        vertex 3.8948 6.8000 -1.5442
        vertex 4.1160 6.8000 -0.9120
        vertex 4.0647 6.6751 -1.0831
    endloop
endfacet
facet normal -6.2838 -3.1142 2.0813
    outer loop
        vertex 4.3600 3.0800 -1.5600
        vertex 5.0000 2.2174 -0.9185
        vertex 5.0000 1.6970 -1.6970
    endloop
endfacet
facet normal -7.8190 -4.7973 1.3496
    outer loop
        vertex 4.6400 3.0400 -0.0800
        vertex 5.0000 2.2174 -0.9185
        vertex 4.3600 3.0800 -1.5600
    endloop
endfacet
facet normal -3.7652 -2.0666 0.4109
    outer loop
        vertex 4.6400 3.0400 -0.0800
        vertex 5.0000 2.4000 0.0000
        vertex 5.0000 2.2174 -0.9185
    endloop
endfacet
facet normal -15.1500 -2.8200 2.7900
    outer loop
        vertex 4.3600 3.0800 -1.5600
        vertex 4.3200 4.6800 -0.1600
        vertex 4.6400 3.0400 -0.0800
    endloop
endfacet
facet normal -14.6500 -2.7900 2.7700
    outer loop
        vertex 4.3200 4.6800 -0.1600
        vertex 4.3600 3.0800 -1.5600
        vertex 4.0400 4.8000 -1.5200
    endloop
endfacet
facet normal -17.4560 -0.4180 3.5570
    outer loop
        vertex 4.0400 4.8000 -1.5200
        vertex 4.1160 6.8000 -0.9120
        vertex 4.3200 4.6800 -0.1600
    endloop
endfacet
facet normal -18.0200 -1.4332 0.8480
    outer loop
        vertex 4.1800 6.8000 0.4480
        vertex 4.3200 4.6800 -0.1600
        vertex 4.1160 6.8000 -0.9120
    endloop
endfacet
facet normal -3.5826 -2.0666 -0.4109
    outer loop
        vertex 5.0000 2.2174 0.9185
        vertex 5.0000 2.4000 0.0000
        vertex 4.6400 3.0400 -0.0800
    endloop
endfacet
facet normal -6.4932 -5.8058 -2.4423
    outer loop
        vertex 4.2000 2.9600 1.2800
        vertex 5.0000 2.2174 0.9185
        vertex 4.6400 3.0400 -0.0800
    endloop
endfacet
facet normal -3.7360 -3.0367 -2.0293
    outer loop
        vertex 4.8241 1.9748 1.6053
        vertex 5.0000 2.2174 0.9185
        vertex 4.2000 2.9600 1.2800
    endloop
endfacet
facet normal -0.5002 -0.4066 -0.2717
    outer loop
        vertex 5.0000 2.2174 0.9185
        vertex 4.8241 1.9748 1.6053
        vertex 5.0000 1.9702 1.2883
    endloop
endfacet
facet normal -14.5200 -3.2700 -4.8900
    outer loop
        vertex 4.2000 2.9600 1.2800
        vertex 4.6400 3.0400 -0.0800
        vertex 3.8800 4.6800 1.0800
    endloop
endfacet
facet normal -12.7100 -2.7000 -4.5100
    outer loop
        vertex 3.8800 4.6800 1.0800
        vertex 4.6400 3.0400 -0.0800
        vertex 4.3200 4.6800 -0.1600
    endloop
endfacet
facet normal -16.4300 0.5870 -5.8300
    outer loop
        vertex 4.1800 6.8000 0.4480
        vertex 3.8800 4.6800 1.0800
        vertex 4.3200 4.6800 -0.1600
    endloop
endfacet
facet normal -9.0100 -0.0522 -4.4520
    outer loop
        vertex 3.8440 6.8000 1.1280
        vertex 3.8800 4.6800 1.0800
        vertex 4.1800 6.8000 0.4480
    endloop
endfacet
facet normal -1.8993 -0.1297 0.6641
    outer loop
        vertex 4.0400 4.8000 -1.5200
        vertex 4.0069 6.5920 -1.2645
        vertex 4.0647 6.6751 -1.0831
    endloop
endfacet
facet normal -6.6477 -0.4542 2.3254
    outer loop
        vertex 3.8023 6.4281 -1.8814
        vertex 4.0069 6.5920 -1.2645
        vertex 4.0400 4.8000 -1.5200
    endloop
endfacet
facet normal -1.6640 -0.1138 0.5822
    outer loop
        vertex 4.1160 6.8000 -0.9120
        vertex 4.0400 4.8000 -1.5200
        vertex 4.0647 6.6751 -1.0831
    endloop
endfacet
facet normal -0.0016 0.0109 -0.0194
    outer loop
        vertex 1.4654 -0.9274 2.3345
        vertex 1.4800 -0.8800 2.3600
        vertex 1.4044 -0.9127 2.3477
    endloop
endfacet
facet normal -0.0085 0.1716 -0.8295
    outer loop
        vertex 0.2599 0.3007 2.6802
        vertex 1.0284 0.3966 2.6922
        vertex 0.1020 0.4537 2.7135
    endloop
endfacet
facet normal -0.0055 0.1114 -0.5386
    outer loop
        vertex 1.0284 0.3966 2.6922
        vertex 0.2599 0.3007 2.6802
        vertex 0.9026 0.2688 2.6670
    endloop
endfacet
facet normal -0.0089 0.0492 -0.1903
    outer loop
        vertex 0.5419 -0.3281 2.5458
        vertex 0.6244 -0.3312 2.5412
        vertex 1.0020 0.0241 2.6154
    endloop
endfacet
facet normal -0.0074 -0.0146 -0.2323
    outer loop
        vertex 0.0000 0.4800 2.7200
        vertex 0.2932 1.0075 2.6776
        vertex 0.2606 1.0756 2.6744
    endloop
endfacet
facet normal -0.0049 -0.0096 -0.1530
    outer loop
        vertex 0.2932 1.0075 2.6776
        vertex 0.0000 0.4800 2.7200
        vertex 0.0444 0.4764 2.7188
    endloop
endfacet
facet normal -0.3506 2.8084 -0.6788
    outer loop
        vertex 3.9600 -2.5645 0.0416
        vertex 3.4344 -2.3879 1.0438
        vertex 3.5047 -2.6181 0.0549
    endloop
endfacet
facet normal -0.3854 3.0539 -0.7403
    outer loop
        vertex 3.4344 -2.3879 1.0438
        vertex 3.9600 -2.5645 0.0416
        vertex 3.8800 -2.3122 1.1238
    endloop
endfacet
facet normal -0.0278 0.2558 -0.1479
    outer loop
        vertex 3.4242 -2.3533 1.1384
        vertex 3.8800 -2.3122 1.1238
        vertex 3.4093 -2.3028 1.2286
    endloop
endfacet
facet normal -0.9655 7.4727 -1.8131
    outer loop
        vertex 3.8800 -2.3122 1.1238
        vertex 3.9600 -2.5645 0.0416
        vertex 5.0000 -2.2174 0.9185
    endloop
endfacet
facet normal -0.9917 5.9701 -1.1872
    outer loop
        vertex 5.0000 -2.2174 0.9185
        vertex 3.9600 -2.5645 0.0416
        vertex 5.0000 -2.4000 0.0000
    endloop
endfacet
facet normal -0.5764 -1.1200 -1.6761
    outer loop
        vertex 3.9200 1.5600 2.1600
        vertex 4.2644 1.3554 2.1783
        vertex 5.0000 1.6970 1.6970
    endloop
endfacet
facet normal -0.0064 0.0760 -0.1137
    outer loop
        vertex 5.0000 -0.9185 2.2174
        vertex 4.6599 -1.2295 2.0285
        vertex 4.7562 -1.1949 2.0462
    endloop
endfacet
facet normal -0.0903 1.0799 -1.6159
    outer loop
        vertex 4.6599 -1.2295 2.0285
        vertex 5.0000 -0.9185 2.2174
        vertex 3.8400 -1.2192 2.0812
    endloop
endfacet
facet normal -0.0405 0.4367 -0.6652
    outer loop
        vertex 4.4825 -1.5424 1.8300
        vertex 3.9213 -1.5126 1.8838
        vertex 3.7520 -1.6932 1.7755
    endloop
endfacet
facet normal -0.0141 0.1520 -0.2315
    outer loop
        vertex 3.9213 -1.5126 1.8838
        vertex 4.4825 -1.5424 1.8300
        vertex 4.4616 -1.4753 1.8753
    endloop
endfacet
facet normal -0.1084 0.5232 -0.3495
    outer loop
        vertex 4.5047 -2.1570 1.1624
        vertex 4.3377 -2.2496 1.0757
        vertex 5.0000 -2.2174 0.9185
    endloop
endfacet
facet normal -0.0027 0.1290 -0.2208
    outer loop
        vertex 2.5815 -1.3452 2.0228
        vertex 3.3228 -1.5709 1.8819
        vertex 3.3411 -1.5288 1.9062
    endloop
endfacet
facet normal -0.0135 0.6533 -1.1176
    outer loop
        vertex 3.3228 -1.5709 1.8819
        vertex 2.5815 -1.3452 2.0228
        vertex 3.0777 -1.7376 1.7874
    endloop
endfacet
facet normal -0.3396 -0.1622 -1.5871
    outer loop
        vertex 3.0535 1.4008 2.3616
        vertex 3.9200 1.5600 2.1600
        vertex 2.7600 1.6400 2.4000
    endloop
endfacet
facet normal -0.0686 -0.0327 -0.3205
    outer loop
        vertex 3.9200 1.5600 2.1600
        vertex 3.0535 1.4008 2.3616
        vertex 3.1542 1.3602 2.3442
    endloop
endfacet
facet normal -0.0443 0.3008 -0.4933
    outer loop
        vertex 2.6800 -1.0400 2.2000
        vertex 2.3620 -1.2241 2.1163
        vertex 2.5815 -1.3452 2.0228
    endloop
endfacet
facet normal -0.0012 0.0114 -0.0205
    outer loop
        vertex 1.7938 -1.0065 2.2710
        vertex 1.8928 -0.9350 2.3050
        vertex 1.8324 -0.9455 2.3027
    endloop
endfacet
facet normal -0.0229 0.2162 -0.3884
    outer loop
        vertex 1.8928 -0.9350 2.3050
        vertex 1.7938 -1.0065 2.2710
        vertex 2.3620 -1.2241 2.1163
    endloop
endfacet
facet normal -0.0216 0.0634 -0.2254
    outer loop
        vertex 1.7578 -0.9170 2.3230
        vertex 1.6017 -0.7664 2.3803
        vertex 1.4800 -0.8800 2.3600
    endloop
endfacet
facet normal -0.1575 0.5477 -2.1225
    outer loop
        vertex 2.1485 0.1988 2.5888
        vertex 1.4800 0.1451 2.6246
        vertex 1.8262 -0.3350 2.4750
    endloop
endfacet
facet normal -0.0164 0.0570 -0.2214
    outer loop
        vertex 1.4800 0.1451 2.6246
        vertex 2.1485 0.1988 2.5888
        vertex 1.5012 0.1998 2.6371
    endloop
endfacet
facet normal -0.0265 -0.0147 -0.2498
    outer loop
        vertex 1.7141 0.8276 2.6277
        vertex 1.4800 0.3600 2.6800
        vertex 1.7775 0.7834 2.6236
    endloop
endfacet
facet normal -0.0018 0.0099 -0.0383
    outer loop
        vertex 1.4263 0.3223 2.6728
        vertex 1.4800 0.2457 2.6505
        vertex 1.4800 0.3600 2.6800
    endloop
endfacet
facet normal -0.0153 -0.0459 -0.1989
    outer loop
        vertex 3.8747 1.0977 2.2703
        vertex 3.5834 0.4836 2.4345
        vertex 3.6459 0.5061 2.4245
    endloop
endfacet
facet normal -0.2237 -0.6754 -2.9219
    outer loop
        vertex 3.5834 0.4836 2.4345
        vertex 3.8747 1.0977 2.2703
        vertex 2.7336 0.2970 2.5427
    endloop
endfacet
facet normal -0.0089 -0.0088 -0.0419
    outer loop
        vertex 2.7647 1.7252 2.3811
        vertex 2.6860 1.7256 2.3977
        vertex 2.7600 1.6400 2.4000
    endloop
endfacet
facet normal -0.0168 0.0531 -0.2673
    outer loop
        vertex 4.7219 -0.0850 2.4005
        vertex 5.0000 -0.9185 2.2174
        vertex 4.7777 -0.0985 2.3943
    endloop
endfacet
facet normal -0.2522 0.8041 -4.0433
    outer loop
        vertex 5.0000 -0.9185 2.2174
        vertex 4.7219 -0.0850 2.4005
        vertex 3.8905 0.0807 2.4853
    endloop
endfacet
facet normal -0.0274 0.2684 -0.1011
    outer loop
        vertex 3.4344 -2.3879 1.0438
        vertex 3.8800 -2.3122 1.1238
        vertex 3.4242 -2.3533 1.1384
    endloop
endfacet
facet normal -0.0097 -0.0200 -0.3404
    outer loop
        vertex 0.4760 1.3510 2.6504
        vertex 0.5598 1.3933 2.6456
        vertex 0.0000 1.7600 2.6400
    endloop
endfacet
facet normal -0.0230 0.1302 -0.4209
    outer loop
        vertex 3.8400 -1.2192 2.0812
        vertex 3.3821 -0.6061 2.2959
        vertex 3.3432 -0.7011 2.2686
    endloop
endfacet
facet normal -0.1420 0.8055 -2.6032
    outer loop
        vertex 3.3821 -0.6061 2.2959
        vertex 3.8400 -1.2192 2.0812
        vertex 3.6792 -0.0942 2.4381
    endloop
endfacet
facet normal 0.0031 0.0259 -0.0837
    outer loop
        vertex 3.8400 -1.2192 2.0812
        vertex 4.2246 -0.9155 2.1895
        vertex 4.1654 -0.9274 2.1836
    endloop
endfacet
facet normal 0.0549 0.4577 -1.4789
    outer loop
        vertex 4.2246 -0.9155 2.1895
        vertex 3.8400 -1.2192 2.0812
        vertex 5.0000 -0.9185 2.2174
    endloop
endfacet
facet normal 0.0159 0.1315 -0.4246
    outer loop
        vertex 4.2084 -0.3048 2.3778
        vertex 3.8400 0.0305 2.4679
        vertex 4.0799 -0.3722 2.3522
    endloop
endfacet
facet normal 0.0082 0.0685 -0.2213
    outer loop
        vertex 3.8400 0.0305 2.4679
        vertex 4.2084 -0.3048 2.3778
        vertex 3.8905 0.0807 2.4853
    endloop
endfacet
facet normal -0.1081 -0.1111 -0.6475
    outer loop
        vertex 1.4800 1.7200 2.6000
        vertex 2.7600 1.6400 2.4000
        vertex 2.6860 1.7256 2.3977
    endloop
endfacet
facet normal -0.1183 0.3476 -1.2358
    outer loop
        vertex 2.5029 -0.0780 2.4875
        vertex 2.6800 -1.0400 2.2000
        vertex 2.6800 0.0764 2.5140
    endloop
endfacet
facet normal -0.2591 0.7600 -2.7024
    outer loop
        vertex 2.6800 -1.0400 2.2000
        vertex 2.5029 -0.0780 2.4875
        vertex 2.1550 -0.6298 2.3657
    endloop
endfacet
facet normal -0.0927 -0.0735 -0.1465
    outer loop
        vertex 3.9200 1.5600 2.1600
        vertex 3.9520 1.7201 2.0594
        vertex 3.8058 1.7208 2.1516
    endloop
endfacet
facet normal -0.0056 0.0672 -0.1006
    outer loop
        vertex 5.0000 -1.6970 1.6970
        vertex 5.0000 -1.5760 1.7780
        vertex 4.8670 -1.6423 1.7411
    endloop
endfacet
facet normal -0.0544 -0.1024 -0.5152
    outer loop
        vertex 4.7355 0.5141 2.3257
        vertex 3.9510 0.2020 2.4706
        vertex 4.5426 0.3322 2.3822
    endloop
endfacet
facet normal -0.1549 -0.2917 -1.4667
    outer loop
        vertex 3.9510 0.2020 2.4706
        vertex 4.7355 0.5141 2.3257
        vertex 5.0000 0.9185 2.2174
    endloop
endfacet
facet normal -0.0050 -0.0095 -0.0476
    outer loop
        vertex 5.0000 0.1065 2.3788
        vertex 4.9284 0.0078 2.4060
        vertex 5.0000 0.0000 2.4000
    endloop
endfacet
facet normal -0.1442 0.9653 -0.7430
    outer loop
        vertex 3.2975 -2.0619 1.5612
        vertex 4.0217 -2.1736 1.2755
        vertex 4.1557 -2.0302 1.4359
    endloop
endfacet
facet normal -0.1979 1.3056 -1.0120
    outer loop
        vertex 4.0217 -2.1736 1.2755
        vertex 3.2975 -2.0619 1.5612
        vertex 3.4093 -2.3028 1.2286
    endloop
endfacet
facet normal -0.0367 -0.0174 -0.1711
    outer loop
        vertex 3.0514 0.7859 2.4248
        vertex 2.7336 0.2970 2.5427
        vertex 3.1102 0.7902 2.4118
    endloop
endfacet
facet normal -0.0518 -0.0247 -0.2421
    outer loop
        vertex 2.7336 0.2970 2.5427
        vertex 3.0514 0.7859 2.4248
        vertex 2.6860 0.3458 2.5479
    endloop
endfacet
facet normal -0.0003 0.0054 -0.0263
    outer loop
        vertex 1.4800 0.3600 2.6800
        vertex 1.3800 0.3681 2.6827
        vertex 1.4263 0.3223 2.6728
    endloop
endfacet
facet normal -0.0722 -0.1985 -0.8600
    outer loop
        vertex 4.2230 0.7984 2.3103
        vertex 5.0000 0.9185 2.2174
        vertex 4.4211 1.0061 2.2457
    endloop
endfacet
facet normal -0.2260 -0.6208 -2.6921
    outer loop
        vertex 5.0000 0.9185 2.2174
        vertex 4.2230 0.7984 2.3103
        vertex 3.9510 0.2020 2.4706
    endloop
endfacet
facet normal -0.0437 -0.1200 -0.5205
    outer loop
        vertex 3.8978 1.1624 2.2536
        vertex 4.1196 1.3833 2.1840
        vertex 3.9200 1.5600 2.1600
    endloop
endfacet
facet normal -0.0061 0.0657 -0.2335
    outer loop
        vertex 3.0691 -0.3159 2.3934
        vertex 2.7351 0.1244 2.5260
        vertex 3.0064 -0.3450 2.3869
    endloop
endfacet
facet normal -0.0483 0.5159 -1.8347
    outer loop
        vertex 2.7351 0.1244 2.5260
        vertex 3.0691 -0.3159 2.3934
        vertex 3.3651 0.1728 2.5230
    endloop
endfacet
facet normal -0.2536 -0.1636 -1.5579
    outer loop
        vertex 1.8990 1.3564 2.5700
        vertex 2.1130 1.1374 2.5581
        vertex 2.7600 1.6400 2.4000
    endloop
endfacet
facet normal -0.0048 0.0881 -0.2056
    outer loop
        vertex 0.0000 -0.7896 2.4330
        vertex 0.3001 -0.7206 2.4557
        vertex 0.0000 -0.6800 2.4800
    endloop
endfacet
facet normal -0.0034 0.0632 -0.1473
    outer loop
        vertex 0.3001 -0.7206 2.4557
        vertex 0.0000 -0.7896 2.4330
        vertex 0.3434 -0.7891 2.4253
    endloop
endfacet
facet normal -0.2454 -0.2325 -1.1084
    outer loop
        vertex 3.8058 1.7208 2.1516
        vertex 2.7600 1.6400 2.4000
        vertex 3.9200 1.5600 2.1600
    endloop
endfacet
facet normal -0.1228 -0.1163 -0.5548
    outer loop
        vertex 2.7600 1.6400 2.4000
        vertex 3.8058 1.7208 2.1516
        vertex 2.7647 1.7252 2.3811
    endloop
endfacet
facet normal -0.0041 0.0762 -0.1776
    outer loop
        vertex 0.8181 -0.7906 2.4137
        vertex 1.4044 -0.9127 2.3477
        vertex 1.4800 -0.8800 2.3600
    endloop
endfacet
facet normal -0.0027 0.0513 -0.1194
    outer loop
        vertex 1.4044 -0.9127 2.3477
        vertex 0.8181 -0.7906 2.4137
        vertex 0.7986 -0.8191 2.4019
    endloop
endfacet
facet normal -0.0012 0.0277 -0.1340
    outer loop
        vertex 0.0368 -0.0913 2.6014
        vertex 0.0000 -0.0968 2.6006
        vertex 0.0000 -0.6800 2.4800
    endloop
endfacet
facet normal -0.0384 0.7726 -3.7336
    outer loop
        vertex 0.2569 0.0967 2.6381
        vertex 0.0000 -0.6800 2.4800
        vertex 1.0020 0.0241 2.6154
    endloop
endfacet
facet normal -0.0079 0.1587 -0.7668
    outer loop
        vertex 0.0000 -0.6800 2.4800
        vertex 0.2569 0.0967 2.6381
        vertex 0.0368 -0.0913 2.6014
    endloop
endfacet
facet normal -0.0031 0.0631 -0.3047
    outer loop
        vertex 1.0020 0.0241 2.6154
        vertex 0.9271 0.0968 2.6312
        vertex 0.2569 0.0967 2.6381
    endloop
endfacet
facet normal -0.0044 0.0894 -0.4319
    outer loop
        vertex 0.2569 0.0967 2.6381
        vertex 0.8744 0.2008 2.6533
        vertex 0.3041 0.2166 2.6624
    endloop
endfacet
facet normal -0.0045 0.0901 -0.4355
    outer loop
        vertex 0.8744 0.2008 2.6533
        vertex 0.2569 0.0967 2.6381
        vertex 0.9271 0.0968 2.6312
    endloop
endfacet
facet normal -0.0034 0.0680 -0.3291
    outer loop
        vertex 0.3041 0.2166 2.6624
        vertex 0.9026 0.2688 2.6670
        vertex 0.2599 0.3007 2.6802
    endloop
endfacet
facet normal -0.0025 0.0506 -0.2451
    outer loop
        vertex 0.9026 0.2688 2.6670
        vertex 0.3041 0.2166 2.6624
        vertex 0.8744 0.2008 2.6533
    endloop
endfacet
facet normal -0.0011 0.0229 -0.1108
    outer loop
        vertex 1.0284 0.3966 2.6922
        vertex 0.0444 0.4764 2.7188
        vertex 0.1020 0.4537 2.7135
    endloop
endfacet
facet normal -0.0046 0.0256 -0.0993
    outer loop
        vertex 0.0000 -0.6800 2.4800
        vertex 0.3001 -0.7206 2.4557
        vertex 0.2635 -0.6627 2.4723
    endloop
endfacet
facet normal -0.0055 0.0309 -0.1197
    outer loop
        vertex 0.0000 -0.6800 2.4800
        vertex 0.2635 -0.6627 2.4723
        vertex 0.2711 -0.5895 2.4908
    endloop
endfacet
facet normal -0.0209 0.1165 -0.4518
    outer loop
        vertex 0.8863 -0.6906 2.4363
        vertex 0.8181 -0.7906 2.4137
        vertex 1.4800 -0.8800 2.3600
    endloop
endfacet
facet normal -0.0133 0.0743 -0.2876
    outer loop
        vertex 1.4800 -0.8800 2.3600
        vertex 0.8965 -0.6163 2.4550
        vertex 0.8863 -0.6906 2.4363
    endloop
endfacet
facet normal -0.1112 0.6205 -2.4042
    outer loop
        vertex 0.8965 -0.6163 2.4550
        vertex 1.4800 -0.8800 2.3600
        vertex 1.2176 -0.1022 2.5729
    endloop
endfacet
facet normal -0.0574 0.3210 -1.2440
    outer loop
        vertex 1.4800 0.1451 2.6246
        vertex 1.2858 -0.0692 2.5782
        vertex 1.4800 -0.8800 2.3600
    endloop
endfacet
facet normal -0.0179 0.0996 -0.3859
    outer loop
        vertex 1.2858 -0.0692 2.5782
        vertex 1.2176 -0.1022 2.5729
        vertex 1.4800 -0.8800 2.3600
    endloop
endfacet
facet normal -0.0122 0.0685 -0.2656
    outer loop
        vertex 0.8965 -0.6163 2.4550
        vertex 1.1608 -0.1018 2.5756
        vertex 0.8561 -0.5341 2.4781
    endloop
endfacet
facet normal -0.0084 0.0472 -0.1831
    outer loop
        vertex 1.1608 -0.1018 2.5756
        vertex 0.8965 -0.6163 2.4550
        vertex 1.2176 -0.1022 2.5729
    endloop
endfacet
facet normal -0.0307 0.1711 -0.6629
    outer loop
        vertex 0.8561 -0.5341 2.4781
        vertex 1.0933 -0.0645 2.5883
        vertex 0.7070 -0.3822 2.5242
    endloop
endfacet
facet normal -0.0116 0.0654 -0.2534
    outer loop
        vertex 1.0933 -0.0645 2.5883
        vertex 0.8561 -0.5341 2.4781
        vertex 1.1608 -0.1018 2.5756
    endloop
endfacet
facet normal -0.0112 0.0628 -0.2433
    outer loop
        vertex 0.0000 -0.6800 2.4800
        vertex 0.2711 -0.5895 2.4908
        vertex 0.4532 -0.3851 2.5352
    endloop
endfacet
facet normal -0.0068 0.0380 -0.1473
    outer loop
        vertex 1.0020 0.0241 2.6154
        vertex 0.0000 -0.6800 2.4800
        vertex 0.4532 -0.3851 2.5352
    endloop
endfacet
facet normal -0.0183 0.1020 -0.3953
    outer loop
        vertex 1.0020 0.0241 2.6154
        vertex 0.7070 -0.3822 2.5242
        vertex 1.0933 -0.0645 2.5883
    endloop
endfacet
facet normal -0.0140 0.0784 -0.3039
    outer loop
        vertex 0.7070 -0.3822 2.5242
        vertex 1.0020 0.0241 2.6154
        vertex 0.6244 -0.3312 2.5412
    endloop
endfacet
facet normal -0.0014 0.0080 -0.0315
    outer loop
        vertex 0.5419 -0.3281 2.5458
        vertex 1.0020 0.0241 2.6154
        vertex 0.4532 -0.3851 2.5352
    endloop
endfacet
facet normal -0.0014 -0.0028 -0.0446
    outer loop
        vertex 1.4800 0.3600 2.6800
        vertex 1.3014 0.4458 2.6804
        vertex 1.3800 0.3681 2.6827
    endloop
endfacet
facet normal -0.0460 -0.0893 -1.5181
    outer loop
        vertex 1.3014 0.4458 2.6804
        vertex 1.4800 0.3600 2.6800
        vertex 1.4800 1.7200 2.6000
    endloop
endfacet
facet normal -0.1146 -0.2387 -4.0390
    outer loop
        vertex 0.8843 1.0887 2.6542
        vertex 1.3014 0.4458 2.6804
        vertex 1.4800 1.7200 2.6000
    endloop
endfacet
facet normal -0.0111 -0.0216 -0.3525
    outer loop
        vertex 1.3014 0.4458 2.6804
        vertex 0.8843 1.0887 2.6542
        vertex 1.1791 0.4992 2.6810
    endloop
endfacet
facet normal -0.0116 -0.0249 -0.4212
    outer loop
        vertex 0.8248 0.9791 2.6623
        vertex 1.1791 0.4992 2.6810
        vertex 0.8843 1.0887 2.6542
    endloop
endfacet
facet normal -0.0084 -0.0163 -0.2614
    outer loop
        vertex 1.1791 0.4992 2.6810
        vertex 0.8248 0.9791 2.6623
        vertex 1.1104 0.4742 2.6847
    endloop
endfacet
facet normal -0.0297 -0.0580 -0.9273
    outer loop
        vertex 0.6265 0.8102 2.6792
        vertex 1.1104 0.4742 2.6847
        vertex 0.8248 0.9791 2.6623
    endloop
endfacet
facet normal -0.0131 -0.0254 -0.4067
    outer loop
        vertex 1.1104 0.4742 2.6847
        vertex 0.6265 0.8102 2.6792
        vertex 1.0284 0.3966 2.6922
    endloop
endfacet
facet normal -0.0082 -0.0159 -0.2531
    outer loop
        vertex 0.5527 0.7853 2.6832
        vertex 1.0284 0.3966 2.6922
        vertex 0.6265 0.8102 2.6792
    endloop
endfacet
facet normal -0.0691 -0.1344 -2.1532
    outer loop
        vertex 1.0284 0.3966 2.6922
        vertex 0.5527 0.7853 2.6832
        vertex 0.0444 0.4764 2.7188
    endloop
endfacet
facet normal -0.0078 -0.0152 -0.2430
    outer loop
        vertex 0.5527 0.7853 2.6832
        vertex 0.4808 0.8181 2.6834
        vertex 0.0444 0.4764 2.7188
    endloop
endfacet
facet normal -0.0295 -0.0573 -0.9174
    outer loop
        vertex 0.0444 0.4764 2.7188
        vertex 0.4808 0.8181 2.6834
        vertex 0.2932 1.0075 2.6776
    endloop
endfacet
facet normal -1.2307 -2.3920 -3.5792
    outer loop
        vertex 5.0000 1.6970 1.6970
        vertex 4.2644 1.3554 2.1783
        vertex 5.0000 0.9185 2.2174
    endloop
endfacet
facet normal -0.0711 0.8502 -1.2722
    outer loop
        vertex 3.8400 -1.2192 2.0812
        vertex 4.4616 -1.4753 1.8753
        vertex 4.6599 -1.2295 2.0285
    endloop
endfacet
facet normal -0.0490 0.5286 -0.8056
    outer loop
        vertex 4.4616 -1.4753 1.8753
        vertex 3.8400 -1.2192 2.0812
        vertex 3.8972 -1.4501 1.9262
    endloop
endfacet
facet normal -0.0353 0.4228 -0.6326
    outer loop
        vertex 4.7562 -1.1949 2.0462
        vertex 5.0000 -1.3337 1.9398
        vertex 5.0000 -0.9185 2.2174
    endloop
endfacet
facet normal -0.0038 0.0405 -0.0617
    outer loop
        vertex 4.8670 -1.6423 1.7411
        vertex 4.7856 -1.6829 1.7194
        vertex 5.0000 -1.6970 1.6970
    endloop
endfacet
facet normal -0.0016 0.0173 -0.0264
    outer loop
        vertex 4.7089 -1.6976 1.7144
        vertex 5.0000 -1.6970 1.6970
        vertex 4.7856 -1.6829 1.7194
    endloop
endfacet
facet normal -0.0401 0.4323 -0.6583
    outer loop
        vertex 5.0000 -1.6970 1.6970
        vertex 4.7089 -1.6976 1.7144
        vertex 3.2975 -2.0619 1.5612
    endloop
endfacet
facet normal -0.0028 0.0293 -0.0446
    outer loop
        vertex 3.0964 -1.7540 1.7755
        vertex 3.3228 -1.5709 1.8819
        vertex 3.0777 -1.7376 1.7874
    endloop
endfacet
facet normal -0.0082 0.0887 -0.1350
    outer loop
        vertex 3.3228 -1.5709 1.8819
        vertex 3.0964 -1.7540 1.7755
        vertex 3.3420 -1.6508 1.8283
    endloop
endfacet
facet normal -0.1123 1.2122 -1.8475
    outer loop
        vertex 4.7089 -1.6976 1.7144
        vertex 3.6378 -1.7646 1.7356
        vertex 3.2975 -2.0619 1.5612
    endloop
endfacet
facet normal -0.0262 0.2823 -0.4304
    outer loop
        vertex 3.6378 -1.7646 1.7356
        vertex 4.7089 -1.6976 1.7144
        vertex 3.7520 -1.6932 1.7755
    endloop
endfacet
facet normal -0.0560 0.6047 -0.9218
    outer loop
        vertex 4.4825 -1.5424 1.8300
        vertex 3.7520 -1.6932 1.7755
        vertex 4.7089 -1.6976 1.7144
    endloop
endfacet
facet normal -0.0482 0.5194 -0.7916
    outer loop
        vertex 3.4982 -1.7394 1.7606
        vertex 3.0964 -1.7540 1.7755
        vertex 3.2975 -2.0619 1.5612
    endloop
endfacet
facet normal -0.0144 0.1554 -0.2368
    outer loop
        vertex 3.0964 -1.7540 1.7755
        vertex 3.4982 -1.7394 1.7606
        vertex 3.3420 -1.6508 1.8283
    endloop
endfacet
facet normal -0.0132 0.1421 -0.2166
    outer loop
        vertex 3.9213 -1.5126 1.8838
        vertex 4.4616 -1.4753 1.8753
        vertex 3.8972 -1.4501 1.9262
    endloop
endfacet
facet normal -0.0100 0.1077 -0.1642
    outer loop
        vertex 3.8223 -1.3869 1.9722
        vertex 3.8400 -1.2192 2.0812
        vertex 3.6712 -1.3339 2.0162
    endloop
endfacet
facet normal -0.0052 0.0561 -0.0855
    outer loop
        vertex 3.8972 -1.4501 1.9262
        vertex 3.8400 -1.2192 2.0812
        vertex 3.8223 -1.3869 1.9722
    endloop
endfacet
facet normal -0.0190 0.2054 -0.3131
    outer loop
        vertex 3.2975 -2.0619 1.5612
        vertex 3.6378 -1.7646 1.7356
        vertex 3.4982 -1.7394 1.7606
    endloop
endfacet
facet normal -0.1580 0.7628 -0.5099
    outer loop
        vertex 4.5154 -2.0974 1.2484
        vertex 5.0000 -1.6970 1.6970
        vertex 4.3918 -2.0311 1.3858
    endloop
endfacet
facet normal -0.4888 2.3583 -1.5760
    outer loop
        vertex 5.0000 -1.6970 1.6970
        vertex 4.5154 -2.0974 1.2484
        vertex 5.0000 -2.2174 0.9185
    endloop
endfacet
facet normal -0.0402 0.1938 -0.1296
    outer loop
        vertex 4.1906 -2.2677 1.0941
        vertex 4.0443 -2.2220 1.2080
        vertex 3.8800 -2.3122 1.1238
    endloop
endfacet
facet normal -0.0018 0.0085 -0.0057
    outer loop
        vertex 3.8800 -2.3122 1.1238
        vertex 4.3377 -2.2496 1.0757
        vertex 4.1906 -2.2677 1.0941
    endloop
endfacet
facet normal -0.0519 0.2503 -0.1674
    outer loop
        vertex 4.3377 -2.2496 1.0757
        vertex 3.8800 -2.3122 1.1238
        vertex 5.0000 -2.2174 0.9185
    endloop
endfacet
facet normal -0.0585 0.2823 -0.1887
    outer loop
        vertex 4.5047 -2.1570 1.1624
        vertex 5.0000 -2.2174 0.9185
        vertex 4.5154 -2.0974 1.2484
    endloop
endfacet
facet normal -0.0116 0.5574 -0.9539
    outer loop
        vertex 2.6800 -1.0400 2.2000
        vertex 3.6240 -1.3174 2.0264
        vertex 3.8400 -1.2192 2.0812
    endloop
endfacet
facet normal -0.0060 0.2905 -0.4968
    outer loop
        vertex 3.6240 -1.3174 2.0264
        vertex 2.6800 -1.0400 2.2000
        vertex 3.5096 -1.3680 1.9982
    endloop
endfacet
facet normal -0.0189 0.9131 -1.5621
    outer loop
        vertex 3.3411 -1.5288 1.9062
        vertex 2.6800 -1.0400 2.2000
        vertex 2.5815 -1.3452 2.0228
    endloop
endfacet
facet normal -0.0143 0.6895 -1.1795
    outer loop
        vertex 2.6800 -1.0400 2.2000
        vertex 3.3411 -1.5288 1.9062
        vertex 3.5096 -1.3680 1.9982
    endloop
endfacet
facet normal -0.0006 0.0301 -0.0514
    outer loop
        vertex 3.6712 -1.3339 2.0162
        vertex 3.8400 -1.2192 2.0812
        vertex 3.6240 -1.3174 2.0264
    endloop
endfacet
facet normal -0.0661 -0.0315 -0.3091
    outer loop
        vertex 2.7686 1.1226 2.4510
        vertex 2.7600 1.6400 2.4000
        vertex 2.6860 0.3458 2.5479
    endloop
endfacet
facet normal -0.0335 -0.0160 -0.1570
    outer loop
        vertex 2.8159 1.1988 2.4331
        vertex 2.7600 1.6400 2.4000
        vertex 2.7686 1.1226 2.4510
    endloop
endfacet
facet normal -0.0632 -0.0301 -0.2952
    outer loop
        vertex 3.9200 1.5600 2.1600
        vertex 3.3365 1.1545 2.3262
        vertex 3.3629 1.0919 2.3270
    endloop
endfacet
facet normal -0.2593 -0.1237 -1.2119
    outer loop
        vertex 3.9200 1.5600 2.1600
        vertex 3.1542 1.3602 2.3442
        vertex 3.3365 1.1545 2.3262
    endloop
endfacet
facet normal -0.0989 -0.0472 -0.4626
    outer loop
        vertex 2.9633 1.3599 2.3851
        vertex 2.7600 1.6400 2.4000
        vertex 2.8159 1.1988 2.4331
    endloop
endfacet
facet normal -0.0449 -0.0214 -0.2100
    outer loop
        vertex 2.7600 1.6400 2.4000
        vertex 2.9633 1.3599 2.3851
        vertex 3.0535 1.4008 2.3616
    endloop
endfacet
facet normal -0.0659 0.6203 -1.1145
    outer loop
        vertex 2.6800 -1.0400 2.2000
        vertex 1.8928 -0.9350 2.3050
        vertex 2.3620 -1.2241 2.1163
    endloop
endfacet
facet normal -0.0021 0.0197 -0.0353
    outer loop
        vertex 1.7578 -0.9170 2.3230
        vertex 1.7938 -1.0065 2.2710
        vertex 1.8324 -0.9455 2.3027
    endloop
endfacet
facet normal -0.0098 0.0923 -0.1658
    outer loop
        vertex 1.7938 -1.0065 2.2710
        vertex 1.7578 -0.9170 2.3230
        vertex 1.4654 -0.9274 2.3345
    endloop
endfacet
facet normal -0.0051 0.0477 -0.0857
    outer loop
        vertex 1.4800 -0.8800 2.3600
        vertex 1.4654 -0.9274 2.3345
        vertex 1.7578 -0.9170 2.3230
    endloop
endfacet
facet normal -0.0027 0.0092 -0.0358
    outer loop
        vertex 1.4800 -0.8800 2.3600
        vertex 1.6017 -0.7664 2.3803
        vertex 1.5764 -0.7430 2.3882
    endloop
endfacet
facet normal -0.0069 0.0240 -0.0930
    outer loop
        vertex 1.4800 -0.8800 2.3600
        vertex 1.5764 -0.7430 2.3882
        vertex 1.5324 -0.6512 2.4152
    endloop
endfacet
facet normal -0.0248 0.0866 -0.3355
    outer loop
        vertex 1.4800 -0.8800 2.3600
        vertex 1.5324 -0.6512 2.4152
        vertex 1.4800 0.1451 2.6246
    endloop
endfacet
facet normal -0.0011 0.0039 -0.0151
    outer loop
        vertex 1.5012 0.1998 2.6371
        vertex 1.4800 0.3600 2.6800
        vertex 1.4800 0.2457 2.6505
    endloop
endfacet
facet normal -0.0481 0.1673 -0.6480
    outer loop
        vertex 1.4800 0.3600 2.6800
        vertex 1.5012 0.1998 2.6371
        vertex 2.1485 0.1988 2.5888
    endloop
endfacet
facet normal -0.0310 0.1078 -0.4177
    outer loop
        vertex 1.4800 0.3600 2.6800
        vertex 2.1485 0.1988 2.5888
        vertex 2.1888 0.2891 2.6091
    endloop
endfacet
facet normal -0.0097 0.0339 -0.1312
    outer loop
        vertex 2.3643 -0.0546 2.5074
        vertex 1.9465 -0.3906 2.4517
        vertex 1.9754 -0.4176 2.4426
    endloop
endfacet
facet normal -0.0645 0.2247 -0.8708
    outer loop
        vertex 1.9465 -0.3906 2.4517
        vertex 2.3643 -0.0546 2.5074
        vertex 2.1810 0.1315 2.5690
    endloop
endfacet
facet normal -0.0181 0.0630 -0.2442
    outer loop
        vertex 1.8262 -0.3350 2.4750
        vertex 2.1810 0.1315 2.5690
        vertex 2.1485 0.1988 2.5888
    endloop
endfacet
facet normal -0.0352 0.1224 -0.4742
    outer loop
        vertex 2.1810 0.1315 2.5690
        vertex 1.8262 -0.3350 2.4750
        vertex 1.9465 -0.3906 2.4517
    endloop
endfacet
facet normal -0.0212 0.0740 -0.2869
    outer loop
        vertex 1.4800 0.1451 2.6246
        vertex 1.5324 -0.6512 2.4152
        vertex 1.5821 -0.5308 2.4426
    endloop
endfacet
facet normal -0.0633 0.2197 -0.8514
    outer loop
        vertex 1.5821 -0.5308 2.4426
        vertex 1.7583 -0.3632 2.4727
        vertex 1.4800 0.1451 2.6246
    endloop
endfacet
facet normal -0.0196 0.0683 -0.2645
    outer loop
        vertex 1.8262 -0.3350 2.4750
        vertex 1.4800 0.1451 2.6246
        vertex 1.7583 -0.3632 2.4727
    endloop
endfacet
facet normal -0.2148 -0.1194 -2.0285
    outer loop
        vertex 2.1888 0.2891 2.6091
        vertex 1.8621 0.7797 2.6148
        vertex 1.4800 0.3600 2.6800
    endloop
endfacet
facet normal -0.1069 -0.0594 -1.0105
    outer loop
        vertex 1.8621 0.7797 2.6148
        vertex 2.1888 0.2891 2.6091
        vertex 2.3836 0.4914 2.5766
    endloop
endfacet
facet normal -0.0284 -0.0158 -0.2686
    outer loop
        vertex 2.0793 0.9808 2.5800
        vertex 2.3836 0.4914 2.5766
        vertex 2.4560 0.5163 2.5675
    endloop
endfacet
facet normal -0.1108 -0.0615 -1.0468
    outer loop
        vertex 2.3836 0.4914 2.5766
        vertex 2.0793 0.9808 2.5800
        vertex 1.8621 0.7797 2.6148
    endloop
endfacet
facet normal -0.0905 -0.0503 -0.8549
    outer loop
        vertex 1.7658 1.3675 2.5905
        vertex 1.4800 1.7200 2.6000
        vertex 1.5490 1.1563 2.6258
    endloop
endfacet
facet normal -0.0149 -0.0083 -0.1404
    outer loop
        vertex 1.5490 1.1563 2.6258
        vertex 1.4800 1.7200 2.6000
        vertex 1.5172 1.0908 2.6331
    endloop
endfacet
facet normal -0.0334 -0.0186 -0.3159
    outer loop
        vertex 1.4800 0.3600 2.6800
        vertex 1.5172 1.0908 2.6331
        vertex 1.4800 1.7200 2.6000
    endloop
endfacet
facet normal -0.0255 -0.0142 -0.2412
    outer loop
        vertex 1.4800 0.3600 2.6800
        vertex 1.5646 0.9853 2.6343
        vertex 1.5172 1.0908 2.6331
    endloop
endfacet
facet normal -0.0245 -0.0135 -0.2309
    outer loop
        vertex 1.7775 0.7834 2.6236
        vertex 1.4800 0.3600 2.6800
        vertex 1.8621 0.7797 2.6148
    endloop
endfacet
facet normal -0.0707 -0.0392 -0.6676
    outer loop
        vertex 1.4800 0.3600 2.6800
        vertex 1.7141 0.8276 2.6277
        vertex 1.5646 0.9853 2.6343
    endloop
endfacet
facet normal -0.2353 -0.7094 -3.0708
    outer loop
        vertex 3.8747 1.0977 2.2703
        vertex 3.9200 1.5600 2.1600
        vertex 2.7336 0.2970 2.5427
    endloop
endfacet
facet normal -0.0037 -0.0112 -0.0484
    outer loop
        vertex 3.9200 1.5600 2.1600
        vertex 3.8747 1.0977 2.2703
        vertex 3.8978 1.1624 2.2536
    endloop
endfacet
facet normal -0.0198 -0.0599 -0.2589
    outer loop
        vertex 2.7648 0.2317 2.5554
        vertex 3.3767 0.2783 2.4978
        vertex 2.7336 0.2970 2.5427
    endloop
endfacet
facet normal -0.0307 -0.0925 -0.4004
    outer loop
        vertex 3.3767 0.2783 2.4978
        vertex 2.7648 0.2317 2.5554
        vertex 3.3651 0.1728 2.5230
    endloop
endfacet
facet normal -0.0488 -0.1473 -0.6374
    outer loop
        vertex 3.8525 0.3508 2.4446
        vertex 3.8920 1.0572 2.2783
        vertex 3.7152 0.4770 2.4259
    endloop
endfacet
facet normal -0.0094 -0.0262 -0.1135
    outer loop
        vertex 3.8920 1.0572 2.2783
        vertex 3.8525 0.3508 2.4446
        vertex 3.9147 1.0037 2.2888
    endloop
endfacet
facet normal -0.0093 -0.0281 -0.1217
    outer loop
        vertex 3.6459 0.5061 2.4245
        vertex 3.8920 1.0572 2.2783
        vertex 3.8747 1.0977 2.2703
    endloop
endfacet
facet normal -0.0217 -0.0655 -0.2834
    outer loop
        vertex 3.8920 1.0572 2.2783
        vertex 3.6459 0.5061 2.4245
        vertex 3.7152 0.4770 2.4259
    endloop
endfacet
facet normal -0.0447 -0.1349 -0.5837
    outer loop
        vertex 2.7336 0.2970 2.5427
        vertex 3.4259 0.3391 2.4800
        vertex 3.5834 0.4836 2.4345
    endloop
endfacet
facet normal -0.0192 -0.0577 -0.2501
    outer loop
        vertex 3.4259 0.3391 2.4800
        vertex 2.7336 0.2970 2.5427
        vertex 3.3767 0.2783 2.4978
    endloop
endfacet
facet normal -0.0104 0.0330 -0.1662
    outer loop
        vertex 3.8905 0.0807 2.4853
        vertex 4.5780 0.0459 2.4354
        vertex 3.9120 0.1183 2.4914
    endloop
endfacet
facet normal -0.0135 0.0431 -0.2169
    outer loop
        vertex 4.5780 0.0459 2.4354
        vertex 3.8905 0.0807 2.4853
        vertex 4.6272 -0.0071 2.4218
    endloop
endfacet
facet normal -0.0375 0.1192 -0.5995
    outer loop
        vertex 5.0000 0.0000 2.4000
        vertex 4.8956 -0.0375 2.3991
        vertex 5.0000 -0.9185 2.2174
    endloop
endfacet
facet normal -0.0014 0.0043 -0.0219
    outer loop
        vertex 4.8956 -0.0375 2.3991
        vertex 5.0000 0.0000 2.4000
        vertex 4.9284 0.0078 2.4060
    endloop
endfacet
facet normal -0.0192 0.0608 -0.3067
    outer loop
        vertex 4.6272 -0.0071 2.4218
        vertex 3.8905 0.0807 2.4853
        vertex 4.7219 -0.0850 2.4005
    endloop
endfacet
facet normal -0.0429 0.1370 -0.6887
    outer loop
        vertex 5.0000 -0.9185 2.2174
        vertex 4.8956 -0.0375 2.3991
        vertex 4.7777 -0.0985 2.3943
    endloop
endfacet
facet normal -0.0670 -0.1303 -2.0845
    outer loop
        vertex 0.0000 1.7600 2.6400
        vertex 0.0000 0.4800 2.7200
        vertex 0.2606 1.0756 2.6744
    endloop
endfacet
facet normal -0.0135 -0.0263 -0.4214
    outer loop
        vertex 0.0000 1.7600 2.6400
        vertex 0.2606 1.0756 2.6744
        vertex 0.3136 1.1949 2.6652
    endloop
endfacet
facet normal -0.0931 -0.1914 -3.2518
    outer loop
        vertex 0.5598 1.3933 2.6456
        vertex 1.4800 1.7200 2.6000
        vertex 0.0000 1.7600 2.6400
    endloop
endfacet
facet normal -0.0150 -0.0306 -0.5228
    outer loop
        vertex 1.4800 1.7200 2.6000
        vertex 0.5598 1.3933 2.6456
        vertex 0.6804 1.3452 2.6449
    endloop
endfacet
facet normal -0.0181 -0.0371 -0.6309
    outer loop
        vertex 0.8843 1.0887 2.6542
        vertex 1.4800 1.7200 2.6000
        vertex 0.8271 1.1975 2.6494
    endloop
endfacet
facet normal -0.0309 -0.0638 -1.0818
    outer loop
        vertex 0.8271 1.1975 2.6494
        vertex 1.4800 1.7200 2.6000
        vertex 0.6804 1.3452 2.6449
    endloop
endfacet
facet normal -0.0277 -0.0546 -0.8793
    outer loop
        vertex 0.3136 1.1949 2.6652
        vertex 0.4760 1.3510 2.6504
        vertex 0.0000 1.7600 2.6400
    endloop
endfacet
facet normal -0.0326 0.1856 -0.5998
    outer loop
        vertex 3.7632 -0.0458 2.4484
        vertex 3.8400 -1.2192 2.0812
        vertex 3.8400 0.0305 2.4679
    endloop
endfacet
facet normal -0.0086 0.0490 -0.1585
    outer loop
        vertex 3.6204 -0.0946 2.4412
        vertex 3.3439 -0.5280 2.3222
        vertex 3.6792 -0.0942 2.4381
    endloop
endfacet
facet normal -0.0189 0.1072 -0.3463
    outer loop
        vertex 3.3439 -0.5280 2.3222
        vertex 3.6204 -0.0946 2.4412
        vertex 3.2639 -0.4530 2.3497
    endloop
endfacet
facet normal -0.0351 0.1978 -0.6392
    outer loop
        vertex 3.7632 -0.0458 2.4484
        vertex 3.6792 -0.0942 2.4381
        vertex 3.8400 -1.2192 2.0812
    endloop
endfacet
facet normal -0.0117 0.0662 -0.2138
    outer loop
        vertex 2.9010 -0.8178 2.2567
        vertex 2.6800 -1.0400 2.2000
        vertex 2.9764 -0.8968 2.2281
    endloop
endfacet
facet normal -0.0068 0.0385 -0.1243
    outer loop
        vertex 2.9764 -0.8968 2.2281
        vertex 2.6800 -1.0400 2.2000
        vertex 3.0483 -0.9292 2.2142
    endloop
endfacet
facet normal -0.0146 0.0827 -0.2673
    outer loop
        vertex 3.3439 -0.5280 2.3222
        vertex 3.3821 -0.6061 2.2959
        vertex 3.6792 -0.0942 2.4381
    endloop
endfacet
facet normal -0.0664 0.3761 -1.2157
    outer loop
        vertex 3.8400 -1.2192 2.0812
        vertex 3.0483 -0.9292 2.2142
        vertex 2.6800 -1.0400 2.2000
    endloop
endfacet
facet normal -0.0088 0.0501 -0.1615
    outer loop
        vertex 3.0483 -0.9292 2.2142
        vertex 3.8400 -1.2192 2.0812
        vertex 3.1078 -0.9184 2.2143
    endloop
endfacet
facet normal -0.0785 0.4446 -1.4369
    outer loop
        vertex 3.1078 -0.9184 2.2143
        vertex 3.8400 -1.2192 2.0812
        vertex 3.3432 -0.7011 2.2686
    endloop
endfacet
facet normal 0.0247 0.2057 -0.6644
    outer loop
        vertex 4.4820 -0.6236 2.2894
        vertex 4.3818 -0.7718 2.2398
        vertex 5.0000 -0.9185 2.2174
    endloop
endfacet
facet normal 0.0260 0.2163 -0.6993
    outer loop
        vertex 4.3818 -0.7718 2.2398
        vertex 4.2246 -0.9155 2.1895
        vertex 5.0000 -0.9185 2.2174
    endloop
endfacet
facet normal 0.0083 0.0694 -0.2242
    outer loop
        vertex 3.8952 -0.6084 2.2722
        vertex 3.8400 -1.2192 2.0812
        vertex 3.9444 -0.7141 2.2414
    endloop
endfacet
facet normal 0.0225 0.1863 -0.6021
    outer loop
        vertex 3.9444 -0.7141 2.2414
        vertex 3.8400 -1.2192 2.0812
        vertex 4.0972 -0.8974 2.1904
    endloop
endfacet
facet normal 0.0069 0.0574 -0.1854
    outer loop
        vertex 3.8400 -1.2192 2.0812
        vertex 4.1654 -0.9274 2.1836
        vertex 4.0972 -0.8974 2.1904
    endloop
endfacet
facet normal 0.0168 0.1403 -0.4539
    outer loop
        vertex 4.2783 -0.3340 2.3714
        vertex 5.0000 -0.9185 2.2174
        vertex 3.8905 0.0807 2.4853
    endloop
endfacet
facet normal 0.0041 0.0341 -0.1102
    outer loop
        vertex 4.2783 -0.3340 2.3714
        vertex 3.8905 0.0807 2.4853
        vertex 4.2084 -0.3048 2.3778
    endloop
endfacet
facet normal 0.0161 0.1333 -0.4308
    outer loop
        vertex 3.8400 0.0305 2.4679
        vertex 3.8400 -1.2192 2.0812
        vertex 3.8952 -0.6084 2.2722
    endloop
endfacet
facet normal 0.0049 0.0412 -0.1332
    outer loop
        vertex 3.8400 0.0305 2.4679
        vertex 3.8952 -0.6084 2.2722
        vertex 3.9229 -0.5430 2.2935
    endloop
endfacet
facet normal 0.0115 0.0963 -0.3116
    outer loop
        vertex 4.4272 -0.4962 2.3267
        vertex 4.4820 -0.6236 2.2894
        vertex 5.0000 -0.9185 2.2174
    endloop
endfacet
facet normal 0.0071 0.0582 -0.1875
    outer loop
        vertex 4.2783 -0.3340 2.3714
        vertex 4.4272 -0.4962 2.3267
        vertex 5.0000 -0.9185 2.2174
    endloop
endfacet
facet normal 0.0242 0.2016 -0.6514
    outer loop
        vertex 3.8400 0.0305 2.4679
        vertex 3.9229 -0.5430 2.2935
        vertex 4.0799 -0.3722 2.3522
    endloop
endfacet
facet normal -0.0037 0.0106 -0.0374
    outer loop
        vertex 1.9754 -0.4176 2.4426
        vertex 2.3722 -0.0626 2.5044
        vertex 2.3643 -0.0546 2.5074
    endloop
endfacet
facet normal -0.0587 0.1723 -0.6127
    outer loop
        vertex 2.3722 -0.0626 2.5044
        vertex 1.9754 -0.4176 2.4426
        vertex 2.1105 -0.5438 2.3941
    endloop
endfacet
facet normal -0.0292 0.0857 -0.3049
    outer loop
        vertex 2.4437 -0.0916 2.4894
        vertex 2.1105 -0.5438 2.3941
        vertex 2.1550 -0.6298 2.3657
    endloop
endfacet
facet normal -0.0251 0.0738 -0.2624
    outer loop
        vertex 2.1105 -0.5438 2.3941
        vertex 2.4437 -0.0916 2.4894
        vertex 2.3722 -0.0626 2.5044
    endloop
endfacet
facet normal -0.1103 0.3237 -1.1510
    outer loop
        vertex 1.8928 -0.9350 2.3050
        vertex 2.6800 -1.0400 2.2000
        vertex 2.1231 -0.7318 2.3400
    endloop
endfacet
facet normal -0.0399 0.1171 -0.4163
    outer loop
        vertex 2.1231 -0.7318 2.3400
        vertex 2.6800 -1.0400 2.2000
        vertex 2.1550 -0.6298 2.3657
    endloop
endfacet
facet normal -0.0167 0.0491 -0.1745
    outer loop
        vertex 2.1550 -0.6298 2.3657
        vertex 2.5029 -0.0780 2.4875
        vertex 2.4437 -0.0916 2.4894
    endloop
endfacet
facet normal -0.3771 -0.5866 -1.0534
    outer loop
        vertex 5.0000 1.6970 1.6970
        vertex 3.9520 1.7201 2.0594
        vertex 3.9200 1.5600 2.1600
    endloop
endfacet
facet normal -0.0330 -0.0620 -0.3120
    outer loop
        vertex 3.9120 0.1183 2.4914
        vertex 4.5093 0.1199 2.4280
        vertex 3.9510 0.2020 2.4706
    endloop
endfacet
facet normal -0.0292 -0.0550 -0.2769
    outer loop
        vertex 4.5093 0.1199 2.4280
        vertex 3.9120 0.1183 2.4914
        vertex 4.5780 0.0459 2.4354
    endloop
endfacet
facet normal -0.0248 -0.0468 -0.2352
    outer loop
        vertex 3.9510 0.2020 2.4706
        vertex 4.4958 0.2583 2.4019
        vertex 4.5426 0.3322 2.3822
    endloop
endfacet
facet normal -0.0205 -0.0386 -0.1939
    outer loop
        vertex 3.9510 0.2020 2.4706
        vertex 4.5093 0.1199 2.4280
        vertex 4.4828 0.1794 2.4190
    endloop
endfacet
facet normal -0.0693 -0.1304 -0.6558
    outer loop
        vertex 5.0000 0.9185 2.2174
        vertex 4.8061 0.5117 2.3187
        vertex 5.0000 0.3773 2.3250
    endloop
endfacet
facet normal -0.0193 -0.0363 -0.1825
    outer loop
        vertex 5.0000 0.9185 2.2174
        vertex 4.7355 0.5141 2.3257
        vertex 4.8061 0.5117 2.3187
    endloop
endfacet
facet normal -0.0279 -0.0526 -0.2642
    outer loop
        vertex 3.9510 0.2020 2.4706
        vertex 4.4828 0.1794 2.4190
        vertex 4.4958 0.2583 2.4019
    endloop
endfacet
facet normal -0.3007 1.9725 -1.5293
    outer loop
        vertex 4.2578 -1.9998 1.4524
        vertex 5.0000 -1.6970 1.6970
        vertex 3.2975 -2.0619 1.5612
    endloop
endfacet
facet normal -0.0270 0.1687 -0.1424
    outer loop
        vertex 4.1557 -2.0302 1.4359
        vertex 4.2578 -1.9998 1.4524
        vertex 3.2975 -2.0619 1.5612
    endloop
endfacet
facet normal -0.0818 0.5389 -0.4161
    outer loop
        vertex 3.8800 -2.3122 1.1238
        vertex 4.0217 -2.1736 1.2755
        vertex 3.4093 -2.3028 1.2286
    endloop
endfacet
facet normal -0.0127 0.0812 -0.0624
    outer loop
        vertex 4.0217 -2.1736 1.2755
        vertex 3.8800 -2.3122 1.1238
        vertex 4.0443 -2.2220 1.2080
    endloop
endfacet
facet normal -0.0784 0.5142 -0.3987
    outer loop
        vertex 5.0000 -1.6970 1.6970
        vertex 4.2578 -1.9998 1.4524
        vertex 4.3918 -2.0311 1.3858
    endloop
endfacet
facet normal -0.0325 -0.0155 -0.1515
    outer loop
        vertex 2.6860 0.3458 2.5479
        vertex 2.7916 1.0447 2.4540
        vertex 2.7686 1.1226 2.4510
    endloop
endfacet
facet normal -0.1130 -0.0539 -0.5282
    outer loop
        vertex 3.3108 0.9827 2.3492
        vertex 2.7336 0.2970 2.5427
        vertex 3.9200 1.5600 2.1600
    endloop
endfacet
facet normal -0.0353 -0.0169 -0.1650
    outer loop
        vertex 2.7336 0.2970 2.5427
        vertex 3.3108 0.9827 2.3492
        vertex 3.1102 0.7902 2.4118
    endloop
endfacet
facet normal -0.0488 -0.0232 -0.2279
    outer loop
        vertex 3.3108 0.9827 2.3492
        vertex 3.9200 1.5600 2.1600
        vertex 3.3629 1.0919 2.3270
    endloop
endfacet
facet normal -0.2097 -0.1001 -0.9804
    outer loop
        vertex 2.6860 0.3458 2.5479
        vertex 2.9823 0.8216 2.4360
        vertex 2.7916 1.0447 2.4540
    endloop
endfacet
facet normal -0.0581 -0.0278 -0.2717
    outer loop
        vertex 2.6860 0.3458 2.5479
        vertex 3.0514 0.7859 2.4248
        vertex 2.9823 0.8216 2.4360
    endloop
endfacet
facet normal -0.0690 -0.1897 -0.8223
    outer loop
        vertex 3.9147 1.0037 2.2888
        vertex 3.8525 0.3508 2.4446
        vertex 4.0986 0.8194 2.3158
    endloop
endfacet
facet normal -0.0473 -0.1298 -0.5628
    outer loop
        vertex 3.9510 0.2020 2.4706
        vertex 4.1682 0.7879 2.3173
        vertex 3.8525 0.3508 2.4446
    endloop
endfacet
facet normal -0.0156 -0.0430 -0.1865
    outer loop
        vertex 4.1682 0.7879 2.3173
        vertex 3.9510 0.2020 2.4706
        vertex 4.2230 0.7984 2.3103
    endloop
endfacet
facet normal -0.0229 -0.0629 -0.2730
    outer loop
        vertex 5.0000 0.9185 2.2174
        vertex 4.2644 1.3554 2.1783
        vertex 4.4306 1.1973 2.2008
    endloop
endfacet
facet normal -0.0229 -0.0629 -0.2722
    outer loop
        vertex 5.0000 0.9185 2.2174
        vertex 4.4306 1.1973 2.2008
        vertex 4.4692 1.1020 2.2196
    endloop
endfacet
facet normal -0.0211 -0.0582 -0.2522
    outer loop
        vertex 4.0986 0.8194 2.3158
        vertex 3.8525 0.3508 2.4446
        vertex 4.1682 0.7879 2.3173
    endloop
endfacet
facet normal -0.0313 -0.0860 -0.3732
    outer loop
        vertex 5.0000 0.9185 2.2174
        vertex 4.4692 1.1020 2.2196
        vertex 4.4211 1.0061 2.2457
    endloop
endfacet
facet normal -0.0105 -0.0289 -0.1252
    outer loop
        vertex 4.1196 1.3833 2.1840
        vertex 4.2644 1.3554 2.1783
        vertex 3.9200 1.5600 2.1600
    endloop
endfacet
facet normal -0.0056 0.0602 -0.2143
    outer loop
        vertex 3.5582 -0.0610 2.4522
        vertex 3.2639 -0.4530 2.3497
        vertex 3.6204 -0.0946 2.4412
    endloop
endfacet
facet normal -0.0136 0.1456 -0.5177
    outer loop
        vertex 3.2639 -0.4530 2.3497
        vertex 3.5582 -0.0610 2.4522
        vertex 3.1398 -0.3370 2.3856
    endloop
endfacet
facet normal -0.0047 0.0514 -0.1831
    outer loop
        vertex 3.0691 -0.3159 2.3934
        vertex 3.3902 0.1151 2.5062
        vertex 3.3651 0.1728 2.5230
    endloop
endfacet
facet normal -0.0062 0.0654 -0.2326
    outer loop
        vertex 3.3902 0.1151 2.5062
        vertex 3.0691 -0.3159 2.3934
        vertex 3.1398 -0.3370 2.3856
    endloop
endfacet
facet normal -0.0109 0.1163 -0.4135
    outer loop
        vertex 2.7351 0.1244 2.5260
        vertex 3.3651 0.1728 2.5230
        vertex 2.7648 0.2317 2.5554
    endloop
endfacet
facet normal -0.0198 0.2111 -0.7505
    outer loop
        vertex 3.5582 -0.0610 2.4522
        vertex 3.3902 0.1151 2.5062
        vertex 3.1398 -0.3370 2.3856
    endloop
endfacet
facet normal -0.0065 0.0683 -0.2431
    outer loop
        vertex 2.6800 0.0764 2.5140
        vertex 3.0064 -0.3450 2.3869
        vertex 2.7351 0.1244 2.5260
    endloop
endfacet
facet normal -0.0213 0.2276 -0.8091
    outer loop
        vertex 3.0064 -0.3450 2.3869
        vertex 2.6800 0.0764 2.5140
        vertex 2.8277 -0.5110 2.3449
    endloop
endfacet
facet normal -0.0162 0.1725 -0.6132
    outer loop
        vertex 2.7679 -0.6288 2.3133
        vertex 2.6800 0.0764 2.5140
        vertex 2.6800 -1.0400 2.2000
    endloop
endfacet
facet normal -0.0057 0.0615 -0.2186
    outer loop
        vertex 2.8239 -0.7371 2.2814
        vertex 2.6800 -1.0400 2.2000
        vertex 2.9010 -0.8178 2.2567
    endloop
endfacet
facet normal -0.0053 0.0572 -0.2034
    outer loop
        vertex 2.7679 -0.6288 2.3133
        vertex 2.6800 -1.0400 2.2000
        vertex 2.8239 -0.7371 2.2814
    endloop
endfacet
facet normal -0.0086 0.0924 -0.3285
    outer loop
        vertex 2.6800 0.0764 2.5140
        vertex 2.7679 -0.6288 2.3133
        vertex 2.8277 -0.5110 2.3449
    endloop
endfacet
facet normal -0.0232 -0.0149 -0.1417
    outer loop
        vertex 2.4560 0.5163 2.5675
        vertex 2.1072 1.0066 2.5728
        vertex 2.0793 0.9808 2.5800
    endloop
endfacet
facet normal -0.0270 -0.0174 -0.1661
    outer loop
        vertex 2.1350 1.0725 2.5614
        vertex 2.4560 0.5163 2.5675
        vertex 2.5153 0.4963 2.5599
    endloop
endfacet
facet normal -0.0371 -0.0239 -0.2287
    outer loop
        vertex 2.4560 0.5163 2.5675
        vertex 2.1350 1.0725 2.5614
        vertex 2.1072 1.0066 2.5728
    endloop
endfacet
facet normal -0.2362 -0.1523 -1.4505
    outer loop
        vertex 2.7600 1.6400 2.4000
        vertex 2.5153 0.4963 2.5599
        vertex 2.6860 0.3458 2.5479
    endloop
endfacet
facet normal -0.5862 -0.3780 -3.6001
    outer loop
        vertex 2.5153 0.4963 2.5599
        vertex 2.7600 1.6400 2.4000
        vertex 2.1350 1.0725 2.5614
    endloop
endfacet
facet normal -0.0281 -0.0181 -0.1725
    outer loop
        vertex 1.8292 1.3860 2.5782
        vertex 1.4800 1.7200 2.6000
        vertex 1.7658 1.3675 2.5905
    endloop
endfacet
facet normal -0.4067 -0.2624 -2.4977
    outer loop
        vertex 1.8292 1.3860 2.5782
        vertex 2.7600 1.6400 2.4000
        vertex 1.4800 1.7200 2.6000
    endloop
endfacet
facet normal -0.0461 -0.0296 -0.2828
    outer loop
        vertex 2.7600 1.6400 2.4000
        vertex 1.8292 1.3860 2.5782
        vertex 1.8990 1.3564 2.5700
    endloop
endfacet
facet normal -0.0539 -0.0348 -0.3315
    outer loop
        vertex 2.1350 1.0725 2.5614
        vertex 2.7600 1.6400 2.4000
        vertex 2.1130 1.1374 2.5581
    endloop
endfacet
facet normal -0.0042 -0.0079 -0.0396
    outer loop
        vertex 3.9120 0.1183 2.4914
        vertex 3.9510 0.2020 2.4706
        vertex 3.8400 0.1261 2.4974
    endloop
endfacet
facet normal -0.0011 0.0036 -0.0180
    outer loop
        vertex 3.8905 0.0807 2.4853
        vertex 3.9120 0.1183 2.4914
        vertex 3.8400 0.1261 2.4974
    endloop
endfacet
facet normal 0.0011 0.0093 -0.0302
    outer loop
        vertex 3.8400 0.0305 2.4679
        vertex 3.8905 0.0807 2.4853
        vertex 3.8400 0.1261 2.4974
    endloop
endfacet
facet normal -0.0010 0.0054 -0.0176
    outer loop
        vertex 3.7632 -0.0458 2.4484
        vertex 3.6204 -0.0946 2.4412
        vertex 3.6792 -0.0942 2.4381
    endloop
endfacet
facet normal -0.0071 0.0402 -0.1300
    outer loop
        vertex 3.6204 -0.0946 2.4412
        vertex 3.7632 -0.0458 2.4484
        vertex 3.8400 0.1261 2.4974
    endloop
endfacet
facet normal -0.0134 0.1425 -0.5066
    outer loop
        vertex 3.5582 -0.0610 2.4522
        vertex 3.8400 0.1261 2.4974
        vertex 3.3902 0.1151 2.5062
    endloop
endfacet
facet normal -0.0035 0.0371 -0.1320
    outer loop
        vertex 3.8400 0.1261 2.4974
        vertex 3.5582 -0.0610 2.4522
        vertex 3.6204 -0.0946 2.4412
    endloop
endfacet
facet normal -0.0025 -0.0076 -0.0330
    outer loop
        vertex 2.6800 0.2400 2.5600
        vertex 2.7648 0.2317 2.5554
        vertex 2.7336 0.2970 2.5427
    endloop
endfacet
facet normal -0.0193 -0.0124 -0.1185
    outer loop
        vertex 2.5153 0.4963 2.5599
        vertex 2.6800 0.2400 2.5600
        vertex 2.6860 0.3458 2.5479
    endloop
endfacet
facet normal -0.0121 -0.0078 -0.0745
    outer loop
        vertex 2.6800 0.2400 2.5600
        vertex 2.5153 0.4963 2.5599
        vertex 2.4560 0.5163 2.5675
    endloop
endfacet
facet normal -0.0026 0.0089 -0.0345
    outer loop
        vertex 1.6017 -0.7664 2.3803
        vertex 1.5821 -0.5308 2.4426
        vertex 1.5764 -0.7430 2.3882
    endloop
endfacet
facet normal -0.0441 0.1531 -0.5930
    outer loop
        vertex 1.5821 -0.5308 2.4426
        vertex 1.6017 -0.7664 2.3803
        vertex 1.9754 -0.4176 2.4426
    endloop
endfacet
facet normal -0.0522 0.1818 -0.7047
    outer loop
        vertex 2.6800 0.2400 2.5600
        vertex 2.1810 0.1315 2.5690
        vertex 2.3643 -0.0546 2.5074
    endloop
endfacet
facet normal -0.0361 0.1255 -0.4864
    outer loop
        vertex 2.1810 0.1315 2.5690
        vertex 2.6800 0.2400 2.5600
        vertex 2.1888 0.2891 2.6091
    endloop
endfacet
facet normal -0.0010 0.0034 -0.0133
    outer loop
        vertex 1.4800 0.1451 2.6246
        vertex 1.5012 0.1998 2.6371
        vertex 1.4800 0.2457 2.6505
    endloop
endfacet
facet normal -0.0016 0.0741 -0.1267
    outer loop
        vertex 3.3411 -1.5288 1.9062
        vertex 3.6712 -1.3339 2.0162
        vertex 3.5096 -1.3680 1.9982
    endloop
endfacet
facet normal -0.0008 0.0377 -0.0645
    outer loop
        vertex 3.6712 -1.3339 2.0162
        vertex 3.3411 -1.5288 1.9062
        vertex 3.3228 -1.5709 1.8819
    endloop
endfacet
facet normal -0.0051 0.0163 -0.0822
    outer loop
        vertex 4.9284 0.0078 2.4060
        vertex 4.6272 -0.0071 2.4218
        vertex 4.8956 -0.0375 2.3991
    endloop
endfacet
facet normal -0.0065 0.0207 -0.1043
    outer loop
        vertex 4.6272 -0.0071 2.4218
        vertex 4.9284 0.0078 2.4060
        vertex 4.5780 0.0459 2.4354
    endloop
endfacet
facet normal -0.0314 -0.0612 -0.9783
    outer loop
        vertex 0.8248 0.9791 2.6623
        vertex 0.3136 1.1949 2.6652
        vertex 0.4808 0.8181 2.6834
    endloop
endfacet
facet normal -0.0228 -0.0443 -0.7176
    outer loop
        vertex 0.3136 1.1949 2.6652
        vertex 0.8248 0.9791 2.6623
        vertex 0.4760 1.3510 2.6504
    endloop
endfacet
facet normal -0.0048 0.0269 -0.0869
    outer loop
        vertex 3.2639 -0.4530 2.3497
        vertex 3.3432 -0.7011 2.2686
        vertex 3.3439 -0.5280 2.3222
    endloop
endfacet
facet normal -0.0406 0.2300 -0.7434
    outer loop
        vertex 3.3432 -0.7011 2.2686
        vertex 3.2639 -0.4530 2.3497
        vertex 2.9010 -0.8178 2.2567
    endloop
endfacet
facet normal -0.0034 -0.0067 -0.1071
    outer loop
        vertex 1.0284 0.3966 2.6922
        vertex 1.3014 0.4458 2.6804
        vertex 1.1104 0.4742 2.6847
    endloop
endfacet
facet normal -0.0050 -0.0098 -0.1568
    outer loop
        vertex 1.3014 0.4458 2.6804
        vertex 1.0284 0.3966 2.6922
        vertex 1.3800 0.3681 2.6827
    endloop
endfacet
facet normal 0.0366 0.3043 -0.9836
    outer loop
        vertex 3.9444 -0.7141 2.2414
        vertex 4.3818 -0.7718 2.2398
        vertex 4.0799 -0.3722 2.3522
    endloop
endfacet
facet normal 0.0166 0.1379 -0.4460
    outer loop
        vertex 4.3818 -0.7718 2.2398
        vertex 3.9444 -0.7141 2.2414
        vertex 4.0972 -0.8974 2.1904
    endloop
endfacet
facet normal -0.0009 0.0087 -0.0156
    outer loop
        vertex 1.7578 -0.9170 2.3230
        vertex 1.8324 -0.9455 2.3027
        vertex 1.8928 -0.9350 2.3050
    endloop
endfacet
facet normal -0.0463 0.5544 -0.8296
    outer loop
        vertex 4.8670 -1.6423 1.7411
        vertex 4.6599 -1.2295 2.0285
        vertex 4.4616 -1.4753 1.8753
    endloop
endfacet
facet normal -0.0415 0.4962 -0.7425
    outer loop
        vertex 4.6599 -1.2295 2.0285
        vertex 4.8670 -1.6423 1.7411
        vertex 5.0000 -1.3337 1.9398
    endloop
endfacet
facet normal -0.0153 0.0449 -0.1596
    outer loop
        vertex 2.6800 0.0764 2.5140
        vertex 2.3643 -0.0546 2.5074
        vertex 2.5029 -0.0780 2.4875
    endloop
endfacet
facet normal -0.0309 0.0908 -0.3229
    outer loop
        vertex 2.3643 -0.0546 2.5074
        vertex 2.6800 0.0764 2.5140
        vertex 2.6800 0.2400 2.5600
    endloop
endfacet
facet normal -0.0392 -0.1181 -0.5115
    outer loop
        vertex 3.8400 0.1261 2.4974
        vertex 3.4259 0.3391 2.4800
        vertex 3.3651 0.1728 2.5230
    endloop
endfacet
facet normal -0.0458 -0.1381 -0.5980
    outer loop
        vertex 3.4259 0.3391 2.4800
        vertex 3.8400 0.1261 2.4974
        vertex 3.8525 0.3508 2.4446
    endloop
endfacet
facet normal -0.0143 0.0418 -0.1488
    outer loop
        vertex 1.9754 -0.4176 2.4426
        vertex 2.1231 -0.7318 2.3400
        vertex 2.1105 -0.5438 2.3941
    endloop
endfacet
facet normal -0.1012 0.2969 -1.0558
    outer loop
        vertex 2.1231 -0.7318 2.3400
        vertex 1.9754 -0.4176 2.4426
        vertex 1.6017 -0.7664 2.3803
    endloop
endfacet
facet normal -0.0010 -0.0030 -0.0128
    outer loop
        vertex 3.8747 1.0977 2.2703
        vertex 3.8920 1.0572 2.2783
        vertex 3.8978 1.1624 2.2536
    endloop
endfacet
facet normal -0.0009 0.0050 -0.0195
    outer loop
        vertex 0.3001 -0.7206 2.4557
        vertex 0.2711 -0.5895 2.4908
        vertex 0.2635 -0.6627 2.4723
    endloop
endfacet
facet normal -0.0086 0.0480 -0.1862
    outer loop
        vertex 0.2711 -0.5895 2.4908
        vertex 0.3001 -0.7206 2.4557
        vertex 0.4532 -0.3851 2.5352
    endloop
endfacet
facet normal -0.0812 -0.1529 -0.7687
    outer loop
        vertex 5.0000 0.1065 2.3788
        vertex 4.5426 0.3322 2.3822
        vertex 4.5780 0.0459 2.4354
    endloop
endfacet
facet normal -0.0818 -0.1540 -0.7742
    outer loop
        vertex 4.5426 0.3322 2.3822
        vertex 5.0000 0.1065 2.3788
        vertex 5.0000 0.3773 2.3250
    endloop
endfacet
facet normal -0.0121 0.0792 -0.0607
    outer loop
        vertex 4.0443 -2.2220 1.2080
        vertex 4.1557 -2.0302 1.4359
        vertex 4.0217 -2.1736 1.2755
    endloop
endfacet
facet normal -0.0587 0.3711 -0.2836
    outer loop
        vertex 4.1557 -2.0302 1.4359
        vertex 4.0443 -2.2220 1.2080
        vertex 4.3918 -2.0311 1.3858
    endloop
endfacet
facet normal -0.2015 -0.0961 -0.9419
    outer loop
        vertex 3.3108 0.9827 2.3492
        vertex 2.8159 1.1988 2.4331
        vertex 2.9823 0.8216 2.4360
    endloop
endfacet
facet normal -0.2045 -0.0975 -0.9559
    outer loop
        vertex 2.8159 1.1988 2.4331
        vertex 3.3108 0.9827 2.3492
        vertex 3.1542 1.3602 2.3442
    endloop
endfacet
facet normal -0.0071 -0.0034 -0.0333
    outer loop
        vertex 2.6800 0.2400 2.5600
        vertex 2.7336 0.2970 2.5427
        vertex 2.6860 0.3458 2.5479
    endloop
endfacet
facet normal -0.0266 -0.0147 -0.2510
    outer loop
        vertex 2.0793 0.9808 2.5800
        vertex 1.7141 0.8276 2.6277
        vertex 1.8621 0.7797 2.6148
    endloop
endfacet
facet normal -0.0533 -0.0296 -0.5032
    outer loop
        vertex 1.7141 0.8276 2.6277
        vertex 2.0793 0.9808 2.5800
        vertex 1.5646 0.9853 2.6343
    endloop
endfacet
facet normal -0.0001 0.0010 -0.0050
    outer loop
        vertex 0.0000 0.4800 2.7200
        vertex 0.1020 0.4537 2.7135
        vertex 0.0444 0.4764 2.7188
    endloop
endfacet
facet normal -0.0037 0.0741 -0.3582
    outer loop
        vertex 0.1020 0.4537 2.7135
        vertex 0.0000 0.4800 2.7200
        vertex 0.0368 -0.0913 2.6014
    endloop
endfacet
facet normal -0.0021 0.0430 -0.2079
    outer loop
        vertex 1.3800 0.3681 2.6827
        vertex 1.0020 0.0241 2.6154
        vertex 1.4263 0.3223 2.6728
    endloop
endfacet
facet normal -0.0084 0.1703 -0.8234
    outer loop
        vertex 1.0020 0.0241 2.6154
        vertex 1.3800 0.3681 2.6827
        vertex 1.0284 0.3966 2.6922
    endloop
endfacet
facet normal -0.0830 -0.2283 -0.9895
    outer loop
        vertex 4.4211 1.0061 2.2457
        vertex 4.2644 1.3554 2.1783
        vertex 3.8978 1.1624 2.2536
    endloop
endfacet
facet normal -0.0175 -0.0480 -0.2080
    outer loop
        vertex 4.2644 1.3554 2.1783
        vertex 4.4211 1.0061 2.2457
        vertex 4.4306 1.1973 2.2008
    endloop
endfacet
facet normal -0.0029 0.0312 -0.1109
    outer loop
        vertex 2.9010 -0.8178 2.2567
        vertex 2.8277 -0.5110 2.3449
        vertex 2.8239 -0.7371 2.2814
    endloop
endfacet
facet normal -0.0227 0.2427 -0.8631
    outer loop
        vertex 2.8277 -0.5110 2.3449
        vertex 2.9010 -0.8178 2.2567
        vertex 3.2639 -0.4530 2.3497
    endloop
endfacet
facet normal -0.0015 0.0158 -0.0563
    outer loop
        vertex 2.7351 0.1244 2.5260
        vertex 2.6800 0.2400 2.5600
        vertex 2.6800 0.0764 2.5140
    endloop
endfacet
facet normal -0.0015 0.0164 -0.0584
    outer loop
        vertex 2.6800 0.2400 2.5600
        vertex 2.7351 0.1244 2.5260
        vertex 2.7648 0.2317 2.5554
    endloop
endfacet
facet normal -0.0032 -0.0021 -0.0198
    outer loop
        vertex 1.7658 1.3675 2.5905
        vertex 1.8990 1.3564 2.5700
        vertex 1.8292 1.3860 2.5782
    endloop
endfacet
facet normal -0.0489 -0.0315 -0.3000
    outer loop
        vertex 1.8990 1.3564 2.5700
        vertex 1.7658 1.3675 2.5905
        vertex 2.0793 0.9808 2.5800
    endloop
endfacet
facet normal -0.0047 0.0871 -0.2030
    outer loop
        vertex 0.3434 -0.7891 2.4253
        vertex 0.8181 -0.7906 2.4137
        vertex 0.3001 -0.7206 2.4557
    endloop
endfacet
facet normal -0.0020 0.0364 -0.0848
    outer loop
        vertex 0.8181 -0.7906 2.4137
        vertex 0.3434 -0.7891 2.4253
        vertex 0.7986 -0.8191 2.4019
    endloop
endfacet
facet normal -0.0361 0.3894 -0.5933
    outer loop
        vertex 3.6712 -1.3339 2.0162
        vertex 3.4982 -1.7394 1.7606
        vertex 3.7520 -1.6932 1.7755
    endloop
endfacet
facet normal -0.0382 0.4114 -0.6268
    outer loop
        vertex 3.4982 -1.7394 1.7606
        vertex 3.6712 -1.3339 2.0162
        vertex 3.3228 -1.5709 1.8819
    endloop
endfacet
facet normal -0.0090 0.0975 -0.1485
    outer loop
        vertex 4.8670 -1.6423 1.7411
        vertex 4.4825 -1.5424 1.8300
        vertex 4.7856 -1.6829 1.7194
    endloop
endfacet
facet normal -0.0090 0.0973 -0.1483
    outer loop
        vertex 4.4825 -1.5424 1.8300
        vertex 4.8670 -1.6423 1.7411
        vertex 4.4616 -1.4753 1.8753
    endloop
endfacet
facet normal -0.0126 -0.0346 -0.1500
    outer loop
        vertex 3.8400 0.1261 2.4974
        vertex 3.9510 0.2020 2.4706
        vertex 3.8525 0.3508 2.4446
    endloop
endfacet
facet normal -0.0025 0.0142 -0.0459
    outer loop
        vertex 3.8400 0.0305 2.4679
        vertex 3.8400 0.1261 2.4974
        vertex 3.7632 -0.0458 2.4484
    endloop
endfacet
facet normal -0.0043 0.0460 -0.1638
    outer loop
        vertex 3.3902 0.1151 2.5062
        vertex 3.8400 0.1261 2.4974
        vertex 3.3651 0.1728 2.5230
    endloop
endfacet
facet normal -0.0020 0.0069 -0.0268
    outer loop
        vertex 1.7583 -0.3632 2.4727
        vertex 1.9754 -0.4176 2.4426
        vertex 1.9465 -0.3906 2.4517
    endloop
endfacet
facet normal -0.0213 0.0741 -0.2875
    outer loop
        vertex 1.9754 -0.4176 2.4426
        vertex 1.7583 -0.3632 2.4727
        vertex 1.5821 -0.5308 2.4426
    endloop
endfacet
facet normal -0.0033 0.0116 -0.0447
    outer loop
        vertex 1.9465 -0.3906 2.4517
        vertex 1.8262 -0.3350 2.4750
        vertex 1.7583 -0.3632 2.4727
    endloop
endfacet
facet normal -0.0046 0.0159 -0.0616
    outer loop
        vertex 1.5821 -0.5308 2.4426
        vertex 1.5324 -0.6512 2.4152
        vertex 1.5764 -0.7430 2.3882
    endloop
endfacet
facet normal -0.0026 0.0091 -0.0353
    outer loop
        vertex 2.1485 0.1988 2.5888
        vertex 2.1810 0.1315 2.5690
        vertex 2.1888 0.2891 2.6091
    endloop
endfacet
facet normal -0.0263 0.1471 -0.5699
    outer loop
        vertex 1.0020 0.0241 2.6154
        vertex 1.4800 0.1451 2.6246
        vertex 1.4263 0.3223 2.6728
    endloop
endfacet
facet normal -0.0228 0.1274 -0.4936
    outer loop
        vertex 1.4800 0.1451 2.6246
        vertex 1.0020 0.0241 2.6154
        vertex 1.2858 -0.0692 2.5782
    endloop
endfacet
facet normal -0.0048 0.0268 -0.1039
    outer loop
        vertex 1.0933 -0.0645 2.5883
        vertex 1.2858 -0.0692 2.5782
        vertex 1.0020 0.0241 2.6154
    endloop
endfacet
facet normal -0.0019 0.0107 -0.0416
    outer loop
        vertex 1.2858 -0.0692 2.5782
        vertex 1.0933 -0.0645 2.5883
        vertex 1.2176 -0.1022 2.5729
    endloop
endfacet
facet normal -0.0006 0.0034 -0.0130
    outer loop
        vertex 1.0933 -0.0645 2.5883
        vertex 1.1608 -0.1018 2.5756
        vertex 1.2176 -0.1022 2.5729
    endloop
endfacet
facet normal -0.0016 0.0087 -0.0338
    outer loop
        vertex 1.4263 0.3223 2.6728
        vertex 1.4800 0.1451 2.6246
        vertex 1.4800 0.2457 2.6505
    endloop
endfacet
facet normal -0.0003 0.0157 -0.0268
    outer loop
        vertex 3.6712 -1.3339 2.0162
        vertex 3.6240 -1.3174 2.0264
        vertex 3.5096 -1.3680 1.9982
    endloop
endfacet
facet normal -0.0070 0.0224 -0.1126
    outer loop
        vertex 4.7219 -0.0850 2.4005
        vertex 4.8956 -0.0375 2.3991
        vertex 4.6272 -0.0071 2.4218
    endloop
endfacet
facet normal -0.0020 0.0062 -0.0313
    outer loop
        vertex 4.8956 -0.0375 2.3991
        vertex 4.7219 -0.0850 2.4005
        vertex 4.7777 -0.0985 2.3943
    endloop
endfacet
facet normal -0.0023 -0.0047 -0.0797
    outer loop
        vertex 0.8271 1.1975 2.6494
        vertex 0.8248 0.9791 2.6623
        vertex 0.8843 1.0887 2.6542
    endloop
endfacet
facet normal -0.0057 -0.0119 -0.2024
    outer loop
        vertex 0.8248 0.9791 2.6623
        vertex 0.8271 1.1975 2.6494
        vertex 0.6804 1.3452 2.6449
    endloop
endfacet
facet normal -0.0133 -0.0272 -0.4624
    outer loop
        vertex 0.6804 1.3452 2.6449
        vertex 0.4760 1.3510 2.6504
        vertex 0.8248 0.9791 2.6623
    endloop
endfacet
facet normal -0.0016 -0.0033 -0.0571
    outer loop
        vertex 0.4760 1.3510 2.6504
        vertex 0.6804 1.3452 2.6449
        vertex 0.5598 1.3933 2.6456
    endloop
endfacet
facet normal -0.0015 -0.0029 -0.0469
    outer loop
        vertex 0.2932 1.0075 2.6776
        vertex 0.3136 1.1949 2.6652
        vertex 0.2606 1.0756 2.6744
    endloop
endfacet
facet normal -0.0079 -0.0153 -0.2441
    outer loop
        vertex 0.3136 1.1949 2.6652
        vertex 0.2932 1.0075 2.6776
        vertex 0.4808 0.8181 2.6834
    endloop
endfacet
facet normal -0.0008 -0.0017 -0.0263
    outer loop
        vertex 0.6265 0.8102 2.6792
        vertex 0.4808 0.8181 2.6834
        vertex 0.5527 0.7853 2.6832
    endloop
endfacet
facet normal -0.0053 -0.0102 -0.1637
    outer loop
        vertex 0.4808 0.8181 2.6834
        vertex 0.6265 0.8102 2.6792
        vertex 0.8248 0.9791 2.6623
    endloop
endfacet
facet normal -0.0030 0.0169 -0.0547
    outer loop
        vertex 2.9764 -0.8968 2.2281
        vertex 3.1078 -0.9184 2.2143
        vertex 2.9010 -0.8178 2.2567
    endloop
endfacet
facet normal -0.0009 0.0052 -0.0169
    outer loop
        vertex 3.1078 -0.9184 2.2143
        vertex 2.9764 -0.8968 2.2281
        vertex 3.0483 -0.9292 2.2142
    endloop
endfacet
facet normal -0.0234 0.1326 -0.4287
    outer loop
        vertex 3.1078 -0.9184 2.2143
        vertex 3.3432 -0.7011 2.2686
        vertex 2.9010 -0.8178 2.2567
    endloop
endfacet
facet normal -0.0023 0.0129 -0.0417
    outer loop
        vertex 3.3432 -0.7011 2.2686
        vertex 3.3821 -0.6061 2.2959
        vertex 3.3439 -0.5280 2.3222
    endloop
endfacet
facet normal -0.0013 -0.0026 -0.0420
    outer loop
        vertex 1.1791 0.4992 2.6810
        vertex 1.1104 0.4742 2.6847
        vertex 1.3014 0.4458 2.6804
    endloop
endfacet
facet normal 0.0014 0.0119 -0.0384
    outer loop
        vertex 3.9444 -0.7141 2.2414
        vertex 3.9229 -0.5430 2.2935
        vertex 3.8952 -0.6084 2.2722
    endloop
endfacet
facet normal 0.0071 0.0590 -0.1908
    outer loop
        vertex 3.9229 -0.5430 2.2935
        vertex 3.9444 -0.7141 2.2414
        vertex 4.0799 -0.3722 2.3522
    endloop
endfacet
facet normal 0.0006 0.0050 -0.0162
    outer loop
        vertex 4.2246 -0.9155 2.1895
        vertex 4.0972 -0.8974 2.1904
        vertex 4.1654 -0.9274 2.1836
    endloop
endfacet
facet normal 0.0049 0.0409 -0.1322
    outer loop
        vertex 4.0972 -0.8974 2.1904
        vertex 4.2246 -0.9155 2.1895
        vertex 4.3818 -0.7718 2.2398
    endloop
endfacet
facet normal 0.0049 0.0404 -0.1305
    outer loop
        vertex 4.4272 -0.4962 2.3267
        vertex 4.3818 -0.7718 2.2398
        vertex 4.4820 -0.6236 2.2894
    endloop
endfacet
facet normal 0.0235 0.1960 -0.6334
    outer loop
        vertex 4.3818 -0.7718 2.2398
        vertex 4.4272 -0.4962 2.3267
        vertex 4.0799 -0.3722 2.3522
    endloop
endfacet
facet normal 0.0088 0.0733 -0.2366
    outer loop
        vertex 4.2783 -0.3340 2.3714
        vertex 4.0799 -0.3722 2.3522
        vertex 4.4272 -0.4962 2.3267
    endloop
endfacet
facet normal 0.0020 0.0164 -0.0529
    outer loop
        vertex 4.0799 -0.3722 2.3522
        vertex 4.2783 -0.3340 2.3714
        vertex 4.2084 -0.3048 2.3778
    endloop
endfacet
facet normal -0.0113 0.1345 -0.2013
    outer loop
        vertex 5.0000 -1.3337 1.9398
        vertex 4.8670 -1.6423 1.7411
        vertex 5.0000 -1.5760 1.7780
    endloop
endfacet
facet normal -0.0076 0.0911 -0.1364
    outer loop
        vertex 4.7562 -1.1949 2.0462
        vertex 4.6599 -1.2295 2.0285
        vertex 5.0000 -1.3337 1.9398
    endloop
endfacet
facet normal -0.0005 0.0016 -0.0058
    outer loop
        vertex 2.3722 -0.0626 2.5044
        vertex 2.5029 -0.0780 2.4875
        vertex 2.3643 -0.0546 2.5074
    endloop
endfacet
facet normal -0.0016 0.0047 -0.0168
    outer loop
        vertex 2.5029 -0.0780 2.4875
        vertex 2.3722 -0.0626 2.5044
        vertex 2.4437 -0.0916 2.4894
    endloop
endfacet
facet normal -0.0265 -0.0802 -0.3467
    outer loop
        vertex 3.7152 0.4770 2.4259
        vertex 3.4259 0.3391 2.4800
        vertex 3.8525 0.3508 2.4446
    endloop
endfacet
facet normal -0.0096 -0.0290 -0.1255
    outer loop
        vertex 3.4259 0.3391 2.4800
        vertex 3.7152 0.4770 2.4259
        vertex 3.5834 0.4836 2.4345
    endloop
endfacet
facet normal -0.0016 -0.0049 -0.0211
    outer loop
        vertex 3.6459 0.5061 2.4245
        vertex 3.5834 0.4836 2.4345
        vertex 3.7152 0.4770 2.4259
    endloop
endfacet
facet normal -0.0021 -0.0065 -0.0281
    outer loop
        vertex 3.3651 0.1728 2.5230
        vertex 3.4259 0.3391 2.4800
        vertex 3.3767 0.2783 2.4978
    endloop
endfacet
facet normal -0.0503 0.1475 -0.5247
    outer loop
        vertex 1.7578 -0.9170 2.3230
        vertex 2.1231 -0.7318 2.3400
        vertex 1.6017 -0.7664 2.3803
    endloop
endfacet
facet normal -0.0189 0.0555 -0.1974
    outer loop
        vertex 2.1231 -0.7318 2.3400
        vertex 1.7578 -0.9170 2.3230
        vertex 1.8928 -0.9350 2.3050
    endloop
endfacet
facet normal -0.0043 0.0128 -0.0455
    outer loop
        vertex 2.1105 -0.5438 2.3941
        vertex 2.1231 -0.7318 2.3400
        vertex 2.1550 -0.6298 2.3657
    endloop
endfacet
facet normal -0.0533 0.2975 -1.1532
    outer loop
        vertex 0.8181 -0.7906 2.4137
        vertex 0.4532 -0.3851 2.5352
        vertex 0.3001 -0.7206 2.4557
    endloop
endfacet
facet normal -0.0300 0.1677 -0.6498
    outer loop
        vertex 0.4532 -0.3851 2.5352
        vertex 0.8181 -0.7906 2.4137
        vertex 0.7070 -0.3822 2.5242
    endloop
endfacet
facet normal -0.0040 0.0221 -0.0856
    outer loop
        vertex 0.8863 -0.6906 2.4363
        vertex 0.8561 -0.5341 2.4781
        vertex 0.8181 -0.7906 2.4137
    endloop
endfacet
facet normal -0.0011 0.0062 -0.0240
    outer loop
        vertex 0.8561 -0.5341 2.4781
        vertex 0.8863 -0.6906 2.4363
        vertex 0.8965 -0.6163 2.4550
    endloop
endfacet
facet normal -0.0128 0.0710 -0.2752
    outer loop
        vertex 0.8561 -0.5341 2.4781
        vertex 0.7070 -0.3822 2.5242
        vertex 0.8181 -0.7906 2.4137
    endloop
endfacet
facet normal -0.0038 0.0212 -0.0824
    outer loop
        vertex 0.6244 -0.3312 2.5412
        vertex 0.4532 -0.3851 2.5352
        vertex 0.7070 -0.3822 2.5242
    endloop
endfacet
facet normal -0.0014 0.0081 -0.0311
    outer loop
        vertex 0.4532 -0.3851 2.5352
        vertex 0.6244 -0.3312 2.5412
        vertex 0.5419 -0.3281 2.5458
    endloop
endfacet
facet normal -0.0464 -0.0872 -0.4388
    outer loop
        vertex 4.8061 0.5117 2.3187
        vertex 4.5426 0.3322 2.3822
        vertex 5.0000 0.3773 2.3250
    endloop
endfacet
facet normal -0.0088 -0.0165 -0.0832
    outer loop
        vertex 4.5426 0.3322 2.3822
        vertex 4.8061 0.5117 2.3187
        vertex 4.7355 0.5141 2.3257
    endloop
endfacet
facet normal -0.0049 -0.0093 -0.0467
    outer loop
        vertex 4.4958 0.2583 2.4019
        vertex 4.5093 0.1199 2.4280
        vertex 4.5426 0.3322 2.3822
    endloop
endfacet
facet normal -0.0019 -0.0036 -0.0179
    outer loop
        vertex 4.5093 0.1199 2.4280
        vertex 4.4958 0.2583 2.4019
        vertex 4.4828 0.1794 2.4190
    endloop
endfacet
facet normal -0.0113 -0.0212 -0.1066
    outer loop
        vertex 4.5426 0.3322 2.3822
        vertex 4.5093 0.1199 2.4280
        vertex 4.5780 0.0459 2.4354
    endloop
endfacet
facet normal -0.0246 -0.0463 -0.2331
    outer loop
        vertex 5.0000 0.1065 2.3788
        vertex 4.5780 0.0459 2.4354
        vertex 4.9284 0.0078 2.4060
    endloop
endfacet
facet normal -0.0094 0.0564 -0.0453
    outer loop
        vertex 4.3918 -2.0311 1.3858
        vertex 4.2578 -1.9998 1.4524
        vertex 4.1557 -2.0302 1.4359
    endloop
endfacet
facet normal -0.0082 -0.0039 -0.0384
    outer loop
        vertex 3.3365 1.1545 2.3262
        vertex 3.3108 0.9827 2.3492
        vertex 3.3629 1.0919 2.3270
    endloop
endfacet
facet normal -0.0489 -0.0233 -0.2287
    outer loop
        vertex 3.3108 0.9827 2.3492
        vertex 3.3365 1.1545 2.3262
        vertex 3.1542 1.3602 2.3442
    endloop
endfacet
facet normal -0.0104 -0.0050 -0.0487
    outer loop
        vertex 2.9633 1.3599 2.3851
        vertex 3.1542 1.3602 2.3442
        vertex 3.0535 1.4008 2.3616
    endloop
endfacet
facet normal -0.0411 -0.0196 -0.1920
    outer loop
        vertex 3.1542 1.3602 2.3442
        vertex 2.9633 1.3599 2.3851
        vertex 2.8159 1.1988 2.4331
    endloop
endfacet
facet normal -0.0073 -0.0035 -0.0339
    outer loop
        vertex 2.7916 1.0447 2.4540
        vertex 2.8159 1.1988 2.4331
        vertex 2.7686 1.1226 2.4510
    endloop
endfacet
facet normal -0.0465 -0.0222 -0.2178
    outer loop
        vertex 2.8159 1.1988 2.4331
        vertex 2.7916 1.0447 2.4540
        vertex 2.9823 0.8216 2.4360
    endloop
endfacet
facet normal -0.0032 -0.0015 -0.0149
    outer loop
        vertex 3.1102 0.7902 2.4118
        vertex 2.9823 0.8216 2.4360
        vertex 3.0514 0.7859 2.4248
    endloop
endfacet
facet normal -0.0414 -0.0197 -0.1934
    outer loop
        vertex 2.9823 0.8216 2.4360
        vertex 3.1102 0.7902 2.4118
        vertex 3.3108 0.9827 2.3492
    endloop
endfacet
facet normal -0.1308 -0.0727 -1.2352
    outer loop
        vertex 1.7658 1.3675 2.5905
        vertex 1.5646 0.9853 2.6343
        vertex 2.0793 0.9808 2.5800
    endloop
endfacet
facet normal -0.0266 -0.0149 -0.2523
    outer loop
        vertex 1.5646 0.9853 2.6343
        vertex 1.7658 1.3675 2.5905
        vertex 1.5490 1.1563 2.6258
    endloop
endfacet
facet normal -0.0043 -0.0024 -0.0404
    outer loop
        vertex 1.5646 0.9853 2.6343
        vertex 1.5490 1.1563 2.6258
        vertex 1.5172 1.0908 2.6331
    endloop
endfacet
facet normal -0.0023 -0.0013 -0.0219
    outer loop
        vertex 1.7141 0.8276 2.6277
        vertex 1.7775 0.7834 2.6236
        vertex 1.8621 0.7797 2.6148
    endloop
endfacet
facet normal -0.0169 -0.0094 -0.1598
    outer loop
        vertex 2.3836 0.4914 2.5766
        vertex 2.6800 0.2400 2.5600
        vertex 2.4560 0.5163 2.5675
    endloop
endfacet
facet normal -0.0721 -0.0400 -0.6810
    outer loop
        vertex 2.6800 0.2400 2.5600
        vertex 2.3836 0.4914 2.5766
        vertex 2.1888 0.2891 2.6091
    endloop
endfacet
facet normal -0.0012 0.0274 -0.1325
    outer loop
        vertex 0.0368 -0.0913 2.6014
        vertex 0.0000 0.4800 2.7200
        vertex 0.0000 -0.0968 2.6006
    endloop
endfacet
facet normal -0.0069 0.1393 -0.6733
    outer loop
        vertex 0.2569 0.0967 2.6381
        vertex 0.1020 0.4537 2.7135
        vertex 0.0368 -0.0913 2.6014
    endloop
endfacet
facet normal -0.0021 0.0422 -0.2042
    outer loop
        vertex 0.1020 0.4537 2.7135
        vertex 0.2569 0.0967 2.6381
        vertex 0.2599 0.3007 2.6802
    endloop
endfacet
facet normal -0.0006 0.0120 -0.0579
    outer loop
        vertex 0.2569 0.0967 2.6381
        vertex 0.3041 0.2166 2.6624
        vertex 0.2599 0.3007 2.6802
    endloop
endfacet
facet normal -0.0016 0.0320 -0.1548
    outer loop
        vertex 0.9271 0.0968 2.6312
        vertex 1.0284 0.3966 2.6922
        vertex 0.9026 0.2688 2.6670
    endloop
endfacet
facet normal -0.0020 0.0386 -0.1863
    outer loop
        vertex 1.0284 0.3966 2.6922
        vertex 0.9271 0.0968 2.6312
        vertex 1.0020 0.0241 2.6154
    endloop
endfacet
facet normal -0.0004 0.0084 -0.0407
    outer loop
        vertex 0.9271 0.0968 2.6312
        vertex 0.9026 0.2688 2.6670
        vertex 0.8744 0.2008 2.6533
    endloop
endfacet
facet normal -0.0014 -0.0039 -0.0169
    outer loop
        vertex 3.9147 1.0037 2.2888
        vertex 3.8978 1.1624 2.2536
        vertex 3.8920 1.0572 2.2783
    endloop
endfacet
facet normal -0.0422 -0.1160 -0.5024
    outer loop
        vertex 3.8978 1.1624 2.2536
        vertex 3.9147 1.0037 2.2888
        vertex 4.4211 1.0061 2.2457
    endloop
endfacet
facet normal -0.0492 -0.1352 -0.5861
    outer loop
        vertex 4.0986 0.8194 2.3158
        vertex 4.4211 1.0061 2.2457
        vertex 3.9147 1.0037 2.2888
    endloop
endfacet
facet normal -0.0157 -0.0433 -0.1875
    outer loop
        vertex 4.4211 1.0061 2.2457
        vertex 4.0986 0.8194 2.3158
        vertex 4.2230 0.7984 2.3103
    endloop
endfacet
facet normal -0.0013 -0.0035 -0.0153
    outer loop
        vertex 4.1682 0.7879 2.3173
        vertex 4.2230 0.7984 2.3103
        vertex 4.0986 0.8194 2.3158
    endloop
endfacet
facet normal -0.0043 -0.0119 -0.0517
    outer loop
        vertex 4.4306 1.1973 2.2008
        vertex 4.4211 1.0061 2.2457
        vertex 4.4692 1.1020 2.2196
    endloop
endfacet
facet normal -0.0200 -0.0551 -0.2388
    outer loop
        vertex 4.2644 1.3554 2.1783
        vertex 4.1196 1.3833 2.1840
        vertex 3.8978 1.1624 2.2536
    endloop
endfacet
facet normal -0.0849 0.4098 -0.2739
    outer loop
        vertex 4.1906 -2.2677 1.0941
        vertex 4.3918 -2.0311 1.3858
        vertex 4.0443 -2.2220 1.2080
    endloop
endfacet
facet normal -0.0604 0.2912 -0.1946
    outer loop
        vertex 4.3918 -2.0311 1.3858
        vertex 4.1906 -2.2677 1.0941
        vertex 4.3377 -2.2496 1.0757
    endloop
endfacet
facet normal -0.0609 0.2943 -0.1967
    outer loop
        vertex 4.5047 -2.1570 1.1624
        vertex 4.3918 -2.0311 1.3858
        vertex 4.3377 -2.2496 1.0757
    endloop
endfacet
facet normal -0.0156 0.0755 -0.0505
    outer loop
        vertex 4.3918 -2.0311 1.3858
        vertex 4.5047 -2.1570 1.1624
        vertex 4.5154 -2.0974 1.2484
    endloop
endfacet
facet normal -0.0027 0.0290 -0.1030
    outer loop
        vertex 3.1398 -0.3370 2.3856
        vertex 3.0064 -0.3450 2.3869
        vertex 3.2639 -0.4530 2.3497
    endloop
endfacet
facet normal -0.0006 0.0060 -0.0211
    outer loop
        vertex 3.0064 -0.3450 2.3869
        vertex 3.1398 -0.3370 2.3856
        vertex 3.0691 -0.3159 2.3934
    endloop
endfacet
facet normal -0.0102 0.1090 -0.3876
    outer loop
        vertex 3.2639 -0.4530 2.3497
        vertex 3.0064 -0.3450 2.3869
        vertex 2.8277 -0.5110 2.3449
    endloop
endfacet
facet normal -0.0021 0.0230 -0.0818
    outer loop
        vertex 2.8239 -0.7371 2.2814
        vertex 2.8277 -0.5110 2.3449
        vertex 2.7679 -0.6288 2.3133
    endloop
endfacet
facet normal -0.0036 -0.0023 -0.0219
    outer loop
        vertex 2.1130 1.1374 2.5581
        vertex 2.0793 0.9808 2.5800
        vertex 2.1072 1.0066 2.5728
    endloop
endfacet
facet normal -0.0416 -0.0268 -0.2554
    outer loop
        vertex 2.0793 0.9808 2.5800
        vertex 2.1130 1.1374 2.5581
        vertex 1.8990 1.3564 2.5700
    endloop
endfacet
facet normal -0.0033 -0.0021 -0.0203
    outer loop
        vertex 2.1072 1.0066 2.5728
        vertex 2.1350 1.0725 2.5614
        vertex 2.1130 1.1374 2.5581
    endloop
endfacet
facet normal -0.0041 0.0442 -0.0672
    outer loop
        vertex 3.3420 -1.6508 1.8283
        vertex 3.4982 -1.7394 1.7606
        vertex 3.3228 -1.5709 1.8819
    endloop
endfacet
facet normal -0.0049 0.0527 -0.0804
    outer loop
        vertex 3.7520 -1.6932 1.7755
        vertex 3.4982 -1.7394 1.7606
        vertex 3.6378 -1.7646 1.7356
    endloop
endfacet
facet normal -0.0056 0.0612 -0.0933
    outer loop
        vertex 3.8972 -1.4501 1.9262
        vertex 3.7520 -1.6932 1.7755
        vertex 3.9213 -1.5126 1.8838
    endloop
endfacet
facet normal -0.0104 0.1123 -0.1711
    outer loop
        vertex 3.7520 -1.6932 1.7755
        vertex 3.8972 -1.4501 1.9262
        vertex 3.8223 -1.3869 1.9722
    endloop
endfacet
facet normal -0.0190 0.2051 -0.3125
    outer loop
        vertex 3.6712 -1.3339 2.0162
        vertex 3.7520 -1.6932 1.7755
        vertex 3.8223 -1.3869 1.9722
    endloop
endfacet
facet normal -0.0058 0.0623 -0.0950
    outer loop
        vertex 4.7856 -1.6829 1.7194
        vertex 4.4825 -1.5424 1.8300
        vertex 4.7089 -1.6976 1.7144
    endloop
endfacet
facet normal -0.0665 -0.0335 -0.3184
    outer loop
        vertex 2.5393 3.3036 2.1193
        vertex 2.3192 3.0953 2.1872
        vertex 2.5564 3.0884 2.1384
    endloop
endfacet
facet normal -0.0615 -0.0310 -0.2945
    outer loop
        vertex 2.3192 3.0953 2.1872
        vertex 2.5393 3.3036 2.1193
        vertex 2.3020 3.2931 2.1700
    endloop
endfacet
facet normal -0.0532 0.3678 -0.6527
    outer loop
        vertex 1.3930 -1.1627 2.2078
        vertex 1.4044 -0.9127 2.3477
        vertex 0.9783 -1.0970 2.2786
    endloop
endfacet
facet normal -0.0078 0.0543 -0.0964
    outer loop
        vertex 1.4044 -0.9127 2.3477
        vertex 1.3930 -1.1627 2.2078
        vertex 1.4654 -0.9274 2.3345
    endloop
endfacet
facet normal -0.0046 -0.0023 -0.0220
    outer loop
        vertex 2.3004 3.7121 2.1262
        vertex 2.3006 3.6472 2.1330
        vertex 2.3549 3.6483 2.1216
    endloop
endfacet
facet normal -0.0965 -0.0958 -0.4553
    outer loop
        vertex 2.3459 2.7875 2.2464
        vertex 2.5564 3.0884 2.1384
        vertex 2.3192 3.0953 2.1872
    endloop
endfacet
facet normal -0.0861 -0.0854 -0.4059
    outer loop
        vertex 2.5564 3.0884 2.1384
        vertex 2.3459 2.7875 2.2464
        vertex 2.5784 2.8113 2.1920
    endloop
endfacet
facet normal -0.0137 0.1341 -0.0505
    outer loop
        vertex 3.1966 -2.3738 1.1456
        vertex 3.4344 -2.3879 1.0438
        vertex 3.4242 -2.3533 1.1384
    endloop
endfacet
facet normal -0.0206 0.2022 -0.0761
    outer loop
        vertex 3.4344 -2.3879 1.0438
        vertex 3.1966 -2.3738 1.1456
        vertex 3.2105 -2.4259 1.0036
    endloop
endfacet
facet normal -0.0300 0.2824 -0.5073
    outer loop
        vertex 2.3620 -1.2241 2.1163
        vertex 1.7790 -1.2580 2.1319
        vertex 2.0947 -1.3789 2.0460
    endloop
endfacet
facet normal -0.0540 0.5085 -0.9135
    outer loop
        vertex 1.7790 -1.2580 2.1319
        vertex 2.3620 -1.2241 2.1163
        vertex 1.7938 -1.0065 2.2710
    endloop
endfacet
facet normal -0.0715 -0.3872 -2.2598
    outer loop
        vertex 1.4800 1.7200 2.6000
        vertex 0.2583 1.9973 2.5912
        vertex 0.0000 1.7600 2.6400
    endloop
endfacet
facet normal -0.0642 -0.3476 -2.0271
    outer loop
        vertex 0.2583 1.9973 2.5912
        vertex 1.4800 1.7200 2.6000
        vertex 1.4800 1.9855 2.5545
    endloop
endfacet
facet normal -0.3387 -0.3477 -2.0284
    outer loop
        vertex 2.4542 1.9936 2.3904
        vertex 1.4800 1.7200 2.6000
        vertex 2.6860 1.7256 2.3977
    endloop
endfacet
facet normal -0.2699 -0.2771 -1.6164
    outer loop
        vertex 1.4800 1.7200 2.6000
        vertex 2.4542 1.9936 2.3904
        vertex 1.4800 1.9855 2.5545
    endloop
endfacet
facet normal -0.6422 -0.9991 -1.7939
    outer loop
        vertex 4.8241 1.9748 1.6053
        vertex 3.9520 1.7201 2.0594
        vertex 5.0000 1.6970 1.6970
    endloop
endfacet
facet normal -0.4757 -0.7404 -1.3290
    outer loop
        vertex 3.9520 1.7201 2.0594
        vertex 4.8241 1.9748 1.6053
        vertex 4.0038 1.9791 1.8966
    endloop
endfacet
facet normal -0.0966 -0.0585 -0.3286
    outer loop
        vertex 2.3210 4.7200 1.9409
        vertex 2.5562 4.5123 1.9087
        vertex 2.5742 4.7200 1.8664
    endloop
endfacet
facet normal -0.0912 -0.0552 -0.3101
    outer loop
        vertex 2.5562 4.5123 1.9087
        vertex 2.3210 4.7200 1.9409
        vertex 2.3135 4.5156 1.9794
    endloop
endfacet
facet normal -0.1977 -0.1196 -0.6722
    outer loop
        vertex 2.3004 3.7121 2.1262
        vertex 2.5429 4.1644 1.9745
        vertex 2.2996 4.1542 2.0478
    endloop
endfacet
facet normal -0.2220 -0.1343 -0.7550
    outer loop
        vertex 2.5429 4.1644 1.9745
        vertex 2.3004 3.7121 2.1262
        vertex 2.5353 3.6520 2.0679
    endloop
endfacet
facet normal -0.0271 -0.0270 -0.1281
    outer loop
        vertex 2.7647 1.7252 2.3811
        vertex 2.6994 1.9859 2.3400
        vertex 2.6860 1.7256 2.3977
    endloop
endfacet
facet normal -0.0275 -0.0273 -0.1298
    outer loop
        vertex 2.6994 1.9859 2.3400
        vertex 2.7647 1.7252 2.3811
        vertex 2.7792 1.9855 2.3232
    endloop
endfacet
facet normal -0.1499 -0.1190 -0.2369
    outer loop
        vertex 4.0038 1.9791 1.8966
        vertex 3.8058 1.7208 2.1516
        vertex 3.9520 1.7201 2.0594
    endloop
endfacet
facet normal -0.3927 -0.3118 -0.6208
    outer loop
        vertex 3.8058 1.7208 2.1516
        vertex 4.0038 1.9791 1.8966
        vertex 3.6208 1.9811 2.1378
    endloop
endfacet
facet normal -0.0318 -0.0462 -0.3930
    outer loop
        vertex 0.0000 2.0035 2.6114
        vertex 0.0000 1.7600 2.6400
        vertex 0.2583 1.9973 2.5912
    endloop
endfacet
facet normal -0.0214 0.1975 -0.1142
    outer loop
        vertex 3.1966 -2.3738 1.1456
        vertex 3.4093 -2.3028 1.2286
        vertex 3.1670 -2.2979 1.2826
    endloop
endfacet
facet normal -0.0139 0.1277 -0.0738
    outer loop
        vertex 3.4093 -2.3028 1.2286
        vertex 3.1966 -2.3738 1.1456
        vertex 3.4242 -2.3533 1.1384
    endloop
endfacet
facet normal -0.0710 0.4661 -0.3614
    outer loop
        vertex 3.2975 -2.0619 1.5612
        vertex 3.1670 -2.2979 1.2826
        vertex 3.4093 -2.3028 1.2286
    endloop
endfacet
facet normal -0.0659 0.4322 -0.3351
    outer loop
        vertex 3.1670 -2.2979 1.2826
        vertex 3.2975 -2.0619 1.5612
        vertex 3.0397 -2.1172 1.5406
    endloop
endfacet
facet normal -0.1636 0.0381 -0.4427
    outer loop
        vertex 2.7728 5.9055 1.9121
        vertex 2.7726 5.3734 1.8664
        vertex 2.9059 5.8272 1.8562
    endloop
endfacet
facet normal -0.3180 0.0741 -0.8609
    outer loop
        vertex 2.7726 5.3734 1.8664
        vertex 2.7728 5.9055 1.9121
        vertex 2.5137 5.3938 1.9637
    endloop
endfacet
facet normal -0.0203 0.3757 -0.8768
    outer loop
        vertex 0.9783 -1.0970 2.2786
        vertex 0.7986 -0.8191 2.4019
        vertex 0.4455 -1.0537 2.3095
    endloop
endfacet
facet normal -0.0219 0.4057 -0.9468
    outer loop
        vertex 0.7986 -0.8191 2.4019
        vertex 0.9783 -1.0970 2.2786
        vertex 1.4044 -0.9127 2.3477
    endloop
endfacet
facet normal -0.1738 1.3916 -0.3359
    outer loop
        vertex 3.5047 -2.6181 0.0549
        vertex 3.2105 -2.4259 1.0036
        vertex 3.2678 -2.6460 0.0618
    endloop
endfacet
facet normal -0.1770 1.4014 -0.3389
    outer loop
        vertex 3.2105 -2.4259 1.0036
        vertex 3.5047 -2.6181 0.0549
        vertex 3.4344 -2.3879 1.0438
    endloop
endfacet
facet normal -0.3738 -0.3547 -1.6887
    outer loop
        vertex 3.6208 1.9811 2.1378
        vertex 2.7647 1.7252 2.3811
        vertex 3.8058 1.7208 2.1516
    endloop
endfacet
facet normal -0.3032 -0.2875 -1.3695
    outer loop
        vertex 2.7647 1.7252 2.3811
        vertex 3.6208 1.9811 2.1378
        vertex 2.7792 1.9855 2.3232
    endloop
endfacet
facet normal -0.0673 0.4570 -0.7497
    outer loop
        vertex 2.5815 -1.3452 2.0228
        vertex 2.0947 -1.3789 2.0460
        vertex 2.5002 -1.5972 1.8764
    endloop
endfacet
facet normal -0.0372 0.2528 -0.4147
    outer loop
        vertex 2.0947 -1.3789 2.0460
        vertex 2.5815 -1.3452 2.0228
        vertex 2.3620 -1.2241 2.1163
    endloop
endfacet
facet normal -0.0090 0.4347 -0.7437
    outer loop
        vertex 3.0777 -1.7376 1.7874
        vertex 2.5002 -1.5972 1.8764
        vertex 2.8544 -1.8894 1.7014
    endloop
endfacet
facet normal -0.0119 0.5733 -0.9808
    outer loop
        vertex 2.5002 -1.5972 1.8764
        vertex 3.0777 -1.7376 1.7874
        vertex 2.5815 -1.3452 2.0228
    endloop
endfacet
facet normal -0.0307 0.2888 -0.5187
    outer loop
        vertex 1.3930 -1.1627 2.2078
        vertex 1.7938 -1.0065 2.2710
        vertex 1.4654 -0.9274 2.3345
    endloop
endfacet
facet normal -0.0364 0.3427 -0.6156
    outer loop
        vertex 1.7938 -1.0065 2.2710
        vertex 1.3930 -1.1627 2.2078
        vertex 1.7790 -1.2580 2.1319
    endloop
endfacet
facet normal -0.0215 -0.0130 -0.0732
    outer loop
        vertex 2.3549 3.6483 2.1216
        vertex 2.5353 3.6520 2.0679
        vertex 2.3004 3.7121 2.1262
    endloop
endfacet
facet normal -0.1508 -0.1496 -0.7111
    outer loop
        vertex 2.6156 2.4524 2.2597
        vertex 2.4542 1.9936 2.3904
        vertex 2.6994 1.9859 2.3400
    endloop
endfacet
facet normal -0.1331 -0.1321 -0.6279
    outer loop
        vertex 2.4542 1.9936 2.3904
        vertex 2.6156 2.4524 2.2597
        vertex 2.3910 2.4364 2.3107
    endloop
endfacet
facet normal -0.0848 -0.0841 -0.3998
    outer loop
        vertex 2.6994 1.9859 2.3400
        vertex 2.4542 1.9936 2.3904
        vertex 2.6860 1.7256 2.3977
    endloop
endfacet
facet normal -0.1397 0.0591 -0.4748
    outer loop
        vertex 2.3990 5.0427 1.9581
        vertex 2.5742 4.7200 1.8664
        vertex 2.6432 5.0265 1.8843
    endloop
endfacet
facet normal -0.1501 0.0636 -0.5106
    outer loop
        vertex 2.5742 4.7200 1.8664
        vertex 2.3990 5.0427 1.9581
        vertex 2.3210 4.7200 1.9409
    endloop
endfacet
facet normal -0.0170 0.3144 -0.7337
    outer loop
        vertex 0.3434 -0.7891 2.4253
        vertex 0.4455 -1.0537 2.3095
        vertex 0.7986 -0.8191 2.4019
    endloop
endfacet
facet normal -0.0168 0.3120 -0.7281
    outer loop
        vertex 0.4455 -1.0537 2.3095
        vertex 0.3434 -0.7891 2.4253
        vertex 0.0000 -1.0402 2.3256
    endloop
endfacet
facet normal -0.0124 0.2305 -0.5379
    outer loop
        vertex 0.0000 -0.7896 2.4330
        vertex 0.0000 -1.0402 2.3256
        vertex 0.3434 -0.7891 2.4253
    endloop
endfacet
facet normal -0.0262 0.2828 -0.4310
    outer loop
        vertex 3.2975 -2.0619 1.5612
        vertex 2.8544 -1.8894 1.7014
        vertex 3.0397 -2.1172 1.5406
    endloop
endfacet
facet normal -0.0387 0.4172 -0.6358
    outer loop
        vertex 2.8544 -1.8894 1.7014
        vertex 3.2975 -2.0619 1.5612
        vertex 3.0964 -1.7540 1.7755
    endloop
endfacet
facet normal -0.0025 0.0267 -0.0407
    outer loop
        vertex 2.8544 -1.8894 1.7014
        vertex 3.0964 -1.7540 1.7755
        vertex 3.0777 -1.7376 1.7874
    endloop
endfacet
facet normal -0.4200 3.1900 -5.5100
    outer loop
        vertex 0.0000 -2.2800 1.6800
        vertex 1.1600 -1.9200 1.8000
        vertex 0.0000 -1.5200 2.1200
    endloop
endfacet
facet normal -0.1840 1.3420 -2.2477
    outer loop
        vertex 1.1600 -1.9200 1.8000
        vertex 0.0000 -2.2800 1.6800
        vertex 0.6123 -2.4000 1.5582
    endloop
endfacet
facet normal -0.2745 -1.4850 -8.6629
    outer loop
        vertex 1.4800 3.1200 2.3600
        vertex 0.2583 1.9973 2.5912
        vertex 1.4800 1.9855 2.5545
    endloop
endfacet
facet normal -0.8420 -1.2219 -10.3848
    outer loop
        vertex 0.0000 3.1200 2.4800
        vertex 0.2583 1.9973 2.5912
        vertex 1.4800 3.1200 2.3600
    endloop
endfacet
facet normal -0.1460 -0.2120 -1.8023
    outer loop
        vertex 0.2583 1.9973 2.5912
        vertex 0.0000 3.1200 2.4800
        vertex 0.0000 2.0035 2.6114
    endloop
endfacet
facet normal -1.1700 -1.4800 -14.4300
    outer loop
        vertex 1.4800 3.1200 2.3600
        vertex 0.0000 4.6800 2.3200
        vertex 0.0000 3.1200 2.4800
    endloop
endfacet
facet normal -1.1600 -1.4700 -14.4100
    outer loop
        vertex 0.0000 4.6800 2.3200
        vertex 1.4800 3.1200 2.3600
        vertex 1.4400 4.7200 2.2000
    endloop
endfacet
facet normal -1.6030 1.7700 -18.6460
    outer loop
        vertex 1.7360 6.8000 2.3720
        vertex 0.0000 4.6800 2.3200
        vertex 1.4400 4.7200 2.2000
    endloop
endfacet
facet normal -0.9540 1.3454 -23.0020
    outer loop
        vertex 0.0000 4.6800 2.3200
        vertex 1.7360 6.8000 2.3720
        vertex 0.0000 6.8000 2.4440
    endloop
endfacet
facet normal -0.6697 6.5572 -2.4689
    outer loop
        vertex 1.4782 -2.7200 0.6923
        vertex 3.1966 -2.3738 1.1456
        vertex 1.1314 -2.5600 1.2114
    endloop
endfacet
facet normal -0.1599 1.5648 -0.5889
    outer loop
        vertex 3.1966 -2.3738 1.1456
        vertex 1.4782 -2.7200 0.6923
        vertex 3.2105 -2.4259 1.0036
    endloop
endfacet
facet normal -0.3384 3.3617 -2.0570
    outer loop
        vertex 0.6123 -2.4000 1.5582
        vertex 1.1314 -2.5600 1.2114
        vertex 2.2800 -2.2800 1.4800
    endloop
endfacet
facet normal -0.4160 2.7877 -4.5923
    outer loop
        vertex 2.2800 -2.2800 1.4800
        vertex 1.1600 -1.9200 1.8000
        vertex 0.6123 -2.4000 1.5582
    endloop
endfacet
facet normal -0.5288 3.5911 -5.8909
    outer loop
        vertex 1.1600 -1.9200 1.8000
        vertex 2.2800 -2.2800 1.4800
        vertex 2.0947 -1.3789 2.0460
    endloop
endfacet
facet normal -0.4592 3.9801 -0.8713
    outer loop
        vertex 1.6000 -2.8400 0.0800
        vertex 2.6400 -2.7200 0.0800
        vertex 1.4782 -2.7200 0.6923
    endloop
endfacet
facet normal -1.8020 -2.8038 -5.0342
    outer loop
        vertex 4.0038 1.9791 1.8966
        vertex 4.8241 1.9748 1.6053
        vertex 4.2000 2.9600 1.2800
    endloop
endfacet
facet normal -0.1942 1.2737 -0.9876
    outer loop
        vertex 3.1670 -2.2979 1.2826
        vertex 3.0397 -2.1172 1.5406
        vertex 2.2800 -2.2800 1.4800
    endloop
endfacet
facet normal -5.5380 -4.3956 -8.7552
    outer loop
        vertex 3.6208 1.9811 2.1378
        vertex 4.2000 2.9600 1.2800
        vertex 2.8400 3.0800 2.0800
    endloop
endfacet
facet normal -1.4869 -1.1800 -2.3505
    outer loop
        vertex 4.2000 2.9600 1.2800
        vertex 3.6208 1.9811 2.1378
        vertex 4.0038 1.9791 1.8966
    endloop
endfacet
facet normal -1.2750 -1.2090 -5.7587
    outer loop
        vertex 2.8400 3.0800 2.0800
        vertex 2.7792 1.9855 2.3232
        vertex 3.6208 1.9811 2.1378
    endloop
endfacet
facet normal -0.2751 -0.2729 -1.2968
    outer loop
        vertex 2.7792 1.9855 2.3232
        vertex 2.8400 3.0800 2.0800
        vertex 2.6156 2.4524 2.2597
    endloop
endfacet
facet normal -8.7500 -3.3000 -14.3800
    outer loop
        vertex 2.8400 3.0800 2.0800
        vertex 4.2000 2.9600 1.2800
        vertex 3.8800 4.6800 1.0800
    endloop
endfacet
facet normal -7.4500 -2.0700 -11.0600
    outer loop
        vertex 2.8400 3.0800 2.0800
        vertex 3.8800 4.6800 1.0800
        vertex 2.8000 4.7200 1.8000
    endloop
endfacet
facet normal -6.2010 0.0063 -4.9290
    outer loop
        vertex 3.8800 4.6800 1.0800
        vertex 3.8440 6.8000 1.1280
        vertex 3.4720 6.8000 1.5960
    endloop
endfacet
facet normal -9.3400 1.7460 -14.1070
    outer loop
        vertex 3.0680 6.8000 1.8800
        vertex 2.8000 4.7200 1.8000
        vertex 3.8800 4.6800 1.0800
    endloop
endfacet
facet normal -3.7630 0.5787 -5.3530
    outer loop
        vertex 3.8800 4.6800 1.0800
        vertex 3.4720 6.8000 1.5960
        vertex 3.0680 6.8000 1.8800
    endloop
endfacet
facet normal -0.1118 -0.1109 -0.5270
    outer loop
        vertex 2.3459 2.7875 2.2464
        vertex 2.6156 2.4524 2.2597
        vertex 2.5784 2.8113 2.1920
    endloop
endfacet
facet normal -0.1055 -0.1047 -0.4973
    outer loop
        vertex 2.6156 2.4524 2.2597
        vertex 2.3459 2.7875 2.2464
        vertex 2.3910 2.4364 2.3107
    endloop
endfacet
facet normal -1.1533 -1.1841 -6.9075
    outer loop
        vertex 1.4800 1.9855 2.5545
        vertex 2.4542 1.9936 2.3904
        vertex 1.4800 3.1200 2.3600
    endloop
endfacet
facet normal -0.1552 -0.0939 -0.5278
    outer loop
        vertex 2.3135 4.5156 1.9794
        vertex 2.5429 4.1644 1.9745
        vertex 2.5562 4.5123 1.9087
    endloop
endfacet
facet normal -0.1613 -0.0976 -0.5487
    outer loop
        vertex 2.5429 4.1644 1.9745
        vertex 2.3135 4.5156 1.9794
        vertex 2.2996 4.1542 2.0478
    endloop
endfacet
facet normal -0.3805 -0.1915 -1.8205
    outer loop
        vertex 2.3020 3.2931 2.1700
        vertex 2.3006 3.6472 2.1330
        vertex 1.4800 3.1200 2.3600
    endloop
endfacet
facet normal -0.0251 -0.0126 -0.1202
    outer loop
        vertex 2.3006 3.6472 2.1330
        vertex 2.3020 3.2931 2.1700
        vertex 2.3549 3.6483 2.1216
    endloop
endfacet
facet normal -0.2134 0.0497 -0.5776
    outer loop
        vertex 2.6432 5.0265 1.8843
        vertex 2.7726 5.3734 1.8664
        vertex 2.5137 5.3938 1.9637
    endloop
endfacet
facet normal -0.2170 0.0506 -0.5878
    outer loop
        vertex 2.7726 5.3734 1.8664
        vertex 2.6432 5.0265 1.8843
        vertex 2.8000 4.7200 1.8000
    endloop
endfacet
facet normal -0.7692 0.3257 -2.6151
    outer loop
        vertex 2.6432 5.0265 1.8843
        vertex 1.7360 6.8000 2.3720
        vertex 2.3990 5.0427 1.9581
    endloop
endfacet
facet normal -0.1048 0.9873 -1.7737
    outer loop
        vertex 1.7790 -1.2580 2.1319
        vertex 1.1600 -1.9200 1.8000
        vertex 2.0947 -1.3789 2.0460
    endloop
endfacet
facet normal -0.1162 1.0941 -1.9656
    outer loop
        vertex 1.1600 -1.9200 1.8000
        vertex 1.7790 -1.2580 2.1319
        vertex 1.3930 -1.1627 2.2078
    endloop
endfacet
facet normal -0.0231 1.1186 -1.9136
    outer loop
        vertex 2.5002 -1.5972 1.8764
        vertex 2.2800 -2.2800 1.4800
        vertex 2.8544 -1.8894 1.7014
    endloop
endfacet
facet normal -0.4495 3.1067 -5.5127
    outer loop
        vertex 1.1600 -1.9200 1.8000
        vertex 0.9783 -1.0970 2.2786
        vertex 0.0000 -1.5200 2.1200
    endloop
endfacet
facet normal -0.1679 1.1601 -2.0586
    outer loop
        vertex 0.9783 -1.0970 2.2786
        vertex 1.1600 -1.9200 1.8000
        vertex 1.3930 -1.1627 2.2078
    endloop
endfacet
facet normal -0.0784 0.7226 -0.4178
    outer loop
        vertex 2.2800 -2.2800 1.4800
        vertex 3.1966 -2.3738 1.1456
        vertex 3.1670 -2.2979 1.2826
    endloop
endfacet
facet normal -0.4276 3.9397 -2.2778
    outer loop
        vertex 3.1966 -2.3738 1.1456
        vertex 2.2800 -2.2800 1.4800
        vertex 1.1314 -2.5600 1.2114
    endloop
endfacet
facet normal -0.1273 0.0539 -0.4327
    outer loop
        vertex 2.6432 5.0265 1.8843
        vertex 2.5742 4.7200 1.8664
        vertex 2.8000 4.7200 1.8000
    endloop
endfacet
facet normal -0.3283 0.0765 -0.8886
    outer loop
        vertex 3.0680 6.8000 1.8800
        vertex 2.7728 5.9055 1.9121
        vertex 2.9059 5.8272 1.8562
    endloop
endfacet
facet normal -2.7505 0.6407 -7.4465
    outer loop
        vertex 2.7728 5.9055 1.9121
        vertex 3.0680 6.8000 1.8800
        vertex 1.7360 6.8000 2.3720
    endloop
endfacet
facet normal -0.0309 0.5724 -1.3358
    outer loop
        vertex 0.0000 -1.5200 2.1200
        vertex 0.4455 -1.0537 2.3095
        vertex 0.0000 -1.0402 2.3256
    endloop
endfacet
facet normal -0.0388 0.7171 -1.6731
    outer loop
        vertex 0.4455 -1.0537 2.3095
        vertex 0.0000 -1.5200 2.1200
        vertex 0.9783 -1.0970 2.2786
    endloop
endfacet
facet normal -0.4604 3.6891 -0.8904
    outer loop
        vertex 3.2105 -2.4259 1.0036
        vertex 2.6400 -2.7200 0.0800
        vertex 3.2678 -2.6460 0.0618
    endloop
endfacet
facet normal -1.1256 8.8893 -2.1356
    outer loop
        vertex 2.6400 -2.7200 0.0800
        vertex 3.2105 -2.4259 1.0036
        vertex 1.4782 -2.7200 0.6923
    endloop
endfacet
facet normal -0.0773 0.8335 -1.2702
    outer loop
        vertex 3.0397 -2.1172 1.5406
        vertex 2.8544 -1.8894 1.7014
        vertex 2.2800 -2.2800 1.4800
    endloop
endfacet
facet normal -0.4773 -0.4736 -2.2511
    outer loop
        vertex 1.4800 3.1200 2.3600
        vertex 2.4542 1.9936 2.3904
        vertex 2.3910 2.4364 2.3107
    endloop
endfacet
facet normal -0.0492 -0.0489 -0.2324
    outer loop
        vertex 2.6156 2.4524 2.2597
        vertex 2.6994 1.9859 2.3400
        vertex 2.7792 1.9855 2.3232
    endloop
endfacet
facet normal -0.3830 -0.3801 -1.8063
    outer loop
        vertex 1.4800 3.1200 2.3600
        vertex 2.3910 2.4364 2.3107
        vertex 2.3459 2.7875 2.2464
    endloop
endfacet
facet normal -0.3415 -0.3389 -1.6104
    outer loop
        vertex 2.3192 3.0953 2.1872
        vertex 1.4800 3.1200 2.3600
        vertex 2.3459 2.7875 2.2464
    endloop
endfacet
facet normal -0.1039 -0.1031 -0.4900
    outer loop
        vertex 2.5784 2.8113 2.1920
        vertex 2.8400 3.0800 2.0800
        vertex 2.5564 3.0884 2.1384
    endloop
endfacet
facet normal -0.1377 -0.1366 -0.6491
    outer loop
        vertex 2.8400 3.0800 2.0800
        vertex 2.5784 2.8113 2.1920
        vertex 2.6156 2.4524 2.2597
    endloop
endfacet
facet normal -0.8162 -0.4936 -2.7744
    outer loop
        vertex 2.8000 4.7200 1.8000
        vertex 2.5429 4.1644 1.9745
        vertex 2.8400 3.0800 2.0800
    endloop
endfacet
facet normal -0.1509 -0.0913 -0.5129
    outer loop
        vertex 2.5429 4.1644 1.9745
        vertex 2.8000 4.7200 1.8000
        vertex 2.5562 4.5123 1.9087
    endloop
endfacet
facet normal -0.0862 -0.0521 -0.2931
    outer loop
        vertex 2.5562 4.5123 1.9087
        vertex 2.8000 4.7200 1.8000
        vertex 2.5742 4.7200 1.8664
    endloop
endfacet
facet normal -0.1918 -0.1160 -0.6519
    outer loop
        vertex 2.5353 3.6520 2.0679
        vertex 2.3549 3.6483 2.1216
        vertex 2.8400 3.0800 2.0800
    endloop
endfacet
facet normal -0.2951 -0.1785 -1.0032
    outer loop
        vertex 2.5429 4.1644 1.9745
        vertex 2.5353 3.6520 2.0679
        vertex 2.8400 3.0800 2.0800
    endloop
endfacet
facet normal -0.6977 -0.4220 -2.3721
    outer loop
        vertex 1.4400 4.7200 2.2000
        vertex 2.3004 3.7121 2.1262
        vertex 2.2996 4.1542 2.0478
    endloop
endfacet
facet normal -0.5856 -0.3542 -1.9911
    outer loop
        vertex 2.3135 4.5156 1.9794
        vertex 1.4400 4.7200 2.2000
        vertex 2.2996 4.1542 2.0478
    endloop
endfacet
facet normal -0.3310 -0.2002 -1.1255
    outer loop
        vertex 1.4400 4.7200 2.2000
        vertex 2.3135 4.5156 1.9794
        vertex 2.3210 4.7200 1.9409
    endloop
endfacet
facet normal -1.7455 -0.8789 -8.3524
    outer loop
        vertex 1.4800 3.1200 2.3600
        vertex 2.3004 3.7121 2.1262
        vertex 1.4400 4.7200 2.2000
    endloop
endfacet
facet normal -0.0697 -0.0350 -0.3333
    outer loop
        vertex 2.3004 3.7121 2.1262
        vertex 1.4800 3.1200 2.3600
        vertex 2.3006 3.6472 2.1330
    endloop
endfacet
facet normal -0.2162 -0.1090 -1.0345
    outer loop
        vertex 2.3192 3.0953 2.1872
        vertex 2.3020 3.2931 2.1700
        vertex 1.4800 3.1200 2.3600
    endloop
endfacet
facet normal -0.0796 -0.0401 -0.3806
    outer loop
        vertex 2.5564 3.0884 2.1384
        vertex 2.8400 3.0800 2.0800
        vertex 2.5393 3.3036 2.1193
    endloop
endfacet
facet normal -0.0815 -0.0410 -0.3901
    outer loop
        vertex 2.8400 3.0800 2.0800
        vertex 2.3549 3.6483 2.1216
        vertex 2.5393 3.3036 2.1193
    endloop
endfacet
facet normal -0.1093 -0.0550 -0.5234
    outer loop
        vertex 2.3020 3.2931 2.1700
        vertex 2.5393 3.3036 2.1193
        vertex 2.3549 3.6483 2.1216
    endloop
endfacet
facet normal -0.1765 0.0411 -0.4781
    outer loop
        vertex 2.8000 4.7200 1.8000
        vertex 3.0680 6.8000 1.8800
        vertex 2.9059 5.8272 1.8562
    endloop
endfacet
facet normal -0.2299 0.0535 -0.6223
    outer loop
        vertex 2.8000 4.7200 1.8000
        vertex 2.9059 5.8272 1.8562
        vertex 2.7726 5.3734 1.8664
    endloop
endfacet
facet normal -0.2389 0.0557 -0.6471
    outer loop
        vertex 2.5137 5.3938 1.9637
        vertex 1.7360 6.8000 2.3720
        vertex 2.6432 5.0265 1.8843
    endloop
endfacet
facet normal -3.4913 1.4784 -11.8700
    outer loop
        vertex 1.4400 4.7200 2.2000
        vertex 2.3990 5.0427 1.9581
        vertex 1.7360 6.8000 2.3720
    endloop
endfacet
facet normal -0.5226 0.2212 -1.7768
    outer loop
        vertex 2.3990 5.0427 1.9581
        vertex 1.4400 4.7200 2.2000
        vertex 2.3210 4.7200 1.9409
    endloop
endfacet
facet normal -0.1823 1.2382 -2.0312
    outer loop
        vertex 2.2800 -2.2800 1.4800
        vertex 2.5002 -1.5972 1.8764
        vertex 2.0947 -1.3789 2.0460
    endloop
endfacet
facet normal -1.7597 0.4101 -4.7646
    outer loop
        vertex 2.5137 5.3938 1.9637
        vertex 2.7728 5.9055 1.9121
        vertex 1.7360 6.8000 2.3720
    endloop
endfacet
facet normal -0.1157 2.1433 1.9902
    outer loop
        vertex 0.6123 -2.2000 -1.3982
        vertex -0.0000 -2.1200 -1.5200
        vertex 0.0000 -1.6000 -2.0800
    endloop
endfacet
facet normal 0.0033 0.3715 0.4590
    outer loop
        vertex 0.0000 -1.6000 -2.0800
        vertex 0.2293 -1.2874 -2.3347
        vertex 0.3776 -1.4055 -2.2402
    endloop
endfacet
facet normal 0.0034 0.3800 0.4694
    outer loop
        vertex 0.2293 -1.2874 -2.3347
        vertex 0.0000 -1.6000 -2.0800
        vertex 0.0000 -1.2724 -2.3452
    endloop
endfacet
facet normal -1.0936 -1.0936 10.9373
    outer loop
        vertex 1.2031 3.5306 -3.6026
        vertex 1.4910 2.0690 -3.7200
        vertex 0.0000 3.5600 -3.7200
    endloop
endfacet
facet normal -0.4033 -0.1950 4.0849
    outer loop
        vertex 0.9102 5.0178 -3.4312
        vertex 0.0000 5.0400 -3.5200
        vertex 0.8062 5.7384 -3.4071
    endloop
endfacet
facet normal -0.0665 -0.0376 0.5441
    outer loop
        vertex 0.8529 6.0794 -3.3816
        vertex 0.7948 6.0264 -3.3923
        vertex 0.0000 6.8000 -3.4360
    endloop
endfacet
facet normal -0.0086 0.1767 0.0739
    outer loop
        vertex 3.5173 -2.3200 -0.9638
        vertex 3.5184 -2.2872 -1.0420
        vertex 3.8800 -2.2702 -1.0406
    endloop
endfacet
facet normal -0.0396 0.3429 0.0939
    outer loop
        vertex 3.8800 -2.2702 -1.0406
        vertex 3.5144 -2.4028 -0.7102
        vertex 3.5159 -2.3612 -0.8616
    endloop
endfacet
facet normal -0.2893 2.6378 0.7387
    outer loop
        vertex 3.5144 -2.4028 -0.7102
        vertex 3.8800 -2.2702 -1.0406
        vertex 3.9600 -2.5645 0.0416
    endloop
endfacet
facet normal -0.5820 7.5146 2.0864
    outer loop
        vertex 5.0000 -2.2174 -0.9185
        vertex 3.9600 -2.5645 0.0416
        vertex 3.8800 -2.2702 -1.0406
    endloop
endfacet
facet normal -0.8967 5.9701 1.1872
    outer loop
        vertex 5.0000 -2.2174 -0.9185
        vertex 5.0000 -2.4000 0.0000
        vertex 3.9600 -2.5645 0.0416
    endloop
endfacet
facet normal -0.0963 0.8019 0.5359
    outer loop
        vertex 4.3487 -2.2331 -1.0120
        vertex 4.5453 -2.0967 -1.1808
        vertex 5.0000 -2.2174 -0.9185
    endloop
endfacet
facet normal -0.0544 0.7646 0.5747
    outer loop
        vertex 4.2301 -1.9272 -1.4638
        vertex 4.0064 -2.0759 -1.2871
        vertex 3.5290 -1.9823 -1.4569
    endloop
endfacet
facet normal -0.1430 0.7230 1.0819
    outer loop
        vertex 3.8800 -1.2192 -2.1644
        vertex 4.7795 -1.2206 -2.0446
        vertex 4.5808 -1.4127 -1.9425
    endloop
endfacet
facet normal -0.2247 1.1364 1.7005
    outer loop
        vertex 4.7795 -1.2206 -2.0446
        vertex 3.8800 -1.2192 -2.1644
        vertex 5.0000 -0.9185 -2.2174
    endloop
endfacet
facet normal -0.0057 0.0313 0.0559
    outer loop
        vertex 4.2032 -1.0584 -2.2211
        vertex 4.2876 -1.0442 -2.2204
        vertex 3.8800 -1.2192 -2.1644
    endloop
endfacet
facet normal -0.0821 0.0532 0.2672
    outer loop
        vertex 5.0000 -0.9185 -2.2174
        vertex 4.6235 -0.1251 -2.4910
        vertex 4.7348 -0.2460 -2.4328
    endloop
endfacet
facet normal -0.7775 0.5020 2.5248
    outer loop
        vertex 4.6235 -0.1251 -2.4910
        vertex 5.0000 -0.9185 -2.2174
        vertex 3.9600 0.2000 -2.7600
    endloop
endfacet
facet normal -0.0591 0.1789 0.3479
    outer loop
        vertex 3.5646 -0.7580 -2.4552
        vertex 3.8800 -1.2192 -2.1644
        vertex 3.5772 -0.9530 -2.3528
    endloop
endfacet
facet normal -0.2295 0.0956 0.7035
    outer loop
        vertex 3.2202 0.7740 -3.0793
        vertex 3.5466 0.2570 -2.9026
        vertex 3.0976 0.6234 -3.0988
    endloop
endfacet
facet normal -0.1136 0.0474 0.3485
    outer loop
        vertex 3.5466 0.2570 -2.9026
        vertex 3.2202 0.7740 -3.0793
        vertex 3.6177 0.3152 -2.8873
    endloop
endfacet
facet normal -0.2186 0.1295 0.6858
    outer loop
        vertex 2.8000 0.3600 -3.1600
        vertex 3.5006 0.2194 -2.9101
        vertex 3.3801 0.0870 -2.9235
    endloop
endfacet
facet normal -0.5502 0.0106 0.4097
    outer loop
        vertex 3.7480 6.8000 -1.9640
        vertex 3.5350 6.5659 -2.2440
        vertex 3.4680 6.8000 -2.3400
    endloop
endfacet
facet normal -0.3254 0.0063 0.2424
    outer loop
        vertex 3.5350 6.5659 -2.2440
        vertex 3.7480 6.8000 -1.9640
        vertex 3.7709 6.6432 -1.9292
    endloop
endfacet
facet normal -0.4334 -0.0183 1.0499
    outer loop
        vertex 2.6729 6.3570 -2.9101
        vertex 2.3086 6.2914 -3.0616
        vertex 2.5720 6.8000 -2.9440
    endloop
endfacet
facet normal -0.7887 1.5533 6.2954
    outer loop
        vertex 1.9778 0.4326 -3.2809
        vertex 1.8076 1.6726 -3.6082
        vertex 2.8000 0.3600 -3.1600
    endloop
endfacet
facet normal -0.0597 0.3095 0.5917
    outer loop
        vertex 1.9936 0.3173 -3.2190
        vertex 2.3391 0.2359 -3.1416
        vertex 2.1064 0.0167 -3.0504
    endloop
endfacet
facet normal -0.0243 0.1260 0.2409
    outer loop
        vertex 2.3391 0.2359 -3.1416
        vertex 1.9936 0.3173 -3.2190
        vertex 1.9778 0.4326 -3.2809
    endloop
endfacet
facet normal -0.0329 0.1909 0.3763
    outer loop
        vertex 2.4084 -0.3090 -2.8548
        vertex 2.4118 -0.5798 -2.7172
        vertex 2.1845 -0.1724 -2.9437
    endloop
endfacet
facet normal -0.0047 0.1653 0.1641
    outer loop
        vertex 1.2335 -1.8394 -1.7168
        vertex 1.0800 -1.9200 -1.6400
        vertex 1.1270 -1.7243 -1.8357
    endloop
endfacet
facet normal -0.0043 0.0870 0.0494
    outer loop
        vertex 1.4054 -2.3870 -1.0503
        vertex 1.1314 -2.4000 -1.0514
        vertex 1.4128 -2.3578 -1.1010
    endloop
endfacet
facet normal -0.0062 0.0812 0.0821
    outer loop
        vertex 1.4476 -2.2210 -1.3150
        vertex 1.3901 -2.0086 -1.5292
        vertex 1.4776 -2.1031 -1.4293
    endloop
endfacet
facet normal -0.0284 0.3755 0.3799
    outer loop
        vertex 1.3901 -2.0086 -1.5292
        vertex 1.4476 -2.2210 -1.3150
        vertex 1.0800 -1.9200 -1.6400
    endloop
endfacet
facet normal -0.2439 2.3762 2.3103
    outer loop
        vertex 0.0000 -1.6000 -2.0800
        vertex 0.4595 -1.4466 -2.1893
        vertex 0.6123 -2.2000 -1.3982
    endloop
endfacet
facet normal -0.0207 0.2020 0.1965
    outer loop
        vertex 0.4595 -1.4466 -2.1893
        vertex 0.0000 -1.6000 -2.0800
        vertex 0.3776 -1.4055 -2.2402
    endloop
endfacet
facet normal -0.0062 0.0315 0.0472
    outer loop
        vertex 5.0000 -1.6058 -1.7580
        vertex 5.0000 -1.6970 -1.6970
        vertex 4.9172 -1.6617 -1.7316
    endloop
endfacet
facet normal -0.0133 0.2551 0.2412
    outer loop
        vertex 1.3901 -2.0086 -1.5292
        vertex 1.0800 -1.9200 -1.6400
        vertex 1.2335 -1.8394 -1.7168
    endloop
endfacet
facet normal -0.0046 0.0936 0.0531
    outer loop
        vertex 3.5193 -2.2637 -1.0834
        vertex 3.8800 -2.2702 -1.0406
        vertex 3.5184 -2.2872 -1.0420
    endloop
endfacet
facet normal -0.0763 0.3955 0.7563
    outer loop
        vertex 1.4400 0.4800 -3.3600
        vertex 1.7485 0.2349 -3.2007
        vertex 1.4085 0.1128 -3.1711
    endloop
endfacet
facet normal -0.0392 0.2031 0.3883
    outer loop
        vertex 1.7485 0.2349 -3.2007
        vertex 1.4400 0.4800 -3.3600
        vertex 1.7251 0.4548 -3.3181
    endloop
endfacet
facet normal -0.8901 -0.1563 2.6704
    outer loop
        vertex 2.3086 6.2914 -3.0616
        vertex 1.7320 6.8000 -3.2240
        vertex 2.5720 6.8000 -2.9440
    endloop
endfacet
facet normal -0.7476 -0.1313 2.2429
    outer loop
        vertex 1.7320 6.8000 -3.2240
        vertex 2.3086 6.2914 -3.0616
        vertex 1.7016 6.2045 -3.2690
    endloop
endfacet
facet normal -0.0826 0.0489 0.2592
    outer loop
        vertex 3.9600 0.2000 -2.7600
        vertex 4.3598 -0.5464 -2.4917
        vertex 3.9749 0.0684 -2.7304
    endloop
endfacet
facet normal -0.6559 0.3883 2.0573
    outer loop
        vertex 4.3598 -0.5464 -2.4917
        vertex 3.9600 0.2000 -2.7600
        vertex 5.0000 -0.9185 -2.2174
    endloop
endfacet
facet normal -0.1745 -0.0563 0.2833
    outer loop
        vertex 4.9369 0.2669 -2.3858
        vertex 4.8341 0.3482 -2.4330
        vertex 5.0000 0.6580 -2.2692
    endloop
endfacet
facet normal -0.0048 0.2429 0.2597
    outer loop
        vertex 3.8800 -1.2192 -2.1644
        vertex 3.9438 -1.4980 -1.9025
        vertex 3.7720 -1.3988 -1.9984
    endloop
endfacet
facet normal -0.0184 0.9505 1.0161
    outer loop
        vertex 3.9438 -1.4980 -1.9025
        vertex 3.8800 -1.2192 -2.1644
        vertex 4.5262 -1.4949 -1.8948
    endloop
endfacet
facet normal -0.0295 0.6037 0.2524
    outer loop
        vertex 1.1314 -2.4000 -1.0514
        vertex 1.4054 -2.3870 -1.0503
        vertex 1.3675 -2.5362 -0.6980
    endloop
endfacet
facet normal -0.1558 0.3069 1.2438
    outer loop
        vertex 1.6470 1.1911 -3.5095
        vertex 1.4400 0.4800 -3.3600
        vertex 1.5441 1.7991 -3.6724
    endloop
endfacet
facet normal -0.1628 0.3207 1.2998
    outer loop
        vertex 1.4400 0.4800 -3.3600
        vertex 1.6470 1.1911 -3.5095
        vertex 1.7251 0.4548 -3.3181
    endloop
endfacet
facet normal -0.3311 1.0017 1.9482
    outer loop
        vertex 2.9054 -0.5308 -2.6840
        vertex 2.8000 0.3600 -3.1600
        vertex 3.2231 -0.2586 -2.7700
    endloop
endfacet
facet normal -0.1916 0.5795 1.1270
    outer loop
        vertex 2.8000 0.3600 -3.1600
        vertex 2.9054 -0.5308 -2.6840
        vertex 2.7163 -0.6440 -2.6580
    endloop
endfacet
facet normal -0.2670 0.0131 0.2181
    outer loop
        vertex 3.3986 6.5213 -2.4082
        vertex 3.4680 6.8000 -2.3400
        vertex 3.5350 6.5659 -2.2440
    endloop
endfacet
facet normal -0.0082 0.0443 0.0791
    outer loop
        vertex 3.3494 0.0175 -2.9116
        vertex 3.3494 -0.1754 -2.8036
        vertex 3.2838 -0.2066 -2.7929
    endloop
endfacet
facet normal -0.0075 0.0406 0.0725
    outer loop
        vertex 3.3494 -0.1754 -2.8036
        vertex 3.3494 0.0175 -2.9116
        vertex 3.4096 -0.0804 -2.8506
    endloop
endfacet
facet normal -0.0412 0.2239 0.3999
    outer loop
        vertex 4.5400 -0.7511 -2.3585
        vertex 4.3598 -0.5464 -2.4917
        vertex 5.0000 -0.9185 -2.2174
    endloop
endfacet
facet normal -0.8492 -1.1378 8.4193
    outer loop
        vertex 0.9102 5.0178 -3.4312
        vertex 0.0000 3.5600 -3.7200
        vertex 0.0000 5.0400 -3.5200
    endloop
endfacet
facet normal -1.1223 -1.5039 11.1286
    outer loop
        vertex 0.0000 3.5600 -3.7200
        vertex 0.9102 5.0178 -3.4312
        vertex 1.2031 3.5306 -3.6026
    endloop
endfacet
facet normal -0.0388 -0.0249 0.0372
    outer loop
        vertex 4.6812 1.3672 -2.2502
        vertex 4.4246 1.6053 -2.3588
        vertex 4.5580 1.5047 -2.2868
    endloop
endfacet
facet normal -0.2812 -0.1801 0.2695
    outer loop
        vertex 4.4246 1.6053 -2.3588
        vertex 4.6812 1.3672 -2.2502
        vertex 4.1200 1.7200 -2.6000
    endloop
endfacet
facet normal -0.0112 0.1156 0.1072
    outer loop
        vertex 3.8800 -1.2192 -2.1644
        vertex 3.5692 -1.2386 -2.1760
        vertex 3.5708 -1.1833 -2.2355
    endloop
endfacet
facet normal -0.0297 0.3052 0.2831
    outer loop
        vertex 3.5692 -1.2386 -2.1760
        vertex 3.8800 -1.2192 -2.1644
        vertex 3.6126 -1.3816 -2.0173
    endloop
endfacet
facet normal -0.0584 1.5409 0.9758
    outer loop
        vertex 1.4476 -2.2210 -1.3150
        vertex 1.1314 -2.4000 -1.0514
        vertex 0.6123 -2.2000 -1.3982
    endloop
endfacet
facet normal -0.0139 0.3656 0.2315
    outer loop
        vertex 1.1314 -2.4000 -1.0514
        vertex 1.4476 -2.2210 -1.3150
        vertex 1.4128 -2.3578 -1.1010
    endloop
endfacet
facet normal -0.0193 0.0091 0.0693
    outer loop
        vertex 2.8000 0.3600 -3.1600
        vertex 2.6956 0.8572 -3.2542
        vertex 2.7358 0.7718 -3.2318
    endloop
endfacet
facet normal -0.6198 0.2920 2.2275
    outer loop
        vertex 2.6956 0.8572 -3.2542
        vertex 2.8000 0.3600 -3.1600
        vertex 1.8076 1.6726 -3.6082
    endloop
endfacet
facet normal -0.1640 -0.0549 0.2490
    outer loop
        vertex 4.3885 0.9443 -2.5944
        vertex 4.7764 0.3557 -2.4688
        vertex 4.3719 0.8668 -2.6224
    endloop
endfacet
facet normal -0.0989 -0.0332 0.1500
    outer loop
        vertex 4.7764 0.3557 -2.4688
        vertex 4.3885 0.9443 -2.5944
        vertex 4.8210 0.3499 -2.4407
    endloop
endfacet
facet normal -0.0486 0.0213 0.1522
    outer loop
        vertex 4.1268 0.5947 -2.7620
        vertex 3.9600 0.2000 -2.7600
        vertex 4.0787 0.6271 -2.7819
    endloop
endfacet
facet normal -0.0120 0.2310 0.0929
    outer loop
        vertex 3.8800 -2.2702 -1.0406
        vertex 3.5159 -2.3612 -0.8616
        vertex 3.5173 -2.3200 -0.9638
    endloop
endfacet
facet normal -0.8673 -0.4194 8.7877
    outer loop
        vertex 0.7989 5.9232 -3.3990
        vertex 0.0000 5.0400 -3.5200
        vertex 0.0000 6.8000 -3.4360
    endloop
endfacet
facet normal -0.0952 -0.0458 0.9629
    outer loop
        vertex 0.0000 5.0400 -3.5200
        vertex 0.7989 5.9232 -3.3990
        vertex 0.8062 5.7384 -3.4071
    endloop
endfacet
facet normal -0.9156 -0.5185 7.4805
    outer loop
        vertex 1.7320 6.8000 -3.2240
        vertex 0.9851 6.1090 -3.3633
        vertex 0.0000 6.8000 -3.4360
    endloop
endfacet
facet normal -0.3242 -0.1836 2.6484
    outer loop
        vertex 0.9851 6.1090 -3.3633
        vertex 1.7320 6.8000 -3.2240
        vertex 1.7016 6.2045 -3.2690
    endloop
endfacet
facet normal -0.0605 -0.0343 0.4931
    outer loop
        vertex 0.7989 5.9232 -3.3990
        vertex 0.0000 6.8000 -3.4360
        vertex 0.7948 6.0264 -3.3923
    endloop
endfacet
facet normal -0.0922 -0.0523 0.7528
    outer loop
        vertex 0.9851 6.1090 -3.3633
        vertex 0.8529 6.0794 -3.3816
        vertex 0.0000 6.8000 -3.4360
    endloop
endfacet
facet normal -0.2387 2.1765 0.6095
    outer loop
        vertex 3.5047 -2.6181 0.0549
        vertex 3.5144 -2.4028 -0.7102
        vertex 3.9600 -2.5645 0.0416
    endloop
endfacet
facet normal -0.0260 0.2167 0.1449
    outer loop
        vertex 4.0516 -2.1824 -1.1412
        vertex 4.2029 -2.2400 -1.0278
        vertex 3.8800 -2.2702 -1.0406
    endloop
endfacet
facet normal -0.0025 0.0204 0.0137
    outer loop
        vertex 4.3487 -2.2331 -1.0120
        vertex 3.8800 -2.2702 -1.0406
        vertex 4.2029 -2.2400 -1.0278
    endloop
endfacet
facet normal -0.0189 0.1573 0.1050
    outer loop
        vertex 3.8800 -2.2702 -1.0406
        vertex 4.3487 -2.2331 -1.0120
        vertex 5.0000 -2.2174 -0.9185
    endloop
endfacet
facet normal -0.0619 0.5154 0.3444
    outer loop
        vertex 5.0000 -1.6970 -1.6970
        vertex 4.5587 -2.0274 -1.2820
        vertex 4.4726 -1.9670 -1.3879
    endloop
endfacet
facet normal -0.2578 2.1475 1.4352
    outer loop
        vertex 4.5587 -2.0274 -1.2820
        vertex 5.0000 -1.6970 -1.6970
        vertex 5.0000 -2.2174 -0.9185
    endloop
endfacet
facet normal -0.0372 0.3098 0.2071
    outer loop
        vertex 4.5453 -2.0967 -1.1808
        vertex 4.5587 -2.0274 -1.2820
        vertex 5.0000 -2.2174 -0.9185
    endloop
endfacet
facet normal -0.0316 0.4449 0.3346
    outer loop
        vertex 4.3682 -1.9189 -1.4617
        vertex 5.0000 -1.6970 -1.6970
        vertex 4.4726 -1.9670 -1.3879
    endloop
endfacet
facet normal -0.0151 0.2115 0.1588
    outer loop
        vertex 4.2301 -1.9272 -1.4638
        vertex 5.0000 -1.6970 -1.6970
        vertex 4.3682 -1.9189 -1.4617
    endloop
endfacet
facet normal -0.0246 0.3458 0.2598
    outer loop
        vertex 3.5193 -2.2637 -1.0834
        vertex 3.9876 -2.1569 -1.1812
        vertex 3.8800 -2.2702 -1.0406
    endloop
endfacet
facet normal -0.0774 1.0872 0.8173
    outer loop
        vertex 3.9876 -2.1569 -1.1812
        vertex 3.5193 -2.2637 -1.0834
        vertex 3.5290 -1.9823 -1.4569
    endloop
endfacet
facet normal -0.0059 0.0831 0.0625
    outer loop
        vertex 4.0516 -2.1824 -1.1412
        vertex 3.8800 -2.2702 -1.0406
        vertex 3.9876 -2.1569 -1.1812
    endloop
endfacet
facet normal -0.0239 0.3359 0.2525
    outer loop
        vertex 3.9876 -2.1569 -1.1812
        vertex 3.5290 -1.9823 -1.4569
        vertex 4.0064 -2.0759 -1.2871
    endloop
endfacet
facet normal -0.0704 0.9885 0.7430
    outer loop
        vertex 5.0000 -1.6970 -1.6970
        vertex 4.2301 -1.9272 -1.4638
        vertex 3.5290 -1.9823 -1.4569
    endloop
endfacet
facet normal -0.0366 0.1853 0.2773
    outer loop
        vertex 5.0000 -1.2969 -1.9645
        vertex 4.8828 -1.2186 -2.0322
        vertex 5.0000 -0.9185 -2.2174
    endloop
endfacet
facet normal -0.0255 0.1285 0.1922
    outer loop
        vertex 4.8828 -1.2186 -2.0322
        vertex 4.7795 -1.2206 -2.0446
        vertex 5.0000 -0.9185 -2.2174
    endloop
endfacet
facet normal -0.0563 0.2845 0.4258
    outer loop
        vertex 4.5262 -1.4949 -1.8948
        vertex 3.8800 -1.2192 -2.1644
        vertex 4.5808 -1.4127 -1.9425
    endloop
endfacet
facet normal -0.1025 0.5566 0.9938
    outer loop
        vertex 3.5646 -0.7580 -2.4552
        vertex 4.0052 -0.8981 -2.3313
        vertex 3.8800 -1.2192 -2.1644
    endloop
endfacet
facet normal -0.0255 0.1382 0.2468
    outer loop
        vertex 4.0052 -0.8981 -2.3313
        vertex 3.5646 -0.7580 -2.4552
        vertex 3.9596 -0.7940 -2.3943
    endloop
endfacet
facet normal -0.0375 0.2037 0.3638
    outer loop
        vertex 4.5400 -0.7511 -2.3585
        vertex 5.0000 -0.9185 -2.2174
        vertex 4.4872 -0.8584 -2.3039
    endloop
endfacet
facet normal -0.0691 0.3753 0.6703
    outer loop
        vertex 4.4872 -0.8584 -2.3039
        vertex 5.0000 -0.9185 -2.2174
        vertex 4.2876 -1.0442 -2.2204
    endloop
endfacet
facet normal -0.0378 0.2055 0.3669
    outer loop
        vertex 4.0052 -0.8981 -2.3313
        vertex 4.1372 -1.0284 -2.2448
        vertex 3.8800 -1.2192 -2.1644
    endloop
endfacet
facet normal -0.0131 0.0711 0.1269
    outer loop
        vertex 4.1372 -1.0284 -2.2448
        vertex 4.2032 -1.0584 -2.2211
        vertex 3.8800 -1.2192 -2.1644
    endloop
endfacet
facet normal -0.0474 0.2572 0.4589
    outer loop
        vertex 5.0000 -0.9185 -2.2174
        vertex 3.8800 -1.2192 -2.1644
        vertex 4.2876 -1.0442 -2.2204
    endloop
endfacet
facet normal -0.0569 0.0367 0.1848
    outer loop
        vertex 4.5744 0.0818 -2.5473
        vertex 4.5539 0.0377 -2.5449
        vertex 3.9600 0.2000 -2.7600
    endloop
endfacet
facet normal -0.0841 0.0544 0.2733
    outer loop
        vertex 4.5539 0.0377 -2.5449
        vertex 4.5712 -0.0407 -2.5240
        vertex 3.9600 0.2000 -2.7600
    endloop
endfacet
facet normal -0.1701 0.1099 0.5528
    outer loop
        vertex 5.0000 -0.0723 -2.3856
        vertex 5.0000 -0.9185 -2.2174
        vertex 4.8955 -0.2042 -2.3916
    endloop
endfacet
facet normal -0.1648 0.1063 0.5349
    outer loop
        vertex 4.8955 -0.2042 -2.3916
        vertex 5.0000 -0.9185 -2.2174
        vertex 4.7838 -0.2596 -2.4150
    endloop
endfacet
facet normal -0.0751 0.0486 0.2439
    outer loop
        vertex 4.6235 -0.1251 -2.4910
        vertex 3.9600 0.2000 -2.7600
        vertex 4.5712 -0.0407 -2.5240
    endloop
endfacet
facet normal -0.0565 0.0365 0.1834
    outer loop
        vertex 5.0000 -0.9185 -2.2174
        vertex 4.7348 -0.2460 -2.4328
        vertex 4.7838 -0.2596 -2.4150
    endloop
endfacet
facet normal -0.0760 0.2296 0.4467
    outer loop
        vertex 3.5772 -0.9530 -2.3528
        vertex 3.8800 -1.2192 -2.1644
        vertex 3.5708 -1.1833 -2.2355
    endloop
endfacet
facet normal -0.8564 0.3571 2.6262
    outer loop
        vertex 3.9600 0.2000 -2.7600
        vertex 3.2438 0.9711 -3.0984
        vertex 3.0479 1.7688 -3.2708
    endloop
endfacet
facet normal -0.0593 0.0248 0.1820
    outer loop
        vertex 3.2438 0.9711 -3.0984
        vertex 3.9600 0.2000 -2.7600
        vertex 3.2707 0.9015 -3.0802
    endloop
endfacet
facet normal -0.0155 0.0064 0.0475
    outer loop
        vertex 3.7432 0.3044 -2.8449
        vertex 3.9600 0.2000 -2.7600
        vertex 3.8580 0.2141 -2.7952
    endloop
endfacet
facet normal -0.1632 0.0682 0.5008
    outer loop
        vertex 3.9600 0.2000 -2.7600
        vertex 3.7432 0.3044 -2.8449
        vertex 3.2707 0.9015 -3.0802
    endloop
endfacet
facet normal -0.0561 0.0234 0.1721
    outer loop
        vertex 2.9926 1.7714 -3.2892
        vertex 3.0054 1.1954 -3.2067
        vertex 2.9448 1.7718 -3.3048
    endloop
endfacet
facet normal -0.0649 0.0271 0.1989
    outer loop
        vertex 3.0054 1.1954 -3.2067
        vertex 2.9926 1.7714 -3.2892
        vertex 3.0479 1.7688 -3.2708
    endloop
endfacet
facet normal -0.0755 0.0314 0.2312
    outer loop
        vertex 2.9448 1.7718 -3.3048
        vertex 2.9394 1.1739 -3.2252
        vertex 2.8770 1.1102 -3.2370
    endloop
endfacet
facet normal -0.0801 0.0334 0.2457
    outer loop
        vertex 2.9448 1.7718 -3.3048
        vertex 3.0054 1.1954 -3.2067
        vertex 2.9394 1.1739 -3.2252
    endloop
endfacet
facet normal -0.1167 0.0486 0.3577
    outer loop
        vertex 3.1417 1.0947 -3.1485
        vertex 3.0479 1.7688 -3.2708
        vertex 3.2438 0.9711 -3.0984
    endloop
endfacet
facet normal -0.0705 0.0294 0.2160
    outer loop
        vertex 3.6668 0.3278 -2.8730
        vertex 3.2707 0.9015 -3.0802
        vertex 3.7432 0.3044 -2.8449
    endloop
endfacet
facet normal -0.1619 0.0676 0.4967
    outer loop
        vertex 3.2707 0.9015 -3.0802
        vertex 3.6668 0.3278 -2.8730
        vertex 3.2202 0.7740 -3.0793
    endloop
endfacet
facet normal -0.1681 0.0701 0.5154
    outer loop
        vertex 3.1417 1.0947 -3.1485
        vertex 3.0054 1.1954 -3.2067
        vertex 3.0479 1.7688 -3.2708
    endloop
endfacet
facet normal -0.0561 0.0234 0.1720
    outer loop
        vertex 3.6668 0.3278 -2.8730
        vertex 3.6177 0.3152 -2.8873
        vertex 3.2202 0.7740 -3.0793
    endloop
endfacet
facet normal -0.3611 0.1506 1.1073
    outer loop
        vertex 2.8000 0.3600 -3.1600
        vertex 3.0248 0.5663 -3.1148
        vertex 3.5466 0.2570 -2.9026
    endloop
endfacet
facet normal -0.0198 0.0083 0.0608
    outer loop
        vertex 3.0248 0.5663 -3.1148
        vertex 2.8000 0.3600 -3.1600
        vertex 2.9705 0.5598 -3.1316
    endloop
endfacet
facet normal -0.0499 0.0208 0.1530
    outer loop
        vertex 2.8000 0.3600 -3.1600
        vertex 2.8320 0.6715 -3.1920
        vertex 2.9030 0.5974 -3.1587
    endloop
endfacet
facet normal -0.0406 0.0169 0.1244
    outer loop
        vertex 2.8000 0.3600 -3.1600
        vertex 2.9030 0.5974 -3.1587
        vertex 2.9705 0.5598 -3.1316
    endloop
endfacet
facet normal -0.1065 0.0445 0.3267
    outer loop
        vertex 3.0248 0.5663 -3.1148
        vertex 3.0976 0.6234 -3.0988
        vertex 3.5466 0.2570 -2.9026
    endloop
endfacet
facet normal -0.0654 0.0387 0.2050
    outer loop
        vertex 3.5466 0.2570 -2.9026
        vertex 3.5006 0.2194 -2.9101
        vertex 2.8000 0.3600 -3.1600
    endloop
endfacet
facet normal -0.0713 0.0421 0.2235
    outer loop
        vertex 3.3576 0.0360 -2.9211
        vertex 2.8000 0.3600 -3.1600
        vertex 3.3801 0.0870 -2.9235
    endloop
endfacet
facet normal -1.4246 -0.1626 2.1133
    outer loop
        vertex 2.5720 6.8000 -2.9440
        vertex 3.3986 6.5213 -2.4082
        vertex 2.6729 6.3570 -2.9101
    endloop
endfacet
facet normal -1.0520 -0.1201 1.5606
    outer loop
        vertex 3.3986 6.5213 -2.4082
        vertex 2.5720 6.8000 -2.9440
        vertex 3.4680 6.8000 -2.3400
    endloop
endfacet
facet normal -0.0179 0.0926 0.1772
    outer loop
        vertex 2.5882 0.1768 -3.0856
        vertex 2.5063 0.2398 -3.1268
        vertex 2.8000 0.3600 -3.1600
    endloop
endfacet
facet normal -0.0101 0.0523 0.1000
    outer loop
        vertex 2.5063 0.2398 -3.1268
        vertex 2.4386 0.2665 -3.1476
        vertex 2.8000 0.3600 -3.1600
    endloop
endfacet
facet normal -0.0650 0.3369 0.6443
    outer loop
        vertex 2.4386 0.2665 -3.1476
        vertex 1.9778 0.4326 -3.2809
        vertex 2.8000 0.3600 -3.1600
    endloop
endfacet
facet normal -0.0193 0.1002 0.1915
    outer loop
        vertex 2.3391 0.2359 -3.1416
        vertex 1.9778 0.4326 -3.2809
        vertex 2.4386 0.2665 -3.1476
    endloop
endfacet
facet normal -0.0059 0.0344 0.0678
    outer loop
        vertex 2.6723 -0.6704 -2.6485
        vertex 2.4118 -0.5798 -2.7172
        vertex 2.7163 -0.6440 -2.6580
    endloop
endfacet
facet normal -0.0097 0.0560 0.1104
    outer loop
        vertex 2.4118 -0.5798 -2.7172
        vertex 2.6723 -0.6704 -2.6485
        vertex 2.5317 -0.6893 -2.6512
    endloop
endfacet
facet normal -0.0204 0.1186 0.2337
    outer loop
        vertex 2.5882 0.1768 -3.0856
        vertex 2.8000 0.3600 -3.1600
        vertex 2.6962 0.0936 -3.0340
    endloop
endfacet
facet normal -0.0113 0.0654 0.1290
    outer loop
        vertex 2.6962 0.0936 -3.0340
        vertex 2.8000 0.3600 -3.1600
        vertex 2.7502 0.0336 -2.9988
    endloop
endfacet
facet normal -0.0028 0.0162 0.0319
    outer loop
        vertex 2.7502 0.0336 -2.9988
        vertex 2.8000 0.3600 -3.1600
        vertex 2.7593 -0.0096 -2.9761
    endloop
endfacet
facet normal -0.0055 0.0316 0.0622
    outer loop
        vertex 2.8000 0.3600 -3.1600
        vertex 2.7163 -0.6440 -2.6580
        vertex 2.7593 -0.0096 -2.9761
    endloop
endfacet
facet normal -0.0101 0.0585 0.1153
    outer loop
        vertex 2.7593 -0.0096 -2.9761
        vertex 2.7163 -0.6440 -2.6580
        vertex 2.7251 -0.0850 -2.9408
    endloop
endfacet
facet normal -0.0359 0.2084 0.4109
    outer loop
        vertex 2.7251 -0.0850 -2.9408
        vertex 2.7163 -0.6440 -2.6580
        vertex 2.6058 -0.1937 -2.8961
    endloop
endfacet
facet normal -0.0355 0.2058 0.4058
    outer loop
        vertex 2.7163 -0.6440 -2.6580
        vertex 2.4847 -0.2880 -2.8588
        vertex 2.6058 -0.1937 -2.8961
    endloop
endfacet
facet normal -0.0511 0.2966 0.5847
    outer loop
        vertex 2.4847 -0.2880 -2.8588
        vertex 2.7163 -0.6440 -2.6580
        vertex 2.4118 -0.5798 -2.7172
    endloop
endfacet
facet normal -0.0113 0.0657 0.1296
    outer loop
        vertex 2.4118 -0.5798 -2.7172
        vertex 2.4084 -0.3090 -2.8548
        vertex 2.4847 -0.2880 -2.8588
    endloop
endfacet
facet normal -0.1139 1.5054 1.5232
    outer loop
        vertex 1.4476 -2.2210 -1.3150
        vertex 0.6123 -2.2000 -1.3982
        vertex 1.0800 -1.9200 -1.6400
    endloop
endfacet
facet normal -0.2230 2.1722 2.1119
    outer loop
        vertex 0.9334 -1.5722 -2.0101
        vertex 0.6123 -2.2000 -1.3982
        vertex 0.4595 -1.4466 -2.1893
    endloop
endfacet
facet normal -0.1221 1.3032 1.2732
    outer loop
        vertex 0.6123 -2.2000 -1.3982
        vertex 0.9334 -1.5722 -2.0101
        vertex 1.0800 -1.9200 -1.6400
    endloop
endfacet
facet normal -0.0272 0.2879 0.2814
    outer loop
        vertex 0.9334 -1.5722 -2.0101
        vertex 1.1270 -1.7243 -1.8357
        vertex 1.0800 -1.9200 -1.6400
    endloop
endfacet
facet normal -0.0260 0.1344 0.2570
    outer loop
        vertex 1.6758 -0.2539 -2.9524
        vertex 1.7485 0.2349 -3.2007
        vertex 1.7525 -0.3041 -2.9184
    endloop
endfacet
facet normal -0.0992 0.5140 0.9830
    outer loop
        vertex 1.7485 0.2349 -3.2007
        vertex 1.6758 -0.2539 -2.9524
        vertex 1.4085 0.1128 -3.1711
    endloop
endfacet
facet normal -0.2164 0.1281 0.6787
    outer loop
        vertex 3.8748 -0.0889 -2.7326
        vertex 4.3598 -0.5464 -2.4917
        vertex 3.7418 -0.1873 -2.7565
    endloop
endfacet
facet normal -0.1468 0.0869 0.4604
    outer loop
        vertex 3.9459 -0.0041 -2.7260
        vertex 4.3598 -0.5464 -2.4917
        vertex 3.8748 -0.0889 -2.7326
    endloop
endfacet
facet normal -0.0073 0.0043 0.0230
    outer loop
        vertex 3.9135 0.1704 -2.7692
        vertex 3.8580 0.2141 -2.7952
        vertex 3.9600 0.2000 -2.7600
    endloop
endfacet
facet normal -0.0911 0.0539 0.2858
    outer loop
        vertex 4.3598 -0.5464 -2.4917
        vertex 3.9459 -0.0041 -2.7260
        vertex 3.9749 0.0684 -2.7304
    endloop
endfacet
facet normal -0.0131 0.0077 0.0410
    outer loop
        vertex 3.9749 0.0684 -2.7304
        vertex 3.9135 0.1704 -2.7692
        vertex 3.9600 0.2000 -2.7600
    endloop
endfacet
facet normal -2.1967 -0.7092 3.5662
    outer loop
        vertex 4.8999 1.0097 -2.2609
        vertex 4.8210 0.3499 -2.4407
        vertex 4.1200 1.7200 -2.6000
    endloop
endfacet
facet normal -0.3610 -0.1166 0.5862
    outer loop
        vertex 4.8210 0.3499 -2.4407
        vertex 4.8999 1.0097 -2.2609
        vertex 5.0000 0.6580 -2.2692
    endloop
endfacet
facet normal -0.0167 -0.0054 0.0271
    outer loop
        vertex 4.8341 0.3482 -2.4330
        vertex 4.8210 0.3499 -2.4407
        vertex 5.0000 0.6580 -2.2692
    endloop
endfacet
facet normal -0.1140 -0.0368 0.1851
    outer loop
        vertex 4.9369 0.2669 -2.3858
        vertex 5.0000 0.6580 -2.2692
        vertex 5.0000 0.1888 -2.3624
    endloop
endfacet
facet normal -0.0039 0.2035 0.2175
    outer loop
        vertex 3.7256 -1.7842 -1.6387
        vertex 3.5290 -1.9823 -1.4569
        vertex 3.5354 -1.7989 -1.6284
    endloop
endfacet
facet normal -0.0219 1.1266 1.2040
    outer loop
        vertex 3.5290 -1.9823 -1.4569
        vertex 3.7256 -1.7842 -1.6387
        vertex 4.7686 -1.7133 -1.6860
    endloop
endfacet
facet normal -0.0152 0.7813 0.8350
    outer loop
        vertex 3.9190 -1.6430 -1.7673
        vertex 4.7686 -1.7133 -1.6860
        vertex 3.7256 -1.7842 -1.6387
    endloop
endfacet
facet normal -0.0092 0.4733 0.5061
    outer loop
        vertex 4.7686 -1.7133 -1.6860
        vertex 3.9190 -1.6430 -1.7673
        vertex 4.5912 -1.6033 -1.7922
    endloop
endfacet
facet normal -0.0008 0.0388 0.0415
    outer loop
        vertex 4.8445 -1.7108 -1.6870
        vertex 4.9172 -1.6617 -1.7316
        vertex 5.0000 -1.6970 -1.6970
    endloop
endfacet
facet normal -0.0027 0.1407 0.1504
    outer loop
        vertex 4.8445 -1.7108 -1.6870
        vertex 5.0000 -1.6970 -1.6970
        vertex 3.5290 -1.9823 -1.4569
    endloop
endfacet
facet normal -0.0020 0.1016 0.1084
    outer loop
        vertex 4.7686 -1.7133 -1.6860
        vertex 4.8445 -1.7108 -1.6870
        vertex 3.5290 -1.9823 -1.4569
    endloop
endfacet
facet normal -0.0072 0.3705 0.3960
    outer loop
        vertex 3.9834 -1.5641 -1.8399
        vertex 4.5262 -1.4949 -1.8948
        vertex 4.5912 -1.6033 -1.7922
    endloop
endfacet
facet normal -0.0044 0.2260 0.2416
    outer loop
        vertex 4.5262 -1.4949 -1.8948
        vertex 3.9834 -1.5641 -1.8399
        vertex 3.9438 -1.4980 -1.9025
    endloop
endfacet
facet normal -0.0020 0.1015 0.1086
    outer loop
        vertex 3.7163 -1.3836 -2.0136
        vertex 3.6126 -1.3816 -2.0173
        vertex 3.8800 -1.2192 -2.1644
    endloop
endfacet
facet normal -0.0013 0.0680 0.0728
    outer loop
        vertex 3.7720 -1.3988 -1.9984
        vertex 3.7163 -1.3836 -2.0136
        vertex 3.8800 -1.2192 -2.1644
    endloop
endfacet
facet normal -0.0057 0.2948 0.3153
    outer loop
        vertex 4.5912 -1.6033 -1.7922
        vertex 3.9190 -1.6430 -1.7673
        vertex 3.9834 -1.5641 -1.8399
    endloop
endfacet
facet normal -0.0257 0.1395 0.2492
    outer loop
        vertex 4.1868 -0.5104 -2.5297
        vertex 3.7418 -0.1873 -2.7565
        vertex 4.3598 -0.5464 -2.4917
    endloop
endfacet
facet normal -0.0258 0.1402 0.2503
    outer loop
        vertex 3.7418 -0.1873 -2.7565
        vertex 4.1868 -0.5104 -2.5297
        vertex 3.6804 -0.2327 -2.7374
    endloop
endfacet
facet normal -0.0304 0.1649 0.2945
    outer loop
        vertex 3.5646 -0.7580 -2.4552
        vertex 4.0179 -0.6800 -2.4521
        vertex 3.9596 -0.7940 -2.3943
    endloop
endfacet
facet normal -0.0593 0.3221 0.5752
    outer loop
        vertex 4.0179 -0.6800 -2.4521
        vertex 3.5646 -0.7580 -2.4552
        vertex 3.5515 -0.5572 -2.5690
    endloop
endfacet
facet normal -0.0855 0.4647 0.8299
    outer loop
        vertex 4.0179 -0.6800 -2.4521
        vertex 3.6804 -0.2327 -2.7374
        vertex 4.1868 -0.5104 -2.5297
    endloop
endfacet
facet normal -0.1078 0.5849 1.0448
    outer loop
        vertex 3.6804 -0.2327 -2.7374
        vertex 4.0179 -0.6800 -2.4521
        vertex 3.5515 -0.5572 -2.5690
    endloop
endfacet
facet normal -0.0327 0.1777 0.3174
    outer loop
        vertex 3.4925 -0.3117 -2.7125
        vertex 3.6804 -0.2327 -2.7374
        vertex 3.5515 -0.5572 -2.5690
    endloop
endfacet
facet normal -0.0061 0.0334 0.0595
    outer loop
        vertex 3.6804 -0.2327 -2.7374
        vertex 3.4925 -0.3117 -2.7125
        vertex 3.5905 -0.2198 -2.7539
    endloop
endfacet
facet normal -0.0049 0.0266 0.0474
    outer loop
        vertex 3.5905 -0.2198 -2.7539
        vertex 3.4320 -0.2003 -2.7811
        vertex 3.4937 -0.1600 -2.7973
    endloop
endfacet
facet normal -0.0106 0.0576 0.1029
    outer loop
        vertex 3.4320 -0.2003 -2.7811
        vertex 3.5905 -0.2198 -2.7539
        vertex 3.4925 -0.3117 -2.7125
    endloop
endfacet
facet normal -0.0053 0.0291 0.0519
    outer loop
        vertex 3.4320 -0.2003 -2.7811
        vertex 3.4096 -0.0804 -2.8506
        vertex 3.4937 -0.1600 -2.7973
    endloop
endfacet
facet normal -0.0060 0.0327 0.0584
    outer loop
        vertex 3.4096 -0.0804 -2.8506
        vertex 3.4320 -0.2003 -2.7811
        vertex 3.3494 -0.1754 -2.8036
    endloop
endfacet
facet normal -0.0084 0.0452 0.0809
    outer loop
        vertex 3.3494 0.0175 -2.9116
        vertex 2.8000 0.3600 -3.1600
        vertex 3.3576 0.0360 -2.9211
    endloop
endfacet
facet normal -0.1255 0.6824 1.2187
    outer loop
        vertex 3.3494 0.0175 -2.9116
        vertex 3.2231 -0.2586 -2.7700
        vertex 2.8000 0.3600 -3.1600
    endloop
endfacet
facet normal -0.0066 0.0357 0.0638
    outer loop
        vertex 3.2231 -0.2586 -2.7700
        vertex 3.3494 0.0175 -2.9116
        vertex 3.2838 -0.2066 -2.7929
    endloop
endfacet
facet normal -0.8051 -0.5155 0.7716
    outer loop
        vertex 4.8999 1.0097 -2.2609
        vertex 4.1200 1.7200 -2.6000
        vertex 4.6812 1.3672 -2.2502
    endloop
endfacet
facet normal -0.0053 0.0541 0.0502
    outer loop
        vertex 3.5692 -1.2386 -2.1760
        vertex 3.6126 -1.3816 -2.0173
        vertex 3.5561 -1.3806 -2.0244
    endloop
endfacet
facet normal -0.2135 0.1007 0.7673
    outer loop
        vertex 2.9448 1.7718 -3.3048
        vertex 1.8076 1.6726 -3.6082
        vertex 1.7929 1.7793 -3.6263
    endloop
endfacet
facet normal -1.5287 0.7204 5.4947
    outer loop
        vertex 1.8076 1.6726 -3.6082
        vertex 2.9448 1.7718 -3.3048
        vertex 2.7510 0.9818 -3.2552
    endloop
endfacet
facet normal -0.2709 0.1277 0.9736
    outer loop
        vertex 2.7510 0.9818 -3.2552
        vertex 2.6956 0.8572 -3.2542
        vertex 1.8076 1.6726 -3.6082
    endloop
endfacet
facet normal -0.1297 0.0611 0.4665
    outer loop
        vertex 2.7510 0.9818 -3.2552
        vertex 2.9448 1.7718 -3.3048
        vertex 2.8770 1.1102 -3.2370
    endloop
endfacet
facet normal -0.0576 0.0272 0.2072
    outer loop
        vertex 2.7358 0.7718 -3.2318
        vertex 2.8320 0.6715 -3.1920
        vertex 2.8000 0.3600 -3.1600
    endloop
endfacet
facet normal -2.9133 -0.9763 4.4225
    outer loop
        vertex 4.1200 1.7200 -2.6000
        vertex 3.9182 1.0182 -2.8879
        vertex 3.1246 1.7650 -3.2458
    endloop
endfacet
facet normal -0.3275 -0.1097 0.4971
    outer loop
        vertex 3.9182 1.0182 -2.8879
        vertex 4.1200 1.7200 -2.6000
        vertex 4.0897 1.2207 -2.7302
    endloop
endfacet
facet normal -0.7241 -0.2427 1.0992
    outer loop
        vertex 4.3885 0.9443 -2.5944
        vertex 4.1200 1.7200 -2.6000
        vertex 4.8210 0.3499 -2.4407
    endloop
endfacet
facet normal -0.1748 -0.0586 0.2653
    outer loop
        vertex 4.1200 1.7200 -2.6000
        vertex 4.3885 0.9443 -2.5944
        vertex 4.2583 1.1623 -2.6320
    endloop
endfacet
facet normal -0.0808 -0.0271 0.1227
    outer loop
        vertex 4.1200 1.7200 -2.6000
        vertex 4.1302 1.2392 -2.6994
        vertex 4.0897 1.2207 -2.7302
    endloop
endfacet
facet normal -0.1474 -0.0494 0.2237
    outer loop
        vertex 4.2570 0.6993 -2.7351
        vertex 4.7323 0.3334 -2.5028
        vertex 4.6967 0.2855 -2.5368
    endloop
endfacet
facet normal -0.5009 -0.1679 0.7604
    outer loop
        vertex 4.7323 0.3334 -2.5028
        vertex 4.2570 0.6993 -2.7351
        vertex 4.3719 0.8668 -2.6224
    endloop
endfacet
facet normal -0.0844 -0.0283 0.1281
    outer loop
        vertex 4.1302 1.2392 -2.6994
        vertex 4.1200 1.7200 -2.6000
        vertex 4.1730 1.2315 -2.6730
    endloop
endfacet
facet normal -0.1566 -0.0525 0.2377
    outer loop
        vertex 4.1730 1.2315 -2.6730
        vertex 4.1200 1.7200 -2.6000
        vertex 4.2583 1.1623 -2.6320
    endloop
endfacet
facet normal -0.1299 -0.0435 0.1972
    outer loop
        vertex 4.7323 0.3334 -2.5028
        vertex 4.3719 0.8668 -2.6224
        vertex 4.7764 0.3557 -2.4688
    endloop
endfacet
facet normal -0.1431 0.0628 0.4485
    outer loop
        vertex 4.6967 0.2855 -2.5368
        vertex 4.1820 0.6066 -2.7460
        vertex 4.2570 0.6993 -2.7351
    endloop
endfacet
facet normal -0.1479 0.0648 0.4633
    outer loop
        vertex 4.1820 0.6066 -2.7460
        vertex 4.6967 0.2855 -2.5368
        vertex 4.6235 0.1871 -2.5464
    endloop
endfacet
facet normal -0.1406 0.0617 0.4405
    outer loop
        vertex 3.9600 0.2000 -2.7600
        vertex 4.6235 0.1871 -2.5464
        vertex 4.5744 0.0818 -2.5473
    endloop
endfacet
facet normal -0.5440 0.2385 1.7041
    outer loop
        vertex 4.6235 0.1871 -2.5464
        vertex 3.9600 0.2000 -2.7600
        vertex 4.1820 0.6066 -2.7460
    endloop
endfacet
facet normal -1.0140 0.4445 3.1759
    outer loop
        vertex 3.0479 1.7688 -3.2708
        vertex 3.8760 0.9017 -2.8850
        vertex 3.9600 0.2000 -2.7600
    endloop
endfacet
facet normal -0.1265 0.0556 0.3965
    outer loop
        vertex 3.8760 0.9017 -2.8850
        vertex 3.0479 1.7688 -3.2708
        vertex 3.1246 1.7650 -3.2458
    endloop
endfacet
facet normal -0.0309 0.0136 0.0970
    outer loop
        vertex 3.9600 0.2000 -2.7600
        vertex 3.8760 0.9017 -2.8850
        vertex 3.9061 0.8348 -2.8661
    endloop
endfacet
facet normal -0.2475 0.1085 0.7750
    outer loop
        vertex 3.1246 1.7650 -3.2458
        vertex 3.9182 1.0182 -2.8879
        vertex 3.8760 0.9017 -2.8850
    endloop
endfacet
facet normal -0.1963 0.0861 0.6149
    outer loop
        vertex 3.9061 0.8348 -2.8661
        vertex 4.0787 0.6271 -2.7819
        vertex 3.9600 0.2000 -2.7600
    endloop
endfacet
facet normal -0.0395 0.0173 0.1239
    outer loop
        vertex 4.1820 0.6066 -2.7460
        vertex 3.9600 0.2000 -2.7600
        vertex 4.1268 0.5947 -2.7620
    endloop
endfacet
facet normal -0.1012 0.0444 0.3171
    outer loop
        vertex 5.0000 0.0000 -2.4000
        vertex 4.6235 0.1871 -2.5464
        vertex 4.6967 0.2855 -2.5368
    endloop
endfacet
facet normal -0.0974 0.0427 0.3051
    outer loop
        vertex 4.6235 0.1871 -2.5464
        vertex 5.0000 0.0000 -2.4000
        vertex 4.5744 0.0818 -2.5473
    endloop
endfacet
facet normal -0.0008 0.0083 0.0081
    outer loop
        vertex 1.1826 -1.4925 -2.0675
        vertex 1.1628 -1.4741 -2.0882
        vertex 1.1954 -1.4391 -2.1209
    endloop
endfacet
facet normal -0.0597 0.5818 0.5657
    outer loop
        vertex 0.6793 -1.3229 -2.2932
        vertex 1.0911 -1.0379 -2.5429
        vertex 1.0570 -1.2813 -2.2962
    endloop
endfacet
facet normal -0.0232 0.2264 0.2201
    outer loop
        vertex 1.0911 -1.0379 -2.5429
        vertex 0.6793 -1.3229 -2.2932
        vertex 0.6079 -1.2868 -2.3379
    endloop
endfacet
facet normal 0.0021 0.2315 0.2861
    outer loop
        vertex 0.0000 -0.8670 -2.6734
        vertex 0.2140 -1.0820 -2.5009
        vertex 0.0000 -1.0808 -2.5003
    endloop
endfacet
facet normal 0.0029 0.3255 0.4021
    outer loop
        vertex 0.2140 -1.0820 -2.5009
        vertex 0.0000 -0.8670 -2.6734
        vertex 0.3361 -0.9041 -2.6458
    endloop
endfacet
facet normal -0.0024 0.0457 0.0433
    outer loop
        vertex 1.5571 -1.6695 -1.8786
        vertex 1.4795 -1.7690 -1.7777
        vertex 1.4392 -1.7314 -1.8196
    endloop
endfacet
facet normal -0.0025 0.0468 0.0442
    outer loop
        vertex 1.4795 -1.7690 -1.7777
        vertex 1.5571 -1.6695 -1.8786
        vertex 1.5343 -1.7900 -1.7525
    endloop
endfacet
facet normal -0.0326 0.1646 0.2464
    outer loop
        vertex 4.9172 -1.6617 -1.7316
        vertex 4.5808 -1.4127 -1.9425
        vertex 5.0000 -1.6058 -1.7580
    endloop
endfacet
facet normal -0.0341 0.1722 0.2577
    outer loop
        vertex 4.5808 -1.4127 -1.9425
        vertex 4.9172 -1.6617 -1.7316
        vertex 4.5262 -1.4949 -1.8948
    endloop
endfacet
facet normal -0.1618 0.1045 0.5254
    outer loop
        vertex 4.6235 -0.1251 -2.4910
        vertex 4.5744 0.0818 -2.5473
        vertex 5.0000 0.0000 -2.4000
    endloop
endfacet
facet normal -0.0129 0.0083 0.0417
    outer loop
        vertex 4.5744 0.0818 -2.5473
        vertex 4.6235 -0.1251 -2.4910
        vertex 4.5712 -0.0407 -2.5240
    endloop
endfacet
facet normal 0.0046 0.5171 0.6387
    outer loop
        vertex 1.0386 -1.0056 -2.5686
        vertex 0.6079 -1.2868 -2.3379
        vertex 0.8089 -0.9183 -2.6377
    endloop
endfacet
facet normal 0.0013 0.1451 0.1793
    outer loop
        vertex 0.6079 -1.2868 -2.3379
        vertex 1.0386 -1.0056 -2.5686
        vertex 1.0911 -1.0379 -2.5429
    endloop
endfacet
facet normal -0.0753 0.3902 0.7461
    outer loop
        vertex 1.6346 -0.6479 -2.7506
        vertex 1.3423 -0.6595 -2.7740
        vertex 1.3774 -0.2497 -2.9847
    endloop
endfacet
facet normal -0.0299 0.1548 0.2960
    outer loop
        vertex 1.3423 -0.6595 -2.7740
        vertex 1.6346 -0.6479 -2.7506
        vertex 1.4382 -0.8177 -2.6816
    endloop
endfacet
facet normal -0.0385 0.1996 0.3818
    outer loop
        vertex 2.3391 0.2359 -3.1416
        vertex 2.1845 -0.1724 -2.9437
        vertex 2.1064 0.0167 -3.0504
    endloop
endfacet
facet normal -0.0699 0.3622 0.6927
    outer loop
        vertex 2.1845 -0.1724 -2.9437
        vertex 2.3391 0.2359 -3.1416
        vertex 2.5882 0.1768 -3.0856
    endloop
endfacet
facet normal -0.0836 0.0495 0.2623
    outer loop
        vertex 3.7418 -0.1873 -2.7565
        vertex 3.8580 0.2141 -2.7952
        vertex 3.8748 -0.0889 -2.7326
    endloop
endfacet
facet normal -0.2589 0.1533 0.8123
    outer loop
        vertex 3.8580 0.2141 -2.7952
        vertex 3.7418 -0.1873 -2.7565
        vertex 3.5466 0.2570 -2.9026
    endloop
endfacet
facet normal -0.0459 -0.0148 0.0745
    outer loop
        vertex 5.0000 0.0000 -2.4000
        vertex 4.9369 0.2669 -2.3858
        vertex 5.0000 0.1888 -2.3624
    endloop
endfacet
facet normal -0.0989 -0.0319 0.1606
    outer loop
        vertex 4.9369 0.2669 -2.3858
        vertex 5.0000 0.0000 -2.4000
        vertex 4.8210 0.3499 -2.4407
    endloop
endfacet
facet normal -0.0029 0.1491 0.1594
    outer loop
        vertex 4.5912 -1.6033 -1.7922
        vertex 4.9172 -1.6617 -1.7316
        vertex 4.7686 -1.7133 -1.6860
    endloop
endfacet
facet normal -0.0036 0.1845 0.1972
    outer loop
        vertex 4.9172 -1.6617 -1.7316
        vertex 4.5912 -1.6033 -1.7922
        vertex 4.5262 -1.4949 -1.8948
    endloop
endfacet
facet normal -0.0063 0.3266 0.3491
    outer loop
        vertex 3.5543 -1.4171 -1.9852
        vertex 3.7720 -1.3988 -1.9984
        vertex 3.9190 -1.6430 -1.7673
    endloop
endfacet
facet normal -0.0005 0.0252 0.0270
    outer loop
        vertex 3.7720 -1.3988 -1.9984
        vertex 3.5543 -1.4171 -1.9852
        vertex 3.7163 -1.3836 -2.0136
    endloop
endfacet
facet normal -0.0331 0.0138 0.1016
    outer loop
        vertex 2.8320 0.6715 -3.1920
        vertex 3.0976 0.6234 -3.0988
        vertex 2.9030 0.5974 -3.1587
    endloop
endfacet
facet normal -0.0936 0.0390 0.2869
    outer loop
        vertex 3.0976 0.6234 -3.0988
        vertex 2.8320 0.6715 -3.1920
        vertex 3.2202 0.7740 -3.0793
    endloop
endfacet
facet normal -0.0043 0.0018 0.0132
    outer loop
        vertex 3.7432 0.3044 -2.8449
        vertex 3.6177 0.3152 -2.8873
        vertex 3.6668 0.3278 -2.8730
    endloop
endfacet
facet normal -0.0164 0.0069 0.0504
    outer loop
        vertex 3.6177 0.3152 -2.8873
        vertex 3.7432 0.3044 -2.8449
        vertex 3.5466 0.2570 -2.9026
    endloop
endfacet
facet normal -0.0426 0.3549 0.2372
    outer loop
        vertex 4.2029 -2.2400 -1.0278
        vertex 4.4726 -1.9670 -1.3879
        vertex 4.3487 -2.2331 -1.0120
    endloop
endfacet
facet normal -0.0638 0.5316 0.3553
    outer loop
        vertex 4.4726 -1.9670 -1.3879
        vertex 4.2029 -2.2400 -1.0278
        vertex 4.0516 -2.1824 -1.1412
    endloop
endfacet
facet normal -0.0096 0.3387 0.3364
    outer loop
        vertex 1.5848 -1.5233 -2.0250
        vertex 1.1954 -1.4391 -2.1209
        vertex 1.3349 -1.3311 -2.2257
    endloop
endfacet
facet normal -0.0039 0.1376 0.1367
    outer loop
        vertex 1.1954 -1.4391 -2.1209
        vertex 1.5848 -1.5233 -2.0250
        vertex 1.1826 -1.4925 -2.0675
    endloop
endfacet
facet normal -0.0057 0.2018 0.2004
    outer loop
        vertex 1.6972 -0.9644 -2.5845
        vertex 1.6284 -1.1313 -2.4184
        vertex 1.5141 -0.9428 -2.6115
    endloop
endfacet
facet normal -0.0016 0.0566 0.0562
    outer loop
        vertex 1.6284 -1.1313 -2.4184
        vertex 1.6972 -0.9644 -2.5845
        vertex 1.6761 -1.1461 -2.4022
    endloop
endfacet
facet normal -0.0674 0.3661 0.6538
    outer loop
        vertex 4.4872 -0.8584 -2.3039
        vertex 4.0052 -0.8981 -2.3313
        vertex 4.0179 -0.6800 -2.4521
    endloop
endfacet
facet normal -0.0438 0.2381 0.4253
    outer loop
        vertex 4.0052 -0.8981 -2.3313
        vertex 4.4872 -0.8584 -2.3039
        vertex 4.1372 -1.0284 -2.2448
    endloop
endfacet
facet normal -0.0012 0.0067 0.0119
    outer loop
        vertex 3.3576 0.0360 -2.9211
        vertex 3.4096 -0.0804 -2.8506
        vertex 3.3494 0.0175 -2.9116
    endloop
endfacet
facet normal -0.0213 0.1157 0.2067
    outer loop
        vertex 3.4096 -0.0804 -2.8506
        vertex 3.3576 0.0360 -2.9211
        vertex 3.7418 -0.1873 -2.7565
    endloop
endfacet
facet normal -0.0173 0.1006 0.1984
    outer loop
        vertex 1.4382 -0.8177 -2.6816
        vertex 1.7107 -0.8486 -2.6421
        vertex 1.5141 -0.9428 -2.6115
    endloop
endfacet
facet normal -0.0163 0.0948 0.1869
    outer loop
        vertex 1.7107 -0.8486 -2.6421
        vertex 1.4382 -0.8177 -2.6816
        vertex 1.6920 -0.7367 -2.7005
    endloop
endfacet
facet normal -0.0014 0.0139 0.0129
    outer loop
        vertex 3.6126 -1.3816 -2.0173
        vertex 3.5543 -1.4171 -1.9852
        vertex 3.5561 -1.3806 -2.0244
    endloop
endfacet
facet normal -0.0169 0.0080 0.0609
    outer loop
        vertex 2.7510 0.9818 -3.2552
        vertex 2.7358 0.7718 -3.2318
        vertex 2.6956 0.8572 -3.2542
    endloop
endfacet
facet normal -0.0377 0.0178 0.1357
    outer loop
        vertex 2.7358 0.7718 -3.2318
        vertex 2.7510 0.9818 -3.2552
        vertex 2.8320 0.6715 -3.1920
    endloop
endfacet
facet normal -0.4813 -0.1613 0.7307
    outer loop
        vertex 4.3719 0.8668 -2.6224
        vertex 3.9182 1.0182 -2.8879
        vertex 4.2583 1.1623 -2.6320
    endloop
endfacet
facet normal -0.3846 -0.1289 0.5838
    outer loop
        vertex 3.9182 1.0182 -2.8879
        vertex 4.3719 0.8668 -2.6224
        vertex 4.2570 0.6993 -2.7351
    endloop
endfacet
facet normal -0.0052 -0.0017 0.0078
    outer loop
        vertex 4.8210 0.3499 -2.4407
        vertex 4.7323 0.3334 -2.5028
        vertex 4.7764 0.3557 -2.4688
    endloop
endfacet
facet normal -0.0151 -0.0050 0.0229
    outer loop
        vertex 4.7323 0.3334 -2.5028
        vertex 4.8210 0.3499 -2.4407
        vertex 4.6967 0.2855 -2.5368
    endloop
endfacet
facet normal -0.0988 0.0433 0.3094
    outer loop
        vertex 3.9061 0.8348 -2.8661
        vertex 4.2570 0.6993 -2.7351
        vertex 4.0787 0.6271 -2.7819
    endloop
endfacet
facet normal -0.1317 0.0577 0.4126
    outer loop
        vertex 4.2570 0.6993 -2.7351
        vertex 3.9061 0.8348 -2.8661
        vertex 3.9182 1.0182 -2.8879
    endloop
endfacet
facet normal -0.0200 0.2808 0.2112
    outer loop
        vertex 4.4726 -1.9670 -1.3879
        vertex 4.0064 -2.0759 -1.2871
        vertex 4.3682 -1.9189 -1.4617
    endloop
endfacet
facet normal -0.0323 0.4537 0.3409
    outer loop
        vertex 4.0064 -2.0759 -1.2871
        vertex 4.4726 -1.9670 -1.3879
        vertex 4.0516 -2.1824 -1.1412
    endloop
endfacet
facet normal -0.0028 0.0275 0.0267
    outer loop
        vertex 1.1550 -1.1406 -2.4306
        vertex 1.0911 -1.0379 -2.5429
        vertex 1.1585 -1.0793 -2.4932
    endloop
endfacet
facet normal -0.0126 0.1225 0.1191
    outer loop
        vertex 1.0911 -1.0379 -2.5429
        vertex 1.1550 -1.1406 -2.4306
        vertex 1.0570 -1.2813 -2.2962
    endloop
endfacet
facet normal -0.0047 0.0455 0.0442
    outer loop
        vertex 0.8593 -1.3663 -2.2296
        vertex 1.0570 -1.2813 -2.2962
        vertex 0.9483 -1.3638 -2.2228
    endloop
endfacet
facet normal -0.0158 0.1535 0.1492
    outer loop
        vertex 1.0570 -1.2813 -2.2962
        vertex 0.8593 -1.3663 -2.2296
        vertex 0.6793 -1.3229 -2.2932
    endloop
endfacet
facet normal -0.0475 0.2403 0.3595
    outer loop
        vertex 4.7795 -1.2206 -2.0446
        vertex 5.0000 -1.2969 -1.9645
        vertex 4.5808 -1.4127 -1.9425
    endloop
endfacet
facet normal -0.0069 0.0347 0.0519
    outer loop
        vertex 5.0000 -1.2969 -1.9645
        vertex 4.7795 -1.2206 -2.0446
        vertex 4.8828 -1.2186 -2.0322
    endloop
endfacet
facet normal -0.1070 0.5410 0.8096
    outer loop
        vertex 5.0000 -1.2969 -1.9645
        vertex 5.0000 -1.6058 -1.7580
        vertex 4.5808 -1.4127 -1.9425
    endloop
endfacet
facet normal -0.0145 0.0094 0.0472
    outer loop
        vertex 4.8955 -0.2042 -2.3916
        vertex 5.0000 0.0000 -2.4000
        vertex 5.0000 -0.0723 -2.3856
    endloop
endfacet
facet normal -0.1228 0.0793 0.3989
    outer loop
        vertex 5.0000 0.0000 -2.4000
        vertex 4.8955 -0.2042 -2.3916
        vertex 4.6235 -0.1251 -2.4910
    endloop
endfacet
facet normal -0.0082 0.0053 0.0265
    outer loop
        vertex 4.7348 -0.2460 -2.4328
        vertex 4.8955 -0.2042 -2.3916
        vertex 4.7838 -0.2596 -2.4150
    endloop
endfacet
facet normal -0.0464 0.0299 0.1505
    outer loop
        vertex 4.8955 -0.2042 -2.3916
        vertex 4.7348 -0.2460 -2.4328
        vertex 4.6235 -0.1251 -2.4910
    endloop
endfacet
facet normal -0.0046 0.0030 0.0148
    outer loop
        vertex 4.5744 0.0818 -2.5473
        vertex 4.5712 -0.0407 -2.5240
        vertex 4.5539 0.0377 -2.5449
    endloop
endfacet
facet normal 0.0005 0.0563 0.0696
    outer loop
        vertex 0.4702 -1.1322 -2.4621
        vertex 0.6079 -1.2868 -2.3379
        vertex 0.4771 -1.2208 -2.3904
    endloop
endfacet
facet normal 0.0037 0.4140 0.5114
    outer loop
        vertex 0.6079 -1.2868 -2.3379
        vertex 0.4702 -1.1322 -2.4621
        vertex 0.8089 -0.9183 -2.6377
    endloop
endfacet
facet normal 0.0017 0.1934 0.2389
    outer loop
        vertex 0.6244 -0.9220 -2.6334
        vertex 0.8089 -0.9183 -2.6377
        vertex 0.4702 -1.1322 -2.4621
    endloop
endfacet
facet normal 0.0002 0.0195 0.0241
    outer loop
        vertex 0.8089 -0.9183 -2.6377
        vertex 0.6244 -0.9220 -2.6334
        vertex 0.7050 -0.8994 -2.6522
    endloop
endfacet
facet normal -0.0030 0.0155 0.0296
    outer loop
        vertex 2.5063 0.2398 -3.1268
        vertex 2.3391 0.2359 -3.1416
        vertex 2.4386 0.2665 -3.1476
    endloop
endfacet
facet normal -0.0068 0.0355 0.0678
    outer loop
        vertex 2.3391 0.2359 -3.1416
        vertex 2.5063 0.2398 -3.1268
        vertex 2.5882 0.1768 -3.0856
    endloop
endfacet
facet normal -0.0491 0.0290 0.1540
    outer loop
        vertex 3.3801 0.0870 -2.9235
        vertex 3.7418 -0.1873 -2.7565
        vertex 3.3576 0.0360 -2.9211
    endloop
endfacet
facet normal -0.1612 0.0955 0.5059
    outer loop
        vertex 3.7418 -0.1873 -2.7565
        vertex 3.3801 0.0870 -2.9235
        vertex 3.5006 0.2194 -2.9101
    endloop
endfacet
facet normal -0.0553 0.0327 0.1735
    outer loop
        vertex 3.5466 0.2570 -2.9026
        vertex 3.7418 -0.1873 -2.7565
        vertex 3.5006 0.2194 -2.9101
    endloop
endfacet
facet normal -0.0321 0.0190 0.1005
    outer loop
        vertex 3.9135 0.1704 -2.7692
        vertex 3.8748 -0.0889 -2.7326
        vertex 3.8580 0.2141 -2.7952
    endloop
endfacet
facet normal -0.0302 0.0179 0.0947
    outer loop
        vertex 3.8748 -0.0889 -2.7326
        vertex 3.9135 0.1704 -2.7692
        vertex 3.9459 -0.0041 -2.7260
    endloop
endfacet
facet normal -0.0148 0.0087 0.0463
    outer loop
        vertex 3.9135 0.1704 -2.7692
        vertex 3.9749 0.0684 -2.7304
        vertex 3.9459 -0.0041 -2.7260
    endloop
endfacet
facet normal -0.0034 -0.0011 0.0055
    outer loop
        vertex 4.9369 0.2669 -2.3858
        vertex 4.8210 0.3499 -2.4407
        vertex 4.8341 0.3482 -2.4330
    endloop
endfacet
facet normal -0.0004 0.0208 0.0222
    outer loop
        vertex 4.9172 -1.6617 -1.7316
        vertex 4.8445 -1.7108 -1.6870
        vertex 4.7686 -1.7133 -1.6860
    endloop
endfacet
facet normal -0.0004 0.0221 0.0237
    outer loop
        vertex 3.5543 -1.4171 -1.9852
        vertex 3.6126 -1.3816 -2.0173
        vertex 3.7163 -1.3836 -2.0136
    endloop
endfacet
facet normal -0.0032 0.1599 0.1709
    outer loop
        vertex 3.9438 -1.4980 -1.9025
        vertex 3.9190 -1.6430 -1.7673
        vertex 3.7720 -1.3988 -1.9984
    endloop
endfacet
facet normal -0.0008 0.0431 0.0461
    outer loop
        vertex 3.9190 -1.6430 -1.7673
        vertex 3.9438 -1.4980 -1.9025
        vertex 3.9834 -1.5641 -1.8399
    endloop
endfacet
facet normal -0.0108 0.5566 0.5950
    outer loop
        vertex 3.7256 -1.7842 -1.6387
        vertex 3.5543 -1.4171 -1.9852
        vertex 3.9190 -1.6430 -1.7673
    endloop
endfacet
facet normal -0.0082 0.4231 0.4522
    outer loop
        vertex 3.5543 -1.4171 -1.9852
        vertex 3.7256 -1.7842 -1.6387
        vertex 3.5354 -1.7989 -1.6284
    endloop
endfacet
facet normal -0.2382 0.0993 0.7304
    outer loop
        vertex 2.8770 1.1102 -3.2370
        vertex 3.1417 1.0947 -3.1485
        vertex 2.8320 0.6715 -3.1920
    endloop
endfacet
facet normal -0.0363 0.0151 0.1114
    outer loop
        vertex 3.1417 1.0947 -3.1485
        vertex 2.8770 1.1102 -3.2370
        vertex 2.9394 1.1739 -3.2252
    endloop
endfacet
facet normal -0.0195 0.0082 0.0599
    outer loop
        vertex 3.0054 1.1954 -3.2067
        vertex 3.1417 1.0947 -3.1485
        vertex 2.9394 1.1739 -3.2252
    endloop
endfacet
facet normal -0.0470 0.0196 0.1441
    outer loop
        vertex 3.2438 0.9711 -3.0984
        vertex 3.2202 0.7740 -3.0793
        vertex 3.1417 1.0947 -3.1485
    endloop
endfacet
facet normal -0.0141 0.0059 0.0434
    outer loop
        vertex 3.2202 0.7740 -3.0793
        vertex 3.2438 0.9711 -3.0984
        vertex 3.2707 0.9015 -3.0802
    endloop
endfacet
facet normal -0.2702 0.1127 0.8285
    outer loop
        vertex 3.2202 0.7740 -3.0793
        vertex 2.8320 0.6715 -3.1920
        vertex 3.1417 1.0947 -3.1485
    endloop
endfacet
facet normal -0.0188 0.0078 0.0576
    outer loop
        vertex 3.0248 0.5663 -3.1148
        vertex 2.9030 0.5974 -3.1587
        vertex 3.0976 0.6234 -3.0988
    endloop
endfacet
facet normal -0.0051 0.0021 0.0155
    outer loop
        vertex 2.9030 0.5974 -3.1587
        vertex 3.0248 0.5663 -3.1148
        vertex 2.9705 0.5598 -3.1316
    endloop
endfacet
facet normal -0.0473 0.0197 0.1450
    outer loop
        vertex 3.8580 0.2141 -2.7952
        vertex 3.5466 0.2570 -2.9026
        vertex 3.7432 0.3044 -2.8449
    endloop
endfacet
facet normal -0.0076 0.0634 0.0424
    outer loop
        vertex 4.5453 -2.0967 -1.1808
        vertex 4.4726 -1.9670 -1.3879
        vertex 4.5587 -2.0274 -1.2820
    endloop
endfacet
facet normal -0.0397 0.3312 0.2214
    outer loop
        vertex 4.4726 -1.9670 -1.3879
        vertex 4.5453 -2.0967 -1.1808
        vertex 4.3487 -2.2331 -1.0120
    endloop
endfacet
facet normal -0.0028 0.0977 0.0970
    outer loop
        vertex 1.4392 -1.7314 -1.8196
        vertex 1.5848 -1.5233 -2.0250
        vertex 1.5571 -1.6695 -1.8786
    endloop
endfacet
facet normal -0.0158 0.5550 0.5512
    outer loop
        vertex 1.5848 -1.5233 -2.0250
        vertex 1.4392 -1.7314 -1.8196
        vertex 1.1826 -1.4925 -2.0675
    endloop
endfacet
facet normal -0.0006 0.0228 0.0227
    outer loop
        vertex 1.2834 -1.3449 -2.2132
        vertex 1.3349 -1.3311 -2.2257
        vertex 1.1954 -1.4391 -2.1209
    endloop
endfacet
facet normal -0.0194 0.1055 0.1884
    outer loop
        vertex 4.4872 -0.8584 -2.3039
        vertex 4.3598 -0.5464 -2.4917
        vertex 4.5400 -0.7511 -2.3585
    endloop
endfacet
facet normal -0.0797 0.4327 0.7729
    outer loop
        vertex 4.3598 -0.5464 -2.4917
        vertex 4.4872 -0.8584 -2.3039
        vertex 4.0179 -0.6800 -2.4521
    endloop
endfacet
facet normal -0.0200 0.1088 0.1942
    outer loop
        vertex 4.2876 -1.0442 -2.2204
        vertex 4.1372 -1.0284 -2.2448
        vertex 4.4872 -0.8584 -2.3039
    endloop
endfacet
facet normal -0.0022 0.0122 0.0217
    outer loop
        vertex 4.1372 -1.0284 -2.2448
        vertex 4.2876 -1.0442 -2.2204
        vertex 4.2032 -1.0584 -2.2211
    endloop
endfacet
facet normal -0.0073 0.0394 0.0704
    outer loop
        vertex 4.0052 -0.8981 -2.3313
        vertex 3.9596 -0.7940 -2.3943
        vertex 4.0179 -0.6800 -2.4521
    endloop
endfacet
facet normal -0.0228 0.1240 0.2213
    outer loop
        vertex 4.0179 -0.6800 -2.4521
        vertex 4.1868 -0.5104 -2.5297
        vertex 4.3598 -0.5464 -2.4917
    endloop
endfacet
facet normal -0.0031 0.0171 0.0305
    outer loop
        vertex 3.5905 -0.2198 -2.7539
        vertex 3.7418 -0.1873 -2.7565
        vertex 3.6804 -0.2327 -2.7374
    endloop
endfacet
facet normal -0.0079 0.0426 0.0762
    outer loop
        vertex 3.7418 -0.1873 -2.7565
        vertex 3.5905 -0.2198 -2.7539
        vertex 3.4937 -0.1600 -2.7973
    endloop
endfacet
facet normal -0.0113 0.0611 0.1092
    outer loop
        vertex 3.4096 -0.0804 -2.8506
        vertex 3.7418 -0.1873 -2.7565
        vertex 3.4937 -0.1600 -2.7973
    endloop
endfacet
facet normal -0.0210 0.1222 0.2409
    outer loop
        vertex 2.6962 0.0936 -3.0340
        vertex 2.6058 -0.1937 -2.8961
        vertex 2.5882 0.1768 -3.0856
    endloop
endfacet
facet normal -0.0133 0.0776 0.1529
    outer loop
        vertex 2.6058 -0.1937 -2.8961
        vertex 2.6962 0.0936 -3.0340
        vertex 2.7251 -0.0850 -2.9408
    endloop
endfacet
facet normal -0.0043 0.0251 0.0495
    outer loop
        vertex 2.7502 0.0336 -2.9988
        vertex 2.7251 -0.0850 -2.9408
        vertex 2.6962 0.0936 -3.0340
    endloop
endfacet
facet normal -0.0012 0.0068 0.0135
    outer loop
        vertex 2.7251 -0.0850 -2.9408
        vertex 2.7502 0.0336 -2.9988
        vertex 2.7593 -0.0096 -2.9761
    endloop
endfacet
facet normal -0.0231 0.1341 0.2644
    outer loop
        vertex 2.1845 -0.1724 -2.9437
        vertex 2.6058 -0.1937 -2.8961
        vertex 2.4847 -0.2880 -2.8588
    endloop
endfacet
facet normal -0.0850 0.4937 0.9731
    outer loop
        vertex 2.6058 -0.1937 -2.8961
        vertex 2.1845 -0.1724 -2.9437
        vertex 2.5882 0.1768 -3.0856
    endloop
endfacet
facet normal -0.0082 0.0480 0.0945
    outer loop
        vertex 2.4084 -0.3090 -2.8548
        vertex 2.1845 -0.1724 -2.9437
        vertex 2.4847 -0.2880 -2.8588
    endloop
endfacet
facet normal -0.0148 0.0862 0.1700
    outer loop
        vertex 1.6346 -0.6479 -2.7506
        vertex 1.6920 -0.7367 -2.7005
        vertex 1.4382 -0.8177 -2.6816
    endloop
endfacet
facet normal -0.0118 0.0682 0.1344
    outer loop
        vertex 1.5141 -0.9428 -2.6115
        vertex 1.7107 -0.8486 -2.6421
        vertex 1.6972 -0.9644 -2.5845
    endloop
endfacet
facet normal -0.0860 0.0406 0.3094
    outer loop
        vertex 2.7510 0.9818 -3.2552
        vertex 2.8770 1.1102 -3.2370
        vertex 2.8320 0.6715 -3.1920
    endloop
endfacet
facet normal -0.1817 -0.0609 0.2759
    outer loop
        vertex 4.0897 1.2207 -2.7302
        vertex 4.2583 1.1623 -2.6320
        vertex 3.9182 1.0182 -2.8879
    endloop
endfacet
facet normal -0.0275 -0.0092 0.0417
    outer loop
        vertex 4.2583 1.1623 -2.6320
        vertex 4.0897 1.2207 -2.7302
        vertex 4.1730 1.2315 -2.6730
    endloop
endfacet
facet normal -0.0046 -0.0015 0.0069
    outer loop
        vertex 4.1730 1.2315 -2.6730
        vertex 4.0897 1.2207 -2.7302
        vertex 4.1302 1.2392 -2.6994
    endloop
endfacet
facet normal -0.0564 -0.0189 0.0857
    outer loop
        vertex 4.2583 1.1623 -2.6320
        vertex 4.3885 0.9443 -2.5944
        vertex 4.3719 0.8668 -2.6224
    endloop
endfacet
facet normal -0.2266 -0.0759 0.3439
    outer loop
        vertex 5.0000 0.0000 -2.4000
        vertex 4.6967 0.2855 -2.5368
        vertex 4.8210 0.3499 -2.4407
    endloop
endfacet
facet normal -0.0222 0.0097 0.0694
    outer loop
        vertex 4.1820 0.6066 -2.7460
        vertex 4.0787 0.6271 -2.7819
        vertex 4.2570 0.6993 -2.7351
    endloop
endfacet
facet normal -0.0047 0.0021 0.0148
    outer loop
        vertex 4.0787 0.6271 -2.7819
        vertex 4.1820 0.6066 -2.7460
        vertex 4.1268 0.5947 -2.7620
    endloop
endfacet
facet normal -0.0126 0.0055 0.0396
    outer loop
        vertex 3.9182 1.0182 -2.8879
        vertex 3.9061 0.8348 -2.8661
        vertex 3.8760 0.9017 -2.8850
    endloop
endfacet
facet normal -0.0034 0.0471 0.0354
    outer loop
        vertex 4.0064 -2.0759 -1.2871
        vertex 4.0516 -2.1824 -1.1412
        vertex 3.9876 -2.1569 -1.1812
    endloop
endfacet
facet normal -0.0111 0.1555 0.1168
    outer loop
        vertex 4.3682 -1.9189 -1.4617
        vertex 4.0064 -2.0759 -1.2871
        vertex 4.2301 -1.9272 -1.4638
    endloop
endfacet
facet normal -0.0122 0.1189 0.1156
    outer loop
        vertex 0.9483 -1.3638 -2.2228
        vertex 0.9334 -1.5722 -2.0101
        vertex 0.8593 -1.3663 -2.2296
    endloop
endfacet
facet normal -0.0286 0.2976 0.2895
    outer loop
        vertex 0.9334 -1.5722 -2.0101
        vertex 0.9483 -1.3638 -2.2228
        vertex 1.1628 -1.4741 -2.0882
    endloop
endfacet
facet normal -0.0434 0.8332 0.3352
    outer loop
        vertex 1.4782 -2.6000 -0.5323
        vertex 1.7388 -2.6730 -0.3170
        vertex 1.6000 -2.8400 0.0800
    endloop
endfacet
facet normal -0.0255 0.4894 0.1969
    outer loop
        vertex 1.7388 -2.6730 -0.3170
        vertex 1.4782 -2.6000 -0.5323
        vertex 1.7678 -2.5602 -0.5936
    endloop
endfacet
facet normal -0.1801 -0.1154 0.1726
    outer loop
        vertex 4.5622 1.7085 -2.1462
        vertex 4.5580 1.5047 -2.2868
        vertex 4.4246 1.6053 -2.3588
    endloop
endfacet
facet normal -0.3300 -0.2114 0.3162
    outer loop
        vertex 4.5580 1.5047 -2.2868
        vertex 4.5622 1.7085 -2.1462
        vertex 4.8045 1.4193 -2.0867
    endloop
endfacet
facet normal -0.5624 -0.2360 0.4385
    outer loop
        vertex 4.1267 1.9466 -2.4694
        vertex 3.9380 2.0184 -2.6728
        vertex 3.9442 2.3879 -2.4659
    endloop
endfacet
facet normal -0.3466 -0.1455 0.2703
    outer loop
        vertex 3.9380 2.0184 -2.6728
        vertex 4.1267 1.9466 -2.4694
        vertex 4.1200 1.7200 -2.6000
    endloop
endfacet
facet normal -0.0176 -0.0041 0.0272
    outer loop
        vertex 3.9380 2.0184 -2.6728
        vertex 4.1200 1.7200 -2.6000
        vertex 3.9545 1.9674 -2.6698
    endloop
endfacet
facet normal -0.0375 0.0177 0.1351
    outer loop
        vertex 1.8076 1.6726 -3.6082
        vertex 1.5600 2.0000 -3.7200
        vertex 1.7929 1.7793 -3.6263
    endloop
endfacet
facet normal -0.0065 0.1308 0.0743
    outer loop
        vertex 1.4128 -2.3578 -1.1010
        vertex 1.8175 -2.3676 -1.0487
        vertex 1.4054 -2.3870 -1.0503
    endloop
endfacet
facet normal -0.0162 0.3277 0.1862
    outer loop
        vertex 1.8175 -2.3676 -1.0487
        vertex 1.4128 -2.3578 -1.1010
        vertex 1.8363 -2.2944 -1.1758
    endloop
endfacet
facet normal -0.0030 0.0605 0.0343
    outer loop
        vertex 3.2845 -2.2983 -1.0429
        vertex 3.5193 -2.2637 -1.0834
        vertex 3.5184 -2.2872 -1.0420
    endloop
endfacet
facet normal -0.0050 0.1006 0.0571
    outer loop
        vertex 3.5193 -2.2637 -1.0834
        vertex 3.2845 -2.2983 -1.0429
        vertex 3.2840 -2.2595 -1.1114
    endloop
endfacet
facet normal -0.0204 0.1055 0.2017
    outer loop
        vertex 1.6346 -0.6479 -2.7506
        vertex 1.6758 -0.2539 -2.9524
        vertex 1.7525 -0.3041 -2.9184
    endloop
endfacet
facet normal -0.0742 0.3848 0.7358
    outer loop
        vertex 1.6758 -0.2539 -2.9524
        vertex 1.6346 -0.6479 -2.7506
        vertex 1.3774 -0.2497 -2.9847
    endloop
endfacet
facet normal -0.1180 1.0753 0.3011
    outer loop
        vertex 3.5047 -2.6181 0.0549
        vertex 3.2870 -2.4853 -0.5047
        vertex 3.5144 -2.4028 -0.7102
    endloop
endfacet
facet normal -0.0919 0.8377 0.2346
    outer loop
        vertex 3.2870 -2.4853 -0.5047
        vertex 3.5047 -2.6181 0.0549
        vertex 3.2678 -2.6460 0.0618
    endloop
endfacet
facet normal -0.3649 -0.1531 0.2845
    outer loop
        vertex 3.7736 2.8649 -2.4280
        vertex 3.5090 3.1711 -2.6026
        vertex 3.6378 3.1941 -2.4251
    endloop
endfacet
facet normal -0.5979 -0.2509 0.4661
    outer loop
        vertex 3.5090 3.1711 -2.6026
        vertex 3.7736 2.8649 -2.4280
        vertex 3.6963 2.6725 -2.6308
    endloop
endfacet
facet normal -0.0693 -0.0223 0.1651
    outer loop
        vertex 2.1534 4.9698 -3.1486
        vertex 2.1756 4.7249 -3.1724
        vertex 2.0450 4.9762 -3.1932
    endloop
endfacet
facet normal -0.0954 -0.0307 0.2273
    outer loop
        vertex 2.1756 4.7249 -3.1724
        vertex 2.1534 4.9698 -3.1486
        vertex 2.3184 4.7880 -3.1039
    endloop
endfacet
facet normal -0.5364 -0.0960 0.4269
    outer loop
        vertex 3.4023 4.3694 -2.4182
        vertex 3.1992 4.8495 -2.5656
        vertex 3.3353 4.8640 -2.3912
    endloop
endfacet
facet normal -0.5714 -0.1023 0.4547
    outer loop
        vertex 3.1992 4.8495 -2.5656
        vertex 3.4023 4.3694 -2.4182
        vertex 3.2599 4.3478 -2.6020
    endloop
endfacet
facet normal -0.0432 0.8314 0.7863
    outer loop
        vertex 1.5343 -1.7900 -1.7525
        vertex 1.8743 -2.1470 -1.3563
        vertex 1.3901 -2.0086 -1.5292
    endloop
endfacet
facet normal -0.0911 1.7479 1.6533
    outer loop
        vertex 1.8743 -2.1470 -1.3563
        vertex 1.5343 -1.7900 -1.7525
        vertex 1.9594 -1.4583 -2.0797
    endloop
endfacet
facet normal -0.0961 -0.0464 0.9735
    outer loop
        vertex 0.9102 5.0178 -3.4312
        vertex 1.0699 5.6258 -3.3864
        vertex 1.1648 5.0116 -3.4064
    endloop
endfacet
facet normal -0.1099 -0.0532 1.1145
    outer loop
        vertex 1.0699 5.6258 -3.3864
        vertex 0.9102 5.0178 -3.4312
        vertex 0.8062 5.7384 -3.4071
    endloop
endfacet
facet normal -0.4695 0.0091 0.3496
    outer loop
        vertex 3.7709 6.6432 -1.9292
        vertex 3.5970 6.3491 -2.1551
        vertex 3.5350 6.5659 -2.2440
    endloop
endfacet
facet normal -0.3914 0.0075 0.2916
    outer loop
        vertex 3.5970 6.3491 -2.1551
        vertex 3.7709 6.6432 -1.9292
        vertex 3.8023 6.4281 -1.8814
    endloop
endfacet
facet normal -0.0970 -0.0299 0.3334
    outer loop
        vertex 1.7487 2.0273 -3.6627
        vertex 2.9600 1.9200 -3.3200
        vertex 1.5600 2.0000 -3.7200
    endloop
endfacet
facet normal -0.1826 -0.0563 0.6279
    outer loop
        vertex 2.9600 1.9200 -3.3200
        vertex 1.7487 2.0273 -3.6627
        vertex 2.8862 2.0095 -3.3334
    endloop
endfacet
facet normal -0.2805 -0.0502 0.2232
    outer loop
        vertex 3.3243 4.0120 -2.5966
        vertex 3.4748 3.9153 -2.4293
        vertex 3.3672 3.7470 -2.6022
    endloop
endfacet
facet normal -0.1196 -0.0214 0.0951
    outer loop
        vertex 3.4748 3.9153 -2.4293
        vertex 3.3243 4.0120 -2.5966
        vertex 3.4539 4.0299 -2.4298
    endloop
endfacet
facet normal 0.0032 0.3606 0.4453
    outer loop
        vertex 1.3200 -0.9200 -2.6400
        vertex 0.7050 -0.8994 -2.6522
        vertex 0.0000 -0.7600 -2.7600
    endloop
endfacet
facet normal 0.0004 0.0479 0.0592
    outer loop
        vertex 0.7050 -0.8994 -2.6522
        vertex 1.3200 -0.9200 -2.6400
        vertex 0.8089 -0.9183 -2.6377
    endloop
endfacet
facet normal -0.0180 0.0932 0.1782
    outer loop
        vertex 1.3200 -0.9200 -2.6400
        vertex 1.3423 -0.6595 -2.7740
        vertex 1.4382 -0.8177 -2.6816
    endloop
endfacet
facet normal -0.0075 -0.0013 0.0225
    outer loop
        vertex 1.8815 5.4664 -3.2522
        vertex 1.7268 5.3154 -3.3126
        vertex 1.8236 5.4331 -3.2735
    endloop
endfacet
facet normal -0.0597 -0.0105 0.1791
    outer loop
        vertex 1.7268 5.3154 -3.3126
        vertex 1.8815 5.4664 -3.2522
        vertex 1.6876 5.0919 -3.3388
    endloop
endfacet
facet normal -0.3094 -0.0543 0.9281
    outer loop
        vertex 2.1719 6.0272 -3.1226
        vertex 1.7016 6.2045 -3.2690
        vertex 2.3086 6.2914 -3.0616
    endloop
endfacet
facet normal -0.2444 -0.0429 0.7332
    outer loop
        vertex 1.7016 6.2045 -3.2690
        vertex 2.1719 6.0272 -3.1226
        vertex 1.6890 5.9598 -3.2875
    endloop
endfacet
facet normal -0.1004 -0.0324 0.1630
    outer loop
        vertex 4.8999 1.0097 -2.2609
        vertex 5.0000 0.9185 -2.2174
        vertex 5.0000 0.6580 -2.2692
    endloop
endfacet
facet normal -0.0107 0.5529 0.5910
    outer loop
        vertex 3.5354 -1.7989 -1.6284
        vertex 3.2990 -1.5722 -1.8447
        vertex 3.5543 -1.4171 -1.9852
    endloop
endfacet
facet normal -0.0127 0.6571 0.7024
    outer loop
        vertex 3.2990 -1.5722 -1.8447
        vertex 3.5354 -1.7989 -1.6284
        vertex 3.2810 -2.0304 -1.4164
    endloop
endfacet
facet normal -0.0056 0.1144 0.0478
    outer loop
        vertex 3.5173 -2.3200 -0.9638
        vertex 3.2845 -2.2983 -1.0429
        vertex 3.5184 -2.2872 -1.0420
    endloop
endfacet
facet normal -0.0091 0.1862 0.0778
    outer loop
        vertex 3.2845 -2.2983 -1.0429
        vertex 3.5173 -2.3200 -0.9638
        vertex 3.2852 -2.3519 -0.9147
    endloop
endfacet
facet normal -0.0167 0.3423 0.1431
    outer loop
        vertex 1.3675 -2.5362 -0.6980
        vertex 1.7678 -2.5602 -0.5936
        vertex 1.4782 -2.6000 -0.5323
    endloop
endfacet
facet normal -0.0572 1.1710 0.4895
    outer loop
        vertex 1.7678 -2.5602 -0.5936
        vertex 1.3675 -2.5362 -0.6980
        vertex 1.8175 -2.3676 -1.0487
    endloop
endfacet
facet normal -0.1209 -0.1209 1.2092
    outer loop
        vertex 1.5982 2.7268 -3.6435
        vertex 1.2031 3.5306 -3.6026
        vertex 1.4467 3.5247 -3.5789
    endloop
endfacet
facet normal -0.2165 -0.2164 2.1635
    outer loop
        vertex 1.2031 3.5306 -3.6026
        vertex 1.5982 2.7268 -3.6435
        vertex 1.4910 2.0690 -3.7200
    endloop
endfacet
facet normal -0.0161 0.2125 0.2149
    outer loop
        vertex 1.8526 -2.2312 -1.2746
        vertex 1.4776 -2.1031 -1.4293
        vertex 1.8743 -2.1470 -1.3563
    endloop
endfacet
facet normal -0.0225 0.2968 0.3004
    outer loop
        vertex 1.4776 -2.1031 -1.4293
        vertex 1.8526 -2.2312 -1.2746
        vertex 1.4476 -2.2210 -1.3150
    endloop
endfacet
facet normal -0.1152 0.2269 0.9197
    outer loop
        vertex 1.5441 1.7991 -3.6724
        vertex 1.8076 1.6726 -3.6082
        vertex 1.6470 1.1911 -3.5095
    endloop
endfacet
facet normal -0.0430 0.0847 0.3434
    outer loop
        vertex 1.8076 1.6726 -3.6082
        vertex 1.5441 1.7991 -3.6724
        vertex 1.5600 2.0000 -3.7200
    endloop
endfacet
facet normal -0.6330 -0.0720 0.9389
    outer loop
        vertex 2.7257 6.1248 -2.8923
        vertex 3.3986 6.5213 -2.4082
        vertex 3.3335 6.2597 -2.4722
    endloop
endfacet
facet normal -0.7466 -0.0850 1.1075
    outer loop
        vertex 3.3986 6.5213 -2.4082
        vertex 2.7257 6.1248 -2.8923
        vertex 2.6729 6.3570 -2.9101
    endloop
endfacet
facet normal -0.0217 -0.0025 0.0322
    outer loop
        vertex 3.1944 5.7008 -2.6090
        vertex 3.1601 5.5632 -2.6426
        vertex 3.1565 5.6988 -2.6346
    endloop
endfacet
facet normal -0.0166 0.0069 0.0508
    outer loop
        vertex 3.0479 1.7688 -3.2708
        vertex 2.9926 1.7714 -3.2892
        vertex 2.9600 1.9200 -3.3200
    endloop
endfacet
facet normal -0.1189 0.3599 0.6999
    outer loop
        vertex 3.2904 -0.5534 -2.6070
        vertex 2.9054 -0.5308 -2.6840
        vertex 3.2231 -0.2586 -2.7700
    endloop
endfacet
facet normal -0.1427 0.4316 0.8396
    outer loop
        vertex 2.9054 -0.5308 -2.6840
        vertex 3.2904 -0.5534 -2.6070
        vertex 2.8209 -0.8748 -2.5216
    endloop
endfacet
facet normal -0.1202 -0.0680 0.9823
    outer loop
        vertex 1.0539 5.8711 -3.3714
        vertex 0.9851 6.1090 -3.3633
        vertex 1.6890 5.9598 -3.2875
    endloop
endfacet
facet normal -0.0256 -0.0145 0.2092
    outer loop
        vertex 0.9851 6.1090 -3.3633
        vertex 1.0539 5.8711 -3.3714
        vertex 0.8529 6.0794 -3.3816
    endloop
endfacet
facet normal -0.0063 0.2214 0.2199
    outer loop
        vertex 1.1270 -1.7243 -1.8357
        vertex 1.4392 -1.7314 -1.8196
        vertex 1.2335 -1.8394 -1.7168
    endloop
endfacet
facet normal -0.0130 0.4579 0.4548
    outer loop
        vertex 1.4392 -1.7314 -1.8196
        vertex 1.1270 -1.7243 -1.8357
        vertex 1.1826 -1.4925 -2.0675
    endloop
endfacet
facet normal -0.0038 0.1345 0.1336
    outer loop
        vertex 1.3200 -0.9200 -2.6400
        vertex 1.3349 -1.3311 -2.2257
        vertex 1.2834 -1.3449 -2.2132
    endloop
endfacet
facet normal -0.0221 0.7778 0.7725
    outer loop
        vertex 1.3349 -1.3311 -2.2257
        vertex 1.3200 -0.9200 -2.6400
        vertex 1.6284 -1.1313 -2.4184
    endloop
endfacet
facet normal -0.0184 -0.0082 0.0461
    outer loop
        vertex 2.8862 2.0095 -3.3334
        vertex 2.9698 2.0082 -3.3004
        vertex 2.9600 1.9200 -3.3200
    endloop
endfacet
facet normal -0.2507 0.0123 0.2048
    outer loop
        vertex 3.5350 6.5659 -2.2440
        vertex 3.3335 6.2597 -2.4722
        vertex 3.3986 6.5213 -2.4082
    endloop
endfacet
facet normal -0.4792 0.0235 0.3916
    outer loop
        vertex 3.3335 6.2597 -2.4722
        vertex 3.5350 6.5659 -2.2440
        vertex 3.5970 6.3491 -2.1551
    endloop
endfacet
facet normal -0.3962 0.0194 0.3238
    outer loop
        vertex 3.1601 5.5632 -2.6426
        vertex 3.3104 5.4523 -2.4521
        vertex 3.1696 5.2114 -2.6100
    endloop
endfacet
facet normal -0.2874 0.0141 0.2349
    outer loop
        vertex 3.3104 5.4523 -2.4521
        vertex 3.1601 5.5632 -2.6426
        vertex 3.3046 5.7066 -2.4744
    endloop
endfacet
facet normal -0.3154 -0.1760 0.3029
    outer loop
        vertex 4.1200 1.7200 -2.6000
        vertex 4.4252 1.8216 -2.2231
        vertex 4.5622 1.7085 -2.1462
    endloop
endfacet
facet normal -0.3995 -0.2228 0.3836
    outer loop
        vertex 4.4252 1.8216 -2.2231
        vertex 4.1200 1.7200 -2.6000
        vertex 4.1577 1.9336 -2.4366
    endloop
endfacet
facet normal -0.0109 0.0591 0.1055
    outer loop
        vertex 3.4925 -0.3117 -2.7125
        vertex 3.2838 -0.2066 -2.7929
        vertex 3.4320 -0.2003 -2.7811
    endloop
endfacet
facet normal -0.0111 0.0604 0.1078
    outer loop
        vertex 3.2838 -0.2066 -2.7929
        vertex 3.4925 -0.3117 -2.7125
        vertex 3.2231 -0.2586 -2.7700
    endloop
endfacet
facet normal -0.2375 -0.3182 2.3547
    outer loop
        vertex 1.1648 5.0116 -3.4064
        vertex 1.2031 3.5306 -3.6026
        vertex 0.9102 5.0178 -3.4312
    endloop
endfacet
facet normal -0.2272 -0.3045 2.2533
    outer loop
        vertex 1.2031 3.5306 -3.6026
        vertex 1.1648 5.0116 -3.4064
        vertex 1.4467 3.5247 -3.5789
    endloop
endfacet
facet normal -0.0710 0.4124 0.8129
    outer loop
        vertex 2.4118 -0.5798 -2.7172
        vertex 2.0171 -0.4444 -2.8203
        vertex 2.1845 -0.1724 -2.9437
    endloop
endfacet
facet normal -0.0644 0.3742 0.7376
    outer loop
        vertex 2.0171 -0.4444 -2.8203
        vertex 2.4118 -0.5798 -2.7172
        vertex 2.3041 -0.8419 -2.5936
    endloop
endfacet
facet normal -0.0123 0.0715 0.1409
    outer loop
        vertex 1.4382 -0.8177 -2.6816
        vertex 1.5141 -0.9428 -2.6115
        vertex 1.3200 -0.9200 -2.6400
    endloop
endfacet
facet normal -0.4164 -0.0855 0.3420
    outer loop
        vertex 3.5469 3.5193 -2.4404
        vertex 3.3672 3.7470 -2.6022
        vertex 3.4748 3.9153 -2.4293
    endloop
endfacet
facet normal -0.2800 -0.0575 0.2299
    outer loop
        vertex 3.3672 3.7470 -2.6022
        vertex 3.5469 3.5193 -2.4404
        vertex 3.4090 3.4894 -2.6158
    endloop
endfacet
facet normal -0.0243 0.2502 0.2322
    outer loop
        vertex 3.5561 -1.3806 -2.0244
        vertex 3.3154 -1.1537 -2.2941
        vertex 3.5692 -1.2386 -2.1760
    endloop
endfacet
facet normal -0.0683 0.7039 0.6531
    outer loop
        vertex 3.3154 -1.1537 -2.2941
        vertex 3.5561 -1.3806 -2.0244
        vertex 3.2990 -1.5722 -1.8447
    endloop
endfacet
facet normal -0.0249 0.2164 0.0592
    outer loop
        vertex 3.5144 -2.4028 -0.7102
        vertex 3.2861 -2.4186 -0.7487
        vertex 3.5159 -2.3612 -0.8616
    endloop
endfacet
facet normal -0.0401 0.3480 0.0953
    outer loop
        vertex 3.2861 -2.4186 -0.7487
        vertex 3.5144 -2.4028 -0.7102
        vertex 3.2870 -2.4853 -0.5047
    endloop
endfacet
facet normal -0.0096 0.2543 0.1610
    outer loop
        vertex 1.8363 -2.2944 -1.1758
        vertex 1.4476 -2.2210 -1.3150
        vertex 1.8526 -2.2312 -1.2746
    endloop
endfacet
facet normal -0.0209 0.5501 0.3483
    outer loop
        vertex 1.4476 -2.2210 -1.3150
        vertex 1.8363 -2.2944 -1.1758
        vertex 1.4128 -2.3578 -1.1010
    endloop
endfacet
facet normal -0.3430 -0.0144 0.8310
    outer loop
        vertex 2.3086 6.2914 -3.0616
        vertex 2.7257 6.1248 -2.8923
        vertex 2.1719 6.0272 -3.1226
    endloop
endfacet
facet normal -0.2271 -0.0095 0.5503
    outer loop
        vertex 2.7257 6.1248 -2.8923
        vertex 2.3086 6.2914 -3.0616
        vertex 2.6729 6.3570 -2.9101
    endloop
endfacet
facet normal -0.0667 -0.0028 0.1615
    outer loop
        vertex 2.1451 5.2925 -3.1464
        vertex 2.2625 5.5180 -3.0940
        vertex 2.2298 5.2350 -3.1125
    endloop
endfacet
facet normal -0.0954 -0.0040 0.2312
    outer loop
        vertex 2.2625 5.5180 -3.0940
        vertex 2.1451 5.2925 -3.1464
        vertex 2.1097 5.5396 -3.1567
    endloop
endfacet
facet normal -0.0225 0.0099 0.0705
    outer loop
        vertex 3.1246 1.7650 -3.2458
        vertex 3.0479 1.7688 -3.2708
        vertex 2.9600 1.9200 -3.3200
    endloop
endfacet
facet normal -0.0410 0.5764 0.4333
    outer loop
        vertex 3.5193 -2.2637 -1.0834
        vertex 3.2810 -2.0304 -1.4164
        vertex 3.5290 -1.9823 -1.4569
    endloop
endfacet
facet normal -0.0319 0.4482 0.3369
    outer loop
        vertex 3.2810 -2.0304 -1.4164
        vertex 3.5193 -2.2637 -1.0834
        vertex 3.2840 -2.2595 -1.1114
    endloop
endfacet
facet normal -0.0125 0.2391 0.0961
    outer loop
        vertex 3.2852 -2.3519 -0.9147
        vertex 3.5159 -2.3612 -0.8616
        vertex 3.2861 -2.4186 -0.7487
    endloop
endfacet
facet normal -0.0077 0.1478 0.0595
    outer loop
        vertex 3.5159 -2.3612 -0.8616
        vertex 3.2852 -2.3519 -0.9147
        vertex 3.5173 -2.3200 -0.9638
    endloop
endfacet
facet normal -0.0361 0.3721 0.3635
    outer loop
        vertex 1.1954 -1.4391 -2.1209
        vertex 1.1550 -1.1406 -2.4306
        vertex 1.3200 -0.9200 -2.6400
    endloop
endfacet
facet normal -0.0217 0.2237 0.2184
    outer loop
        vertex 1.1550 -1.1406 -2.4306
        vertex 1.1954 -1.4391 -2.1209
        vertex 1.0570 -1.2813 -2.2962
    endloop
endfacet
facet normal -0.0069 0.0712 0.0694
    outer loop
        vertex 0.9483 -1.3638 -2.2228
        vertex 1.1954 -1.4391 -2.1209
        vertex 1.1628 -1.4741 -2.0882
    endloop
endfacet
facet normal -0.0180 0.1826 0.1786
    outer loop
        vertex 1.1954 -1.4391 -2.1209
        vertex 0.9483 -1.3638 -2.2228
        vertex 1.0570 -1.2813 -2.2962
    endloop
endfacet
facet normal -0.0037 0.0394 0.0386
    outer loop
        vertex 1.1826 -1.4925 -2.0675
        vertex 0.9334 -1.5722 -2.0101
        vertex 1.1628 -1.4741 -2.0882
    endloop
endfacet
facet normal -0.0322 0.3409 0.3332
    outer loop
        vertex 0.9334 -1.5722 -2.0101
        vertex 1.1826 -1.4925 -2.0675
        vertex 1.1270 -1.7243 -1.8357
    endloop
endfacet
facet normal -0.0115 0.1119 0.1088
    outer loop
        vertex 1.0911 -1.0379 -2.5429
        vertex 1.3200 -0.9200 -2.6400
        vertex 1.1585 -1.0793 -2.4932
    endloop
endfacet
facet normal -0.0062 0.0601 0.0584
    outer loop
        vertex 1.1585 -1.0793 -2.4932
        vertex 1.3200 -0.9200 -2.6400
        vertex 1.1550 -1.1406 -2.4306
    endloop
endfacet
facet normal -0.0583 0.5672 0.5516
    outer loop
        vertex 0.4595 -1.4466 -2.1893
        vertex 0.8593 -1.3663 -2.2296
        vertex 0.9334 -1.5722 -2.0101
    endloop
endfacet
facet normal -0.0210 0.2044 0.1987
    outer loop
        vertex 0.8593 -1.3663 -2.2296
        vertex 0.4595 -1.4466 -2.1893
        vertex 0.6793 -1.3229 -2.2932
    endloop
endfacet
facet normal -0.0126 0.1232 0.1198
    outer loop
        vertex 0.6079 -1.2868 -2.3379
        vertex 0.4595 -1.4466 -2.1893
        vertex 0.3776 -1.4055 -2.2402
    endloop
endfacet
facet normal -0.0111 0.1077 0.1048
    outer loop
        vertex 0.4595 -1.4466 -2.1893
        vertex 0.6079 -1.2868 -2.3379
        vertex 0.6793 -1.3229 -2.2932
    endloop
endfacet
facet normal -0.3409 -0.2183 0.3266
    outer loop
        vertex 5.0000 1.0781 -2.1107
        vertex 4.6812 1.3672 -2.2502
        vertex 4.8045 1.4193 -2.0867
    endloop
endfacet
facet normal -0.3310 -0.2120 0.3172
    outer loop
        vertex 4.6812 1.3672 -2.2502
        vertex 5.0000 1.0781 -2.1107
        vertex 4.8999 1.0097 -2.2609
    endloop
endfacet
facet normal -0.1042 -0.0668 0.0999
    outer loop
        vertex 5.0000 0.9185 -2.2174
        vertex 4.8999 1.0097 -2.2609
        vertex 5.0000 1.0781 -2.1107
    endloop
endfacet
facet normal -0.3079 -0.1972 0.2950
    outer loop
        vertex 4.5622 1.7085 -2.1462
        vertex 4.4246 1.6053 -2.3588
        vertex 4.1200 1.7200 -2.6000
    endloop
endfacet
facet normal -0.1525 -0.0977 0.1461
    outer loop
        vertex 4.5580 1.5047 -2.2868
        vertex 4.8045 1.4193 -2.0867
        vertex 4.6812 1.3672 -2.2502
    endloop
endfacet
facet normal -0.0571 -0.0240 0.0445
    outer loop
        vertex 4.1267 1.9466 -2.4694
        vertex 4.1577 1.9336 -2.4366
        vertex 4.1200 1.7200 -2.6000
    endloop
endfacet
facet normal -0.3330 -0.1397 0.2596
    outer loop
        vertex 3.9380 2.0184 -2.6728
        vertex 3.8312 2.3483 -2.6323
        vertex 3.9442 2.3879 -2.4659
    endloop
endfacet
facet normal -1.0262 -0.2386 1.5871
    outer loop
        vertex 2.9600 1.9200 -3.3200
        vertex 3.9545 1.9674 -2.6698
        vertex 4.1200 1.7200 -2.6000
    endloop
endfacet
facet normal -0.3397 -0.0790 0.5253
    outer loop
        vertex 3.9545 1.9674 -2.6698
        vertex 2.9600 1.9200 -3.3200
        vertex 3.0197 2.0074 -3.2682
    endloop
endfacet
facet normal -0.0178 -0.0041 0.0276
    outer loop
        vertex 2.9698 2.0082 -3.3004
        vertex 3.0197 2.0074 -3.2682
        vertex 2.9600 1.9200 -3.3200
    endloop
endfacet
facet normal -0.6045 -0.2026 0.9177
    outer loop
        vertex 4.1200 1.7200 -2.6000
        vertex 3.1246 1.7650 -3.2458
        vertex 2.9600 1.9200 -3.3200
    endloop
endfacet
facet normal -0.5049 0.2378 1.8148
    outer loop
        vertex 2.9600 1.9200 -3.3200
        vertex 1.7929 1.7793 -3.6263
        vertex 1.5600 2.0000 -3.7200
    endloop
endfacet
facet normal -0.2971 0.1400 1.0679
    outer loop
        vertex 1.7929 1.7793 -3.6263
        vertex 2.9600 1.9200 -3.3200
        vertex 2.9448 1.7718 -3.3048
    endloop
endfacet
facet normal -0.0347 0.1799 0.3441
    outer loop
        vertex 1.9778 0.4326 -3.2809
        vertex 1.7485 0.2349 -3.2007
        vertex 1.7251 0.4548 -3.3181
    endloop
endfacet
facet normal -0.0186 0.0966 0.1847
    outer loop
        vertex 1.7485 0.2349 -3.2007
        vertex 1.9778 0.4326 -3.2809
        vertex 1.9936 0.3173 -3.2190
    endloop
endfacet
facet normal -0.0580 0.3005 0.5747
    outer loop
        vertex 2.1845 -0.1724 -2.9437
        vertex 1.7525 -0.3041 -2.9184
        vertex 2.1064 0.0167 -3.0504
    endloop
endfacet
facet normal -0.0839 0.4347 0.8312
    outer loop
        vertex 1.7525 -0.3041 -2.9184
        vertex 2.1845 -0.1724 -2.9437
        vertex 1.6346 -0.6479 -2.7506
    endloop
endfacet
facet normal -0.0523 0.2712 0.5186
    outer loop
        vertex 2.1064 0.0167 -3.0504
        vertex 1.7485 0.2349 -3.2007
        vertex 1.9936 0.3173 -3.2190
    endloop
endfacet
facet normal -0.1212 0.6277 1.2003
    outer loop
        vertex 1.7485 0.2349 -3.2007
        vertex 2.1064 0.0167 -3.0504
        vertex 1.7525 -0.3041 -2.9184
    endloop
endfacet
facet normal -0.0683 0.3539 0.6767
    outer loop
        vertex 1.3774 -0.2497 -2.9847
        vertex 1.4085 0.1128 -3.1711
        vertex 1.6758 -0.2539 -2.9524
    endloop
endfacet
facet normal -0.1542 -0.0647 0.1202
    outer loop
        vertex 3.6963 2.6725 -2.6308
        vertex 3.7736 2.8649 -2.4280
        vertex 3.8102 2.7070 -2.4661
    endloop
endfacet
facet normal -0.0545 -0.0176 0.1299
    outer loop
        vertex 2.4335 4.8878 -3.0421
        vertex 2.1534 4.9698 -3.1486
        vertex 2.4706 4.9512 -3.0180
    endloop
endfacet
facet normal -0.0981 -0.0316 0.2337
    outer loop
        vertex 2.1534 4.9698 -3.1486
        vertex 2.4335 4.8878 -3.0421
        vertex 2.3184 4.7880 -3.1039
    endloop
endfacet
facet normal -0.1023 -0.0329 0.2438
    outer loop
        vertex 2.0203 4.7251 -3.2375
        vertex 2.0450 4.9762 -3.1932
        vertex 2.1756 4.7249 -3.1724
    endloop
endfacet
facet normal -0.0971 -0.0312 0.2312
    outer loop
        vertex 2.0450 4.9762 -3.1932
        vertex 2.0203 4.7251 -3.2375
        vertex 1.8782 4.7778 -3.2901
    endloop
endfacet
facet normal -0.1018 -0.0328 0.2425
    outer loop
        vertex 1.7632 4.8737 -3.3254
        vertex 2.0450 4.9762 -3.1932
        vertex 1.8782 4.7778 -3.2901
    endloop
endfacet
facet normal -0.1071 -0.0345 0.2552
    outer loop
        vertex 2.0450 4.9762 -3.1932
        vertex 1.7632 4.8737 -3.3254
        vertex 1.7021 4.9964 -3.3344
    endloop
endfacet
facet normal -0.0150 0.2883 0.2726
    outer loop
        vertex 1.5343 -1.7900 -1.7525
        vertex 1.5571 -1.6695 -1.8786
        vertex 1.9594 -1.4583 -2.0797
    endloop
endfacet
facet normal -0.0181 0.3480 0.3291
    outer loop
        vertex 1.2335 -1.8394 -1.7168
        vertex 1.4795 -1.7690 -1.7777
        vertex 1.3901 -2.0086 -1.5292
    endloop
endfacet
facet normal -0.0041 0.0798 0.0754
    outer loop
        vertex 1.4795 -1.7690 -1.7777
        vertex 1.2335 -1.8394 -1.7168
        vertex 1.4392 -1.7314 -1.8196
    endloop
endfacet
facet normal -0.0052 0.0991 0.0938
    outer loop
        vertex 1.5343 -1.7900 -1.7525
        vertex 1.3901 -2.0086 -1.5292
        vertex 1.4795 -1.7690 -1.7777
    endloop
endfacet
facet normal -0.0295 -0.0143 0.2995
    outer loop
        vertex 0.8062 5.7384 -3.4071
        vertex 0.7989 5.9232 -3.3990
        vertex 1.0699 5.6258 -3.3864
    endloop
endfacet
facet normal -0.1963 -0.0608 0.6752
    outer loop
        vertex 1.5982 2.7268 -3.6435
        vertex 1.7146 2.1142 -3.6648
        vertex 1.5600 2.0000 -3.7200
    endloop
endfacet
facet normal -0.0315 -0.0097 0.1083
    outer loop
        vertex 1.7487 2.0273 -3.6627
        vertex 1.5600 2.0000 -3.7200
        vertex 1.7146 2.1142 -3.6648
    endloop
endfacet
facet normal 0.0014 0.1554 0.1920
    outer loop
        vertex 0.3776 -1.4055 -2.2402
        vertex 0.4771 -1.2208 -2.3904
        vertex 0.6079 -1.2868 -2.3379
    endloop
endfacet
facet normal 0.0018 0.1980 0.2446
    outer loop
        vertex 0.4771 -1.2208 -2.3904
        vertex 0.3776 -1.4055 -2.2402
        vertex 0.2293 -1.2874 -2.3347
    endloop
endfacet
facet normal 0.0021 0.2372 0.2930
    outer loop
        vertex 0.0000 -1.2724 -2.3452
        vertex 0.2140 -1.0820 -2.5009
        vertex 0.2293 -1.2874 -2.3347
    endloop
endfacet
facet normal 0.0018 0.2075 0.2563
    outer loop
        vertex 0.2140 -1.0820 -2.5009
        vertex 0.0000 -1.2724 -2.3452
        vertex 0.0000 -1.0808 -2.5003
    endloop
endfacet
facet normal 0.0016 0.1819 0.2247
    outer loop
        vertex 0.0000 -0.7600 -2.7600
        vertex 0.3361 -0.9041 -2.6458
        vertex 0.0000 -0.8670 -2.6734
    endloop
endfacet
facet normal 0.0025 0.2768 0.3420
    outer loop
        vertex 0.3361 -0.9041 -2.6458
        vertex 0.0000 -0.7600 -2.7600
        vertex 0.7050 -0.8994 -2.6522
    endloop
endfacet
facet normal 0.0023 0.2624 0.3242
    outer loop
        vertex 0.2140 -1.0820 -2.5009
        vertex 0.4702 -1.1322 -2.4621
        vertex 0.2293 -1.2874 -2.3347
    endloop
endfacet
facet normal 0.0023 0.2617 0.3232
    outer loop
        vertex 0.4702 -1.1322 -2.4621
        vertex 0.2140 -1.0820 -2.5009
        vertex 0.3361 -0.9041 -2.6458
    endloop
endfacet
facet normal 0.0010 0.1134 0.1401
    outer loop
        vertex 0.4771 -1.2208 -2.3904
        vertex 0.2293 -1.2874 -2.3347
        vertex 0.4702 -1.1322 -2.4621
    endloop
endfacet
facet normal 0.0029 0.3206 0.3960
    outer loop
        vertex 0.4702 -1.1322 -2.4621
        vertex 0.3361 -0.9041 -2.6458
        vertex 0.6244 -0.9220 -2.6334
    endloop
endfacet
facet normal 0.0004 0.0401 0.0496
    outer loop
        vertex 0.6244 -0.9220 -2.6334
        vertex 0.3361 -0.9041 -2.6458
        vertex 0.7050 -0.8994 -2.6522
    endloop
endfacet
facet normal 0.0006 0.0688 0.0849
    outer loop
        vertex 1.0911 -1.0379 -2.5429
        vertex 1.0386 -1.0056 -2.5686
        vertex 1.3200 -0.9200 -2.6400
    endloop
endfacet
facet normal 0.0020 0.2239 0.2765
    outer loop
        vertex 1.0386 -1.0056 -2.5686
        vertex 0.8089 -0.9183 -2.6377
        vertex 1.3200 -0.9200 -2.6400
    endloop
endfacet
facet normal -0.0092 -0.0016 0.0276
    outer loop
        vertex 1.6813 5.1687 -3.3364
        vertex 1.7268 5.3154 -3.3126
        vertex 1.6876 5.0919 -3.3388
    endloop
endfacet
facet normal -0.0051 0.2642 0.2824
    outer loop
        vertex 3.5354 -1.7989 -1.6284
        vertex 3.5290 -1.9823 -1.4569
        vertex 3.2810 -2.0304 -1.4164
    endloop
endfacet
facet normal -0.0443 0.9076 0.3794
    outer loop
        vertex 1.8175 -2.3676 -1.0487
        vertex 1.3675 -2.5362 -0.6980
        vertex 1.4054 -2.3870 -1.0503
    endloop
endfacet
facet normal -0.0330 -0.0330 0.3301
    outer loop
        vertex 1.5982 2.7268 -3.6435
        vertex 1.5600 2.0000 -3.7200
        vertex 1.4910 2.0690 -3.7200
    endloop
endfacet
facet normal -0.0157 0.2080 0.2104
    outer loop
        vertex 1.3901 -2.0086 -1.5292
        vertex 1.8743 -2.1470 -1.3563
        vertex 1.4776 -2.1031 -1.4293
    endloop
endfacet
facet normal -0.2201 0.4334 1.7566
    outer loop
        vertex 1.9778 0.4326 -3.2809
        vertex 1.6470 1.1911 -3.5095
        vertex 1.8076 1.6726 -3.6082
    endloop
endfacet
facet normal -0.1443 0.2841 1.1517
    outer loop
        vertex 1.6470 1.1911 -3.5095
        vertex 1.9778 0.4326 -3.2809
        vertex 1.7251 0.4548 -3.3181
    endloop
endfacet
facet normal -0.0145 0.0060 0.0443
    outer loop
        vertex 2.9600 1.9200 -3.3200
        vertex 2.9926 1.7714 -3.2892
        vertex 2.9448 1.7718 -3.3048
    endloop
endfacet
facet normal -0.0712 0.2154 0.4189
    outer loop
        vertex 3.2904 -0.5534 -2.6070
        vertex 3.2231 -0.2586 -2.7700
        vertex 3.5646 -0.7580 -2.4552
    endloop
endfacet
facet normal -0.0532 0.1608 0.3127
    outer loop
        vertex 3.5772 -0.9530 -2.3528
        vertex 3.3222 -0.9772 -2.3837
        vertex 3.5646 -0.7580 -2.4552
    endloop
endfacet
facet normal -0.0476 0.1441 0.2802
    outer loop
        vertex 3.3222 -0.9772 -2.3837
        vertex 3.5772 -0.9530 -2.3528
        vertex 3.3154 -1.1537 -2.2941
    endloop
endfacet
facet normal -0.0430 0.1301 0.2531
    outer loop
        vertex 3.2904 -0.5534 -2.6070
        vertex 3.5646 -0.7580 -2.4552
        vertex 3.3169 -0.7209 -2.5164
    endloop
endfacet
facet normal -0.0627 0.1896 0.3689
    outer loop
        vertex 3.5772 -0.9530 -2.3528
        vertex 3.5708 -1.1833 -2.2355
        vertex 3.3154 -1.1537 -2.2941
    endloop
endfacet
facet normal -0.0367 0.1110 0.2159
    outer loop
        vertex 2.7163 -0.6440 -2.6580
        vertex 2.8209 -0.8748 -2.5216
        vertex 2.6931 -0.9230 -2.5185
    endloop
endfacet
facet normal -0.0589 0.1782 0.3466
    outer loop
        vertex 2.8209 -0.8748 -2.5216
        vertex 2.7163 -0.6440 -2.6580
        vertex 2.9054 -0.5308 -2.6840
    endloop
endfacet
facet normal -0.0672 0.2034 0.3955
    outer loop
        vertex 3.3169 -0.7209 -2.5164
        vertex 3.5646 -0.7580 -2.4552
        vertex 3.3222 -0.9772 -2.3837
    endloop
endfacet
facet normal -0.0473 -0.0268 0.3859
    outer loop
        vertex 0.7989 5.9232 -3.3990
        vertex 1.0539 5.8711 -3.3714
        vertex 1.0699 5.6258 -3.3864
    endloop
endfacet
facet normal -0.0327 -0.0185 0.2666
    outer loop
        vertex 1.0539 5.8711 -3.3714
        vertex 0.7989 5.9232 -3.3990
        vertex 0.8529 6.0794 -3.3816
    endloop
endfacet
facet normal -0.0047 -0.0027 0.0389
    outer loop
        vertex 0.8529 6.0794 -3.3816
        vertex 0.7989 5.9232 -3.3990
        vertex 0.7948 6.0264 -3.3923
    endloop
endfacet
facet normal -0.1332 -0.0754 1.0884
    outer loop
        vertex 1.7016 6.2045 -3.2690
        vertex 1.6890 5.9598 -3.2875
        vertex 0.9851 6.1090 -3.3633
    endloop
endfacet
facet normal -0.0095 0.3332 0.3310
    outer loop
        vertex 1.5848 -1.5233 -2.0250
        vertex 1.9594 -1.4583 -2.0797
        vertex 1.5571 -1.6695 -1.8786
    endloop
endfacet
facet normal -0.0242 0.8517 0.8458
    outer loop
        vertex 1.9594 -1.4583 -2.0797
        vertex 1.5848 -1.5233 -2.0250
        vertex 1.6761 -1.1461 -2.4022
    endloop
endfacet
facet normal -0.0200 0.7037 0.6989
    outer loop
        vertex 1.3349 -1.3311 -2.2257
        vertex 1.6761 -1.1461 -2.4022
        vertex 1.5848 -1.5233 -2.0250
    endloop
endfacet
facet normal -0.0024 0.0873 0.0868
    outer loop
        vertex 1.6761 -1.1461 -2.4022
        vertex 1.3349 -1.3311 -2.2257
        vertex 1.6284 -1.1313 -2.4184
    endloop
endfacet
facet normal -0.0259 0.9082 0.9019
    outer loop
        vertex 1.6761 -1.1461 -2.4022
        vertex 2.0065 -1.0008 -2.5390
        vertex 1.9594 -1.4583 -2.0797
    endloop
endfacet
facet normal -0.0102 0.3585 0.3560
    outer loop
        vertex 2.0065 -1.0008 -2.5390
        vertex 1.6761 -1.1461 -2.4022
        vertex 1.6972 -0.9644 -2.5845
    endloop
endfacet
facet normal -0.0060 0.2138 0.2123
    outer loop
        vertex 1.6284 -1.1313 -2.4184
        vertex 1.3200 -0.9200 -2.6400
        vertex 1.5141 -0.9428 -2.6115
    endloop
endfacet
facet normal -0.0061 0.2138 0.2123
    outer loop
        vertex 1.3200 -0.9200 -2.6400
        vertex 1.2834 -1.3449 -2.2132
        vertex 1.1954 -1.4391 -2.1209
    endloop
endfacet
facet normal -0.1146 0.0056 0.0936
    outer loop
        vertex 3.1944 5.7008 -2.6090
        vertex 3.3046 5.7066 -2.4744
        vertex 3.1601 5.5632 -2.6426
    endloop
endfacet
facet normal -0.2416 0.0119 0.1974
    outer loop
        vertex 3.1696 5.2114 -2.6100
        vertex 3.3104 5.4523 -2.4521
        vertex 3.3033 5.2160 -2.4465
    endloop
endfacet
facet normal -0.0399 0.2171 0.3878
    outer loop
        vertex 3.2231 -0.2586 -2.7700
        vertex 3.5515 -0.5572 -2.5690
        vertex 3.5646 -0.7580 -2.4552
    endloop
endfacet
facet normal -0.0406 0.2205 0.3939
    outer loop
        vertex 3.5515 -0.5572 -2.5690
        vertex 3.2231 -0.2586 -2.7700
        vertex 3.4925 -0.3117 -2.7125
    endloop
endfacet
facet normal -0.0027 0.0147 0.0263
    outer loop
        vertex 3.2838 -0.2066 -2.7929
        vertex 3.3494 -0.1754 -2.8036
        vertex 3.4320 -0.2003 -2.7811
    endloop
endfacet
facet normal -0.0064 0.0370 0.0729
    outer loop
        vertex 2.7163 -0.6440 -2.6580
        vertex 2.6931 -0.9230 -2.5185
        vertex 2.6723 -0.6704 -2.6485
    endloop
endfacet
facet normal -0.0254 0.1475 0.2907
    outer loop
        vertex 2.5102 -0.9464 -2.5226
        vertex 2.5317 -0.6893 -2.6512
        vertex 2.6931 -0.9230 -2.5185
    endloop
endfacet
facet normal -0.0110 0.0640 0.1262
    outer loop
        vertex 2.5317 -0.6893 -2.6512
        vertex 2.5102 -0.9464 -2.5226
        vertex 2.4334 -0.9254 -2.5400
    endloop
endfacet
facet normal -0.0212 0.1229 0.2422
    outer loop
        vertex 2.3041 -0.8419 -2.5936
        vertex 2.5317 -0.6893 -2.6512
        vertex 2.4334 -0.9254 -2.5400
    endloop
endfacet
facet normal -0.0236 0.1370 0.2700
    outer loop
        vertex 2.5317 -0.6893 -2.6512
        vertex 2.3041 -0.8419 -2.5936
        vertex 2.4118 -0.5798 -2.7172
    endloop
endfacet
facet normal -0.0971 0.5635 1.1108
    outer loop
        vertex 2.0065 -1.0008 -2.5390
        vertex 1.6920 -0.7367 -2.7005
        vertex 2.0171 -0.4444 -2.8203
    endloop
endfacet
facet normal -0.0165 0.0960 0.1891
    outer loop
        vertex 1.6920 -0.7367 -2.7005
        vertex 2.0065 -1.0008 -2.5390
        vertex 1.7107 -0.8486 -2.6421
    endloop
endfacet
facet normal -0.0198 0.1151 0.2269
    outer loop
        vertex 1.7107 -0.8486 -2.6421
        vertex 2.0065 -1.0008 -2.5390
        vertex 1.6972 -0.9644 -2.5845
    endloop
endfacet
facet normal -0.0196 0.1139 0.2246
    outer loop
        vertex 2.6931 -0.9230 -2.5185
        vertex 2.5317 -0.6893 -2.6512
        vertex 2.6723 -0.6704 -2.6485
    endloop
endfacet
facet normal -0.0249 0.1447 0.2853
    outer loop
        vertex 1.6346 -0.6479 -2.7506
        vertex 2.0171 -0.4444 -2.8203
        vertex 1.6920 -0.7367 -2.7005
    endloop
endfacet
facet normal -0.0383 0.2220 0.4375
    outer loop
        vertex 2.0171 -0.4444 -2.8203
        vertex 1.6346 -0.6479 -2.7506
        vertex 2.1845 -0.1724 -2.9437
    endloop
endfacet
facet normal -0.0059 0.0609 0.0565
    outer loop
        vertex 3.5561 -1.3806 -2.0244
        vertex 3.5543 -1.4171 -1.9852
        vertex 3.2990 -1.5722 -1.8447
    endloop
endfacet
facet normal -0.0092 0.0955 0.0885
    outer loop
        vertex 3.3154 -1.1537 -2.2941
        vertex 3.5708 -1.1833 -2.2355
        vertex 3.5692 -1.2386 -2.1760
    endloop
endfacet
facet normal -0.1949 -0.0082 0.4721
    outer loop
        vertex 1.8815 5.4664 -3.2522
        vertex 1.9558 5.2205 -3.2258
        vertex 1.6876 5.0919 -3.3388
    endloop
endfacet
facet normal -0.0656 -0.0028 0.1590
    outer loop
        vertex 1.9558 5.2205 -3.2258
        vertex 1.8815 5.4664 -3.2522
        vertex 2.0389 5.2880 -3.1904
    endloop
endfacet
facet normal -0.0525 -0.0022 0.1272
    outer loop
        vertex 1.9572 5.5100 -3.2202
        vertex 2.0389 5.2880 -3.1904
        vertex 1.8815 5.4664 -3.2522
    endloop
endfacet
facet normal -0.0936 -0.0040 0.2268
    outer loop
        vertex 2.0389 5.2880 -3.1904
        vertex 1.9572 5.5100 -3.2202
        vertex 2.1097 5.5396 -3.1567
    endloop
endfacet
facet normal -0.0681 -0.0029 0.1650
    outer loop
        vertex 2.1451 5.2925 -3.1464
        vertex 2.0389 5.2880 -3.1904
        vertex 2.1097 5.5396 -3.1567
    endloop
endfacet
facet normal -0.1030 -0.0043 0.2496
    outer loop
        vertex 2.3950 5.4432 -3.0406
        vertex 2.2298 5.2350 -3.1125
        vertex 2.2625 5.5180 -3.0940
    endloop
endfacet
facet normal -0.1018 -0.0043 0.2465
    outer loop
        vertex 2.2298 5.2350 -3.1125
        vertex 2.3950 5.4432 -3.0406
        vertex 2.4878 5.3215 -3.0044
    endloop
endfacet
facet normal -0.1084 -0.0045 0.2625
    outer loop
        vertex 2.5280 5.1702 -2.9905
        vertex 2.2574 5.1435 -3.1026
        vertex 2.4878 5.3215 -3.0044
    endloop
endfacet
facet normal -0.1057 -0.0045 0.2561
    outer loop
        vertex 2.2574 5.1435 -3.1026
        vertex 2.5280 5.1702 -2.9905
        vertex 2.5092 5.0169 -3.0009
    endloop
endfacet
facet normal -0.0671 -0.0028 0.1626
    outer loop
        vertex 2.4878 5.3215 -3.0044
        vertex 2.2574 5.1435 -3.1026
        vertex 2.2298 5.2350 -3.1125
    endloop
endfacet
facet normal -0.0553 -0.0023 0.1339
    outer loop
        vertex 2.4706 4.9512 -3.0180
        vertex 2.2574 5.1435 -3.1026
        vertex 2.5092 5.0169 -3.0009
    endloop
endfacet
facet normal -0.0670 -0.0028 0.1623
    outer loop
        vertex 2.2574 5.1435 -3.1026
        vertex 2.4706 4.9512 -3.0180
        vertex 2.2309 5.0456 -3.1153
    endloop
endfacet
facet normal -0.0658 -0.0028 0.1593
    outer loop
        vertex 2.1534 4.9698 -3.1486
        vertex 2.2309 5.0456 -3.1153
        vertex 2.4706 4.9512 -3.0180
    endloop
endfacet
facet normal -0.0456 -0.0019 0.1104
    outer loop
        vertex 1.7021 4.9964 -3.3344
        vertex 1.9651 5.0324 -3.2252
        vertex 2.0450 4.9762 -3.1932
    endloop
endfacet
facet normal -0.0633 -0.0027 0.1533
    outer loop
        vertex 1.7021 4.9964 -3.3344
        vertex 1.9284 5.1206 -3.2389
        vertex 1.9651 5.0324 -3.2252
    endloop
endfacet
facet normal -0.0604 -0.0026 0.1464
    outer loop
        vertex 1.9284 5.1206 -3.2389
        vertex 1.7021 4.9964 -3.3344
        vertex 1.6876 5.0919 -3.3388
    endloop
endfacet
facet normal -0.0600 -0.0025 0.1454
    outer loop
        vertex 1.9284 5.1206 -3.2389
        vertex 1.6876 5.0919 -3.3388
        vertex 1.9558 5.2205 -3.2258
    endloop
endfacet
facet normal -0.0560 2.8739 3.0718
    outer loop
        vertex 2.2000 -2.2400 -1.2400
        vertex 3.2990 -1.5722 -1.8447
        vertex 3.2810 -2.0304 -1.4164
    endloop
endfacet
facet normal -0.6240 6.4280 5.9642
    outer loop
        vertex 2.6800 -1.0800 -2.4400
        vertex 3.2990 -1.5722 -1.8447
        vertex 2.2000 -2.2400 -1.2400
    endloop
endfacet
facet normal -0.1747 1.7995 1.6697
    outer loop
        vertex 3.2990 -1.5722 -1.8447
        vertex 2.6800 -1.0800 -2.4400
        vertex 3.3154 -1.1537 -2.2941
    endloop
endfacet
facet normal -0.6463 -0.1327 0.5307
    outer loop
        vertex 4.3600 3.0800 -1.5600
        vertex 3.4090 3.4894 -2.6158
        vertex 3.5469 3.5193 -2.4404
    endloop
endfacet
facet normal -1.8366 -0.3765 1.5083
    outer loop
        vertex 3.4090 3.4894 -2.6158
        vertex 4.3600 3.0800 -1.5600
        vertex 3.1200 3.3600 -3.0000
    endloop
endfacet
facet normal -0.3865 -0.0691 0.3076
    outer loop
        vertex 3.3243 4.0120 -2.5966
        vertex 3.2599 4.3478 -2.6020
        vertex 3.4023 4.3694 -2.4182
    endloop
endfacet
facet normal -0.8689 -0.1554 0.6913
    outer loop
        vertex 3.2599 4.3478 -2.6020
        vertex 3.3243 4.0120 -2.5966
        vertex 3.1200 3.3600 -3.0000
    endloop
endfacet
facet normal -1.3540 0.0666 1.1065
    outer loop
        vertex 3.3104 5.4523 -2.4521
        vertex 4.0400 4.8000 -1.5200
        vertex 3.3033 5.2160 -2.4465
    endloop
endfacet
facet normal -6.4352 0.3152 5.2578
    outer loop
        vertex 4.0400 4.8000 -1.5200
        vertex 3.3104 5.4523 -2.4521
        vertex 3.5970 6.3491 -2.1551
    endloop
endfacet
facet normal -0.0727 -0.0127 0.2178
    outer loop
        vertex 1.7268 5.3154 -3.3126
        vertex 1.6813 5.1687 -3.3364
        vertex 1.6890 5.9598 -3.2875
    endloop
endfacet
facet normal -5.6600 -2.2700 14.3100
    outer loop
        vertex 3.0000 4.9200 -2.8000
        vertex 3.1200 3.3600 -3.0000
        vertex 1.6400 3.5200 -3.5600
    endloop
endfacet
facet normal -0.3625 -0.1168 0.8640
    outer loop
        vertex 2.3184 4.7880 -3.1039
        vertex 1.6400 3.5200 -3.5600
        vertex 2.1756 4.7249 -3.1724
    endloop
endfacet
facet normal -2.0323 -0.6541 4.8416
    outer loop
        vertex 1.6400 3.5200 -3.5600
        vertex 2.3184 4.7880 -3.1039
        vertex 3.0000 4.9200 -2.8000
    endloop
endfacet
facet normal -5.0603 -2.2660 12.7261
    outer loop
        vertex 3.1200 3.3600 -3.0000
        vertex 2.8862 2.0095 -3.3334
        vertex 1.6400 3.5200 -3.5600
    endloop
endfacet
facet normal -0.2816 -0.1259 0.7076
    outer loop
        vertex 2.8862 2.0095 -3.3334
        vertex 3.1200 3.3600 -3.0000
        vertex 2.9698 2.0082 -3.3004
    endloop
endfacet
facet normal -1.2826 -0.3969 4.4097
    outer loop
        vertex 1.5982 2.7268 -3.6435
        vertex 2.8862 2.0095 -3.3334
        vertex 1.7146 2.1142 -3.6648
    endloop
endfacet
facet normal -1.9112 -0.5911 6.5720
    outer loop
        vertex 2.8862 2.0095 -3.3334
        vertex 1.5982 2.7268 -3.6435
        vertex 1.6400 3.5200 -3.5600
    endloop
endfacet
facet normal -0.0800 1.5342 1.4512
    outer loop
        vertex 1.9594 -1.4583 -2.0797
        vertex 2.2000 -2.2400 -1.2400
        vertex 1.8743 -2.1470 -1.3563
    endloop
endfacet
facet normal -0.2251 4.3238 4.0897
    outer loop
        vertex 2.2000 -2.2400 -1.2400
        vertex 1.9594 -1.4583 -2.0797
        vertex 2.6800 -1.0800 -2.4400
    endloop
endfacet
facet normal -0.0083 0.2181 0.1381
    outer loop
        vertex 1.8526 -2.2312 -1.2746
        vertex 2.2000 -2.2400 -1.2400
        vertex 1.8363 -2.2944 -1.1758
    endloop
endfacet
facet normal -0.0229 0.4632 0.2631
    outer loop
        vertex 3.2845 -2.2983 -1.0429
        vertex 2.2000 -2.2400 -1.2400
        vertex 3.2840 -2.2595 -1.1114
    endloop
endfacet
facet normal -0.0874 1.7679 1.0043
    outer loop
        vertex 2.2000 -2.2400 -1.2400
        vertex 3.2845 -2.2983 -1.0429
        vertex 1.8175 -2.3676 -1.0487
    endloop
endfacet
facet normal -0.2435 2.2205 0.6218
    outer loop
        vertex 3.2870 -2.4853 -0.5047
        vertex 3.2678 -2.6460 0.0618
        vertex 2.6400 -2.7200 0.0800
    endloop
endfacet
facet normal -0.4868 -0.2042 0.3795
    outer loop
        vertex 3.6378 3.1941 -2.4251
        vertex 3.1200 3.3600 -3.0000
        vertex 4.3600 3.0800 -1.5600
    endloop
endfacet
facet normal -2.9632 0.0574 2.2069
    outer loop
        vertex 3.5970 6.3491 -2.1551
        vertex 3.8023 6.4281 -1.8814
        vertex 4.0400 4.8000 -1.5200
    endloop
endfacet
facet normal -0.2732 -0.0635 0.4225
    outer loop
        vertex 3.1200 3.3600 -3.0000
        vertex 3.0197 2.0074 -3.2682
        vertex 2.9698 2.0082 -3.3004
    endloop
endfacet
facet normal -5.0153 -1.1663 7.7562
    outer loop
        vertex 3.0197 2.0074 -3.2682
        vertex 3.1200 3.3600 -3.0000
        vertex 3.9380 2.0184 -2.6728
    endloop
endfacet
facet normal -0.3319 -0.1393 0.2587
    outer loop
        vertex 3.8312 2.3483 -2.6323
        vertex 3.8102 2.7070 -2.4661
        vertex 3.9442 2.3879 -2.4659
    endloop
endfacet
facet normal -0.3333 -0.1398 0.2598
    outer loop
        vertex 3.8102 2.7070 -2.4661
        vertex 3.8312 2.3483 -2.6323
        vertex 3.6963 2.6725 -2.6308
    endloop
endfacet
facet normal -0.1418 -0.0256 0.1128
    outer loop
        vertex 4.0400 4.8000 -1.5200
        vertex 3.3353 4.8640 -2.3912
        vertex 3.0000 4.9200 -2.8000
    endloop
endfacet
facet normal -0.1794 -0.0867 1.8173
    outer loop
        vertex 1.1648 5.0116 -3.4064
        vertex 1.0699 5.6258 -3.3864
        vertex 1.6400 5.0000 -3.3600
    endloop
endfacet
facet normal -0.0574 1.1754 0.4914
    outer loop
        vertex 3.2852 -2.3519 -0.9147
        vertex 1.8175 -2.3676 -1.0487
        vertex 3.2845 -2.2983 -1.0429
    endloop
endfacet
facet normal -0.2060 4.2161 1.7623
    outer loop
        vertex 1.8175 -2.3676 -1.0487
        vertex 3.2852 -2.3519 -0.9147
        vertex 1.7678 -2.5602 -0.5936
    endloop
endfacet
facet normal -0.0961 -0.0959 0.9596
    outer loop
        vertex 1.5982 2.7268 -3.6435
        vertex 1.4467 3.5247 -3.5789
        vertex 1.6400 3.5200 -3.5600
    endloop
endfacet
facet normal -0.0138 0.1821 0.1842
    outer loop
        vertex 1.8526 -2.2312 -1.2746
        vertex 1.8743 -2.1470 -1.3563
        vertex 2.2000 -2.2400 -1.2400
    endloop
endfacet
facet normal -0.0716 -0.0081 0.1062
    outer loop
        vertex 2.7257 6.1248 -2.8923
        vertex 3.1944 5.7008 -2.6090
        vertex 3.1565 5.6988 -2.6346
    endloop
endfacet
facet normal -1.3519 -0.1542 2.0054
    outer loop
        vertex 3.1944 5.7008 -2.6090
        vertex 2.7257 6.1248 -2.8923
        vertex 3.3335 6.2597 -2.4722
    endloop
endfacet
facet normal -0.1496 0.4525 0.8799
    outer loop
        vertex 2.6800 -1.0800 -2.4400
        vertex 2.8209 -0.8748 -2.5216
        vertex 3.3154 -1.1537 -2.2941
    endloop
endfacet
facet normal -0.0206 0.0625 0.1215
    outer loop
        vertex 2.8209 -0.8748 -2.5216
        vertex 2.6800 -1.0800 -2.4400
        vertex 2.6931 -0.9230 -2.5185
    endloop
endfacet
facet normal -0.4422 -0.2503 3.6118
    outer loop
        vertex 1.0699 5.6258 -3.3864
        vertex 1.6890 5.9598 -3.2875
        vertex 1.6400 5.0000 -3.3600
    endloop
endfacet
facet normal -0.1203 -0.0682 0.9828
    outer loop
        vertex 1.6890 5.9598 -3.2875
        vertex 1.0699 5.6258 -3.3864
        vertex 1.0539 5.8711 -3.3714
    endloop
endfacet
facet normal -0.0557 1.9628 1.9494
    outer loop
        vertex 2.0065 -1.0008 -2.5390
        vertex 2.6800 -1.0800 -2.4400
        vertex 1.9594 -1.4583 -2.0797
    endloop
endfacet
facet normal -0.0155 0.0900 0.1775
    outer loop
        vertex 2.5102 -0.9464 -2.5226
        vertex 2.6931 -0.9230 -2.5185
        vertex 2.6800 -1.0800 -2.4400
    endloop
endfacet
facet normal -0.7892 -0.5055 0.7563
    outer loop
        vertex 4.8045 1.4193 -2.0867
        vertex 5.0000 1.6970 -1.6970
        vertex 5.0000 1.0781 -2.1107
    endloop
endfacet
facet normal -0.6215 5.3864 1.4745
    outer loop
        vertex 3.2861 -2.4186 -0.7487
        vertex 2.6400 -2.7200 0.0800
        vertex 1.6000 -2.8400 0.0800
    endloop
endfacet
facet normal -0.1141 0.9898 0.2711
    outer loop
        vertex 2.6400 -2.7200 0.0800
        vertex 3.2861 -2.4186 -0.7487
        vertex 3.2870 -2.4853 -0.5047
    endloop
endfacet
facet normal -0.1566 -0.0066 0.3794
    outer loop
        vertex 2.1719 6.0272 -3.1226
        vertex 2.3950 5.4432 -3.0406
        vertex 2.2625 5.5180 -3.0940
    endloop
endfacet
facet normal -0.8906 -0.0375 2.1574
    outer loop
        vertex 2.3950 5.4432 -3.0406
        vertex 2.1719 6.0272 -3.1226
        vertex 2.7257 6.1248 -2.8923
    endloop
endfacet
facet normal -0.0152 -0.0006 0.0367
    outer loop
        vertex 1.6876 5.0919 -3.3388
        vertex 1.7021 4.9964 -3.3344
        vertex 1.6400 5.0000 -3.3600
    endloop
endfacet
facet normal -0.0386 -0.0016 0.0934
    outer loop
        vertex 2.2309 5.0456 -3.1153
        vertex 2.1451 5.2925 -3.1464
        vertex 2.2574 5.1435 -3.1026
    endloop
endfacet
facet normal -0.0686 -0.0029 0.1663
    outer loop
        vertex 2.1451 5.2925 -3.1464
        vertex 2.2309 5.0456 -3.1153
        vertex 2.0389 5.2880 -3.1904
    endloop
endfacet
facet normal -0.1471 2.0645 1.5519
    outer loop
        vertex 3.2810 -2.0304 -1.4164
        vertex 3.2840 -2.2595 -1.1114
        vertex 2.2000 -2.2400 -1.2400
    endloop
endfacet
facet normal -0.1810 3.4653 1.3940
    outer loop
        vertex 3.2861 -2.4186 -0.7487
        vertex 1.6000 -2.8400 0.0800
        vertex 1.7388 -2.6730 -0.3170
    endloop
endfacet
facet normal -0.1805 -0.2416 1.7882
    outer loop
        vertex 1.4467 3.5247 -3.5789
        vertex 1.6400 5.0000 -3.3600
        vertex 1.6400 3.5200 -3.5600
    endloop
endfacet
facet normal -0.4433 -0.5941 4.3960
    outer loop
        vertex 1.6400 5.0000 -3.3600
        vertex 1.4467 3.5247 -3.5789
        vertex 1.1648 5.0116 -3.4064
    endloop
endfacet
facet normal -2.1435 -1.1958 2.0583
    outer loop
        vertex 4.1577 1.9336 -2.4366
        vertex 4.3600 3.0800 -1.5600
        vertex 4.4252 1.8216 -2.2231
    endloop
endfacet
facet normal -3.8921 -2.1716 3.7380
    outer loop
        vertex 4.5622 1.7085 -2.1462
        vertex 4.3600 3.0800 -1.5600
        vertex 5.0000 1.6970 -1.6970
    endloop
endfacet
facet normal -1.0739 -0.5992 1.0313
    outer loop
        vertex 4.3600 3.0800 -1.5600
        vertex 4.5622 1.7085 -2.1462
        vertex 4.4252 1.8216 -2.2231
    endloop
endfacet
facet normal -0.6077 -0.1248 0.4991
    outer loop
        vertex 3.4090 3.4894 -2.6158
        vertex 3.1200 3.3600 -3.0000
        vertex 3.3672 3.7470 -2.6022
    endloop
endfacet
facet normal -2.2093 -0.4533 1.8143
    outer loop
        vertex 3.4748 3.9153 -2.4293
        vertex 4.3600 3.0800 -1.5600
        vertex 3.5469 3.5193 -2.4404
    endloop
endfacet
facet normal -9.5536 -1.9599 7.8458
    outer loop
        vertex 4.3600 3.0800 -1.5600
        vertex 3.4748 3.9153 -2.4293
        vertex 4.0400 4.8000 -1.5200
    endloop
endfacet
facet normal -0.6450 -0.1154 0.5132
    outer loop
        vertex 3.3243 4.0120 -2.5966
        vertex 3.3672 3.7470 -2.6022
        vertex 3.1200 3.3600 -3.0000
    endloop
endfacet
facet normal -2.6454 -0.4734 2.1051
    outer loop
        vertex 3.0000 4.9200 -2.8000
        vertex 3.2599 4.3478 -2.6020
        vertex 3.1200 3.3600 -3.0000
    endloop
endfacet
facet normal -0.7512 -0.1344 0.5978
    outer loop
        vertex 3.2599 4.3478 -2.6020
        vertex 3.0000 4.9200 -2.8000
        vertex 3.1992 4.8495 -2.5656
    endloop
endfacet
facet normal -0.0093 -0.0017 0.0074
    outer loop
        vertex 3.4023 4.3694 -2.4182
        vertex 3.4748 3.9153 -2.4293
        vertex 3.4539 4.0299 -2.4298
    endloop
endfacet
facet normal -2.5197 -0.4507 2.0048
    outer loop
        vertex 3.4748 3.9153 -2.4293
        vertex 3.4023 4.3694 -2.4182
        vertex 4.0400 4.8000 -1.5200
    endloop
endfacet
facet normal -0.3527 -0.0631 0.2807
    outer loop
        vertex 3.4023 4.3694 -2.4182
        vertex 3.4539 4.0299 -2.4298
        vertex 3.3243 4.0120 -2.5966
    endloop
endfacet
facet normal -0.4773 0.0234 0.3900
    outer loop
        vertex 3.0000 4.9200 -2.8000
        vertex 3.1601 5.5632 -2.6426
        vertex 3.1696 5.2114 -2.6100
    endloop
endfacet
facet normal -0.2923 0.0143 0.2389
    outer loop
        vertex 3.3033 5.2160 -2.4465
        vertex 3.0000 4.9200 -2.8000
        vertex 3.1696 5.2114 -2.6100
    endloop
endfacet
facet normal -2.6328 0.1289 2.1512
    outer loop
        vertex 3.0000 4.9200 -2.8000
        vertex 3.3033 5.2160 -2.4465
        vertex 4.0400 4.8000 -1.5200
    endloop
endfacet
facet normal -1.0948 0.0536 0.8946
    outer loop
        vertex 3.3046 5.7066 -2.4744
        vertex 3.3335 6.2597 -2.4722
        vertex 3.5970 6.3491 -2.1551
    endloop
endfacet
facet normal -0.4652 0.0228 0.3801
    outer loop
        vertex 3.3335 6.2597 -2.4722
        vertex 3.3046 5.7066 -2.4744
        vertex 3.1944 5.7008 -2.6090
    endloop
endfacet
facet normal -0.5970 0.0292 0.4878
    outer loop
        vertex 3.5970 6.3491 -2.1551
        vertex 3.3104 5.4523 -2.4521
        vertex 3.3046 5.7066 -2.4744
    endloop
endfacet
facet normal -0.5233 -0.0919 1.5699
    outer loop
        vertex 1.8815 5.4664 -3.2522
        vertex 1.6890 5.9598 -3.2875
        vertex 2.1719 6.0272 -3.1226
    endloop
endfacet
facet normal -0.0730 -0.0128 0.2187
    outer loop
        vertex 1.6890 5.9598 -3.2875
        vertex 1.8815 5.4664 -3.2522
        vertex 1.8236 5.4331 -3.2735
    endloop
endfacet
facet normal -0.0088 -0.0015 0.0264
    outer loop
        vertex 1.6876 5.0919 -3.3388
        vertex 1.6400 5.0000 -3.3600
        vertex 1.6813 5.1687 -3.3364
    endloop
endfacet
facet normal -0.1391 -0.0244 0.4177
    outer loop
        vertex 1.8236 5.4331 -3.2735
        vertex 1.7268 5.3154 -3.3126
        vertex 1.6890 5.9598 -3.2875
    endloop
endfacet
facet normal -0.0653 -0.0115 0.1962
    outer loop
        vertex 1.6400 5.0000 -3.3600
        vertex 1.6890 5.9598 -3.2875
        vertex 1.6813 5.1687 -3.3364
    endloop
endfacet
facet normal -0.4783 -0.1540 1.1396
    outer loop
        vertex 1.6400 5.0000 -3.3600
        vertex 1.7632 4.8737 -3.3254
        vertex 1.6400 3.5200 -3.5600
    endloop
endfacet
facet normal -0.0194 -0.0062 0.0462
    outer loop
        vertex 1.7632 4.8737 -3.3254
        vertex 1.6400 5.0000 -3.3600
        vertex 1.7021 4.9964 -3.3344
    endloop
endfacet
facet normal -0.0910 -0.0294 0.2167
    outer loop
        vertex 2.4706 4.9512 -3.0180
        vertex 3.0000 4.9200 -2.8000
        vertex 2.4335 4.8878 -3.0421
    endloop
endfacet
facet normal -0.1387 -0.0447 0.3304
    outer loop
        vertex 3.0000 4.9200 -2.8000
        vertex 2.3184 4.7880 -3.1039
        vertex 2.4335 4.8878 -3.0421
    endloop
endfacet
facet normal -0.4391 -0.1414 1.0465
    outer loop
        vertex 1.7632 4.8737 -3.3254
        vertex 1.8782 4.7778 -3.2901
        vertex 1.6400 3.5200 -3.5600
    endloop
endfacet
facet normal -0.5022 -0.1616 1.1961
    outer loop
        vertex 1.8782 4.7778 -3.2901
        vertex 2.0203 4.7251 -3.2375
        vertex 1.6400 3.5200 -3.5600
    endloop
endfacet
facet normal -0.4912 -0.1582 1.1703
    outer loop
        vertex 2.0203 4.7251 -3.2375
        vertex 2.1756 4.7249 -3.1724
        vertex 1.6400 3.5200 -3.5600
    endloop
endfacet
facet normal -0.1785 -0.0553 0.6139
    outer loop
        vertex 2.8862 2.0095 -3.3334
        vertex 1.7487 2.0273 -3.6627
        vertex 1.7146 2.1142 -3.6648
    endloop
endfacet
facet normal -0.0139 0.2814 0.1599
    outer loop
        vertex 2.2000 -2.2400 -1.2400
        vertex 1.8175 -2.3676 -1.0487
        vertex 1.8363 -2.2944 -1.1758
    endloop
endfacet
facet normal -5.0409 -2.1155 3.9295
    outer loop
        vertex 4.1577 1.9336 -2.4366
        vertex 3.7736 2.8649 -2.4280
        vertex 4.3600 3.0800 -1.5600
    endloop
endfacet
facet normal -0.1948 -0.0818 0.1520
    outer loop
        vertex 3.7736 2.8649 -2.4280
        vertex 4.1577 1.9336 -2.4366
        vertex 3.9442 2.3879 -2.4659
    endloop
endfacet
facet normal -0.2667 -0.1119 0.2079
    outer loop
        vertex 3.6378 3.1941 -2.4251
        vertex 3.5090 3.1711 -2.6026
        vertex 3.1200 3.3600 -3.0000
    endloop
endfacet
facet normal -1.7820 -0.7478 1.3891
    outer loop
        vertex 4.3600 3.0800 -1.5600
        vertex 3.7736 2.8649 -2.4280
        vertex 3.6378 3.1941 -2.4251
    endloop
endfacet
facet normal -0.1900 -0.0443 0.2938
    outer loop
        vertex 3.9545 1.9674 -2.6698
        vertex 3.0197 2.0074 -3.2682
        vertex 3.9380 2.0184 -2.6728
    endloop
endfacet
facet normal -1.0144 -0.4256 0.7907
    outer loop
        vertex 3.1200 3.3600 -3.0000
        vertex 3.8312 2.3483 -2.6323
        vertex 3.9380 2.0184 -2.6728
    endloop
endfacet
facet normal -0.7547 -0.3167 0.5884
    outer loop
        vertex 3.8312 2.3483 -2.6323
        vertex 3.1200 3.3600 -3.0000
        vertex 3.6963 2.6725 -2.6308
    endloop
endfacet
facet normal -1.2715 -0.5336 0.9911
    outer loop
        vertex 3.6963 2.6725 -2.6308
        vertex 3.1200 3.3600 -3.0000
        vertex 3.5090 3.1711 -2.6026
    endloop
endfacet
facet normal -0.0762 -0.0320 0.0594
    outer loop
        vertex 3.8102 2.7070 -2.4661
        vertex 3.7736 2.8649 -2.4280
        vertex 3.9442 2.3879 -2.4659
    endloop
endfacet
facet normal -0.0907 -0.0381 0.0708
    outer loop
        vertex 3.9442 2.3879 -2.4659
        vertex 4.1577 1.9336 -2.4366
        vertex 4.1267 1.9466 -2.4694
    endloop
endfacet
facet normal -0.0979 -0.0175 0.0780
    outer loop
        vertex 3.3353 4.8640 -2.3912
        vertex 3.1992 4.8495 -2.5656
        vertex 3.0000 4.9200 -2.8000
    endloop
endfacet
facet normal -2.7038 -0.4837 2.1514
    outer loop
        vertex 4.0400 4.8000 -1.5200
        vertex 3.4023 4.3694 -2.4182
        vertex 3.3353 4.8640 -2.3912
    endloop
endfacet
facet normal -1.5561 -0.1775 2.3083
    outer loop
        vertex 2.7257 6.1248 -2.8923
        vertex 3.1601 5.5632 -2.6426
        vertex 3.0000 4.9200 -2.8000
    endloop
endfacet
facet normal -0.2396 -0.0273 0.3555
    outer loop
        vertex 3.1601 5.5632 -2.6426
        vertex 2.7257 6.1248 -2.8923
        vertex 3.1565 5.6988 -2.6346
    endloop
endfacet
facet normal -0.0926 0.2800 0.5447
    outer loop
        vertex 3.3169 -0.7209 -2.5164
        vertex 2.8209 -0.8748 -2.5216
        vertex 3.2904 -0.5534 -2.6070
    endloop
endfacet
facet normal -0.1360 0.4113 0.7998
    outer loop
        vertex 2.8209 -0.8748 -2.5216
        vertex 3.3169 -0.7209 -2.5164
        vertex 3.3222 -0.9772 -2.3837
    endloop
endfacet
facet normal -0.0947 0.2865 0.5572
    outer loop
        vertex 3.3154 -1.1537 -2.2941
        vertex 2.8209 -0.8748 -2.5216
        vertex 3.3222 -0.9772 -2.3837
    endloop
endfacet
facet normal -0.0895 0.5196 1.0242
    outer loop
        vertex 2.3041 -0.8419 -2.5936
        vertex 2.0065 -1.0008 -2.5390
        vertex 2.0171 -0.4444 -2.8203
    endloop
endfacet
facet normal -0.0248 0.1440 0.2838
    outer loop
        vertex 2.4334 -0.9254 -2.5400
        vertex 2.0065 -1.0008 -2.5390
        vertex 2.3041 -0.8419 -2.5936
    endloop
endfacet
facet normal -0.0462 0.2682 0.5287
    outer loop
        vertex 2.4334 -0.9254 -2.5400
        vertex 2.6800 -1.0800 -2.4400
        vertex 2.0065 -1.0008 -2.5390
    endloop
endfacet
facet normal -0.0037 0.0212 0.0418
    outer loop
        vertex 2.6800 -1.0800 -2.4400
        vertex 2.4334 -0.9254 -2.5400
        vertex 2.5102 -0.9464 -2.5226
    endloop
endfacet
facet normal -0.8075 -0.5172 0.7738
    outer loop
        vertex 4.5622 1.7085 -2.1462
        vertex 5.0000 1.6970 -1.6970
        vertex 4.8045 1.4193 -2.0867
    endloop
endfacet
facet normal -0.0769 -0.0032 0.1861
    outer loop
        vertex 1.9572 5.5100 -3.2202
        vertex 1.8815 5.4664 -3.2522
        vertex 2.1719 6.0272 -3.1226
    endloop
endfacet
facet normal -0.1872 -0.0079 0.4535
    outer loop
        vertex 2.1097 5.5396 -3.1567
        vertex 1.9572 5.5100 -3.2202
        vertex 2.1719 6.0272 -3.1226
    endloop
endfacet
facet normal -1.3078 -0.0551 3.1682
    outer loop
        vertex 2.4878 5.3215 -3.0044
        vertex 2.7257 6.1248 -2.8923
        vertex 3.0000 4.9200 -2.8000
    endloop
endfacet
facet normal -0.2671 -0.0112 0.6469
    outer loop
        vertex 2.7257 6.1248 -2.8923
        vertex 2.4878 5.3215 -3.0044
        vertex 2.3950 5.4432 -3.0406
    endloop
endfacet
facet normal -0.0928 -0.0038 0.2249
    outer loop
        vertex 2.5092 5.0169 -3.0009
        vertex 3.0000 4.9200 -2.8000
        vertex 2.4706 4.9512 -3.0180
    endloop
endfacet
facet normal -0.1989 -0.0084 0.4817
    outer loop
        vertex 2.5280 5.1702 -2.9905
        vertex 3.0000 4.9200 -2.8000
        vertex 2.5092 5.0169 -3.0009
    endloop
endfacet
facet normal -0.1956 -0.0082 0.4741
    outer loop
        vertex 2.2625 5.5180 -3.0940
        vertex 2.1097 5.5396 -3.1567
        vertex 2.1719 6.0272 -3.1226
    endloop
endfacet
facet normal -0.1583 -0.0066 0.3835
    outer loop
        vertex 2.4878 5.3215 -3.0044
        vertex 3.0000 4.9200 -2.8000
        vertex 2.5280 5.1702 -2.9905
    endloop
endfacet
facet normal -0.0225 -0.0010 0.0544
    outer loop
        vertex 2.0450 4.9762 -3.1932
        vertex 2.2309 5.0456 -3.1153
        vertex 2.1534 4.9698 -3.1486
    endloop
endfacet
facet normal -0.1507 -0.0063 0.3650
    outer loop
        vertex 2.2309 5.0456 -3.1153
        vertex 2.0450 4.9762 -3.1932
        vertex 2.0389 5.2880 -3.1904
    endloop
endfacet
facet normal -0.0374 -0.0016 0.0907
    outer loop
        vertex 1.9651 5.0324 -3.2252
        vertex 1.9558 5.2205 -3.2258
        vertex 2.0450 4.9762 -3.1932
    endloop
endfacet
facet normal -0.0157 -0.0007 0.0381
    outer loop
        vertex 1.9558 5.2205 -3.2258
        vertex 1.9651 5.0324 -3.2252
        vertex 1.9284 5.1206 -3.2389
    endloop
endfacet
facet normal -0.0679 -0.0029 0.1644
    outer loop
        vertex 2.0450 4.9762 -3.1932
        vertex 1.9558 5.2205 -3.2258
        vertex 2.0389 5.2880 -3.1904
    endloop
endfacet
facet normal -0.0159 -0.0007 0.0385
    outer loop
        vertex 2.2298 5.2350 -3.1125
        vertex 2.2574 5.1435 -3.1026
        vertex 2.1451 5.2925 -3.1464
    endloop
endfacet
facet normal -0.1355 2.5961 1.0446
    outer loop
        vertex 1.7678 -2.5602 -0.5936
        vertex 3.2861 -2.4186 -0.7487
        vertex 1.7388 -2.6730 -0.3170
    endloop
endfacet
facet normal -0.0823 1.5764 0.6339
    outer loop
        vertex 3.2861 -2.4186 -0.7487
        vertex 1.7678 -2.5602 -0.5936
        vertex 3.2852 -2.3519 -0.9147
    endloop
endfacet
facet normal -0.0006 -0.0006 0.0234
    outer loop
        vertex 1.5043 2.0014 -3.7214
        vertex 1.4910 2.0690 -3.7200
        vertex 1.5600 2.0000 -3.7200
    endloop
endfacet
facet normal -0.0023 0.0131 0.0546
    outer loop
        vertex 1.5441 1.7991 -3.6724
        vertex 1.5131 1.9567 -3.7116
        vertex 1.5600 2.0000 -3.7200
    endloop
endfacet
facet normal -0.0003 0.0033 0.0155
    outer loop
        vertex 1.5131 1.9567 -3.7116
        vertex 1.5043 2.0014 -3.7214
        vertex 1.5600 2.0000 -3.7200
    endloop
endfacet
facet normal -0.0241 0.4365 0.8472
    outer loop
        vertex 0.7691 -0.2558 -2.9979
        vertex 0.4682 -0.6989 -2.7781
        vertex 0.5928 -0.0650 -3.1012
    endloop
endfacet
facet normal -0.0219 0.3977 0.7718
    outer loop
        vertex 0.4682 -0.6989 -2.7781
        vertex 0.7691 -0.2558 -2.9979
        vertex 0.7662 -0.6706 -2.7842
    endloop
endfacet
facet normal -0.0540 0.9757 1.8936
    outer loop
        vertex 0.4682 -0.6989 -2.7781
        vertex 0.0000 -0.6494 -2.8170
        vertex 0.5928 -0.0650 -3.1012
    endloop
endfacet
facet normal -0.0076 0.1456 0.2819
    outer loop
        vertex 1.2459 -0.5004 -2.8588
        vertex 1.3774 -0.2497 -2.9847
        vertex 1.3423 -0.6595 -2.7740
    endloop
endfacet
facet normal -0.0038 0.0738 0.1428
    outer loop
        vertex 1.3774 -0.2497 -2.9847
        vertex 1.2459 -0.5004 -2.8588
        vertex 1.3272 -0.1719 -3.0263
    endloop
endfacet
facet normal -0.0186 0.3570 0.6911
    outer loop
        vertex 0.9954 -0.1525 -3.0452
        vertex 1.3272 -0.1719 -3.0263
        vertex 1.2459 -0.5004 -2.8588
    endloop
endfacet
facet normal -0.0163 0.3133 0.6065
    outer loop
        vertex 1.3272 -0.1719 -3.0263
        vertex 0.9954 -0.1525 -3.0452
        vertex 1.0774 0.1352 -3.1916
    endloop
endfacet
facet normal -0.0203 0.3911 0.7571
    outer loop
        vertex 0.9954 -0.1525 -3.0452
        vertex 0.6708 0.1861 -3.2288
        vertex 1.0774 0.1352 -3.1916
    endloop
endfacet
facet normal -0.0103 0.1983 0.3837
    outer loop
        vertex 0.5928 -0.0650 -3.1012
        vertex 0.9954 -0.1525 -3.0452
        vertex 0.7691 -0.2558 -2.9979
    endloop
endfacet
facet normal -0.0181 0.3485 0.6746
    outer loop
        vertex 0.9954 -0.1525 -3.0452
        vertex 0.5928 -0.0650 -3.1012
        vertex 0.6708 0.1861 -3.2288
    endloop
endfacet
facet normal -0.0175 0.3377 0.6537
    outer loop
        vertex 1.2459 -0.5004 -2.8588
        vertex 0.7691 -0.2558 -2.9979
        vertex 0.9954 -0.1525 -3.0452
    endloop
endfacet
facet normal -0.0284 0.5435 1.0527
    outer loop
        vertex 0.7691 -0.2558 -2.9979
        vertex 1.2459 -0.5004 -2.8588
        vertex 1.1496 -0.8043 -2.7045
    endloop
endfacet
facet normal -0.0076 0.1440 0.2790
    outer loop
        vertex 1.3423 -0.6595 -2.7740
        vertex 1.1496 -0.8043 -2.7045
        vertex 1.2459 -0.5004 -2.8588
    endloop
endfacet
facet normal -0.0081 0.1517 0.2936
    outer loop
        vertex 1.1496 -0.8043 -2.7045
        vertex 1.3423 -0.6595 -2.7740
        vertex 1.3200 -0.9200 -2.6400
    endloop
endfacet
facet normal -0.0277 0.5007 0.9721
    outer loop
        vertex 0.0000 -0.7600 -2.7600
        vertex 0.4682 -0.6989 -2.7781
        vertex 1.3200 -0.9200 -2.6400
    endloop
endfacet
facet normal -0.0092 0.1667 0.3236
    outer loop
        vertex 0.4682 -0.6989 -2.7781
        vertex 0.0000 -0.7600 -2.7600
        vertex 0.0000 -0.6494 -2.8170
    endloop
endfacet
facet normal -0.0108 0.1961 0.3805
    outer loop
        vertex 0.4682 -0.6989 -2.7781
        vertex 1.1496 -0.8043 -2.7045
        vertex 1.3200 -0.9200 -2.6400
    endloop
endfacet
facet normal -0.0090 0.1632 0.3168
    outer loop
        vertex 1.1496 -0.8043 -2.7045
        vertex 0.4682 -0.6989 -2.7781
        vertex 0.7662 -0.6706 -2.7842
    endloop
endfacet
facet normal -0.0035 0.0666 0.1290
    outer loop
        vertex 1.4085 0.1128 -3.1711
        vertex 1.3774 -0.2497 -2.9847
        vertex 1.3272 -0.1719 -3.0263
    endloop
endfacet
facet normal -0.0162 0.3102 0.6005
    outer loop
        vertex 1.4085 0.1128 -3.1711
        vertex 1.3272 -0.1719 -3.0263
        vertex 1.0774 0.1352 -3.1916
    endloop
endfacet
facet normal -0.0283 0.5134 0.9963
    outer loop
        vertex 0.7691 -0.2558 -2.9979
        vertex 1.1496 -0.8043 -2.7045
        vertex 0.7662 -0.6706 -2.7842
    endloop
endfacet
facet normal -0.0118 0.0117 -0.4431
    outer loop
        vertex 0.0000 3.5600 -3.7200
        vertex -0.4290 2.6226 -3.7334
        vertex -0.5279 2.5718 -3.7321
    endloop
endfacet
facet normal 0.0183 0.0183 -0.6915
    outer loop
        vertex 0.8090 2.3827 -3.7297
        vertex 0.6610 2.4614 -3.7315
        vertex 0.0000 3.5600 -3.7200
    endloop
endfacet
facet normal 0.0902 0.0902 -3.4318
    outer loop
        vertex 0.0000 3.5600 -3.7200
        vertex 1.4910 2.0690 -3.7200
        vertex 0.8090 2.3827 -3.7297
    endloop
endfacet
facet normal 0.0010 -0.0197 -0.0382
    outer loop
        vertex 1.1254 0.4778 -3.3673
        vertex 1.1301 0.4972 -3.3772
        vertex 1.4400 0.4800 -3.3600
    endloop
endfacet
facet normal 0.0194 -0.3729 -0.7217
    outer loop
        vertex 1.4400 0.4800 -3.3600
        vertex 1.4085 0.1128 -3.1711
        vertex 1.1254 0.4778 -3.3673
    endloop
endfacet
facet normal -0.0246 -0.4729 -0.9154
    outer loop
        vertex -1.0431 0.5020 -3.3820
        vertex -1.4085 0.1128 -3.1711
        vertex -1.4400 0.4800 -3.3600
    endloop
endfacet
facet normal -0.0639 -1.1607 -2.2532
    outer loop
        vertex 0.0000 -0.6494 -2.8170
        vertex -0.5928 -0.0650 -3.1012
        vertex -0.1213 0.0784 -3.1884
    endloop
endfacet
facet normal -0.0153 -0.2790 -0.5417
    outer loop
        vertex -0.1213 0.0784 -3.1884
        vertex 0.0000 0.0650 -3.1850
        vertex 0.0000 -0.6494 -2.8170
    endloop
endfacet
facet normal 0.0207 -0.3766 -0.7312
    outer loop
        vertex 0.0000 -0.6494 -2.8170
        vertex 0.0000 0.0650 -3.1850
        vertex 0.1638 0.0927 -3.1946
    endloop
endfacet
facet normal 0.0610 -1.1081 -2.1512
    outer loop
        vertex 0.1638 0.0927 -3.1946
        vertex 0.5928 -0.0650 -3.1012
        vertex 0.0000 -0.6494 -2.8170
    endloop
endfacet
facet normal 0.0232 -0.2506 -1.1587
    outer loop
        vertex 1.5131 1.9567 -3.7116
        vertex 1.1562 1.6273 -3.6475
        vertex 1.0124 2.0140 -3.7340
    endloop
endfacet
facet normal 0.0027 -0.0296 -0.1369
    outer loop
        vertex 1.0124 2.0140 -3.7340
        vertex 1.5043 2.0014 -3.7214
        vertex 1.5131 1.9567 -3.7116
    endloop
endfacet
facet normal -0.0098 -0.0555 -0.2311
    outer loop
        vertex -1.2446 1.0219 -3.4984
        vertex -1.2129 0.9205 -3.4754
        vertex -1.4400 0.4800 -3.3600
    endloop
endfacet
facet normal 0.0623 -0.3545 -1.4762
    outer loop
        vertex 1.3123 1.1310 -3.5217
        vertex 1.5441 1.7991 -3.6724
        vertex 1.4400 0.4800 -3.3600
    endloop
endfacet
facet normal 0.0044 -0.0245 -0.1022
    outer loop
        vertex 1.4400 0.4800 -3.3600
        vertex 1.3050 1.0400 -3.5002
        vertex 1.3123 1.1310 -3.5217
    endloop
endfacet
facet normal -0.0002 -0.0024 -0.0109
    outer loop
        vertex -0.4699 0.9938 -3.5244
        vertex -0.4353 0.9920 -3.5247
        vertex -0.4121 0.9404 -3.5140
    endloop
endfacet
facet normal -0.0056 -0.0604 -0.2796
    outer loop
        vertex -1.0446 1.7619 -3.6789
        vertex -1.0972 1.6883 -3.6619
        vertex -1.5131 1.9567 -3.7116
    endloop
endfacet
facet normal -0.0028 -0.0306 -0.1418
    outer loop
        vertex -1.5131 1.9567 -3.7116
        vertex -1.5043 2.0014 -3.7214
        vertex -1.0446 1.7619 -3.6789
    endloop
endfacet
facet normal -0.1100 0.1100 -4.1833
    outer loop
        vertex -0.6142 2.4968 -3.7318
        vertex -1.4910 2.0690 -3.7200
        vertex 0.0000 3.5600 -3.7200
    endloop
endfacet
facet normal -0.0077 0.0076 -0.2861
    outer loop
        vertex 0.0000 3.5600 -3.7200
        vertex -0.5279 2.5718 -3.7321
        vertex -0.6142 2.4968 -3.7318
    endloop
endfacet
facet normal -0.0082 0.0082 -0.3103
    outer loop
        vertex -0.7660 2.0204 -3.7404
        vertex -1.5043 2.0014 -3.7214
        vertex -1.4910 2.0690 -3.7200
    endloop
endfacet
facet normal -0.0280 0.0281 -1.0655
    outer loop
        vertex -1.4910 2.0690 -3.7200
        vertex -0.7392 2.2537 -3.7349
        vertex -0.7660 2.0204 -3.7404
    endloop
endfacet
facet normal -0.0333 0.0332 -1.2621
    outer loop
        vertex 0.0000 2.5925 -3.7455
        vertex -0.2087 2.6524 -3.7384
        vertex 0.0000 3.5600 -3.7200
    endloop
endfacet
facet normal -0.0318 0.0319 -1.2107
    outer loop
        vertex -0.2087 2.6524 -3.7384
        vertex -0.4290 2.6226 -3.7334
        vertex 0.0000 3.5600 -3.7200
    endloop
endfacet
facet normal -0.0161 0.0160 -0.6121
    outer loop
        vertex -0.6844 2.3974 -3.7326
        vertex -0.7392 2.2537 -3.7349
        vertex -1.4910 2.0690 -3.7200
    endloop
endfacet
facet normal -0.0095 0.0096 -0.3571
    outer loop
        vertex -0.6142 2.4968 -3.7318
        vertex -0.6844 2.3974 -3.7326
        vertex -1.4910 2.0690 -3.7200
    endloop
endfacet
facet normal 0.0079 0.0078 -0.2987
    outer loop
        vertex 0.4839 2.4923 -3.7354
        vertex 0.2342 2.4453 -3.7432
        vertex 0.0000 2.5925 -3.7455
    endloop
endfacet
facet normal 0.0771 0.0771 -2.9261
    outer loop
        vertex 0.0000 2.5925 -3.7455
        vertex 0.0000 3.5600 -3.7200
        vertex 0.4839 2.4923 -3.7354
    endloop
endfacet
facet normal 0.0286 0.0286 -1.0880
    outer loop
        vertex 0.4839 2.4923 -3.7354
        vertex 0.0000 3.5600 -3.7200
        vertex 0.6610 2.4614 -3.7315
    endloop
endfacet
facet normal 0.0054 0.0055 -0.2068
    outer loop
        vertex 1.4910 2.0690 -3.7200
        vertex 1.5043 2.0014 -3.7214
        vertex 1.0124 2.0140 -3.7340
    endloop
endfacet
facet normal 0.0089 0.0089 -0.3389
    outer loop
        vertex 1.0124 2.0140 -3.7340
        vertex 0.9924 2.1250 -3.7316
        vertex 1.4910 2.0690 -3.7200
    endloop
endfacet
facet normal 0.0111 0.0112 -0.4238
    outer loop
        vertex 0.9230 2.2688 -3.7297
        vertex 1.4910 2.0690 -3.7200
        vertex 0.9924 2.1250 -3.7316
    endloop
endfacet
facet normal 0.0069 0.0069 -0.2618
    outer loop
        vertex 0.8090 2.3827 -3.7297
        vertex 1.4910 2.0690 -3.7200
        vertex 0.9230 2.2688 -3.7297
    endloop
endfacet
facet normal -0.0013 -0.0246 -0.0477
    outer loop
        vertex -0.3316 0.1449 -3.2168
        vertex -0.2588 0.1582 -3.2256
        vertex -0.1213 0.0784 -3.1884
    endloop
endfacet
facet normal -0.0020 -0.0369 -0.0716
    outer loop
        vertex -0.1213 0.0784 -3.1884
        vertex -0.3880 0.1083 -3.1963
        vertex -0.3316 0.1449 -3.2168
    endloop
endfacet
facet normal -0.0093 -0.1685 -0.3273
    outer loop
        vertex -0.5928 -0.0650 -3.1012
        vertex -0.3880 0.1083 -3.1963
        vertex -0.1213 0.0784 -3.1884
    endloop
endfacet
facet normal 0.0124 -0.2252 -0.4373
    outer loop
        vertex 0.3274 0.1956 -3.2430
        vertex 0.5928 -0.0650 -3.1012
        vertex 0.1638 0.0927 -3.1946
    endloop
endfacet
facet normal 0.0067 -0.0718 -0.3319
    outer loop
        vertex 1.0124 2.0140 -3.7340
        vertex 1.1562 1.6273 -3.6475
        vertex 0.9737 1.7488 -3.6775
    endloop
endfacet
facet normal -0.0338 -0.1927 -0.8022
    outer loop
        vertex -1.0431 0.5020 -3.3820
        vertex -1.4400 0.4800 -3.3600
        vertex -1.1282 0.8207 -3.4550
    endloop
endfacet
facet normal -0.0085 -0.0484 -0.2015
    outer loop
        vertex -1.1282 0.8207 -3.4550
        vertex -1.0125 0.7662 -3.4468
        vertex -1.0431 0.5020 -3.3820
    endloop
endfacet
facet normal -0.0171 -0.0972 -0.4046
    outer loop
        vertex -0.7729 0.7192 -3.4456
        vertex -1.0431 0.5020 -3.3820
        vertex -1.0125 0.7662 -3.4468
    endloop
endfacet
facet normal -0.0042 -0.0240 -0.0998
    outer loop
        vertex -1.0125 0.7662 -3.4468
        vertex -0.8355 0.7982 -3.4619
        vertex -0.7729 0.7192 -3.4456
    endloop
endfacet
facet normal -0.0121 -0.0685 -0.2853
    outer loop
        vertex -0.4121 0.9404 -3.5140
        vertex -0.7729 0.7192 -3.4456
        vertex -0.5268 0.9966 -3.5226
    endloop
endfacet
facet normal -0.0008 -0.0043 -0.0180
    outer loop
        vertex -0.5268 0.9966 -3.5226
        vertex -0.4699 0.9938 -3.5244
        vertex -0.4121 0.9404 -3.5140
    endloop
endfacet
facet normal -0.0097 -0.0552 -0.2300
    outer loop
        vertex -0.7729 0.7192 -3.4456
        vertex -0.8355 0.7982 -3.4619
        vertex -0.5268 0.9966 -3.5226
    endloop
endfacet
facet normal -0.0199 -0.1130 -0.4701
    outer loop
        vertex -1.5441 1.7991 -3.6724
        vertex -1.5131 1.9567 -3.7116
        vertex -1.1092 1.5839 -3.6391
    endloop
endfacet
facet normal -0.0381 -0.2166 -0.9019
    outer loop
        vertex -1.1092 1.5839 -3.6391
        vertex -1.2139 1.3039 -3.5674
        vertex -1.5441 1.7991 -3.6724
    endloop
endfacet
facet normal -0.0848 -0.4823 -2.0081
    outer loop
        vertex -1.2481 1.1350 -3.5254
        vertex -1.4400 0.4800 -3.3600
        vertex -1.5441 1.7991 -3.6724
    endloop
endfacet
facet normal -0.0191 -0.1092 -0.4546
    outer loop
        vertex -1.5441 1.7991 -3.6724
        vertex -1.2139 1.3039 -3.5674
        vertex -1.2481 1.1350 -3.5254
    endloop
endfacet
facet normal -0.0158 -0.0900 -0.3748
    outer loop
        vertex -1.1282 0.8207 -3.4550
        vertex -1.4400 0.4800 -3.3600
        vertex -1.2129 0.9205 -3.4754
    endloop
endfacet
facet normal -0.0064 -0.0360 -0.1500
    outer loop
        vertex -1.2481 1.1350 -3.5254
        vertex -1.2446 1.0219 -3.4984
        vertex -1.4400 0.4800 -3.3600
    endloop
endfacet
facet normal 0.0176 -0.0999 -0.4154
    outer loop
        vertex 1.1562 1.6273 -3.6475
        vertex 1.5131 1.9567 -3.7116
        vertex 1.5441 1.7991 -3.6724
    endloop
endfacet
facet normal 0.0105 -0.0595 -0.2475
    outer loop
        vertex 1.5441 1.7991 -3.6724
        vertex 1.2168 1.5520 -3.6269
        vertex 1.1562 1.6273 -3.6475
    endloop
endfacet
facet normal 0.0229 -0.1304 -0.5430
    outer loop
        vertex 1.2457 1.3084 -3.5672
        vertex 1.2168 1.5520 -3.6269
        vertex 1.5441 1.7991 -3.6724
    endloop
endfacet
facet normal 0.0226 -0.1286 -0.5354
    outer loop
        vertex 1.5441 1.7991 -3.6724
        vertex 1.3123 1.1310 -3.5217
        vertex 1.2457 1.3084 -3.5672
    endloop
endfacet
facet normal 0.0180 -0.1024 -0.4264
    outer loop
        vertex 1.2222 0.8784 -3.4649
        vertex 1.3050 1.0400 -3.5002
        vertex 1.4400 0.4800 -3.3600
    endloop
endfacet
facet normal 0.0316 -0.1797 -0.7482
    outer loop
        vertex 1.4400 0.4800 -3.3600
        vertex 1.1301 0.4972 -3.3772
        vertex 1.2222 0.8784 -3.4649
    endloop
endfacet
facet normal -0.0059 -0.0631 -0.2916
    outer loop
        vertex -1.0972 1.6883 -3.6619
        vertex -1.1092 1.5839 -3.6391
        vertex -1.5131 1.9567 -3.7116
    endloop
endfacet
facet normal -0.0115 -0.1239 -0.5730
    outer loop
        vertex -0.8813 1.8763 -3.7069
        vertex -1.0446 1.7619 -3.6789
        vertex -1.5043 2.0014 -3.7214
    endloop
endfacet
facet normal -0.0131 -0.1408 -0.6512
    outer loop
        vertex -1.5043 2.0014 -3.7214
        vertex -0.7660 2.0204 -3.7404
        vertex -0.8813 1.8763 -3.7069
    endloop
endfacet
facet normal -0.0029 -0.0311 -0.1439
    outer loop
        vertex -0.1198 0.6706 -3.4615
        vertex -0.1181 0.8660 -3.5038
        vertex 0.0000 0.8883 -3.5110
    endloop
endfacet
facet normal -0.0049 -0.0532 -0.2459
    outer loop
        vertex 0.0000 0.8883 -3.5110
        vertex 0.0000 0.5600 -3.4400
        vertex -0.1198 0.6706 -3.4615
    endloop
endfacet
facet normal -0.0037 -0.0213 -0.0886
    outer loop
        vertex -0.1198 0.6706 -3.4615
        vertex 0.0000 0.5600 -3.4400
        vertex -0.1209 0.5533 -3.4333
    endloop
endfacet
facet normal 0.0057 -0.0605 -0.2799
    outer loop
        vertex 0.1364 0.6860 -3.4645
        vertex 0.0000 0.5600 -3.4400
        vertex 0.0000 0.8883 -3.5110
    endloop
endfacet
facet normal 0.0030 -0.0327 -0.1510
    outer loop
        vertex 0.0000 0.8883 -3.5110
        vertex 0.1418 0.8550 -3.5010
        vertex 0.1364 0.6860 -3.4645
    endloop
endfacet
facet normal 0.0047 -0.0265 -0.1104
    outer loop
        vertex 0.1364 0.6860 -3.4645
        vertex 0.1322 0.5526 -3.4326
        vertex 0.0000 0.5600 -3.4400
    endloop
endfacet
facet normal 0.0008 -0.0145 -0.0281
    outer loop
        vertex 0.1269 0.3833 -3.3454
        vertex 0.0767 0.3174 -3.3129
        vertex 0.0000 0.3064 -3.3094
    endloop
endfacet
facet normal 0.0057 -0.1036 -0.2011
    outer loop
        vertex 0.0000 0.3064 -3.3094
        vertex 0.0000 0.5600 -3.4400
        vertex 0.1269 0.3833 -3.3454
    endloop
endfacet
facet normal -0.0142 -0.2728 -0.5280
    outer loop
        vertex -0.6192 0.5256 -3.4056
        vertex -0.3904 0.3932 -3.3433
        vertex -0.6708 0.1861 -3.2288
    endloop
endfacet
facet normal -0.0121 -0.2323 -0.4496
    outer loop
        vertex -0.6708 0.1861 -3.2288
        vertex -0.8587 0.3438 -3.3053
        vertex -0.6192 0.5256 -3.4056
    endloop
endfacet
facet normal 0.0024 -0.0253 -0.1168
    outer loop
        vertex 0.0000 2.0400 -3.7600
        vertex 0.0792 2.0380 -3.7580
        vertex 0.0000 1.8041 -3.7090
    endloop
endfacet
facet normal 0.0174 -0.1872 -0.8661
    outer loop
        vertex 0.4779 1.7643 -3.6908
        vertex 0.2364 2.0340 -3.7539
        vertex 0.7624 2.0204 -3.7404
    endloop
endfacet
facet normal 0.0040 -0.0434 -0.2011
    outer loop
        vertex 0.7624 2.0204 -3.7404
        vertex 0.7534 1.8992 -3.7144
        vertex 0.4779 1.7643 -3.6908
    endloop
endfacet
facet normal -0.0003 0.0003 -0.0129
    outer loop
        vertex -0.4470 2.0286 -3.7486
        vertex -0.4757 2.0591 -3.7470
        vertex -0.5037 2.1606 -3.7436
    endloop
endfacet
facet normal -0.0035 0.0035 -0.1315
    outer loop
        vertex -0.5037 2.1606 -3.7436
        vertex -0.4254 2.3494 -3.7407
        vertex -0.4470 2.0286 -3.7486
    endloop
endfacet
facet normal 0.0009 0.0009 -0.0339
    outer loop
        vertex 0.2364 2.0340 -3.7539
        vertex 0.2651 2.1440 -3.7503
        vertex 0.3312 2.2089 -3.7468
    endloop
endfacet
facet normal 0.0019 0.0019 -0.0719
    outer loop
        vertex 0.3312 2.2089 -3.7468
        vertex 0.4152 2.2427 -3.7438
        vertex 0.2364 2.0340 -3.7539
    endloop
endfacet
facet normal 0.0030 0.0030 -0.1126
    outer loop
        vertex 0.0000 2.0400 -3.7600
        vertex 0.0000 2.2941 -3.7533
        vertex 0.0709 2.2243 -3.7533
    endloop
endfacet
facet normal 0.0014 0.0014 -0.0538
    outer loop
        vertex 0.0709 2.2243 -3.7533
        vertex 0.0931 2.1606 -3.7544
        vertex 0.0000 2.0400 -3.7600
    endloop
endfacet
facet normal -0.0038 -0.0216 -0.0899
    outer loop
        vertex -0.3836 0.5387 -3.4187
        vertex -0.6192 0.5256 -3.4056
        vertex -0.5323 0.5915 -3.4251
    endloop
endfacet
facet normal -0.0049 -0.0280 -0.1168
    outer loop
        vertex -0.5323 0.5915 -3.4251
        vertex -0.3779 0.6623 -3.4486
        vertex -0.3836 0.5387 -3.4187
    endloop
endfacet
facet normal -0.0142 -0.0806 -0.3354
    outer loop
        vertex -0.6795 1.1872 -3.5620
        vertex -0.8976 1.0362 -3.5165
        vertex -0.9869 1.2204 -3.5570
    endloop
endfacet
facet normal -0.0106 -0.0605 -0.2519
    outer loop
        vertex -0.9869 1.2204 -3.5570
        vertex -0.9242 1.3448 -3.5895
        vertex -0.6795 1.1872 -3.5620
    endloop
endfacet
facet normal 0.0199 -0.1135 -0.4725
    outer loop
        vertex 0.5956 1.1098 -3.5469
        vertex 0.9044 1.2842 -3.5758
        vertex 0.9128 1.0442 -3.5178
    endloop
endfacet
facet normal 0.0353 -0.2011 -0.8373
    outer loop
        vertex 0.9128 1.0442 -3.5178
        vertex 0.7521 0.6551 -3.4311
        vertex 0.5956 1.1098 -3.5469
    endloop
endfacet
facet normal 0.0054 -0.0307 -0.1278
    outer loop
        vertex 0.4815 0.6672 -3.4454
        vertex 0.5374 0.5302 -3.4102
        vertex 0.3848 0.5386 -3.4186
    endloop
endfacet
facet normal 0.0036 -0.0207 -0.0861
    outer loop
        vertex 0.3848 0.5386 -3.4186
        vertex 0.3991 0.7000 -3.4568
        vertex 0.4815 0.6672 -3.4454
    endloop
endfacet
facet normal -0.0069 -0.0745 -0.3443
    outer loop
        vertex -0.2666 1.6689 -3.6744
        vertex -0.1839 1.9175 -3.7298
        vertex 0.0000 1.8041 -3.7090
    endloop
endfacet
facet normal -0.0044 -0.0476 -0.2200
    outer loop
        vertex 0.0000 1.8041 -3.7090
        vertex -0.0627 1.6403 -3.6723
        vertex -0.2666 1.6689 -3.6744
    endloop
endfacet
facet normal -0.0004 -0.0043 -0.0197
    outer loop
        vertex -0.1181 0.8660 -3.5038
        vertex -0.0631 0.9031 -3.5129
        vertex 0.0000 0.8883 -3.5110
    endloop
endfacet
facet normal -0.0055 -0.0999 -0.1940
    outer loop
        vertex 0.0000 0.5600 -3.4400
        vertex 0.0000 0.3064 -3.3094
        vertex -0.1224 0.3900 -3.3490
    endloop
endfacet
facet normal -0.0033 -0.0637 -0.1233
    outer loop
        vertex -0.1224 0.3900 -3.3490
        vertex -0.1209 0.5533 -3.4333
        vertex 0.0000 0.5600 -3.4400
    endloop
endfacet
facet normal -0.0008 -0.0140 -0.0272
    outer loop
        vertex -0.0947 0.3355 -3.3217
        vertex -0.1224 0.3900 -3.3490
        vertex 0.0000 0.3064 -3.3094
    endloop
endfacet
facet normal 0.0038 -0.0724 -0.1402
    outer loop
        vertex 0.1269 0.3833 -3.3454
        vertex 0.0000 0.5600 -3.4400
        vertex 0.1322 0.5526 -3.4326
    endloop
endfacet
facet normal 0.0024 -0.0454 -0.0879
    outer loop
        vertex 0.3981 0.4457 -3.3703
        vertex 0.3848 0.5386 -3.4186
        vertex 0.5374 0.5302 -3.4102
    endloop
endfacet
facet normal 0.0014 -0.0275 -0.0533
    outer loop
        vertex 0.5374 0.5302 -3.4102
        vertex 0.5574 0.4811 -3.3843
        vertex 0.3981 0.4457 -3.3703
    endloop
endfacet
facet normal 0.0078 -0.1492 -0.2887
    outer loop
        vertex 0.6529 0.3726 -3.3256
        vertex 0.6708 0.1861 -3.2288
        vertex 0.3981 0.4457 -3.3703
    endloop
endfacet
facet normal 0.0035 -0.0667 -0.1291
    outer loop
        vertex 0.3981 0.4457 -3.3703
        vertex 0.5574 0.4811 -3.3843
        vertex 0.6529 0.3726 -3.3256
    endloop
endfacet
facet normal 0.0027 -0.0524 -0.1014
    outer loop
        vertex 0.9032 0.3229 -3.2933
        vertex 0.9714 0.2932 -3.2761
        vertex 0.6708 0.1861 -3.2288
    endloop
endfacet
facet normal 0.0021 -0.0413 -0.0799
    outer loop
        vertex 0.6708 0.1861 -3.2288
        vertex 0.7943 0.3138 -3.2915
        vertex 0.9032 0.3229 -3.2933
    endloop
endfacet
facet normal 0.0043 -0.0817 -0.1582
    outer loop
        vertex 0.7943 0.3138 -3.2915
        vertex 0.6708 0.1861 -3.2288
        vertex 0.6529 0.3726 -3.3256
    endloop
endfacet
facet normal 0.0099 -0.1900 -0.3678
    outer loop
        vertex 1.0774 0.1352 -3.1916
        vertex 0.6708 0.1861 -3.2288
        vertex 0.9714 0.2932 -3.2761
    endloop
endfacet
facet normal -0.0124 -0.2380 -0.4606
    outer loop
        vertex -1.0774 0.1352 -3.1916
        vertex -0.8587 0.3438 -3.3053
        vertex -0.6708 0.1861 -3.2288
    endloop
endfacet
facet normal -0.0057 -0.1104 -0.2136
    outer loop
        vertex -0.3836 0.5387 -3.4187
        vertex -0.3904 0.3932 -3.3433
        vertex -0.6192 0.5256 -3.4056
    endloop
endfacet
facet normal 0.0112 -0.1207 -0.5583
    outer loop
        vertex 0.5303 1.2460 -3.5777
        vertex 0.4557 1.0639 -3.5398
        vertex 0.0000 1.1490 -3.5674
    endloop
endfacet
facet normal 0.0122 -0.1315 -0.6084
    outer loop
        vertex 0.0000 1.1490 -3.5674
        vertex 0.3638 1.3991 -3.6141
        vertex 0.5303 1.2460 -3.5777
    endloop
endfacet
facet normal 0.0149 -0.1603 -0.7411
    outer loop
        vertex 0.3638 1.3991 -3.6141
        vertex 0.0000 1.1490 -3.5674
        vertex 0.0000 1.4749 -3.6378
    endloop
endfacet
facet normal 0.0078 -0.0828 -0.3827
    outer loop
        vertex 0.5956 1.1098 -3.5469
        vertex 0.5303 1.2460 -3.5777
        vertex 0.8518 1.5132 -3.6290
    endloop
endfacet
facet normal 0.0080 -0.0865 -0.3998
    outer loop
        vertex 0.8518 1.5132 -3.6290
        vertex 0.9786 1.4633 -3.6156
        vertex 0.5956 1.1098 -3.5469
    endloop
endfacet
facet normal 0.0118 -0.1271 -0.5877
    outer loop
        vertex 0.4779 1.7643 -3.6908
        vertex 0.7534 1.8992 -3.7144
        vertex 0.6145 1.4899 -3.6287
    endloop
endfacet
facet normal 0.0102 -0.1097 -0.5076
    outer loop
        vertex 0.6145 1.4899 -3.6287
        vertex 0.3638 1.3991 -3.6141
        vertex 0.4779 1.7643 -3.6908
    endloop
endfacet
facet normal 0.0070 -0.0755 -0.3494
    outer loop
        vertex 0.6145 1.4899 -3.6287
        vertex 0.8518 1.5132 -3.6290
        vertex 0.5303 1.2460 -3.5777
    endloop
endfacet
facet normal 0.0067 -0.0723 -0.3344
    outer loop
        vertex 0.5303 1.2460 -3.5777
        vertex 0.3638 1.3991 -3.6141
        vertex 0.6145 1.4899 -3.6287
    endloop
endfacet
facet normal 0.0014 -0.0147 -0.0682
    outer loop
        vertex 0.3278 1.8102 -3.7037
        vertex 0.2549 1.8692 -3.7180
        vertex 0.2364 2.0340 -3.7539
    endloop
endfacet
facet normal 0.0037 -0.0397 -0.1839
    outer loop
        vertex 0.2364 2.0340 -3.7539
        vertex 0.4779 1.7643 -3.6908
        vertex 0.3278 1.8102 -3.7037
    endloop
endfacet
facet normal 0.0005 -0.0051 -0.0234
    outer loop
        vertex 0.2364 2.0340 -3.7539
        vertex 0.2549 1.8692 -3.7180
        vertex 0.2205 1.9728 -3.7410
    endloop
endfacet
facet normal -0.0023 0.0023 -0.0889
    outer loop
        vertex -0.0560 2.3492 -3.7504
        vertex 0.0000 2.2941 -3.7533
        vertex 0.0000 2.0400 -3.7600
    endloop
endfacet
facet normal -0.0036 0.0036 -0.1362
    outer loop
        vertex 0.0000 2.0400 -3.7600
        vertex -0.1330 2.3852 -3.7474
        vertex -0.0560 2.3492 -3.7504
    endloop
endfacet
facet normal -0.0102 0.0103 -0.3890
    outer loop
        vertex -0.4470 2.0286 -3.7486
        vertex -0.2914 2.4035 -3.7428
        vertex -0.1330 2.3852 -3.7474
    endloop
endfacet
facet normal -0.0256 0.0257 -0.9739
    outer loop
        vertex -0.1330 2.3852 -3.7474
        vertex 0.0000 2.0400 -3.7600
        vertex -0.4470 2.0286 -3.7486
    endloop
endfacet
facet normal -0.0068 0.0069 -0.2614
    outer loop
        vertex -0.4254 2.3494 -3.7407
        vertex -0.2914 2.4035 -3.7428
        vertex -0.4470 2.0286 -3.7486
    endloop
endfacet
facet normal -0.0007 0.0007 -0.0282
    outer loop
        vertex -0.4719 2.2949 -3.7409
        vertex -0.4254 2.3494 -3.7407
        vertex -0.5037 2.1606 -3.7436
    endloop
endfacet
facet normal 0.0173 0.0173 -0.6571
    outer loop
        vertex 0.7624 2.0204 -3.7404
        vertex 0.2364 2.0340 -3.7539
        vertex 0.5981 2.2245 -3.7394
    endloop
endfacet
facet normal 0.0014 0.0014 -0.0522
    outer loop
        vertex 0.5981 2.2245 -3.7394
        vertex 0.6778 2.1764 -3.7386
        vertex 0.7624 2.0204 -3.7404
    endloop
endfacet
facet normal 0.0005 0.0005 -0.0195
    outer loop
        vertex 0.7624 2.0204 -3.7404
        vertex 0.6778 2.1764 -3.7386
        vertex 0.7366 2.1049 -3.7389
    endloop
endfacet
facet normal 0.0042 0.0042 -0.1594
    outer loop
        vertex 0.5074 2.2472 -3.7412
        vertex 0.5981 2.2245 -3.7394
        vertex 0.2364 2.0340 -3.7539
    endloop
endfacet
facet normal 0.0030 0.0030 -0.1152
    outer loop
        vertex 0.2364 2.0340 -3.7539
        vertex 0.4152 2.2427 -3.7438
        vertex 0.5074 2.2472 -3.7412
    endloop
endfacet
facet normal 0.0016 0.0016 -0.0609
    outer loop
        vertex 0.0792 2.0380 -3.7580
        vertex 0.0000 2.0400 -3.7600
        vertex 0.0931 2.1606 -3.7544
    endloop
endfacet
facet normal -0.0037 -0.0212 -0.0883
    outer loop
        vertex -0.6795 1.1872 -3.5620
        vertex -0.9242 1.3448 -3.5895
        vertex -0.8863 1.3781 -3.5991
    endloop
endfacet
facet normal -0.0038 -0.0217 -0.0903
    outer loop
        vertex -1.0071 1.1002 -3.5272
        vertex -0.9869 1.2204 -3.5570
        vertex -0.8976 1.0362 -3.5165
    endloop
endfacet
facet normal -0.0017 -0.0097 -0.0402
    outer loop
        vertex -0.8976 1.0362 -3.5165
        vertex -0.9793 1.0252 -3.5104
        vertex -1.0071 1.1002 -3.5272
    endloop
endfacet
facet normal 0.0021 -0.0122 -0.0508
    outer loop
        vertex 0.8798 0.5800 -3.4077
        vertex 0.8061 0.5596 -3.4059
        vertex 0.7521 0.6551 -3.4311
    endloop
endfacet
facet normal 0.0075 -0.0428 -0.1784
    outer loop
        vertex 0.7521 0.6551 -3.4311
        vertex 0.9565 0.7585 -3.4473
        vertex 0.8798 0.5800 -3.4077
    endloop
endfacet
facet normal 0.0061 -0.0348 -0.1450
    outer loop
        vertex 0.9694 0.8785 -3.4756
        vertex 0.9565 0.7585 -3.4473
        vertex 0.7521 0.6551 -3.4311
    endloop
endfacet
facet normal 0.0129 -0.0731 -0.3041
    outer loop
        vertex 0.7521 0.6551 -3.4311
        vertex 0.9128 1.0442 -3.5178
        vertex 0.9694 0.8785 -3.4756
    endloop
endfacet
facet normal 0.0028 -0.0159 -0.0661
    outer loop
        vertex 1.0058 1.0455 -3.5142
        vertex 0.9128 1.0442 -3.5178
        vertex 1.0432 1.1599 -3.5400
    endloop
endfacet
facet normal 0.0013 -0.0074 -0.0306
    outer loop
        vertex 1.0432 1.1599 -3.5400
        vertex 1.0599 1.0799 -3.5201
        vertex 1.0058 1.0455 -3.5142
    endloop
endfacet
facet normal 0.0085 -0.0484 -0.2017
    outer loop
        vertex 0.9044 1.2842 -3.5758
        vertex 1.0432 1.1599 -3.5400
        vertex 0.9128 1.0442 -3.5178
    endloop
endfacet
facet normal 0.0022 -0.0126 -0.0524
    outer loop
        vertex 0.9786 1.4633 -3.6156
        vertex 0.9961 1.3926 -3.5979
        vertex 0.9044 1.2842 -3.5758
    endloop
endfacet
facet normal 0.0112 -0.0636 -0.2649
    outer loop
        vertex 0.9044 1.2842 -3.5758
        vertex 0.5956 1.1098 -3.5469
        vertex 0.9786 1.4633 -3.6156
    endloop
endfacet
facet normal -0.0048 -0.0516 -0.2385
    outer loop
        vertex -0.6795 1.1872 -3.5620
        vertex -0.8863 1.3781 -3.5991
        vertex -0.7838 1.4681 -3.6206
    endloop
endfacet
facet normal -0.0145 -0.1559 -0.7208
    outer loop
        vertex -0.7838 1.4681 -3.6206
        vertex -0.3529 1.4135 -3.6174
        vertex -0.6795 1.1872 -3.5620
    endloop
endfacet
facet normal -0.0072 -0.0773 -0.3578
    outer loop
        vertex -0.3981 1.2852 -3.5888
        vertex -0.3529 1.4135 -3.6174
        vertex 0.0000 1.1490 -3.5674
    endloop
endfacet
facet normal -0.0024 -0.0260 -0.1200
    outer loop
        vertex 0.0000 1.1490 -3.5674
        vertex -0.3958 1.2361 -3.5782
        vertex -0.3981 1.2852 -3.5888
    endloop
endfacet
facet normal -0.0040 -0.0427 -0.1977
    outer loop
        vertex -0.0970 1.4952 -3.6402
        vertex 0.0000 1.4749 -3.6378
        vertex 0.0000 1.1490 -3.5674
    endloop
endfacet
facet normal -0.0121 -0.1304 -0.6030
    outer loop
        vertex 0.0000 1.1490 -3.5674
        vertex -0.3529 1.4135 -3.6174
        vertex -0.0970 1.4952 -3.6402
    endloop
endfacet
facet normal -0.0054 -0.0586 -0.2711
    outer loop
        vertex -0.1839 1.9175 -3.7298
        vertex 0.0000 2.0400 -3.7600
        vertex 0.0000 1.8041 -3.7090
    endloop
endfacet
facet normal -0.0073 -0.0788 -0.3643
    outer loop
        vertex -0.0970 1.4952 -3.6402
        vertex -0.3529 1.4135 -3.6174
        vertex -0.2666 1.6689 -3.6744
    endloop
endfacet
facet normal -0.0038 -0.0413 -0.1911
    outer loop
        vertex -0.2666 1.6689 -3.6744
        vertex -0.0627 1.6403 -3.6723
        vertex -0.0970 1.4952 -3.6402
    endloop
endfacet
facet normal -0.0014 -0.0152 -0.0704
    outer loop
        vertex -0.8147 1.6329 -3.6556
        vertex -0.7838 1.4681 -3.6206
        vertex -0.8647 1.5348 -3.6334
    endloop
endfacet
facet normal -0.0005 -0.0051 -0.0238
    outer loop
        vertex -0.8647 1.5348 -3.6334
        vertex -0.8727 1.5953 -3.6463
        vertex -0.8147 1.6329 -3.6556
    endloop
endfacet
facet normal -0.0106 -0.1146 -0.5301
    outer loop
        vertex -0.6372 1.6463 -3.6621
        vertex -0.3529 1.4135 -3.6174
        vertex -0.7838 1.4681 -3.6206
    endloop
endfacet
facet normal -0.0037 -0.0401 -0.1854
    outer loop
        vertex -0.7838 1.4681 -3.6206
        vertex -0.8147 1.6329 -3.6556
        vertex -0.6372 1.6463 -3.6621
    endloop
endfacet
facet normal -0.0004 -0.0044 -0.0204
    outer loop
        vertex -0.6496 1.7690 -3.6884
        vertex -0.6181 1.8340 -3.7030
        vertex -0.5611 1.8481 -3.7072
    endloop
endfacet
facet normal -0.0009 -0.0097 -0.0450
    outer loop
        vertex -0.5611 1.8481 -3.7072
        vertex -0.4931 1.8276 -3.7042
        vertex -0.6496 1.7690 -3.6884
    endloop
endfacet
facet normal -0.0025 -0.0269 -0.1245
    outer loop
        vertex -0.6372 1.6463 -3.6621
        vertex -0.6496 1.7690 -3.6884
        vertex -0.4931 1.8276 -3.7042
    endloop
endfacet
facet normal -0.0080 -0.0864 -0.3996
    outer loop
        vertex -0.4931 1.8276 -3.7042
        vertex -0.2666 1.6689 -3.6744
        vertex -0.6372 1.6463 -3.6621
    endloop
endfacet
facet normal -0.0116 -0.1253 -0.5795
    outer loop
        vertex -0.2666 1.6689 -3.6744
        vertex -0.3529 1.4135 -3.6174
        vertex -0.6372 1.6463 -3.6621
    endloop
endfacet
facet normal -0.0053 -0.0571 -0.2637
    outer loop
        vertex -0.4470 2.0286 -3.7486
        vertex 0.0000 2.0400 -3.7600
        vertex -0.3051 1.9378 -3.7318
    endloop
endfacet
facet normal -0.0003 -0.0034 -0.0154
    outer loop
        vertex -0.3051 1.9378 -3.7318
        vertex -0.4059 1.9849 -3.7399
        vertex -0.4470 2.0286 -3.7486
    endloop
endfacet
facet normal -0.0024 -0.0251 -0.1161
    outer loop
        vertex -0.1839 1.9175 -3.7298
        vertex -0.3051 1.9378 -3.7318
        vertex 0.0000 2.0400 -3.7600
    endloop
endfacet
facet normal 0.0153 -0.1647 -0.7618
    outer loop
        vertex 0.0000 1.1490 -3.5674
        vertex 0.4557 1.0639 -3.5398
        vertex 0.1418 0.8550 -3.5010
    endloop
endfacet
facet normal 0.0047 -0.0499 -0.2311
    outer loop
        vertex 0.1418 0.8550 -3.5010
        vertex 0.0000 0.8883 -3.5110
        vertex 0.0000 1.1490 -3.5674
    endloop
endfacet
facet normal 0.0073 -0.1418 -0.2744
    outer loop
        vertex 1.0774 0.1352 -3.1916
        vertex 0.9714 0.2932 -3.2761
        vertex 1.1254 0.4778 -3.3673
    endloop
endfacet
facet normal 0.0193 -0.3698 -0.7159
    outer loop
        vertex 1.1254 0.4778 -3.3673
        vertex 1.4085 0.1128 -3.1711
        vertex 1.0774 0.1352 -3.1916
    endloop
endfacet
facet normal 0.0146 -0.2808 -0.5437
    outer loop
        vertex 0.6708 0.1861 -3.2288
        vertex 0.5928 -0.0650 -3.1012
        vertex 0.3274 0.1956 -3.2430
    endloop
endfacet
facet normal 0.0145 -0.2795 -0.5410
    outer loop
        vertex 0.3274 0.1956 -3.2430
        vertex 0.3981 0.4457 -3.3703
        vertex 0.6708 0.1861 -3.2288
    endloop
endfacet
facet normal -0.0123 -0.2359 -0.4566
    outer loop
        vertex -1.0431 0.5020 -3.3820
        vertex -0.8587 0.3438 -3.3053
        vertex -1.0774 0.1352 -3.1916
    endloop
endfacet
facet normal -0.0203 -0.3898 -0.7546
    outer loop
        vertex -1.0774 0.1352 -3.1916
        vertex -1.4085 0.1128 -3.1711
        vertex -1.0431 0.5020 -3.3820
    endloop
endfacet
facet normal -0.0067 0.0067 -0.2559
    outer loop
        vertex -0.1330 2.3852 -3.7474
        vertex -0.2914 2.4035 -3.7428
        vertex -0.2087 2.6524 -3.7384
    endloop
endfacet
facet normal -0.0085 0.0084 -0.3202
    outer loop
        vertex -0.2087 2.6524 -3.7384
        vertex 0.0000 2.5925 -3.7455
        vertex -0.1330 2.3852 -3.7474
    endloop
endfacet
facet normal 0.0029 0.0029 -0.1119
    outer loop
        vertex 0.3312 2.2089 -3.7468
        vertex 0.2651 2.1440 -3.7503
        vertex 0.0709 2.2243 -3.7533
    endloop
endfacet
facet normal 0.0099 0.0099 -0.3752
    outer loop
        vertex 0.0709 2.2243 -3.7533
        vertex 0.2342 2.4453 -3.7432
        vertex 0.3312 2.2089 -3.7468
    endloop
endfacet
facet normal -0.0071 -0.0405 -0.1684
    outer loop
        vertex -0.5323 0.5915 -3.4251
        vertex -0.6192 0.5256 -3.4056
        vertex -0.7729 0.7192 -3.4456
    endloop
endfacet
facet normal -0.0262 -0.1490 -0.6205
    outer loop
        vertex -0.7729 0.7192 -3.4456
        vertex -0.4121 0.9404 -3.5140
        vertex -0.5323 0.5915 -3.4251
    endloop
endfacet
facet normal -0.0040 -0.0229 -0.0952
    outer loop
        vertex -1.1092 1.5839 -3.6391
        vertex -0.8863 1.3781 -3.5991
        vertex -0.9242 1.3448 -3.5895
    endloop
endfacet
facet normal -0.0203 -0.1153 -0.4802
    outer loop
        vertex -0.9242 1.3448 -3.5895
        vertex -1.2139 1.3039 -3.5674
        vertex -1.1092 1.5839 -3.6391
    endloop
endfacet
facet normal 0.0044 -0.0247 -0.1030
    outer loop
        vertex 1.2222 0.8784 -3.4649
        vertex 1.0058 1.0455 -3.5142
        vertex 1.0599 1.0799 -3.5201
    endloop
endfacet
facet normal 0.0113 -0.0644 -0.2683
    outer loop
        vertex 1.0599 1.0799 -3.5201
        vertex 1.3050 1.0400 -3.5002
        vertex 1.2222 0.8784 -3.4649
    endloop
endfacet
facet normal -0.0018 -0.0190 -0.0877
    outer loop
        vertex -0.6795 1.1872 -3.5620
        vertex -0.3981 1.2852 -3.5888
        vertex -0.3958 1.2361 -3.5782
    endloop
endfacet
facet normal -0.0082 -0.0880 -0.4071
    outer loop
        vertex -0.3958 1.2361 -3.5782
        vertex -0.4699 0.9938 -3.5244
        vertex -0.6795 1.1872 -3.5620
    endloop
endfacet
facet normal -0.0025 -0.0270 -0.1248
    outer loop
        vertex -0.4931 1.8276 -3.7042
        vertex -0.4059 1.9849 -3.7399
        vertex -0.3051 1.9378 -3.7318
    endloop
endfacet
facet normal -0.0069 -0.0741 -0.3426
    outer loop
        vertex -0.3051 1.9378 -3.7318
        vertex -0.2666 1.6689 -3.6744
        vertex -0.4931 1.8276 -3.7042
    endloop
endfacet
facet normal -0.0026 -0.0279 -0.1290
    outer loop
        vertex -0.0627 1.6403 -3.6723
        vertex 0.0000 1.8041 -3.7090
        vertex 0.0000 1.4749 -3.6378
    endloop
endfacet
facet normal -0.0019 -0.0200 -0.0924
    outer loop
        vertex 0.0000 1.4749 -3.6378
        vertex -0.0970 1.4952 -3.6402
        vertex -0.0627 1.6403 -3.6723
    endloop
endfacet
facet normal 0.0118 -0.1269 -0.5867
    outer loop
        vertex 0.8518 1.5132 -3.6290
        vertex 0.6145 1.4899 -3.6287
        vertex 0.7534 1.8992 -3.7144
    endloop
endfacet
facet normal 0.0089 -0.0949 -0.4390
    outer loop
        vertex 0.7534 1.8992 -3.7144
        vertex 0.9737 1.7488 -3.6775
        vertex 0.8518 1.5132 -3.6290
    endloop
endfacet
facet normal 0.0038 -0.0410 -0.1897
    outer loop
        vertex 0.7534 1.8992 -3.7144
        vertex 0.7624 2.0204 -3.7404
        vertex 1.0124 2.0140 -3.7340
    endloop
endfacet
facet normal 0.0081 -0.0868 -0.4015
    outer loop
        vertex 1.0124 2.0140 -3.7340
        vertex 0.9737 1.7488 -3.6775
        vertex 0.7534 1.8992 -3.7144
    endloop
endfacet
facet normal 0.0065 -0.0696 -0.3220
    outer loop
        vertex 0.9737 1.7488 -3.6775
        vertex 1.1562 1.6273 -3.6475
        vertex 0.9786 1.4633 -3.6156
    endloop
endfacet
facet normal 0.0045 -0.0486 -0.2248
    outer loop
        vertex 0.9786 1.4633 -3.6156
        vertex 0.8518 1.5132 -3.6290
        vertex 0.9737 1.7488 -3.6775
    endloop
endfacet
facet normal 0.0066 -0.0703 -0.3247
    outer loop
        vertex 0.1364 0.6860 -3.4645
        vertex 0.1418 0.8550 -3.5010
        vertex 0.4557 1.0639 -3.5398
    endloop
endfacet
facet normal 0.0049 -0.0517 -0.2387
    outer loop
        vertex 0.4557 1.0639 -3.5398
        vertex 0.5956 1.1098 -3.5469
        vertex 0.1364 0.6860 -3.4645
    endloop
endfacet
facet normal 0.0028 -0.0298 -0.1378
    outer loop
        vertex 0.4557 1.0639 -3.5398
        vertex 0.5303 1.2460 -3.5777
        vertex 0.5956 1.1098 -3.5469
    endloop
endfacet
facet normal 0.0048 -0.0918 -0.1777
    outer loop
        vertex 0.5574 0.4811 -3.3843
        vertex 0.5374 0.5302 -3.4102
        vertex 1.1301 0.4972 -3.3772
    endloop
endfacet
facet normal 0.0107 -0.2057 -0.3981
    outer loop
        vertex 1.1301 0.4972 -3.3772
        vertex 0.6529 0.3726 -3.3256
        vertex 0.5574 0.4811 -3.3843
    endloop
endfacet
facet normal 0.0013 -0.0248 -0.0480
    outer loop
        vertex 0.9032 0.3229 -3.2933
        vertex 0.7943 0.3138 -3.2915
        vertex 0.6529 0.3726 -3.3256
    endloop
endfacet
facet normal 0.0092 -0.1772 -0.3431
    outer loop
        vertex 0.6529 0.3726 -3.3256
        vertex 1.1301 0.4972 -3.3772
        vertex 0.9032 0.3229 -3.2933
    endloop
endfacet
facet normal 0.0006 -0.0116 -0.0224
    outer loop
        vertex 0.9032 0.3229 -3.2933
        vertex 1.1301 0.4972 -3.3772
        vertex 1.1254 0.4778 -3.3673
    endloop
endfacet
facet normal 0.0029 -0.0554 -0.1072
    outer loop
        vertex 1.1254 0.4778 -3.3673
        vertex 0.9714 0.2932 -3.2761
        vertex 0.9032 0.3229 -3.2933
    endloop
endfacet
facet normal 0.0072 -0.1382 -0.2678
    outer loop
        vertex 0.1269 0.3833 -3.3454
        vertex 0.1322 0.5526 -3.4326
        vertex 0.3848 0.5386 -3.4186
    endloop
endfacet
facet normal 0.0044 -0.0841 -0.1627
    outer loop
        vertex 0.3848 0.5386 -3.4186
        vertex 0.3981 0.4457 -3.3703
        vertex 0.1269 0.3833 -3.3454
    endloop
endfacet
facet normal 0.0033 -0.0596 -0.1158
    outer loop
        vertex 0.0000 0.0650 -3.1850
        vertex 0.0000 0.3064 -3.3094
        vertex 0.0767 0.3174 -3.3129
    endloop
endfacet
facet normal 0.0070 -0.1263 -0.2451
    outer loop
        vertex 0.0767 0.3174 -3.3129
        vertex 0.1638 0.0927 -3.1946
        vertex 0.0000 0.0650 -3.1850
    endloop
endfacet
facet normal 0.0040 -0.0728 -0.1414
    outer loop
        vertex 0.3274 0.1956 -3.2430
        vertex 0.0767 0.3174 -3.3129
        vertex 0.1269 0.3833 -3.3454
    endloop
endfacet
facet normal 0.0107 -0.2048 -0.3964
    outer loop
        vertex 0.1269 0.3833 -3.3454
        vertex 0.3981 0.4457 -3.3703
        vertex 0.3274 0.1956 -3.2430
    endloop
endfacet
facet normal 0.0081 -0.1473 -0.2859
    outer loop
        vertex 0.1638 0.0927 -3.1946
        vertex 0.0767 0.3174 -3.3129
        vertex 0.3274 0.1956 -3.2430
    endloop
endfacet
facet normal -0.0052 -0.0943 -0.1830
    outer loop
        vertex 0.0000 0.3064 -3.3094
        vertex 0.0000 0.0650 -3.1850
        vertex -0.1213 0.0784 -3.1884
    endloop
endfacet
facet normal -0.0073 -0.1321 -0.2565
    outer loop
        vertex -0.1213 0.0784 -3.1884
        vertex -0.2588 0.1582 -3.2256
        vertex 0.0000 0.3064 -3.3094
    endloop
endfacet
facet normal -0.0038 -0.0695 -0.1348
    outer loop
        vertex -0.2588 0.1582 -3.2256
        vertex -0.0947 0.3355 -3.3217
        vertex 0.0000 0.3064 -3.3094
    endloop
endfacet
facet normal -0.0072 -0.1383 -0.2679
    outer loop
        vertex -0.3836 0.5387 -3.4187
        vertex -0.1209 0.5533 -3.4333
        vertex -0.1224 0.3900 -3.3490
    endloop
endfacet
facet normal -0.0066 -0.1260 -0.2439
    outer loop
        vertex -0.1224 0.3900 -3.3490
        vertex -0.3904 0.3932 -3.3433
        vertex -0.3836 0.5387 -3.4187
    endloop
endfacet
facet normal -0.0025 -0.0446 -0.0867
    outer loop
        vertex -0.1224 0.3900 -3.3490
        vertex -0.0947 0.3355 -3.3217
        vertex -0.2588 0.1582 -3.2256
    endloop
endfacet
facet normal -0.0106 -0.2018 -0.3911
    outer loop
        vertex -0.2588 0.1582 -3.2256
        vertex -0.3904 0.3932 -3.3433
        vertex -0.1224 0.3900 -3.3490
    endloop
endfacet
facet normal -0.0033 -0.0608 -0.1178
    outer loop
        vertex -0.3904 0.3932 -3.3433
        vertex -0.2588 0.1582 -3.2256
        vertex -0.3316 0.1449 -3.2168
    endloop
endfacet
facet normal -0.0135 -0.2594 -0.5022
    outer loop
        vertex -0.6708 0.1861 -3.2288
        vertex -0.3904 0.3932 -3.3433
        vertex -0.3880 0.1083 -3.1963
    endloop
endfacet
facet normal -0.0110 -0.2097 -0.4059
    outer loop
        vertex -0.3880 0.1083 -3.1963
        vertex -0.5928 -0.0650 -3.1012
        vertex -0.6708 0.1861 -3.2288
    endloop
endfacet
facet normal -0.0028 -0.0521 -0.1010
    outer loop
        vertex -0.3880 0.1083 -3.1963
        vertex -0.3904 0.3932 -3.3433
        vertex -0.3316 0.1449 -3.2168
    endloop
endfacet
facet normal -0.0120 -0.2305 -0.4463
    outer loop
        vertex -0.6192 0.5256 -3.4056
        vertex -0.8587 0.3438 -3.3053
        vertex -1.0431 0.5020 -3.3820
    endloop
endfacet
facet normal 0.0135 -0.1458 -0.6744
    outer loop
        vertex 0.0000 1.4749 -3.6378
        vertex 0.0000 1.8041 -3.7090
        vertex 0.3278 1.8102 -3.7037
    endloop
endfacet
facet normal 0.0185 -0.1984 -0.9176
    outer loop
        vertex 0.3278 1.8102 -3.7037
        vertex 0.3638 1.3991 -3.6141
        vertex 0.0000 1.4749 -3.6378
    endloop
endfacet
facet normal 0.0075 -0.0812 -0.3755
    outer loop
        vertex 0.3638 1.3991 -3.6141
        vertex 0.3278 1.8102 -3.7037
        vertex 0.4779 1.7643 -3.6908
    endloop
endfacet
facet normal 0.0025 -0.0268 -0.1238
    outer loop
        vertex 0.3278 1.8102 -3.7037
        vertex 0.0000 1.8041 -3.7090
        vertex 0.2549 1.8692 -3.7180
    endloop
endfacet
facet normal 0.0068 -0.0736 -0.3403
    outer loop
        vertex 0.2549 1.8692 -3.7180
        vertex 0.0000 1.8041 -3.7090
        vertex 0.0792 2.0380 -3.7580
    endloop
endfacet
facet normal 0.0016 -0.0167 -0.0775
    outer loop
        vertex 0.0792 2.0380 -3.7580
        vertex 0.2205 1.9728 -3.7410
        vertex 0.2549 1.8692 -3.7180
    endloop
endfacet
facet normal 0.0012 -0.0131 -0.0604
    outer loop
        vertex 0.2205 1.9728 -3.7410
        vertex 0.0792 2.0380 -3.7580
        vertex 0.2364 2.0340 -3.7539
    endloop
endfacet
facet normal -0.0027 0.0027 -0.1045
    outer loop
        vertex -0.0560 2.3492 -3.7504
        vertex 0.0000 2.5925 -3.7455
        vertex 0.0000 2.2941 -3.7533
    endloop
endfacet
facet normal -0.0035 0.0034 -0.1297
    outer loop
        vertex -0.0560 2.3492 -3.7504
        vertex -0.1330 2.3852 -3.7474
        vertex 0.0000 2.5925 -3.7455
    endloop
endfacet
facet normal -0.0086 0.0086 -0.3272
    outer loop
        vertex -0.4290 2.6226 -3.7334
        vertex -0.2087 2.6524 -3.7384
        vertex -0.2914 2.4035 -3.7428
    endloop
endfacet
facet normal -0.0060 0.0061 -0.2300
    outer loop
        vertex -0.2914 2.4035 -3.7428
        vertex -0.4254 2.3494 -3.7407
        vertex -0.4290 2.6226 -3.7334
    endloop
endfacet
facet normal -0.0045 0.0045 -0.1700
    outer loop
        vertex -0.5279 2.5718 -3.7321
        vertex -0.4290 2.6226 -3.7334
        vertex -0.4254 2.3494 -3.7407
    endloop
endfacet
facet normal -0.0045 0.0044 -0.1680
    outer loop
        vertex -0.4254 2.3494 -3.7407
        vertex -0.6142 2.4968 -3.7318
        vertex -0.5279 2.5718 -3.7321
    endloop
endfacet
facet normal -0.0046 0.0047 -0.1770
    outer loop
        vertex -0.4719 2.2949 -3.7409
        vertex -0.6844 2.3974 -3.7326
        vertex -0.6142 2.4968 -3.7318
    endloop
endfacet
facet normal -0.0028 0.0028 -0.1072
    outer loop
        vertex -0.6142 2.4968 -3.7318
        vertex -0.4254 2.3494 -3.7407
        vertex -0.4719 2.2949 -3.7409
    endloop
endfacet
facet normal -0.0060 0.0059 -0.2260
    outer loop
        vertex -0.7392 2.2537 -3.7349
        vertex -0.6844 2.3974 -3.7326
        vertex -0.4719 2.2949 -3.7409
    endloop
endfacet
facet normal -0.0057 0.0057 -0.2161
    outer loop
        vertex -0.4719 2.2949 -3.7409
        vertex -0.5037 2.1606 -3.7436
        vertex -0.7392 2.2537 -3.7349
    endloop
endfacet
facet normal -0.0094 0.0095 -0.3591
    outer loop
        vertex -0.7660 2.0204 -3.7404
        vertex -0.7392 2.2537 -3.7349
        vertex -0.5037 2.1606 -3.7436
    endloop
endfacet
facet normal -0.0050 0.0051 -0.1910
    outer loop
        vertex -0.5037 2.1606 -3.7436
        vertex -0.4757 2.0591 -3.7470
        vertex -0.7660 2.0204 -3.7404
    endloop
endfacet
facet normal -0.0016 0.0016 -0.0623
    outer loop
        vertex -0.4757 2.0591 -3.7470
        vertex -0.4470 2.0286 -3.7486
        vertex -0.7660 2.0204 -3.7404
    endloop
endfacet
facet normal 0.0045 0.0045 -0.1726
    outer loop
        vertex 0.9924 2.1250 -3.7316
        vertex 1.0124 2.0140 -3.7340
        vertex 0.7624 2.0204 -3.7404
    endloop
endfacet
facet normal 0.0037 0.0036 -0.1383
    outer loop
        vertex 0.7624 2.0204 -3.7404
        vertex 0.7366 2.1049 -3.7389
        vertex 0.9924 2.1250 -3.7316
    endloop
endfacet
facet normal 0.0063 0.0063 -0.2386
    outer loop
        vertex 0.9230 2.2688 -3.7297
        vertex 0.9924 2.1250 -3.7316
        vertex 0.7366 2.1049 -3.7389
    endloop
endfacet
facet normal 0.0038 0.0038 -0.1436
    outer loop
        vertex 0.7366 2.1049 -3.7389
        vertex 0.6778 2.1764 -3.7386
        vertex 0.9230 2.2688 -3.7297
    endloop
endfacet
facet normal 0.0063 0.0063 -0.2403
    outer loop
        vertex 0.8090 2.3827 -3.7297
        vertex 0.9230 2.2688 -3.7297
        vertex 0.6778 2.1764 -3.7386
    endloop
endfacet
facet normal 0.0038 0.0037 -0.1421
    outer loop
        vertex 0.6778 2.1764 -3.7386
        vertex 0.5981 2.2245 -3.7394
        vertex 0.8090 2.3827 -3.7297
    endloop
endfacet
facet normal 0.0066 0.0066 -0.2501
    outer loop
        vertex 0.6610 2.4614 -3.7315
        vertex 0.8090 2.3827 -3.7297
        vertex 0.5981 2.2245 -3.7394
    endloop
endfacet
facet normal 0.0038 0.0038 -0.1432
    outer loop
        vertex 0.5981 2.2245 -3.7394
        vertex 0.5074 2.2472 -3.7412
        vertex 0.6610 2.4614 -3.7315
    endloop
endfacet
facet normal 0.0070 0.0070 -0.2667
    outer loop
        vertex 0.4839 2.4923 -3.7354
        vertex 0.6610 2.4614 -3.7315
        vertex 0.5074 2.2472 -3.7412
    endloop
endfacet
facet normal 0.0038 0.0037 -0.1419
    outer loop
        vertex 0.5074 2.2472 -3.7412
        vertex 0.4152 2.2427 -3.7438
        vertex 0.4839 2.4923 -3.7354
    endloop
endfacet
facet normal 0.0115 0.0115 -0.4368
    outer loop
        vertex 0.0000 2.2941 -3.7533
        vertex 0.0000 2.5925 -3.7455
        vertex 0.2342 2.4453 -3.7432
    endloop
endfacet
facet normal 0.0045 0.0044 -0.1691
    outer loop
        vertex 0.2342 2.4453 -3.7432
        vertex 0.0709 2.2243 -3.7533
        vertex 0.0000 2.2941 -3.7533
    endloop
endfacet
facet normal 0.0097 0.0098 -0.3694
    outer loop
        vertex 0.2342 2.4453 -3.7432
        vertex 0.4839 2.4923 -3.7354
        vertex 0.4152 2.2427 -3.7438
    endloop
endfacet
facet normal 0.0038 0.0038 -0.1446
    outer loop
        vertex 0.4152 2.2427 -3.7438
        vertex 0.3312 2.2089 -3.7468
        vertex 0.2342 2.4453 -3.7432
    endloop
endfacet
facet normal 0.0017 0.0017 -0.0662
    outer loop
        vertex 0.0931 2.1606 -3.7544
        vertex 0.0709 2.2243 -3.7533
        vertex 0.2651 2.1440 -3.7503
    endloop
endfacet
facet normal 0.0032 0.0032 -0.1213
    outer loop
        vertex 0.2651 2.1440 -3.7503
        vertex 0.2364 2.0340 -3.7539
        vertex 0.0931 2.1606 -3.7544
    endloop
endfacet
facet normal 0.0032 0.0032 -0.1208
    outer loop
        vertex 0.2364 2.0340 -3.7539
        vertex 0.0792 2.0380 -3.7580
        vertex 0.0931 2.1606 -3.7544
    endloop
endfacet
facet normal -0.0085 -0.0486 -0.2024
    outer loop
        vertex -0.1209 0.5533 -3.4333
        vertex -0.3836 0.5387 -3.4187
        vertex -0.3779 0.6623 -3.4486
    endloop
endfacet
facet normal -0.0080 -0.0455 -0.1892
    outer loop
        vertex -0.3779 0.6623 -3.4486
        vertex -0.1198 0.6706 -3.4615
        vertex -0.1209 0.5533 -3.4333
    endloop
endfacet
facet normal -0.0190 -0.1082 -0.4503
    outer loop
        vertex -0.3779 0.6623 -3.4486
        vertex -0.4121 0.9404 -3.5140
        vertex -0.1198 0.6706 -3.4615
    endloop
endfacet
facet normal -0.0119 -0.0681 -0.2835
    outer loop
        vertex -0.3779 0.6623 -3.4486
        vertex -0.5323 0.5915 -3.4251
        vertex -0.4121 0.9404 -3.5140
    endloop
endfacet
facet normal -0.0226 -0.1286 -0.5356
    outer loop
        vertex -0.7729 0.7192 -3.4456
        vertex -0.6192 0.5256 -3.4056
        vertex -1.0431 0.5020 -3.3820
    endloop
endfacet
facet normal -0.0109 -0.0618 -0.2575
    outer loop
        vertex -0.9869 1.2204 -3.5570
        vertex -1.2481 1.1350 -3.5254
        vertex -1.2139 1.3039 -3.5674
    endloop
endfacet
facet normal -0.0088 -0.0502 -0.2091
    outer loop
        vertex -1.2139 1.3039 -3.5674
        vertex -0.9242 1.3448 -3.5895
        vertex -0.9869 1.2204 -3.5570
    endloop
endfacet
facet normal -0.0072 -0.0407 -0.1696
    outer loop
        vertex -1.2446 1.0219 -3.4984
        vertex -1.2481 1.1350 -3.5254
        vertex -1.0071 1.1002 -3.5272
    endloop
endfacet
facet normal -0.0053 -0.0300 -0.1251
    outer loop
        vertex -1.0071 1.1002 -3.5272
        vertex -0.9793 1.0252 -3.5104
        vertex -1.2446 1.0219 -3.4984
    endloop
endfacet
facet normal -0.0071 -0.0405 -0.1687
    outer loop
        vertex -1.2129 0.9205 -3.4754
        vertex -1.2446 1.0219 -3.4984
        vertex -0.9793 1.0252 -3.5104
    endloop
endfacet
facet normal -0.0085 -0.0483 -0.2012
    outer loop
        vertex -0.9793 1.0252 -3.5104
        vertex -1.1282 0.8207 -3.4550
        vertex -1.2129 0.9205 -3.4754
    endloop
endfacet
facet normal -0.0084 -0.0477 -0.1986
    outer loop
        vertex -1.0125 0.7662 -3.4468
        vertex -1.1282 0.8207 -3.4550
        vertex -0.9793 1.0252 -3.5104
    endloop
endfacet
facet normal -0.0118 -0.0672 -0.2798
    outer loop
        vertex -0.9793 1.0252 -3.5104
        vertex -0.8355 0.7982 -3.4619
        vertex -1.0125 0.7662 -3.4468
    endloop
endfacet
facet normal -0.0226 -0.1288 -0.5363
    outer loop
        vertex -0.5268 0.9966 -3.5226
        vertex -0.8355 0.7982 -3.4619
        vertex -0.8976 1.0362 -3.5165
    endloop
endfacet
facet normal -0.0170 -0.0971 -0.4041
    outer loop
        vertex -0.8976 1.0362 -3.5165
        vertex -0.6795 1.1872 -3.5620
        vertex -0.5268 0.9966 -3.5226
    endloop
endfacet
facet normal -0.0028 -0.0157 -0.0651
    outer loop
        vertex -0.5268 0.9966 -3.5226
        vertex -0.6795 1.1872 -3.5620
        vertex -0.4699 0.9938 -3.5244
    endloop
endfacet
facet normal -0.0053 -0.0302 -0.1257
    outer loop
        vertex -0.8976 1.0362 -3.5165
        vertex -0.8355 0.7982 -3.4619
        vertex -0.9793 1.0252 -3.5104
    endloop
endfacet
facet normal -0.0078 -0.0445 -0.1854
    outer loop
        vertex -1.0071 1.1002 -3.5272
        vertex -1.2481 1.1350 -3.5254
        vertex -0.9869 1.2204 -3.5570
    endloop
endfacet
facet normal 0.0276 -0.1573 -0.6554
    outer loop
        vertex 0.3991 0.7000 -3.4568
        vertex 0.1364 0.6860 -3.4645
        vertex 0.5956 1.1098 -3.5469
    endloop
endfacet
facet normal 0.0089 -0.0506 -0.2108
    outer loop
        vertex 0.3848 0.5386 -3.4186
        vertex 0.1322 0.5526 -3.4326
        vertex 0.1364 0.6860 -3.4645
    endloop
endfacet
facet normal 0.0111 -0.0633 -0.2637
    outer loop
        vertex 0.1364 0.6860 -3.4645
        vertex 0.3991 0.7000 -3.4568
        vertex 0.3848 0.5386 -3.4186
    endloop
endfacet
facet normal 0.0320 -0.1818 -0.7571
    outer loop
        vertex 0.5956 1.1098 -3.5469
        vertex 0.7521 0.6551 -3.4311
        vertex 0.4815 0.6672 -3.4454
    endloop
endfacet
facet normal 0.0106 -0.0603 -0.2513
    outer loop
        vertex 0.4815 0.6672 -3.4454
        vertex 0.3991 0.7000 -3.4568
        vertex 0.5956 1.1098 -3.5469
    endloop
endfacet
facet normal 0.0072 -0.0409 -0.1702
    outer loop
        vertex 0.7521 0.6551 -3.4311
        vertex 0.8061 0.5596 -3.4059
        vertex 0.5374 0.5302 -3.4102
    endloop
endfacet
facet normal 0.0096 -0.0547 -0.2275
    outer loop
        vertex 0.5374 0.5302 -3.4102
        vertex 0.4815 0.6672 -3.4454
        vertex 0.7521 0.6551 -3.4311
    endloop
endfacet
facet normal 0.0060 -0.0339 -0.1412
    outer loop
        vertex 1.3123 1.1310 -3.5217
        vertex 1.3050 1.0400 -3.5002
        vertex 1.0599 1.0799 -3.5201
    endloop
endfacet
facet normal 0.0056 -0.0316 -0.1316
    outer loop
        vertex 1.0599 1.0799 -3.5201
        vertex 1.0432 1.1599 -3.5400
        vertex 1.3123 1.1310 -3.5217
    endloop
endfacet
facet normal 0.0154 -0.0876 -0.3647
    outer loop
        vertex 1.2168 1.5520 -3.6269
        vertex 1.2457 1.3084 -3.5672
        vertex 0.9961 1.3926 -3.5979
    endloop
endfacet
facet normal 0.0049 -0.0276 -0.1150
    outer loop
        vertex 0.9961 1.3926 -3.5979
        vertex 0.9786 1.4633 -3.6156
        vertex 1.2168 1.5520 -3.6269
    endloop
endfacet
facet normal 0.0062 -0.0350 -0.1457
    outer loop
        vertex 0.9786 1.4633 -3.6156
        vertex 1.1562 1.6273 -3.6475
        vertex 1.2168 1.5520 -3.6269
    endloop
endfacet
facet normal 0.0121 -0.0688 -0.2864
    outer loop
        vertex 1.2457 1.3084 -3.5672
        vertex 1.3123 1.1310 -3.5217
        vertex 1.0432 1.1599 -3.5400
    endloop
endfacet
facet normal 0.0143 -0.0812 -0.3381
    outer loop
        vertex 1.0432 1.1599 -3.5400
        vertex 0.9961 1.3926 -3.5979
        vertex 1.2457 1.3084 -3.5672
    endloop
endfacet
facet normal 0.0069 -0.0394 -0.1645
    outer loop
        vertex 0.5374 0.5302 -3.4102
        vertex 0.8061 0.5596 -3.4059
        vertex 1.1301 0.4972 -3.3772
    endloop
endfacet
facet normal 0.0237 -0.1354 -0.5638
    outer loop
        vertex 1.2222 0.8784 -3.4649
        vertex 1.1301 0.4972 -3.3772
        vertex 0.9565 0.7585 -3.4473
    endloop
endfacet
facet normal 0.0080 -0.0455 -0.1895
    outer loop
        vertex 0.9565 0.7585 -3.4473
        vertex 0.9694 0.8785 -3.4756
        vertex 1.2222 0.8784 -3.4649
    endloop
endfacet
facet normal 0.0070 -0.0397 -0.1652
    outer loop
        vertex 0.9044 1.2842 -3.5758
        vertex 0.9961 1.3926 -3.5979
        vertex 1.0432 1.1599 -3.5400
    endloop
endfacet
facet normal 0.0029 -0.0168 -0.0700
    outer loop
        vertex 0.8061 0.5596 -3.4059
        vertex 0.8798 0.5800 -3.4077
        vertex 1.1301 0.4972 -3.3772
    endloop
endfacet
facet normal 0.0135 -0.0766 -0.3189
    outer loop
        vertex 0.8798 0.5800 -3.4077
        vertex 0.9565 0.7585 -3.4473
        vertex 1.1301 0.4972 -3.3772
    endloop
endfacet
facet normal 0.0111 -0.0634 -0.2639
    outer loop
        vertex 1.0058 1.0455 -3.5142
        vertex 1.2222 0.8784 -3.4649
        vertex 0.9694 0.8785 -3.4756
    endloop
endfacet
facet normal 0.0041 -0.0232 -0.0967
    outer loop
        vertex 0.9694 0.8785 -3.4756
        vertex 0.9128 1.0442 -3.5178
        vertex 1.0058 1.0455 -3.5142
    endloop
endfacet
facet normal -0.0072 -0.0778 -0.3598
    outer loop
        vertex -0.1181 0.8660 -3.5038
        vertex -0.1198 0.6706 -3.4615
        vertex -0.4121 0.9404 -3.5140
    endloop
endfacet
facet normal -0.0017 -0.0182 -0.0842
    outer loop
        vertex -0.4121 0.9404 -3.5140
        vertex -0.4353 0.9920 -3.5247
        vertex -0.1181 0.8660 -3.5038
    endloop
endfacet
facet normal -0.0021 -0.0222 -0.1028
    outer loop
        vertex 0.0000 1.1490 -3.5674
        vertex 0.0000 0.8883 -3.5110
        vertex -0.0631 0.9031 -3.5129
    endloop
endfacet
facet normal -0.0122 -0.1313 -0.6071
    outer loop
        vertex -0.0631 0.9031 -3.5129
        vertex -0.4353 0.9920 -3.5247
        vertex 0.0000 1.1490 -3.5674
    endloop
endfacet
facet normal -0.0023 -0.0253 -0.1168
    outer loop
        vertex -0.0631 0.9031 -3.5129
        vertex -0.1181 0.8660 -3.5038
        vertex -0.4353 0.9920 -3.5247
    endloop
endfacet
facet normal -0.0011 -0.0115 -0.0533
    outer loop
        vertex -0.4353 0.9920 -3.5247
        vertex -0.4699 0.9938 -3.5244
        vertex -0.3958 1.2361 -3.5782
    endloop
endfacet
facet normal -0.0126 -0.1352 -0.6253
    outer loop
        vertex -0.3958 1.2361 -3.5782
        vertex 0.0000 1.1490 -3.5674
        vertex -0.4353 0.9920 -3.5247
    endloop
endfacet
facet normal -0.0040 -0.0428 -0.1980
    outer loop
        vertex -0.6795 1.1872 -3.5620
        vertex -0.3529 1.4135 -3.6174
        vertex -0.3981 1.2852 -3.5888
    endloop
endfacet
facet normal -0.0050 -0.0532 -0.2461
    outer loop
        vertex -0.8863 1.3781 -3.5991
        vertex -1.1092 1.5839 -3.6391
        vertex -0.8647 1.5348 -3.6334
    endloop
endfacet
facet normal -0.0018 -0.0191 -0.0882
    outer loop
        vertex -0.8647 1.5348 -3.6334
        vertex -0.7838 1.4681 -3.6206
        vertex -0.8863 1.3781 -3.5991
    endloop
endfacet
facet normal -0.0027 -0.0289 -0.1339
    outer loop
        vertex -1.0972 1.6883 -3.6619
        vertex -1.0446 1.7619 -3.6789
        vertex -0.8727 1.5953 -3.6463
    endloop
endfacet
facet normal -0.0031 -0.0332 -0.1535
    outer loop
        vertex -0.8727 1.5953 -3.6463
        vertex -1.1092 1.5839 -3.6391
        vertex -1.0972 1.6883 -3.6619
    endloop
endfacet
facet normal -0.0071 -0.0765 -0.3539
    outer loop
        vertex -0.7660 2.0204 -3.7404
        vertex -0.4470 2.0286 -3.7486
        vertex -0.5611 1.8481 -3.7072
    endloop
endfacet
facet normal -0.0016 -0.0172 -0.0794
    outer loop
        vertex -0.5611 1.8481 -3.7072
        vertex -0.6181 1.8340 -3.7030
        vertex -0.7660 2.0204 -3.7404
    endloop
endfacet
facet normal -0.0054 -0.0578 -0.2674
    outer loop
        vertex -0.8813 1.8763 -3.7069
        vertex -0.7660 2.0204 -3.7404
        vertex -0.6181 1.8340 -3.7030
    endloop
endfacet
facet normal -0.0023 -0.0249 -0.1153
    outer loop
        vertex -0.6181 1.8340 -3.7030
        vertex -0.6496 1.7690 -3.6884
        vertex -0.8813 1.8763 -3.7069
    endloop
endfacet
facet normal -0.0059 -0.0640 -0.2960
    outer loop
        vertex -1.0446 1.7619 -3.6789
        vertex -0.8813 1.8763 -3.7069
        vertex -0.8147 1.6329 -3.6556
    endloop
endfacet
facet normal -0.0020 -0.0218 -0.1009
    outer loop
        vertex -0.8147 1.6329 -3.6556
        vertex -0.8727 1.5953 -3.6463
        vertex -1.0446 1.7619 -3.6789
    endloop
endfacet
facet normal -0.0018 -0.0195 -0.0900
    outer loop
        vertex -0.8647 1.5348 -3.6334
        vertex -1.1092 1.5839 -3.6391
        vertex -0.8727 1.5953 -3.6463
    endloop
endfacet
facet normal -0.0028 -0.0297 -0.1371
    outer loop
        vertex -0.6496 1.7690 -3.6884
        vertex -0.6372 1.6463 -3.6621
        vertex -0.8147 1.6329 -3.6556
    endloop
endfacet
facet normal -0.0062 -0.0665 -0.3077
    outer loop
        vertex -0.8147 1.6329 -3.6556
        vertex -0.8813 1.8763 -3.7069
        vertex -0.6496 1.7690 -3.6884
    endloop
endfacet
facet normal -0.0015 -0.0168 -0.0775
    outer loop
        vertex -0.5611 1.8481 -3.7072
        vertex -0.4470 2.0286 -3.7486
        vertex -0.4059 1.9849 -3.7399
    endloop
endfacet
facet normal -0.0016 -0.0169 -0.0780
    outer loop
        vertex -0.4059 1.9849 -3.7399
        vertex -0.4931 1.8276 -3.7042
        vertex -0.5611 1.8481 -3.7072
    endloop
endfacet
facet normal -0.0040 -0.0430 -0.1988
    outer loop
        vertex -0.2666 1.6689 -3.6744
        vertex -0.3051 1.9378 -3.7318
        vertex -0.1839 1.9175 -3.7298
    endloop
endfacet
endsolid GiantLegoRocks
