solid GiantLegoRocks
facet normal -0.0323 4.0000 0.4894
    outer loop
        vertex -0.1958 1.6000 1.4871
        vertex 0.0000 1.6000 1.5000
        vertex 0.0000 3.7000 1.5000
    endloop
endfacet
facet normal -0.0323 4.0000 0.4894
    outer loop
        vertex 0.0000 3.7000 1.5000
        vertex -0.1958 3.7000 1.4871
        vertex -0.1958 1.6000 1.4871
    endloop
endfacet
facet normal -0.0956 4.0000 0.4811
    outer loop
        vertex -0.3882 1.6000 1.4489
        vertex -0.1958 1.6000 1.4871
        vertex -0.1958 3.7000 1.4871
    endloop
endfacet
facet normal -0.0956 4.0000 0.4811
    outer loop
        vertex -0.1958 3.7000 1.4871
        vertex -0.3882 3.7000 1.4489
        vertex -0.3882 1.6000 1.4489
    endloop
endfacet
facet normal -0.1575 4.0000 0.4646
    outer loop
        vertex -0.5741 1.6000 1.3859
        vertex -0.3882 1.6000 1.4489
        vertex -0.3882 3.7000 1.4489
    endloop
endfacet
facet normal -0.1575 4.0000 0.4646
    outer loop
        vertex -0.3882 3.7000 1.4489
        vertex -0.5741 3.7000 1.3859
        vertex -0.5741 1.6000 1.3859
    endloop
endfacet
facet normal -0.2171 4.0000 0.4399
    outer loop
        vertex -0.7500 1.6000 1.2990
        vertex -0.5741 1.6000 1.3859
        vertex -0.5741 3.7000 1.3859
    endloop
endfacet
facet normal -0.2171 4.0000 0.4399
    outer loop
        vertex -0.5741 3.7000 1.3859
        vertex -0.7500 3.7000 1.2990
        vertex -0.7500 1.6000 1.2990
    endloop
endfacet
facet normal -0.2722 4.0000 0.4080
    outer loop
        vertex -0.9132 1.6000 1.1901
        vertex -0.7500 1.6000 1.2990
        vertex -0.7500 3.7000 1.2990
    endloop
endfacet
facet normal -0.2722 4.0000 0.4080
    outer loop
        vertex -0.7500 3.7000 1.2990
        vertex -0.9132 3.7000 1.1901
        vertex -0.9132 1.6000 1.1901
    endloop
endfacet
facet normal -0.3236 4.0000 0.3686
    outer loop
        vertex -1.0606 1.6000 1.0606
        vertex -0.9132 1.6000 1.1901
        vertex -0.9132 3.7000 1.1901
    endloop
endfacet
facet normal -0.3236 4.0000 0.3686
    outer loop
        vertex -0.9132 3.7000 1.1901
        vertex -1.0606 3.7000 1.0606
        vertex -1.0606 1.6000 1.0606
    endloop
endfacet
facet normal -0.3686 4.0000 0.3236
    outer loop
        vertex -1.1901 1.6000 0.9132
        vertex -1.0606 1.6000 1.0606
        vertex -1.0606 3.7000 1.0606
    endloop
endfacet
facet normal -0.3686 4.0000 0.3236
    outer loop
        vertex -1.0606 3.7000 1.0606
        vertex -1.1901 3.7000 0.9132
        vertex -1.1901 1.6000 0.9132
    endloop
endfacet
facet normal -0.4080 4.0000 0.2722
    outer loop
        vertex -1.2990 1.6000 0.7500
        vertex -1.1901 1.6000 0.9132
        vertex -1.1901 3.7000 0.9132
    endloop
endfacet
facet normal -0.4080 4.0000 0.2722
    outer loop
        vertex -1.1901 3.7000 0.9132
        vertex -1.2990 3.7000 0.7500
        vertex -1.2990 1.6000 0.7500
    endloop
endfacet
facet normal -0.4399 4.0000 0.2171
    outer loop
        vertex -1.3859 1.6000 0.5741
        vertex -1.2990 1.6000 0.7500
        vertex -1.2990 3.7000 0.7500
    endloop
endfacet
facet normal -0.4399 4.0000 0.2171
    outer loop
        vertex -1.2990 3.7000 0.7500
        vertex -1.3859 3.7000 0.5741
        vertex -1.3859 1.6000 0.5741
    endloop
endfacet
facet normal -0.4646 4.0000 0.1575
    outer loop
        vertex -1.4489 1.6000 0.3882
        vertex -1.3859 1.6000 0.5741
        vertex -1.3859 3.7000 0.5741
    endloop
endfacet
facet normal -0.4646 4.0000 0.1575
    outer loop
        vertex -1.3859 3.7000 0.5741
        vertex -1.4489 3.7000 0.3882
        vertex -1.4489 1.6000 0.3882
    endloop
endfacet
facet normal -0.4811 4.0000 0.0956
    outer loop
        vertex -1.4871 1.6000 0.1958
        vertex -1.4489 1.6000 0.3882
        vertex -1.4489 3.7000 0.3882
    endloop
endfacet
facet normal -0.4811 4.0000 0.0956
    outer loop
        vertex -1.4489 3.7000 0.3882
        vertex -1.4871 3.7000 0.1958
        vertex -1.4871 1.6000 0.1958
    endloop
endfacet
facet normal -0.4894 4.0000 0.0323
    outer loop
        vertex -1.5000 1.6000 0.0000
        vertex -1.4871 1.6000 0.1958
        vertex -1.4871 3.7000 0.1958
    endloop
endfacet
facet normal -0.4894 4.0000 0.0323
    outer loop
        vertex -1.4871 3.7000 0.1958
        vertex -1.5000 3.7000 0.0000
        vertex -1.5000 1.6000 0.0000
    endloop
endfacet
facet normal -0.4894 4.0000 -0.0323
    outer loop
        vertex -1.4871 1.6000 -0.1958
        vertex -1.5000 1.6000 0.0000
        vertex -1.5000 3.7000 0.0000
    endloop
endfacet
facet normal -0.4894 4.0000 -0.0323
    outer loop
        vertex -1.5000 3.7000 0.0000
        vertex -1.4871 3.7000 -0.1958
        vertex -1.4871 1.6000 -0.1958
    endloop
endfacet
facet normal -0.4811 4.0000 -0.0956
    outer loop
        vertex -1.4489 1.6000 -0.3882
        vertex -1.4871 1.6000 -0.1958
        vertex -1.4871 3.7000 -0.1958
    endloop
endfacet
facet normal -0.4811 4.0000 -0.0956
    outer loop
        vertex -1.4871 3.7000 -0.1958
        vertex -1.4489 3.7000 -0.3882
        vertex -1.4489 1.6000 -0.3882
    endloop
endfacet
facet normal -0.4646 4.0000 -0.1575
    outer loop
        vertex -1.3859 1.6000 -0.5741
        vertex -1.4489 1.6000 -0.3882
        vertex -1.4489 3.7000 -0.3882
    endloop
endfacet
facet normal -0.4646 4.0000 -0.1575
    outer loop
        vertex -1.4489 3.7000 -0.3882
        vertex -1.3859 3.7000 -0.5741
        vertex -1.3859 1.6000 -0.5741
    endloop
endfacet
facet normal -0.4399 4.0000 -0.2171
    outer loop
        vertex -1.2990 1.6000 -0.7500
        vertex -1.3859 1.6000 -0.5741
        vertex -1.3859 3.7000 -0.5741
    endloop
endfacet
facet normal -0.4399 4.0000 -0.2171
    outer loop
        vertex -1.3859 3.7000 -0.5741
        vertex -1.2990 3.7000 -0.7500
        vertex -1.2990 1.6000 -0.7500
    endloop
endfacet
facet normal -0.4080 4.0000 -0.2722
    outer loop
        vertex -1.1901 1.6000 -0.9132
        vertex -1.2990 1.6000 -0.7500
        vertex -1.2990 3.7000 -0.7500
    endloop
endfacet
facet normal -0.4080 4.0000 -0.2722
    outer loop
        vertex -1.2990 3.7000 -0.7500
        vertex -1.1901 3.7000 -0.9132
        vertex -1.1901 1.6000 -0.9132
    endloop
endfacet
facet normal -0.3686 4.0000 -0.3236
    outer loop
        vertex -1.0606 1.6000 -1.0606
        vertex -1.1901 1.6000 -0.9132
        vertex -1.1901 3.7000 -0.9132
    endloop
endfacet
facet normal -0.3686 4.0000 -0.3236
    outer loop
        vertex -1.1901 3.7000 -0.9132
        vertex -1.0606 3.7000 -1.0606
        vertex -1.0606 1.6000 -1.0606
    endloop
endfacet
facet normal -0.3236 4.0000 -0.3686
    outer loop
        vertex -0.9132 1.6000 -1.1901
        vertex -1.0606 1.6000 -1.0606
        vertex -1.0606 3.7000 -1.0606
    endloop
endfacet
facet normal -0.3236 4.0000 -0.3686
    outer loop
        vertex -1.0606 3.7000 -1.0606
        vertex -0.9132 3.7000 -1.1901
        vertex -0.9132 1.6000 -1.1901
    endloop
endfacet
facet normal -0.2722 4.0000 -0.4080
    outer loop
        vertex -0.7500 1.6000 -1.2990
        vertex -0.9132 1.6000 -1.1901
        vertex -0.9132 3.7000 -1.1901
    endloop
endfacet
facet normal -0.2722 4.0000 -0.4080
    outer loop
        vertex -0.9132 3.7000 -1.1901
        vertex -0.7500 3.7000 -1.2990
        vertex -0.7500 1.6000 -1.2990
    endloop
endfacet
facet normal -0.2171 4.0000 -0.4399
    outer loop
        vertex -0.5741 1.6000 -1.3859
        vertex -0.7500 1.6000 -1.2990
        vertex -0.7500 3.7000 -1.2990
    endloop
endfacet
facet normal -0.2171 4.0000 -0.4399
    outer loop
        vertex -0.7500 3.7000 -1.2990
        vertex -0.5741 3.7000 -1.3859
        vertex -0.5741 1.6000 -1.3859
    endloop
endfacet
facet normal -0.1575 4.0000 -0.4646
    outer loop
        vertex -0.3882 1.6000 -1.4489
        vertex -0.5741 1.6000 -1.3859
        vertex -0.5741 3.7000 -1.3859
    endloop
endfacet
facet normal -0.1575 4.0000 -0.4646
    outer loop
        vertex -0.5741 3.7000 -1.3859
        vertex -0.3882 3.7000 -1.4489
        vertex -0.3882 1.6000 -1.4489
    endloop
endfacet
facet normal -0.0956 4.0000 -0.4811
    outer loop
        vertex -0.1958 1.6000 -1.4871
        vertex -0.3882 1.6000 -1.4489
        vertex -0.3882 3.7000 -1.4489
    endloop
endfacet
facet normal -0.0956 4.0000 -0.4811
    outer loop
        vertex -0.3882 3.7000 -1.4489
        vertex -0.1958 3.7000 -1.4871
        vertex -0.1958 1.6000 -1.4871
    endloop
endfacet
facet normal -0.0323 4.0000 -0.4894
    outer loop
        vertex 0.0000 1.6000 -1.5000
        vertex -0.1958 1.6000 -1.4871
        vertex -0.1958 3.7000 -1.4871
    endloop
endfacet
facet normal -0.0323 4.0000 -0.4894
    outer loop
        vertex -0.1958 3.7000 -1.4871
        vertex 0.0000 3.7000 -1.5000
        vertex 0.0000 1.6000 -1.5000
    endloop
endfacet
facet normal 18.7500 5.2500 -2.8750
    outer loop
        vertex 3.0000 1.6000 -1.5000
        vertex 3.0000 2.6000 -1.5000
        vertex 3.0000 2.6000 -0.8000
    endloop
endfacet
facet normal 18.7500 5.2500 -2.8750
    outer loop
        vertex 3.0000 2.6000 -0.8000
        vertex 3.0000 1.6000 -0.8000
        vertex 3.0000 1.6000 -1.5000
    endloop
endfacet
facet normal 3.7500 5.2500 -6.3750
    outer loop
        vertex 0.0000 2.6000 -1.5000
        vertex 3.0000 2.6000 -1.5000
        vertex 3.0000 1.6000 -1.5000
    endloop
endfacet
facet normal 3.7500 5.2500 -6.3750
    outer loop
        vertex 3.0000 1.6000 -1.5000
        vertex 0.0000 1.6000 -1.5000
        vertex 0.0000 2.6000 -1.5000
    endloop
endfacet
facet normal -11.2500 5.2500 2.8750
    outer loop
        vertex 3.0000 1.6000 1.5000
        vertex 3.0000 2.6000 0.8000
        vertex 3.0000 2.6000 1.5000
    endloop
endfacet
facet normal -11.2500 5.2500 2.8750
    outer loop
        vertex 3.0000 2.6000 0.8000
        vertex 3.0000 1.6000 1.5000
        vertex 3.0000 1.6000 0.8000
    endloop
endfacet
facet normal 3.7500 5.2500 -0.6250
    outer loop
        vertex 0.0000 2.6000 1.5000
        vertex 3.0000 1.6000 1.5000
        vertex 3.0000 2.6000 1.5000
    endloop
endfacet
facet normal 3.7500 5.2500 -0.6250
    outer loop
        vertex 3.0000 1.6000 1.5000
        vertex 0.0000 2.6000 1.5000
        vertex 0.0000 1.6000 1.5000
    endloop
endfacet
facet normal 0.0000 3.6085 0.0000
    outer loop
        vertex 0.0000 1.6000 1.2000
        vertex -0.1566 1.6000 1.1897
        vertex -0.1044 1.6000 0.7931
    endloop
endfacet
facet normal 0.0000 3.7390 0.0000
    outer loop
        vertex -0.1044 1.6000 0.7931
        vertex 0.0000 1.6000 0.8000
        vertex 0.0000 1.6000 1.2000
    endloop
endfacet
facet normal 0.0000 3.6084 0.0000
    outer loop
        vertex -0.1566 1.6000 1.1897
        vertex -0.3106 1.6000 1.1591
        vertex -0.2070 1.6000 0.7727
    endloop
endfacet
facet normal 0.0000 3.7390 0.0000
    outer loop
        vertex -0.2070 1.6000 0.7727
        vertex -0.1044 1.6000 0.7931
        vertex -0.1566 1.6000 1.1897
    endloop
endfacet
facet normal 0.0000 3.6084 0.0000
    outer loop
        vertex -0.3106 1.6000 1.1591
        vertex -0.4592 1.6000 1.1087
        vertex -0.3062 1.6000 0.7391
    endloop
endfacet
facet normal 0.0000 3.7389 0.0000
    outer loop
        vertex -0.3062 1.6000 0.7391
        vertex -0.2070 1.6000 0.7727
        vertex -0.3106 1.6000 1.1591
    endloop
endfacet
facet normal 0.0000 3.6084 0.0000
    outer loop
        vertex -0.4592 1.6000 1.1087
        vertex -0.6000 1.6000 1.0392
        vertex -0.4000 1.6000 0.6928
    endloop
endfacet
facet normal 0.0000 3.7389 0.0000
    outer loop
        vertex -0.4000 1.6000 0.6928
        vertex -0.3062 1.6000 0.7391
        vertex -0.4592 1.6000 1.1087
    endloop
endfacet
facet normal 0.0000 3.6084 0.0000
    outer loop
        vertex -0.6000 1.6000 1.0392
        vertex -0.7306 1.6000 0.9521
        vertex -0.4870 1.6000 0.6347
    endloop
endfacet
facet normal 0.0000 3.7390 0.0000
    outer loop
        vertex -0.4870 1.6000 0.6347
        vertex -0.4000 1.6000 0.6928
        vertex -0.6000 1.6000 1.0392
    endloop
endfacet
facet normal 0.0000 3.6084 0.0000
    outer loop
        vertex -0.7306 1.6000 0.9521
        vertex -0.8485 1.6000 0.8485
        vertex -0.5657 1.6000 0.5657
    endloop
endfacet
facet normal 0.0000 3.7389 0.0000
    outer loop
        vertex -0.5657 1.6000 0.5657
        vertex -0.4870 1.6000 0.6347
        vertex -0.7306 1.6000 0.9521
    endloop
endfacet
facet normal 0.0000 3.6084 0.0000
    outer loop
        vertex -0.8485 1.6000 0.8485
        vertex -0.9521 1.6000 0.7306
        vertex -0.6347 1.6000 0.4870
    endloop
endfacet
facet normal 0.0000 3.7389 0.0000
    outer loop
        vertex -0.6347 1.6000 0.4870
        vertex -0.5657 1.6000 0.5657
        vertex -0.8485 1.6000 0.8485
    endloop
endfacet
facet normal 0.0000 3.6084 0.0000
    outer loop
        vertex -0.9521 1.6000 0.7306
        vertex -1.0392 1.6000 0.6000
        vertex -0.6928 1.6000 0.4000
    endloop
endfacet
facet normal 0.0000 3.7390 0.0000
    outer loop
        vertex -0.6928 1.6000 0.4000
        vertex -0.6347 1.6000 0.4870
        vertex -0.9521 1.6000 0.7306
    endloop
endfacet
facet normal 0.0000 3.6084 0.0000
    outer loop
        vertex -1.0392 1.6000 0.6000
        vertex -1.1087 1.6000 0.4592
        vertex -0.7391 1.6000 0.3062
    endloop
endfacet
facet normal 0.0000 3.7389 0.0000
    outer loop
        vertex -0.7391 1.6000 0.3062
        vertex -0.6928 1.6000 0.4000
        vertex -1.0392 1.6000 0.6000
    endloop
endfacet
facet normal 0.0000 3.6084 0.0000
    outer loop
        vertex -1.1087 1.6000 0.4592
        vertex -1.1591 1.6000 0.3106
        vertex -0.7727 1.6000 0.2070
    endloop
endfacet
facet normal 0.0000 3.7389 0.0000
    outer loop
        vertex -0.7727 1.6000 0.2070
        vertex -0.7391 1.6000 0.3062
        vertex -1.1087 1.6000 0.4592
    endloop
endfacet
facet normal 0.0000 3.6084 0.0000
    outer loop
        vertex -1.1591 1.6000 0.3106
        vertex -1.1897 1.6000 0.1566
        vertex -0.7931 1.6000 0.1044
    endloop
endfacet
facet normal 0.0000 3.7390 0.0000
    outer loop
        vertex -0.7931 1.6000 0.1044
        vertex -0.7727 1.6000 0.2070
        vertex -1.1591 1.6000 0.3106
    endloop
endfacet
facet normal 0.0000 3.6085 0.0000
    outer loop
        vertex -1.1897 1.6000 0.1566
        vertex -1.2000 1.6000 0.0000
        vertex -0.8000 1.6000 0.0000
    endloop
endfacet
facet normal 0.0000 3.7390 0.0000
    outer loop
        vertex -0.8000 1.6000 0.0000
        vertex -0.7931 1.6000 0.1044
        vertex -1.1897 1.6000 0.1566
    endloop
endfacet
facet normal 0.0000 3.6085 0.0000
    outer loop
        vertex -1.2000 1.6000 0.0000
        vertex -1.1897 1.6000 -0.1566
        vertex -0.7931 1.6000 -0.1044
    endloop
endfacet
facet normal 0.0000 3.7390 0.0000
    outer loop
        vertex -0.7931 1.6000 -0.1044
        vertex -0.8000 1.6000 0.0000
        vertex -1.2000 1.6000 0.0000
    endloop
endfacet
facet normal 0.0000 3.6084 0.0000
    outer loop
        vertex -1.1897 1.6000 -0.1566
        vertex -1.1591 1.6000 -0.3106
        vertex -0.7727 1.6000 -0.2070
    endloop
endfacet
facet normal 0.0000 3.7390 0.0000
    outer loop
        vertex -0.7727 1.6000 -0.2070
        vertex -0.7931 1.6000 -0.1044
        vertex -1.1897 1.6000 -0.1566
    endloop
endfacet
facet normal 0.0000 3.6084 0.0000
    outer loop
        vertex -1.1591 1.6000 -0.3106
        vertex -1.1087 1.6000 -0.4592
        vertex -0.7391 1.6000 -0.3062
    endloop
endfacet
facet normal 0.0000 3.7389 0.0000
    outer loop
        vertex -0.7391 1.6000 -0.3062
        vertex -0.7727 1.6000 -0.2070
        vertex -1.1591 1.6000 -0.3106
    endloop
endfacet
facet normal 0.0000 3.6084 0.0000
    outer loop
        vertex -1.1087 1.6000 -0.4592
        vertex -1.0392 1.6000 -0.6000
        vertex -0.6928 1.6000 -0.4000
    endloop
endfacet
facet normal 0.0000 3.7389 0.0000
    outer loop
        vertex -0.6928 1.6000 -0.4000
        vertex -0.7391 1.6000 -0.3062
        vertex -1.1087 1.6000 -0.4592
    endloop
endfacet
facet normal 0.0000 3.6084 0.0000
    outer loop
        vertex -1.0392 1.6000 -0.6000
        vertex -0.9521 1.6000 -0.7306
        vertex -0.6347 1.6000 -0.4870
    endloop
endfacet
facet normal 0.0000 3.7390 0.0000
    outer loop
        vertex -0.6347 1.6000 -0.4870
        vertex -0.6928 1.6000 -0.4000
        vertex -1.0392 1.6000 -0.6000
    endloop
endfacet
facet normal 0.0000 3.6084 0.0000
    outer loop
        vertex -0.9521 1.6000 -0.7306
        vertex -0.8485 1.6000 -0.8485
        vertex -0.5657 1.6000 -0.5657
    endloop
endfacet
facet normal 0.0000 3.7389 0.0000
    outer loop
        vertex -0.5657 1.6000 -0.5657
        vertex -0.6347 1.6000 -0.4870
        vertex -0.9521 1.6000 -0.7306
    endloop
endfacet
facet normal 0.0000 3.6084 0.0000
    outer loop
        vertex -0.8485 1.6000 -0.8485
        vertex -0.7306 1.6000 -0.9521
        vertex -0.4870 1.6000 -0.6347
    endloop
endfacet
facet normal 0.0000 3.7389 0.0000
    outer loop
        vertex -0.4870 1.6000 -0.6347
        vertex -0.5657 1.6000 -0.5657
        vertex -0.8485 1.6000 -0.8485
    endloop
endfacet
facet normal 0.0000 3.6084 0.0000
    outer loop
        vertex -0.7306 1.6000 -0.9521
        vertex -0.6000 1.6000 -1.0392
        vertex -0.4000 1.6000 -0.6928
    endloop
endfacet
facet normal 0.0000 3.7390 0.0000
    outer loop
        vertex -0.4000 1.6000 -0.6928
        vertex -0.4870 1.6000 -0.6347
        vertex -0.7306 1.6000 -0.9521
    endloop
endfacet
facet normal 0.0000 3.6084 0.0000
    outer loop
        vertex -0.6000 1.6000 -1.0392
        vertex -0.4592 1.6000 -1.1087
        vertex -0.3062 1.6000 -0.7391
    endloop
endfacet
facet normal 0.0000 3.7389 0.0000
    outer loop
        vertex -0.3062 1.6000 -0.7391
        vertex -0.4000 1.6000 -0.6928
        vertex -0.6000 1.6000 -1.0392
    endloop
endfacet
facet normal 0.0000 3.6084 0.0000
    outer loop
        vertex -0.4592 1.6000 -1.1087
        vertex -0.3106 1.6000 -1.1591
        vertex -0.2070 1.6000 -0.7727
    endloop
endfacet
facet normal 0.0000 3.7389 0.0000
    outer loop
        vertex -0.2070 1.6000 -0.7727
        vertex -0.3062 1.6000 -0.7391
        vertex -0.4592 1.6000 -1.1087
    endloop
endfacet
facet normal 0.0000 3.6084 0.0000
    outer loop
        vertex -0.3106 1.6000 -1.1591
        vertex -0.1566 1.6000 -1.1897
        vertex -0.1044 1.6000 -0.7931
    endloop
endfacet
facet normal 0.0000 3.7390 0.0000
    outer loop
        vertex -0.1044 1.6000 -0.7931
        vertex -0.2070 1.6000 -0.7727
        vertex -0.3106 1.6000 -1.1591
    endloop
endfacet
facet normal 0.0000 3.6085 0.0000
    outer loop
        vertex -0.1566 1.6000 -1.1897
        vertex 0.0000 1.6000 -1.2000
        vertex 0.0000 1.6000 -0.8000
    endloop
endfacet
facet normal 0.0000 3.7390 0.0000
    outer loop
        vertex 0.0000 1.6000 -0.8000
        vertex -0.1044 1.6000 -0.7931
        vertex -0.1566 1.6000 -1.1897
    endloop
endfacet
facet normal 0.0000 3.3475 0.0000
    outer loop
        vertex 0.0000 1.6000 1.5000
        vertex -0.1958 1.6000 1.4871
        vertex -0.1566 1.6000 1.1897
    endloop
endfacet
facet normal 0.0000 3.4780 0.0000
    outer loop
        vertex -0.1566 1.6000 1.1897
        vertex 0.0000 1.6000 1.2000
        vertex 0.0000 1.6000 1.5000
    endloop
endfacet
facet normal 0.0000 3.3474 0.0000
    outer loop
        vertex -0.1958 1.6000 1.4871
        vertex -0.3882 1.6000 1.4489
        vertex -0.3106 1.6000 1.1591
    endloop
endfacet
facet normal 0.0000 3.4779 0.0000
    outer loop
        vertex -0.3106 1.6000 1.1591
        vertex -0.1566 1.6000 1.1897
        vertex -0.1958 1.6000 1.4871
    endloop
endfacet
facet normal 0.0000 3.3473 0.0000
    outer loop
        vertex -0.3882 1.6000 1.4489
        vertex -0.5741 1.6000 1.3859
        vertex -0.4592 1.6000 1.1087
    endloop
endfacet
facet normal 0.0000 3.4778 0.0000
    outer loop
        vertex -0.4592 1.6000 1.1087
        vertex -0.3106 1.6000 1.1591
        vertex -0.3882 1.6000 1.4489
    endloop
endfacet
facet normal 0.0000 3.3473 0.0000
    outer loop
        vertex -0.5741 1.6000 1.3859
        vertex -0.7500 1.6000 1.2990
        vertex -0.6000 1.6000 1.0392
    endloop
endfacet
facet normal 0.0000 3.4779 0.0000
    outer loop
        vertex -0.6000 1.6000 1.0392
        vertex -0.4592 1.6000 1.1087
        vertex -0.5741 1.6000 1.3859
    endloop
endfacet
facet normal 0.0000 3.3474 0.0000
    outer loop
        vertex -0.7500 1.6000 1.2990
        vertex -0.9132 1.6000 1.1901
        vertex -0.7306 1.6000 0.9521
    endloop
endfacet
facet normal 0.0000 3.4779 0.0000
    outer loop
        vertex -0.7306 1.6000 0.9521
        vertex -0.6000 1.6000 1.0392
        vertex -0.7500 1.6000 1.2990
    endloop
endfacet
facet normal 0.0000 3.3473 0.0000
    outer loop
        vertex -0.9132 1.6000 1.1901
        vertex -1.0607 1.6000 1.0607
        vertex -0.8485 1.6000 0.8485
    endloop
endfacet
facet normal 0.0000 3.4779 0.0000
    outer loop
        vertex -0.8485 1.6000 0.8485
        vertex -0.7306 1.6000 0.9521
        vertex -0.9132 1.6000 1.1901
    endloop
endfacet
facet normal 0.0000 3.3473 0.0000
    outer loop
        vertex -1.0607 1.6000 1.0607
        vertex -1.1901 1.6000 0.9132
        vertex -0.9521 1.6000 0.7306
    endloop
endfacet
facet normal 0.0000 3.4779 0.0000
    outer loop
        vertex -0.9521 1.6000 0.7306
        vertex -0.8485 1.6000 0.8485
        vertex -1.0607 1.6000 1.0607
    endloop
endfacet
facet normal 0.0000 3.3474 0.0000
    outer loop
        vertex -1.1901 1.6000 0.9132
        vertex -1.2990 1.6000 0.7500
        vertex -1.0392 1.6000 0.6000
    endloop
endfacet
facet normal 0.0000 3.4779 0.0000
    outer loop
        vertex -1.0392 1.6000 0.6000
        vertex -0.9521 1.6000 0.7306
        vertex -1.1901 1.6000 0.9132
    endloop
endfacet
facet normal 0.0000 3.3473 0.0000
    outer loop
        vertex -1.2990 1.6000 0.7500
        vertex -1.3859 1.6000 0.5741
        vertex -1.1087 1.6000 0.4592
    endloop
endfacet
facet normal 0.0000 3.4779 0.0000
    outer loop
        vertex -1.1087 1.6000 0.4592
        vertex -1.0392 1.6000 0.6000
        vertex -1.2990 1.6000 0.7500
    endloop
endfacet
facet normal 0.0000 3.3473 0.0000
    outer loop
        vertex -1.3859 1.6000 0.5741
        vertex -1.4489 1.6000 0.3882
        vertex -1.1591 1.6000 0.3106
    endloop
endfacet
facet normal 0.0000 3.4778 0.0000
    outer loop
        vertex -1.1591 1.6000 0.3106
        vertex -1.1087 1.6000 0.4592
        vertex -1.3859 1.6000 0.5741
    endloop
endfacet
facet normal 0.0000 3.3474 0.0000
    outer loop
        vertex -1.4489 1.6000 0.3882
        vertex -1.4871 1.6000 0.1958
        vertex -1.1897 1.6000 0.1566
    endloop
endfacet
facet normal 0.0000 3.4779 0.0000
    outer loop
        vertex -1.1897 1.6000 0.1566
        vertex -1.1591 1.6000 0.3106
        vertex -1.4489 1.6000 0.3882
    endloop
endfacet
facet normal 0.0000 3.3475 0.0000
    outer loop
        vertex -1.4871 1.6000 0.1958
        vertex -1.5000 1.6000 0.0000
        vertex -1.2000 1.6000 0.0000
    endloop
endfacet
facet normal 0.0000 3.4780 0.0000
    outer loop
        vertex -1.2000 1.6000 0.0000
        vertex -1.1897 1.6000 0.1566
        vertex -1.4871 1.6000 0.1958
    endloop
endfacet
facet normal 0.0000 3.3475 0.0000
    outer loop
        vertex -1.5000 1.6000 0.0000
        vertex -1.4871 1.6000 -0.1958
        vertex -1.1897 1.6000 -0.1566
    endloop
endfacet
facet normal 0.0000 3.4780 0.0000
    outer loop
        vertex -1.1897 1.6000 -0.1566
        vertex -1.2000 1.6000 0.0000
        vertex -1.5000 1.6000 0.0000
    endloop
endfacet
facet normal 0.0000 3.3474 0.0000
    outer loop
        vertex -1.4871 1.6000 -0.1958
        vertex -1.4489 1.6000 -0.3882
        vertex -1.1591 1.6000 -0.3106
    endloop
endfacet
facet normal 0.0000 3.4779 0.0000
    outer loop
        vertex -1.1591 1.6000 -0.3106
        vertex -1.1897 1.6000 -0.1566
        vertex -1.4871 1.6000 -0.1958
    endloop
endfacet
facet normal 0.0000 3.3473 0.0000
    outer loop
        vertex -1.4489 1.6000 -0.3882
        vertex -1.3859 1.6000 -0.5741
        vertex -1.1087 1.6000 -0.4592
    endloop
endfacet
facet normal 0.0000 3.4778 0.0000
    outer loop
        vertex -1.1087 1.6000 -0.4592
        vertex -1.1591 1.6000 -0.3106
        vertex -1.4489 1.6000 -0.3882
    endloop
endfacet
facet normal 0.0000 3.3473 0.0000
    outer loop
        vertex -1.3859 1.6000 -0.5741
        vertex -1.2990 1.6000 -0.7500
        vertex -1.0392 1.6000 -0.6000
    endloop
endfacet
facet normal 0.0000 3.4779 0.0000
    outer loop
        vertex -1.0392 1.6000 -0.6000
        vertex -1.1087 1.6000 -0.4592
        vertex -1.3859 1.6000 -0.5741
    endloop
endfacet
facet normal 0.0000 3.3474 0.0000
    outer loop
        vertex -1.2990 1.6000 -0.7500
        vertex -1.1901 1.6000 -0.9132
        vertex -0.9521 1.6000 -0.7306
    endloop
endfacet
facet normal 0.0000 3.4779 0.0000
    outer loop
        vertex -0.9521 1.6000 -0.7306
        vertex -1.0392 1.6000 -0.6000
        vertex -1.2990 1.6000 -0.7500
    endloop
endfacet
facet normal 0.0000 3.3473 0.0000
    outer loop
        vertex -1.1901 1.6000 -0.9132
        vertex -1.0607 1.6000 -1.0607
        vertex -0.8485 1.6000 -0.8485
    endloop
endfacet
facet normal 0.0000 3.4779 0.0000
    outer loop
        vertex -0.8485 1.6000 -0.8485
        vertex -0.9521 1.6000 -0.7306
        vertex -1.1901 1.6000 -0.9132
    endloop
endfacet
facet normal 0.0000 3.3473 0.0000
    outer loop
        vertex -1.0607 1.6000 -1.0607
        vertex -0.9132 1.6000 -1.1901
        vertex -0.7306 1.6000 -0.9521
    endloop
endfacet
facet normal 0.0000 3.4779 0.0000
    outer loop
        vertex -0.7306 1.6000 -0.9521
        vertex -0.8485 1.6000 -0.8485
        vertex -1.0607 1.6000 -1.0607
    endloop
endfacet
facet normal 0.0000 3.3474 0.0000
    outer loop
        vertex -0.9132 1.6000 -1.1901
        vertex -0.7500 1.6000 -1.2990
        vertex -0.6000 1.6000 -1.0392
    endloop
endfacet
facet normal 0.0000 3.4779 0.0000
    outer loop
        vertex -0.6000 1.6000 -1.0392
        vertex -0.7306 1.6000 -0.9521
        vertex -0.9132 1.6000 -1.1901
    endloop
endfacet
facet normal 0.0000 3.3473 0.0000
    outer loop
        vertex -0.7500 1.6000 -1.2990
        vertex -0.5741 1.6000 -1.3859
        vertex -0.4592 1.6000 -1.1087
    endloop
endfacet
facet normal 0.0000 3.4779 0.0000
    outer loop
        vertex -0.4592 1.6000 -1.1087
        vertex -0.6000 1.6000 -1.0392
        vertex -0.7500 1.6000 -1.2990
    endloop
endfacet
facet normal 0.0000 3.3473 0.0000
    outer loop
        vertex -0.5741 1.6000 -1.3859
        vertex -0.3882 1.6000 -1.4489
        vertex -0.3106 1.6000 -1.1591
    endloop
endfacet
facet normal 0.0000 3.4778 0.0000
    outer loop
        vertex -0.3106 1.6000 -1.1591
        vertex -0.4592 1.6000 -1.1087
        vertex -0.5741 1.6000 -1.3859
    endloop
endfacet
facet normal 0.0000 3.3474 0.0000
    outer loop
        vertex -0.3882 1.6000 -1.4489
        vertex -0.1958 1.6000 -1.4871
        vertex -0.1566 1.6000 -1.1897
    endloop
endfacet
facet normal 0.0000 3.4779 0.0000
    outer loop
        vertex -0.1566 1.6000 -1.1897
        vertex -0.3106 1.6000 -1.1591
        vertex -0.3882 1.6000 -1.4489
    endloop
endfacet
facet normal 0.0000 3.3475 0.0000
    outer loop
        vertex -0.1958 1.6000 -1.4871
        vertex 0.0000 1.6000 -1.5000
        vertex 0.0000 1.6000 -1.2000
    endloop
endfacet
facet normal 0.0000 3.4780 0.0000
    outer loop
        vertex 0.0000 1.6000 -1.2000
        vertex -0.1566 1.6000 -1.1897
        vertex -0.1958 1.6000 -1.4871
    endloop
endfacet
facet normal 0.0000 4.0086 0.0000
    outer loop
        vertex 0.8000 1.6000 0.8000
        vertex 0.0000 1.6000 0.8000
        vertex 0.1044 1.6000 0.7931
    endloop
endfacet
facet normal 0.0000 4.0233 0.0000
    outer loop
        vertex 0.8000 1.6000 0.8000
        vertex 0.1044 1.6000 0.7931
        vertex 0.2070 1.6000 0.7727
    endloop
endfacet
facet normal 0.0000 4.0354 0.0000
    outer loop
        vertex 0.8000 1.6000 0.8000
        vertex 0.2070 1.6000 0.7727
        vertex 0.3062 1.6000 0.7391
    endloop
endfacet
facet normal 0.0000 4.0447 0.0000
    outer loop
        vertex 0.8000 1.6000 0.8000
        vertex 0.3062 1.6000 0.7391
        vertex 0.4000 1.6000 0.6928
    endloop
endfacet
facet normal 0.0000 4.0509 0.0000
    outer loop
        vertex 0.8000 1.6000 0.8000
        vertex 0.4000 1.6000 0.6928
        vertex 0.4870 1.6000 0.6347
    endloop
endfacet
facet normal 0.0000 4.0541 0.0000
    outer loop
        vertex 0.8000 1.6000 0.8000
        vertex 0.4870 1.6000 0.6347
        vertex 0.5657 1.6000 0.5657
    endloop
endfacet
facet normal 0.0000 4.0541 0.0000
    outer loop
        vertex 0.8000 1.6000 0.8000
        vertex 0.5657 1.6000 0.5657
        vertex 0.6347 1.6000 0.4870
    endloop
endfacet
facet normal 0.0000 4.0509 0.0000
    outer loop
        vertex 0.8000 1.6000 0.8000
        vertex 0.6347 1.6000 0.4870
        vertex 0.6928 1.6000 0.4000
    endloop
endfacet
facet normal 0.0000 4.0447 0.0000
    outer loop
        vertex 0.8000 1.6000 0.8000
        vertex 0.6928 1.6000 0.4000
        vertex 0.7391 1.6000 0.3062
    endloop
endfacet
facet normal 0.0000 4.0354 0.0000
    outer loop
        vertex 0.8000 1.6000 0.8000
        vertex 0.7391 1.6000 0.3062
        vertex 0.7727 1.6000 0.2070
    endloop
endfacet
facet normal 0.0000 4.0233 0.0000
    outer loop
        vertex 0.8000 1.6000 0.8000
        vertex 0.7727 1.6000 0.2070
        vertex 0.7931 1.6000 0.1044
    endloop
endfacet
facet normal 0.0000 4.0086 0.0000
    outer loop
        vertex 0.8000 1.6000 0.8000
        vertex 0.7931 1.6000 0.1044
        vertex 0.8000 1.6000 0.0000
    endloop
endfacet
facet normal 0.0000 4.0086 0.0000
    outer loop
        vertex 0.8000 1.6000 -0.8000
        vertex 0.8000 1.6000 0.0000
        vertex 0.7931 1.6000 -0.1044
    endloop
endfacet
facet normal 0.0000 4.0233 0.0000
    outer loop
        vertex 0.8000 1.6000 -0.8000
        vertex 0.7931 1.6000 -0.1044
        vertex 0.7727 1.6000 -0.2070
    endloop
endfacet
facet normal 0.0000 4.0354 0.0000
    outer loop
        vertex 0.8000 1.6000 -0.8000
        vertex 0.7727 1.6000 -0.2070
        vertex 0.7391 1.6000 -0.3062
    endloop
endfacet
facet normal 0.0000 4.0447 0.0000
    outer loop
        vertex 0.8000 1.6000 -0.8000
        vertex 0.7391 1.6000 -0.3062
        vertex 0.6928 1.6000 -0.4000
    endloop
endfacet
facet normal 0.0000 4.0509 0.0000
    outer loop
        vertex 0.8000 1.6000 -0.8000
        vertex 0.6928 1.6000 -0.4000
        vertex 0.6347 1.6000 -0.4870
    endloop
endfacet
facet normal 0.0000 4.0541 0.0000
    outer loop
        vertex 0.8000 1.6000 -0.8000
        vertex 0.6347 1.6000 -0.4870
        vertex 0.5657 1.6000 -0.5657
    endloop
endfacet
facet normal 0.0000 4.0541 0.0000
    outer loop
        vertex 0.8000 1.6000 -0.8000
        vertex 0.5657 1.6000 -0.5657
        vertex 0.4870 1.6000 -0.6347
    endloop
endfacet
facet normal 0.0000 4.0509 0.0000
    outer loop
        vertex 0.8000 1.6000 -0.8000
        vertex 0.4870 1.6000 -0.6347
        vertex 0.4000 1.6000 -0.6928
    endloop
endfacet
facet normal 0.0000 4.0447 0.0000
    outer loop
        vertex 0.8000 1.6000 -0.8000
        vertex 0.4000 1.6000 -0.6928
        vertex 0.3062 1.6000 -0.7391
    endloop
endfacet
facet normal 0.0000 4.0354 0.0000
    outer loop
        vertex 0.8000 1.6000 -0.8000
        vertex 0.3062 1.6000 -0.7391
        vertex 0.2070 1.6000 -0.7727
    endloop
endfacet
facet normal 0.0000 4.0233 0.0000
    outer loop
        vertex 0.8000 1.6000 -0.8000
        vertex 0.2070 1.6000 -0.7727
        vertex 0.1044 1.6000 -0.7931
    endloop
endfacet
facet normal 0.0000 4.0086 0.0000
    outer loop
        vertex 0.8000 1.6000 -0.8000
        vertex 0.1044 1.6000 -0.7931
        vertex 0.0000 1.6000 -0.8000
    endloop
endfacet
facet normal 0.0000 -1.6250 0.0000
    outer loop
        vertex 0.0000 1.6000 1.5000
        vertex 0.0000 1.6000 1.2000
        vertex 3.0000 1.6000 1.5000
    endloop
endfacet
facet normal 0.0000 -3.5000 0.0000
    outer loop
        vertex 3.0000 1.6000 1.5000
        vertex 0.0000 1.6000 1.2000
        vertex 0.0000 1.6000 0.8000
    endloop
endfacet
facet normal 0.0000 0.5000 0.0000
    outer loop
        vertex 0.0000 1.6000 0.8000
        vertex 0.8000 1.6000 0.8000
        vertex 3.0000 1.6000 1.5000
    endloop
endfacet
facet normal 0.0000 -7.0000 0.0000
    outer loop
        vertex 0.8000 1.6000 0.8000
        vertex 0.8000 1.6000 0.0000
        vertex 3.0000 1.6000 0.8000
    endloop
endfacet
facet normal 0.0000 -5.6250 0.0000
    outer loop
        vertex 3.0000 1.6000 0.8000
        vertex 3.0000 1.6000 1.5000
        vertex 0.8000 1.6000 0.8000
    endloop
endfacet
facet normal 0.0000 -18.0000 0.0000
    outer loop
        vertex 3.0000 1.6000 -0.8000
        vertex 3.0000 1.6000 0.8000
        vertex 0.8000 1.6000 0.0000
    endloop
endfacet
facet normal 0.0000 -5.6250 0.0000
    outer loop
        vertex 3.0000 1.6000 -1.5000
        vertex 3.0000 1.6000 -0.8000
        vertex 0.8000 1.6000 0.0000
    endloop
endfacet
facet normal 0.0000 -7.0000 0.0000
    outer loop
        vertex 0.8000 1.6000 0.0000
        vertex 0.8000 1.6000 -0.8000
        vertex 3.0000 1.6000 -1.5000
    endloop
endfacet
facet normal 0.0000 2.0000 0.0000
    outer loop
        vertex 0.8000 1.6000 -0.8000
        vertex 0.0000 1.6000 -0.8000
        vertex 0.0000 1.6000 -1.2000
    endloop
endfacet
facet normal 0.0000 -5.0000 0.0000
    outer loop
        vertex 0.0000 1.6000 -1.2000
        vertex 3.0000 1.6000 -1.5000
        vertex 0.8000 1.6000 -0.8000
    endloop
endfacet
facet normal 0.0000 -1.6250 0.0000
    outer loop
        vertex 3.0000 1.6000 -1.5000
        vertex 0.0000 1.6000 -1.2000
        vertex 0.0000 1.6000 -1.5000
    endloop
endfacet
facet normal 6.8693 7.8750 -2.3258
    outer loop
        vertex 1.2348 2.6000 -0.8000
        vertex 1.0606 2.6000 -1.0606
        vertex 1.0606 3.7000 -1.0606
    endloop
endfacet
facet normal 6.8693 7.8750 -2.3258
    outer loop
        vertex 1.0606 3.7000 -1.0606
        vertex 1.2348 3.7000 -0.8000
        vertex 1.2348 2.6000 -0.8000
    endloop
endfacet
facet normal -0.0323 9.2500 0.4894
    outer loop
        vertex 0.1958 2.6000 -1.4871
        vertex 0.0000 3.7000 -1.5000
        vertex 0.1958 3.7000 -1.4871
    endloop
endfacet
facet normal -0.0323 9.2500 0.4894
    outer loop
        vertex 0.0000 3.7000 -1.5000
        vertex 0.1958 2.6000 -1.4871
        vertex 0.0000 2.6000 -1.5000
    endloop
endfacet
facet normal -0.0956 9.2500 0.4811
    outer loop
        vertex 0.3882 2.6000 -1.4489
        vertex 0.1958 3.7000 -1.4871
        vertex 0.3882 3.7000 -1.4489
    endloop
endfacet
facet normal -0.0956 9.2500 0.4811
    outer loop
        vertex 0.1958 3.7000 -1.4871
        vertex 0.3882 2.6000 -1.4489
        vertex 0.1958 2.6000 -1.4871
    endloop
endfacet
facet normal -0.1575 9.2500 0.4646
    outer loop
        vertex 0.5741 2.6000 -1.3859
        vertex 0.3882 3.7000 -1.4489
        vertex 0.5741 3.7000 -1.3859
    endloop
endfacet
facet normal -0.1575 9.2500 0.4646
    outer loop
        vertex 0.3882 3.7000 -1.4489
        vertex 0.5741 2.6000 -1.3859
        vertex 0.3882 2.6000 -1.4489
    endloop
endfacet
facet normal -0.2171 9.2500 0.4399
    outer loop
        vertex 0.7500 2.6000 -1.2990
        vertex 0.5741 3.7000 -1.3859
        vertex 0.7500 3.7000 -1.2990
    endloop
endfacet
facet normal -0.2171 9.2500 0.4399
    outer loop
        vertex 0.5741 3.7000 -1.3859
        vertex 0.7500 2.6000 -1.2990
        vertex 0.5741 2.6000 -1.3859
    endloop
endfacet
facet normal -0.2722 9.2500 0.4080
    outer loop
        vertex 0.9132 2.6000 -1.1901
        vertex 0.7500 3.7000 -1.2990
        vertex 0.9132 3.7000 -1.1901
    endloop
endfacet
facet normal -0.2722 9.2500 0.4080
    outer loop
        vertex 0.7500 3.7000 -1.2990
        vertex 0.9132 2.6000 -1.1901
        vertex 0.7500 2.6000 -1.2990
    endloop
endfacet
facet normal -0.3236 9.2500 0.3686
    outer loop
        vertex 1.0606 2.6000 -1.0606
        vertex 0.9132 3.7000 -1.1901
        vertex 1.0606 3.7000 -1.0606
    endloop
endfacet
facet normal -0.3236 9.2500 0.3686
    outer loop
        vertex 0.9132 3.7000 -1.1901
        vertex 1.0606 2.6000 -1.0606
        vertex 0.9132 2.6000 -1.1901
    endloop
endfacet
facet normal -1.1307 7.8750 2.3258
    outer loop
        vertex 1.2348 2.6000 0.8000
        vertex 1.0606 3.7000 1.0606
        vertex 1.0606 2.6000 1.0606
    endloop
endfacet
facet normal -1.1307 7.8750 2.3258
    outer loop
        vertex 1.0606 3.7000 1.0606
        vertex 1.2348 2.6000 0.8000
        vertex 1.2348 3.7000 0.8000
    endloop
endfacet
facet normal -0.3232 9.2500 -0.3688
    outer loop
        vertex 0.9131 2.6000 1.1899
        vertex 1.0607 3.7000 1.0606
        vertex 0.9131 3.7000 1.1899
    endloop
endfacet
facet normal -0.3232 9.2500 -0.3688
    outer loop
        vertex 1.0607 3.7000 1.0606
        vertex 0.9131 2.6000 1.1899
        vertex 1.0607 2.6000 1.0606
    endloop
endfacet
facet normal -0.2726 9.2500 -0.4078
    outer loop
        vertex 0.7500 2.6000 1.2990
        vertex 0.9131 3.7000 1.1899
        vertex 0.7500 3.7000 1.2990
    endloop
endfacet
facet normal -0.2726 9.2500 -0.4078
    outer loop
        vertex 0.9131 3.7000 1.1899
        vertex 0.7500 2.6000 1.2990
        vertex 0.9131 2.6000 1.1899
    endloop
endfacet
facet normal -0.2172 9.2500 -0.4399
    outer loop
        vertex 0.5741 2.6000 1.3858
        vertex 0.7500 3.7000 1.2990
        vertex 0.5741 3.7000 1.3858
    endloop
endfacet
facet normal -0.2172 9.2500 -0.4399
    outer loop
        vertex 0.7500 3.7000 1.2990
        vertex 0.5741 2.6000 1.3858
        vertex 0.7500 2.6000 1.2990
    endloop
endfacet
facet normal -0.1575 9.2500 -0.4646
    outer loop
        vertex 0.3882 2.6000 1.4489
        vertex 0.5741 3.7000 1.3858
        vertex 0.3882 3.7000 1.4489
    endloop
endfacet
facet normal -0.1575 9.2500 -0.4646
    outer loop
        vertex 0.5741 3.7000 1.3858
        vertex 0.3882 2.6000 1.4489
        vertex 0.5741 2.6000 1.3858
    endloop
endfacet
facet normal -0.0960 9.2500 -0.4810
    outer loop
        vertex 0.1958 2.6000 1.4873
        vertex 0.3882 3.7000 1.4489
        vertex 0.1958 3.7000 1.4873
    endloop
endfacet
facet normal -0.0960 9.2500 -0.4810
    outer loop
        vertex 0.3882 3.7000 1.4489
        vertex 0.1958 2.6000 1.4873
        vertex 0.3882 2.6000 1.4489
    endloop
endfacet
facet normal -0.0318 9.2500 -0.4895
    outer loop
        vertex 0.0000 2.6000 1.5000
        vertex 0.1958 3.7000 1.4873
        vertex 0.0000 3.7000 1.5000
    endloop
endfacet
facet normal -0.0318 9.2500 -0.4895
    outer loop
        vertex 0.1958 3.7000 1.4873
        vertex 0.0000 2.6000 1.5000
        vertex 0.1958 2.6000 1.4873
    endloop
endfacet
facet normal 0.0000 6.4914 0.0000
    outer loop
        vertex 0.1958 2.6000 -1.4871
        vertex 1.5000 2.6000 -1.5000
        vertex 0.0000 2.6000 -1.5000
    endloop
endfacet
facet normal 0.0000 6.4767 0.0000
    outer loop
        vertex 0.3882 2.6000 -1.4489
        vertex 1.5000 2.6000 -1.5000
        vertex 0.1958 2.6000 -1.4871
    endloop
endfacet
facet normal 0.0000 6.4646 0.0000
    outer loop
        vertex 0.5741 2.6000 -1.3859
        vertex 1.5000 2.6000 -1.5000
        vertex 0.3882 2.6000 -1.4489
    endloop
endfacet
facet normal 0.0000 6.4553 0.0000
    outer loop
        vertex 0.7500 2.6000 -1.2990
        vertex 1.5000 2.6000 -1.5000
        vertex 0.5741 2.6000 -1.3859
    endloop
endfacet
facet normal 0.0000 6.4491 0.0000
    outer loop
        vertex 0.9132 2.6000 -1.1901
        vertex 1.5000 2.6000 -1.5000
        vertex 0.7500 2.6000 -1.2990
    endloop
endfacet
facet normal 0.0000 6.4459 0.0000
    outer loop
        vertex 1.0606 2.6000 -1.0606
        vertex 1.5000 2.6000 -1.5000
        vertex 0.9132 2.6000 -1.1901
    endloop
endfacet
facet normal 0.0000 8.1190 0.0000
    outer loop
        vertex 3.0000 2.6000 -1.5000
        vertex 1.5000 2.6000 -1.5000
        vertex 1.0606 2.6000 -1.0606
    endloop
endfacet
facet normal 0.0000 7.6376 0.0000
    outer loop
        vertex 1.0606 2.6000 -1.0606
        vertex 1.2348 2.6000 -0.8000
        vertex 3.0000 2.6000 -1.5000
    endloop
endfacet
facet normal 0.0000 11.7226 0.0000
    outer loop
        vertex 1.2348 2.6000 -0.8000
        vertex 3.0000 2.6000 -0.8000
        vertex 3.0000 2.6000 -1.5000
    endloop
endfacet
facet normal 0.0000 6.5086 0.0000
    outer loop
        vertex 0.1958 2.6000 1.4871
        vertex 0.0000 2.6000 1.5000
        vertex 1.5000 2.6000 1.5000
    endloop
endfacet
facet normal 0.0000 6.5233 0.0000
    outer loop
        vertex 0.3882 2.6000 1.4489
        vertex 0.1958 2.6000 1.4871
        vertex 1.5000 2.6000 1.5000
    endloop
endfacet
facet normal 0.0000 6.5354 0.0000
    outer loop
        vertex 0.5741 2.6000 1.3859
        vertex 0.3882 2.6000 1.4489
        vertex 1.5000 2.6000 1.5000
    endloop
endfacet
facet normal 0.0000 6.5447 0.0000
    outer loop
        vertex 0.7500 2.6000 1.2990
        vertex 0.5741 2.6000 1.3859
        vertex 1.5000 2.6000 1.5000
    endloop
endfacet
facet normal 0.0000 6.5509 0.0000
    outer loop
        vertex 0.9132 2.6000 1.1901
        vertex 0.7500 2.6000 1.2990
        vertex 1.5000 2.6000 1.5000
    endloop
endfacet
facet normal 0.0000 6.5541 0.0000
    outer loop
        vertex 1.0606 2.6000 1.0606
        vertex 0.9132 2.6000 1.1901
        vertex 1.5000 2.6000 1.5000
    endloop
endfacet
facet normal 0.0000 5.1941 0.0000
    outer loop
        vertex 1.2348 2.6000 0.8000
        vertex 1.0606 2.6000 1.0606
        vertex 1.5000 2.6000 1.5000
    endloop
endfacet
facet normal 0.0000 10.5625 0.0000
    outer loop
        vertex 1.5000 2.6000 1.5000
        vertex 3.0000 2.6000 1.5000
        vertex 1.2348 2.6000 0.8000
    endloop
endfacet
facet normal 0.0000 11.7226 0.0000
    outer loop
        vertex 3.0000 2.6000 1.5000
        vertex 3.0000 2.6000 0.8000
        vertex 1.2348 2.6000 0.8000
    endloop
endfacet
facet normal -0.1958 4.1321 -0.0129
    outer loop
        vertex 0.6000 1.4650 0.0000
        vertex 0.7931 1.6000 0.1044
        vertex 0.5948 1.4650 0.0783
    endloop
endfacet
facet normal -0.2610 4.1762 -0.0172
    outer loop
        vertex 0.7931 1.6000 0.1044
        vertex 0.6000 1.4650 0.0000
        vertex 0.8000 1.6000 0.0000
    endloop
endfacet
facet normal -0.1924 4.1322 -0.0383
    outer loop
        vertex 0.5948 1.4650 0.0783
        vertex 0.7727 1.6000 0.2070
        vertex 0.5795 1.4650 0.1553
    endloop
endfacet
facet normal -0.2566 4.1762 -0.0510
    outer loop
        vertex 0.7727 1.6000 0.2070
        vertex 0.5948 1.4650 0.0783
        vertex 0.7931 1.6000 0.1044
    endloop
endfacet
facet normal -0.1858 4.1322 -0.0630
    outer loop
        vertex 0.5795 1.4650 0.1553
        vertex 0.7391 1.6000 0.3062
        vertex 0.5543 1.4650 0.2296
    endloop
endfacet
facet normal -0.2478 4.1762 -0.0840
    outer loop
        vertex 0.7391 1.6000 0.3062
        vertex 0.5795 1.4650 0.1553
        vertex 0.7727 1.6000 0.2070
    endloop
endfacet
facet normal -0.1760 4.1322 -0.0869
    outer loop
        vertex 0.5543 1.4650 0.2296
        vertex 0.6928 1.6000 0.4000
        vertex 0.5196 1.4650 0.3000
    endloop
endfacet
facet normal -0.2346 4.1762 -0.1158
    outer loop
        vertex 0.6928 1.6000 0.4000
        vertex 0.5543 1.4650 0.2296
        vertex 0.7391 1.6000 0.3062
    endloop
endfacet
facet normal -0.1632 4.1322 -0.1089
    outer loop
        vertex 0.5196 1.4650 0.3000
        vertex 0.6347 1.6000 0.4870
        vertex 0.4760 1.4650 0.3653
    endloop
endfacet
facet normal -0.2176 4.1762 -0.1452
    outer loop
        vertex 0.6347 1.6000 0.4870
        vertex 0.5196 1.4650 0.3000
        vertex 0.6928 1.6000 0.4000
    endloop
endfacet
facet normal -0.1475 4.1322 -0.1294
    outer loop
        vertex 0.4760 1.4650 0.3653
        vertex 0.5657 1.6000 0.5657
        vertex 0.4243 1.4650 0.4243
    endloop
endfacet
facet normal -0.1966 4.1762 -0.1726
    outer loop
        vertex 0.5657 1.6000 0.5657
        vertex 0.4760 1.4650 0.3653
        vertex 0.6347 1.6000 0.4870
    endloop
endfacet
facet normal -0.1294 4.1322 -0.1475
    outer loop
        vertex 0.4243 1.4650 0.4243
        vertex 0.4870 1.6000 0.6347
        vertex 0.3653 1.4650 0.4760
    endloop
endfacet
facet normal -0.1726 4.1762 -0.1966
    outer loop
        vertex 0.4870 1.6000 0.6347
        vertex 0.4243 1.4650 0.4243
        vertex 0.5657 1.6000 0.5657
    endloop
endfacet
facet normal -0.1089 4.1322 -0.1632
    outer loop
        vertex 0.3653 1.4650 0.4760
        vertex 0.4000 1.6000 0.6928
        vertex 0.3000 1.4650 0.5196
    endloop
endfacet
facet normal -0.1452 4.1762 -0.2176
    outer loop
        vertex 0.4000 1.6000 0.6928
        vertex 0.3653 1.4650 0.4760
        vertex 0.4870 1.6000 0.6347
    endloop
endfacet
facet normal -0.0869 4.1322 -0.1760
    outer loop
        vertex 0.3000 1.4650 0.5196
        vertex 0.3062 1.6000 0.7391
        vertex 0.2296 1.4650 0.5543
    endloop
endfacet
facet normal -0.1158 4.1762 -0.2346
    outer loop
        vertex 0.3062 1.6000 0.7391
        vertex 0.3000 1.4650 0.5196
        vertex 0.4000 1.6000 0.6928
    endloop
endfacet
facet normal -0.0630 4.1322 -0.1858
    outer loop
        vertex 0.2296 1.4650 0.5543
        vertex 0.2070 1.6000 0.7727
        vertex 0.1553 1.4650 0.5795
    endloop
endfacet
facet normal -0.0840 4.1762 -0.2478
    outer loop
        vertex 0.2070 1.6000 0.7727
        vertex 0.2296 1.4650 0.5543
        vertex 0.3062 1.6000 0.7391
    endloop
endfacet
facet normal -0.0383 4.1322 -0.1924
    outer loop
        vertex 0.1553 1.4650 0.5795
        vertex 0.1044 1.6000 0.7931
        vertex 0.0783 1.4650 0.5948
    endloop
endfacet
facet normal -0.0510 4.1762 -0.2566
    outer loop
        vertex 0.1044 1.6000 0.7931
        vertex 0.1553 1.4650 0.5795
        vertex 0.2070 1.6000 0.7727
    endloop
endfacet
facet normal -0.0129 4.1321 -0.1958
    outer loop
        vertex 0.0783 1.4650 0.5948
        vertex 0.0000 1.6000 0.8000
        vertex 0.0000 1.4650 0.6000
    endloop
endfacet
facet normal -0.0172 4.1762 -0.2610
    outer loop
        vertex 0.0000 1.6000 0.8000
        vertex 0.0783 1.4650 0.5948
        vertex 0.1044 1.6000 0.7931
    endloop
endfacet
facet normal 0.0129 4.1321 -0.1958
    outer loop
        vertex 0.0000 1.4650 0.6000
        vertex -0.1044 1.6000 0.7931
        vertex -0.0783 1.4650 0.5948
    endloop
endfacet
facet normal 0.0172 4.1762 -0.2610
    outer loop
        vertex -0.1044 1.6000 0.7931
        vertex 0.0000 1.4650 0.6000
        vertex 0.0000 1.6000 0.8000
    endloop
endfacet
facet normal 0.0383 4.1322 -0.1924
    outer loop
        vertex -0.0783 1.4650 0.5948
        vertex -0.2070 1.6000 0.7727
        vertex -0.1553 1.4650 0.5795
    endloop
endfacet
facet normal 0.0510 4.1762 -0.2566
    outer loop
        vertex -0.2070 1.6000 0.7727
        vertex -0.0783 1.4650 0.5948
        vertex -0.1044 1.6000 0.7931
    endloop
endfacet
facet normal 0.0630 4.1322 -0.1858
    outer loop
        vertex -0.1553 1.4650 0.5795
        vertex -0.3062 1.6000 0.7391
        vertex -0.2296 1.4650 0.5543
    endloop
endfacet
facet normal 0.0840 4.1762 -0.2478
    outer loop
        vertex -0.3062 1.6000 0.7391
        vertex -0.1553 1.4650 0.5795
        vertex -0.2070 1.6000 0.7727
    endloop
endfacet
facet normal 0.0869 4.1322 -0.1760
    outer loop
        vertex -0.2296 1.4650 0.5543
        vertex -0.4000 1.6000 0.6928
        vertex -0.3000 1.4650 0.5196
    endloop
endfacet
facet normal 0.1158 4.1762 -0.2346
    outer loop
        vertex -0.4000 1.6000 0.6928
        vertex -0.2296 1.4650 0.5543
        vertex -0.3062 1.6000 0.7391
    endloop
endfacet
facet normal 0.1089 4.1322 -0.1632
    outer loop
        vertex -0.3000 1.4650 0.5196
        vertex -0.4870 1.6000 0.6347
        vertex -0.3653 1.4650 0.4760
    endloop
endfacet
facet normal 0.1452 4.1762 -0.2176
    outer loop
        vertex -0.4870 1.6000 0.6347
        vertex -0.3000 1.4650 0.5196
        vertex -0.4000 1.6000 0.6928
    endloop
endfacet
facet normal 0.1294 4.1322 -0.1475
    outer loop
        vertex -0.3653 1.4650 0.4760
        vertex -0.5657 1.6000 0.5657
        vertex -0.4243 1.4650 0.4243
    endloop
endfacet
facet normal 0.1726 4.1762 -0.1966
    outer loop
        vertex -0.5657 1.6000 0.5657
        vertex -0.3653 1.4650 0.4760
        vertex -0.4870 1.6000 0.6347
    endloop
endfacet
facet normal 0.1475 4.1322 -0.1294
    outer loop
        vertex -0.4243 1.4650 0.4243
        vertex -0.6347 1.6000 0.4870
        vertex -0.4760 1.4650 0.3653
    endloop
endfacet
facet normal 0.1966 4.1762 -0.1726
    outer loop
        vertex -0.6347 1.6000 0.4870
        vertex -0.4243 1.4650 0.4243
        vertex -0.5657 1.6000 0.5657
    endloop
endfacet
facet normal 0.1632 4.1322 -0.1089
    outer loop
        vertex -0.4760 1.4650 0.3653
        vertex -0.6928 1.6000 0.4000
        vertex -0.5196 1.4650 0.3000
    endloop
endfacet
facet normal 0.2176 4.1762 -0.1452
    outer loop
        vertex -0.6928 1.6000 0.4000
        vertex -0.4760 1.4650 0.3653
        vertex -0.6347 1.6000 0.4870
    endloop
endfacet
facet normal 0.1760 4.1322 -0.0869
    outer loop
        vertex -0.5196 1.4650 0.3000
        vertex -0.7391 1.6000 0.3062
        vertex -0.5543 1.4650 0.2296
    endloop
endfacet
facet normal 0.2346 4.1762 -0.1158
    outer loop
        vertex -0.7391 1.6000 0.3062
        vertex -0.5196 1.4650 0.3000
        vertex -0.6928 1.6000 0.4000
    endloop
endfacet
facet normal 0.1858 4.1322 -0.0630
    outer loop
        vertex -0.5543 1.4650 0.2296
        vertex -0.7727 1.6000 0.2070
        vertex -0.5795 1.4650 0.1553
    endloop
endfacet
facet normal 0.2478 4.1762 -0.0840
    outer loop
        vertex -0.7727 1.6000 0.2070
        vertex -0.5543 1.4650 0.2296
        vertex -0.7391 1.6000 0.3062
    endloop
endfacet
facet normal 0.1924 4.1322 -0.0383
    outer loop
        vertex -0.5795 1.4650 0.1553
        vertex -0.7931 1.6000 0.1044
        vertex -0.5948 1.4650 0.0783
    endloop
endfacet
facet normal 0.2566 4.1762 -0.0510
    outer loop
        vertex -0.7931 1.6000 0.1044
        vertex -0.5795 1.4650 0.1553
        vertex -0.7727 1.6000 0.2070
    endloop
endfacet
facet normal 0.1958 4.1321 -0.0129
    outer loop
        vertex -0.5948 1.4650 0.0783
        vertex -0.8000 1.6000 0.0000
        vertex -0.6000 1.4650 0.0000
    endloop
endfacet
facet normal 0.2610 4.1762 -0.0172
    outer loop
        vertex -0.8000 1.6000 0.0000
        vertex -0.5948 1.4650 0.0783
        vertex -0.7931 1.6000 0.1044
    endloop
endfacet
facet normal 0.1958 4.1321 0.0129
    outer loop
        vertex -0.6000 1.4650 0.0000
        vertex -0.7931 1.6000 -0.1044
        vertex -0.5948 1.4650 -0.0783
    endloop
endfacet
facet normal 0.2610 4.1762 0.0172
    outer loop
        vertex -0.7931 1.6000 -0.1044
        vertex -0.6000 1.4650 0.0000
        vertex -0.8000 1.6000 0.0000
    endloop
endfacet
facet normal 0.1924 4.1322 0.0383
    outer loop
        vertex -0.5948 1.4650 -0.0783
        vertex -0.7727 1.6000 -0.2070
        vertex -0.5795 1.4650 -0.1553
    endloop
endfacet
facet normal 0.2566 4.1762 0.0510
    outer loop
        vertex -0.7727 1.6000 -0.2070
        vertex -0.5948 1.4650 -0.0783
        vertex -0.7931 1.6000 -0.1044
    endloop
endfacet
facet normal 0.1858 4.1322 0.0630
    outer loop
        vertex -0.5795 1.4650 -0.1553
        vertex -0.7391 1.6000 -0.3062
        vertex -0.5543 1.4650 -0.2296
    endloop
endfacet
facet normal 0.2478 4.1762 0.0840
    outer loop
        vertex -0.7391 1.6000 -0.3062
        vertex -0.5795 1.4650 -0.1553
        vertex -0.7727 1.6000 -0.2070
    endloop
endfacet
facet normal 0.1760 4.1322 0.0869
    outer loop
        vertex -0.5543 1.4650 -0.2296
        vertex -0.6928 1.6000 -0.4000
        vertex -0.5196 1.4650 -0.3000
    endloop
endfacet
facet normal 0.2346 4.1762 0.1158
    outer loop
        vertex -0.6928 1.6000 -0.4000
        vertex -0.5543 1.4650 -0.2296
        vertex -0.7391 1.6000 -0.3062
    endloop
endfacet
facet normal 0.1632 4.1322 0.1089
    outer loop
        vertex -0.5196 1.4650 -0.3000
        vertex -0.6347 1.6000 -0.4870
        vertex -0.4760 1.4650 -0.3653
    endloop
endfacet
facet normal 0.2176 4.1762 0.1452
    outer loop
        vertex -0.6347 1.6000 -0.4870
        vertex -0.5196 1.4650 -0.3000
        vertex -0.6928 1.6000 -0.4000
    endloop
endfacet
facet normal 0.1475 4.1322 0.1294
    outer loop
        vertex -0.4760 1.4650 -0.3653
        vertex -0.5657 1.6000 -0.5657
        vertex -0.4243 1.4650 -0.4243
    endloop
endfacet
facet normal 0.1966 4.1762 0.1726
    outer loop
        vertex -0.5657 1.6000 -0.5657
        vertex -0.4760 1.4650 -0.3653
        vertex -0.6347 1.6000 -0.4870
    endloop
endfacet
facet normal 0.1294 4.1322 0.1475
    outer loop
        vertex -0.4243 1.4650 -0.4243
        vertex -0.4870 1.6000 -0.6347
        vertex -0.3653 1.4650 -0.4760
    endloop
endfacet
facet normal 0.1726 4.1762 0.1966
    outer loop
        vertex -0.4870 1.6000 -0.6347
        vertex -0.4243 1.4650 -0.4243
        vertex -0.5657 1.6000 -0.5657
    endloop
endfacet
facet normal 0.1089 4.1322 0.1632
    outer loop
        vertex -0.3653 1.4650 -0.4760
        vertex -0.4000 1.6000 -0.6928
        vertex -0.3000 1.4650 -0.5196
    endloop
endfacet
facet normal 0.1452 4.1762 0.2176
    outer loop
        vertex -0.4000 1.6000 -0.6928
        vertex -0.3653 1.4650 -0.4760
        vertex -0.4870 1.6000 -0.6347
    endloop
endfacet
facet normal 0.0869 4.1322 0.1760
    outer loop
        vertex -0.3000 1.4650 -0.5196
        vertex -0.3062 1.6000 -0.7391
        vertex -0.2296 1.4650 -0.5543
    endloop
endfacet
facet normal 0.1158 4.1762 0.2346
    outer loop
        vertex -0.3062 1.6000 -0.7391
        vertex -0.3000 1.4650 -0.5196
        vertex -0.4000 1.6000 -0.6928
    endloop
endfacet
facet normal 0.0630 4.1322 0.1858
    outer loop
        vertex -0.2296 1.4650 -0.5543
        vertex -0.2070 1.6000 -0.7727
        vertex -0.1553 1.4650 -0.5795
    endloop
endfacet
facet normal 0.0840 4.1762 0.2478
    outer loop
        vertex -0.2070 1.6000 -0.7727
        vertex -0.2296 1.4650 -0.5543
        vertex -0.3062 1.6000 -0.7391
    endloop
endfacet
facet normal 0.0383 4.1322 0.1924
    outer loop
        vertex -0.1553 1.4650 -0.5795
        vertex -0.1044 1.6000 -0.7931
        vertex -0.0783 1.4650 -0.5948
    endloop
endfacet
facet normal 0.0510 4.1762 0.2566
    outer loop
        vertex -0.1044 1.6000 -0.7931
        vertex -0.1553 1.4650 -0.5795
        vertex -0.2070 1.6000 -0.7727
    endloop
endfacet
facet normal 0.0129 4.1321 0.1958
    outer loop
        vertex -0.0783 1.4650 -0.5948
        vertex 0.0000 1.6000 -0.8000
        vertex 0.0000 1.4650 -0.6000
    endloop
endfacet
facet normal 0.0172 4.1762 0.2610
    outer loop
        vertex 0.0000 1.6000 -0.8000
        vertex -0.0783 1.4650 -0.5948
        vertex -0.1044 1.6000 -0.7931
    endloop
endfacet
facet normal -0.0129 4.1321 0.1958
    outer loop
        vertex 0.0000 1.4650 -0.6000
        vertex 0.1044 1.6000 -0.7931
        vertex 0.0783 1.4650 -0.5948
    endloop
endfacet
facet normal -0.0172 4.1762 0.2610
    outer loop
        vertex 0.1044 1.6000 -0.7931
        vertex 0.0000 1.4650 -0.6000
        vertex 0.0000 1.6000 -0.8000
    endloop
endfacet
facet normal -0.0383 4.1322 0.1924
    outer loop
        vertex 0.0783 1.4650 -0.5948
        vertex 0.2070 1.6000 -0.7727
        vertex 0.1553 1.4650 -0.5795
    endloop
endfacet
facet normal -0.0510 4.1762 0.2566
    outer loop
        vertex 0.2070 1.6000 -0.7727
        vertex 0.0783 1.4650 -0.5948
        vertex 0.1044 1.6000 -0.7931
    endloop
endfacet
facet normal -0.0630 4.1322 0.1858
    outer loop
        vertex 0.1553 1.4650 -0.5795
        vertex 0.3062 1.6000 -0.7391
        vertex 0.2296 1.4650 -0.5543
    endloop
endfacet
facet normal -0.0840 4.1762 0.2478
    outer loop
        vertex 0.3062 1.6000 -0.7391
        vertex 0.1553 1.4650 -0.5795
        vertex 0.2070 1.6000 -0.7727
    endloop
endfacet
facet normal -0.0869 4.1322 0.1760
    outer loop
        vertex 0.2296 1.4650 -0.5543
        vertex 0.4000 1.6000 -0.6928
        vertex 0.3000 1.4650 -0.5196
    endloop
endfacet
facet normal -0.1158 4.1762 0.2346
    outer loop
        vertex 0.4000 1.6000 -0.6928
        vertex 0.2296 1.4650 -0.5543
        vertex 0.3062 1.6000 -0.7391
    endloop
endfacet
facet normal -0.1089 4.1322 0.1632
    outer loop
        vertex 0.3000 1.4650 -0.5196
        vertex 0.4870 1.6000 -0.6347
        vertex 0.3653 1.4650 -0.4760
    endloop
endfacet
facet normal -0.1452 4.1762 0.2176
    outer loop
        vertex 0.4870 1.6000 -0.6347
        vertex 0.3000 1.4650 -0.5196
        vertex 0.4000 1.6000 -0.6928
    endloop
endfacet
facet normal -0.1294 4.1322 0.1475
    outer loop
        vertex 0.3653 1.4650 -0.4760
        vertex 0.5657 1.6000 -0.5657
        vertex 0.4243 1.4650 -0.4243
    endloop
endfacet
facet normal -0.1726 4.1762 0.1966
    outer loop
        vertex 0.5657 1.6000 -0.5657
        vertex 0.3653 1.4650 -0.4760
        vertex 0.4870 1.6000 -0.6347
    endloop
endfacet
facet normal -0.1475 4.1322 0.1294
    outer loop
        vertex 0.4243 1.4650 -0.4243
        vertex 0.6347 1.6000 -0.4870
        vertex 0.4760 1.4650 -0.3653
    endloop
endfacet
facet normal -0.1966 4.1762 0.1726
    outer loop
        vertex 0.6347 1.6000 -0.4870
        vertex 0.4243 1.4650 -0.4243
        vertex 0.5657 1.6000 -0.5657
    endloop
endfacet
facet normal -0.1632 4.1322 0.1089
    outer loop
        vertex 0.4760 1.4650 -0.3653
        vertex 0.6928 1.6000 -0.4000
        vertex 0.5196 1.4650 -0.3000
    endloop
endfacet
facet normal -0.2176 4.1762 0.1452
    outer loop
        vertex 0.6928 1.6000 -0.4000
        vertex 0.4760 1.4650 -0.3653
        vertex 0.6347 1.6000 -0.4870
    endloop
endfacet
facet normal -0.1760 4.1322 0.0869
    outer loop
        vertex 0.5196 1.4650 -0.3000
        vertex 0.7391 1.6000 -0.3062
        vertex 0.5543 1.4650 -0.2296
    endloop
endfacet
facet normal -0.2346 4.1762 0.1158
    outer loop
        vertex 0.7391 1.6000 -0.3062
        vertex 0.5196 1.4650 -0.3000
        vertex 0.6928 1.6000 -0.4000
    endloop
endfacet
facet normal -0.1858 4.1322 0.0630
    outer loop
        vertex 0.5543 1.4650 -0.2296
        vertex 0.7727 1.6000 -0.2070
        vertex 0.5795 1.4650 -0.1553
    endloop
endfacet
facet normal -0.2478 4.1762 0.0840
    outer loop
        vertex 0.7727 1.6000 -0.2070
        vertex 0.5543 1.4650 -0.2296
        vertex 0.7391 1.6000 -0.3062
    endloop
endfacet
facet normal -0.1924 4.1322 0.0383
    outer loop
        vertex 0.5795 1.4650 -0.1553
        vertex 0.7931 1.6000 -0.1044
        vertex 0.5948 1.4650 -0.0783
    endloop
endfacet
facet normal -0.2566 4.1762 0.0510
    outer loop
        vertex 0.7931 1.6000 -0.1044
        vertex 0.5795 1.4650 -0.1553
        vertex 0.7727 1.6000 -0.2070
    endloop
endfacet
facet normal -0.1958 4.1321 0.0129
    outer loop
        vertex 0.5948 1.4650 -0.0783
        vertex 0.8000 1.6000 0.0000
        vertex 0.6000 1.4650 0.0000
    endloop
endfacet
facet normal -0.2610 4.1762 0.0172
    outer loop
        vertex 0.8000 1.6000 0.0000
        vertex 0.5948 1.4650 -0.0783
        vertex 0.7931 1.6000 -0.1044
    endloop
endfacet
facet normal -0.1958 3.7506 -0.0129
    outer loop
        vertex 0.2974 1.3300 0.0392
        vertex 0.6000 1.4650 0.0000
        vertex 0.5948 1.4650 0.0783
    endloop
endfacet
facet normal -0.0979 3.7065 -0.0064
    outer loop
        vertex 0.6000 1.4650 0.0000
        vertex 0.2974 1.3300 0.0392
        vertex 0.3000 1.3300 0.0000
    endloop
endfacet
facet normal -0.1924 3.7506 -0.0382
    outer loop
        vertex 0.2898 1.3300 0.0776
        vertex 0.5948 1.4650 0.0783
        vertex 0.5795 1.4650 0.1553
    endloop
endfacet
facet normal -0.0962 3.7066 -0.0191
    outer loop
        vertex 0.5948 1.4650 0.0783
        vertex 0.2898 1.3300 0.0776
        vertex 0.2974 1.3300 0.0392
    endloop
endfacet
facet normal -0.1859 3.7506 -0.0630
    outer loop
        vertex 0.2772 1.3300 0.1148
        vertex 0.5795 1.4650 0.1553
        vertex 0.5543 1.4650 0.2296
    endloop
endfacet
facet normal -0.0929 3.7066 -0.0315
    outer loop
        vertex 0.5795 1.4650 0.1553
        vertex 0.2772 1.3300 0.1148
        vertex 0.2898 1.3300 0.0776
    endloop
endfacet
facet normal -0.1760 3.7506 -0.0869
    outer loop
        vertex 0.2598 1.3300 0.1500
        vertex 0.5543 1.4650 0.2296
        vertex 0.5196 1.4650 0.3000
    endloop
endfacet
facet normal -0.0880 3.7066 -0.0434
    outer loop
        vertex 0.5543 1.4650 0.2296
        vertex 0.2598 1.3300 0.1500
        vertex 0.2772 1.3300 0.1148
    endloop
endfacet
facet normal -0.1632 3.7506 -0.1089
    outer loop
        vertex 0.2380 1.3300 0.1826
        vertex 0.5196 1.4650 0.3000
        vertex 0.4760 1.4650 0.3653
    endloop
endfacet
facet normal -0.0816 3.7066 -0.0544
    outer loop
        vertex 0.5196 1.4650 0.3000
        vertex 0.2380 1.3300 0.1826
        vertex 0.2598 1.3300 0.1500
    endloop
endfacet
facet normal -0.1474 3.7506 -0.1295
    outer loop
        vertex 0.2121 1.3300 0.2121
        vertex 0.4760 1.4650 0.3653
        vertex 0.4243 1.4650 0.4243
    endloop
endfacet
facet normal -0.0737 3.7066 -0.0647
    outer loop
        vertex 0.4760 1.4650 0.3653
        vertex 0.2121 1.3300 0.2121
        vertex 0.2380 1.3300 0.1826
    endloop
endfacet
facet normal -0.1295 3.7506 -0.1474
    outer loop
        vertex 0.1826 1.3300 0.2380
        vertex 0.4243 1.4650 0.4243
        vertex 0.3653 1.4650 0.4760
    endloop
endfacet
facet normal -0.0647 3.7066 -0.0737
    outer loop
        vertex 0.4243 1.4650 0.4243
        vertex 0.1826 1.3300 0.2380
        vertex 0.2121 1.3300 0.2121
    endloop
endfacet
facet normal -0.1089 3.7506 -0.1632
    outer loop
        vertex 0.1500 1.3300 0.2598
        vertex 0.3653 1.4650 0.4760
        vertex 0.3000 1.4650 0.5196
    endloop
endfacet
facet normal -0.0544 3.7066 -0.0816
    outer loop
        vertex 0.3653 1.4650 0.4760
        vertex 0.1500 1.3300 0.2598
        vertex 0.1826 1.3300 0.2380
    endloop
endfacet
facet normal -0.0869 3.7506 -0.1759
    outer loop
        vertex 0.1148 1.3300 0.2772
        vertex 0.3000 1.4650 0.5196
        vertex 0.2296 1.4650 0.5543
    endloop
endfacet
facet normal -0.0434 3.7066 -0.0880
    outer loop
        vertex 0.3000 1.4650 0.5196
        vertex 0.1148 1.3300 0.2772
        vertex 0.1500 1.3300 0.2598
    endloop
endfacet
facet normal -0.0630 3.7506 -0.1858
    outer loop
        vertex 0.0776 1.3300 0.2898
        vertex 0.2296 1.4650 0.5543
        vertex 0.1553 1.4650 0.5795
    endloop
endfacet
facet normal -0.0315 3.7066 -0.0929
    outer loop
        vertex 0.2296 1.4650 0.5543
        vertex 0.0776 1.3300 0.2898
        vertex 0.1148 1.3300 0.2772
    endloop
endfacet
facet normal -0.0382 3.7506 -0.1924
    outer loop
        vertex 0.0392 1.3300 0.2974
        vertex 0.1553 1.4650 0.5795
        vertex 0.0783 1.4650 0.5948
    endloop
endfacet
facet normal -0.0191 3.7066 -0.0962
    outer loop
        vertex 0.1553 1.4650 0.5795
        vertex 0.0392 1.3300 0.2974
        vertex 0.0776 1.3300 0.2898
    endloop
endfacet
facet normal -0.0129 3.7506 -0.1958
    outer loop
        vertex 0.0000 1.3300 0.3000
        vertex 0.0783 1.4650 0.5948
        vertex 0.0000 1.4650 0.6000
    endloop
endfacet
facet normal -0.0065 3.7065 -0.0979
    outer loop
        vertex 0.0783 1.4650 0.5948
        vertex 0.0000 1.3300 0.3000
        vertex 0.0392 1.3300 0.2974
    endloop
endfacet
facet normal 0.0129 3.7506 -0.1958
    outer loop
        vertex -0.0392 1.3300 0.2974
        vertex 0.0000 1.4650 0.6000
        vertex -0.0783 1.4650 0.5948
    endloop
endfacet
facet normal 0.0064 3.7065 -0.0979
    outer loop
        vertex 0.0000 1.4650 0.6000
        vertex -0.0392 1.3300 0.2974
        vertex 0.0000 1.3300 0.3000
    endloop
endfacet
facet normal 0.0382 3.7506 -0.1924
    outer loop
        vertex -0.0776 1.3300 0.2898
        vertex -0.0783 1.4650 0.5948
        vertex -0.1553 1.4650 0.5795
    endloop
endfacet
facet normal 0.0191 3.7066 -0.0962
    outer loop
        vertex -0.0783 1.4650 0.5948
        vertex -0.0776 1.3300 0.2898
        vertex -0.0392 1.3300 0.2974
    endloop
endfacet
facet normal 0.0630 3.7506 -0.1859
    outer loop
        vertex -0.1148 1.3300 0.2772
        vertex -0.1553 1.4650 0.5795
        vertex -0.2296 1.4650 0.5543
    endloop
endfacet
facet normal 0.0315 3.7066 -0.0929
    outer loop
        vertex -0.1553 1.4650 0.5795
        vertex -0.1148 1.3300 0.2772
        vertex -0.0776 1.3300 0.2898
    endloop
endfacet
facet normal 0.0869 3.7506 -0.1760
    outer loop
        vertex -0.1500 1.3300 0.2598
        vertex -0.2296 1.4650 0.5543
        vertex -0.3000 1.4650 0.5196
    endloop
endfacet
facet normal 0.0434 3.7066 -0.0880
    outer loop
        vertex -0.2296 1.4650 0.5543
        vertex -0.1500 1.3300 0.2598
        vertex -0.1148 1.3300 0.2772
    endloop
endfacet
facet normal 0.1089 3.7506 -0.1632
    outer loop
        vertex -0.1826 1.3300 0.2380
        vertex -0.3000 1.4650 0.5196
        vertex -0.3653 1.4650 0.4760
    endloop
endfacet
facet normal 0.0544 3.7066 -0.0816
    outer loop
        vertex -0.3000 1.4650 0.5196
        vertex -0.1826 1.3300 0.2380
        vertex -0.1500 1.3300 0.2598
    endloop
endfacet
facet normal 0.1295 3.7506 -0.1474
    outer loop
        vertex -0.2121 1.3300 0.2121
        vertex -0.3653 1.4650 0.4760
        vertex -0.4243 1.4650 0.4243
    endloop
endfacet
facet normal 0.0647 3.7066 -0.0737
    outer loop
        vertex -0.3653 1.4650 0.4760
        vertex -0.2121 1.3300 0.2121
        vertex -0.1826 1.3300 0.2380
    endloop
endfacet
facet normal 0.1474 3.7506 -0.1295
    outer loop
        vertex -0.2380 1.3300 0.1826
        vertex -0.4243 1.4650 0.4243
        vertex -0.4760 1.4650 0.3653
    endloop
endfacet
facet normal 0.0737 3.7066 -0.0647
    outer loop
        vertex -0.4243 1.4650 0.4243
        vertex -0.2380 1.3300 0.1826
        vertex -0.2121 1.3300 0.2121
    endloop
endfacet
facet normal 0.1632 3.7506 -0.1089
    outer loop
        vertex -0.2598 1.3300 0.1500
        vertex -0.4760 1.4650 0.3653
        vertex -0.5196 1.4650 0.3000
    endloop
endfacet
facet normal 0.0816 3.7066 -0.0544
    outer loop
        vertex -0.4760 1.4650 0.3653
        vertex -0.2598 1.3300 0.1500
        vertex -0.2380 1.3300 0.1826
    endloop
endfacet
facet normal 0.1759 3.7506 -0.0869
    outer loop
        vertex -0.2772 1.3300 0.1148
        vertex -0.5196 1.4650 0.3000
        vertex -0.5543 1.4650 0.2296
    endloop
endfacet
facet normal 0.0880 3.7066 -0.0434
    outer loop
        vertex -0.5196 1.4650 0.3000
        vertex -0.2772 1.3300 0.1148
        vertex -0.2598 1.3300 0.1500
    endloop
endfacet
facet normal 0.1858 3.7506 -0.0630
    outer loop
        vertex -0.2898 1.3300 0.0776
        vertex -0.5543 1.4650 0.2296
        vertex -0.5795 1.4650 0.1553
    endloop
endfacet
facet normal 0.0929 3.7066 -0.0315
    outer loop
        vertex -0.5543 1.4650 0.2296
        vertex -0.2898 1.3300 0.0776
        vertex -0.2772 1.3300 0.1148
    endloop
endfacet
facet normal 0.1924 3.7506 -0.0382
    outer loop
        vertex -0.2974 1.3300 0.0392
        vertex -0.5795 1.4650 0.1553
        vertex -0.5948 1.4650 0.0783
    endloop
endfacet
facet normal 0.0962 3.7066 -0.0191
    outer loop
        vertex -0.5795 1.4650 0.1553
        vertex -0.2974 1.3300 0.0392
        vertex -0.2898 1.3300 0.0776
    endloop
endfacet
facet normal 0.1958 3.7506 -0.0129
    outer loop
        vertex -0.3000 1.3300 0.0000
        vertex -0.5948 1.4650 0.0783
        vertex -0.6000 1.4650 0.0000
    endloop
endfacet
facet normal 0.0979 3.7065 -0.0065
    outer loop
        vertex -0.5948 1.4650 0.0783
        vertex -0.3000 1.3300 0.0000
        vertex -0.2974 1.3300 0.0392
    endloop
endfacet
facet normal 0.1958 3.7506 0.0129
    outer loop
        vertex -0.2974 1.3300 -0.0392
        vertex -0.6000 1.4650 0.0000
        vertex -0.5948 1.4650 -0.0783
    endloop
endfacet
facet normal 0.0979 3.7065 0.0064
    outer loop
        vertex -0.6000 1.4650 0.0000
        vertex -0.2974 1.3300 -0.0392
        vertex -0.3000 1.3300 0.0000
    endloop
endfacet
facet normal 0.1924 3.7506 0.0382
    outer loop
        vertex -0.2898 1.3300 -0.0776
        vertex -0.5948 1.4650 -0.0783
        vertex -0.5795 1.4650 -0.1553
    endloop
endfacet
facet normal 0.0962 3.7066 0.0191
    outer loop
        vertex -0.5948 1.4650 -0.0783
        vertex -0.2898 1.3300 -0.0776
        vertex -0.2974 1.3300 -0.0392
    endloop
endfacet
facet normal 0.1859 3.7506 0.0630
    outer loop
        vertex -0.2772 1.3300 -0.1148
        vertex -0.5795 1.4650 -0.1553
        vertex -0.5543 1.4650 -0.2296
    endloop
endfacet
facet normal 0.0929 3.7066 0.0315
    outer loop
        vertex -0.5795 1.4650 -0.1553
        vertex -0.2772 1.3300 -0.1148
        vertex -0.2898 1.3300 -0.0776
    endloop
endfacet
facet normal 0.1760 3.7506 0.0869
    outer loop
        vertex -0.2598 1.3300 -0.1500
        vertex -0.5543 1.4650 -0.2296
        vertex -0.5196 1.4650 -0.3000
    endloop
endfacet
facet normal 0.0880 3.7066 0.0434
    outer loop
        vertex -0.5543 1.4650 -0.2296
        vertex -0.2598 1.3300 -0.1500
        vertex -0.2772 1.3300 -0.1148
    endloop
endfacet
facet normal 0.1632 3.7506 0.1089
    outer loop
        vertex -0.2380 1.3300 -0.1826
        vertex -0.5196 1.4650 -0.3000
        vertex -0.4760 1.4650 -0.3653
    endloop
endfacet
facet normal 0.0816 3.7066 0.0544
    outer loop
        vertex -0.5196 1.4650 -0.3000
        vertex -0.2380 1.3300 -0.1826
        vertex -0.2598 1.3300 -0.1500
    endloop
endfacet
facet normal 0.1474 3.7506 0.1295
    outer loop
        vertex -0.2121 1.3300 -0.2121
        vertex -0.4760 1.4650 -0.3653
        vertex -0.4243 1.4650 -0.4243
    endloop
endfacet
facet normal 0.0737 3.7066 0.0647
    outer loop
        vertex -0.4760 1.4650 -0.3653
        vertex -0.2121 1.3300 -0.2121
        vertex -0.2380 1.3300 -0.1826
    endloop
endfacet
facet normal 0.1295 3.7506 0.1474
    outer loop
        vertex -0.1826 1.3300 -0.2380
        vertex -0.4243 1.4650 -0.4243
        vertex -0.3653 1.4650 -0.4760
    endloop
endfacet
facet normal 0.0647 3.7066 0.0737
    outer loop
        vertex -0.4243 1.4650 -0.4243
        vertex -0.1826 1.3300 -0.2380
        vertex -0.2121 1.3300 -0.2121
    endloop
endfacet
facet normal 0.1089 3.7506 0.1632
    outer loop
        vertex -0.1500 1.3300 -0.2598
        vertex -0.3653 1.4650 -0.4760
        vertex -0.3000 1.4650 -0.5196
    endloop
endfacet
facet normal 0.0544 3.7066 0.0816
    outer loop
        vertex -0.3653 1.4650 -0.4760
        vertex -0.1500 1.3300 -0.2598
        vertex -0.1826 1.3300 -0.2380
    endloop
endfacet
facet normal 0.0869 3.7506 0.1759
    outer loop
        vertex -0.1148 1.3300 -0.2772
        vertex -0.3000 1.4650 -0.5196
        vertex -0.2296 1.4650 -0.5543
    endloop
endfacet
facet normal 0.0434 3.7066 0.0880
    outer loop
        vertex -0.3000 1.4650 -0.5196
        vertex -0.1148 1.3300 -0.2772
        vertex -0.1500 1.3300 -0.2598
    endloop
endfacet
facet normal 0.0630 3.7506 0.1858
    outer loop
        vertex -0.0776 1.3300 -0.2898
        vertex -0.2296 1.4650 -0.5543
        vertex -0.1553 1.4650 -0.5795
    endloop
endfacet
facet normal 0.0315 3.7066 0.0929
    outer loop
        vertex -0.2296 1.4650 -0.5543
        vertex -0.0776 1.3300 -0.2898
        vertex -0.1148 1.3300 -0.2772
    endloop
endfacet
facet normal 0.0382 3.7506 0.1924
    outer loop
        vertex -0.0392 1.3300 -0.2974
        vertex -0.1553 1.4650 -0.5795
        vertex -0.0783 1.4650 -0.5948
    endloop
endfacet
facet normal 0.0191 3.7066 0.0962
    outer loop
        vertex -0.1553 1.4650 -0.5795
        vertex -0.0392 1.3300 -0.2974
        vertex -0.0776 1.3300 -0.2898
    endloop
endfacet
facet normal 0.0129 3.7506 0.1958
    outer loop
        vertex 0.0000 1.3300 -0.3000
        vertex -0.0783 1.4650 -0.5948
        vertex 0.0000 1.4650 -0.6000
    endloop
endfacet
facet normal 0.0065 3.7065 0.0979
    outer loop
        vertex -0.0783 1.4650 -0.5948
        vertex 0.0000 1.3300 -0.3000
        vertex -0.0392 1.3300 -0.2974
    endloop
endfacet
facet normal -0.0129 3.7506 0.1958
    outer loop
        vertex 0.0392 1.3300 -0.2974
        vertex 0.0000 1.4650 -0.6000
        vertex 0.0783 1.4650 -0.5948
    endloop
endfacet
facet normal -0.0064 3.7065 0.0979
    outer loop
        vertex 0.0000 1.4650 -0.6000
        vertex 0.0392 1.3300 -0.2974
        vertex 0.0000 1.3300 -0.3000
    endloop
endfacet
facet normal -0.0382 3.7506 0.1924
    outer loop
        vertex 0.0776 1.3300 -0.2898
        vertex 0.0783 1.4650 -0.5948
        vertex 0.1553 1.4650 -0.5795
    endloop
endfacet
facet normal -0.0191 3.7066 0.0962
    outer loop
        vertex 0.0783 1.4650 -0.5948
        vertex 0.0776 1.3300 -0.2898
        vertex 0.0392 1.3300 -0.2974
    endloop
endfacet
facet normal -0.0630 3.7506 0.1859
    outer loop
        vertex 0.1148 1.3300 -0.2772
        vertex 0.1553 1.4650 -0.5795
        vertex 0.2296 1.4650 -0.5543
    endloop
endfacet
facet normal -0.0315 3.7066 0.0929
    outer loop
        vertex 0.1553 1.4650 -0.5795
        vertex 0.1148 1.3300 -0.2772
        vertex 0.0776 1.3300 -0.2898
    endloop
endfacet
facet normal -0.0869 3.7506 0.1760
    outer loop
        vertex 0.1500 1.3300 -0.2598
        vertex 0.2296 1.4650 -0.5543
        vertex 0.3000 1.4650 -0.5196
    endloop
endfacet
facet normal -0.0434 3.7066 0.0880
    outer loop
        vertex 0.2296 1.4650 -0.5543
        vertex 0.1500 1.3300 -0.2598
        vertex 0.1148 1.3300 -0.2772
    endloop
endfacet
facet normal -0.1089 3.7506 0.1632
    outer loop
        vertex 0.1826 1.3300 -0.2380
        vertex 0.3000 1.4650 -0.5196
        vertex 0.3653 1.4650 -0.4760
    endloop
endfacet
facet normal -0.0544 3.7066 0.0816
    outer loop
        vertex 0.3000 1.4650 -0.5196
        vertex 0.1826 1.3300 -0.2380
        vertex 0.1500 1.3300 -0.2598
    endloop
endfacet
facet normal -0.1295 3.7506 0.1474
    outer loop
        vertex 0.2121 1.3300 -0.2121
        vertex 0.3653 1.4650 -0.4760
        vertex 0.4243 1.4650 -0.4243
    endloop
endfacet
facet normal -0.0647 3.7066 0.0737
    outer loop
        vertex 0.3653 1.4650 -0.4760
        vertex 0.2121 1.3300 -0.2121
        vertex 0.1826 1.3300 -0.2380
    endloop
endfacet
facet normal -0.1474 3.7506 0.1295
    outer loop
        vertex 0.2380 1.3300 -0.1826
        vertex 0.4243 1.4650 -0.4243
        vertex 0.4760 1.4650 -0.3653
    endloop
endfacet
facet normal -0.0737 3.7066 0.0647
    outer loop
        vertex 0.4243 1.4650 -0.4243
        vertex 0.2380 1.3300 -0.1826
        vertex 0.2121 1.3300 -0.2121
    endloop
endfacet
facet normal -0.1632 3.7506 0.1089
    outer loop
        vertex 0.2598 1.3300 -0.1500
        vertex 0.4760 1.4650 -0.3653
        vertex 0.5196 1.4650 -0.3000
    endloop
endfacet
facet normal -0.0816 3.7066 0.0544
    outer loop
        vertex 0.4760 1.4650 -0.3653
        vertex 0.2598 1.3300 -0.1500
        vertex 0.2380 1.3300 -0.1826
    endloop
endfacet
facet normal -0.1759 3.7506 0.0869
    outer loop
        vertex 0.2772 1.3300 -0.1148
        vertex 0.5196 1.4650 -0.3000
        vertex 0.5543 1.4650 -0.2296
    endloop
endfacet
facet normal -0.0880 3.7066 0.0434
    outer loop
        vertex 0.5196 1.4650 -0.3000
        vertex 0.2772 1.3300 -0.1148
        vertex 0.2598 1.3300 -0.1500
    endloop
endfacet
facet normal -0.1858 3.7506 0.0630
    outer loop
        vertex 0.2898 1.3300 -0.0776
        vertex 0.5543 1.4650 -0.2296
        vertex 0.5795 1.4650 -0.1553
    endloop
endfacet
facet normal -0.0929 3.7066 0.0315
    outer loop
        vertex 0.5543 1.4650 -0.2296
        vertex 0.2898 1.3300 -0.0776
        vertex 0.2772 1.3300 -0.1148
    endloop
endfacet
facet normal -0.1924 3.7506 0.0382
    outer loop
        vertex 0.2974 1.3300 -0.0392
        vertex 0.5795 1.4650 -0.1553
        vertex 0.5948 1.4650 -0.0783
    endloop
endfacet
facet normal -0.0962 3.7066 0.0191
    outer loop
        vertex 0.5795 1.4650 -0.1553
        vertex 0.2974 1.3300 -0.0392
        vertex 0.2898 1.3300 -0.0776
    endloop
endfacet
facet normal -0.1958 3.7506 0.0129
    outer loop
        vertex 0.3000 1.3300 0.0000
        vertex 0.5948 1.4650 -0.0783
        vertex 0.6000 1.4650 0.0000
    endloop
endfacet
facet normal -0.0979 3.7065 0.0065
    outer loop
        vertex 0.5948 1.4650 -0.0783
        vertex 0.3000 1.3300 0.0000
        vertex 0.2974 1.3300 -0.0392
    endloop
endfacet
facet normal -0.0979 3.3348 -0.0064
    outer loop
        vertex 0.0000 1.3000 0.0000
        vertex 0.3000 1.3300 0.0000
        vertex 0.2974 1.3300 0.0392
    endloop
endfacet
facet normal -0.0962 3.3348 -0.0191
    outer loop
        vertex 0.0000 1.3000 0.0000
        vertex 0.2974 1.3300 0.0392
        vertex 0.2898 1.3300 0.0776
    endloop
endfacet
facet normal -0.0929 3.3348 -0.0315
    outer loop
        vertex 0.0000 1.3000 0.0000
        vertex 0.2898 1.3300 0.0776
        vertex 0.2772 1.3300 0.1148
    endloop
endfacet
facet normal -0.0880 3.3348 -0.0434
    outer loop
        vertex 0.2598 1.3300 0.1500
        vertex 0.0000 1.3000 0.0000
        vertex 0.2772 1.3300 0.1148
    endloop
endfacet
facet normal -0.0817 3.3348 -0.0544
    outer loop
        vertex 0.0000 1.3000 0.0000
        vertex 0.2598 1.3300 0.1500
        vertex 0.2381 1.3300 0.1827
    endloop
endfacet
facet normal -0.0737 3.3348 -0.0647
    outer loop
        vertex 0.0000 1.3000 0.0000
        vertex 0.2381 1.3300 0.1827
        vertex 0.2122 1.3300 0.2122
    endloop
endfacet
facet normal -0.0647 3.3348 -0.0737
    outer loop
        vertex 0.0000 1.3000 0.0000
        vertex 0.2122 1.3300 0.2122
        vertex 0.1827 1.3300 0.2381
    endloop
endfacet
facet normal -0.0544 3.3348 -0.0817
    outer loop
        vertex 0.0000 1.3000 0.0000
        vertex 0.1827 1.3300 0.2381
        vertex 0.1500 1.3300 0.2598
    endloop
endfacet
facet normal -0.0434 3.3348 -0.0880
    outer loop
        vertex 0.1148 1.3300 0.2772
        vertex 0.0000 1.3000 0.0000
        vertex 0.1500 1.3300 0.2598
    endloop
endfacet
facet normal -0.0315 3.3348 -0.0929
    outer loop
        vertex 0.0000 1.3000 0.0000
        vertex 0.1148 1.3300 0.2772
        vertex 0.0776 1.3300 0.2898
    endloop
endfacet
facet normal -0.0191 3.3348 -0.0962
    outer loop
        vertex 0.0000 1.3000 0.0000
        vertex 0.0776 1.3300 0.2898
        vertex 0.0392 1.3300 0.2974
    endloop
endfacet
facet normal -0.0064 3.3348 -0.0979
    outer loop
        vertex 0.0000 1.3000 0.0000
        vertex 0.0392 1.3300 0.2974
        vertex 0.0000 1.3300 0.3000
    endloop
endfacet
facet normal 0.0064 3.3348 -0.0979
    outer loop
        vertex 0.0000 1.3000 0.0000
        vertex 0.0000 1.3300 0.3000
        vertex -0.0392 1.3300 0.2974
    endloop
endfacet
facet normal 0.0191 3.3348 -0.0962
    outer loop
        vertex 0.0000 1.3000 0.0000
        vertex -0.0392 1.3300 0.2974
        vertex -0.0776 1.3300 0.2898
    endloop
endfacet
facet normal 0.0315 3.3348 -0.0929
    outer loop
        vertex 0.0000 1.3000 0.0000
        vertex -0.0776 1.3300 0.2898
        vertex -0.1148 1.3300 0.2772
    endloop
endfacet
facet normal 0.0434 3.3348 -0.0880
    outer loop
        vertex -0.1500 1.3300 0.2598
        vertex 0.0000 1.3000 0.0000
        vertex -0.1148 1.3300 0.2772
    endloop
endfacet
facet normal 0.0544 3.3348 -0.0817
    outer loop
        vertex 0.0000 1.3000 0.0000
        vertex -0.1500 1.3300 0.2598
        vertex -0.1827 1.3300 0.2381
    endloop
endfacet
facet normal 0.0647 3.3348 -0.0737
    outer loop
        vertex 0.0000 1.3000 0.0000
        vertex -0.1827 1.3300 0.2381
        vertex -0.2122 1.3300 0.2122
    endloop
endfacet
facet normal 0.0737 3.3348 -0.0647
    outer loop
        vertex 0.0000 1.3000 0.0000
        vertex -0.2122 1.3300 0.2122
        vertex -0.2381 1.3300 0.1827
    endloop
endfacet
facet normal 0.0817 3.3348 -0.0544
    outer loop
        vertex 0.0000 1.3000 0.0000
        vertex -0.2381 1.3300 0.1827
        vertex -0.2598 1.3300 0.1500
    endloop
endfacet
facet normal 0.0880 3.3348 -0.0434
    outer loop
        vertex -0.2772 1.3300 0.1148
        vertex 0.0000 1.3000 0.0000
        vertex -0.2598 1.3300 0.1500
    endloop
endfacet
facet normal 0.0929 3.3348 -0.0315
    outer loop
        vertex 0.0000 1.3000 0.0000
        vertex -0.2772 1.3300 0.1148
        vertex -0.2898 1.3300 0.0776
    endloop
endfacet
facet normal 0.0962 3.3348 -0.0191
    outer loop
        vertex 0.0000 1.3000 0.0000
        vertex -0.2898 1.3300 0.0776
        vertex -0.2974 1.3300 0.0392
    endloop
endfacet
facet normal 0.0979 3.3348 -0.0064
    outer loop
        vertex 0.0000 1.3000 0.0000
        vertex -0.2974 1.3300 0.0392
        vertex -0.3000 1.3300 0.0000
    endloop
endfacet
facet normal 0.0979 3.3348 0.0064
    outer loop
        vertex 0.0000 1.3000 0.0000
        vertex -0.3000 1.3300 0.0000
        vertex -0.2974 1.3300 -0.0392
    endloop
endfacet
facet normal 0.0962 3.3348 0.0191
    outer loop
        vertex 0.0000 1.3000 0.0000
        vertex -0.2974 1.3300 -0.0392
        vertex -0.2898 1.3300 -0.0776
    endloop
endfacet
facet normal 0.0929 3.3348 0.0315
    outer loop
        vertex 0.0000 1.3000 0.0000
        vertex -0.2898 1.3300 -0.0776
        vertex -0.2772 1.3300 -0.1148
    endloop
endfacet
facet normal 0.0880 3.3348 0.0434
    outer loop
        vertex -0.2598 1.3300 -0.1500
        vertex 0.0000 1.3000 0.0000
        vertex -0.2772 1.3300 -0.1148
    endloop
endfacet
facet normal 0.0817 3.3348 0.0544
    outer loop
        vertex 0.0000 1.3000 0.0000
        vertex -0.2598 1.3300 -0.1500
        vertex -0.2381 1.3300 -0.1827
    endloop
endfacet
facet normal 0.0737 3.3348 0.0647
    outer loop
        vertex 0.0000 1.3000 0.0000
        vertex -0.2381 1.3300 -0.1827
        vertex -0.2122 1.3300 -0.2122
    endloop
endfacet
facet normal 0.0647 3.3348 0.0737
    outer loop
        vertex 0.0000 1.3000 0.0000
        vertex -0.2122 1.3300 -0.2122
        vertex -0.1827 1.3300 -0.2381
    endloop
endfacet
facet normal 0.0544 3.3348 0.0817
    outer loop
        vertex 0.0000 1.3000 0.0000
        vertex -0.1827 1.3300 -0.2381
        vertex -0.1500 1.3300 -0.2598
    endloop
endfacet
facet normal 0.0434 3.3348 0.0880
    outer loop
        vertex -0.1148 1.3300 -0.2772
        vertex 0.0000 1.3000 0.0000
        vertex -0.1500 1.3300 -0.2598
    endloop
endfacet
facet normal 0.0315 3.3348 0.0929
    outer loop
        vertex 0.0000 1.3000 0.0000
        vertex -0.1148 1.3300 -0.2772
        vertex -0.0776 1.3300 -0.2898
    endloop
endfacet
facet normal 0.0191 3.3348 0.0962
    outer loop
        vertex 0.0000 1.3000 0.0000
        vertex -0.0776 1.3300 -0.2898
        vertex -0.0392 1.3300 -0.2974
    endloop
endfacet
facet normal 0.0064 3.3348 0.0979
    outer loop
        vertex 0.0000 1.3000 0.0000
        vertex -0.0392 1.3300 -0.2974
        vertex 0.0000 1.3300 -0.3000
    endloop
endfacet
facet normal -0.0064 3.3348 0.0979
    outer loop
        vertex 0.0000 1.3000 0.0000
        vertex 0.0000 1.3300 -0.3000
        vertex 0.0392 1.3300 -0.2974
    endloop
endfacet
facet normal -0.0191 3.3348 0.0962
    outer loop
        vertex 0.0000 1.3000 0.0000
        vertex 0.0392 1.3300 -0.2974
        vertex 0.0776 1.3300 -0.2898
    endloop
endfacet
facet normal -0.0315 3.3348 0.0929
    outer loop
        vertex 0.0000 1.3000 0.0000
        vertex 0.0776 1.3300 -0.2898
        vertex 0.1148 1.3300 -0.2772
    endloop
endfacet
facet normal -0.0434 3.3348 0.0880
    outer loop
        vertex 0.1500 1.3300 -0.2598
        vertex 0.0000 1.3000 0.0000
        vertex 0.1148 1.3300 -0.2772
    endloop
endfacet
facet normal -0.0544 3.3348 0.0817
    outer loop
        vertex 0.0000 1.3000 0.0000
        vertex 0.1500 1.3300 -0.2598
        vertex 0.1827 1.3300 -0.2381
    endloop
endfacet
facet normal -0.0647 3.3348 0.0737
    outer loop
        vertex 0.0000 1.3000 0.0000
        vertex 0.1827 1.3300 -0.2381
        vertex 0.2122 1.3300 -0.2122
    endloop
endfacet
facet normal -0.0737 3.3348 0.0647
    outer loop
        vertex 0.0000 1.3000 0.0000
        vertex 0.2122 1.3300 -0.2122
        vertex 0.2381 1.3300 -0.1827
    endloop
endfacet
facet normal -0.0817 3.3348 0.0544
    outer loop
        vertex 0.0000 1.3000 0.0000
        vertex 0.2381 1.3300 -0.1827
        vertex 0.2598 1.3300 -0.1500
    endloop
endfacet
facet normal -0.0880 3.3348 0.0434
    outer loop
        vertex 0.2772 1.3300 -0.1148
        vertex 0.0000 1.3000 0.0000
        vertex 0.2598 1.3300 -0.1500
    endloop
endfacet
facet normal -0.0929 3.3348 0.0315
    outer loop
        vertex 0.0000 1.3000 0.0000
        vertex 0.2772 1.3300 -0.1148
        vertex 0.2898 1.3300 -0.0776
    endloop
endfacet
facet normal -0.0962 3.3348 0.0191
    outer loop
        vertex 0.0000 1.3000 0.0000
        vertex 0.2898 1.3300 -0.0776
        vertex 0.2974 1.3300 -0.0392
    endloop
endfacet
facet normal -0.0979 3.3348 0.0064
    outer loop
        vertex 0.0000 1.3000 0.0000
        vertex 0.2974 1.3300 -0.0392
        vertex 0.3000 1.3300 0.0000
    endloop
endfacet
facet normal 0.0000 9.3719 0.0000
    outer loop
        vertex 1.0607 3.7000 1.0606
        vertex -1.0606 3.7000 1.0607
        vertex -0.9131 3.7000 1.1900
    endloop
endfacet
facet normal 0.0000 9.3549 0.0000
    outer loop
        vertex -0.9131 3.7000 1.1900
        vertex 0.9131 3.7000 1.1899
        vertex 1.0607 3.7000 1.0606
    endloop
endfacet
facet normal 0.0000 9.3385 0.0000
    outer loop
        vertex 0.9131 3.7000 1.1899
        vertex -0.9131 3.7000 1.1900
        vertex -0.7500 3.7000 1.2990
    endloop
endfacet
facet normal 0.0000 9.3227 0.0000
    outer loop
        vertex -0.7500 3.7000 1.2990
        vertex 0.7500 3.7000 1.2990
        vertex 0.9131 3.7000 1.1899
    endloop
endfacet
facet normal 0.0000 9.3079 0.0000
    outer loop
        vertex 0.7500 3.7000 1.2990
        vertex -0.7500 3.7000 1.2990
        vertex -0.5740 3.7000 1.3859
    endloop
endfacet
facet normal 0.0000 9.2943 0.0000
    outer loop
        vertex -0.5740 3.7000 1.3859
        vertex 0.5741 3.7000 1.3858
        vertex 0.7500 3.7000 1.2990
    endloop
endfacet
facet normal 0.0000 9.2821 0.0000
    outer loop
        vertex 0.5741 3.7000 1.3858
        vertex -0.5740 3.7000 1.3859
        vertex -0.3882 3.7000 1.4489
    endloop
endfacet
facet normal 0.0000 9.2717 0.0000
    outer loop
        vertex -0.3882 3.7000 1.4489
        vertex 0.3882 3.7000 1.4489
        vertex 0.5741 3.7000 1.3858
    endloop
endfacet
facet normal 0.0000 9.2632 0.0000
    outer loop
        vertex 0.3882 3.7000 1.4489
        vertex -0.3882 3.7000 1.4489
        vertex -0.1958 3.7000 1.4873
    endloop
endfacet
facet normal 0.0000 9.2567 0.0000
    outer loop
        vertex -0.1958 3.7000 1.4873
        vertex 0.1958 3.7000 1.4873
        vertex 0.3882 3.7000 1.4489
    endloop
endfacet
facet normal 0.0000 9.2522 0.0000
    outer loop
        vertex 0.1958 3.7000 1.4873
        vertex -0.1958 3.7000 1.4873
        vertex 0.0000 3.7000 1.5000
    endloop
endfacet
facet normal 0.0000 9.3719 0.0000
    outer loop
        vertex -1.0607 3.7000 -1.0606
        vertex 1.0606 3.7000 -1.0607
        vertex 0.9131 3.7000 -1.1900
    endloop
endfacet
facet normal 0.0000 9.3549 0.0000
    outer loop
        vertex 0.9131 3.7000 -1.1900
        vertex -0.9131 3.7000 -1.1899
        vertex -1.0607 3.7000 -1.0606
    endloop
endfacet
facet normal 0.0000 9.3385 0.0000
    outer loop
        vertex -0.9131 3.7000 -1.1899
        vertex 0.9131 3.7000 -1.1900
        vertex 0.7500 3.7000 -1.2990
    endloop
endfacet
facet normal 0.0000 9.3227 0.0000
    outer loop
        vertex 0.7500 3.7000 -1.2990
        vertex -0.7500 3.7000 -1.2990
        vertex -0.9131 3.7000 -1.1899
    endloop
endfacet
facet normal 0.0000 9.3079 0.0000
    outer loop
        vertex -0.7500 3.7000 -1.2990
        vertex 0.7500 3.7000 -1.2990
        vertex 0.5740 3.7000 -1.3859
    endloop
endfacet
facet normal 0.0000 9.2943 0.0000
    outer loop
        vertex 0.5740 3.7000 -1.3859
        vertex -0.5741 3.7000 -1.3858
        vertex -0.7500 3.7000 -1.2990
    endloop
endfacet
facet normal 0.0000 9.2821 0.0000
    outer loop
        vertex -0.5741 3.7000 -1.3858
        vertex 0.5740 3.7000 -1.3859
        vertex 0.3882 3.7000 -1.4489
    endloop
endfacet
facet normal 0.0000 9.2717 0.0000
    outer loop
        vertex 0.3882 3.7000 -1.4489
        vertex -0.3882 3.7000 -1.4489
        vertex -0.5741 3.7000 -1.3858
    endloop
endfacet
facet normal 0.0000 9.2632 0.0000
    outer loop
        vertex -0.3882 3.7000 -1.4489
        vertex 0.3882 3.7000 -1.4489
        vertex 0.1958 3.7000 -1.4873
    endloop
endfacet
facet normal 0.0000 9.2567 0.0000
    outer loop
        vertex 0.1958 3.7000 -1.4873
        vertex -0.1958 3.7000 -1.4873
        vertex -0.3882 3.7000 -1.4489
    endloop
endfacet
facet normal 0.0000 9.2522 0.0000
    outer loop
        vertex -0.1958 3.7000 -1.4873
        vertex 0.1958 3.7000 -1.4873
        vertex -0.0000 3.7000 -1.5000
    endloop
endfacet
facet normal 0.0000 8.0231 0.0000
    outer loop
        vertex -1.0606 3.7000 -1.0606
        vertex -1.2348 3.7000 -0.8000
        vertex 1.2348 3.7000 -0.8000
    endloop
endfacet
facet normal 0.0000 7.4556 0.0000
    outer loop
        vertex 1.2348 3.7000 -0.8000
        vertex 1.0606 3.7000 -1.0606
        vertex -1.0606 3.7000 -1.0606
    endloop
endfacet
facet normal 0.0000 8.0231 0.0000
    outer loop
        vertex 1.0606 3.7000 1.0606
        vertex 1.2348 3.7000 0.8000
        vertex -1.2348 3.7000 0.8000
    endloop
endfacet
facet normal 0.0000 7.4556 0.0000
    outer loop
        vertex -1.2348 3.7000 0.8000
        vertex -1.0606 3.7000 1.0606
        vertex 1.0606 3.7000 1.0606
    endloop
endfacet
facet normal 0.0000 9.2821 0.0000
    outer loop
        vertex -1.3858 3.7000 0.5740
        vertex -1.3858 3.7000 -0.5740
        vertex -1.4488 3.7000 -0.3883
    endloop
endfacet
facet normal 0.0000 9.2718 0.0000
    outer loop
        vertex -1.4488 3.7000 -0.3883
        vertex -1.4490 3.7000 0.3882
        vertex -1.3858 3.7000 0.5740
    endloop
endfacet
facet normal 0.0000 9.2632 0.0000
    outer loop
        vertex -1.4490 3.7000 0.3882
        vertex -1.4488 3.7000 -0.3883
        vertex -1.4871 3.7000 -0.1958
    endloop
endfacet
facet normal 0.0000 9.2566 0.0000
    outer loop
        vertex -1.4871 3.7000 -0.1958
        vertex -1.4871 3.7000 0.1958
        vertex -1.4490 3.7000 0.3882
    endloop
endfacet
facet normal 0.0000 9.2522 0.0000
    outer loop
        vertex -1.4871 3.7000 0.1958
        vertex -1.4871 3.7000 -0.1958
        vertex -1.5000 3.7000 -0.0000
    endloop
endfacet
facet normal 0.0000 5.5100 0.0000
    outer loop
        vertex -1.2348 3.7000 0.8000
        vertex -1.2348 3.7000 -0.8000
        vertex -1.3858 3.7000 -0.5740
    endloop
endfacet
facet normal 0.0000 5.0835 0.0000
    outer loop
        vertex -1.3858 3.7000 -0.5740
        vertex -1.3858 3.7000 0.5740
        vertex -1.2348 3.7000 0.8000
    endloop
endfacet
facet normal 0.0323 136.0000 -0.4894
    outer loop
        vertex -0.1958 54.4000 1.4871
        vertex 0.0000 52.3000 1.5000
        vertex 0.0000 54.4000 1.5000
    endloop
endfacet
facet normal 0.0323 136.0000 -0.4894
    outer loop
        vertex 0.0000 52.3000 1.5000
        vertex -0.1958 54.4000 1.4871
        vertex -0.1958 52.3000 1.4871
    endloop
endfacet
facet normal 0.0956 136.0000 -0.4811
    outer loop
        vertex -0.3882 54.4000 1.4489
        vertex -0.1958 52.3000 1.4871
        vertex -0.1958 54.4000 1.4871
    endloop
endfacet
facet normal 0.0956 136.0000 -0.4811
    outer loop
        vertex -0.1958 52.3000 1.4871
        vertex -0.3882 54.4000 1.4489
        vertex -0.3882 52.3000 1.4489
    endloop
endfacet
facet normal 0.1575 136.0000 -0.4646
    outer loop
        vertex -0.5741 54.4000 1.3859
        vertex -0.3882 52.3000 1.4489
        vertex -0.3882 54.4000 1.4489
    endloop
endfacet
facet normal 0.1575 136.0000 -0.4646
    outer loop
        vertex -0.3882 52.3000 1.4489
        vertex -0.5741 54.4000 1.3859
        vertex -0.5741 52.3000 1.3859
    endloop
endfacet
facet normal 0.2171 136.0000 -0.4399
    outer loop
        vertex -0.7500 54.4000 1.2990
        vertex -0.5741 52.3000 1.3859
        vertex -0.5741 54.4000 1.3859
    endloop
endfacet
facet normal 0.2171 136.0000 -0.4399
    outer loop
        vertex -0.5741 52.3000 1.3859
        vertex -0.7500 54.4000 1.2990
        vertex -0.7500 52.3000 1.2990
    endloop
endfacet
facet normal 0.2722 136.0000 -0.4080
    outer loop
        vertex -0.9132 54.4000 1.1901
        vertex -0.7500 52.3000 1.2990
        vertex -0.7500 54.4000 1.2990
    endloop
endfacet
facet normal 0.2722 136.0000 -0.4080
    outer loop
        vertex -0.7500 52.3000 1.2990
        vertex -0.9132 54.4000 1.1901
        vertex -0.9132 52.3000 1.1901
    endloop
endfacet
facet normal 0.3236 136.0000 -0.3686
    outer loop
        vertex -1.0606 54.4000 1.0606
        vertex -0.9132 52.3000 1.1901
        vertex -0.9132 54.4000 1.1901
    endloop
endfacet
facet normal 0.3236 136.0000 -0.3686
    outer loop
        vertex -0.9132 52.3000 1.1901
        vertex -1.0606 54.4000 1.0606
        vertex -1.0606 52.3000 1.0606
    endloop
endfacet
facet normal 0.3686 136.0000 -0.3236
    outer loop
        vertex -1.1901 54.4000 0.9132
        vertex -1.0606 52.3000 1.0606
        vertex -1.0606 54.4000 1.0606
    endloop
endfacet
facet normal 0.3686 136.0000 -0.3236
    outer loop
        vertex -1.0606 52.3000 1.0606
        vertex -1.1901 54.4000 0.9132
        vertex -1.1901 52.3000 0.9132
    endloop
endfacet
facet normal 0.4080 136.0000 -0.2722
    outer loop
        vertex -1.2990 54.4000 0.7500
        vertex -1.1901 52.3000 0.9132
        vertex -1.1901 54.4000 0.9132
    endloop
endfacet
facet normal 0.4080 136.0000 -0.2722
    outer loop
        vertex -1.1901 52.3000 0.9132
        vertex -1.2990 54.4000 0.7500
        vertex -1.2990 52.3000 0.7500
    endloop
endfacet
facet normal 0.4399 136.0000 -0.2171
    outer loop
        vertex -1.3859 54.4000 0.5741
        vertex -1.2990 52.3000 0.7500
        vertex -1.2990 54.4000 0.7500
    endloop
endfacet
facet normal 0.4399 136.0000 -0.2171
    outer loop
        vertex -1.2990 52.3000 0.7500
        vertex -1.3859 54.4000 0.5741
        vertex -1.3859 52.3000 0.5741
    endloop
endfacet
facet normal 0.4646 136.0000 -0.1575
    outer loop
        vertex -1.4489 54.4000 0.3882
        vertex -1.3859 52.3000 0.5741
        vertex -1.3859 54.4000 0.5741
    endloop
endfacet
facet normal 0.4646 136.0000 -0.1575
    outer loop
        vertex -1.3859 52.3000 0.5741
        vertex -1.4489 54.4000 0.3882
        vertex -1.4489 52.3000 0.3882
    endloop
endfacet
facet normal 0.4811 136.0000 -0.0956
    outer loop
        vertex -1.4871 54.4000 0.1958
        vertex -1.4489 52.3000 0.3882
        vertex -1.4489 54.4000 0.3882
    endloop
endfacet
facet normal 0.4811 136.0000 -0.0956
    outer loop
        vertex -1.4489 52.3000 0.3882
        vertex -1.4871 54.4000 0.1958
        vertex -1.4871 52.3000 0.1958
    endloop
endfacet
facet normal 0.4894 136.0000 -0.0323
    outer loop
        vertex -1.5000 54.4000 0.0000
        vertex -1.4871 52.3000 0.1958
        vertex -1.4871 54.4000 0.1958
    endloop
endfacet
facet normal 0.4894 136.0000 -0.0323
    outer loop
        vertex -1.4871 52.3000 0.1958
        vertex -1.5000 54.4000 0.0000
        vertex -1.5000 52.3000 0.0000
    endloop
endfacet
facet normal 0.4894 136.0000 0.0323
    outer loop
        vertex -1.4871 54.4000 -0.1958
        vertex -1.5000 52.3000 0.0000
        vertex -1.5000 54.4000 0.0000
    endloop
endfacet
facet normal 0.4894 136.0000 0.0323
    outer loop
        vertex -1.5000 52.3000 0.0000
        vertex -1.4871 54.4000 -0.1958
        vertex -1.4871 52.3000 -0.1958
    endloop
endfacet
facet normal 0.4811 136.0000 0.0956
    outer loop
        vertex -1.4489 54.4000 -0.3882
        vertex -1.4871 52.3000 -0.1958
        vertex -1.4871 54.4000 -0.1958
    endloop
endfacet
facet normal 0.4811 136.0000 0.0956
    outer loop
        vertex -1.4871 52.3000 -0.1958
        vertex -1.4489 54.4000 -0.3882
        vertex -1.4489 52.3000 -0.3882
    endloop
endfacet
facet normal 0.4646 136.0000 0.1575
    outer loop
        vertex -1.3859 54.4000 -0.5741
        vertex -1.4489 52.3000 -0.3882
        vertex -1.4489 54.4000 -0.3882
    endloop
endfacet
facet normal 0.4646 136.0000 0.1575
    outer loop
        vertex -1.4489 52.3000 -0.3882
        vertex -1.3859 54.4000 -0.5741
        vertex -1.3859 52.3000 -0.5741
    endloop
endfacet
facet normal 0.4399 136.0000 0.2171
    outer loop
        vertex -1.2990 54.4000 -0.7500
        vertex -1.3859 52.3000 -0.5741
        vertex -1.3859 54.4000 -0.5741
    endloop
endfacet
facet normal 0.4399 136.0000 0.2171
    outer loop
        vertex -1.3859 52.3000 -0.5741
        vertex -1.2990 54.4000 -0.7500
        vertex -1.2990 52.3000 -0.7500
    endloop
endfacet
facet normal 0.4080 136.0000 0.2722
    outer loop
        vertex -1.1901 54.4000 -0.9132
        vertex -1.2990 52.3000 -0.7500
        vertex -1.2990 54.4000 -0.7500
    endloop
endfacet
facet normal 0.4080 136.0000 0.2722
    outer loop
        vertex -1.2990 52.3000 -0.7500
        vertex -1.1901 54.4000 -0.9132
        vertex -1.1901 52.3000 -0.9132
    endloop
endfacet
facet normal 0.3686 136.0000 0.3236
    outer loop
        vertex -1.0606 54.4000 -1.0606
        vertex -1.1901 52.3000 -0.9132
        vertex -1.1901 54.4000 -0.9132
    endloop
endfacet
facet normal 0.3686 136.0000 0.3236
    outer loop
        vertex -1.1901 52.3000 -0.9132
        vertex -1.0606 54.4000 -1.0606
        vertex -1.0606 52.3000 -1.0606
    endloop
endfacet
facet normal 0.3236 136.0000 0.3686
    outer loop
        vertex -0.9132 54.4000 -1.1901
        vertex -1.0606 52.3000 -1.0606
        vertex -1.0606 54.4000 -1.0606
    endloop
endfacet
facet normal 0.3236 136.0000 0.3686
    outer loop
        vertex -1.0606 52.3000 -1.0606
        vertex -0.9132 54.4000 -1.1901
        vertex -0.9132 52.3000 -1.1901
    endloop
endfacet
facet normal 0.2722 136.0000 0.4080
    outer loop
        vertex -0.7500 54.4000 -1.2990
        vertex -0.9132 52.3000 -1.1901
        vertex -0.9132 54.4000 -1.1901
    endloop
endfacet
facet normal 0.2722 136.0000 0.4080
    outer loop
        vertex -0.9132 52.3000 -1.1901
        vertex -0.7500 54.4000 -1.2990
        vertex -0.7500 52.3000 -1.2990
    endloop
endfacet
facet normal 0.2171 136.0000 0.4399
    outer loop
        vertex -0.5741 54.4000 -1.3859
        vertex -0.7500 52.3000 -1.2990
        vertex -0.7500 54.4000 -1.2990
    endloop
endfacet
facet normal 0.2171 136.0000 0.4399
    outer loop
        vertex -0.7500 52.3000 -1.2990
        vertex -0.5741 54.4000 -1.3859
        vertex -0.5741 52.3000 -1.3859
    endloop
endfacet
facet normal 0.1575 136.0000 0.4646
    outer loop
        vertex -0.3882 54.4000 -1.4489
        vertex -0.5741 52.3000 -1.3859
        vertex -0.5741 54.4000 -1.3859
    endloop
endfacet
facet normal 0.1575 136.0000 0.4646
    outer loop
        vertex -0.5741 52.3000 -1.3859
        vertex -0.3882 54.4000 -1.4489
        vertex -0.3882 52.3000 -1.4489
    endloop
endfacet
facet normal 0.0956 136.0000 0.4811
    outer loop
        vertex -0.1958 54.4000 -1.4871
        vertex -0.3882 52.3000 -1.4489
        vertex -0.3882 54.4000 -1.4489
    endloop
endfacet
facet normal 0.0956 136.0000 0.4811
    outer loop
        vertex -0.3882 52.3000 -1.4489
        vertex -0.1958 54.4000 -1.4871
        vertex -0.1958 52.3000 -1.4871
    endloop
endfacet
facet normal 0.0323 136.0000 0.4894
    outer loop
        vertex 0.0000 54.4000 -1.5000
        vertex -0.1958 52.3000 -1.4871
        vertex -0.1958 54.4000 -1.4871
    endloop
endfacet
facet normal 0.0323 136.0000 0.4894
    outer loop
        vertex -0.1958 52.3000 -1.4871
        vertex 0.0000 54.4000 -1.5000
        vertex 0.0000 52.3000 -1.5000
    endloop
endfacet
facet normal -11.2500 134.7500 -2.8750
    outer loop
        vertex 3.0000 54.4000 -1.5000
        vertex 3.0000 53.4000 -0.8000
        vertex 3.0000 53.4000 -1.5000
    endloop
endfacet
facet normal -11.2500 134.7500 -2.8750
    outer loop
        vertex 3.0000 53.4000 -0.8000
        vertex 3.0000 54.4000 -1.5000
        vertex 3.0000 54.4000 -0.8000
    endloop
endfacet
facet normal 3.7500 134.7500 0.6250
    outer loop
        vertex 0.0000 53.4000 -1.5000
        vertex 3.0000 54.4000 -1.5000
        vertex 3.0000 53.4000 -1.5000
    endloop
endfacet
facet normal 3.7500 134.7500 0.6250
    outer loop
        vertex 3.0000 54.4000 -1.5000
        vertex 0.0000 53.4000 -1.5000
        vertex 0.0000 54.4000 -1.5000
    endloop
endfacet
facet normal -11.2500 134.7500 2.8750
    outer loop
        vertex 3.0000 54.4000 1.5000
        vertex 3.0000 53.4000 0.8000
        vertex 3.0000 53.4000 1.5000
    endloop
endfacet
facet normal -11.2500 134.7500 2.8750
    outer loop
        vertex 3.0000 53.4000 0.8000
        vertex 3.0000 54.4000 1.5000
        vertex 3.0000 54.4000 0.8000
    endloop
endfacet
facet normal 3.7500 134.7500 -0.6250
    outer loop
        vertex 0.0000 53.4000 1.5000
        vertex 3.0000 54.4000 1.5000
        vertex 3.0000 53.4000 1.5000
    endloop
endfacet
facet normal 3.7500 134.7500 -0.6250
    outer loop
        vertex 3.0000 54.4000 1.5000
        vertex 0.0000 53.4000 1.5000
        vertex 0.0000 54.4000 1.5000
    endloop
endfacet
facet normal 0.0000 135.6085 0.0000
    outer loop
        vertex 0.0000 54.4000 1.2000
        vertex -0.1044 54.4000 0.7931
        vertex -0.1566 54.4000 1.1897
    endloop
endfacet
facet normal 0.0000 135.7390 0.0000
    outer loop
        vertex -0.1044 54.4000 0.7931
        vertex 0.0000 54.4000 1.2000
        vertex 0.0000 54.4000 0.8000
    endloop
endfacet
facet normal 0.0000 135.6084 0.0000
    outer loop
        vertex -0.1566 54.4000 1.1897
        vertex -0.2070 54.4000 0.7727
        vertex -0.3106 54.4000 1.1591
    endloop
endfacet
facet normal 0.0000 135.7390 0.0000
    outer loop
        vertex -0.2070 54.4000 0.7727
        vertex -0.1566 54.4000 1.1897
        vertex -0.1044 54.4000 0.7931
    endloop
endfacet
facet normal 0.0000 135.6084 0.0000
    outer loop
        vertex -0.3106 54.4000 1.1591
        vertex -0.3062 54.4000 0.7391
        vertex -0.4592 54.4000 1.1087
    endloop
endfacet
facet normal 0.0000 135.7389 0.0000
    outer loop
        vertex -0.3062 54.4000 0.7391
        vertex -0.3106 54.4000 1.1591
        vertex -0.2070 54.4000 0.7727
    endloop
endfacet
facet normal 0.0000 135.6084 0.0000
    outer loop
        vertex -0.4592 54.4000 1.1087
        vertex -0.4000 54.4000 0.6928
        vertex -0.6000 54.4000 1.0392
    endloop
endfacet
facet normal 0.0000 135.7389 0.0000
    outer loop
        vertex -0.4000 54.4000 0.6928
        vertex -0.4592 54.4000 1.1087
        vertex -0.3062 54.4000 0.7391
    endloop
endfacet
facet normal 0.0000 135.6084 0.0000
    outer loop
        vertex -0.6000 54.4000 1.0392
        vertex -0.4870 54.4000 0.6347
        vertex -0.7306 54.4000 0.9521
    endloop
endfacet
facet normal 0.0000 135.7390 0.0000
    outer loop
        vertex -0.4870 54.4000 0.6347
        vertex -0.6000 54.4000 1.0392
        vertex -0.4000 54.4000 0.6928
    endloop
endfacet
facet normal 0.0000 135.6084 0.0000
    outer loop
        vertex -0.7306 54.4000 0.9521
        vertex -0.5657 54.4000 0.5657
        vertex -0.8485 54.4000 0.8485
    endloop
endfacet
facet normal 0.0000 135.7389 0.0000
    outer loop
        vertex -0.5657 54.4000 0.5657
        vertex -0.7306 54.4000 0.9521
        vertex -0.4870 54.4000 0.6347
    endloop
endfacet
facet normal 0.0000 135.6084 0.0000
    outer loop
        vertex -0.8485 54.4000 0.8485
        vertex -0.6347 54.4000 0.4870
        vertex -0.9521 54.4000 0.7306
    endloop
endfacet
facet normal 0.0000 135.7389 0.0000
    outer loop
        vertex -0.6347 54.4000 0.4870
        vertex -0.8485 54.4000 0.8485
        vertex -0.5657 54.4000 0.5657
    endloop
endfacet
facet normal 0.0000 135.6084 0.0000
    outer loop
        vertex -0.9521 54.4000 0.7306
        vertex -0.6928 54.4000 0.4000
        vertex -1.0392 54.4000 0.6000
    endloop
endfacet
facet normal 0.0000 135.7390 0.0000
    outer loop
        vertex -0.6928 54.4000 0.4000
        vertex -0.9521 54.4000 0.7306
        vertex -0.6347 54.4000 0.4870
    endloop
endfacet
facet normal 0.0000 135.6084 0.0000
    outer loop
        vertex -1.0392 54.4000 0.6000
        vertex -0.7391 54.4000 0.3062
        vertex -1.1087 54.4000 0.4592
    endloop
endfacet
facet normal 0.0000 135.7389 0.0000
    outer loop
        vertex -0.7391 54.4000 0.3062
        vertex -1.0392 54.4000 0.6000
        vertex -0.6928 54.4000 0.4000
    endloop
endfacet
facet normal 0.0000 135.6084 0.0000
    outer loop
        vertex -1.1087 54.4000 0.4592
        vertex -0.7727 54.4000 0.2070
        vertex -1.1591 54.4000 0.3106
    endloop
endfacet
facet normal 0.0000 135.7389 0.0000
    outer loop
        vertex -0.7727 54.4000 0.2070
        vertex -1.1087 54.4000 0.4592
        vertex -0.7391 54.4000 0.3062
    endloop
endfacet
facet normal 0.0000 135.6084 0.0000
    outer loop
        vertex -1.1591 54.4000 0.3106
        vertex -0.7931 54.4000 0.1044
        vertex -1.1897 54.4000 0.1566
    endloop
endfacet
facet normal 0.0000 135.7390 0.0000
    outer loop
        vertex -0.7931 54.4000 0.1044
        vertex -1.1591 54.4000 0.3106
        vertex -0.7727 54.4000 0.2070
    endloop
endfacet
facet normal 0.0000 135.6085 0.0000
    outer loop
        vertex -1.1897 54.4000 0.1566
        vertex -0.8000 54.4000 0.0000
        vertex -1.2000 54.4000 0.0000
    endloop
endfacet
facet normal 0.0000 135.7390 0.0000
    outer loop
        vertex -0.8000 54.4000 0.0000
        vertex -1.1897 54.4000 0.1566
        vertex -0.7931 54.4000 0.1044
    endloop
endfacet
facet normal 0.0000 135.6085 0.0000
    outer loop
        vertex -1.2000 54.4000 0.0000
        vertex -0.7931 54.4000 -0.1044
        vertex -1.1897 54.4000 -0.1566
    endloop
endfacet
facet normal 0.0000 135.7390 0.0000
    outer loop
        vertex -0.7931 54.4000 -0.1044
        vertex -1.2000 54.4000 0.0000
        vertex -0.8000 54.4000 0.0000
    endloop
endfacet
facet normal 0.0000 135.6084 0.0000
    outer loop
        vertex -1.1897 54.4000 -0.1566
        vertex -0.7727 54.4000 -0.2070
        vertex -1.1591 54.4000 -0.3106
    endloop
endfacet
facet normal 0.0000 135.7390 0.0000
    outer loop
        vertex -0.7727 54.4000 -0.2070
        vertex -1.1897 54.4000 -0.1566
        vertex -0.7931 54.4000 -0.1044
    endloop
endfacet
facet normal 0.0000 135.6084 0.0000
    outer loop
        vertex -1.1591 54.4000 -0.3106
        vertex -0.7391 54.4000 -0.3062
        vertex -1.1087 54.4000 -0.4592
    endloop
endfacet
facet normal 0.0000 135.7389 0.0000
    outer loop
        vertex -0.7391 54.4000 -0.3062
        vertex -1.1591 54.4000 -0.3106
        vertex -0.7727 54.4000 -0.2070
    endloop
endfacet
facet normal 0.0000 135.6084 0.0000
    outer loop
        vertex -1.1087 54.4000 -0.4592
        vertex -0.6928 54.4000 -0.4000
        vertex -1.0392 54.4000 -0.6000
    endloop
endfacet
facet normal 0.0000 135.7389 0.0000
    outer loop
        vertex -0.6928 54.4000 -0.4000
        vertex -1.1087 54.4000 -0.4592
        vertex -0.7391 54.4000 -0.3062
    endloop
endfacet
facet normal 0.0000 135.6084 0.0000
    outer loop
        vertex -1.0392 54.4000 -0.6000
        vertex -0.6347 54.4000 -0.4870
        vertex -0.9521 54.4000 -0.7306
    endloop
endfacet
facet normal 0.0000 135.7390 0.0000
    outer loop
        vertex -0.6347 54.4000 -0.4870
        vertex -1.0392 54.4000 -0.6000
        vertex -0.6928 54.4000 -0.4000
    endloop
endfacet
facet normal 0.0000 135.6084 0.0000
    outer loop
        vertex -0.9521 54.4000 -0.7306
        vertex -0.5657 54.4000 -0.5657
        vertex -0.8485 54.4000 -0.8485
    endloop
endfacet
facet normal 0.0000 135.7389 0.0000
    outer loop
        vertex -0.5657 54.4000 -0.5657
        vertex -0.9521 54.4000 -0.7306
        vertex -0.6347 54.4000 -0.4870
    endloop
endfacet
facet normal 0.0000 135.6084 0.0000
    outer loop
        vertex -0.8485 54.4000 -0.8485
        vertex -0.4870 54.4000 -0.6347
        vertex -0.7306 54.4000 -0.9521
    endloop
endfacet
facet normal 0.0000 135.7389 0.0000
    outer loop
        vertex -0.4870 54.4000 -0.6347
        vertex -0.8485 54.4000 -0.8485
        vertex -0.5657 54.4000 -0.5657
    endloop
endfacet
facet normal 0.0000 135.6084 0.0000
    outer loop
        vertex -0.7306 54.4000 -0.9521
        vertex -0.4000 54.4000 -0.6928
        vertex -0.6000 54.4000 -1.0392
    endloop
endfacet
facet normal 0.0000 135.7390 0.0000
    outer loop
        vertex -0.4000 54.4000 -0.6928
        vertex -0.7306 54.4000 -0.9521
        vertex -0.4870 54.4000 -0.6347
    endloop
endfacet
facet normal 0.0000 135.6084 0.0000
    outer loop
        vertex -0.6000 54.4000 -1.0392
        vertex -0.3062 54.4000 -0.7391
        vertex -0.4592 54.4000 -1.1087
    endloop
endfacet
facet normal 0.0000 135.7389 0.0000
    outer loop
        vertex -0.3062 54.4000 -0.7391
        vertex -0.6000 54.4000 -1.0392
        vertex -0.4000 54.4000 -0.6928
    endloop
endfacet
facet normal 0.0000 135.6084 0.0000
    outer loop
        vertex -0.4592 54.4000 -1.1087
        vertex -0.2070 54.4000 -0.7727
        vertex -0.3106 54.4000 -1.1591
    endloop
endfacet
facet normal 0.0000 135.7389 0.0000
    outer loop
        vertex -0.2070 54.4000 -0.7727
        vertex -0.4592 54.4000 -1.1087
        vertex -0.3062 54.4000 -0.7391
    endloop
endfacet
facet normal 0.0000 135.6084 0.0000
    outer loop
        vertex -0.3106 54.4000 -1.1591
        vertex -0.1044 54.4000 -0.7931
        vertex -0.1566 54.4000 -1.1897
    endloop
endfacet
facet normal 0.0000 135.7390 0.0000
    outer loop
        vertex -0.1044 54.4000 -0.7931
        vertex -0.3106 54.4000 -1.1591
        vertex -0.2070 54.4000 -0.7727
    endloop
endfacet
facet normal 0.0000 135.6085 0.0000
    outer loop
        vertex -0.1566 54.4000 -1.1897
        vertex 0.0000 54.4000 -0.8000
        vertex 0.0000 54.4000 -1.2000
    endloop
endfacet
facet normal 0.0000 135.7390 0.0000
    outer loop
        vertex 0.0000 54.4000 -0.8000
        vertex -0.1566 54.4000 -1.1897
        vertex -0.1044 54.4000 -0.7931
    endloop
endfacet
facet normal 0.0000 135.3475 0.0000
    outer loop
        vertex 0.0000 54.4000 1.5000
        vertex -0.1566 54.4000 1.1897
        vertex -0.1958 54.4000 1.4871
    endloop
endfacet
facet normal 0.0000 135.4780 0.0000
    outer loop
        vertex -0.1566 54.4000 1.1897
        vertex 0.0000 54.4000 1.5000
        vertex 0.0000 54.4000 1.2000
    endloop
endfacet
facet normal 0.0000 135.3474 0.0000
    outer loop
        vertex -0.1958 54.4000 1.4871
        vertex -0.3106 54.4000 1.1591
        vertex -0.3882 54.4000 1.4489
    endloop
endfacet
facet normal 0.0000 135.4779 0.0000
    outer loop
        vertex -0.3106 54.4000 1.1591
        vertex -0.1958 54.4000 1.4871
        vertex -0.1566 54.4000 1.1897
    endloop
endfacet
facet normal 0.0000 135.3473 0.0000
    outer loop
        vertex -0.3882 54.4000 1.4489
        vertex -0.4592 54.4000 1.1087
        vertex -0.5741 54.4000 1.3859
    endloop
endfacet
facet normal 0.0000 135.4778 0.0000
    outer loop
        vertex -0.4592 54.4000 1.1087
        vertex -0.3882 54.4000 1.4489
        vertex -0.3106 54.4000 1.1591
    endloop
endfacet
facet normal 0.0000 135.3473 0.0000
    outer loop
        vertex -0.5741 54.4000 1.3859
        vertex -0.6000 54.4000 1.0392
        vertex -0.7500 54.4000 1.2990
    endloop
endfacet
facet normal 0.0000 135.4779 0.0000
    outer loop
        vertex -0.6000 54.4000 1.0392
        vertex -0.5741 54.4000 1.3859
        vertex -0.4592 54.4000 1.1087
    endloop
endfacet
facet normal 0.0000 135.3474 0.0000
    outer loop
        vertex -0.7500 54.4000 1.2990
        vertex -0.7306 54.4000 0.9521
        vertex -0.9132 54.4000 1.1901
    endloop
endfacet
facet normal 0.0000 135.4779 0.0000
    outer loop
        vertex -0.7306 54.4000 0.9521
        vertex -0.7500 54.4000 1.2990
        vertex -0.6000 54.4000 1.0392
    endloop
endfacet
facet normal 0.0000 135.3473 0.0000
    outer loop
        vertex -0.9132 54.4000 1.1901
        vertex -0.8485 54.4000 0.8485
        vertex -1.0607 54.4000 1.0607
    endloop
endfacet
facet normal 0.0000 135.4779 0.0000
    outer loop
        vertex -0.8485 54.4000 0.8485
        vertex -0.9132 54.4000 1.1901
        vertex -0.7306 54.4000 0.9521
    endloop
endfacet
facet normal 0.0000 135.3473 0.0000
    outer loop
        vertex -1.0607 54.4000 1.0607
        vertex -0.9521 54.4000 0.7306
        vertex -1.1901 54.4000 0.9132
    endloop
endfacet
facet normal 0.0000 135.4779 0.0000
    outer loop
        vertex -0.9521 54.4000 0.7306
        vertex -1.0607 54.4000 1.0607
        vertex -0.8485 54.4000 0.8485
    endloop
endfacet
facet normal 0.0000 135.3474 0.0000
    outer loop
        vertex -1.1901 54.4000 0.9132
        vertex -1.0392 54.4000 0.6000
        vertex -1.2990 54.4000 0.7500
    endloop
endfacet
facet normal 0.0000 135.4779 0.0000
    outer loop
        vertex -1.0392 54.4000 0.6000
        vertex -1.1901 54.4000 0.9132
        vertex -0.9521 54.4000 0.7306
    endloop
endfacet
facet normal 0.0000 135.3473 0.0000
    outer loop
        vertex -1.2990 54.4000 0.7500
        vertex -1.1087 54.4000 0.4592
        vertex -1.3859 54.4000 0.5741
    endloop
endfacet
facet normal 0.0000 135.4779 0.0000
    outer loop
        vertex -1.1087 54.4000 0.4592
        vertex -1.2990 54.4000 0.7500
        vertex -1.0392 54.4000 0.6000
    endloop
endfacet
facet normal 0.0000 135.3473 0.0000
    outer loop
        vertex -1.3859 54.4000 0.5741
        vertex -1.1591 54.4000 0.3106
        vertex -1.4489 54.4000 0.3882
    endloop
endfacet
facet normal 0.0000 135.4778 0.0000
    outer loop
        vertex -1.1591 54.4000 0.3106
        vertex -1.3859 54.4000 0.5741
        vertex -1.1087 54.4000 0.4592
    endloop
endfacet
facet normal 0.0000 135.3474 0.0000
    outer loop
        vertex -1.4489 54.4000 0.3882
        vertex -1.1897 54.4000 0.1566
        vertex -1.4871 54.4000 0.1958
    endloop
endfacet
facet normal 0.0000 135.4779 0.0000
    outer loop
        vertex -1.1897 54.4000 0.1566
        vertex -1.4489 54.4000 0.3882
        vertex -1.1591 54.4000 0.3106
    endloop
endfacet
facet normal 0.0000 135.3475 0.0000
    outer loop
        vertex -1.4871 54.4000 0.1958
        vertex -1.2000 54.4000 0.0000
        vertex -1.5000 54.4000 0.0000
    endloop
endfacet
facet normal 0.0000 135.4780 0.0000
    outer loop
        vertex -1.2000 54.4000 0.0000
        vertex -1.4871 54.4000 0.1958
        vertex -1.1897 54.4000 0.1566
    endloop
endfacet
facet normal 0.0000 135.3475 0.0000
    outer loop
        vertex -1.5000 54.4000 0.0000
        vertex -1.1897 54.4000 -0.1566
        vertex -1.4871 54.4000 -0.1958
    endloop
endfacet
facet normal 0.0000 135.4780 0.0000
    outer loop
        vertex -1.1897 54.4000 -0.1566
        vertex -1.5000 54.4000 0.0000
        vertex -1.2000 54.4000 0.0000
    endloop
endfacet
facet normal 0.0000 135.3474 0.0000
    outer loop
        vertex -1.4871 54.4000 -0.1958
        vertex -1.1591 54.4000 -0.3106
        vertex -1.4489 54.4000 -0.3882
    endloop
endfacet
facet normal 0.0000 135.4779 0.0000
    outer loop
        vertex -1.1591 54.4000 -0.3106
        vertex -1.4871 54.4000 -0.1958
        vertex -1.1897 54.4000 -0.1566
    endloop
endfacet
facet normal 0.0000 135.3473 0.0000
    outer loop
        vertex -1.4489 54.4000 -0.3882
        vertex -1.1087 54.4000 -0.4592
        vertex -1.3859 54.4000 -0.5741
    endloop
endfacet
facet normal 0.0000 135.4778 0.0000
    outer loop
        vertex -1.1087 54.4000 -0.4592
        vertex -1.4489 54.4000 -0.3882
        vertex -1.1591 54.4000 -0.3106
    endloop
endfacet
facet normal 0.0000 135.3473 0.0000
    outer loop
        vertex -1.3859 54.4000 -0.5741
        vertex -1.0392 54.4000 -0.6000
        vertex -1.2990 54.4000 -0.7500
    endloop
endfacet
facet normal 0.0000 135.4779 0.0000
    outer loop
        vertex -1.0392 54.4000 -0.6000
        vertex -1.3859 54.4000 -0.5741
        vertex -1.1087 54.4000 -0.4592
    endloop
endfacet
facet normal 0.0000 135.3474 0.0000
    outer loop
        vertex -1.2990 54.4000 -0.7500
        vertex -0.9521 54.4000 -0.7306
        vertex -1.1901 54.4000 -0.9132
    endloop
endfacet
facet normal 0.0000 135.4779 0.0000
    outer loop
        vertex -0.9521 54.4000 -0.7306
        vertex -1.2990 54.4000 -0.7500
        vertex -1.0392 54.4000 -0.6000
    endloop
endfacet
facet normal 0.0000 135.3473 0.0000
    outer loop
        vertex -1.1901 54.4000 -0.9132
        vertex -0.8485 54.4000 -0.8485
        vertex -1.0607 54.4000 -1.0607
    endloop
endfacet
facet normal 0.0000 135.4779 0.0000
    outer loop
        vertex -0.8485 54.4000 -0.8485
        vertex -1.1901 54.4000 -0.9132
        vertex -0.9521 54.4000 -0.7306
    endloop
endfacet
facet normal 0.0000 135.3473 0.0000
    outer loop
        vertex -1.0607 54.4000 -1.0607
        vertex -0.7306 54.4000 -0.9521
        vertex -0.9132 54.4000 -1.1901
    endloop
endfacet
facet normal 0.0000 135.4779 0.0000
    outer loop
        vertex -0.7306 54.4000 -0.9521
        vertex -1.0607 54.4000 -1.0607
        vertex -0.8485 54.4000 -0.8485
    endloop
endfacet
facet normal 0.0000 135.3474 0.0000
    outer loop
        vertex -0.9132 54.4000 -1.1901
        vertex -0.6000 54.4000 -1.0392
        vertex -0.7500 54.4000 -1.2990
    endloop
endfacet
facet normal 0.0000 135.4779 0.0000
    outer loop
        vertex -0.6000 54.4000 -1.0392
        vertex -0.9132 54.4000 -1.1901
        vertex -0.7306 54.4000 -0.9521
    endloop
endfacet
facet normal 0.0000 135.3473 0.0000
    outer loop
        vertex -0.7500 54.4000 -1.2990
        vertex -0.4592 54.4000 -1.1087
        vertex -0.5741 54.4000 -1.3859
    endloop
endfacet
facet normal 0.0000 135.4779 0.0000
    outer loop
        vertex -0.4592 54.4000 -1.1087
        vertex -0.7500 54.4000 -1.2990
        vertex -0.6000 54.4000 -1.0392
    endloop
endfacet
facet normal 0.0000 135.3473 0.0000
    outer loop
        vertex -0.5741 54.4000 -1.3859
        vertex -0.3106 54.4000 -1.1591
        vertex -0.3882 54.4000 -1.4489
    endloop
endfacet
facet normal 0.0000 135.4778 0.0000
    outer loop
        vertex -0.3106 54.4000 -1.1591
        vertex -0.5741 54.4000 -1.3859
        vertex -0.4592 54.4000 -1.1087
    endloop
endfacet
facet normal 0.0000 135.3474 0.0000
    outer loop
        vertex -0.3882 54.4000 -1.4489
        vertex -0.1566 54.4000 -1.1897
        vertex -0.1958 54.4000 -1.4871
    endloop
endfacet
facet normal 0.0000 135.4779 0.0000
    outer loop
        vertex -0.1566 54.4000 -1.1897
        vertex -0.3882 54.4000 -1.4489
        vertex -0.3106 54.4000 -1.1591
    endloop
endfacet
facet normal 0.0000 135.3475 0.0000
    outer loop
        vertex -0.1958 54.4000 -1.4871
        vertex 0.0000 54.4000 -1.2000
        vertex 0.0000 54.4000 -1.5000
    endloop
endfacet
facet normal 0.0000 135.4780 0.0000
    outer loop
        vertex 0.0000 54.4000 -1.2000
        vertex -0.1958 54.4000 -1.4871
        vertex -0.1566 54.4000 -1.1897
    endloop
endfacet
facet normal 0.0000 135.9914 0.0000
    outer loop
        vertex 0.8000 54.4000 0.8000
        vertex 0.0000 54.4000 0.8000
        vertex 0.1044 54.4000 0.7931
    endloop
endfacet
facet normal 0.0000 135.9767 0.0000
    outer loop
        vertex 0.8000 54.4000 0.8000
        vertex 0.1044 54.4000 0.7931
        vertex 0.2070 54.4000 0.7727
    endloop
endfacet
facet normal 0.0000 135.9646 0.0000
    outer loop
        vertex 0.8000 54.4000 0.8000
        vertex 0.2070 54.4000 0.7727
        vertex 0.3062 54.4000 0.7391
    endloop
endfacet
facet normal 0.0000 135.9553 0.0000
    outer loop
        vertex 0.8000 54.4000 0.8000
        vertex 0.3062 54.4000 0.7391
        vertex 0.4000 54.4000 0.6928
    endloop
endfacet
facet normal 0.0000 135.9491 0.0000
    outer loop
        vertex 0.8000 54.4000 0.8000
        vertex 0.4000 54.4000 0.6928
        vertex 0.4870 54.4000 0.6347
    endloop
endfacet
facet normal 0.0000 135.9459 0.0000
    outer loop
        vertex 0.8000 54.4000 0.8000
        vertex 0.4870 54.4000 0.6347
        vertex 0.5657 54.4000 0.5657
    endloop
endfacet
facet normal 0.0000 135.9459 0.0000
    outer loop
        vertex 0.8000 54.4000 0.8000
        vertex 0.5657 54.4000 0.5657
        vertex 0.6347 54.4000 0.4870
    endloop
endfacet
facet normal 0.0000 135.9491 0.0000
    outer loop
        vertex 0.8000 54.4000 0.8000
        vertex 0.6347 54.4000 0.4870
        vertex 0.6928 54.4000 0.4000
    endloop
endfacet
facet normal 0.0000 135.9553 0.0000
    outer loop
        vertex 0.8000 54.4000 0.8000
        vertex 0.6928 54.4000 0.4000
        vertex 0.7391 54.4000 0.3062
    endloop
endfacet
facet normal 0.0000 135.9646 0.0000
    outer loop
        vertex 0.8000 54.4000 0.8000
        vertex 0.7391 54.4000 0.3062
        vertex 0.7727 54.4000 0.2070
    endloop
endfacet
facet normal 0.0000 135.9767 0.0000
    outer loop
        vertex 0.8000 54.4000 0.8000
        vertex 0.7727 54.4000 0.2070
        vertex 0.7931 54.4000 0.1044
    endloop
endfacet
facet normal 0.0000 135.9914 0.0000
    outer loop
        vertex 0.8000 54.4000 0.8000
        vertex 0.7931 54.4000 0.1044
        vertex 0.8000 54.4000 0.0000
    endloop
endfacet
facet normal 0.0000 135.9914 0.0000
    outer loop
        vertex 0.8000 54.4000 -0.8000
        vertex 0.8000 54.4000 0.0000
        vertex 0.7931 54.4000 -0.1044
    endloop
endfacet
facet normal 0.0000 135.9767 0.0000
    outer loop
        vertex 0.8000 54.4000 -0.8000
        vertex 0.7931 54.4000 -0.1044
        vertex 0.7727 54.4000 -0.2070
    endloop
endfacet
facet normal 0.0000 135.9646 0.0000
    outer loop
        vertex 0.8000 54.4000 -0.8000
        vertex 0.7727 54.4000 -0.2070
        vertex 0.7391 54.4000 -0.3062
    endloop
endfacet
facet normal 0.0000 135.9553 0.0000
    outer loop
        vertex 0.8000 54.4000 -0.8000
        vertex 0.7391 54.4000 -0.3062
        vertex 0.6928 54.4000 -0.4000
    endloop
endfacet
facet normal 0.0000 135.9491 0.0000
    outer loop
        vertex 0.8000 54.4000 -0.8000
        vertex 0.6928 54.4000 -0.4000
        vertex 0.6347 54.4000 -0.4870
    endloop
endfacet
facet normal 0.0000 135.9459 0.0000
    outer loop
        vertex 0.8000 54.4000 -0.8000
        vertex 0.6347 54.4000 -0.4870
        vertex 0.5657 54.4000 -0.5657
    endloop
endfacet
facet normal 0.0000 135.9459 0.0000
    outer loop
        vertex 0.8000 54.4000 -0.8000
        vertex 0.5657 54.4000 -0.5657
        vertex 0.4870 54.4000 -0.6347
    endloop
endfacet
facet normal 0.0000 135.9491 0.0000
    outer loop
        vertex 0.8000 54.4000 -0.8000
        vertex 0.4870 54.4000 -0.6347
        vertex 0.4000 54.4000 -0.6928
    endloop
endfacet
facet normal 0.0000 135.9553 0.0000
    outer loop
        vertex 0.8000 54.4000 -0.8000
        vertex 0.4000 54.4000 -0.6928
        vertex 0.3062 54.4000 -0.7391
    endloop
endfacet
facet normal 0.0000 135.9646 0.0000
    outer loop
        vertex 0.8000 54.4000 -0.8000
        vertex 0.3062 54.4000 -0.7391
        vertex 0.2070 54.4000 -0.7727
    endloop
endfacet
facet normal 0.0000 135.9767 0.0000
    outer loop
        vertex 0.8000 54.4000 -0.8000
        vertex 0.2070 54.4000 -0.7727
        vertex 0.1044 54.4000 -0.7931
    endloop
endfacet
facet normal 0.0000 135.9914 0.0000
    outer loop
        vertex 0.8000 54.4000 -0.8000
        vertex 0.1044 54.4000 -0.7931
        vertex 0.0000 54.4000 -0.8000
    endloop
endfacet
facet normal 0.0000 130.3750 0.0000
    outer loop
        vertex 0.0000 54.4000 1.5000
        vertex 3.0000 54.4000 1.5000
        vertex 0.0000 54.4000 1.2000
    endloop
endfacet
facet normal 0.0000 128.5000 0.0000
    outer loop
        vertex 3.0000 54.4000 1.5000
        vertex 0.0000 54.4000 0.8000
        vertex 0.0000 54.4000 1.2000
    endloop
endfacet
facet normal 0.0000 132.5000 0.0000
    outer loop
        vertex 0.0000 54.4000 0.8000
        vertex 3.0000 54.4000 1.5000
        vertex 0.8000 54.4000 0.8000
    endloop
endfacet
facet normal 0.0000 125.0000 0.0000
    outer loop
        vertex 0.8000 54.4000 0.8000
        vertex 3.0000 54.4000 0.8000
        vertex 0.8000 54.4000 0.0000
    endloop
endfacet
facet normal 0.0000 126.3750 0.0000
    outer loop
        vertex 3.0000 54.4000 0.8000
        vertex 0.8000 54.4000 0.8000
        vertex 3.0000 54.4000 1.5000
    endloop
endfacet
facet normal 0.0000 114.0000 0.0000
    outer loop
        vertex 3.0000 54.4000 -0.8000
        vertex 0.8000 54.4000 0.0000
        vertex 3.0000 54.4000 0.8000
    endloop
endfacet
facet normal 0.0000 126.3750 0.0000
    outer loop
        vertex 3.0000 54.4000 -1.5000
        vertex 0.8000 54.4000 0.0000
        vertex 3.0000 54.4000 -0.8000
    endloop
endfacet
facet normal 0.0000 125.0000 0.0000
    outer loop
        vertex 0.8000 54.4000 0.0000
        vertex 3.0000 54.4000 -1.5000
        vertex 0.8000 54.4000 -0.8000
    endloop
endfacet
facet normal 0.0000 134.0000 0.0000
    outer loop
        vertex 0.8000 54.4000 -0.8000
        vertex 0.0000 54.4000 -1.2000
        vertex 0.0000 54.4000 -0.8000
    endloop
endfacet
facet normal 0.0000 127.0000 0.0000
    outer loop
        vertex 0.0000 54.4000 -1.2000
        vertex 0.8000 54.4000 -0.8000
        vertex 3.0000 54.4000 -1.5000
    endloop
endfacet
facet normal 0.0000 130.3750 0.0000
    outer loop
        vertex 3.0000 54.4000 -1.5000
        vertex 0.0000 54.4000 -1.5000
        vertex 0.0000 54.4000 -1.2000
    endloop
endfacet
facet normal -1.1307 132.1250 -2.3258
    outer loop
        vertex 1.2348 53.4000 -0.8000
        vertex 1.0606 52.3000 -1.0606
        vertex 1.0606 53.4000 -1.0606
    endloop
endfacet
facet normal -1.1307 132.1250 -2.3258
    outer loop
        vertex 1.0606 52.3000 -1.0606
        vertex 1.2348 53.4000 -0.8000
        vertex 1.2348 52.3000 -0.8000
    endloop
endfacet
facet normal -0.0323 130.7500 0.4894
    outer loop
        vertex 0.1958 53.4000 -1.4871
        vertex 0.0000 52.3000 -1.5000
        vertex 0.1958 52.3000 -1.4871
    endloop
endfacet
facet normal -0.0323 130.7500 0.4894
    outer loop
        vertex 0.0000 52.3000 -1.5000
        vertex 0.1958 53.4000 -1.4871
        vertex 0.0000 53.4000 -1.5000
    endloop
endfacet
facet normal -0.0956 130.7500 0.4811
    outer loop
        vertex 0.3882 53.4000 -1.4489
        vertex 0.1958 52.3000 -1.4871
        vertex 0.3882 52.3000 -1.4489
    endloop
endfacet
facet normal -0.0956 130.7500 0.4811
    outer loop
        vertex 0.1958 52.3000 -1.4871
        vertex 0.3882 53.4000 -1.4489
        vertex 0.1958 53.4000 -1.4871
    endloop
endfacet
facet normal -0.1575 130.7500 0.4646
    outer loop
        vertex 0.5741 53.4000 -1.3859
        vertex 0.3882 52.3000 -1.4489
        vertex 0.5741 52.3000 -1.3859
    endloop
endfacet
facet normal -0.1575 130.7500 0.4646
    outer loop
        vertex 0.3882 52.3000 -1.4489
        vertex 0.5741 53.4000 -1.3859
        vertex 0.3882 53.4000 -1.4489
    endloop
endfacet
facet normal -0.2171 130.7500 0.4399
    outer loop
        vertex 0.7500 53.4000 -1.2990
        vertex 0.5741 52.3000 -1.3859
        vertex 0.7500 52.3000 -1.2990
    endloop
endfacet
facet normal -0.2171 130.7500 0.4399
    outer loop
        vertex 0.5741 52.3000 -1.3859
        vertex 0.7500 53.4000 -1.2990
        vertex 0.5741 53.4000 -1.3859
    endloop
endfacet
facet normal -0.2722 130.7500 0.4080
    outer loop
        vertex 0.9132 53.4000 -1.1901
        vertex 0.7500 52.3000 -1.2990
        vertex 0.9132 52.3000 -1.1901
    endloop
endfacet
facet normal -0.2722 130.7500 0.4080
    outer loop
        vertex 0.7500 52.3000 -1.2990
        vertex 0.9132 53.4000 -1.1901
        vertex 0.7500 53.4000 -1.2990
    endloop
endfacet
facet normal -0.3236 130.7500 0.3686
    outer loop
        vertex 1.0606 53.4000 -1.0606
        vertex 0.9132 52.3000 -1.1901
        vertex 1.0606 52.3000 -1.0606
    endloop
endfacet
facet normal -0.3236 130.7500 0.3686
    outer loop
        vertex 0.9132 52.3000 -1.1901
        vertex 1.0606 53.4000 -1.0606
        vertex 0.9132 53.4000 -1.1901
    endloop
endfacet
facet normal -1.1307 132.1250 2.3258
    outer loop
        vertex 1.2348 53.4000 0.8000
        vertex 1.0606 52.3000 1.0606
        vertex 1.0606 53.4000 1.0606
    endloop
endfacet
facet normal -1.1307 132.1250 2.3258
    outer loop
        vertex 1.0606 52.3000 1.0606
        vertex 1.2348 53.4000 0.8000
        vertex 1.2348 52.3000 0.8000
    endloop
endfacet
facet normal -0.3232 130.7500 -0.3688
    outer loop
        vertex 0.9131 53.4000 1.1899
        vertex 1.0607 52.3000 1.0606
        vertex 0.9131 52.3000 1.1899
    endloop
endfacet
facet normal -0.3232 130.7500 -0.3688
    outer loop
        vertex 1.0607 52.3000 1.0606
        vertex 0.9131 53.4000 1.1899
        vertex 1.0607 53.4000 1.0606
    endloop
endfacet
facet normal -0.2726 130.7500 -0.4078
    outer loop
        vertex 0.7500 53.4000 1.2990
        vertex 0.9131 52.3000 1.1899
        vertex 0.7500 52.3000 1.2990
    endloop
endfacet
facet normal -0.2726 130.7500 -0.4078
    outer loop
        vertex 0.9131 52.3000 1.1899
        vertex 0.7500 53.4000 1.2990
        vertex 0.9131 53.4000 1.1899
    endloop
endfacet
facet normal -0.2172 130.7500 -0.4399
    outer loop
        vertex 0.5741 53.4000 1.3858
        vertex 0.7500 52.3000 1.2990
        vertex 0.5741 52.3000 1.3858
    endloop
endfacet
facet normal -0.2172 130.7500 -0.4399
    outer loop
        vertex 0.7500 52.3000 1.2990
        vertex 0.5741 53.4000 1.3858
        vertex 0.7500 53.4000 1.2990
    endloop
endfacet
facet normal -0.1575 130.7500 -0.4646
    outer loop
        vertex 0.3882 53.4000 1.4489
        vertex 0.5741 52.3000 1.3858
        vertex 0.3882 52.3000 1.4489
    endloop
endfacet
facet normal -0.1575 130.7500 -0.4646
    outer loop
        vertex 0.5741 52.3000 1.3858
        vertex 0.3882 53.4000 1.4489
        vertex 0.5741 53.4000 1.3858
    endloop
endfacet
facet normal -0.0960 130.7500 -0.4810
    outer loop
        vertex 0.1958 53.4000 1.4873
        vertex 0.3882 52.3000 1.4489
        vertex 0.1958 52.3000 1.4873
    endloop
endfacet
facet normal -0.0960 130.7500 -0.4810
    outer loop
        vertex 0.3882 52.3000 1.4489
        vertex 0.1958 53.4000 1.4873
        vertex 0.3882 53.4000 1.4489
    endloop
endfacet
facet normal -0.0318 130.7500 -0.4895
    outer loop
        vertex 0.0000 53.4000 1.5000
        vertex 0.1958 52.3000 1.4873
        vertex 0.0000 52.3000 1.5000
    endloop
endfacet
facet normal -0.0318 130.7500 -0.4895
    outer loop
        vertex 0.1958 52.3000 1.4873
        vertex 0.0000 53.4000 1.5000
        vertex 0.1958 53.4000 1.4873
    endloop
endfacet
facet normal 0.0000 133.5086 0.0000
    outer loop
        vertex 0.1958 53.4000 -1.4871
        vertex 1.5000 53.4000 -1.5000
        vertex 0.0000 53.4000 -1.5000
    endloop
endfacet
facet normal 0.0000 133.5233 0.0000
    outer loop
        vertex 0.3882 53.4000 -1.4489
        vertex 1.5000 53.4000 -1.5000
        vertex 0.1958 53.4000 -1.4871
    endloop
endfacet
facet normal 0.0000 133.5354 0.0000
    outer loop
        vertex 0.5741 53.4000 -1.3859
        vertex 1.5000 53.4000 -1.5000
        vertex 0.3882 53.4000 -1.4489
    endloop
endfacet
facet normal 0.0000 133.5447 0.0000
    outer loop
        vertex 0.7500 53.4000 -1.2990
        vertex 1.5000 53.4000 -1.5000
        vertex 0.5741 53.4000 -1.3859
    endloop
endfacet
facet normal 0.0000 133.5509 0.0000
    outer loop
        vertex 0.9132 53.4000 -1.1901
        vertex 1.5000 53.4000 -1.5000
        vertex 0.7500 53.4000 -1.2990
    endloop
endfacet
facet normal 0.0000 133.5541 0.0000
    outer loop
        vertex 1.0606 53.4000 -1.0606
        vertex 1.5000 53.4000 -1.5000
        vertex 0.9132 53.4000 -1.1901
    endloop
endfacet
facet normal 0.0000 140.1190 0.0000
    outer loop
        vertex 3.0000 53.4000 -1.5000
        vertex 1.0606 53.4000 -1.0606
        vertex 1.5000 53.4000 -1.5000
    endloop
endfacet
facet normal 0.0000 139.6376 0.0000
    outer loop
        vertex 1.0606 53.4000 -1.0606
        vertex 3.0000 53.4000 -1.5000
        vertex 1.2348 53.4000 -0.8000
    endloop
endfacet
facet normal 0.0000 143.7226 0.0000
    outer loop
        vertex 1.2348 53.4000 -0.8000
        vertex 3.0000 53.4000 -1.5000
        vertex 3.0000 53.4000 -0.8000
    endloop
endfacet
facet normal 0.0000 133.5086 0.0000
    outer loop
        vertex 0.1958 53.4000 1.4871
        vertex 1.5000 53.4000 1.5000
        vertex 0.0000 53.4000 1.5000
    endloop
endfacet
facet normal 0.0000 133.5233 0.0000
    outer loop
        vertex 0.3882 53.4000 1.4489
        vertex 1.5000 53.4000 1.5000
        vertex 0.1958 53.4000 1.4871
    endloop
endfacet
facet normal 0.0000 133.5354 0.0000
    outer loop
        vertex 0.5741 53.4000 1.3859
        vertex 1.5000 53.4000 1.5000
        vertex 0.3882 53.4000 1.4489
    endloop
endfacet
facet normal 0.0000 133.5447 0.0000
    outer loop
        vertex 0.7500 53.4000 1.2990
        vertex 1.5000 53.4000 1.5000
        vertex 0.5741 53.4000 1.3859
    endloop
endfacet
facet normal 0.0000 133.5509 0.0000
    outer loop
        vertex 0.9132 53.4000 1.1901
        vertex 1.5000 53.4000 1.5000
        vertex 0.7500 53.4000 1.2990
    endloop
endfacet
facet normal 0.0000 133.5541 0.0000
    outer loop
        vertex 1.0606 53.4000 1.0606
        vertex 1.5000 53.4000 1.5000
        vertex 0.9132 53.4000 1.1901
    endloop
endfacet
facet normal 0.0000 137.1941 0.0000
    outer loop
        vertex 1.2348 53.4000 0.8000
        vertex 1.5000 53.4000 1.5000
        vertex 1.0606 53.4000 1.0606
    endloop
endfacet
facet normal 0.0000 142.5625 0.0000
    outer loop
        vertex 1.5000 53.4000 1.5000
        vertex 1.2348 53.4000 0.8000
        vertex 3.0000 53.4000 1.5000
    endloop
endfacet
facet normal 0.0000 143.7226 0.0000
    outer loop
        vertex 3.0000 53.4000 1.5000
        vertex 1.2348 53.4000 0.8000
        vertex 3.0000 53.4000 0.8000
    endloop
endfacet
facet normal -0.1958 135.8679 -0.0129
    outer loop
        vertex 0.6000 54.5350 0.0000
        vertex 0.7931 54.4000 0.1044
        vertex 0.5948 54.5350 0.0783
    endloop
endfacet
facet normal -0.2610 135.8238 -0.0172
    outer loop
        vertex 0.7931 54.4000 0.1044
        vertex 0.6000 54.5350 0.0000
        vertex 0.8000 54.4000 0.0000
    endloop
endfacet
facet normal -0.1924 135.8678 -0.0383
    outer loop
        vertex 0.5948 54.5350 0.0783
        vertex 0.7727 54.4000 0.2070
        vertex 0.5795 54.5350 0.1553
    endloop
endfacet
facet normal -0.2566 135.8238 -0.0510
    outer loop
        vertex 0.7727 54.4000 0.2070
        vertex 0.5948 54.5350 0.0783
        vertex 0.7931 54.4000 0.1044
    endloop
endfacet
facet normal -0.1858 135.8678 -0.0630
    outer loop
        vertex 0.5795 54.5350 0.1553
        vertex 0.7391 54.4000 0.3062
        vertex 0.5543 54.5350 0.2296
    endloop
endfacet
facet normal -0.2478 135.8238 -0.0840
    outer loop
        vertex 0.7391 54.4000 0.3062
        vertex 0.5795 54.5350 0.1553
        vertex 0.7727 54.4000 0.2070
    endloop
endfacet
facet normal -0.1760 135.8678 -0.0869
    outer loop
        vertex 0.5543 54.5350 0.2296
        vertex 0.6928 54.4000 0.4000
        vertex 0.5196 54.5350 0.3000
    endloop
endfacet
facet normal -0.2346 135.8238 -0.1158
    outer loop
        vertex 0.6928 54.4000 0.4000
        vertex 0.5543 54.5350 0.2296
        vertex 0.7391 54.4000 0.3062
    endloop
endfacet
facet normal -0.1632 135.8678 -0.1089
    outer loop
        vertex 0.5196 54.5350 0.3000
        vertex 0.6347 54.4000 0.4870
        vertex 0.4760 54.5350 0.3653
    endloop
endfacet
facet normal -0.2176 135.8238 -0.1452
    outer loop
        vertex 0.6347 54.4000 0.4870
        vertex 0.5196 54.5350 0.3000
        vertex 0.6928 54.4000 0.4000
    endloop
endfacet
facet normal -0.1475 135.8678 -0.1294
    outer loop
        vertex 0.4760 54.5350 0.3653
        vertex 0.5657 54.4000 0.5657
        vertex 0.4243 54.5350 0.4243
    endloop
endfacet
facet normal -0.1966 135.8238 -0.1726
    outer loop
        vertex 0.5657 54.4000 0.5657
        vertex 0.4760 54.5350 0.3653
        vertex 0.6347 54.4000 0.4870
    endloop
endfacet
facet normal -0.1294 135.8678 -0.1475
    outer loop
        vertex 0.4243 54.5350 0.4243
        vertex 0.4870 54.4000 0.6347
        vertex 0.3653 54.5350 0.4760
    endloop
endfacet
facet normal -0.1726 135.8238 -0.1966
    outer loop
        vertex 0.4870 54.4000 0.6347
        vertex 0.4243 54.5350 0.4243
        vertex 0.5657 54.4000 0.5657
    endloop
endfacet
facet normal -0.1089 135.8678 -0.1632
    outer loop
        vertex 0.3653 54.5350 0.4760
        vertex 0.4000 54.4000 0.6928
        vertex 0.3000 54.5350 0.5196
    endloop
endfacet
facet normal -0.1452 135.8238 -0.2176
    outer loop
        vertex 0.4000 54.4000 0.6928
        vertex 0.3653 54.5350 0.4760
        vertex 0.4870 54.4000 0.6347
    endloop
endfacet
facet normal -0.0869 135.8678 -0.1760
    outer loop
        vertex 0.3000 54.5350 0.5196
        vertex 0.3062 54.4000 0.7391
        vertex 0.2296 54.5350 0.5543
    endloop
endfacet
facet normal -0.1158 135.8238 -0.2346
    outer loop
        vertex 0.3062 54.4000 0.7391
        vertex 0.3000 54.5350 0.5196
        vertex 0.4000 54.4000 0.6928
    endloop
endfacet
facet normal -0.0630 135.8678 -0.1858
    outer loop
        vertex 0.2296 54.5350 0.5543
        vertex 0.2070 54.4000 0.7727
        vertex 0.1553 54.5350 0.5795
    endloop
endfacet
facet normal -0.0840 135.8238 -0.2478
    outer loop
        vertex 0.2070 54.4000 0.7727
        vertex 0.2296 54.5350 0.5543
        vertex 0.3062 54.4000 0.7391
    endloop
endfacet
facet normal -0.0383 135.8678 -0.1924
    outer loop
        vertex 0.1553 54.5350 0.5795
        vertex 0.1044 54.4000 0.7931
        vertex 0.0783 54.5350 0.5948
    endloop
endfacet
facet normal -0.0510 135.8238 -0.2566
    outer loop
        vertex 0.1044 54.4000 0.7931
        vertex 0.1553 54.5350 0.5795
        vertex 0.2070 54.4000 0.7727
    endloop
endfacet
facet normal -0.0129 135.8679 -0.1958
    outer loop
        vertex 0.0783 54.5350 0.5948
        vertex 0.0000 54.4000 0.8000
        vertex 0.0000 54.5350 0.6000
    endloop
endfacet
facet normal -0.0172 135.8238 -0.2610
    outer loop
        vertex 0.0000 54.4000 0.8000
        vertex 0.0783 54.5350 0.5948
        vertex 0.1044 54.4000 0.7931
    endloop
endfacet
facet normal 0.0129 135.8679 -0.1958
    outer loop
        vertex 0.0000 54.5350 0.6000
        vertex -0.1044 54.4000 0.7931
        vertex -0.0783 54.5350 0.5948
    endloop
endfacet
facet normal 0.0172 135.8238 -0.2610
    outer loop
        vertex -0.1044 54.4000 0.7931
        vertex 0.0000 54.5350 0.6000
        vertex 0.0000 54.4000 0.8000
    endloop
endfacet
facet normal 0.0383 135.8678 -0.1924
    outer loop
        vertex -0.0783 54.5350 0.5948
        vertex -0.2070 54.4000 0.7727
        vertex -0.1553 54.5350 0.5795
    endloop
endfacet
facet normal 0.0510 135.8238 -0.2566
    outer loop
        vertex -0.2070 54.4000 0.7727
        vertex -0.0783 54.5350 0.5948
        vertex -0.1044 54.4000 0.7931
    endloop
endfacet
facet normal 0.0630 135.8678 -0.1858
    outer loop
        vertex -0.1553 54.5350 0.5795
        vertex -0.3062 54.4000 0.7391
        vertex -0.2296 54.5350 0.5543
    endloop
endfacet
facet normal 0.0840 135.8238 -0.2478
    outer loop
        vertex -0.3062 54.4000 0.7391
        vertex -0.1553 54.5350 0.5795
        vertex -0.2070 54.4000 0.7727
    endloop
endfacet
facet normal 0.0869 135.8678 -0.1760
    outer loop
        vertex -0.2296 54.5350 0.5543
        vertex -0.4000 54.4000 0.6928
        vertex -0.3000 54.5350 0.5196
    endloop
endfacet
facet normal 0.1158 135.8238 -0.2346
    outer loop
        vertex -0.4000 54.4000 0.6928
        vertex -0.2296 54.5350 0.5543
        vertex -0.3062 54.4000 0.7391
    endloop
endfacet
facet normal 0.1089 135.8678 -0.1632
    outer loop
        vertex -0.3000 54.5350 0.5196
        vertex -0.4870 54.4000 0.6347
        vertex -0.3653 54.5350 0.4760
    endloop
endfacet
facet normal 0.1452 135.8238 -0.2176
    outer loop
        vertex -0.4870 54.4000 0.6347
        vertex -0.3000 54.5350 0.5196
        vertex -0.4000 54.4000 0.6928
    endloop
endfacet
facet normal 0.1294 135.8678 -0.1475
    outer loop
        vertex -0.3653 54.5350 0.4760
        vertex -0.5657 54.4000 0.5657
        vertex -0.4243 54.5350 0.4243
    endloop
endfacet
facet normal 0.1726 135.8238 -0.1966
    outer loop
        vertex -0.5657 54.4000 0.5657
        vertex -0.3653 54.5350 0.4760
        vertex -0.4870 54.4000 0.6347
    endloop
endfacet
facet normal 0.1475 135.8678 -0.1294
    outer loop
        vertex -0.4243 54.5350 0.4243
        vertex -0.6347 54.4000 0.4870
        vertex -0.4760 54.5350 0.3653
    endloop
endfacet
facet normal 0.1966 135.8238 -0.1726
    outer loop
        vertex -0.6347 54.4000 0.4870
        vertex -0.4243 54.5350 0.4243
        vertex -0.5657 54.4000 0.5657
    endloop
endfacet
facet normal 0.1632 135.8678 -0.1089
    outer loop
        vertex -0.4760 54.5350 0.3653
        vertex -0.6928 54.4000 0.4000
        vertex -0.5196 54.5350 0.3000
    endloop
endfacet
facet normal 0.2176 135.8238 -0.1452
    outer loop
        vertex -0.6928 54.4000 0.4000
        vertex -0.4760 54.5350 0.3653
        vertex -0.6347 54.4000 0.4870
    endloop
endfacet
facet normal 0.1760 135.8678 -0.0869
    outer loop
        vertex -0.5196 54.5350 0.3000
        vertex -0.7391 54.4000 0.3062
        vertex -0.5543 54.5350 0.2296
    endloop
endfacet
facet normal 0.2346 135.8238 -0.1158
    outer loop
        vertex -0.7391 54.4000 0.3062
        vertex -0.5196 54.5350 0.3000
        vertex -0.6928 54.4000 0.4000
    endloop
endfacet
facet normal 0.1858 135.8678 -0.0630
    outer loop
        vertex -0.5543 54.5350 0.2296
        vertex -0.7727 54.4000 0.2070
        vertex -0.5795 54.5350 0.1553
    endloop
endfacet
facet normal 0.2478 135.8238 -0.0840
    outer loop
        vertex -0.7727 54.4000 0.2070
        vertex -0.5543 54.5350 0.2296
        vertex -0.7391 54.4000 0.3062
    endloop
endfacet
facet normal 0.1924 135.8678 -0.0383
    outer loop
        vertex -0.5795 54.5350 0.1553
        vertex -0.7931 54.4000 0.1044
        vertex -0.5948 54.5350 0.0783
    endloop
endfacet
facet normal 0.2566 135.8238 -0.0510
    outer loop
        vertex -0.7931 54.4000 0.1044
        vertex -0.5795 54.5350 0.1553
        vertex -0.7727 54.4000 0.2070
    endloop
endfacet
facet normal 0.1958 135.8679 -0.0129
    outer loop
        vertex -0.5948 54.5350 0.0783
        vertex -0.8000 54.4000 0.0000
        vertex -0.6000 54.5350 0.0000
    endloop
endfacet
facet normal 0.2610 135.8238 -0.0172
    outer loop
        vertex -0.8000 54.4000 0.0000
        vertex -0.5948 54.5350 0.0783
        vertex -0.7931 54.4000 0.1044
    endloop
endfacet
facet normal 0.1958 135.8679 0.0129
    outer loop
        vertex -0.6000 54.5350 0.0000
        vertex -0.7931 54.4000 -0.1044
        vertex -0.5948 54.5350 -0.0783
    endloop
endfacet
facet normal 0.2610 135.8238 0.0172
    outer loop
        vertex -0.7931 54.4000 -0.1044
        vertex -0.6000 54.5350 0.0000
        vertex -0.8000 54.4000 0.0000
    endloop
endfacet
facet normal 0.1924 135.8678 0.0383
    outer loop
        vertex -0.5948 54.5350 -0.0783
        vertex -0.7727 54.4000 -0.2070
        vertex -0.5795 54.5350 -0.1553
    endloop
endfacet
facet normal 0.2566 135.8238 0.0510
    outer loop
        vertex -0.7727 54.4000 -0.2070
        vertex -0.5948 54.5350 -0.0783
        vertex -0.7931 54.4000 -0.1044
    endloop
endfacet
facet normal 0.1858 135.8678 0.0630
    outer loop
        vertex -0.5795 54.5350 -0.1553
        vertex -0.7391 54.4000 -0.3062
        vertex -0.5543 54.5350 -0.2296
    endloop
endfacet
facet normal 0.2478 135.8238 0.0840
    outer loop
        vertex -0.7391 54.4000 -0.3062
        vertex -0.5795 54.5350 -0.1553
        vertex -0.7727 54.4000 -0.2070
    endloop
endfacet
facet normal 0.1760 135.8678 0.0869
    outer loop
        vertex -0.5543 54.5350 -0.2296
        vertex -0.6928 54.4000 -0.4000
        vertex -0.5196 54.5350 -0.3000
    endloop
endfacet
facet normal 0.2346 135.8238 0.1158
    outer loop
        vertex -0.6928 54.4000 -0.4000
        vertex -0.5543 54.5350 -0.2296
        vertex -0.7391 54.4000 -0.3062
    endloop
endfacet
facet normal 0.1632 135.8678 0.1089
    outer loop
        vertex -0.5196 54.5350 -0.3000
        vertex -0.6347 54.4000 -0.4870
        vertex -0.4760 54.5350 -0.3653
    endloop
endfacet
facet normal 0.2176 135.8238 0.1452
    outer loop
        vertex -0.6347 54.4000 -0.4870
        vertex -0.5196 54.5350 -0.3000
        vertex -0.6928 54.4000 -0.4000
    endloop
endfacet
facet normal 0.1475 135.8678 0.1294
    outer loop
        vertex -0.4760 54.5350 -0.3653
        vertex -0.5657 54.4000 -0.5657
        vertex -0.4243 54.5350 -0.4243
    endloop
endfacet
facet normal 0.1966 135.8238 0.1726
    outer loop
        vertex -0.5657 54.4000 -0.5657
        vertex -0.4760 54.5350 -0.3653
        vertex -0.6347 54.4000 -0.4870
    endloop
endfacet
facet normal 0.1294 135.8678 0.1475
    outer loop
        vertex -0.4243 54.5350 -0.4243
        vertex -0.4870 54.4000 -0.6347
        vertex -0.3653 54.5350 -0.4760
    endloop
endfacet
facet normal 0.1726 135.8238 0.1966
    outer loop
        vertex -0.4870 54.4000 -0.6347
        vertex -0.4243 54.5350 -0.4243
        vertex -0.5657 54.4000 -0.5657
    endloop
endfacet
facet normal 0.1089 135.8678 0.1632
    outer loop
        vertex -0.3653 54.5350 -0.4760
        vertex -0.4000 54.4000 -0.6928
        vertex -0.3000 54.5350 -0.5196
    endloop
endfacet
facet normal 0.1452 135.8238 0.2176
    outer loop
        vertex -0.4000 54.4000 -0.6928
        vertex -0.3653 54.5350 -0.4760
        vertex -0.4870 54.4000 -0.6347
    endloop
endfacet
facet normal 0.0869 135.8678 0.1760
    outer loop
        vertex -0.3000 54.5350 -0.5196
        vertex -0.3062 54.4000 -0.7391
        vertex -0.2296 54.5350 -0.5543
    endloop
endfacet
facet normal 0.1158 135.8238 0.2346
    outer loop
        vertex -0.3062 54.4000 -0.7391
        vertex -0.3000 54.5350 -0.5196
        vertex -0.4000 54.4000 -0.6928
    endloop
endfacet
facet normal 0.0630 135.8678 0.1858
    outer loop
        vertex -0.2296 54.5350 -0.5543
        vertex -0.2070 54.4000 -0.7727
        vertex -0.1553 54.5350 -0.5795
    endloop
endfacet
facet normal 0.0840 135.8238 0.2478
    outer loop
        vertex -0.2070 54.4000 -0.7727
        vertex -0.2296 54.5350 -0.5543
        vertex -0.3062 54.4000 -0.7391
    endloop
endfacet
facet normal 0.0383 135.8678 0.1924
    outer loop
        vertex -0.1553 54.5350 -0.5795
        vertex -0.1044 54.4000 -0.7931
        vertex -0.0783 54.5350 -0.5948
    endloop
endfacet
facet normal 0.0510 135.8238 0.2566
    outer loop
        vertex -0.1044 54.4000 -0.7931
        vertex -0.1553 54.5350 -0.5795
        vertex -0.2070 54.4000 -0.7727
    endloop
endfacet
facet normal 0.0129 135.8679 0.1958
    outer loop
        vertex -0.0783 54.5350 -0.5948
        vertex 0.0000 54.4000 -0.8000
        vertex 0.0000 54.5350 -0.6000
    endloop
endfacet
facet normal 0.0172 135.8238 0.2610
    outer loop
        vertex 0.0000 54.4000 -0.8000
        vertex -0.0783 54.5350 -0.5948
        vertex -0.1044 54.4000 -0.7931
    endloop
endfacet
facet normal -0.0129 135.8679 0.1958
    outer loop
        vertex 0.0000 54.5350 -0.6000
        vertex 0.1044 54.4000 -0.7931
        vertex 0.0783 54.5350 -0.5948
    endloop
endfacet
facet normal -0.0172 135.8238 0.2610
    outer loop
        vertex 0.1044 54.4000 -0.7931
        vertex 0.0000 54.5350 -0.6000
        vertex 0.0000 54.4000 -0.8000
    endloop
endfacet
facet normal -0.0383 135.8678 0.1924
    outer loop
        vertex 0.0783 54.5350 -0.5948
        vertex 0.2070 54.4000 -0.7727
        vertex 0.1553 54.5350 -0.5795
    endloop
endfacet
facet normal -0.0510 135.8238 0.2566
    outer loop
        vertex 0.2070 54.4000 -0.7727
        vertex 0.0783 54.5350 -0.5948
        vertex 0.1044 54.4000 -0.7931
    endloop
endfacet
facet normal -0.0630 135.8678 0.1858
    outer loop
        vertex 0.1553 54.5350 -0.5795
        vertex 0.3062 54.4000 -0.7391
        vertex 0.2296 54.5350 -0.5543
    endloop
endfacet
facet normal -0.0840 135.8238 0.2478
    outer loop
        vertex 0.3062 54.4000 -0.7391
        vertex 0.1553 54.5350 -0.5795
        vertex 0.2070 54.4000 -0.7727
    endloop
endfacet
facet normal -0.0869 135.8678 0.1760
    outer loop
        vertex 0.2296 54.5350 -0.5543
        vertex 0.4000 54.4000 -0.6928
        vertex 0.3000 54.5350 -0.5196
    endloop
endfacet
facet normal -0.1158 135.8238 0.2346
    outer loop
        vertex 0.4000 54.4000 -0.6928
        vertex 0.2296 54.5350 -0.5543
        vertex 0.3062 54.4000 -0.7391
    endloop
endfacet
facet normal -0.1089 135.8678 0.1632
    outer loop
        vertex 0.3000 54.5350 -0.5196
        vertex 0.4870 54.4000 -0.6347
        vertex 0.3653 54.5350 -0.4760
    endloop
endfacet
facet normal -0.1452 135.8238 0.2176
    outer loop
        vertex 0.4870 54.4000 -0.6347
        vertex 0.3000 54.5350 -0.5196
        vertex 0.4000 54.4000 -0.6928
    endloop
endfacet
facet normal -0.1294 135.8678 0.1475
    outer loop
        vertex 0.3653 54.5350 -0.4760
        vertex 0.5657 54.4000 -0.5657
        vertex 0.4243 54.5350 -0.4243
    endloop
endfacet
facet normal -0.1726 135.8238 0.1966
    outer loop
        vertex 0.5657 54.4000 -0.5657
        vertex 0.3653 54.5350 -0.4760
        vertex 0.4870 54.4000 -0.6347
    endloop
endfacet
facet normal -0.1475 135.8678 0.1294
    outer loop
        vertex 0.4243 54.5350 -0.4243
        vertex 0.6347 54.4000 -0.4870
        vertex 0.4760 54.5350 -0.3653
    endloop
endfacet
facet normal -0.1966 135.8238 0.1726
    outer loop
        vertex 0.6347 54.4000 -0.4870
        vertex 0.4243 54.5350 -0.4243
        vertex 0.5657 54.4000 -0.5657
    endloop
endfacet
facet normal -0.1632 135.8678 0.1089
    outer loop
        vertex 0.4760 54.5350 -0.3653
        vertex 0.6928 54.4000 -0.4000
        vertex 0.5196 54.5350 -0.3000
    endloop
endfacet
facet normal -0.2176 135.8238 0.1452
    outer loop
        vertex 0.6928 54.4000 -0.4000
        vertex 0.4760 54.5350 -0.3653
        vertex 0.6347 54.4000 -0.4870
    endloop
endfacet
facet normal -0.1760 135.8678 0.0869
    outer loop
        vertex 0.5196 54.5350 -0.3000
        vertex 0.7391 54.4000 -0.3062
        vertex 0.5543 54.5350 -0.2296
    endloop
endfacet
facet normal -0.2346 135.8238 0.1158
    outer loop
        vertex 0.7391 54.4000 -0.3062
        vertex 0.5196 54.5350 -0.3000
        vertex 0.6928 54.4000 -0.4000
    endloop
endfacet
facet normal -0.1858 135.8678 0.0630
    outer loop
        vertex 0.5543 54.5350 -0.2296
        vertex 0.7727 54.4000 -0.2070
        vertex 0.5795 54.5350 -0.1553
    endloop
endfacet
facet normal -0.2478 135.8238 0.0840
    outer loop
        vertex 0.7727 54.4000 -0.2070
        vertex 0.5543 54.5350 -0.2296
        vertex 0.7391 54.4000 -0.3062
    endloop
endfacet
facet normal -0.1924 135.8678 0.0383
    outer loop
        vertex 0.5795 54.5350 -0.1553
        vertex 0.7931 54.4000 -0.1044
        vertex 0.5948 54.5350 -0.0783
    endloop
endfacet
facet normal -0.2566 135.8238 0.0510
    outer loop
        vertex 0.7931 54.4000 -0.1044
        vertex 0.5795 54.5350 -0.1553
        vertex 0.7727 54.4000 -0.2070
    endloop
endfacet
facet normal -0.1958 135.8679 0.0129
    outer loop
        vertex 0.5948 54.5350 -0.0783
        vertex 0.8000 54.4000 0.0000
        vertex 0.6000 54.5350 0.0000
    endloop
endfacet
facet normal -0.2610 135.8238 0.0172
    outer loop
        vertex 0.8000 54.4000 0.0000
        vertex 0.5948 54.5350 -0.0783
        vertex 0.7931 54.4000 -0.1044
    endloop
endfacet
facet normal -0.1958 136.2494 -0.0129
    outer loop
        vertex 0.2974 54.6700 0.0392
        vertex 0.6000 54.5350 0.0000
        vertex 0.5948 54.5350 0.0783
    endloop
endfacet
facet normal -0.0979 136.2935 -0.0064
    outer loop
        vertex 0.6000 54.5350 0.0000
        vertex 0.2974 54.6700 0.0392
        vertex 0.3000 54.6700 0.0000
    endloop
endfacet
facet normal -0.1924 136.2494 -0.0382
    outer loop
        vertex 0.2898 54.6700 0.0776
        vertex 0.5948 54.5350 0.0783
        vertex 0.5795 54.5350 0.1553
    endloop
endfacet
facet normal -0.0962 136.2934 -0.0191
    outer loop
        vertex 0.5948 54.5350 0.0783
        vertex 0.2898 54.6700 0.0776
        vertex 0.2974 54.6700 0.0392
    endloop
endfacet
facet normal -0.1859 136.2494 -0.0630
    outer loop
        vertex 0.2772 54.6700 0.1148
        vertex 0.5795 54.5350 0.1553
        vertex 0.5543 54.5350 0.2296
    endloop
endfacet
facet normal -0.0929 136.2934 -0.0315
    outer loop
        vertex 0.5795 54.5350 0.1553
        vertex 0.2772 54.6700 0.1148
        vertex 0.2898 54.6700 0.0776
    endloop
endfacet
facet normal -0.1760 136.2494 -0.0869
    outer loop
        vertex 0.2598 54.6700 0.1500
        vertex 0.5543 54.5350 0.2296
        vertex 0.5196 54.5350 0.3000
    endloop
endfacet
facet normal -0.0880 136.2934 -0.0434
    outer loop
        vertex 0.5543 54.5350 0.2296
        vertex 0.2598 54.6700 0.1500
        vertex 0.2772 54.6700 0.1148
    endloop
endfacet
facet normal -0.1632 136.2494 -0.1089
    outer loop
        vertex 0.2380 54.6700 0.1826
        vertex 0.5196 54.5350 0.3000
        vertex 0.4760 54.5350 0.3653
    endloop
endfacet
facet normal -0.0816 136.2934 -0.0544
    outer loop
        vertex 0.5196 54.5350 0.3000
        vertex 0.2380 54.6700 0.1826
        vertex 0.2598 54.6700 0.1500
    endloop
endfacet
facet normal -0.1474 136.2494 -0.1295
    outer loop
        vertex 0.2121 54.6700 0.2121
        vertex 0.4760 54.5350 0.3653
        vertex 0.4243 54.5350 0.4243
    endloop
endfacet
facet normal -0.0737 136.2934 -0.0647
    outer loop
        vertex 0.4760 54.5350 0.3653
        vertex 0.2121 54.6700 0.2121
        vertex 0.2380 54.6700 0.1826
    endloop
endfacet
facet normal -0.1295 136.2494 -0.1474
    outer loop
        vertex 0.1826 54.6700 0.2380
        vertex 0.4243 54.5350 0.4243
        vertex 0.3653 54.5350 0.4760
    endloop
endfacet
facet normal -0.0647 136.2934 -0.0737
    outer loop
        vertex 0.4243 54.5350 0.4243
        vertex 0.1826 54.6700 0.2380
        vertex 0.2121 54.6700 0.2121
    endloop
endfacet
facet normal -0.1089 136.2494 -0.1632
    outer loop
        vertex 0.1500 54.6700 0.2598
        vertex 0.3653 54.5350 0.4760
        vertex 0.3000 54.5350 0.5196
    endloop
endfacet
facet normal -0.0544 136.2934 -0.0816
    outer loop
        vertex 0.3653 54.5350 0.4760
        vertex 0.1500 54.6700 0.2598
        vertex 0.1826 54.6700 0.2380
    endloop
endfacet
facet normal -0.0869 136.2494 -0.1759
    outer loop
        vertex 0.1148 54.6700 0.2772
        vertex 0.3000 54.5350 0.5196
        vertex 0.2296 54.5350 0.5543
    endloop
endfacet
facet normal -0.0434 136.2934 -0.0880
    outer loop
        vertex 0.3000 54.5350 0.5196
        vertex 0.1148 54.6700 0.2772
        vertex 0.1500 54.6700 0.2598
    endloop
endfacet
facet normal -0.0630 136.2494 -0.1858
    outer loop
        vertex 0.0776 54.6700 0.2898
        vertex 0.2296 54.5350 0.5543
        vertex 0.1553 54.5350 0.5795
    endloop
endfacet
facet normal -0.0315 136.2934 -0.0929
    outer loop
        vertex 0.2296 54.5350 0.5543
        vertex 0.0776 54.6700 0.2898
        vertex 0.1148 54.6700 0.2772
    endloop
endfacet
facet normal -0.0382 136.2494 -0.1924
    outer loop
        vertex 0.0392 54.6700 0.2974
        vertex 0.1553 54.5350 0.5795
        vertex 0.0783 54.5350 0.5948
    endloop
endfacet
facet normal -0.0191 136.2934 -0.0962
    outer loop
        vertex 0.1553 54.5350 0.5795
        vertex 0.0392 54.6700 0.2974
        vertex 0.0776 54.6700 0.2898
    endloop
endfacet
facet normal -0.0129 136.2494 -0.1958
    outer loop
        vertex 0.0000 54.6700 0.3000
        vertex 0.0783 54.5350 0.5948
        vertex 0.0000 54.5350 0.6000
    endloop
endfacet
facet normal -0.0065 136.2935 -0.0979
    outer loop
        vertex 0.0783 54.5350 0.5948
        vertex 0.0000 54.6700 0.3000
        vertex 0.0392 54.6700 0.2974
    endloop
endfacet
facet normal 0.0129 136.2494 -0.1958
    outer loop
        vertex -0.0392 54.6700 0.2974
        vertex 0.0000 54.5350 0.6000
        vertex -0.0783 54.5350 0.5948
    endloop
endfacet
facet normal 0.0064 136.2935 -0.0979
    outer loop
        vertex 0.0000 54.5350 0.6000
        vertex -0.0392 54.6700 0.2974
        vertex 0.0000 54.6700 0.3000
    endloop
endfacet
facet normal 0.0382 136.2494 -0.1924
    outer loop
        vertex -0.0776 54.6700 0.2898
        vertex -0.0783 54.5350 0.5948
        vertex -0.1553 54.5350 0.5795
    endloop
endfacet
facet normal 0.0191 136.2934 -0.0962
    outer loop
        vertex -0.0783 54.5350 0.5948
        vertex -0.0776 54.6700 0.2898
        vertex -0.0392 54.6700 0.2974
    endloop
endfacet
facet normal 0.0630 136.2494 -0.1859
    outer loop
        vertex -0.1148 54.6700 0.2772
        vertex -0.1553 54.5350 0.5795
        vertex -0.2296 54.5350 0.5543
    endloop
endfacet
facet normal 0.0315 136.2934 -0.0929
    outer loop
        vertex -0.1553 54.5350 0.5795
        vertex -0.1148 54.6700 0.2772
        vertex -0.0776 54.6700 0.2898
    endloop
endfacet
facet normal 0.0869 136.2494 -0.1760
    outer loop
        vertex -0.1500 54.6700 0.2598
        vertex -0.2296 54.5350 0.5543
        vertex -0.3000 54.5350 0.5196
    endloop
endfacet
facet normal 0.0434 136.2934 -0.0880
    outer loop
        vertex -0.2296 54.5350 0.5543
        vertex -0.1500 54.6700 0.2598
        vertex -0.1148 54.6700 0.2772
    endloop
endfacet
facet normal 0.1089 136.2494 -0.1632
    outer loop
        vertex -0.1826 54.6700 0.2380
        vertex -0.3000 54.5350 0.5196
        vertex -0.3653 54.5350 0.4760
    endloop
endfacet
facet normal 0.0544 136.2934 -0.0816
    outer loop
        vertex -0.3000 54.5350 0.5196
        vertex -0.1826 54.6700 0.2380
        vertex -0.1500 54.6700 0.2598
    endloop
endfacet
facet normal 0.1295 136.2494 -0.1474
    outer loop
        vertex -0.2121 54.6700 0.2121
        vertex -0.3653 54.5350 0.4760
        vertex -0.4243 54.5350 0.4243
    endloop
endfacet
facet normal 0.0647 136.2934 -0.0737
    outer loop
        vertex -0.3653 54.5350 0.4760
        vertex -0.2121 54.6700 0.2121
        vertex -0.1826 54.6700 0.2380
    endloop
endfacet
facet normal 0.1474 136.2494 -0.1295
    outer loop
        vertex -0.2380 54.6700 0.1826
        vertex -0.4243 54.5350 0.4243
        vertex -0.4760 54.5350 0.3653
    endloop
endfacet
facet normal 0.0737 136.2934 -0.0647
    outer loop
        vertex -0.4243 54.5350 0.4243
        vertex -0.2380 54.6700 0.1826
        vertex -0.2121 54.6700 0.2121
    endloop
endfacet
facet normal 0.1632 136.2494 -0.1089
    outer loop
        vertex -0.2598 54.6700 0.1500
        vertex -0.4760 54.5350 0.3653
        vertex -0.5196 54.5350 0.3000
    endloop
endfacet
facet normal 0.0816 136.2934 -0.0544
    outer loop
        vertex -0.4760 54.5350 0.3653
        vertex -0.2598 54.6700 0.1500
        vertex -0.2380 54.6700 0.1826
    endloop
endfacet
facet normal 0.1759 136.2494 -0.0869
    outer loop
        vertex -0.2772 54.6700 0.1148
        vertex -0.5196 54.5350 0.3000
        vertex -0.5543 54.5350 0.2296
    endloop
endfacet
facet normal 0.0880 136.2934 -0.0434
    outer loop
        vertex -0.5196 54.5350 0.3000
        vertex -0.2772 54.6700 0.1148
        vertex -0.2598 54.6700 0.1500
    endloop
endfacet
facet normal 0.1858 136.2494 -0.0630
    outer loop
        vertex -0.2898 54.6700 0.0776
        vertex -0.5543 54.5350 0.2296
        vertex -0.5795 54.5350 0.1553
    endloop
endfacet
facet normal 0.0929 136.2934 -0.0315
    outer loop
        vertex -0.5543 54.5350 0.2296
        vertex -0.2898 54.6700 0.0776
        vertex -0.2772 54.6700 0.1148
    endloop
endfacet
facet normal 0.1924 136.2494 -0.0382
    outer loop
        vertex -0.2974 54.6700 0.0392
        vertex -0.5795 54.5350 0.1553
        vertex -0.5948 54.5350 0.0783
    endloop
endfacet
facet normal 0.0962 136.2934 -0.0191
    outer loop
        vertex -0.5795 54.5350 0.1553
        vertex -0.2974 54.6700 0.0392
        vertex -0.2898 54.6700 0.0776
    endloop
endfacet
facet normal 0.1958 136.2494 -0.0129
    outer loop
        vertex -0.3000 54.6700 0.0000
        vertex -0.5948 54.5350 0.0783
        vertex -0.6000 54.5350 0.0000
    endloop
endfacet
facet normal 0.0979 136.2935 -0.0065
    outer loop
        vertex -0.5948 54.5350 0.0783
        vertex -0.3000 54.6700 0.0000
        vertex -0.2974 54.6700 0.0392
    endloop
endfacet
facet normal 0.1958 136.2494 0.0129
    outer loop
        vertex -0.2974 54.6700 -0.0392
        vertex -0.6000 54.5350 0.0000
        vertex -0.5948 54.5350 -0.0783
    endloop
endfacet
facet normal 0.0979 136.2935 0.0064
    outer loop
        vertex -0.6000 54.5350 0.0000
        vertex -0.2974 54.6700 -0.0392
        vertex -0.3000 54.6700 0.0000
    endloop
endfacet
facet normal 0.1924 136.2494 0.0382
    outer loop
        vertex -0.2898 54.6700 -0.0776
        vertex -0.5948 54.5350 -0.0783
        vertex -0.5795 54.5350 -0.1553
    endloop
endfacet
facet normal 0.0962 136.2934 0.0191
    outer loop
        vertex -0.5948 54.5350 -0.0783
        vertex -0.2898 54.6700 -0.0776
        vertex -0.2974 54.6700 -0.0392
    endloop
endfacet
facet normal 0.1859 136.2494 0.0630
    outer loop
        vertex -0.2772 54.6700 -0.1148
        vertex -0.5795 54.5350 -0.1553
        vertex -0.5543 54.5350 -0.2296
    endloop
endfacet
facet normal 0.0929 136.2934 0.0315
    outer loop
        vertex -0.5795 54.5350 -0.1553
        vertex -0.2772 54.6700 -0.1148
        vertex -0.2898 54.6700 -0.0776
    endloop
endfacet
facet normal 0.1760 136.2494 0.0869
    outer loop
        vertex -0.2598 54.6700 -0.1500
        vertex -0.5543 54.5350 -0.2296
        vertex -0.5196 54.5350 -0.3000
    endloop
endfacet
facet normal 0.0880 136.2934 0.0434
    outer loop
        vertex -0.5543 54.5350 -0.2296
        vertex -0.2598 54.6700 -0.1500
        vertex -0.2772 54.6700 -0.1148
    endloop
endfacet
facet normal 0.1632 136.2494 0.1089
    outer loop
        vertex -0.2380 54.6700 -0.1826
        vertex -0.5196 54.5350 -0.3000
        vertex -0.4760 54.5350 -0.3653
    endloop
endfacet
facet normal 0.0816 136.2934 0.0544
    outer loop
        vertex -0.5196 54.5350 -0.3000
        vertex -0.2380 54.6700 -0.1826
        vertex -0.2598 54.6700 -0.1500
    endloop
endfacet
facet normal 0.1474 136.2494 0.1295
    outer loop
        vertex -0.2121 54.6700 -0.2121
        vertex -0.4760 54.5350 -0.3653
        vertex -0.4243 54.5350 -0.4243
    endloop
endfacet
facet normal 0.0737 136.2934 0.0647
    outer loop
        vertex -0.4760 54.5350 -0.3653
        vertex -0.2121 54.6700 -0.2121
        vertex -0.2380 54.6700 -0.1826
    endloop
endfacet
facet normal 0.1295 136.2494 0.1474
    outer loop
        vertex -0.1826 54.6700 -0.2380
        vertex -0.4243 54.5350 -0.4243
        vertex -0.3653 54.5350 -0.4760
    endloop
endfacet
facet normal 0.0647 136.2934 0.0737
    outer loop
        vertex -0.4243 54.5350 -0.4243
        vertex -0.1826 54.6700 -0.2380
        vertex -0.2121 54.6700 -0.2121
    endloop
endfacet
facet normal 0.1089 136.2494 0.1632
    outer loop
        vertex -0.1500 54.6700 -0.2598
        vertex -0.3653 54.5350 -0.4760
        vertex -0.3000 54.5350 -0.5196
    endloop
endfacet
facet normal 0.0544 136.2934 0.0816
    outer loop
        vertex -0.3653 54.5350 -0.4760
        vertex -0.1500 54.6700 -0.2598
        vertex -0.1826 54.6700 -0.2380
    endloop
endfacet
facet normal 0.0869 136.2494 0.1759
    outer loop
        vertex -0.1148 54.6700 -0.2772
        vertex -0.3000 54.5350 -0.5196
        vertex -0.2296 54.5350 -0.5543
    endloop
endfacet
facet normal 0.0434 136.2934 0.0880
    outer loop
        vertex -0.3000 54.5350 -0.5196
        vertex -0.1148 54.6700 -0.2772
        vertex -0.1500 54.6700 -0.2598
    endloop
endfacet
facet normal 0.0630 136.2494 0.1858
    outer loop
        vertex -0.0776 54.6700 -0.2898
        vertex -0.2296 54.5350 -0.5543
        vertex -0.1553 54.5350 -0.5795
    endloop
endfacet
facet normal 0.0315 136.2934 0.0929
    outer loop
        vertex -0.2296 54.5350 -0.5543
        vertex -0.0776 54.6700 -0.2898
        vertex -0.1148 54.6700 -0.2772
    endloop
endfacet
facet normal 0.0382 136.2494 0.1924
    outer loop
        vertex -0.0392 54.6700 -0.2974
        vertex -0.1553 54.5350 -0.5795
        vertex -0.0783 54.5350 -0.5948
    endloop
endfacet
facet normal 0.0191 136.2934 0.0962
    outer loop
        vertex -0.1553 54.5350 -0.5795
        vertex -0.0392 54.6700 -0.2974
        vertex -0.0776 54.6700 -0.2898
    endloop
endfacet
facet normal 0.0129 136.2494 0.1958
    outer loop
        vertex 0.0000 54.6700 -0.3000
        vertex -0.0783 54.5350 -0.5948
        vertex 0.0000 54.5350 -0.6000
    endloop
endfacet
facet normal 0.0065 136.2935 0.0979
    outer loop
        vertex -0.0783 54.5350 -0.5948
        vertex 0.0000 54.6700 -0.3000
        vertex -0.0392 54.6700 -0.2974
    endloop
endfacet
facet normal -0.0129 136.2494 0.1958
    outer loop
        vertex 0.0392 54.6700 -0.2974
        vertex 0.0000 54.5350 -0.6000
        vertex 0.0783 54.5350 -0.5948
    endloop
endfacet
facet normal -0.0064 136.2935 0.0979
    outer loop
        vertex 0.0000 54.5350 -0.6000
        vertex 0.0392 54.6700 -0.2974
        vertex 0.0000 54.6700 -0.3000
    endloop
endfacet
facet normal -0.0382 136.2494 0.1924
    outer loop
        vertex 0.0776 54.6700 -0.2898
        vertex 0.0783 54.5350 -0.5948
        vertex 0.1553 54.5350 -0.5795
    endloop
endfacet
facet normal -0.0191 136.2934 0.0962
    outer loop
        vertex 0.0783 54.5350 -0.5948
        vertex 0.0776 54.6700 -0.2898
        vertex 0.0392 54.6700 -0.2974
    endloop
endfacet
facet normal -0.0630 136.2494 0.1859
    outer loop
        vertex 0.1148 54.6700 -0.2772
        vertex 0.1553 54.5350 -0.5795
        vertex 0.2296 54.5350 -0.5543
    endloop
endfacet
facet normal -0.0315 136.2934 0.0929
    outer loop
        vertex 0.1553 54.5350 -0.5795
        vertex 0.1148 54.6700 -0.2772
        vertex 0.0776 54.6700 -0.2898
    endloop
endfacet
facet normal -0.0869 136.2494 0.1760
    outer loop
        vertex 0.1500 54.6700 -0.2598
        vertex 0.2296 54.5350 -0.5543
        vertex 0.3000 54.5350 -0.5196
    endloop
endfacet
facet normal -0.0434 136.2934 0.0880
    outer loop
        vertex 0.2296 54.5350 -0.5543
        vertex 0.1500 54.6700 -0.2598
        vertex 0.1148 54.6700 -0.2772
    endloop
endfacet
facet normal -0.1089 136.2494 0.1632
    outer loop
        vertex 0.1826 54.6700 -0.2380
        vertex 0.3000 54.5350 -0.5196
        vertex 0.3653 54.5350 -0.4760
    endloop
endfacet
facet normal -0.0544 136.2934 0.0816
    outer loop
        vertex 0.3000 54.5350 -0.5196
        vertex 0.1826 54.6700 -0.2380
        vertex 0.1500 54.6700 -0.2598
    endloop
endfacet
facet normal -0.1295 136.2494 0.1474
    outer loop
        vertex 0.2121 54.6700 -0.2121
        vertex 0.3653 54.5350 -0.4760
        vertex 0.4243 54.5350 -0.4243
    endloop
endfacet
facet normal -0.0647 136.2934 0.0737
    outer loop
        vertex 0.3653 54.5350 -0.4760
        vertex 0.2121 54.6700 -0.2121
        vertex 0.1826 54.6700 -0.2380
    endloop
endfacet
facet normal -0.1474 136.2494 0.1295
    outer loop
        vertex 0.2380 54.6700 -0.1826
        vertex 0.4243 54.5350 -0.4243
        vertex 0.4760 54.5350 -0.3653
    endloop
endfacet
facet normal -0.0737 136.2934 0.0647
    outer loop
        vertex 0.4243 54.5350 -0.4243
        vertex 0.2380 54.6700 -0.1826
        vertex 0.2121 54.6700 -0.2121
    endloop
endfacet
facet normal -0.1632 136.2494 0.1089
    outer loop
        vertex 0.2598 54.6700 -0.1500
        vertex 0.4760 54.5350 -0.3653
        vertex 0.5196 54.5350 -0.3000
    endloop
endfacet
facet normal -0.0816 136.2934 0.0544
    outer loop
        vertex 0.4760 54.5350 -0.3653
        vertex 0.2598 54.6700 -0.1500
        vertex 0.2380 54.6700 -0.1826
    endloop
endfacet
facet normal -0.1759 136.2494 0.0869
    outer loop
        vertex 0.2772 54.6700 -0.1148
        vertex 0.5196 54.5350 -0.3000
        vertex 0.5543 54.5350 -0.2296
    endloop
endfacet
facet normal -0.0880 136.2934 0.0434
    outer loop
        vertex 0.5196 54.5350 -0.3000
        vertex 0.2772 54.6700 -0.1148
        vertex 0.2598 54.6700 -0.1500
    endloop
endfacet
facet normal -0.1858 136.2494 0.0630
    outer loop
        vertex 0.2898 54.6700 -0.0776
        vertex 0.5543 54.5350 -0.2296
        vertex 0.5795 54.5350 -0.1553
    endloop
endfacet
facet normal -0.0929 136.2934 0.0315
    outer loop
        vertex 0.5543 54.5350 -0.2296
        vertex 0.2898 54.6700 -0.0776
        vertex 0.2772 54.6700 -0.1148
    endloop
endfacet
facet normal -0.1924 136.2494 0.0382
    outer loop
        vertex 0.2974 54.6700 -0.0392
        vertex 0.5795 54.5350 -0.1553
        vertex 0.5948 54.5350 -0.0783
    endloop
endfacet
facet normal -0.0962 136.2934 0.0191
    outer loop
        vertex 0.5795 54.5350 -0.1553
        vertex 0.2974 54.6700 -0.0392
        vertex 0.2898 54.6700 -0.0776
    endloop
endfacet
facet normal -0.1958 136.2494 0.0129
    outer loop
        vertex 0.3000 54.6700 0.0000
        vertex 0.5948 54.5350 -0.0783
        vertex 0.6000 54.5350 0.0000
    endloop
endfacet
facet normal -0.0979 136.2935 0.0065
    outer loop
        vertex 0.5948 54.5350 -0.0783
        vertex 0.3000 54.6700 0.0000
        vertex 0.2974 54.6700 -0.0392
    endloop
endfacet
facet normal -0.0979 136.6652 -0.0064
    outer loop
        vertex 0.0000 54.7000 0.0000
        vertex 0.3000 54.6700 0.0000
        vertex 0.2974 54.6700 0.0392
    endloop
endfacet
facet normal -0.0962 136.6652 -0.0191
    outer loop
        vertex 0.0000 54.7000 0.0000
        vertex 0.2974 54.6700 0.0392
        vertex 0.2898 54.6700 0.0776
    endloop
endfacet
facet normal -0.0929 136.6652 -0.0315
    outer loop
        vertex 0.0000 54.7000 0.0000
        vertex 0.2898 54.6700 0.0776
        vertex 0.2772 54.6700 0.1148
    endloop
endfacet
facet normal -0.0880 136.6652 -0.0434
    outer loop
        vertex 0.2598 54.6700 0.1500
        vertex 0.0000 54.7000 0.0000
        vertex 0.2772 54.6700 0.1148
    endloop
endfacet
facet normal -0.0817 136.6652 -0.0544
    outer loop
        vertex 0.0000 54.7000 0.0000
        vertex 0.2598 54.6700 0.1500
        vertex 0.2381 54.6700 0.1827
    endloop
endfacet
facet normal -0.0737 136.6652 -0.0647
    outer loop
        vertex 0.0000 54.7000 0.0000
        vertex 0.2381 54.6700 0.1827
        vertex 0.2122 54.6700 0.2122
    endloop
endfacet
facet normal -0.0647 136.6652 -0.0737
    outer loop
        vertex 0.0000 54.7000 0.0000
        vertex 0.2122 54.6700 0.2122
        vertex 0.1827 54.6700 0.2381
    endloop
endfacet
facet normal -0.0544 136.6652 -0.0817
    outer loop
        vertex 0.0000 54.7000 0.0000
        vertex 0.1827 54.6700 0.2381
        vertex 0.1500 54.6700 0.2598
    endloop
endfacet
facet normal -0.0434 136.6652 -0.0880
    outer loop
        vertex 0.1148 54.6700 0.2772
        vertex 0.0000 54.7000 0.0000
        vertex 0.1500 54.6700 0.2598
    endloop
endfacet
facet normal -0.0315 136.6652 -0.0929
    outer loop
        vertex 0.0000 54.7000 0.0000
        vertex 0.1148 54.6700 0.2772
        vertex 0.0776 54.6700 0.2898
    endloop
endfacet
facet normal -0.0191 136.6652 -0.0962
    outer loop
        vertex 0.0000 54.7000 0.0000
        vertex 0.0776 54.6700 0.2898
        vertex 0.0392 54.6700 0.2974
    endloop
endfacet
facet normal -0.0064 136.6652 -0.0979
    outer loop
        vertex 0.0000 54.7000 0.0000
        vertex 0.0392 54.6700 0.2974
        vertex 0.0000 54.6700 0.3000
    endloop
endfacet
facet normal 0.0064 136.6652 -0.0979
    outer loop
        vertex 0.0000 54.7000 0.0000
        vertex 0.0000 54.6700 0.3000
        vertex -0.0392 54.6700 0.2974
    endloop
endfacet
facet normal 0.0191 136.6652 -0.0962
    outer loop
        vertex 0.0000 54.7000 0.0000
        vertex -0.0392 54.6700 0.2974
        vertex -0.0776 54.6700 0.2898
    endloop
endfacet
facet normal 0.0315 136.6652 -0.0929
    outer loop
        vertex 0.0000 54.7000 0.0000
        vertex -0.0776 54.6700 0.2898
        vertex -0.1148 54.6700 0.2772
    endloop
endfacet
facet normal 0.0434 136.6652 -0.0880
    outer loop
        vertex -0.1500 54.6700 0.2598
        vertex 0.0000 54.7000 0.0000
        vertex -0.1148 54.6700 0.2772
    endloop
endfacet
facet normal 0.0544 136.6652 -0.0817
    outer loop
        vertex 0.0000 54.7000 0.0000
        vertex -0.1500 54.6700 0.2598
        vertex -0.1827 54.6700 0.2381
    endloop
endfacet
facet normal 0.0647 136.6652 -0.0737
    outer loop
        vertex 0.0000 54.7000 0.0000
        vertex -0.1827 54.6700 0.2381
        vertex -0.2122 54.6700 0.2122
    endloop
endfacet
facet normal 0.0737 136.6652 -0.0647
    outer loop
        vertex 0.0000 54.7000 0.0000
        vertex -0.2122 54.6700 0.2122
        vertex -0.2381 54.6700 0.1827
    endloop
endfacet
facet normal 0.0817 136.6652 -0.0544
    outer loop
        vertex 0.0000 54.7000 0.0000
        vertex -0.2381 54.6700 0.1827
        vertex -0.2598 54.6700 0.1500
    endloop
endfacet
facet normal 0.0880 136.6652 -0.0434
    outer loop
        vertex -0.2772 54.6700 0.1148
        vertex 0.0000 54.7000 0.0000
        vertex -0.2598 54.6700 0.1500
    endloop
endfacet
facet normal 0.0929 136.6652 -0.0315
    outer loop
        vertex 0.0000 54.7000 0.0000
        vertex -0.2772 54.6700 0.1148
        vertex -0.2898 54.6700 0.0776
    endloop
endfacet
facet normal 0.0962 136.6652 -0.0191
    outer loop
        vertex 0.0000 54.7000 0.0000
        vertex -0.2898 54.6700 0.0776
        vertex -0.2974 54.6700 0.0392
    endloop
endfacet
facet normal 0.0979 136.6652 -0.0064
    outer loop
        vertex 0.0000 54.7000 0.0000
        vertex -0.2974 54.6700 0.0392
        vertex -0.3000 54.6700 0.0000
    endloop
endfacet
facet normal 0.0979 136.6652 0.0064
    outer loop
        vertex 0.0000 54.7000 0.0000
        vertex -0.3000 54.6700 0.0000
        vertex -0.2974 54.6700 -0.0392
    endloop
endfacet
facet normal 0.0962 136.6652 0.0191
    outer loop
        vertex 0.0000 54.7000 0.0000
        vertex -0.2974 54.6700 -0.0392
        vertex -0.2898 54.6700 -0.0776
    endloop
endfacet
facet normal 0.0929 136.6652 0.0315
    outer loop
        vertex 0.0000 54.7000 0.0000
        vertex -0.2898 54.6700 -0.0776
        vertex -0.2772 54.6700 -0.1148
    endloop
endfacet
facet normal 0.0880 136.6652 0.0434
    outer loop
        vertex -0.2598 54.6700 -0.1500
        vertex 0.0000 54.7000 0.0000
        vertex -0.2772 54.6700 -0.1148
    endloop
endfacet
facet normal 0.0817 136.6652 0.0544
    outer loop
        vertex 0.0000 54.7000 0.0000
        vertex -0.2598 54.6700 -0.1500
        vertex -0.2381 54.6700 -0.1827
    endloop
endfacet
facet normal 0.0737 136.6652 0.0647
    outer loop
        vertex 0.0000 54.7000 0.0000
        vertex -0.2381 54.6700 -0.1827
        vertex -0.2122 54.6700 -0.2122
    endloop
endfacet
facet normal 0.0647 136.6652 0.0737
    outer loop
        vertex 0.0000 54.7000 0.0000
        vertex -0.2122 54.6700 -0.2122
        vertex -0.1827 54.6700 -0.2381
    endloop
endfacet
facet normal 0.0544 136.6652 0.0817
    outer loop
        vertex 0.0000 54.7000 0.0000
        vertex -0.1827 54.6700 -0.2381
        vertex -0.1500 54.6700 -0.2598
    endloop
endfacet
facet normal 0.0434 136.6652 0.0880
    outer loop
        vertex -0.1148 54.6700 -0.2772
        vertex 0.0000 54.7000 0.0000
        vertex -0.1500 54.6700 -0.2598
    endloop
endfacet
facet normal 0.0315 136.6652 0.0929
    outer loop
        vertex 0.0000 54.7000 0.0000
        vertex -0.1148 54.6700 -0.2772
        vertex -0.0776 54.6700 -0.2898
    endloop
endfacet
facet normal 0.0191 136.6652 0.0962
    outer loop
        vertex 0.0000 54.7000 0.0000
        vertex -0.0776 54.6700 -0.2898
        vertex -0.0392 54.6700 -0.2974
    endloop
endfacet
facet normal 0.0064 136.6652 0.0979
    outer loop
        vertex 0.0000 54.7000 0.0000
        vertex -0.0392 54.6700 -0.2974
        vertex 0.0000 54.6700 -0.3000
    endloop
endfacet
facet normal -0.0064 136.6652 0.0979
    outer loop
        vertex 0.0000 54.7000 0.0000
        vertex 0.0000 54.6700 -0.3000
        vertex 0.0392 54.6700 -0.2974
    endloop
endfacet
facet normal -0.0191 136.6652 0.0962
    outer loop
        vertex 0.0000 54.7000 0.0000
        vertex 0.0392 54.6700 -0.2974
        vertex 0.0776 54.6700 -0.2898
    endloop
endfacet
facet normal -0.0315 136.6652 0.0929
    outer loop
        vertex 0.0000 54.7000 0.0000
        vertex 0.0776 54.6700 -0.2898
        vertex 0.1148 54.6700 -0.2772
    endloop
endfacet
facet normal -0.0434 136.6652 0.0880
    outer loop
        vertex 0.1500 54.6700 -0.2598
        vertex 0.0000 54.7000 0.0000
        vertex 0.1148 54.6700 -0.2772
    endloop
endfacet
facet normal -0.0544 136.6652 0.0817
    outer loop
        vertex 0.0000 54.7000 0.0000
        vertex 0.1500 54.6700 -0.2598
        vertex 0.1827 54.6700 -0.2381
    endloop
endfacet
facet normal -0.0647 136.6652 0.0737
    outer loop
        vertex 0.0000 54.7000 0.0000
        vertex 0.1827 54.6700 -0.2381
        vertex 0.2122 54.6700 -0.2122
    endloop
endfacet
facet normal -0.0737 136.6652 0.0647
    outer loop
        vertex 0.0000 54.7000 0.0000
        vertex 0.2122 54.6700 -0.2122
        vertex 0.2381 54.6700 -0.1827
    endloop
endfacet
facet normal -0.0817 136.6652 0.0544
    outer loop
        vertex 0.0000 54.7000 0.0000
        vertex 0.2381 54.6700 -0.1827
        vertex 0.2598 54.6700 -0.1500
    endloop
endfacet
facet normal -0.0880 136.6652 0.0434
    outer loop
        vertex 0.2772 54.6700 -0.1148
        vertex 0.0000 54.7000 0.0000
        vertex 0.2598 54.6700 -0.1500
    endloop
endfacet
facet normal -0.0929 136.6652 0.0315
    outer loop
        vertex 0.0000 54.7000 0.0000
        vertex 0.2772 54.6700 -0.1148
        vertex 0.2898 54.6700 -0.0776
    endloop
endfacet
facet normal -0.0962 136.6652 0.0191
    outer loop
        vertex 0.0000 54.7000 0.0000
        vertex 0.2898 54.6700 -0.0776
        vertex 0.2974 54.6700 -0.0392
    endloop
endfacet
facet normal -0.0979 136.6652 0.0064
    outer loop
        vertex 0.0000 54.7000 0.0000
        vertex 0.2974 54.6700 -0.0392
        vertex 0.3000 54.6700 0.0000
    endloop
endfacet
facet normal 0.0000 130.8719 0.0000
    outer loop
        vertex 1.0607 52.3000 1.0606
        vertex -0.9131 52.3000 1.1900
        vertex -1.0606 52.3000 1.0607
    endloop
endfacet
facet normal 0.0000 130.8549 0.0000
    outer loop
        vertex -0.9131 52.3000 1.1900
        vertex 1.0607 52.3000 1.0606
        vertex 0.9131 52.3000 1.1899
    endloop
endfacet
facet normal 0.0000 130.8385 0.0000
    outer loop
        vertex 0.9131 52.3000 1.1899
        vertex -0.7500 52.3000 1.2990
        vertex -0.9131 52.3000 1.1900
    endloop
endfacet
facet normal 0.0000 130.8227 0.0000
    outer loop
        vertex -0.7500 52.3000 1.2990
        vertex 0.9131 52.3000 1.1899
        vertex 0.7500 52.3000 1.2990
    endloop
endfacet
facet normal 0.0000 130.8079 0.0000
    outer loop
        vertex 0.7500 52.3000 1.2990
        vertex -0.5740 52.3000 1.3859
        vertex -0.7500 52.3000 1.2990
    endloop
endfacet
facet normal 0.0000 130.7943 0.0000
    outer loop
        vertex -0.5740 52.3000 1.3859
        vertex 0.7500 52.3000 1.2990
        vertex 0.5741 52.3000 1.3858
    endloop
endfacet
facet normal 0.0000 130.7821 0.0000
    outer loop
        vertex 0.5741 52.3000 1.3858
        vertex -0.3882 52.3000 1.4489
        vertex -0.5740 52.3000 1.3859
    endloop
endfacet
facet normal 0.0000 130.7717 0.0000
    outer loop
        vertex -0.3882 52.3000 1.4489
        vertex 0.5741 52.3000 1.3858
        vertex 0.3882 52.3000 1.4489
    endloop
endfacet
facet normal 0.0000 130.7632 0.0000
    outer loop
        vertex 0.3882 52.3000 1.4489
        vertex -0.1958 52.3000 1.4873
        vertex -0.3882 52.3000 1.4489
    endloop
endfacet
facet normal 0.0000 130.7567 0.0000
    outer loop
        vertex -0.1958 52.3000 1.4873
        vertex 0.3882 52.3000 1.4489
        vertex 0.1958 52.3000 1.4873
    endloop
endfacet
facet normal 0.0000 130.7522 0.0000
    outer loop
        vertex 0.1958 52.3000 1.4873
        vertex 0.0000 52.3000 1.5000
        vertex -0.1958 52.3000 1.4873
    endloop
endfacet
facet normal 0.0000 130.8719 0.0000
    outer loop
        vertex -1.0607 52.3000 -1.0606
        vertex 0.9131 52.3000 -1.1900
        vertex 1.0606 52.3000 -1.0607
    endloop
endfacet
facet normal 0.0000 130.8549 0.0000
    outer loop
        vertex 0.9131 52.3000 -1.1900
        vertex -1.0607 52.3000 -1.0606
        vertex -0.9131 52.3000 -1.1899
    endloop
endfacet
facet normal 0.0000 130.8385 0.0000
    outer loop
        vertex -0.9131 52.3000 -1.1899
        vertex 0.7500 52.3000 -1.2990
        vertex 0.9131 52.3000 -1.1900
    endloop
endfacet
facet normal 0.0000 130.8227 0.0000
    outer loop
        vertex 0.7500 52.3000 -1.2990
        vertex -0.9131 52.3000 -1.1899
        vertex -0.7500 52.3000 -1.2990
    endloop
endfacet
facet normal 0.0000 130.8079 0.0000
    outer loop
        vertex -0.7500 52.3000 -1.2990
        vertex 0.5740 52.3000 -1.3859
        vertex 0.7500 52.3000 -1.2990
    endloop
endfacet
facet normal 0.0000 130.7943 0.0000
    outer loop
        vertex 0.5740 52.3000 -1.3859
        vertex -0.7500 52.3000 -1.2990
        vertex -0.5741 52.3000 -1.3858
    endloop
endfacet
facet normal 0.0000 130.7821 0.0000
    outer loop
        vertex -0.5741 52.3000 -1.3858
        vertex 0.3882 52.3000 -1.4489
        vertex 0.5740 52.3000 -1.3859
    endloop
endfacet
facet normal 0.0000 130.7717 0.0000
    outer loop
        vertex 0.3882 52.3000 -1.4489
        vertex -0.5741 52.3000 -1.3858
        vertex -0.3882 52.3000 -1.4489
    endloop
endfacet
facet normal 0.0000 130.7632 0.0000
    outer loop
        vertex -0.3882 52.3000 -1.4489
        vertex 0.1958 52.3000 -1.4873
        vertex 0.3882 52.3000 -1.4489
    endloop
endfacet
facet normal 0.0000 130.7567 0.0000
    outer loop
        vertex 0.1958 52.3000 -1.4873
        vertex -0.3882 52.3000 -1.4489
        vertex -0.1958 52.3000 -1.4873
    endloop
endfacet
facet normal 0.0000 130.7522 0.0000
    outer loop
        vertex -0.1958 52.3000 -1.4873
        vertex -0.0000 52.3000 -1.5000
        vertex 0.1958 52.3000 -1.4873
    endloop
endfacet
facet normal 0.0000 140.0231 0.0000
    outer loop
        vertex -1.0606 52.3000 -1.0606
        vertex 1.2348 52.3000 -0.8000
        vertex -1.2348 52.3000 -0.8000
    endloop
endfacet
facet normal 0.0000 139.4556 0.0000
    outer loop
        vertex 1.2348 52.3000 -0.8000
        vertex -1.0606 52.3000 -1.0606
        vertex 1.0606 52.3000 -1.0606
    endloop
endfacet
facet normal 0.0000 140.0231 0.0000
    outer loop
        vertex 1.0606 52.3000 1.0606
        vertex -1.2348 52.3000 0.8000
        vertex 1.2348 52.3000 0.8000
    endloop
endfacet
facet normal 0.0000 139.4556 0.0000
    outer loop
        vertex -1.2348 52.3000 0.8000
        vertex 1.0606 52.3000 1.0606
        vertex -1.0606 52.3000 1.0606
    endloop
endfacet
facet normal 0.0000 130.7821 0.0000
    outer loop
        vertex -1.3858 52.3000 0.5740
        vertex -1.4488 52.3000 -0.3883
        vertex -1.3858 52.3000 -0.5740
    endloop
endfacet
facet normal 0.0000 130.7718 0.0000
    outer loop
        vertex -1.4488 52.3000 -0.3883
        vertex -1.3858 52.3000 0.5740
        vertex -1.4490 52.3000 0.3882
    endloop
endfacet
facet normal 0.0000 130.7632 0.0000
    outer loop
        vertex -1.4490 52.3000 0.3882
        vertex -1.4871 52.3000 -0.1958
        vertex -1.4488 52.3000 -0.3883
    endloop
endfacet
facet normal 0.0000 130.7566 0.0000
    outer loop
        vertex -1.4871 52.3000 -0.1958
        vertex -1.4490 52.3000 0.3882
        vertex -1.4871 52.3000 0.1958
    endloop
endfacet
facet normal 0.0000 130.7522 0.0000
    outer loop
        vertex -1.4871 52.3000 0.1958
        vertex -1.5000 52.3000 -0.0000
        vertex -1.4871 52.3000 -0.1958
    endloop
endfacet
facet normal 0.0000 137.5100 0.0000
    outer loop
        vertex -1.2348 52.3000 0.8000
        vertex -1.3858 52.3000 -0.5740
        vertex -1.2348 52.3000 -0.8000
    endloop
endfacet
facet normal 0.0000 137.0835 0.0000
    outer loop
        vertex -1.3858 52.3000 -0.5740
        vertex -1.2348 52.3000 0.8000
        vertex -1.3858 52.3000 0.5740
    endloop
endfacet
facet normal -21.6097 70.0000 0.0000
    outer loop
        vertex -1.2348 3.7000 -0.8000
        vertex -1.2348 3.7000 0.8000
        vertex -1.2348 52.3000 0.8000
    endloop
endfacet
facet normal -21.6097 70.0000 0.0000
    outer loop
        vertex -1.2348 52.3000 0.8000
        vertex -1.2348 52.3000 -0.8000
        vertex -1.2348 3.7000 -0.8000
    endloop
endfacet
facet normal 3.0871 70.0000 4.0000
    outer loop
        vertex -1.2348 3.7000 0.8000
        vertex 1.2348 3.7000 0.8000
        vertex 1.2348 52.3000 0.8000
    endloop
endfacet
facet normal 3.0871 70.0000 4.0000
    outer loop
        vertex 1.2348 52.3000 0.8000
        vertex -1.2348 52.3000 0.8000
        vertex -1.2348 3.7000 0.8000
    endloop
endfacet
facet normal 3.0871 70.0000 -4.0000
    outer loop
        vertex -1.2348 52.3000 -0.8000
        vertex 1.2348 52.3000 -0.8000
        vertex 1.2348 3.7000 -0.8000
    endloop
endfacet
facet normal 3.0871 70.0000 -4.0000
    outer loop
        vertex 1.2348 3.7000 -0.8000
        vertex -1.2348 3.7000 -0.8000
        vertex -1.2348 52.3000 -0.8000
    endloop
endfacet
facet normal 37.2500 -80.0000 0.0000
    outer loop
        vertex 26.8000 1.6000 -0.8000
        vertex 26.8000 1.6000 0.8000
        vertex 3.0000 1.6000 0.8000
    endloop
endfacet
facet normal 37.2500 -80.0000 0.0000
    outer loop
        vertex 3.0000 1.6000 0.8000
        vertex 3.0000 1.6000 -0.8000
        vertex 26.8000 1.6000 -0.8000
    endloop
endfacet
facet normal 156.2500 32.0000 0.0000
    outer loop
        vertex 26.8000 24.0000 0.8000
        vertex 26.8000 1.6000 0.8000
        vertex 26.8000 1.6000 -0.8000
    endloop
endfacet
facet normal 156.2500 32.0000 0.0000
    outer loop
        vertex 26.8000 1.6000 -0.8000
        vertex 26.8000 24.0000 -0.8000
        vertex 26.8000 24.0000 0.8000
    endloop
endfacet
facet normal 80.0000 0.0000 0.0000
    outer loop
        vertex 26.8000 24.0000 0.8000
        vertex 26.8000 24.0000 -0.8000
        vertex 26.8000 32.0000 -0.8000
    endloop
endfacet
facet normal 80.0000 0.0000 0.0000
    outer loop
        vertex 26.8000 32.0000 -0.8000
        vertex 26.8000 32.0000 0.8000
        vertex 26.8000 24.0000 0.8000
    endloop
endfacet
facet normal 37.2500 -4.0000 0.0000
    outer loop
        vertex 26.8000 54.4000 -0.8000
        vertex 3.0000 54.4000 0.8000
        vertex 26.8000 54.4000 0.8000
    endloop
endfacet
facet normal 37.2500 -4.0000 0.0000
    outer loop
        vertex 3.0000 54.4000 0.8000
        vertex 26.8000 54.4000 -0.8000
        vertex 3.0000 54.4000 -0.8000
    endloop
endfacet
facet normal -81.7500 108.0000 0.0000
    outer loop
        vertex 26.8000 32.0000 0.8000
        vertex 26.8000 54.4000 -0.8000
        vertex 26.8000 54.4000 0.8000
    endloop
endfacet
facet normal -81.7500 108.0000 0.0000
    outer loop
        vertex 26.8000 54.4000 -0.8000
        vertex 26.8000 32.0000 0.8000
        vertex 26.8000 32.0000 -0.8000
    endloop
endfacet
facet normal 57.0000 70.0000 9.0000
    outer loop
        vertex 26.8000 24.0000 1.5000
        vertex 26.8000 32.0000 1.5000
        vertex 18.8000 32.0000 1.5000
    endloop
endfacet
facet normal 57.0000 70.0000 9.0000
    outer loop
        vertex 18.8000 32.0000 1.5000
        vertex 18.8000 24.0000 1.5000
        vertex 26.8000 24.0000 1.5000
    endloop
endfacet
facet normal 37.0000 70.0000 2.0000
    outer loop
        vertex 18.8000 24.0000 1.5000
        vertex 18.8000 32.0000 1.5000
        vertex 18.8000 32.0000 0.8000
    endloop
endfacet
facet normal 37.0000 70.0000 2.0000
    outer loop
        vertex 18.8000 32.0000 0.8000
        vertex 18.8000 24.0000 0.8000
        vertex 18.8000 24.0000 1.5000
    endloop
endfacet
facet normal 77.0000 70.0000 2.0000
    outer loop
        vertex 26.8000 32.0000 1.5000
        vertex 26.8000 24.0000 1.5000
        vertex 26.8000 24.0000 0.8000
    endloop
endfacet
facet normal 77.0000 70.0000 2.0000
    outer loop
        vertex 26.8000 24.0000 0.8000
        vertex 26.8000 32.0000 0.8000
        vertex 26.8000 32.0000 1.5000
    endloop
endfacet
facet normal 57.0000 50.0000 2.0000
    outer loop
        vertex 26.8000 24.0000 1.5000
        vertex 18.8000 24.0000 1.5000
        vertex 18.8000 24.0000 0.8000
    endloop
endfacet
facet normal 57.0000 50.0000 2.0000
    outer loop
        vertex 18.8000 24.0000 0.8000
        vertex 26.8000 24.0000 0.8000
        vertex 26.8000 24.0000 1.5000
    endloop
endfacet
facet normal 57.0000 90.0000 2.0000
    outer loop
        vertex 18.8000 32.0000 1.5000
        vertex 26.8000 32.0000 1.5000
        vertex 26.8000 32.0000 0.8000
    endloop
endfacet
facet normal 57.0000 90.0000 2.0000
    outer loop
        vertex 26.8000 32.0000 0.8000
        vertex 18.8000 32.0000 0.8000
        vertex 18.8000 32.0000 1.5000
    endloop
endfacet
facet normal 57.0000 70.0000 5.0000
    outer loop
        vertex 26.8000 24.0000 -1.5000
        vertex 18.8000 32.0000 -1.5000
        vertex 26.8000 32.0000 -1.5000
    endloop
endfacet
facet normal 57.0000 70.0000 5.0000
    outer loop
        vertex 18.8000 32.0000 -1.5000
        vertex 26.8000 24.0000 -1.5000
        vertex 18.8000 24.0000 -1.5000
    endloop
endfacet
facet normal 77.0000 70.0000 -2.0000
    outer loop
        vertex 18.8000 24.0000 -1.5000
        vertex 18.8000 32.0000 -0.8000
        vertex 18.8000 32.0000 -1.5000
    endloop
endfacet
facet normal 77.0000 70.0000 -2.0000
    outer loop
        vertex 18.8000 32.0000 -0.8000
        vertex 18.8000 24.0000 -1.5000
        vertex 18.8000 24.0000 -0.8000
    endloop
endfacet
facet normal 37.0000 70.0000 -2.0000
    outer loop
        vertex 26.8000 32.0000 -1.5000
        vertex 26.8000 24.0000 -0.8000
        vertex 26.8000 24.0000 -1.5000
    endloop
endfacet
facet normal 37.0000 70.0000 -2.0000
    outer loop
        vertex 26.8000 24.0000 -0.8000
        vertex 26.8000 32.0000 -1.5000
        vertex 26.8000 32.0000 -0.8000
    endloop
endfacet
facet normal 57.0000 90.0000 -2.0000
    outer loop
        vertex 26.8000 24.0000 -1.5000
        vertex 18.8000 24.0000 -0.8000
        vertex 18.8000 24.0000 -1.5000
    endloop
endfacet
facet normal 57.0000 90.0000 -2.0000
    outer loop
        vertex 18.8000 24.0000 -0.8000
        vertex 26.8000 24.0000 -1.5000
        vertex 26.8000 24.0000 -0.8000
    endloop
endfacet
facet normal 57.0000 50.0000 -2.0000
    outer loop
        vertex 18.8000 32.0000 -1.5000
        vertex 26.8000 32.0000 -0.8000
        vertex 26.8000 32.0000 -1.5000
    endloop
endfacet
facet normal 57.0000 50.0000 -2.0000
    outer loop
        vertex 26.8000 32.0000 -0.8000
        vertex 18.8000 32.0000 -1.5000
        vertex 18.8000 32.0000 -0.8000
    endloop
endfacet
facet normal 0.0000 0.0000 3332.0000
    outer loop
        vertex 26.8000 32.0000 0.8000
        vertex 26.8000 54.4000 0.8000
        vertex 3.0000 54.4000 0.8000
    endloop
endfacet
facet normal 0.0000 0.0000 148.7500
    outer loop
        vertex 3.0000 54.4000 0.8000
        vertex 3.0000 53.4000 0.8000
        vertex 26.8000 32.0000 0.8000
    endloop
endfacet
facet normal 0.0000 0.0000 1070.0000
    outer loop
        vertex 3.0000 53.4000 0.8000
        vertex 18.8000 32.0000 0.8000
        vertex 26.8000 32.0000 0.8000
    endloop
endfacet
facet normal 0.0000 0.0000 236.0901
    outer loop
        vertex 18.8000 32.0000 0.8000
        vertex 3.0000 53.4000 0.8000
        vertex 1.2348 53.4000 0.8000
    endloop
endfacet
facet normal 0.0000 0.0000 120.7605
    outer loop
        vertex 1.2348 53.4000 0.8000
        vertex 1.2348 52.3000 0.8000
        vertex 18.8000 32.0000 0.8000
    endloop
endfacet
facet normal 0.0000 0.0000 5335.4173
    outer loop
        vertex 1.2348 52.3000 0.8000
        vertex 1.2348 3.7000 0.8000
        vertex 18.8000 24.0000 0.8000
    endloop
endfacet
facet normal 0.0000 0.0000 878.2580
    outer loop
        vertex 18.8000 24.0000 0.8000
        vertex 18.8000 32.0000 0.8000
        vertex 1.2348 52.3000 0.8000
    endloop
endfacet
facet normal 0.0000 0.0000 12.1355
    outer loop
        vertex 1.2348 3.7000 0.8000
        vertex 1.2348 2.6000 0.8000
        vertex 3.0000 2.6000 0.8000
    endloop
endfacet
facet normal 0.0000 0.0000 344.7151
    outer loop
        vertex 3.0000 2.6000 0.8000
        vertex 18.8000 24.0000 0.8000
        vertex 1.2348 3.7000 0.8000
    endloop
endfacet
facet normal 0.0000 0.0000 1070.0000
    outer loop
        vertex 26.8000 24.0000 0.8000
        vertex 18.8000 24.0000 0.8000
        vertex 3.0000 2.6000 0.8000
    endloop
endfacet
facet normal 0.0000 0.0000 148.7500
    outer loop
        vertex 3.0000 2.6000 0.8000
        vertex 3.0000 1.6000 0.8000
        vertex 26.8000 1.6000 0.8000
    endloop
endfacet
facet normal 0.0000 0.0000 3332.0000
    outer loop
        vertex 26.8000 1.6000 0.8000
        vertex 26.8000 24.0000 0.8000
        vertex 3.0000 2.6000 0.8000
    endloop
endfacet
facet normal 0.0000 0.0000 -148.7500
    outer loop
        vertex 3.0000 53.4000 -0.8000
        vertex 3.0000 54.4000 -0.8000
        vertex 26.8000 54.4000 -0.8000
    endloop
endfacet
facet normal 0.0000 0.0000 -3332.0000
    outer loop
        vertex 26.8000 54.4000 -0.8000
        vertex 26.8000 32.0000 -0.8000
        vertex 3.0000 53.4000 -0.8000
    endloop
endfacet
facet normal 0.0000 0.0000 -1070.0000
    outer loop
        vertex 26.8000 32.0000 -0.8000
        vertex 18.8000 32.0000 -0.8000
        vertex 3.0000 53.4000 -0.8000
    endloop
endfacet
facet normal 0.0000 0.0000 -12.1355
    outer loop
        vertex 1.2348 52.3000 -0.8000
        vertex 1.2348 53.4000 -0.8000
        vertex 3.0000 53.4000 -0.8000
    endloop
endfacet
facet normal 0.0000 0.0000 -344.7151
    outer loop
        vertex 3.0000 53.4000 -0.8000
        vertex 18.8000 32.0000 -0.8000
        vertex 1.2348 52.3000 -0.8000
    endloop
endfacet
facet normal 0.0000 0.0000 -878.2580
    outer loop
        vertex 18.8000 32.0000 -0.8000
        vertex 18.8000 24.0000 -0.8000
        vertex 1.2348 3.7000 -0.8000
    endloop
endfacet
facet normal 0.0000 0.0000 -5335.4173
    outer loop
        vertex 1.2348 3.7000 -0.8000
        vertex 1.2348 52.3000 -0.8000
        vertex 18.8000 32.0000 -0.8000
    endloop
endfacet
facet normal 0.0000 0.0000 -236.0901
    outer loop
        vertex 18.8000 24.0000 -0.8000
        vertex 3.0000 2.6000 -0.8000
        vertex 1.2348 2.6000 -0.8000
    endloop
endfacet
facet normal 0.0000 0.0000 -120.7605
    outer loop
        vertex 1.2348 2.6000 -0.8000
        vertex 1.2348 3.7000 -0.8000
        vertex 18.8000 24.0000 -0.8000
    endloop
endfacet
facet normal 0.0000 0.0000 -1070.0000
    outer loop
        vertex 3.0000 2.6000 -0.8000
        vertex 18.8000 24.0000 -0.8000
        vertex 26.8000 24.0000 -0.8000
    endloop
endfacet
facet normal 0.0000 0.0000 -3332.0000
    outer loop
        vertex 26.8000 24.0000 -0.8000
        vertex 26.8000 1.6000 -0.8000
        vertex 3.0000 1.6000 -0.8000
    endloop
endfacet
facet normal 0.0000 0.0000 -148.7500
    outer loop
        vertex 3.0000 1.6000 -0.8000
        vertex 3.0000 2.6000 -0.8000
        vertex 26.8000 24.0000 -0.8000
    endloop
endfacet
facet normal 56.9656 69.4780 -7.7500
    outer loop
        vertex 23.0088 29.5862 -3.1000
        vertex 22.8000 29.6000 -1.5000
        vertex 22.8000 29.6000 -3.1000
    endloop
endfacet
facet normal 56.9656 69.4780 -7.7500
    outer loop
        vertex 22.8000 29.6000 -1.5000
        vertex 23.0088 29.5862 -3.1000
        vertex 23.0088 29.5862 -1.5000
    endloop
endfacet
facet normal 56.8980 69.4868 -7.7500
    outer loop
        vertex 23.2141 29.5454 -3.1000
        vertex 23.0088 29.5862 -1.5000
        vertex 23.0088 29.5862 -3.1000
    endloop
endfacet
facet normal 56.8980 69.4868 -7.7500
    outer loop
        vertex 23.0088 29.5862 -1.5000
        vertex 23.2141 29.5454 -3.1000
        vertex 23.2141 29.5454 -1.5000
    endloop
endfacet
facet normal 56.8320 69.5044 -7.7500
    outer loop
        vertex 23.4123 29.4782 -3.1000
        vertex 23.2141 29.5454 -1.5000
        vertex 23.2141 29.5454 -3.1000
    endloop
endfacet
facet normal 56.8320 69.5044 -7.7500
    outer loop
        vertex 23.2141 29.5454 -1.5000
        vertex 23.4123 29.4782 -3.1000
        vertex 23.4123 29.4782 -1.5000
    endloop
endfacet
facet normal 56.7684 69.5308 -7.7500
    outer loop
        vertex 23.6000 29.3856 -3.1000
        vertex 23.4123 29.4782 -1.5000
        vertex 23.4123 29.4782 -3.1000
    endloop
endfacet
facet normal 56.7684 69.5308 -7.7500
    outer loop
        vertex 23.4123 29.4782 -1.5000
        vertex 23.6000 29.3856 -3.1000
        vertex 23.6000 29.3856 -1.5000
    endloop
endfacet
facet normal 56.7096 69.5648 -7.7500
    outer loop
        vertex 23.7741 29.2694 -3.1000
        vertex 23.6000 29.3856 -1.5000
        vertex 23.6000 29.3856 -3.1000
    endloop
endfacet
facet normal 56.7096 69.5648 -7.7500
    outer loop
        vertex 23.6000 29.3856 -1.5000
        vertex 23.7741 29.2694 -3.1000
        vertex 23.7741 29.2694 -1.5000
    endloop
endfacet
facet normal 56.6548 69.6068 -7.7500
    outer loop
        vertex 23.9314 29.1314 -3.1000
        vertex 23.7741 29.2694 -1.5000
        vertex 23.7741 29.2694 -3.1000
    endloop
endfacet
facet normal 56.6548 69.6068 -7.7500
    outer loop
        vertex 23.7741 29.2694 -1.5000
        vertex 23.9314 29.1314 -3.1000
        vertex 23.9314 29.1314 -1.5000
    endloop
endfacet
facet normal 56.6068 69.6548 -7.7500
    outer loop
        vertex 24.0694 28.9741 -3.1000
        vertex 23.9314 29.1314 -1.5000
        vertex 23.9314 29.1314 -3.1000
    endloop
endfacet
facet normal 56.6068 69.6548 -7.7500
    outer loop
        vertex 23.9314 29.1314 -1.5000
        vertex 24.0694 28.9741 -3.1000
        vertex 24.0694 28.9741 -1.5000
    endloop
endfacet
facet normal 56.5648 69.7096 -7.7500
    outer loop
        vertex 24.1856 28.8000 -3.1000
        vertex 24.0694 28.9741 -1.5000
        vertex 24.0694 28.9741 -3.1000
    endloop
endfacet
facet normal 56.5648 69.7096 -7.7500
    outer loop
        vertex 24.0694 28.9741 -1.5000
        vertex 24.1856 28.8000 -3.1000
        vertex 24.1856 28.8000 -1.5000
    endloop
endfacet
facet normal 56.5308 69.7684 -7.7500
    outer loop
        vertex 24.2782 28.6123 -3.1000
        vertex 24.1856 28.8000 -1.5000
        vertex 24.1856 28.8000 -3.1000
    endloop
endfacet
facet normal 56.5308 69.7684 -7.7500
    outer loop
        vertex 24.1856 28.8000 -1.5000
        vertex 24.2782 28.6123 -3.1000
        vertex 24.2782 28.6123 -1.5000
    endloop
endfacet
facet normal 56.5044 69.8320 -7.7500
    outer loop
        vertex 24.3454 28.4141 -3.1000
        vertex 24.2782 28.6123 -1.5000
        vertex 24.2782 28.6123 -3.1000
    endloop
endfacet
facet normal 56.5044 69.8320 -7.7500
    outer loop
        vertex 24.2782 28.6123 -1.5000
        vertex 24.3454 28.4141 -3.1000
        vertex 24.3454 28.4141 -1.5000
    endloop
endfacet
facet normal 56.4868 69.8980 -7.7500
    outer loop
        vertex 24.3862 28.2088 -3.1000
        vertex 24.3454 28.4141 -1.5000
        vertex 24.3454 28.4141 -3.1000
    endloop
endfacet
facet normal 56.4868 69.8980 -7.7500
    outer loop
        vertex 24.3454 28.4141 -1.5000
        vertex 24.3862 28.2088 -3.1000
        vertex 24.3862 28.2088 -1.5000
    endloop
endfacet
facet normal 56.4780 69.9656 -7.7500
    outer loop
        vertex 24.4000 28.0000 -3.1000
        vertex 24.3862 28.2088 -1.5000
        vertex 24.3862 28.2088 -3.1000
    endloop
endfacet
facet normal 56.4780 69.9656 -7.7500
    outer loop
        vertex 24.3862 28.2088 -1.5000
        vertex 24.4000 28.0000 -3.1000
        vertex 24.4000 28.0000 -1.5000
    endloop
endfacet
facet normal 56.4780 70.0344 -7.7500
    outer loop
        vertex 24.3862 27.7912 -3.1000
        vertex 24.4000 28.0000 -1.5000
        vertex 24.4000 28.0000 -3.1000
    endloop
endfacet
facet normal 56.4780 70.0344 -7.7500
    outer loop
        vertex 24.4000 28.0000 -1.5000
        vertex 24.3862 27.7912 -3.1000
        vertex 24.3862 27.7912 -1.5000
    endloop
endfacet
facet normal 56.4868 70.1020 -7.7500
    outer loop
        vertex 24.3454 27.5859 -3.1000
        vertex 24.3862 27.7912 -1.5000
        vertex 24.3862 27.7912 -3.1000
    endloop
endfacet
facet normal 56.4868 70.1020 -7.7500
    outer loop
        vertex 24.3862 27.7912 -1.5000
        vertex 24.3454 27.5859 -3.1000
        vertex 24.3454 27.5859 -1.5000
    endloop
endfacet
facet normal 56.5044 70.1680 -7.7500
    outer loop
        vertex 24.2782 27.3877 -3.1000
        vertex 24.3454 27.5859 -1.5000
        vertex 24.3454 27.5859 -3.1000
    endloop
endfacet
facet normal 56.5044 70.1680 -7.7500
    outer loop
        vertex 24.3454 27.5859 -1.5000
        vertex 24.2782 27.3877 -3.1000
        vertex 24.2782 27.3877 -1.5000
    endloop
endfacet
facet normal 56.5308 70.2316 -7.7500
    outer loop
        vertex 24.1856 27.2000 -3.1000
        vertex 24.2782 27.3877 -1.5000
        vertex 24.2782 27.3877 -3.1000
    endloop
endfacet
facet normal 56.5308 70.2316 -7.7500
    outer loop
        vertex 24.2782 27.3877 -1.5000
        vertex 24.1856 27.2000 -3.1000
        vertex 24.1856 27.2000 -1.5000
    endloop
endfacet
facet normal 56.5648 70.2904 -7.7500
    outer loop
        vertex 24.0694 27.0259 -3.1000
        vertex 24.1856 27.2000 -1.5000
        vertex 24.1856 27.2000 -3.1000
    endloop
endfacet
facet normal 56.5648 70.2904 -7.7500
    outer loop
        vertex 24.1856 27.2000 -1.5000
        vertex 24.0694 27.0259 -3.1000
        vertex 24.0694 27.0259 -1.5000
    endloop
endfacet
facet normal 56.6068 70.3452 -7.7500
    outer loop
        vertex 23.9314 26.8686 -3.1000
        vertex 24.0694 27.0259 -1.5000
        vertex 24.0694 27.0259 -3.1000
    endloop
endfacet
facet normal 56.6068 70.3452 -7.7500
    outer loop
        vertex 24.0694 27.0259 -1.5000
        vertex 23.9314 26.8686 -3.1000
        vertex 23.9314 26.8686 -1.5000
    endloop
endfacet
facet normal 56.6548 70.3932 -7.7500
    outer loop
        vertex 23.7741 26.7306 -3.1000
        vertex 23.9314 26.8686 -1.5000
        vertex 23.9314 26.8686 -3.1000
    endloop
endfacet
facet normal 56.6548 70.3932 -7.7500
    outer loop
        vertex 23.9314 26.8686 -1.5000
        vertex 23.7741 26.7306 -3.1000
        vertex 23.7741 26.7306 -1.5000
    endloop
endfacet
facet normal 56.7096 70.4352 -7.7500
    outer loop
        vertex 23.6000 26.6144 -3.1000
        vertex 23.7741 26.7306 -1.5000
        vertex 23.7741 26.7306 -3.1000
    endloop
endfacet
facet normal 56.7096 70.4352 -7.7500
    outer loop
        vertex 23.7741 26.7306 -1.5000
        vertex 23.6000 26.6144 -3.1000
        vertex 23.6000 26.6144 -1.5000
    endloop
endfacet
facet normal 56.7684 70.4692 -7.7500
    outer loop
        vertex 23.4123 26.5218 -3.1000
        vertex 23.6000 26.6144 -1.5000
        vertex 23.6000 26.6144 -3.1000
    endloop
endfacet
facet normal 56.7684 70.4692 -7.7500
    outer loop
        vertex 23.6000 26.6144 -1.5000
        vertex 23.4123 26.5218 -3.1000
        vertex 23.4123 26.5218 -1.5000
    endloop
endfacet
facet normal 56.8320 70.4956 -7.7500
    outer loop
        vertex 23.2141 26.4546 -3.1000
        vertex 23.4123 26.5218 -1.5000
        vertex 23.4123 26.5218 -3.1000
    endloop
endfacet
facet normal 56.8320 70.4956 -7.7500
    outer loop
        vertex 23.4123 26.5218 -1.5000
        vertex 23.2141 26.4546 -3.1000
        vertex 23.2141 26.4546 -1.5000
    endloop
endfacet
facet normal 56.8980 70.5132 -7.7500
    outer loop
        vertex 23.0088 26.4138 -3.1000
        vertex 23.2141 26.4546 -1.5000
        vertex 23.2141 26.4546 -3.1000
    endloop
endfacet
facet normal 56.8980 70.5132 -7.7500
    outer loop
        vertex 23.2141 26.4546 -1.5000
        vertex 23.0088 26.4138 -3.1000
        vertex 23.0088 26.4138 -1.5000
    endloop
endfacet
facet normal 56.9656 70.5220 -7.7500
    outer loop
        vertex 22.8000 26.4000 -3.1000
        vertex 23.0088 26.4138 -1.5000
        vertex 23.0088 26.4138 -3.1000
    endloop
endfacet
facet normal 56.9656 70.5220 -7.7500
    outer loop
        vertex 23.0088 26.4138 -1.5000
        vertex 22.8000 26.4000 -3.1000
        vertex 22.8000 26.4000 -1.5000
    endloop
endfacet
facet normal 57.0344 70.5220 -7.7500
    outer loop
        vertex 22.5912 26.4138 -3.1000
        vertex 22.8000 26.4000 -1.5000
        vertex 22.8000 26.4000 -3.1000
    endloop
endfacet
facet normal 57.0344 70.5220 -7.7500
    outer loop
        vertex 22.8000 26.4000 -1.5000
        vertex 22.5912 26.4138 -3.1000
        vertex 22.5912 26.4138 -1.5000
    endloop
endfacet
facet normal 57.1020 70.5132 -7.7500
    outer loop
        vertex 22.3859 26.4546 -3.1000
        vertex 22.5912 26.4138 -1.5000
        vertex 22.5912 26.4138 -3.1000
    endloop
endfacet
facet normal 57.1020 70.5132 -7.7500
    outer loop
        vertex 22.5912 26.4138 -1.5000
        vertex 22.3859 26.4546 -3.1000
        vertex 22.3859 26.4546 -1.5000
    endloop
endfacet
facet normal 57.1680 70.4956 -7.7500
    outer loop
        vertex 22.1877 26.5218 -3.1000
        vertex 22.3859 26.4546 -1.5000
        vertex 22.3859 26.4546 -3.1000
    endloop
endfacet
facet normal 57.1680 70.4956 -7.7500
    outer loop
        vertex 22.3859 26.4546 -1.5000
        vertex 22.1877 26.5218 -3.1000
        vertex 22.1877 26.5218 -1.5000
    endloop
endfacet
facet normal 57.2316 70.4692 -7.7500
    outer loop
        vertex 22.0000 26.6144 -3.1000
        vertex 22.1877 26.5218 -1.5000
        vertex 22.1877 26.5218 -3.1000
    endloop
endfacet
facet normal 57.2316 70.4692 -7.7500
    outer loop
        vertex 22.1877 26.5218 -1.5000
        vertex 22.0000 26.6144 -3.1000
        vertex 22.0000 26.6144 -1.5000
    endloop
endfacet
facet normal 57.2904 70.4352 -7.7500
    outer loop
        vertex 21.8259 26.7306 -3.1000
        vertex 22.0000 26.6144 -1.5000
        vertex 22.0000 26.6144 -3.1000
    endloop
endfacet
facet normal 57.2904 70.4352 -7.7500
    outer loop
        vertex 22.0000 26.6144 -1.5000
        vertex 21.8259 26.7306 -3.1000
        vertex 21.8259 26.7306 -1.5000
    endloop
endfacet
facet normal 57.3452 70.3932 -7.7500
    outer loop
        vertex 21.6686 26.8686 -3.1000
        vertex 21.8259 26.7306 -1.5000
        vertex 21.8259 26.7306 -3.1000
    endloop
endfacet
facet normal 57.3452 70.3932 -7.7500
    outer loop
        vertex 21.8259 26.7306 -1.5000
        vertex 21.6686 26.8686 -3.1000
        vertex 21.6686 26.8686 -1.5000
    endloop
endfacet
facet normal 57.3932 70.3452 -7.7500
    outer loop
        vertex 21.5306 27.0259 -3.1000
        vertex 21.6686 26.8686 -1.5000
        vertex 21.6686 26.8686 -3.1000
    endloop
endfacet
facet normal 57.3932 70.3452 -7.7500
    outer loop
        vertex 21.6686 26.8686 -1.5000
        vertex 21.5306 27.0259 -3.1000
        vertex 21.5306 27.0259 -1.5000
    endloop
endfacet
facet normal 57.4352 70.2904 -7.7500
    outer loop
        vertex 21.4144 27.2000 -3.1000
        vertex 21.5306 27.0259 -1.5000
        vertex 21.5306 27.0259 -3.1000
    endloop
endfacet
facet normal 57.4352 70.2904 -7.7500
    outer loop
        vertex 21.5306 27.0259 -1.5000
        vertex 21.4144 27.2000 -3.1000
        vertex 21.4144 27.2000 -1.5000
    endloop
endfacet
facet normal 57.4692 70.2316 -7.7500
    outer loop
        vertex 21.3218 27.3877 -3.1000
        vertex 21.4144 27.2000 -1.5000
        vertex 21.4144 27.2000 -3.1000
    endloop
endfacet
facet normal 57.4692 70.2316 -7.7500
    outer loop
        vertex 21.4144 27.2000 -1.5000
        vertex 21.3218 27.3877 -3.1000
        vertex 21.3218 27.3877 -1.5000
    endloop
endfacet
facet normal 57.4956 70.1680 -7.7500
    outer loop
        vertex 21.2546 27.5859 -3.1000
        vertex 21.3218 27.3877 -1.5000
        vertex 21.3218 27.3877 -3.1000
    endloop
endfacet
facet normal 57.4956 70.1680 -7.7500
    outer loop
        vertex 21.3218 27.3877 -1.5000
        vertex 21.2546 27.5859 -3.1000
        vertex 21.2546 27.5859 -1.5000
    endloop
endfacet
facet normal 57.5132 70.1020 -7.7500
    outer loop
        vertex 21.2138 27.7912 -3.1000
        vertex 21.2546 27.5859 -1.5000
        vertex 21.2546 27.5859 -3.1000
    endloop
endfacet
facet normal 57.5132 70.1020 -7.7500
    outer loop
        vertex 21.2546 27.5859 -1.5000
        vertex 21.2138 27.7912 -3.1000
        vertex 21.2138 27.7912 -1.5000
    endloop
endfacet
facet normal 57.5220 70.0344 -7.7500
    outer loop
        vertex 21.2000 28.0000 -3.1000
        vertex 21.2138 27.7912 -1.5000
        vertex 21.2138 27.7912 -3.1000
    endloop
endfacet
facet normal 57.5220 70.0344 -7.7500
    outer loop
        vertex 21.2138 27.7912 -1.5000
        vertex 21.2000 28.0000 -3.1000
        vertex 21.2000 28.0000 -1.5000
    endloop
endfacet
facet normal 57.5220 69.9656 -7.7500
    outer loop
        vertex 21.2138 28.2088 -3.1000
        vertex 21.2000 28.0000 -1.5000
        vertex 21.2000 28.0000 -3.1000
    endloop
endfacet
facet normal 57.5220 69.9656 -7.7500
    outer loop
        vertex 21.2000 28.0000 -1.5000
        vertex 21.2138 28.2088 -3.1000
        vertex 21.2138 28.2088 -1.5000
    endloop
endfacet
facet normal 57.5132 69.8980 -7.7500
    outer loop
        vertex 21.2546 28.4141 -3.1000
        vertex 21.2138 28.2088 -1.5000
        vertex 21.2138 28.2088 -3.1000
    endloop
endfacet
facet normal 57.5132 69.8980 -7.7500
    outer loop
        vertex 21.2138 28.2088 -1.5000
        vertex 21.2546 28.4141 -3.1000
        vertex 21.2546 28.4141 -1.5000
    endloop
endfacet
facet normal 57.4956 69.8320 -7.7500
    outer loop
        vertex 21.3218 28.6123 -3.1000
        vertex 21.2546 28.4141 -1.5000
        vertex 21.2546 28.4141 -3.1000
    endloop
endfacet
facet normal 57.4956 69.8320 -7.7500
    outer loop
        vertex 21.2546 28.4141 -1.5000
        vertex 21.3218 28.6123 -3.1000
        vertex 21.3218 28.6123 -1.5000
    endloop
endfacet
facet normal 57.4692 69.7684 -7.7500
    outer loop
        vertex 21.4144 28.8000 -3.1000
        vertex 21.3218 28.6123 -1.5000
        vertex 21.3218 28.6123 -3.1000
    endloop
endfacet
facet normal 57.4692 69.7684 -7.7500
    outer loop
        vertex 21.3218 28.6123 -1.5000
        vertex 21.4144 28.8000 -3.1000
        vertex 21.4144 28.8000 -1.5000
    endloop
endfacet
facet normal 57.4352 69.7096 -7.7500
    outer loop
        vertex 21.5306 28.9741 -3.1000
        vertex 21.4144 28.8000 -1.5000
        vertex 21.4144 28.8000 -3.1000
    endloop
endfacet
facet normal 57.4352 69.7096 -7.7500
    outer loop
        vertex 21.4144 28.8000 -1.5000
        vertex 21.5306 28.9741 -3.1000
        vertex 21.5306 28.9741 -1.5000
    endloop
endfacet
facet normal 57.3932 69.6548 -7.7500
    outer loop
        vertex 21.6686 29.1314 -3.1000
        vertex 21.5306 28.9741 -1.5000
        vertex 21.5306 28.9741 -3.1000
    endloop
endfacet
facet normal 57.3932 69.6548 -7.7500
    outer loop
        vertex 21.5306 28.9741 -1.5000
        vertex 21.6686 29.1314 -3.1000
        vertex 21.6686 29.1314 -1.5000
    endloop
endfacet
facet normal 57.3452 69.6068 -7.7500
    outer loop
        vertex 21.8259 29.2694 -3.1000
        vertex 21.6686 29.1314 -1.5000
        vertex 21.6686 29.1314 -3.1000
    endloop
endfacet
facet normal 57.3452 69.6068 -7.7500
    outer loop
        vertex 21.6686 29.1314 -1.5000
        vertex 21.8259 29.2694 -3.1000
        vertex 21.8259 29.2694 -1.5000
    endloop
endfacet
facet normal 57.2904 69.5648 -7.7500
    outer loop
        vertex 22.0000 29.3856 -3.1000
        vertex 21.8259 29.2694 -1.5000
        vertex 21.8259 29.2694 -3.1000
    endloop
endfacet
facet normal 57.2904 69.5648 -7.7500
    outer loop
        vertex 21.8259 29.2694 -1.5000
        vertex 22.0000 29.3856 -3.1000
        vertex 22.0000 29.3856 -1.5000
    endloop
endfacet
facet normal 57.2316 69.5308 -7.7500
    outer loop
        vertex 22.1877 29.4782 -3.1000
        vertex 22.0000 29.3856 -1.5000
        vertex 22.0000 29.3856 -3.1000
    endloop
endfacet
facet normal 57.2316 69.5308 -7.7500
    outer loop
        vertex 22.0000 29.3856 -1.5000
        vertex 22.1877 29.4782 -3.1000
        vertex 22.1877 29.4782 -1.5000
    endloop
endfacet
facet normal 57.1680 69.5044 -7.7500
    outer loop
        vertex 22.3859 29.5454 -3.1000
        vertex 22.1877 29.4782 -1.5000
        vertex 22.1877 29.4782 -3.1000
    endloop
endfacet
facet normal 57.1680 69.5044 -7.7500
    outer loop
        vertex 22.1877 29.4782 -1.5000
        vertex 22.3859 29.5454 -3.1000
        vertex 22.3859 29.5454 -1.5000
    endloop
endfacet
facet normal 57.1020 69.4868 -7.7500
    outer loop
        vertex 22.5912 29.5862 -3.1000
        vertex 22.3859 29.5454 -1.5000
        vertex 22.3859 29.5454 -3.1000
    endloop
endfacet
facet normal 57.1020 69.4868 -7.7500
    outer loop
        vertex 22.3859 29.5454 -1.5000
        vertex 22.5912 29.5862 -3.1000
        vertex 22.5912 29.5862 -1.5000
    endloop
endfacet
facet normal 57.0344 69.4780 -7.7500
    outer loop
        vertex 22.8000 29.6000 -3.1000
        vertex 22.5912 29.5862 -1.5000
        vertex 22.5912 29.5862 -3.1000
    endloop
endfacet
facet normal 57.0344 69.4780 -7.7500
    outer loop
        vertex 22.5912 29.5862 -1.5000
        vertex 22.8000 29.6000 -3.1000
        vertex 22.8000 29.6000 -1.5000
    endloop
endfacet
facet normal 57.0516 70.7830 -7.7500
    outer loop
        vertex 23.1132 30.3794 -3.1000
        vertex 22.8000 30.4000 -3.1000
        vertex 22.8000 30.4000 -1.5000
    endloop
endfacet
facet normal 57.0516 70.7830 -7.7500
    outer loop
        vertex 22.8000 30.4000 -1.5000
        vertex 23.1132 30.3794 -1.5000
        vertex 23.1132 30.3794 -3.1000
    endloop
endfacet
facet normal 57.1530 70.7698 -7.7500
    outer loop
        vertex 23.4211 30.3182 -3.1000
        vertex 23.1132 30.3794 -3.1000
        vertex 23.1132 30.3794 -1.5000
    endloop
endfacet
facet normal 57.1530 70.7698 -7.7500
    outer loop
        vertex 23.1132 30.3794 -1.5000
        vertex 23.4211 30.3182 -1.5000
        vertex 23.4211 30.3182 -3.1000
    endloop
endfacet
facet normal 57.2520 70.7434 -7.7500
    outer loop
        vertex 23.7185 30.2174 -3.1000
        vertex 23.4211 30.3182 -3.1000
        vertex 23.4211 30.3182 -1.5000
    endloop
endfacet
facet normal 57.2520 70.7434 -7.7500
    outer loop
        vertex 23.4211 30.3182 -1.5000
        vertex 23.7185 30.2174 -1.5000
        vertex 23.7185 30.2174 -3.1000
    endloop
endfacet
facet normal 57.3474 70.7038 -7.7500
    outer loop
        vertex 24.0000 30.0784 -3.1000
        vertex 23.7185 30.2174 -3.1000
        vertex 23.7185 30.2174 -1.5000
    endloop
endfacet
facet normal 57.3474 70.7038 -7.7500
    outer loop
        vertex 23.7185 30.2174 -1.5000
        vertex 24.0000 30.0784 -1.5000
        vertex 24.0000 30.0784 -3.1000
    endloop
endfacet
facet normal 57.4356 70.6528 -7.7500
    outer loop
        vertex 24.2611 29.9042 -3.1000
        vertex 24.0000 30.0784 -3.1000
        vertex 24.0000 30.0784 -1.5000
    endloop
endfacet
facet normal 57.4356 70.6528 -7.7500
    outer loop
        vertex 24.0000 30.0784 -1.5000
        vertex 24.2611 29.9042 -1.5000
        vertex 24.2611 29.9042 -3.1000
    endloop
endfacet
facet normal 57.5178 70.5898 -7.7500
    outer loop
        vertex 24.4970 29.6970 -3.1000
        vertex 24.2611 29.9042 -3.1000
        vertex 24.2611 29.9042 -1.5000
    endloop
endfacet
facet normal 57.5178 70.5898 -7.7500
    outer loop
        vertex 24.2611 29.9042 -1.5000
        vertex 24.4970 29.6970 -1.5000
        vertex 24.4970 29.6970 -3.1000
    endloop
endfacet
facet normal 57.5898 70.5178 -7.7500
    outer loop
        vertex 24.7042 29.4611 -3.1000
        vertex 24.4970 29.6970 -3.1000
        vertex 24.4970 29.6970 -1.5000
    endloop
endfacet
facet normal 57.5898 70.5178 -7.7500
    outer loop
        vertex 24.4970 29.6970 -1.5000
        vertex 24.7042 29.4611 -1.5000
        vertex 24.7042 29.4611 -3.1000
    endloop
endfacet
facet normal 57.6528 70.4356 -7.7500
    outer loop
        vertex 24.8784 29.2000 -3.1000
        vertex 24.7042 29.4611 -3.1000
        vertex 24.7042 29.4611 -1.5000
    endloop
endfacet
facet normal 57.6528 70.4356 -7.7500
    outer loop
        vertex 24.7042 29.4611 -1.5000
        vertex 24.8784 29.2000 -1.5000
        vertex 24.8784 29.2000 -3.1000
    endloop
endfacet
facet normal 57.7038 70.3474 -7.7500
    outer loop
        vertex 25.0174 28.9185 -3.1000
        vertex 24.8784 29.2000 -3.1000
        vertex 24.8784 29.2000 -1.5000
    endloop
endfacet
facet normal 57.7038 70.3474 -7.7500
    outer loop
        vertex 24.8784 29.2000 -1.5000
        vertex 25.0174 28.9185 -1.5000
        vertex 25.0174 28.9185 -3.1000
    endloop
endfacet
facet normal 57.7434 70.2520 -7.7500
    outer loop
        vertex 25.1182 28.6211 -3.1000
        vertex 25.0174 28.9185 -3.1000
        vertex 25.0174 28.9185 -1.5000
    endloop
endfacet
facet normal 57.7434 70.2520 -7.7500
    outer loop
        vertex 25.0174 28.9185 -1.5000
        vertex 25.1182 28.6211 -1.5000
        vertex 25.1182 28.6211 -3.1000
    endloop
endfacet
facet normal 57.7698 70.1530 -7.7500
    outer loop
        vertex 25.1794 28.3132 -3.1000
        vertex 25.1182 28.6211 -3.1000
        vertex 25.1182 28.6211 -1.5000
    endloop
endfacet
facet normal 57.7698 70.1530 -7.7500
    outer loop
        vertex 25.1182 28.6211 -1.5000
        vertex 25.1794 28.3132 -1.5000
        vertex 25.1794 28.3132 -3.1000
    endloop
endfacet
facet normal 57.7830 70.0516 -7.7500
    outer loop
        vertex 25.2000 28.0000 -3.1000
        vertex 25.1794 28.3132 -3.1000
        vertex 25.1794 28.3132 -1.5000
    endloop
endfacet
facet normal 57.7830 70.0516 -7.7500
    outer loop
        vertex 25.1794 28.3132 -1.5000
        vertex 25.2000 28.0000 -1.5000
        vertex 25.2000 28.0000 -3.1000
    endloop
endfacet
facet normal 57.7830 69.9484 -7.7500
    outer loop
        vertex 25.1794 27.6868 -3.1000
        vertex 25.2000 28.0000 -3.1000
        vertex 25.2000 28.0000 -1.5000
    endloop
endfacet
facet normal 57.7830 69.9484 -7.7500
    outer loop
        vertex 25.2000 28.0000 -1.5000
        vertex 25.1794 27.6868 -1.5000
        vertex 25.1794 27.6868 -3.1000
    endloop
endfacet
facet normal 57.7698 69.8470 -7.7500
    outer loop
        vertex 25.1182 27.3789 -3.1000
        vertex 25.1794 27.6868 -3.1000
        vertex 25.1794 27.6868 -1.5000
    endloop
endfacet
facet normal 57.7698 69.8470 -7.7500
    outer loop
        vertex 25.1794 27.6868 -1.5000
        vertex 25.1182 27.3789 -1.5000
        vertex 25.1182 27.3789 -3.1000
    endloop
endfacet
facet normal 57.7434 69.7480 -7.7500
    outer loop
        vertex 25.0174 27.0815 -3.1000
        vertex 25.1182 27.3789 -3.1000
        vertex 25.1182 27.3789 -1.5000
    endloop
endfacet
facet normal 57.7434 69.7480 -7.7500
    outer loop
        vertex 25.1182 27.3789 -1.5000
        vertex 25.0174 27.0815 -1.5000
        vertex 25.0174 27.0815 -3.1000
    endloop
endfacet
facet normal 57.7038 69.6526 -7.7500
    outer loop
        vertex 24.8784 26.8000 -3.1000
        vertex 25.0174 27.0815 -3.1000
        vertex 25.0174 27.0815 -1.5000
    endloop
endfacet
facet normal 57.7038 69.6526 -7.7500
    outer loop
        vertex 25.0174 27.0815 -1.5000
        vertex 24.8784 26.8000 -1.5000
        vertex 24.8784 26.8000 -3.1000
    endloop
endfacet
facet normal 57.6528 69.5644 -7.7500
    outer loop
        vertex 24.7042 26.5389 -3.1000
        vertex 24.8784 26.8000 -3.1000
        vertex 24.8784 26.8000 -1.5000
    endloop
endfacet
facet normal 57.6528 69.5644 -7.7500
    outer loop
        vertex 24.8784 26.8000 -1.5000
        vertex 24.7042 26.5389 -1.5000
        vertex 24.7042 26.5389 -3.1000
    endloop
endfacet
facet normal 57.5898 69.4822 -7.7500
    outer loop
        vertex 24.4970 26.3030 -3.1000
        vertex 24.7042 26.5389 -3.1000
        vertex 24.7042 26.5389 -1.5000
    endloop
endfacet
facet normal 57.5898 69.4822 -7.7500
    outer loop
        vertex 24.7042 26.5389 -1.5000
        vertex 24.4970 26.3030 -1.5000
        vertex 24.4970 26.3030 -3.1000
    endloop
endfacet
facet normal 57.5178 69.4102 -7.7500
    outer loop
        vertex 24.2611 26.0958 -3.1000
        vertex 24.4970 26.3030 -3.1000
        vertex 24.4970 26.3030 -1.5000
    endloop
endfacet
facet normal 57.5178 69.4102 -7.7500
    outer loop
        vertex 24.4970 26.3030 -1.5000
        vertex 24.2611 26.0958 -1.5000
        vertex 24.2611 26.0958 -3.1000
    endloop
endfacet
facet normal 57.4356 69.3472 -7.7500
    outer loop
        vertex 24.0000 25.9216 -3.1000
        vertex 24.2611 26.0958 -3.1000
        vertex 24.2611 26.0958 -1.5000
    endloop
endfacet
facet normal 57.4356 69.3472 -7.7500
    outer loop
        vertex 24.2611 26.0958 -1.5000
        vertex 24.0000 25.9216 -1.5000
        vertex 24.0000 25.9216 -3.1000
    endloop
endfacet
facet normal 57.3474 69.2962 -7.7500
    outer loop
        vertex 23.7185 25.7826 -3.1000
        vertex 24.0000 25.9216 -3.1000
        vertex 24.0000 25.9216 -1.5000
    endloop
endfacet
facet normal 57.3474 69.2962 -7.7500
    outer loop
        vertex 24.0000 25.9216 -1.5000
        vertex 23.7185 25.7826 -1.5000
        vertex 23.7185 25.7826 -3.1000
    endloop
endfacet
facet normal 57.2520 69.2566 -7.7500
    outer loop
        vertex 23.4211 25.6818 -3.1000
        vertex 23.7185 25.7826 -3.1000
        vertex 23.7185 25.7826 -1.5000
    endloop
endfacet
facet normal 57.2520 69.2566 -7.7500
    outer loop
        vertex 23.7185 25.7826 -1.5000
        vertex 23.4211 25.6818 -1.5000
        vertex 23.4211 25.6818 -3.1000
    endloop
endfacet
facet normal 57.1530 69.2302 -7.7500
    outer loop
        vertex 23.1132 25.6206 -3.1000
        vertex 23.4211 25.6818 -3.1000
        vertex 23.4211 25.6818 -1.5000
    endloop
endfacet
facet normal 57.1530 69.2302 -7.7500
    outer loop
        vertex 23.4211 25.6818 -1.5000
        vertex 23.1132 25.6206 -1.5000
        vertex 23.1132 25.6206 -3.1000
    endloop
endfacet
facet normal 57.0516 69.2170 -7.7500
    outer loop
        vertex 22.8000 25.6000 -3.1000
        vertex 23.1132 25.6206 -3.1000
        vertex 23.1132 25.6206 -1.5000
    endloop
endfacet
facet normal 57.0516 69.2170 -7.7500
    outer loop
        vertex 23.1132 25.6206 -1.5000
        vertex 22.8000 25.6000 -1.5000
        vertex 22.8000 25.6000 -3.1000
    endloop
endfacet
facet normal 56.9484 69.2170 -7.7500
    outer loop
        vertex 22.4868 25.6206 -3.1000
        vertex 22.8000 25.6000 -3.1000
        vertex 22.8000 25.6000 -1.5000
    endloop
endfacet
facet normal 56.9484 69.2170 -7.7500
    outer loop
        vertex 22.8000 25.6000 -1.5000
        vertex 22.4868 25.6206 -1.5000
        vertex 22.4868 25.6206 -3.1000
    endloop
endfacet
facet normal 56.8470 69.2302 -7.7500
    outer loop
        vertex 22.1789 25.6818 -3.1000
        vertex 22.4868 25.6206 -3.1000
        vertex 22.4868 25.6206 -1.5000
    endloop
endfacet
facet normal 56.8470 69.2302 -7.7500
    outer loop
        vertex 22.4868 25.6206 -1.5000
        vertex 22.1789 25.6818 -1.5000
        vertex 22.1789 25.6818 -3.1000
    endloop
endfacet
facet normal 56.7480 69.2566 -7.7500
    outer loop
        vertex 21.8815 25.7826 -3.1000
        vertex 22.1789 25.6818 -3.1000
        vertex 22.1789 25.6818 -1.5000
    endloop
endfacet
facet normal 56.7480 69.2566 -7.7500
    outer loop
        vertex 22.1789 25.6818 -1.5000
        vertex 21.8815 25.7826 -1.5000
        vertex 21.8815 25.7826 -3.1000
    endloop
endfacet
facet normal 56.6526 69.2962 -7.7500
    outer loop
        vertex 21.6000 25.9216 -3.1000
        vertex 21.8815 25.7826 -3.1000
        vertex 21.8815 25.7826 -1.5000
    endloop
endfacet
facet normal 56.6526 69.2962 -7.7500
    outer loop
        vertex 21.8815 25.7826 -1.5000
        vertex 21.6000 25.9216 -1.5000
        vertex 21.6000 25.9216 -3.1000
    endloop
endfacet
facet normal 56.5644 69.3472 -7.7500
    outer loop
        vertex 21.3389 26.0958 -3.1000
        vertex 21.6000 25.9216 -3.1000
        vertex 21.6000 25.9216 -1.5000
    endloop
endfacet
facet normal 56.5644 69.3472 -7.7500
    outer loop
        vertex 21.6000 25.9216 -1.5000
        vertex 21.3389 26.0958 -1.5000
        vertex 21.3389 26.0958 -3.1000
    endloop
endfacet
facet normal 56.4822 69.4102 -7.7500
    outer loop
        vertex 21.1030 26.3030 -3.1000
        vertex 21.3389 26.0958 -3.1000
        vertex 21.3389 26.0958 -1.5000
    endloop
endfacet
facet normal 56.4822 69.4102 -7.7500
    outer loop
        vertex 21.3389 26.0958 -1.5000
        vertex 21.1030 26.3030 -1.5000
        vertex 21.1030 26.3030 -3.1000
    endloop
endfacet
facet normal 56.4102 69.4822 -7.7500
    outer loop
        vertex 20.8958 26.5389 -3.1000
        vertex 21.1030 26.3030 -3.1000
        vertex 21.1030 26.3030 -1.5000
    endloop
endfacet
facet normal 56.4102 69.4822 -7.7500
    outer loop
        vertex 21.1030 26.3030 -1.5000
        vertex 20.8958 26.5389 -1.5000
        vertex 20.8958 26.5389 -3.1000
    endloop
endfacet
facet normal 56.3472 69.5644 -7.7500
    outer loop
        vertex 20.7216 26.8000 -3.1000
        vertex 20.8958 26.5389 -3.1000
        vertex 20.8958 26.5389 -1.5000
    endloop
endfacet
facet normal 56.3472 69.5644 -7.7500
    outer loop
        vertex 20.8958 26.5389 -1.5000
        vertex 20.7216 26.8000 -1.5000
        vertex 20.7216 26.8000 -3.1000
    endloop
endfacet
facet normal 56.2962 69.6526 -7.7500
    outer loop
        vertex 20.5826 27.0815 -3.1000
        vertex 20.7216 26.8000 -3.1000
        vertex 20.7216 26.8000 -1.5000
    endloop
endfacet
facet normal 56.2962 69.6526 -7.7500
    outer loop
        vertex 20.7216 26.8000 -1.5000
        vertex 20.5826 27.0815 -1.5000
        vertex 20.5826 27.0815 -3.1000
    endloop
endfacet
facet normal 56.2566 69.7480 -7.7500
    outer loop
        vertex 20.4818 27.3789 -3.1000
        vertex 20.5826 27.0815 -3.1000
        vertex 20.5826 27.0815 -1.5000
    endloop
endfacet
facet normal 56.2566 69.7480 -7.7500
    outer loop
        vertex 20.5826 27.0815 -1.5000
        vertex 20.4818 27.3789 -1.5000
        vertex 20.4818 27.3789 -3.1000
    endloop
endfacet
facet normal 56.2302 69.8470 -7.7500
    outer loop
        vertex 20.4206 27.6868 -3.1000
        vertex 20.4818 27.3789 -3.1000
        vertex 20.4818 27.3789 -1.5000
    endloop
endfacet
facet normal 56.2302 69.8470 -7.7500
    outer loop
        vertex 20.4818 27.3789 -1.5000
        vertex 20.4206 27.6868 -1.5000
        vertex 20.4206 27.6868 -3.1000
    endloop
endfacet
facet normal 56.2170 69.9484 -7.7500
    outer loop
        vertex 20.4000 28.0000 -3.1000
        vertex 20.4206 27.6868 -3.1000
        vertex 20.4206 27.6868 -1.5000
    endloop
endfacet
facet normal 56.2170 69.9484 -7.7500
    outer loop
        vertex 20.4206 27.6868 -1.5000
        vertex 20.4000 28.0000 -1.5000
        vertex 20.4000 28.0000 -3.1000
    endloop
endfacet
facet normal 56.2170 70.0516 -7.7500
    outer loop
        vertex 20.4206 28.3132 -3.1000
        vertex 20.4000 28.0000 -3.1000
        vertex 20.4000 28.0000 -1.5000
    endloop
endfacet
facet normal 56.2170 70.0516 -7.7500
    outer loop
        vertex 20.4000 28.0000 -1.5000
        vertex 20.4206 28.3132 -1.5000
        vertex 20.4206 28.3132 -3.1000
    endloop
endfacet
facet normal 56.2302 70.1530 -7.7500
    outer loop
        vertex 20.4818 28.6211 -3.1000
        vertex 20.4206 28.3132 -3.1000
        vertex 20.4206 28.3132 -1.5000
    endloop
endfacet
facet normal 56.2302 70.1530 -7.7500
    outer loop
        vertex 20.4206 28.3132 -1.5000
        vertex 20.4818 28.6211 -1.5000
        vertex 20.4818 28.6211 -3.1000
    endloop
endfacet
facet normal 56.2566 70.2520 -7.7500
    outer loop
        vertex 20.5826 28.9185 -3.1000
        vertex 20.4818 28.6211 -3.1000
        vertex 20.4818 28.6211 -1.5000
    endloop
endfacet
facet normal 56.2566 70.2520 -7.7500
    outer loop
        vertex 20.4818 28.6211 -1.5000
        vertex 20.5826 28.9185 -1.5000
        vertex 20.5826 28.9185 -3.1000
    endloop
endfacet
facet normal 56.2962 70.3474 -7.7500
    outer loop
        vertex 20.7216 29.2000 -3.1000
        vertex 20.5826 28.9185 -3.1000
        vertex 20.5826 28.9185 -1.5000
    endloop
endfacet
facet normal 56.2962 70.3474 -7.7500
    outer loop
        vertex 20.5826 28.9185 -1.5000
        vertex 20.7216 29.2000 -1.5000
        vertex 20.7216 29.2000 -3.1000
    endloop
endfacet
facet normal 56.3472 70.4356 -7.7500
    outer loop
        vertex 20.8958 29.4611 -3.1000
        vertex 20.7216 29.2000 -3.1000
        vertex 20.7216 29.2000 -1.5000
    endloop
endfacet
facet normal 56.3472 70.4356 -7.7500
    outer loop
        vertex 20.7216 29.2000 -1.5000
        vertex 20.8958 29.4611 -1.5000
        vertex 20.8958 29.4611 -3.1000
    endloop
endfacet
facet normal 56.4102 70.5178 -7.7500
    outer loop
        vertex 21.1030 29.6970 -3.1000
        vertex 20.8958 29.4611 -3.1000
        vertex 20.8958 29.4611 -1.5000
    endloop
endfacet
facet normal 56.4102 70.5178 -7.7500
    outer loop
        vertex 20.8958 29.4611 -1.5000
        vertex 21.1030 29.6970 -1.5000
        vertex 21.1030 29.6970 -3.1000
    endloop
endfacet
facet normal 56.4822 70.5898 -7.7500
    outer loop
        vertex 21.3389 29.9042 -3.1000
        vertex 21.1030 29.6970 -3.1000
        vertex 21.1030 29.6970 -1.5000
    endloop
endfacet
facet normal 56.4822 70.5898 -7.7500
    outer loop
        vertex 21.1030 29.6970 -1.5000
        vertex 21.3389 29.9042 -1.5000
        vertex 21.3389 29.9042 -3.1000
    endloop
endfacet
facet normal 56.5644 70.6528 -7.7500
    outer loop
        vertex 21.6000 30.0784 -3.1000
        vertex 21.3389 29.9042 -3.1000
        vertex 21.3389 29.9042 -1.5000
    endloop
endfacet
facet normal 56.5644 70.6528 -7.7500
    outer loop
        vertex 21.3389 29.9042 -1.5000
        vertex 21.6000 30.0784 -1.5000
        vertex 21.6000 30.0784 -3.1000
    endloop
endfacet
facet normal 56.6526 70.7038 -7.7500
    outer loop
        vertex 21.8815 30.2174 -3.1000
        vertex 21.6000 30.0784 -3.1000
        vertex 21.6000 30.0784 -1.5000
    endloop
endfacet
facet normal 56.6526 70.7038 -7.7500
    outer loop
        vertex 21.6000 30.0784 -1.5000
        vertex 21.8815 30.2174 -1.5000
        vertex 21.8815 30.2174 -3.1000
    endloop
endfacet
facet normal 56.7480 70.7434 -7.7500
    outer loop
        vertex 22.1789 30.3182 -3.1000
        vertex 21.8815 30.2174 -3.1000
        vertex 21.8815 30.2174 -1.5000
    endloop
endfacet
facet normal 56.7480 70.7434 -7.7500
    outer loop
        vertex 21.8815 30.2174 -1.5000
        vertex 22.1789 30.3182 -1.5000
        vertex 22.1789 30.3182 -3.1000
    endloop
endfacet
facet normal 56.8470 70.7698 -7.7500
    outer loop
        vertex 22.4868 30.3794 -3.1000
        vertex 22.1789 30.3182 -3.1000
        vertex 22.1789 30.3182 -1.5000
    endloop
endfacet
facet normal 56.8470 70.7698 -7.7500
    outer loop
        vertex 22.1789 30.3182 -1.5000
        vertex 22.4868 30.3794 -1.5000
        vertex 22.4868 30.3794 -3.1000
    endloop
endfacet
facet normal 56.9484 70.7830 -7.7500
    outer loop
        vertex 22.8000 30.4000 -3.1000
        vertex 22.4868 30.3794 -3.1000
        vertex 22.4868 30.3794 -1.5000
    endloop
endfacet
facet normal 56.9484 70.7830 -7.7500
    outer loop
        vertex 22.4868 30.3794 -1.5000
        vertex 22.8000 30.4000 -1.5000
        vertex 22.8000 30.4000 -3.1000
    endloop
endfacet
facet normal 57.0000 70.0000 -8.1415
    outer loop
        vertex 22.8000 30.4000 -3.1000
        vertex 23.1132 30.3794 -3.1000
        vertex 23.0088 29.5862 -3.1000
    endloop
endfacet
facet normal 57.0000 70.0000 -8.0110
    outer loop
        vertex 23.0088 29.5862 -3.1000
        vertex 22.8000 29.6000 -3.1000
        vertex 22.8000 30.4000 -3.1000
    endloop
endfacet
facet normal 57.0000 70.0000 -8.1416
    outer loop
        vertex 23.1132 30.3794 -3.1000
        vertex 23.4211 30.3182 -3.1000
        vertex 23.2141 29.5454 -3.1000
    endloop
endfacet
facet normal 57.0000 70.0000 -8.0110
    outer loop
        vertex 23.2141 29.5454 -3.1000
        vertex 23.0088 29.5862 -3.1000
        vertex 23.1132 30.3794 -3.1000
    endloop
endfacet
facet normal 57.0000 70.0000 -8.1416
    outer loop
        vertex 23.4211 30.3182 -3.1000
        vertex 23.7185 30.2174 -3.1000
        vertex 23.4123 29.4782 -3.1000
    endloop
endfacet
facet normal 57.0000 70.0000 -8.0111
    outer loop
        vertex 23.4123 29.4782 -3.1000
        vertex 23.2141 29.5454 -3.1000
        vertex 23.4211 30.3182 -3.1000
    endloop
endfacet
facet normal 57.0000 70.0000 -8.1416
    outer loop
        vertex 23.7185 30.2174 -3.1000
        vertex 24.0000 30.0784 -3.1000
        vertex 23.6000 29.3856 -3.1000
    endloop
endfacet
facet normal 57.0000 70.0000 -8.0111
    outer loop
        vertex 23.6000 29.3856 -3.1000
        vertex 23.4123 29.4782 -3.1000
        vertex 23.7185 30.2174 -3.1000
    endloop
endfacet
facet normal 57.0000 70.0000 -8.1416
    outer loop
        vertex 24.0000 30.0784 -3.1000
        vertex 24.2611 29.9042 -3.1000
        vertex 23.7741 29.2694 -3.1000
    endloop
endfacet
facet normal 57.0000 70.0000 -8.0110
    outer loop
        vertex 23.7741 29.2694 -3.1000
        vertex 23.6000 29.3856 -3.1000
        vertex 24.0000 30.0784 -3.1000
    endloop
endfacet
facet normal 57.0000 70.0000 -8.1416
    outer loop
        vertex 24.2611 29.9042 -3.1000
        vertex 24.4970 29.6970 -3.1000
        vertex 23.9314 29.1314 -3.1000
    endloop
endfacet
facet normal 57.0000 70.0000 -8.0111
    outer loop
        vertex 23.9314 29.1314 -3.1000
        vertex 23.7741 29.2694 -3.1000
        vertex 24.2611 29.9042 -3.1000
    endloop
endfacet
facet normal 57.0000 70.0000 -8.1416
    outer loop
        vertex 24.4970 29.6970 -3.1000
        vertex 24.7042 29.4611 -3.1000
        vertex 24.0694 28.9741 -3.1000
    endloop
endfacet
facet normal 57.0000 70.0000 -8.0111
    outer loop
        vertex 24.0694 28.9741 -3.1000
        vertex 23.9314 29.1314 -3.1000
        vertex 24.4970 29.6970 -3.1000
    endloop
endfacet
facet normal 57.0000 70.0000 -8.1416
    outer loop
        vertex 24.7042 29.4611 -3.1000
        vertex 24.8784 29.2000 -3.1000
        vertex 24.1856 28.8000 -3.1000
    endloop
endfacet
facet normal 57.0000 70.0000 -8.0110
    outer loop
        vertex 24.1856 28.8000 -3.1000
        vertex 24.0694 28.9741 -3.1000
        vertex 24.7042 29.4611 -3.1000
    endloop
endfacet
facet normal 57.0000 70.0000 -8.1416
    outer loop
        vertex 24.8784 29.2000 -3.1000
        vertex 25.0174 28.9185 -3.1000
        vertex 24.2782 28.6123 -3.1000
    endloop
endfacet
facet normal 57.0000 70.0000 -8.0111
    outer loop
        vertex 24.2782 28.6123 -3.1000
        vertex 24.1856 28.8000 -3.1000
        vertex 24.8784 29.2000 -3.1000
    endloop
endfacet
facet normal 57.0000 70.0000 -8.1416
    outer loop
        vertex 25.0174 28.9185 -3.1000
        vertex 25.1182 28.6211 -3.1000
        vertex 24.3454 28.4141 -3.1000
    endloop
endfacet
facet normal 57.0000 70.0000 -8.0111
    outer loop
        vertex 24.3454 28.4141 -3.1000
        vertex 24.2782 28.6123 -3.1000
        vertex 25.0174 28.9185 -3.1000
    endloop
endfacet
facet normal 57.0000 70.0000 -8.1416
    outer loop
        vertex 25.1182 28.6211 -3.1000
        vertex 25.1794 28.3132 -3.1000
        vertex 24.3862 28.2088 -3.1000
    endloop
endfacet
facet normal 57.0000 70.0000 -8.0110
    outer loop
        vertex 24.3862 28.2088 -3.1000
        vertex 24.3454 28.4141 -3.1000
        vertex 25.1182 28.6211 -3.1000
    endloop
endfacet
facet normal 57.0000 70.0000 -8.1415
    outer loop
        vertex 25.1794 28.3132 -3.1000
        vertex 25.2000 28.0000 -3.1000
        vertex 24.4000 28.0000 -3.1000
    endloop
endfacet
facet normal 57.0000 70.0000 -8.0110
    outer loop
        vertex 24.4000 28.0000 -3.1000
        vertex 24.3862 28.2088 -3.1000
        vertex 25.1794 28.3132 -3.1000
    endloop
endfacet
facet normal 57.0000 70.0000 -8.1415
    outer loop
        vertex 25.2000 28.0000 -3.1000
        vertex 25.1794 27.6868 -3.1000
        vertex 24.3862 27.7912 -3.1000
    endloop
endfacet
facet normal 57.0000 70.0000 -8.0110
    outer loop
        vertex 24.3862 27.7912 -3.1000
        vertex 24.4000 28.0000 -3.1000
        vertex 25.2000 28.0000 -3.1000
    endloop
endfacet
facet normal 57.0000 70.0000 -8.1416
    outer loop
        vertex 25.1794 27.6868 -3.1000
        vertex 25.1182 27.3789 -3.1000
        vertex 24.3454 27.5859 -3.1000
    endloop
endfacet
facet normal 57.0000 70.0000 -8.0110
    outer loop
        vertex 24.3454 27.5859 -3.1000
        vertex 24.3862 27.7912 -3.1000
        vertex 25.1794 27.6868 -3.1000
    endloop
endfacet
facet normal 57.0000 70.0000 -8.1416
    outer loop
        vertex 25.1182 27.3789 -3.1000
        vertex 25.0174 27.0815 -3.1000
        vertex 24.2782 27.3877 -3.1000
    endloop
endfacet
facet normal 57.0000 70.0000 -8.0111
    outer loop
        vertex 24.2782 27.3877 -3.1000
        vertex 24.3454 27.5859 -3.1000
        vertex 25.1182 27.3789 -3.1000
    endloop
endfacet
facet normal 57.0000 70.0000 -8.1416
    outer loop
        vertex 25.0174 27.0815 -3.1000
        vertex 24.8784 26.8000 -3.1000
        vertex 24.1856 27.2000 -3.1000
    endloop
endfacet
facet normal 57.0000 70.0000 -8.0111
    outer loop
        vertex 24.1856 27.2000 -3.1000
        vertex 24.2782 27.3877 -3.1000
        vertex 25.0174 27.0815 -3.1000
    endloop
endfacet
facet normal 57.0000 70.0000 -8.1416
    outer loop
        vertex 24.8784 26.8000 -3.1000
        vertex 24.7042 26.5389 -3.1000
        vertex 24.0694 27.0259 -3.1000
    endloop
endfacet
facet normal 57.0000 70.0000 -8.0110
    outer loop
        vertex 24.0694 27.0259 -3.1000
        vertex 24.1856 27.2000 -3.1000
        vertex 24.8784 26.8000 -3.1000
    endloop
endfacet
facet normal 57.0000 70.0000 -8.1416
    outer loop
        vertex 24.7042 26.5389 -3.1000
        vertex 24.4970 26.3030 -3.1000
        vertex 23.9314 26.8686 -3.1000
    endloop
endfacet
facet normal 57.0000 70.0000 -8.0111
    outer loop
        vertex 23.9314 26.8686 -3.1000
        vertex 24.0694 27.0259 -3.1000
        vertex 24.7042 26.5389 -3.1000
    endloop
endfacet
facet normal 57.0000 70.0000 -8.1416
    outer loop
        vertex 24.4970 26.3030 -3.1000
        vertex 24.2611 26.0958 -3.1000
        vertex 23.7741 26.7306 -3.1000
    endloop
endfacet
facet normal 57.0000 70.0000 -8.0111
    outer loop
        vertex 23.7741 26.7306 -3.1000
        vertex 23.9314 26.8686 -3.1000
        vertex 24.4970 26.3030 -3.1000
    endloop
endfacet
facet normal 57.0000 70.0000 -8.1416
    outer loop
        vertex 24.2611 26.0958 -3.1000
        vertex 24.0000 25.9216 -3.1000
        vertex 23.6000 26.6144 -3.1000
    endloop
endfacet
facet normal 57.0000 70.0000 -8.0110
    outer loop
        vertex 23.6000 26.6144 -3.1000
        vertex 23.7741 26.7306 -3.1000
        vertex 24.2611 26.0958 -3.1000
    endloop
endfacet
facet normal 57.0000 70.0000 -8.1416
    outer loop
        vertex 24.0000 25.9216 -3.1000
        vertex 23.7185 25.7826 -3.1000
        vertex 23.4123 26.5218 -3.1000
    endloop
endfacet
facet normal 57.0000 70.0000 -8.0111
    outer loop
        vertex 23.4123 26.5218 -3.1000
        vertex 23.6000 26.6144 -3.1000
        vertex 24.0000 25.9216 -3.1000
    endloop
endfacet
facet normal 57.0000 70.0000 -8.1416
    outer loop
        vertex 23.7185 25.7826 -3.1000
        vertex 23.4211 25.6818 -3.1000
        vertex 23.2141 26.4546 -3.1000
    endloop
endfacet
facet normal 57.0000 70.0000 -8.0111
    outer loop
        vertex 23.2141 26.4546 -3.1000
        vertex 23.4123 26.5218 -3.1000
        vertex 23.7185 25.7826 -3.1000
    endloop
endfacet
facet normal 57.0000 70.0000 -8.1416
    outer loop
        vertex 23.4211 25.6818 -3.1000
        vertex 23.1132 25.6206 -3.1000
        vertex 23.0088 26.4138 -3.1000
    endloop
endfacet
facet normal 57.0000 70.0000 -8.0110
    outer loop
        vertex 23.0088 26.4138 -3.1000
        vertex 23.2141 26.4546 -3.1000
        vertex 23.4211 25.6818 -3.1000
    endloop
endfacet
facet normal 57.0000 70.0000 -8.1415
    outer loop
        vertex 23.1132 25.6206 -3.1000
        vertex 22.8000 25.6000 -3.1000
        vertex 22.8000 26.4000 -3.1000
    endloop
endfacet
facet normal 57.0000 70.0000 -8.0110
    outer loop
        vertex 22.8000 26.4000 -3.1000
        vertex 23.0088 26.4138 -3.1000
        vertex 23.1132 25.6206 -3.1000
    endloop
endfacet
facet normal 57.0000 70.0000 -8.1415
    outer loop
        vertex 22.8000 25.6000 -3.1000
        vertex 22.4868 25.6206 -3.1000
        vertex 22.5912 26.4138 -3.1000
    endloop
endfacet
facet normal 57.0000 70.0000 -8.0110
    outer loop
        vertex 22.5912 26.4138 -3.1000
        vertex 22.8000 26.4000 -3.1000
        vertex 22.8000 25.6000 -3.1000
    endloop
endfacet
facet normal 57.0000 70.0000 -8.1416
    outer loop
        vertex 22.4868 25.6206 -3.1000
        vertex 22.1789 25.6818 -3.1000
        vertex 22.3859 26.4546 -3.1000
    endloop
endfacet
facet normal 57.0000 70.0000 -8.0110
    outer loop
        vertex 22.3859 26.4546 -3.1000
        vertex 22.5912 26.4138 -3.1000
        vertex 22.4868 25.6206 -3.1000
    endloop
endfacet
facet normal 57.0000 70.0000 -8.1416
    outer loop
        vertex 22.1789 25.6818 -3.1000
        vertex 21.8815 25.7826 -3.1000
        vertex 22.1877 26.5218 -3.1000
    endloop
endfacet
facet normal 57.0000 70.0000 -8.0111
    outer loop
        vertex 22.1877 26.5218 -3.1000
        vertex 22.3859 26.4546 -3.1000
        vertex 22.1789 25.6818 -3.1000
    endloop
endfacet
facet normal 57.0000 70.0000 -8.1416
    outer loop
        vertex 21.8815 25.7826 -3.1000
        vertex 21.6000 25.9216 -3.1000
        vertex 22.0000 26.6144 -3.1000
    endloop
endfacet
facet normal 57.0000 70.0000 -8.0111
    outer loop
        vertex 22.0000 26.6144 -3.1000
        vertex 22.1877 26.5218 -3.1000
        vertex 21.8815 25.7826 -3.1000
    endloop
endfacet
facet normal 57.0000 70.0000 -8.1416
    outer loop
        vertex 21.6000 25.9216 -3.1000
        vertex 21.3389 26.0958 -3.1000
        vertex 21.8259 26.7306 -3.1000
    endloop
endfacet
facet normal 57.0000 70.0000 -8.0110
    outer loop
        vertex 21.8259 26.7306 -3.1000
        vertex 22.0000 26.6144 -3.1000
        vertex 21.6000 25.9216 -3.1000
    endloop
endfacet
facet normal 57.0000 70.0000 -8.1416
    outer loop
        vertex 21.3389 26.0958 -3.1000
        vertex 21.1030 26.3030 -3.1000
        vertex 21.6686 26.8686 -3.1000
    endloop
endfacet
facet normal 57.0000 70.0000 -8.0111
    outer loop
        vertex 21.6686 26.8686 -3.1000
        vertex 21.8259 26.7306 -3.1000
        vertex 21.3389 26.0958 -3.1000
    endloop
endfacet
facet normal 57.0000 70.0000 -8.1416
    outer loop
        vertex 21.1030 26.3030 -3.1000
        vertex 20.8958 26.5389 -3.1000
        vertex 21.5306 27.0259 -3.1000
    endloop
endfacet
facet normal 57.0000 70.0000 -8.0111
    outer loop
        vertex 21.5306 27.0259 -3.1000
        vertex 21.6686 26.8686 -3.1000
        vertex 21.1030 26.3030 -3.1000
    endloop
endfacet
facet normal 57.0000 70.0000 -8.1416
    outer loop
        vertex 20.8958 26.5389 -3.1000
        vertex 20.7216 26.8000 -3.1000
        vertex 21.4144 27.2000 -3.1000
    endloop
endfacet
facet normal 57.0000 70.0000 -8.0110
    outer loop
        vertex 21.4144 27.2000 -3.1000
        vertex 21.5306 27.0259 -3.1000
        vertex 20.8958 26.5389 -3.1000
    endloop
endfacet
facet normal 57.0000 70.0000 -8.1416
    outer loop
        vertex 20.7216 26.8000 -3.1000
        vertex 20.5826 27.0815 -3.1000
        vertex 21.3218 27.3877 -3.1000
    endloop
endfacet
facet normal 57.0000 70.0000 -8.0111
    outer loop
        vertex 21.3218 27.3877 -3.1000
        vertex 21.4144 27.2000 -3.1000
        vertex 20.7216 26.8000 -3.1000
    endloop
endfacet
facet normal 57.0000 70.0000 -8.1416
    outer loop
        vertex 20.5826 27.0815 -3.1000
        vertex 20.4818 27.3789 -3.1000
        vertex 21.2546 27.5859 -3.1000
    endloop
endfacet
facet normal 57.0000 70.0000 -8.0111
    outer loop
        vertex 21.2546 27.5859 -3.1000
        vertex 21.3218 27.3877 -3.1000
        vertex 20.5826 27.0815 -3.1000
    endloop
endfacet
facet normal 57.0000 70.0000 -8.1416
    outer loop
        vertex 20.4818 27.3789 -3.1000
        vertex 20.4206 27.6868 -3.1000
        vertex 21.2138 27.7912 -3.1000
    endloop
endfacet
facet normal 57.0000 70.0000 -8.0110
    outer loop
        vertex 21.2138 27.7912 -3.1000
        vertex 21.2546 27.5859 -3.1000
        vertex 20.4818 27.3789 -3.1000
    endloop
endfacet
facet normal 57.0000 70.0000 -8.1415
    outer loop
        vertex 20.4206 27.6868 -3.1000
        vertex 20.4000 28.0000 -3.1000
        vertex 21.2000 28.0000 -3.1000
    endloop
endfacet
facet normal 57.0000 70.0000 -8.0110
    outer loop
        vertex 21.2000 28.0000 -3.1000
        vertex 21.2138 27.7912 -3.1000
        vertex 20.4206 27.6868 -3.1000
    endloop
endfacet
facet normal 57.0000 70.0000 -8.1415
    outer loop
        vertex 20.4000 28.0000 -3.1000
        vertex 20.4206 28.3132 -3.1000
        vertex 21.2138 28.2088 -3.1000
    endloop
endfacet
facet normal 57.0000 70.0000 -8.0110
    outer loop
        vertex 21.2138 28.2088 -3.1000
        vertex 21.2000 28.0000 -3.1000
        vertex 20.4000 28.0000 -3.1000
    endloop
endfacet
facet normal 57.0000 70.0000 -8.1416
    outer loop
        vertex 20.4206 28.3132 -3.1000
        vertex 20.4818 28.6211 -3.1000
        vertex 21.2546 28.4141 -3.1000
    endloop
endfacet
facet normal 57.0000 70.0000 -8.0110
    outer loop
        vertex 21.2546 28.4141 -3.1000
        vertex 21.2138 28.2088 -3.1000
        vertex 20.4206 28.3132 -3.1000
    endloop
endfacet
facet normal 57.0000 70.0000 -8.1416
    outer loop
        vertex 20.4818 28.6211 -3.1000
        vertex 20.5826 28.9185 -3.1000
        vertex 21.3218 28.6123 -3.1000
    endloop
endfacet
facet normal 57.0000 70.0000 -8.0111
    outer loop
        vertex 21.3218 28.6123 -3.1000
        vertex 21.2546 28.4141 -3.1000
        vertex 20.4818 28.6211 -3.1000
    endloop
endfacet
facet normal 57.0000 70.0000 -8.1416
    outer loop
        vertex 20.5826 28.9185 -3.1000
        vertex 20.7216 29.2000 -3.1000
        vertex 21.4144 28.8000 -3.1000
    endloop
endfacet
facet normal 57.0000 70.0000 -8.0111
    outer loop
        vertex 21.4144 28.8000 -3.1000
        vertex 21.3218 28.6123 -3.1000
        vertex 20.5826 28.9185 -3.1000
    endloop
endfacet
facet normal 57.0000 70.0000 -8.1416
    outer loop
        vertex 20.7216 29.2000 -3.1000
        vertex 20.8958 29.4611 -3.1000
        vertex 21.5306 28.9741 -3.1000
    endloop
endfacet
facet normal 57.0000 70.0000 -8.0110
    outer loop
        vertex 21.5306 28.9741 -3.1000
        vertex 21.4144 28.8000 -3.1000
        vertex 20.7216 29.2000 -3.1000
    endloop
endfacet
facet normal 57.0000 70.0000 -8.1416
    outer loop
        vertex 20.8958 29.4611 -3.1000
        vertex 21.1030 29.6970 -3.1000
        vertex 21.6686 29.1314 -3.1000
    endloop
endfacet
facet normal 57.0000 70.0000 -8.0111
    outer loop
        vertex 21.6686 29.1314 -3.1000
        vertex 21.5306 28.9741 -3.1000
        vertex 20.8958 29.4611 -3.1000
    endloop
endfacet
facet normal 57.0000 70.0000 -8.1416
    outer loop
        vertex 21.1030 29.6970 -3.1000
        vertex 21.3389 29.9042 -3.1000
        vertex 21.8259 29.2694 -3.1000
    endloop
endfacet
facet normal 57.0000 70.0000 -8.0111
    outer loop
        vertex 21.8259 29.2694 -3.1000
        vertex 21.6686 29.1314 -3.1000
        vertex 21.1030 29.6970 -3.1000
    endloop
endfacet
facet normal 57.0000 70.0000 -8.1416
    outer loop
        vertex 21.3389 29.9042 -3.1000
        vertex 21.6000 30.0784 -3.1000
        vertex 22.0000 29.3856 -3.1000
    endloop
endfacet
facet normal 57.0000 70.0000 -8.0110
    outer loop
        vertex 22.0000 29.3856 -3.1000
        vertex 21.8259 29.2694 -3.1000
        vertex 21.3389 29.9042 -3.1000
    endloop
endfacet
facet normal 57.0000 70.0000 -8.1416
    outer loop
        vertex 21.6000 30.0784 -3.1000
        vertex 21.8815 30.2174 -3.1000
        vertex 22.1877 29.4782 -3.1000
    endloop
endfacet
facet normal 57.0000 70.0000 -8.0111
    outer loop
        vertex 22.1877 29.4782 -3.1000
        vertex 22.0000 29.3856 -3.1000
        vertex 21.6000 30.0784 -3.1000
    endloop
endfacet
facet normal 57.0000 70.0000 -8.1416
    outer loop
        vertex 21.8815 30.2174 -3.1000
        vertex 22.1789 30.3182 -3.1000
        vertex 22.3859 29.5454 -3.1000
    endloop
endfacet
facet normal 57.0000 70.0000 -8.0111
    outer loop
        vertex 22.3859 29.5454 -3.1000
        vertex 22.1877 29.4782 -3.1000
        vertex 21.8815 30.2174 -3.1000
    endloop
endfacet
facet normal 57.0000 70.0000 -8.1416
    outer loop
        vertex 22.1789 30.3182 -3.1000
        vertex 22.4868 30.3794 -3.1000
        vertex 22.5912 29.5862 -3.1000
    endloop
endfacet
facet normal 57.0000 70.0000 -8.0110
    outer loop
        vertex 22.5912 29.5862 -3.1000
        vertex 22.3859 29.5454 -3.1000
        vertex 22.1789 30.3182 -3.1000
    endloop
endfacet
facet normal 57.0000 70.0000 -8.1415
    outer loop
        vertex 22.4868 30.3794 -3.1000
        vertex 22.8000 30.4000 -3.1000
        vertex 22.8000 29.6000 -3.1000
    endloop
endfacet
facet normal 57.0000 70.0000 -8.0110
    outer loop
        vertex 22.8000 29.6000 -3.1000
        vertex 22.5912 29.5862 -3.1000
        vertex 22.4868 30.3794 -3.1000
    endloop
endfacet
facet normal 57.0344 69.4780 7.7500
    outer loop
        vertex 22.5912 29.5862 3.1000
        vertex 22.8000 29.6000 1.5000
        vertex 22.8000 29.6000 3.1000
    endloop
endfacet
facet normal 57.0344 69.4780 7.7500
    outer loop
        vertex 22.8000 29.6000 1.5000
        vertex 22.5912 29.5862 3.1000
        vertex 22.5912 29.5862 1.5000
    endloop
endfacet
facet normal 57.1020 69.4868 7.7500
    outer loop
        vertex 22.3859 29.5454 3.1000
        vertex 22.5912 29.5862 1.5000
        vertex 22.5912 29.5862 3.1000
    endloop
endfacet
facet normal 57.1020 69.4868 7.7500
    outer loop
        vertex 22.5912 29.5862 1.5000
        vertex 22.3859 29.5454 3.1000
        vertex 22.3859 29.5454 1.5000
    endloop
endfacet
facet normal 57.1680 69.5044 7.7500
    outer loop
        vertex 22.1877 29.4782 3.1000
        vertex 22.3859 29.5454 1.5000
        vertex 22.3859 29.5454 3.1000
    endloop
endfacet
facet normal 57.1680 69.5044 7.7500
    outer loop
        vertex 22.3859 29.5454 1.5000
        vertex 22.1877 29.4782 3.1000
        vertex 22.1877 29.4782 1.5000
    endloop
endfacet
facet normal 57.2316 69.5308 7.7500
    outer loop
        vertex 22.0000 29.3856 3.1000
        vertex 22.1877 29.4782 1.5000
        vertex 22.1877 29.4782 3.1000
    endloop
endfacet
facet normal 57.2316 69.5308 7.7500
    outer loop
        vertex 22.1877 29.4782 1.5000
        vertex 22.0000 29.3856 3.1000
        vertex 22.0000 29.3856 1.5000
    endloop
endfacet
facet normal 57.2904 69.5648 7.7500
    outer loop
        vertex 21.8259 29.2694 3.1000
        vertex 22.0000 29.3856 1.5000
        vertex 22.0000 29.3856 3.1000
    endloop
endfacet
facet normal 57.2904 69.5648 7.7500
    outer loop
        vertex 22.0000 29.3856 1.5000
        vertex 21.8259 29.2694 3.1000
        vertex 21.8259 29.2694 1.5000
    endloop
endfacet
facet normal 57.3452 69.6068 7.7500
    outer loop
        vertex 21.6686 29.1314 3.1000
        vertex 21.8259 29.2694 1.5000
        vertex 21.8259 29.2694 3.1000
    endloop
endfacet
facet normal 57.3452 69.6068 7.7500
    outer loop
        vertex 21.8259 29.2694 1.5000
        vertex 21.6686 29.1314 3.1000
        vertex 21.6686 29.1314 1.5000
    endloop
endfacet
facet normal 57.3932 69.6548 7.7500
    outer loop
        vertex 21.5306 28.9741 3.1000
        vertex 21.6686 29.1314 1.5000
        vertex 21.6686 29.1314 3.1000
    endloop
endfacet
facet normal 57.3932 69.6548 7.7500
    outer loop
        vertex 21.6686 29.1314 1.5000
        vertex 21.5306 28.9741 3.1000
        vertex 21.5306 28.9741 1.5000
    endloop
endfacet
facet normal 57.4352 69.7096 7.7500
    outer loop
        vertex 21.4144 28.8000 3.1000
        vertex 21.5306 28.9741 1.5000
        vertex 21.5306 28.9741 3.1000
    endloop
endfacet
facet normal 57.4352 69.7096 7.7500
    outer loop
        vertex 21.5306 28.9741 1.5000
        vertex 21.4144 28.8000 3.1000
        vertex 21.4144 28.8000 1.5000
    endloop
endfacet
facet normal 57.4692 69.7684 7.7500
    outer loop
        vertex 21.3218 28.6123 3.1000
        vertex 21.4144 28.8000 1.5000
        vertex 21.4144 28.8000 3.1000
    endloop
endfacet
facet normal 57.4692 69.7684 7.7500
    outer loop
        vertex 21.4144 28.8000 1.5000
        vertex 21.3218 28.6123 3.1000
        vertex 21.3218 28.6123 1.5000
    endloop
endfacet
facet normal 57.4956 69.8320 7.7500
    outer loop
        vertex 21.2546 28.4141 3.1000
        vertex 21.3218 28.6123 1.5000
        vertex 21.3218 28.6123 3.1000
    endloop
endfacet
facet normal 57.4956 69.8320 7.7500
    outer loop
        vertex 21.3218 28.6123 1.5000
        vertex 21.2546 28.4141 3.1000
        vertex 21.2546 28.4141 1.5000
    endloop
endfacet
facet normal 57.5132 69.8980 7.7500
    outer loop
        vertex 21.2138 28.2088 3.1000
        vertex 21.2546 28.4141 1.5000
        vertex 21.2546 28.4141 3.1000
    endloop
endfacet
facet normal 57.5132 69.8980 7.7500
    outer loop
        vertex 21.2546 28.4141 1.5000
        vertex 21.2138 28.2088 3.1000
        vertex 21.2138 28.2088 1.5000
    endloop
endfacet
facet normal 57.5220 69.9656 7.7500
    outer loop
        vertex 21.2000 28.0000 3.1000
        vertex 21.2138 28.2088 1.5000
        vertex 21.2138 28.2088 3.1000
    endloop
endfacet
facet normal 57.5220 69.9656 7.7500
    outer loop
        vertex 21.2138 28.2088 1.5000
        vertex 21.2000 28.0000 3.1000
        vertex 21.2000 28.0000 1.5000
    endloop
endfacet
facet normal 57.5220 70.0344 7.7500
    outer loop
        vertex 21.2138 27.7912 3.1000
        vertex 21.2000 28.0000 1.5000
        vertex 21.2000 28.0000 3.1000
    endloop
endfacet
facet normal 57.5220 70.0344 7.7500
    outer loop
        vertex 21.2000 28.0000 1.5000
        vertex 21.2138 27.7912 3.1000
        vertex 21.2138 27.7912 1.5000
    endloop
endfacet
facet normal 57.5132 70.1020 7.7500
    outer loop
        vertex 21.2546 27.5859 3.1000
        vertex 21.2138 27.7912 1.5000
        vertex 21.2138 27.7912 3.1000
    endloop
endfacet
facet normal 57.5132 70.1020 7.7500
    outer loop
        vertex 21.2138 27.7912 1.5000
        vertex 21.2546 27.5859 3.1000
        vertex 21.2546 27.5859 1.5000
    endloop
endfacet
facet normal 57.4956 70.1680 7.7500
    outer loop
        vertex 21.3218 27.3877 3.1000
        vertex 21.2546 27.5859 1.5000
        vertex 21.2546 27.5859 3.1000
    endloop
endfacet
facet normal 57.4956 70.1680 7.7500
    outer loop
        vertex 21.2546 27.5859 1.5000
        vertex 21.3218 27.3877 3.1000
        vertex 21.3218 27.3877 1.5000
    endloop
endfacet
facet normal 57.4692 70.2316 7.7500
    outer loop
        vertex 21.4144 27.2000 3.1000
        vertex 21.3218 27.3877 1.5000
        vertex 21.3218 27.3877 3.1000
    endloop
endfacet
facet normal 57.4692 70.2316 7.7500
    outer loop
        vertex 21.3218 27.3877 1.5000
        vertex 21.4144 27.2000 3.1000
        vertex 21.4144 27.2000 1.5000
    endloop
endfacet
facet normal 57.4352 70.2904 7.7500
    outer loop
        vertex 21.5306 27.0259 3.1000
        vertex 21.4144 27.2000 1.5000
        vertex 21.4144 27.2000 3.1000
    endloop
endfacet
facet normal 57.4352 70.2904 7.7500
    outer loop
        vertex 21.4144 27.2000 1.5000
        vertex 21.5306 27.0259 3.1000
        vertex 21.5306 27.0259 1.5000
    endloop
endfacet
facet normal 57.3932 70.3452 7.7500
    outer loop
        vertex 21.6686 26.8686 3.1000
        vertex 21.5306 27.0259 1.5000
        vertex 21.5306 27.0259 3.1000
    endloop
endfacet
facet normal 57.3932 70.3452 7.7500
    outer loop
        vertex 21.5306 27.0259 1.5000
        vertex 21.6686 26.8686 3.1000
        vertex 21.6686 26.8686 1.5000
    endloop
endfacet
facet normal 57.3452 70.3932 7.7500
    outer loop
        vertex 21.8259 26.7306 3.1000
        vertex 21.6686 26.8686 1.5000
        vertex 21.6686 26.8686 3.1000
    endloop
endfacet
facet normal 57.3452 70.3932 7.7500
    outer loop
        vertex 21.6686 26.8686 1.5000
        vertex 21.8259 26.7306 3.1000
        vertex 21.8259 26.7306 1.5000
    endloop
endfacet
facet normal 57.2904 70.4352 7.7500
    outer loop
        vertex 22.0000 26.6144 3.1000
        vertex 21.8259 26.7306 1.5000
        vertex 21.8259 26.7306 3.1000
    endloop
endfacet
facet normal 57.2904 70.4352 7.7500
    outer loop
        vertex 21.8259 26.7306 1.5000
        vertex 22.0000 26.6144 3.1000
        vertex 22.0000 26.6144 1.5000
    endloop
endfacet
facet normal 57.2316 70.4692 7.7500
    outer loop
        vertex 22.1877 26.5218 3.1000
        vertex 22.0000 26.6144 1.5000
        vertex 22.0000 26.6144 3.1000
    endloop
endfacet
facet normal 57.2316 70.4692 7.7500
    outer loop
        vertex 22.0000 26.6144 1.5000
        vertex 22.1877 26.5218 3.1000
        vertex 22.1877 26.5218 1.5000
    endloop
endfacet
facet normal 57.1680 70.4956 7.7500
    outer loop
        vertex 22.3859 26.4546 3.1000
        vertex 22.1877 26.5218 1.5000
        vertex 22.1877 26.5218 3.1000
    endloop
endfacet
facet normal 57.1680 70.4956 7.7500
    outer loop
        vertex 22.1877 26.5218 1.5000
        vertex 22.3859 26.4546 3.1000
        vertex 22.3859 26.4546 1.5000
    endloop
endfacet
facet normal 57.1020 70.5132 7.7500
    outer loop
        vertex 22.5912 26.4138 3.1000
        vertex 22.3859 26.4546 1.5000
        vertex 22.3859 26.4546 3.1000
    endloop
endfacet
facet normal 57.1020 70.5132 7.7500
    outer loop
        vertex 22.3859 26.4546 1.5000
        vertex 22.5912 26.4138 3.1000
        vertex 22.5912 26.4138 1.5000
    endloop
endfacet
facet normal 57.0344 70.5220 7.7500
    outer loop
        vertex 22.8000 26.4000 3.1000
        vertex 22.5912 26.4138 1.5000
        vertex 22.5912 26.4138 3.1000
    endloop
endfacet
facet normal 57.0344 70.5220 7.7500
    outer loop
        vertex 22.5912 26.4138 1.5000
        vertex 22.8000 26.4000 3.1000
        vertex 22.8000 26.4000 1.5000
    endloop
endfacet
facet normal 56.9656 70.5220 7.7500
    outer loop
        vertex 23.0088 26.4138 3.1000
        vertex 22.8000 26.4000 1.5000
        vertex 22.8000 26.4000 3.1000
    endloop
endfacet
facet normal 56.9656 70.5220 7.7500
    outer loop
        vertex 22.8000 26.4000 1.5000
        vertex 23.0088 26.4138 3.1000
        vertex 23.0088 26.4138 1.5000
    endloop
endfacet
facet normal 56.8980 70.5132 7.7500
    outer loop
        vertex 23.2141 26.4546 3.1000
        vertex 23.0088 26.4138 1.5000
        vertex 23.0088 26.4138 3.1000
    endloop
endfacet
facet normal 56.8980 70.5132 7.7500
    outer loop
        vertex 23.0088 26.4138 1.5000
        vertex 23.2141 26.4546 3.1000
        vertex 23.2141 26.4546 1.5000
    endloop
endfacet
facet normal 56.8320 70.4956 7.7500
    outer loop
        vertex 23.4123 26.5218 3.1000
        vertex 23.2141 26.4546 1.5000
        vertex 23.2141 26.4546 3.1000
    endloop
endfacet
facet normal 56.8320 70.4956 7.7500
    outer loop
        vertex 23.2141 26.4546 1.5000
        vertex 23.4123 26.5218 3.1000
        vertex 23.4123 26.5218 1.5000
    endloop
endfacet
facet normal 56.7684 70.4692 7.7500
    outer loop
        vertex 23.6000 26.6144 3.1000
        vertex 23.4123 26.5218 1.5000
        vertex 23.4123 26.5218 3.1000
    endloop
endfacet
facet normal 56.7684 70.4692 7.7500
    outer loop
        vertex 23.4123 26.5218 1.5000
        vertex 23.6000 26.6144 3.1000
        vertex 23.6000 26.6144 1.5000
    endloop
endfacet
facet normal 56.7096 70.4352 7.7500
    outer loop
        vertex 23.7741 26.7306 3.1000
        vertex 23.6000 26.6144 1.5000
        vertex 23.6000 26.6144 3.1000
    endloop
endfacet
facet normal 56.7096 70.4352 7.7500
    outer loop
        vertex 23.6000 26.6144 1.5000
        vertex 23.7741 26.7306 3.1000
        vertex 23.7741 26.7306 1.5000
    endloop
endfacet
facet normal 56.6548 70.3932 7.7500
    outer loop
        vertex 23.9314 26.8686 3.1000
        vertex 23.7741 26.7306 1.5000
        vertex 23.7741 26.7306 3.1000
    endloop
endfacet
facet normal 56.6548 70.3932 7.7500
    outer loop
        vertex 23.7741 26.7306 1.5000
        vertex 23.9314 26.8686 3.1000
        vertex 23.9314 26.8686 1.5000
    endloop
endfacet
facet normal 56.6068 70.3452 7.7500
    outer loop
        vertex 24.0694 27.0259 3.1000
        vertex 23.9314 26.8686 1.5000
        vertex 23.9314 26.8686 3.1000
    endloop
endfacet
facet normal 56.6068 70.3452 7.7500
    outer loop
        vertex 23.9314 26.8686 1.5000
        vertex 24.0694 27.0259 3.1000
        vertex 24.0694 27.0259 1.5000
    endloop
endfacet
facet normal 56.5648 70.2904 7.7500
    outer loop
        vertex 24.1856 27.2000 3.1000
        vertex 24.0694 27.0259 1.5000
        vertex 24.0694 27.0259 3.1000
    endloop
endfacet
facet normal 56.5648 70.2904 7.7500
    outer loop
        vertex 24.0694 27.0259 1.5000
        vertex 24.1856 27.2000 3.1000
        vertex 24.1856 27.2000 1.5000
    endloop
endfacet
facet normal 56.5308 70.2316 7.7500
    outer loop
        vertex 24.2782 27.3877 3.1000
        vertex 24.1856 27.2000 1.5000
        vertex 24.1856 27.2000 3.1000
    endloop
endfacet
facet normal 56.5308 70.2316 7.7500
    outer loop
        vertex 24.1856 27.2000 1.5000
        vertex 24.2782 27.3877 3.1000
        vertex 24.2782 27.3877 1.5000
    endloop
endfacet
facet normal 56.5044 70.1680 7.7500
    outer loop
        vertex 24.3454 27.5859 3.1000
        vertex 24.2782 27.3877 1.5000
        vertex 24.2782 27.3877 3.1000
    endloop
endfacet
facet normal 56.5044 70.1680 7.7500
    outer loop
        vertex 24.2782 27.3877 1.5000
        vertex 24.3454 27.5859 3.1000
        vertex 24.3454 27.5859 1.5000
    endloop
endfacet
facet normal 56.4868 70.1020 7.7500
    outer loop
        vertex 24.3862 27.7912 3.1000
        vertex 24.3454 27.5859 1.5000
        vertex 24.3454 27.5859 3.1000
    endloop
endfacet
facet normal 56.4868 70.1020 7.7500
    outer loop
        vertex 24.3454 27.5859 1.5000
        vertex 24.3862 27.7912 3.1000
        vertex 24.3862 27.7912 1.5000
    endloop
endfacet
facet normal 56.4780 70.0344 7.7500
    outer loop
        vertex 24.4000 28.0000 3.1000
        vertex 24.3862 27.7912 1.5000
        vertex 24.3862 27.7912 3.1000
    endloop
endfacet
facet normal 56.4780 70.0344 7.7500
    outer loop
        vertex 24.3862 27.7912 1.5000
        vertex 24.4000 28.0000 3.1000
        vertex 24.4000 28.0000 1.5000
    endloop
endfacet
facet normal 56.4780 69.9656 7.7500
    outer loop
        vertex 24.3862 28.2088 3.1000
        vertex 24.4000 28.0000 1.5000
        vertex 24.4000 28.0000 3.1000
    endloop
endfacet
facet normal 56.4780 69.9656 7.7500
    outer loop
        vertex 24.4000 28.0000 1.5000
        vertex 24.3862 28.2088 3.1000
        vertex 24.3862 28.2088 1.5000
    endloop
endfacet
facet normal 56.4868 69.8980 7.7500
    outer loop
        vertex 24.3454 28.4141 3.1000
        vertex 24.3862 28.2088 1.5000
        vertex 24.3862 28.2088 3.1000
    endloop
endfacet
facet normal 56.4868 69.8980 7.7500
    outer loop
        vertex 24.3862 28.2088 1.5000
        vertex 24.3454 28.4141 3.1000
        vertex 24.3454 28.4141 1.5000
    endloop
endfacet
facet normal 56.5044 69.8320 7.7500
    outer loop
        vertex 24.2782 28.6123 3.1000
        vertex 24.3454 28.4141 1.5000
        vertex 24.3454 28.4141 3.1000
    endloop
endfacet
facet normal 56.5044 69.8320 7.7500
    outer loop
        vertex 24.3454 28.4141 1.5000
        vertex 24.2782 28.6123 3.1000
        vertex 24.2782 28.6123 1.5000
    endloop
endfacet
facet normal 56.5308 69.7684 7.7500
    outer loop
        vertex 24.1856 28.8000 3.1000
        vertex 24.2782 28.6123 1.5000
        vertex 24.2782 28.6123 3.1000
    endloop
endfacet
facet normal 56.5308 69.7684 7.7500
    outer loop
        vertex 24.2782 28.6123 1.5000
        vertex 24.1856 28.8000 3.1000
        vertex 24.1856 28.8000 1.5000
    endloop
endfacet
facet normal 56.5648 69.7096 7.7500
    outer loop
        vertex 24.0694 28.9741 3.1000
        vertex 24.1856 28.8000 1.5000
        vertex 24.1856 28.8000 3.1000
    endloop
endfacet
facet normal 56.5648 69.7096 7.7500
    outer loop
        vertex 24.1856 28.8000 1.5000
        vertex 24.0694 28.9741 3.1000
        vertex 24.0694 28.9741 1.5000
    endloop
endfacet
facet normal 56.6068 69.6548 7.7500
    outer loop
        vertex 23.9314 29.1314 3.1000
        vertex 24.0694 28.9741 1.5000
        vertex 24.0694 28.9741 3.1000
    endloop
endfacet
facet normal 56.6068 69.6548 7.7500
    outer loop
        vertex 24.0694 28.9741 1.5000
        vertex 23.9314 29.1314 3.1000
        vertex 23.9314 29.1314 1.5000
    endloop
endfacet
facet normal 56.6548 69.6068 7.7500
    outer loop
        vertex 23.7741 29.2694 3.1000
        vertex 23.9314 29.1314 1.5000
        vertex 23.9314 29.1314 3.1000
    endloop
endfacet
facet normal 56.6548 69.6068 7.7500
    outer loop
        vertex 23.9314 29.1314 1.5000
        vertex 23.7741 29.2694 3.1000
        vertex 23.7741 29.2694 1.5000
    endloop
endfacet
facet normal 56.7096 69.5648 7.7500
    outer loop
        vertex 23.6000 29.3856 3.1000
        vertex 23.7741 29.2694 1.5000
        vertex 23.7741 29.2694 3.1000
    endloop
endfacet
facet normal 56.7096 69.5648 7.7500
    outer loop
        vertex 23.7741 29.2694 1.5000
        vertex 23.6000 29.3856 3.1000
        vertex 23.6000 29.3856 1.5000
    endloop
endfacet
facet normal 56.7684 69.5308 7.7500
    outer loop
        vertex 23.4123 29.4782 3.1000
        vertex 23.6000 29.3856 1.5000
        vertex 23.6000 29.3856 3.1000
    endloop
endfacet
facet normal 56.7684 69.5308 7.7500
    outer loop
        vertex 23.6000 29.3856 1.5000
        vertex 23.4123 29.4782 3.1000
        vertex 23.4123 29.4782 1.5000
    endloop
endfacet
facet normal 56.8320 69.5044 7.7500
    outer loop
        vertex 23.2141 29.5454 3.1000
        vertex 23.4123 29.4782 1.5000
        vertex 23.4123 29.4782 3.1000
    endloop
endfacet
facet normal 56.8320 69.5044 7.7500
    outer loop
        vertex 23.4123 29.4782 1.5000
        vertex 23.2141 29.5454 3.1000
        vertex 23.2141 29.5454 1.5000
    endloop
endfacet
facet normal 56.8980 69.4868 7.7500
    outer loop
        vertex 23.0088 29.5862 3.1000
        vertex 23.2141 29.5454 1.5000
        vertex 23.2141 29.5454 3.1000
    endloop
endfacet
facet normal 56.8980 69.4868 7.7500
    outer loop
        vertex 23.2141 29.5454 1.5000
        vertex 23.0088 29.5862 3.1000
        vertex 23.0088 29.5862 1.5000
    endloop
endfacet
facet normal 56.9656 69.4780 7.7500
    outer loop
        vertex 22.8000 29.6000 3.1000
        vertex 23.0088 29.5862 1.5000
        vertex 23.0088 29.5862 3.1000
    endloop
endfacet
facet normal 56.9656 69.4780 7.7500
    outer loop
        vertex 23.0088 29.5862 1.5000
        vertex 22.8000 29.6000 3.1000
        vertex 22.8000 29.6000 1.5000
    endloop
endfacet
facet normal 56.9484 70.7830 7.7500
    outer loop
        vertex 22.4868 30.3794 3.1000
        vertex 22.8000 30.4000 3.1000
        vertex 22.8000 30.4000 1.5000
    endloop
endfacet
facet normal 56.9484 70.7830 7.7500
    outer loop
        vertex 22.8000 30.4000 1.5000
        vertex 22.4868 30.3794 1.5000
        vertex 22.4868 30.3794 3.1000
    endloop
endfacet
facet normal 56.8470 70.7698 7.7500
    outer loop
        vertex 22.1789 30.3182 3.1000
        vertex 22.4868 30.3794 3.1000
        vertex 22.4868 30.3794 1.5000
    endloop
endfacet
facet normal 56.8470 70.7698 7.7500
    outer loop
        vertex 22.4868 30.3794 1.5000
        vertex 22.1789 30.3182 1.5000
        vertex 22.1789 30.3182 3.1000
    endloop
endfacet
facet normal 56.7480 70.7434 7.7500
    outer loop
        vertex 21.8815 30.2174 3.1000
        vertex 22.1789 30.3182 3.1000
        vertex 22.1789 30.3182 1.5000
    endloop
endfacet
facet normal 56.7480 70.7434 7.7500
    outer loop
        vertex 22.1789 30.3182 1.5000
        vertex 21.8815 30.2174 1.5000
        vertex 21.8815 30.2174 3.1000
    endloop
endfacet
facet normal 56.6526 70.7038 7.7500
    outer loop
        vertex 21.6000 30.0784 3.1000
        vertex 21.8815 30.2174 3.1000
        vertex 21.8815 30.2174 1.5000
    endloop
endfacet
facet normal 56.6526 70.7038 7.7500
    outer loop
        vertex 21.8815 30.2174 1.5000
        vertex 21.6000 30.0784 1.5000
        vertex 21.6000 30.0784 3.1000
    endloop
endfacet
facet normal 56.5644 70.6528 7.7500
    outer loop
        vertex 21.3389 29.9042 3.1000
        vertex 21.6000 30.0784 3.1000
        vertex 21.6000 30.0784 1.5000
    endloop
endfacet
facet normal 56.5644 70.6528 7.7500
    outer loop
        vertex 21.6000 30.0784 1.5000
        vertex 21.3389 29.9042 1.5000
        vertex 21.3389 29.9042 3.1000
    endloop
endfacet
facet normal 56.4822 70.5898 7.7500
    outer loop
        vertex 21.1030 29.6970 3.1000
        vertex 21.3389 29.9042 3.1000
        vertex 21.3389 29.9042 1.5000
    endloop
endfacet
facet normal 56.4822 70.5898 7.7500
    outer loop
        vertex 21.3389 29.9042 1.5000
        vertex 21.1030 29.6970 1.5000
        vertex 21.1030 29.6970 3.1000
    endloop
endfacet
facet normal 56.4102 70.5178 7.7500
    outer loop
        vertex 20.8958 29.4611 3.1000
        vertex 21.1030 29.6970 3.1000
        vertex 21.1030 29.6970 1.5000
    endloop
endfacet
facet normal 56.4102 70.5178 7.7500
    outer loop
        vertex 21.1030 29.6970 1.5000
        vertex 20.8958 29.4611 1.5000
        vertex 20.8958 29.4611 3.1000
    endloop
endfacet
facet normal 56.3472 70.4356 7.7500
    outer loop
        vertex 20.7216 29.2000 3.1000
        vertex 20.8958 29.4611 3.1000
        vertex 20.8958 29.4611 1.5000
    endloop
endfacet
facet normal 56.3472 70.4356 7.7500
    outer loop
        vertex 20.8958 29.4611 1.5000
        vertex 20.7216 29.2000 1.5000
        vertex 20.7216 29.2000 3.1000
    endloop
endfacet
facet normal 56.2962 70.3474 7.7500
    outer loop
        vertex 20.5826 28.9185 3.1000
        vertex 20.7216 29.2000 3.1000
        vertex 20.7216 29.2000 1.5000
    endloop
endfacet
facet normal 56.2962 70.3474 7.7500
    outer loop
        vertex 20.7216 29.2000 1.5000
        vertex 20.5826 28.9185 1.5000
        vertex 20.5826 28.9185 3.1000
    endloop
endfacet
facet normal 56.2566 70.2520 7.7500
    outer loop
        vertex 20.4818 28.6211 3.1000
        vertex 20.5826 28.9185 3.1000
        vertex 20.5826 28.9185 1.5000
    endloop
endfacet
facet normal 56.2566 70.2520 7.7500
    outer loop
        vertex 20.5826 28.9185 1.5000
        vertex 20.4818 28.6211 1.5000
        vertex 20.4818 28.6211 3.1000
    endloop
endfacet
facet normal 56.2302 70.1530 7.7500
    outer loop
        vertex 20.4206 28.3132 3.1000
        vertex 20.4818 28.6211 3.1000
        vertex 20.4818 28.6211 1.5000
    endloop
endfacet
facet normal 56.2302 70.1530 7.7500
    outer loop
        vertex 20.4818 28.6211 1.5000
        vertex 20.4206 28.3132 1.5000
        vertex 20.4206 28.3132 3.1000
    endloop
endfacet
facet normal 56.2170 70.0516 7.7500
    outer loop
        vertex 20.4000 28.0000 3.1000
        vertex 20.4206 28.3132 3.1000
        vertex 20.4206 28.3132 1.5000
    endloop
endfacet
facet normal 56.2170 70.0516 7.7500
    outer loop
        vertex 20.4206 28.3132 1.5000
        vertex 20.4000 28.0000 1.5000
        vertex 20.4000 28.0000 3.1000
    endloop
endfacet
facet normal 56.2170 69.9484 7.7500
    outer loop
        vertex 20.4206 27.6868 3.1000
        vertex 20.4000 28.0000 3.1000
        vertex 20.4000 28.0000 1.5000
    endloop
endfacet
facet normal 56.2170 69.9484 7.7500
    outer loop
        vertex 20.4000 28.0000 1.5000
        vertex 20.4206 27.6868 1.5000
        vertex 20.4206 27.6868 3.1000
    endloop
endfacet
facet normal 56.2302 69.8470 7.7500
    outer loop
        vertex 20.4818 27.3789 3.1000
        vertex 20.4206 27.6868 3.1000
        vertex 20.4206 27.6868 1.5000
    endloop
endfacet
facet normal 56.2302 69.8470 7.7500
    outer loop
        vertex 20.4206 27.6868 1.5000
        vertex 20.4818 27.3789 1.5000
        vertex 20.4818 27.3789 3.1000
    endloop
endfacet
facet normal 56.2566 69.7480 7.7500
    outer loop
        vertex 20.5826 27.0815 3.1000
        vertex 20.4818 27.3789 3.1000
        vertex 20.4818 27.3789 1.5000
    endloop
endfacet
facet normal 56.2566 69.7480 7.7500
    outer loop
        vertex 20.4818 27.3789 1.5000
        vertex 20.5826 27.0815 1.5000
        vertex 20.5826 27.0815 3.1000
    endloop
endfacet
facet normal 56.2962 69.6526 7.7500
    outer loop
        vertex 20.7216 26.8000 3.1000
        vertex 20.5826 27.0815 3.1000
        vertex 20.5826 27.0815 1.5000
    endloop
endfacet
facet normal 56.2962 69.6526 7.7500
    outer loop
        vertex 20.5826 27.0815 1.5000
        vertex 20.7216 26.8000 1.5000
        vertex 20.7216 26.8000 3.1000
    endloop
endfacet
facet normal 56.3472 69.5644 7.7500
    outer loop
        vertex 20.8958 26.5389 3.1000
        vertex 20.7216 26.8000 3.1000
        vertex 20.7216 26.8000 1.5000
    endloop
endfacet
facet normal 56.3472 69.5644 7.7500
    outer loop
        vertex 20.7216 26.8000 1.5000
        vertex 20.8958 26.5389 1.5000
        vertex 20.8958 26.5389 3.1000
    endloop
endfacet
facet normal 56.4102 69.4822 7.7500
    outer loop
        vertex 21.1030 26.3030 3.1000
        vertex 20.8958 26.5389 3.1000
        vertex 20.8958 26.5389 1.5000
    endloop
endfacet
facet normal 56.4102 69.4822 7.7500
    outer loop
        vertex 20.8958 26.5389 1.5000
        vertex 21.1030 26.3030 1.5000
        vertex 21.1030 26.3030 3.1000
    endloop
endfacet
facet normal 56.4822 69.4102 7.7500
    outer loop
        vertex 21.3389 26.0958 3.1000
        vertex 21.1030 26.3030 3.1000
        vertex 21.1030 26.3030 1.5000
    endloop
endfacet
facet normal 56.4822 69.4102 7.7500
    outer loop
        vertex 21.1030 26.3030 1.5000
        vertex 21.3389 26.0958 1.5000
        vertex 21.3389 26.0958 3.1000
    endloop
endfacet
facet normal 56.5644 69.3472 7.7500
    outer loop
        vertex 21.6000 25.9216 3.1000
        vertex 21.3389 26.0958 3.1000
        vertex 21.3389 26.0958 1.5000
    endloop
endfacet
facet normal 56.5644 69.3472 7.7500
    outer loop
        vertex 21.3389 26.0958 1.5000
        vertex 21.6000 25.9216 1.5000
        vertex 21.6000 25.9216 3.1000
    endloop
endfacet
facet normal 56.6526 69.2962 7.7500
    outer loop
        vertex 21.8815 25.7826 3.1000
        vertex 21.6000 25.9216 3.1000
        vertex 21.6000 25.9216 1.5000
    endloop
endfacet
facet normal 56.6526 69.2962 7.7500
    outer loop
        vertex 21.6000 25.9216 1.5000
        vertex 21.8815 25.7826 1.5000
        vertex 21.8815 25.7826 3.1000
    endloop
endfacet
facet normal 56.7480 69.2566 7.7500
    outer loop
        vertex 22.1789 25.6818 3.1000
        vertex 21.8815 25.7826 3.1000
        vertex 21.8815 25.7826 1.5000
    endloop
endfacet
facet normal 56.7480 69.2566 7.7500
    outer loop
        vertex 21.8815 25.7826 1.5000
        vertex 22.1789 25.6818 1.5000
        vertex 22.1789 25.6818 3.1000
    endloop
endfacet
facet normal 56.8470 69.2302 7.7500
    outer loop
        vertex 22.4868 25.6206 3.1000
        vertex 22.1789 25.6818 3.1000
        vertex 22.1789 25.6818 1.5000
    endloop
endfacet
facet normal 56.8470 69.2302 7.7500
    outer loop
        vertex 22.1789 25.6818 1.5000
        vertex 22.4868 25.6206 1.5000
        vertex 22.4868 25.6206 3.1000
    endloop
endfacet
facet normal 56.9484 69.2170 7.7500
    outer loop
        vertex 22.8000 25.6000 3.1000
        vertex 22.4868 25.6206 3.1000
        vertex 22.4868 25.6206 1.5000
    endloop
endfacet
facet normal 56.9484 69.2170 7.7500
    outer loop
        vertex 22.4868 25.6206 1.5000
        vertex 22.8000 25.6000 1.5000
        vertex 22.8000 25.6000 3.1000
    endloop
endfacet
facet normal 57.0516 69.2170 7.7500
    outer loop
        vertex 23.1132 25.6206 3.1000
        vertex 22.8000 25.6000 3.1000
        vertex 22.8000 25.6000 1.5000
    endloop
endfacet
facet normal 57.0516 69.2170 7.7500
    outer loop
        vertex 22.8000 25.6000 1.5000
        vertex 23.1132 25.6206 1.5000
        vertex 23.1132 25.6206 3.1000
    endloop
endfacet
facet normal 57.1530 69.2302 7.7500
    outer loop
        vertex 23.4211 25.6818 3.1000
        vertex 23.1132 25.6206 3.1000
        vertex 23.1132 25.6206 1.5000
    endloop
endfacet
facet normal 57.1530 69.2302 7.7500
    outer loop
        vertex 23.1132 25.6206 1.5000
        vertex 23.4211 25.6818 1.5000
        vertex 23.4211 25.6818 3.1000
    endloop
endfacet
facet normal 57.2520 69.2566 7.7500
    outer loop
        vertex 23.7185 25.7826 3.1000
        vertex 23.4211 25.6818 3.1000
        vertex 23.4211 25.6818 1.5000
    endloop
endfacet
facet normal 57.2520 69.2566 7.7500
    outer loop
        vertex 23.4211 25.6818 1.5000
        vertex 23.7185 25.7826 1.5000
        vertex 23.7185 25.7826 3.1000
    endloop
endfacet
facet normal 57.3474 69.2962 7.7500
    outer loop
        vertex 24.0000 25.9216 3.1000
        vertex 23.7185 25.7826 3.1000
        vertex 23.7185 25.7826 1.5000
    endloop
endfacet
facet normal 57.3474 69.2962 7.7500
    outer loop
        vertex 23.7185 25.7826 1.5000
        vertex 24.0000 25.9216 1.5000
        vertex 24.0000 25.9216 3.1000
    endloop
endfacet
facet normal 57.4356 69.3472 7.7500
    outer loop
        vertex 24.2611 26.0958 3.1000
        vertex 24.0000 25.9216 3.1000
        vertex 24.0000 25.9216 1.5000
    endloop
endfacet
facet normal 57.4356 69.3472 7.7500
    outer loop
        vertex 24.0000 25.9216 1.5000
        vertex 24.2611 26.0958 1.5000
        vertex 24.2611 26.0958 3.1000
    endloop
endfacet
facet normal 57.5178 69.4102 7.7500
    outer loop
        vertex 24.4970 26.3030 3.1000
        vertex 24.2611 26.0958 3.1000
        vertex 24.2611 26.0958 1.5000
    endloop
endfacet
facet normal 57.5178 69.4102 7.7500
    outer loop
        vertex 24.2611 26.0958 1.5000
        vertex 24.4970 26.3030 1.5000
        vertex 24.4970 26.3030 3.1000
    endloop
endfacet
facet normal 57.5898 69.4822 7.7500
    outer loop
        vertex 24.7042 26.5389 3.1000
        vertex 24.4970 26.3030 3.1000
        vertex 24.4970 26.3030 1.5000
    endloop
endfacet
facet normal 57.5898 69.4822 7.7500
    outer loop
        vertex 24.4970 26.3030 1.5000
        vertex 24.7042 26.5389 1.5000
        vertex 24.7042 26.5389 3.1000
    endloop
endfacet
facet normal 57.6528 69.5644 7.7500
    outer loop
        vertex 24.8784 26.8000 3.1000
        vertex 24.7042 26.5389 3.1000
        vertex 24.7042 26.5389 1.5000
    endloop
endfacet
facet normal 57.6528 69.5644 7.7500
    outer loop
        vertex 24.7042 26.5389 1.5000
        vertex 24.8784 26.8000 1.5000
        vertex 24.8784 26.8000 3.1000
    endloop
endfacet
facet normal 57.7038 69.6526 7.7500
    outer loop
        vertex 25.0174 27.0815 3.1000
        vertex 24.8784 26.8000 3.1000
        vertex 24.8784 26.8000 1.5000
    endloop
endfacet
facet normal 57.7038 69.6526 7.7500
    outer loop
        vertex 24.8784 26.8000 1.5000
        vertex 25.0174 27.0815 1.5000
        vertex 25.0174 27.0815 3.1000
    endloop
endfacet
facet normal 57.7434 69.7480 7.7500
    outer loop
        vertex 25.1182 27.3789 3.1000
        vertex 25.0174 27.0815 3.1000
        vertex 25.0174 27.0815 1.5000
    endloop
endfacet
facet normal 57.7434 69.7480 7.7500
    outer loop
        vertex 25.0174 27.0815 1.5000
        vertex 25.1182 27.3789 1.5000
        vertex 25.1182 27.3789 3.1000
    endloop
endfacet
facet normal 57.7698 69.8470 7.7500
    outer loop
        vertex 25.1794 27.6868 3.1000
        vertex 25.1182 27.3789 3.1000
        vertex 25.1182 27.3789 1.5000
    endloop
endfacet
facet normal 57.7698 69.8470 7.7500
    outer loop
        vertex 25.1182 27.3789 1.5000
        vertex 25.1794 27.6868 1.5000
        vertex 25.1794 27.6868 3.1000
    endloop
endfacet
facet normal 57.7830 69.9484 7.7500
    outer loop
        vertex 25.2000 28.0000 3.1000
        vertex 25.1794 27.6868 3.1000
        vertex 25.1794 27.6868 1.5000
    endloop
endfacet
facet normal 57.7830 69.9484 7.7500
    outer loop
        vertex 25.1794 27.6868 1.5000
        vertex 25.2000 28.0000 1.5000
        vertex 25.2000 28.0000 3.1000
    endloop
endfacet
facet normal 57.7830 70.0516 7.7500
    outer loop
        vertex 25.1794 28.3132 3.1000
        vertex 25.2000 28.0000 3.1000
        vertex 25.2000 28.0000 1.5000
    endloop
endfacet
facet normal 57.7830 70.0516 7.7500
    outer loop
        vertex 25.2000 28.0000 1.5000
        vertex 25.1794 28.3132 1.5000
        vertex 25.1794 28.3132 3.1000
    endloop
endfacet
facet normal 57.7698 70.1530 7.7500
    outer loop
        vertex 25.1182 28.6211 3.1000
        vertex 25.1794 28.3132 3.1000
        vertex 25.1794 28.3132 1.5000
    endloop
endfacet
facet normal 57.7698 70.1530 7.7500
    outer loop
        vertex 25.1794 28.3132 1.5000
        vertex 25.1182 28.6211 1.5000
        vertex 25.1182 28.6211 3.1000
    endloop
endfacet
facet normal 57.7434 70.2520 7.7500
    outer loop
        vertex 25.0174 28.9185 3.1000
        vertex 25.1182 28.6211 3.1000
        vertex 25.1182 28.6211 1.5000
    endloop
endfacet
facet normal 57.7434 70.2520 7.7500
    outer loop
        vertex 25.1182 28.6211 1.5000
        vertex 25.0174 28.9185 1.5000
        vertex 25.0174 28.9185 3.1000
    endloop
endfacet
facet normal 57.7038 70.3474 7.7500
    outer loop
        vertex 24.8784 29.2000 3.1000
        vertex 25.0174 28.9185 3.1000
        vertex 25.0174 28.9185 1.5000
    endloop
endfacet
facet normal 57.7038 70.3474 7.7500
    outer loop
        vertex 25.0174 28.9185 1.5000
        vertex 24.8784 29.2000 1.5000
        vertex 24.8784 29.2000 3.1000
    endloop
endfacet
facet normal 57.6528 70.4356 7.7500
    outer loop
        vertex 24.7042 29.4611 3.1000
        vertex 24.8784 29.2000 3.1000
        vertex 24.8784 29.2000 1.5000
    endloop
endfacet
facet normal 57.6528 70.4356 7.7500
    outer loop
        vertex 24.8784 29.2000 1.5000
        vertex 24.7042 29.4611 1.5000
        vertex 24.7042 29.4611 3.1000
    endloop
endfacet
facet normal 57.5898 70.5178 7.7500
    outer loop
        vertex 24.4970 29.6970 3.1000
        vertex 24.7042 29.4611 3.1000
        vertex 24.7042 29.4611 1.5000
    endloop
endfacet
facet normal 57.5898 70.5178 7.7500
    outer loop
        vertex 24.7042 29.4611 1.5000
        vertex 24.4970 29.6970 1.5000
        vertex 24.4970 29.6970 3.1000
    endloop
endfacet
facet normal 57.5178 70.5898 7.7500
    outer loop
        vertex 24.2611 29.9042 3.1000
        vertex 24.4970 29.6970 3.1000
        vertex 24.4970 29.6970 1.5000
    endloop
endfacet
facet normal 57.5178 70.5898 7.7500
    outer loop
        vertex 24.4970 29.6970 1.5000
        vertex 24.2611 29.9042 1.5000
        vertex 24.2611 29.9042 3.1000
    endloop
endfacet
facet normal 57.4356 70.6528 7.7500
    outer loop
        vertex 24.0000 30.0784 3.1000
        vertex 24.2611 29.9042 3.1000
        vertex 24.2611 29.9042 1.5000
    endloop
endfacet
facet normal 57.4356 70.6528 7.7500
    outer loop
        vertex 24.2611 29.9042 1.5000
        vertex 24.0000 30.0784 1.5000
        vertex 24.0000 30.0784 3.1000
    endloop
endfacet
facet normal 57.3474 70.7038 7.7500
    outer loop
        vertex 23.7185 30.2174 3.1000
        vertex 24.0000 30.0784 3.1000
        vertex 24.0000 30.0784 1.5000
    endloop
endfacet
facet normal 57.3474 70.7038 7.7500
    outer loop
        vertex 24.0000 30.0784 1.5000
        vertex 23.7185 30.2174 1.5000
        vertex 23.7185 30.2174 3.1000
    endloop
endfacet
facet normal 57.2520 70.7434 7.7500
    outer loop
        vertex 23.4211 30.3182 3.1000
        vertex 23.7185 30.2174 3.1000
        vertex 23.7185 30.2174 1.5000
    endloop
endfacet
facet normal 57.2520 70.7434 7.7500
    outer loop
        vertex 23.7185 30.2174 1.5000
        vertex 23.4211 30.3182 1.5000
        vertex 23.4211 30.3182 3.1000
    endloop
endfacet
facet normal 57.1530 70.7698 7.7500
    outer loop
        vertex 23.1132 30.3794 3.1000
        vertex 23.4211 30.3182 3.1000
        vertex 23.4211 30.3182 1.5000
    endloop
endfacet
facet normal 57.1530 70.7698 7.7500
    outer loop
        vertex 23.4211 30.3182 1.5000
        vertex 23.1132 30.3794 1.5000
        vertex 23.1132 30.3794 3.1000
    endloop
endfacet
facet normal 57.0516 70.7830 7.7500
    outer loop
        vertex 22.8000 30.4000 3.1000
        vertex 23.1132 30.3794 3.1000
        vertex 23.1132 30.3794 1.5000
    endloop
endfacet
facet normal 57.0516 70.7830 7.7500
    outer loop
        vertex 23.1132 30.3794 1.5000
        vertex 22.8000 30.4000 1.5000
        vertex 22.8000 30.4000 3.1000
    endloop
endfacet
facet normal 57.0000 70.0000 8.1415
    outer loop
        vertex 22.8000 30.4000 3.1000
        vertex 22.4868 30.3794 3.1000
        vertex 22.5912 29.5862 3.1000
    endloop
endfacet
facet normal 57.0000 70.0000 8.0110
    outer loop
        vertex 22.5912 29.5862 3.1000
        vertex 22.8000 29.6000 3.1000
        vertex 22.8000 30.4000 3.1000
    endloop
endfacet
facet normal 57.0000 70.0000 8.1416
    outer loop
        vertex 22.4868 30.3794 3.1000
        vertex 22.1789 30.3182 3.1000
        vertex 22.3859 29.5454 3.1000
    endloop
endfacet
facet normal 57.0000 70.0000 8.0110
    outer loop
        vertex 22.3859 29.5454 3.1000
        vertex 22.5912 29.5862 3.1000
        vertex 22.4868 30.3794 3.1000
    endloop
endfacet
facet normal 57.0000 70.0000 8.1416
    outer loop
        vertex 22.1789 30.3182 3.1000
        vertex 21.8815 30.2174 3.1000
        vertex 22.1877 29.4782 3.1000
    endloop
endfacet
facet normal 57.0000 70.0000 8.0111
    outer loop
        vertex 22.1877 29.4782 3.1000
        vertex 22.3859 29.5454 3.1000
        vertex 22.1789 30.3182 3.1000
    endloop
endfacet
facet normal 57.0000 70.0000 8.1416
    outer loop
        vertex 21.8815 30.2174 3.1000
        vertex 21.6000 30.0784 3.1000
        vertex 22.0000 29.3856 3.1000
    endloop
endfacet
facet normal 57.0000 70.0000 8.0111
    outer loop
        vertex 22.0000 29.3856 3.1000
        vertex 22.1877 29.4782 3.1000
        vertex 21.8815 30.2174 3.1000
    endloop
endfacet
facet normal 57.0000 70.0000 8.1416
    outer loop
        vertex 21.6000 30.0784 3.1000
        vertex 21.3389 29.9042 3.1000
        vertex 21.8259 29.2694 3.1000
    endloop
endfacet
facet normal 57.0000 70.0000 8.0110
    outer loop
        vertex 21.8259 29.2694 3.1000
        vertex 22.0000 29.3856 3.1000
        vertex 21.6000 30.0784 3.1000
    endloop
endfacet
facet normal 57.0000 70.0000 8.1416
    outer loop
        vertex 21.3389 29.9042 3.1000
        vertex 21.1030 29.6970 3.1000
        vertex 21.6686 29.1314 3.1000
    endloop
endfacet
facet normal 57.0000 70.0000 8.0111
    outer loop
        vertex 21.6686 29.1314 3.1000
        vertex 21.8259 29.2694 3.1000
        vertex 21.3389 29.9042 3.1000
    endloop
endfacet
facet normal 57.0000 70.0000 8.1416
    outer loop
        vertex 21.1030 29.6970 3.1000
        vertex 20.8958 29.4611 3.1000
        vertex 21.5306 28.9741 3.1000
    endloop
endfacet
facet normal 57.0000 70.0000 8.0111
    outer loop
        vertex 21.5306 28.9741 3.1000
        vertex 21.6686 29.1314 3.1000
        vertex 21.1030 29.6970 3.1000
    endloop
endfacet
facet normal 57.0000 70.0000 8.1416
    outer loop
        vertex 20.8958 29.4611 3.1000
        vertex 20.7216 29.2000 3.1000
        vertex 21.4144 28.8000 3.1000
    endloop
endfacet
facet normal 57.0000 70.0000 8.0110
    outer loop
        vertex 21.4144 28.8000 3.1000
        vertex 21.5306 28.9741 3.1000
        vertex 20.8958 29.4611 3.1000
    endloop
endfacet
facet normal 57.0000 70.0000 8.1416
    outer loop
        vertex 20.7216 29.2000 3.1000
        vertex 20.5826 28.9185 3.1000
        vertex 21.3218 28.6123 3.1000
    endloop
endfacet
facet normal 57.0000 70.0000 8.0111
    outer loop
        vertex 21.3218 28.6123 3.1000
        vertex 21.4144 28.8000 3.1000
        vertex 20.7216 29.2000 3.1000
    endloop
endfacet
facet normal 57.0000 70.0000 8.1416
    outer loop
        vertex 20.5826 28.9185 3.1000
        vertex 20.4818 28.6211 3.1000
        vertex 21.2546 28.4141 3.1000
    endloop
endfacet
facet normal 57.0000 70.0000 8.0111
    outer loop
        vertex 21.2546 28.4141 3.1000
        vertex 21.3218 28.6123 3.1000
        vertex 20.5826 28.9185 3.1000
    endloop
endfacet
facet normal 57.0000 70.0000 8.1416
    outer loop
        vertex 20.4818 28.6211 3.1000
        vertex 20.4206 28.3132 3.1000
        vertex 21.2138 28.2088 3.1000
    endloop
endfacet
facet normal 57.0000 70.0000 8.0110
    outer loop
        vertex 21.2138 28.2088 3.1000
        vertex 21.2546 28.4141 3.1000
        vertex 20.4818 28.6211 3.1000
    endloop
endfacet
facet normal 57.0000 70.0000 8.1415
    outer loop
        vertex 20.4206 28.3132 3.1000
        vertex 20.4000 28.0000 3.1000
        vertex 21.2000 28.0000 3.1000
    endloop
endfacet
facet normal 57.0000 70.0000 8.0110
    outer loop
        vertex 21.2000 28.0000 3.1000
        vertex 21.2138 28.2088 3.1000
        vertex 20.4206 28.3132 3.1000
    endloop
endfacet
facet normal 57.0000 70.0000 8.1415
    outer loop
        vertex 20.4000 28.0000 3.1000
        vertex 20.4206 27.6868 3.1000
        vertex 21.2138 27.7912 3.1000
    endloop
endfacet
facet normal 57.0000 70.0000 8.0110
    outer loop
        vertex 21.2138 27.7912 3.1000
        vertex 21.2000 28.0000 3.1000
        vertex 20.4000 28.0000 3.1000
    endloop
endfacet
facet normal 57.0000 70.0000 8.1416
    outer loop
        vertex 20.4206 27.6868 3.1000
        vertex 20.4818 27.3789 3.1000
        vertex 21.2546 27.5859 3.1000
    endloop
endfacet
facet normal 57.0000 70.0000 8.0110
    outer loop
        vertex 21.2546 27.5859 3.1000
        vertex 21.2138 27.7912 3.1000
        vertex 20.4206 27.6868 3.1000
    endloop
endfacet
facet normal 57.0000 70.0000 8.1416
    outer loop
        vertex 20.4818 27.3789 3.1000
        vertex 20.5826 27.0815 3.1000
        vertex 21.3218 27.3877 3.1000
    endloop
endfacet
facet normal 57.0000 70.0000 8.0111
    outer loop
        vertex 21.3218 27.3877 3.1000
        vertex 21.2546 27.5859 3.1000
        vertex 20.4818 27.3789 3.1000
    endloop
endfacet
facet normal 57.0000 70.0000 8.1416
    outer loop
        vertex 20.5826 27.0815 3.1000
        vertex 20.7216 26.8000 3.1000
        vertex 21.4144 27.2000 3.1000
    endloop
endfacet
facet normal 57.0000 70.0000 8.0111
    outer loop
        vertex 21.4144 27.2000 3.1000
        vertex 21.3218 27.3877 3.1000
        vertex 20.5826 27.0815 3.1000
    endloop
endfacet
facet normal 57.0000 70.0000 8.1416
    outer loop
        vertex 20.7216 26.8000 3.1000
        vertex 20.8958 26.5389 3.1000
        vertex 21.5306 27.0259 3.1000
    endloop
endfacet
facet normal 57.0000 70.0000 8.0110
    outer loop
        vertex 21.5306 27.0259 3.1000
        vertex 21.4144 27.2000 3.1000
        vertex 20.7216 26.8000 3.1000
    endloop
endfacet
facet normal 57.0000 70.0000 8.1416
    outer loop
        vertex 20.8958 26.5389 3.1000
        vertex 21.1030 26.3030 3.1000
        vertex 21.6686 26.8686 3.1000
    endloop
endfacet
facet normal 57.0000 70.0000 8.0111
    outer loop
        vertex 21.6686 26.8686 3.1000
        vertex 21.5306 27.0259 3.1000
        vertex 20.8958 26.5389 3.1000
    endloop
endfacet
facet normal 57.0000 70.0000 8.1416
    outer loop
        vertex 21.1030 26.3030 3.1000
        vertex 21.3389 26.0958 3.1000
        vertex 21.8259 26.7306 3.1000
    endloop
endfacet
facet normal 57.0000 70.0000 8.0111
    outer loop
        vertex 21.8259 26.7306 3.1000
        vertex 21.6686 26.8686 3.1000
        vertex 21.1030 26.3030 3.1000
    endloop
endfacet
facet normal 57.0000 70.0000 8.1416
    outer loop
        vertex 21.3389 26.0958 3.1000
        vertex 21.6000 25.9216 3.1000
        vertex 22.0000 26.6144 3.1000
    endloop
endfacet
facet normal 57.0000 70.0000 8.0110
    outer loop
        vertex 22.0000 26.6144 3.1000
        vertex 21.8259 26.7306 3.1000
        vertex 21.3389 26.0958 3.1000
    endloop
endfacet
facet normal 57.0000 70.0000 8.1416
    outer loop
        vertex 21.6000 25.9216 3.1000
        vertex 21.8815 25.7826 3.1000
        vertex 22.1877 26.5218 3.1000
    endloop
endfacet
facet normal 57.0000 70.0000 8.0111
    outer loop
        vertex 22.1877 26.5218 3.1000
        vertex 22.0000 26.6144 3.1000
        vertex 21.6000 25.9216 3.1000
    endloop
endfacet
facet normal 57.0000 70.0000 8.1416
    outer loop
        vertex 21.8815 25.7826 3.1000
        vertex 22.1789 25.6818 3.1000
        vertex 22.3859 26.4546 3.1000
    endloop
endfacet
facet normal 57.0000 70.0000 8.0111
    outer loop
        vertex 22.3859 26.4546 3.1000
        vertex 22.1877 26.5218 3.1000
        vertex 21.8815 25.7826 3.1000
    endloop
endfacet
facet normal 57.0000 70.0000 8.1416
    outer loop
        vertex 22.1789 25.6818 3.1000
        vertex 22.4868 25.6206 3.1000
        vertex 22.5912 26.4138 3.1000
    endloop
endfacet
facet normal 57.0000 70.0000 8.0110
    outer loop
        vertex 22.5912 26.4138 3.1000
        vertex 22.3859 26.4546 3.1000
        vertex 22.1789 25.6818 3.1000
    endloop
endfacet
facet normal 57.0000 70.0000 8.1415
    outer loop
        vertex 22.4868 25.6206 3.1000
        vertex 22.8000 25.6000 3.1000
        vertex 22.8000 26.4000 3.1000
    endloop
endfacet
facet normal 57.0000 70.0000 8.0110
    outer loop
        vertex 22.8000 26.4000 3.1000
        vertex 22.5912 26.4138 3.1000
        vertex 22.4868 25.6206 3.1000
    endloop
endfacet
facet normal 57.0000 70.0000 8.1415
    outer loop
        vertex 22.8000 25.6000 3.1000
        vertex 23.1132 25.6206 3.1000
        vertex 23.0088 26.4138 3.1000
    endloop
endfacet
facet normal 57.0000 70.0000 8.0110
    outer loop
        vertex 23.0088 26.4138 3.1000
        vertex 22.8000 26.4000 3.1000
        vertex 22.8000 25.6000 3.1000
    endloop
endfacet
facet normal 57.0000 70.0000 8.1416
    outer loop
        vertex 23.1132 25.6206 3.1000
        vertex 23.4211 25.6818 3.1000
        vertex 23.2141 26.4546 3.1000
    endloop
endfacet
facet normal 57.0000 70.0000 8.0110
    outer loop
        vertex 23.2141 26.4546 3.1000
        vertex 23.0088 26.4138 3.1000
        vertex 23.1132 25.6206 3.1000
    endloop
endfacet
facet normal 57.0000 70.0000 8.1416
    outer loop
        vertex 23.4211 25.6818 3.1000
        vertex 23.7185 25.7826 3.1000
        vertex 23.4123 26.5218 3.1000
    endloop
endfacet
facet normal 57.0000 70.0000 8.0111
    outer loop
        vertex 23.4123 26.5218 3.1000
        vertex 23.2141 26.4546 3.1000
        vertex 23.4211 25.6818 3.1000
    endloop
endfacet
facet normal 57.0000 70.0000 8.1416
    outer loop
        vertex 23.7185 25.7826 3.1000
        vertex 24.0000 25.9216 3.1000
        vertex 23.6000 26.6144 3.1000
    endloop
endfacet
facet normal 57.0000 70.0000 8.0111
    outer loop
        vertex 23.6000 26.6144 3.1000
        vertex 23.4123 26.5218 3.1000
        vertex 23.7185 25.7826 3.1000
    endloop
endfacet
facet normal 57.0000 70.0000 8.1416
    outer loop
        vertex 24.0000 25.9216 3.1000
        vertex 24.2611 26.0958 3.1000
        vertex 23.7741 26.7306 3.1000
    endloop
endfacet
facet normal 57.0000 70.0000 8.0110
    outer loop
        vertex 23.7741 26.7306 3.1000
        vertex 23.6000 26.6144 3.1000
        vertex 24.0000 25.9216 3.1000
    endloop
endfacet
facet normal 57.0000 70.0000 8.1416
    outer loop
        vertex 24.2611 26.0958 3.1000
        vertex 24.4970 26.3030 3.1000
        vertex 23.9314 26.8686 3.1000
    endloop
endfacet
facet normal 57.0000 70.0000 8.0111
    outer loop
        vertex 23.9314 26.8686 3.1000
        vertex 23.7741 26.7306 3.1000
        vertex 24.2611 26.0958 3.1000
    endloop
endfacet
facet normal 57.0000 70.0000 8.1416
    outer loop
        vertex 24.4970 26.3030 3.1000
        vertex 24.7042 26.5389 3.1000
        vertex 24.0694 27.0259 3.1000
    endloop
endfacet
facet normal 57.0000 70.0000 8.0111
    outer loop
        vertex 24.0694 27.0259 3.1000
        vertex 23.9314 26.8686 3.1000
        vertex 24.4970 26.3030 3.1000
    endloop
endfacet
facet normal 57.0000 70.0000 8.1416
    outer loop
        vertex 24.7042 26.5389 3.1000
        vertex 24.8784 26.8000 3.1000
        vertex 24.1856 27.2000 3.1000
    endloop
endfacet
facet normal 57.0000 70.0000 8.0110
    outer loop
        vertex 24.1856 27.2000 3.1000
        vertex 24.0694 27.0259 3.1000
        vertex 24.7042 26.5389 3.1000
    endloop
endfacet
facet normal 57.0000 70.0000 8.1416
    outer loop
        vertex 24.8784 26.8000 3.1000
        vertex 25.0174 27.0815 3.1000
        vertex 24.2782 27.3877 3.1000
    endloop
endfacet
facet normal 57.0000 70.0000 8.0111
    outer loop
        vertex 24.2782 27.3877 3.1000
        vertex 24.1856 27.2000 3.1000
        vertex 24.8784 26.8000 3.1000
    endloop
endfacet
facet normal 57.0000 70.0000 8.1416
    outer loop
        vertex 25.0174 27.0815 3.1000
        vertex 25.1182 27.3789 3.1000
        vertex 24.3454 27.5859 3.1000
    endloop
endfacet
facet normal 57.0000 70.0000 8.0111
    outer loop
        vertex 24.3454 27.5859 3.1000
        vertex 24.2782 27.3877 3.1000
        vertex 25.0174 27.0815 3.1000
    endloop
endfacet
facet normal 57.0000 70.0000 8.1416
    outer loop
        vertex 25.1182 27.3789 3.1000
        vertex 25.1794 27.6868 3.1000
        vertex 24.3862 27.7912 3.1000
    endloop
endfacet
facet normal 57.0000 70.0000 8.0110
    outer loop
        vertex 24.3862 27.7912 3.1000
        vertex 24.3454 27.5859 3.1000
        vertex 25.1182 27.3789 3.1000
    endloop
endfacet
facet normal 57.0000 70.0000 8.1415
    outer loop
        vertex 25.1794 27.6868 3.1000
        vertex 25.2000 28.0000 3.1000
        vertex 24.4000 28.0000 3.1000
    endloop
endfacet
facet normal 57.0000 70.0000 8.0110
    outer loop
        vertex 24.4000 28.0000 3.1000
        vertex 24.3862 27.7912 3.1000
        vertex 25.1794 27.6868 3.1000
    endloop
endfacet
facet normal 57.0000 70.0000 8.1415
    outer loop
        vertex 25.2000 28.0000 3.1000
        vertex 25.1794 28.3132 3.1000
        vertex 24.3862 28.2088 3.1000
    endloop
endfacet
facet normal 57.0000 70.0000 8.0110
    outer loop
        vertex 24.3862 28.2088 3.1000
        vertex 24.4000 28.0000 3.1000
        vertex 25.2000 28.0000 3.1000
    endloop
endfacet
facet normal 57.0000 70.0000 8.1416
    outer loop
        vertex 25.1794 28.3132 3.1000
        vertex 25.1182 28.6211 3.1000
        vertex 24.3454 28.4141 3.1000
    endloop
endfacet
facet normal 57.0000 70.0000 8.0110
    outer loop
        vertex 24.3454 28.4141 3.1000
        vertex 24.3862 28.2088 3.1000
        vertex 25.1794 28.3132 3.1000
    endloop
endfacet
facet normal 57.0000 70.0000 8.1416
    outer loop
        vertex 25.1182 28.6211 3.1000
        vertex 25.0174 28.9185 3.1000
        vertex 24.2782 28.6123 3.1000
    endloop
endfacet
facet normal 57.0000 70.0000 8.0111
    outer loop
        vertex 24.2782 28.6123 3.1000
        vertex 24.3454 28.4141 3.1000
        vertex 25.1182 28.6211 3.1000
    endloop
endfacet
facet normal 57.0000 70.0000 8.1416
    outer loop
        vertex 25.0174 28.9185 3.1000
        vertex 24.8784 29.2000 3.1000
        vertex 24.1856 28.8000 3.1000
    endloop
endfacet
facet normal 57.0000 70.0000 8.0111
    outer loop
        vertex 24.1856 28.8000 3.1000
        vertex 24.2782 28.6123 3.1000
        vertex 25.0174 28.9185 3.1000
    endloop
endfacet
facet normal 57.0000 70.0000 8.1416
    outer loop
        vertex 24.8784 29.2000 3.1000
        vertex 24.7042 29.4611 3.1000
        vertex 24.0694 28.9741 3.1000
    endloop
endfacet
facet normal 57.0000 70.0000 8.0110
    outer loop
        vertex 24.0694 28.9741 3.1000
        vertex 24.1856 28.8000 3.1000
        vertex 24.8784 29.2000 3.1000
    endloop
endfacet
facet normal 57.0000 70.0000 8.1416
    outer loop
        vertex 24.7042 29.4611 3.1000
        vertex 24.4970 29.6970 3.1000
        vertex 23.9314 29.1314 3.1000
    endloop
endfacet
facet normal 57.0000 70.0000 8.0111
    outer loop
        vertex 23.9314 29.1314 3.1000
        vertex 24.0694 28.9741 3.1000
        vertex 24.7042 29.4611 3.1000
    endloop
endfacet
facet normal 57.0000 70.0000 8.1416
    outer loop
        vertex 24.4970 29.6970 3.1000
        vertex 24.2611 29.9042 3.1000
        vertex 23.7741 29.2694 3.1000
    endloop
endfacet
facet normal 57.0000 70.0000 8.0111
    outer loop
        vertex 23.7741 29.2694 3.1000
        vertex 23.9314 29.1314 3.1000
        vertex 24.4970 29.6970 3.1000
    endloop
endfacet
facet normal 57.0000 70.0000 8.1416
    outer loop
        vertex 24.2611 29.9042 3.1000
        vertex 24.0000 30.0784 3.1000
        vertex 23.6000 29.3856 3.1000
    endloop
endfacet
facet normal 57.0000 70.0000 8.0110
    outer loop
        vertex 23.6000 29.3856 3.1000
        vertex 23.7741 29.2694 3.1000
        vertex 24.2611 29.9042 3.1000
    endloop
endfacet
facet normal 57.0000 70.0000 8.1416
    outer loop
        vertex 24.0000 30.0784 3.1000
        vertex 23.7185 30.2174 3.1000
        vertex 23.4123 29.4782 3.1000
    endloop
endfacet
facet normal 57.0000 70.0000 8.0111
    outer loop
        vertex 23.4123 29.4782 3.1000
        vertex 23.6000 29.3856 3.1000
        vertex 24.0000 30.0784 3.1000
    endloop
endfacet
facet normal 57.0000 70.0000 8.1416
    outer loop
        vertex 23.7185 30.2174 3.1000
        vertex 23.4211 30.3182 3.1000
        vertex 23.2141 29.5454 3.1000
    endloop
endfacet
facet normal 57.0000 70.0000 8.0111
    outer loop
        vertex 23.2141 29.5454 3.1000
        vertex 23.4123 29.4782 3.1000
        vertex 23.7185 30.2174 3.1000
    endloop
endfacet
facet normal 57.0000 70.0000 8.1416
    outer loop
        vertex 23.4211 30.3182 3.1000
        vertex 23.1132 30.3794 3.1000
        vertex 23.0088 29.5862 3.1000
    endloop
endfacet
facet normal 57.0000 70.0000 8.0110
    outer loop
        vertex 23.0088 29.5862 3.1000
        vertex 23.2141 29.5454 3.1000
        vertex 23.4211 30.3182 3.1000
    endloop
endfacet
facet normal 57.0000 70.0000 8.1415
    outer loop
        vertex 23.1132 30.3794 3.1000
        vertex 22.8000 30.4000 3.1000
        vertex 22.8000 29.6000 3.1000
    endloop
endfacet
facet normal 57.0000 70.0000 8.0110
    outer loop
        vertex 22.8000 29.6000 3.1000
        vertex 23.0088 29.5862 3.1000
        vertex 23.1132 30.3794 3.1000
    endloop
endfacet
facet normal 30.0000 40.0000 136.0540
    outer loop
        vertex 6.0882 17.3004 -0.8000
        vertex 11.9832 16.5012 -0.8000
        vertex 7.3879 20.8712 -0.8000
    endloop
endfacet
facet normal 30.0000 40.0000 30.2325
    outer loop
        vertex 7.3879 20.8712 -0.8000
        vertex 11.9832 16.5012 -0.8000
        vertex 7.8495 21.5545 -0.8000
    endloop
endfacet
facet normal 30.0000 40.0000 31.5535
    outer loop
        vertex 7.8495 21.5545 -0.8000
        vertex 11.9832 16.5012 -0.8000
        vertex 8.6185 21.9131 -0.8000
    endloop
endfacet
facet normal 30.0000 40.0000 23.9400
    outer loop
        vertex 8.6185 21.9131 -0.8000
        vertex 11.9832 16.5012 -0.8000
        vertex 9.4387 21.8275 -0.8000
    endloop
endfacet
facet normal 30.0000 40.0000 225.4140
    outer loop
        vertex 9.4387 21.8275 -0.8000
        vertex 11.9832 16.5012 -0.8000
        vertex 17.7079 18.8177 -0.8000
    endloop
endfacet
facet normal 30.0000 40.0000 24.4080
    outer loop
        vertex 17.7079 18.8177 -0.8000
        vertex 11.9832 16.5012 -0.8000
        vertex 18.3913 18.3561 -0.8000
    endloop
endfacet
facet normal 30.0000 40.0000 32.9575
    outer loop
        vertex 18.3913 18.3561 -0.8000
        vertex 11.9832 16.5012 -0.8000
        vertex 18.7499 17.5871 -0.8000
    endloop
endfacet
facet normal 30.0000 40.0000 32.1045
    outer loop
        vertex 18.7499 17.5871 -0.8000
        vertex 11.9832 16.5012 -0.8000
        vertex 18.6642 16.7670 -0.8000
    endloop
endfacet
facet normal 30.0000 40.0000 144.9460
    outer loop
        vertex 18.6642 16.7670 -0.8000
        vertex 11.9832 16.5012 -0.8000
        vertex 17.3645 13.1961 -0.8000
    endloop
endfacet
facet normal 30.0000 40.0000 30.5175
    outer loop
        vertex 17.3645 13.1961 -0.8000
        vertex 11.9832 16.5012 -0.8000
        vertex 16.9030 12.5128 -0.8000
    endloop
endfacet
facet normal 30.0000 40.0000 28.1965
    outer loop
        vertex 16.9030 12.5128 -0.8000
        vertex 11.9832 16.5012 -0.8000
        vertex 16.1339 12.1542 -0.8000
    endloop
endfacet
facet normal 30.0000 40.0000 18.0600
    outer loop
        vertex 16.1339 12.1542 -0.8000
        vertex 11.9832 16.5012 -0.8000
        vertex 15.3138 12.2399 -0.8000
    endloop
endfacet
facet normal 30.0000 40.0000 19.4890
    outer loop
        vertex 15.3138 12.2399 -0.8000
        vertex 11.9832 16.5012 -0.8000
        vertex 14.1862 12.6503 -0.8000
    endloop
endfacet
facet normal 30.0000 40.0000 87.5520
    outer loop
        vertex 11.1785 11.4038 -0.8000
        vertex 14.1862 12.6503 -0.8000
        vertex 11.9832 16.5012 -0.8000
    endloop
endfacet
facet normal 30.0000 40.0000 19.4625
    outer loop
        vertex 10.4778 11.2331 -0.8000
        vertex 11.1785 11.4038 -0.8000
        vertex 11.9832 16.5012 -0.8000
    endloop
endfacet
facet normal 30.0000 40.0000 11.6630
    outer loop
        vertex 10.1020 11.3700 -0.8000
        vertex 10.4778 11.2331 -0.8000
        vertex 11.9832 16.5012 -0.8000
    endloop
endfacet
facet normal 30.0000 40.0000 18.5265
    outer loop
        vertex 9.6750 11.9510 -0.8000
        vertex 10.1020 11.3700 -0.8000
        vertex 11.9832 16.5012 -0.8000
    endloop
endfacet
facet normal 30.0000 40.0000 82.4040
    outer loop
        vertex 8.1721 14.8392 -0.8000
        vertex 9.6750 11.9510 -0.8000
        vertex 11.9832 16.5012 -0.8000
    endloop
endfacet
facet normal 30.0000 40.0000 19.4890
    outer loop
        vertex 8.1721 14.8392 -0.8000
        vertex 11.9832 16.5012 -0.8000
        vertex 7.0445 15.2496 -0.8000
    endloop
endfacet
facet normal 30.0000 40.0000 17.5920
    outer loop
        vertex 7.0445 15.2496 -0.8000
        vertex 11.9832 16.5012 -0.8000
        vertex 6.3612 15.7112 -0.8000
    endloop
endfacet
facet normal 30.0000 40.0000 26.7925
    outer loop
        vertex 6.3612 15.7112 -0.8000
        vertex 11.9832 16.5012 -0.8000
        vertex 6.0026 16.4802 -0.8000
    endloop
endfacet
facet normal 30.0000 40.0000 28.6455
    outer loop
        vertex 6.0026 16.4802 -0.8000
        vertex 11.9832 16.5012 -0.8000
        vertex 6.0882 17.3004 -0.8000
    endloop
endfacet
facet normal 19.6202 42.1817 -2.3719
    outer loop
        vertex 7.0963 17.1463 -0.9000
        vertex 7.5745 16.1209 -0.9000
        vertex 7.4787 16.1631 -0.9000
    endloop
endfacet
facet normal 19.6202 42.1817 -2.3549
    outer loop
        vertex 7.4787 16.1631 -0.9000
        vertex 7.0671 17.0458 -0.9000
        vertex 7.0963 17.1463 -0.9000
    endloop
endfacet
facet normal 19.6202 42.1817 -2.3385
    outer loop
        vertex 7.0671 17.0458 -0.9000
        vertex 7.4787 16.1631 -0.9000
        vertex 7.3893 16.2174 -0.9000
    endloop
endfacet
facet normal 19.6202 42.1817 -2.3227
    outer loop
        vertex 7.3893 16.2174 -0.9000
        vertex 7.0512 16.9424 -0.9000
        vertex 7.0671 17.0458 -0.9000
    endloop
endfacet
facet normal 19.6202 42.1817 -2.3079
    outer loop
        vertex 7.0512 16.9424 -0.9000
        vertex 7.3893 16.2174 -0.9000
        vertex 7.3076 16.2828 -0.9000
    endloop
endfacet
facet normal 19.6202 42.1817 -2.2943
    outer loop
        vertex 7.3076 16.2828 -0.9000
        vertex 7.0488 16.8378 -0.9000
        vertex 7.0512 16.9424 -0.9000
    endloop
endfacet
facet normal 19.6202 42.1817 -2.2821
    outer loop
        vertex 7.0488 16.8378 -0.9000
        vertex 7.3076 16.2828 -0.9000
        vertex 7.2353 16.3585 -0.9000
    endloop
endfacet
facet normal 19.6202 42.1817 -2.2717
    outer loop
        vertex 7.2353 16.3585 -0.9000
        vertex 7.0603 16.7337 -0.9000
        vertex 7.0488 16.8378 -0.9000
    endloop
endfacet
facet normal 19.6202 42.1817 -2.2632
    outer loop
        vertex 7.0603 16.7337 -0.9000
        vertex 7.2353 16.3585 -0.9000
        vertex 7.1733 16.4428 -0.9000
    endloop
endfacet
facet normal 19.6202 42.1817 -2.2567
    outer loop
        vertex 7.1733 16.4428 -0.9000
        vertex 7.0851 16.6321 -0.9000
        vertex 7.0603 16.7337 -0.9000
    endloop
endfacet
facet normal 19.6202 42.1817 -2.2522
    outer loop
        vertex 7.0851 16.6321 -0.9000
        vertex 7.1733 16.4428 -0.9000
        vertex 7.1231 16.5346 -0.9000
    endloop
endfacet
facet normal 39.3537 34.9993 -2.3719
    outer loop
        vertex 15.4679 13.2480 -0.9000
        vertex 16.4932 13.7261 -0.9000
        vertex 16.4511 13.6303 -0.9000
    endloop
endfacet
facet normal 39.3537 34.9993 -2.3549
    outer loop
        vertex 16.4511 13.6303 -0.9000
        vertex 15.5683 13.2187 -0.9000
        vertex 15.4679 13.2480 -0.9000
    endloop
endfacet
facet normal 39.3537 34.9993 -2.3385
    outer loop
        vertex 15.5683 13.2187 -0.9000
        vertex 16.4511 13.6303 -0.9000
        vertex 16.3968 13.5409 -0.9000
    endloop
endfacet
facet normal 39.3537 34.9993 -2.3227
    outer loop
        vertex 16.3968 13.5409 -0.9000
        vertex 15.6718 13.2028 -0.9000
        vertex 15.5683 13.2187 -0.9000
    endloop
endfacet
facet normal 39.3537 34.9993 -2.3079
    outer loop
        vertex 15.6718 13.2028 -0.9000
        vertex 16.3968 13.5409 -0.9000
        vertex 16.3313 13.4592 -0.9000
    endloop
endfacet
facet normal 39.3537 34.9993 -2.2943
    outer loop
        vertex 16.3313 13.4592 -0.9000
        vertex 15.7764 13.2004 -0.9000
        vertex 15.6718 13.2028 -0.9000
    endloop
endfacet
facet normal 39.3537 34.9993 -2.2821
    outer loop
        vertex 15.7764 13.2004 -0.9000
        vertex 16.3313 13.4592 -0.9000
        vertex 16.2557 13.3869 -0.9000
    endloop
endfacet
facet normal 39.3537 34.9993 -2.2717
    outer loop
        vertex 16.2557 13.3869 -0.9000
        vertex 15.8804 13.2119 -0.9000
        vertex 15.7764 13.2004 -0.9000
    endloop
endfacet
facet normal 39.3537 34.9993 -2.2632
    outer loop
        vertex 15.8804 13.2119 -0.9000
        vertex 16.2557 13.3869 -0.9000
        vertex 16.1713 13.3249 -0.9000
    endloop
endfacet
facet normal 39.3537 34.9993 -2.2567
    outer loop
        vertex 16.1713 13.3249 -0.9000
        vertex 15.9821 13.2367 -0.9000
        vertex 15.8804 13.2119 -0.9000
    endloop
endfacet
facet normal 39.3537 34.9993 -2.2522
    outer loop
        vertex 15.9821 13.2367 -0.9000
        vertex 16.1713 13.3249 -0.9000
        vertex 16.0796 13.2747 -0.9000
    endloop
endfacet
facet normal 22.5274 50.1690 -2.3719
    outer loop
        vertex 9.2846 20.8194 -0.9000
        vertex 8.2592 20.3412 -0.9000
        vertex 8.3014 20.4370 -0.9000
    endloop
endfacet
facet normal 22.5274 50.1690 -2.3549
    outer loop
        vertex 8.3014 20.4370 -0.9000
        vertex 9.1841 20.8486 -0.9000
        vertex 9.2846 20.8194 -0.9000
    endloop
endfacet
facet normal 22.5274 50.1690 -2.3385
    outer loop
        vertex 9.1841 20.8486 -0.9000
        vertex 8.3014 20.4370 -0.9000
        vertex 8.3557 20.5265 -0.9000
    endloop
endfacet
facet normal 22.5274 50.1690 -2.3227
    outer loop
        vertex 8.3557 20.5265 -0.9000
        vertex 9.0807 20.8645 -0.9000
        vertex 9.1841 20.8486 -0.9000
    endloop
endfacet
facet normal 22.5274 50.1690 -2.3079
    outer loop
        vertex 9.0807 20.8645 -0.9000
        vertex 8.3557 20.5265 -0.9000
        vertex 8.4211 20.6081 -0.9000
    endloop
endfacet
facet normal 22.5274 50.1690 -2.2943
    outer loop
        vertex 8.4211 20.6081 -0.9000
        vertex 8.9761 20.8669 -0.9000
        vertex 9.0807 20.8645 -0.9000
    endloop
endfacet
facet normal 22.5274 50.1690 -2.2821
    outer loop
        vertex 8.9761 20.8669 -0.9000
        vertex 8.4211 20.6081 -0.9000
        vertex 8.4967 20.6804 -0.9000
    endloop
endfacet
facet normal 22.5274 50.1690 -2.2717
    outer loop
        vertex 8.4967 20.6804 -0.9000
        vertex 8.8720 20.8554 -0.9000
        vertex 8.9761 20.8669 -0.9000
    endloop
endfacet
facet normal 22.5274 50.1690 -2.2632
    outer loop
        vertex 8.8720 20.8554 -0.9000
        vertex 8.4967 20.6804 -0.9000
        vertex 8.5811 20.7424 -0.9000
    endloop
endfacet
facet normal 22.5274 50.1690 -2.2567
    outer loop
        vertex 8.5811 20.7424 -0.9000
        vertex 8.7704 20.8306 -0.9000
        vertex 8.8720 20.8554 -0.9000
    endloop
endfacet
facet normal 22.5274 50.1690 -2.2522
    outer loop
        vertex 8.7704 20.8306 -0.9000
        vertex 8.5811 20.7424 -0.9000
        vertex 8.6729 20.7927 -0.9000
    endloop
endfacet
facet normal 42.2609 42.9866 -2.3719
    outer loop
        vertex 17.6561 16.9210 -0.9000
        vertex 17.1780 17.9464 -0.9000
        vertex 17.2737 17.9042 -0.9000
    endloop
endfacet
facet normal 42.2609 42.9866 -2.3549
    outer loop
        vertex 17.2737 17.9042 -0.9000
        vertex 17.6853 17.0215 -0.9000
        vertex 17.6561 16.9210 -0.9000
    endloop
endfacet
facet normal 42.2609 42.9866 -2.3385
    outer loop
        vertex 17.6853 17.0215 -0.9000
        vertex 17.2737 17.9042 -0.9000
        vertex 17.3632 17.8500 -0.9000
    endloop
endfacet
facet normal 42.2609 42.9866 -2.3227
    outer loop
        vertex 17.3632 17.8500 -0.9000
        vertex 17.7013 17.1249 -0.9000
        vertex 17.6853 17.0215 -0.9000
    endloop
endfacet
facet normal 42.2609 42.9866 -2.3079
    outer loop
        vertex 17.7013 17.1249 -0.9000
        vertex 17.3632 17.8500 -0.9000
        vertex 17.4448 17.7845 -0.9000
    endloop
endfacet
facet normal 42.2609 42.9866 -2.2943
    outer loop
        vertex 17.4448 17.7845 -0.9000
        vertex 17.7036 17.2295 -0.9000
        vertex 17.7013 17.1249 -0.9000
    endloop
endfacet
facet normal 42.2609 42.9866 -2.2821
    outer loop
        vertex 17.7036 17.2295 -0.9000
        vertex 17.4448 17.7845 -0.9000
        vertex 17.5172 17.7089 -0.9000
    endloop
endfacet
facet normal 42.2609 42.9866 -2.2717
    outer loop
        vertex 17.5172 17.7089 -0.9000
        vertex 17.6922 17.3336 -0.9000
        vertex 17.7036 17.2295 -0.9000
    endloop
endfacet
facet normal 42.2609 42.9866 -2.2632
    outer loop
        vertex 17.6922 17.3336 -0.9000
        vertex 17.5172 17.7089 -0.9000
        vertex 17.5791 17.6245 -0.9000
    endloop
endfacet
facet normal 42.2609 42.9866 -2.2567
    outer loop
        vertex 17.5791 17.6245 -0.9000
        vertex 17.6674 17.4352 -0.9000
        vertex 17.6922 17.3336 -0.9000
    endloop
endfacet
facet normal 42.2609 42.9866 -2.2522
    outer loop
        vertex 17.6674 17.4352 -0.9000
        vertex 17.5791 17.6245 -0.9000
        vertex 17.6294 17.5327 -0.9000
    endloop
endfacet
facet normal 19.6202 42.1817 -2.2586
    outer loop
        vertex 7.4787 16.1631 -0.9000
        vertex 7.5745 16.1209 -0.9000
        vertex 6.8227 16.3945 -0.9000
    endloop
endfacet
facet normal 19.6202 42.1817 -2.2733
    outer loop
        vertex 7.3893 16.2174 -0.9000
        vertex 7.4787 16.1631 -0.9000
        vertex 6.8227 16.3945 -0.9000
    endloop
endfacet
facet normal 19.6202 42.1817 -2.2854
    outer loop
        vertex 7.3076 16.2828 -0.9000
        vertex 7.3893 16.2174 -0.9000
        vertex 6.8227 16.3945 -0.9000
    endloop
endfacet
facet normal 19.6202 42.1817 -2.2947
    outer loop
        vertex 7.2353 16.3585 -0.9000
        vertex 7.3076 16.2828 -0.9000
        vertex 6.8227 16.3945 -0.9000
    endloop
endfacet
facet normal 19.6202 42.1817 -2.3009
    outer loop
        vertex 7.1733 16.4428 -0.9000
        vertex 7.2353 16.3585 -0.9000
        vertex 6.8227 16.3945 -0.9000
    endloop
endfacet
facet normal 19.6202 42.1817 -2.3041
    outer loop
        vertex 7.1231 16.5346 -0.9000
        vertex 7.1733 16.4428 -0.9000
        vertex 6.8227 16.3945 -0.9000
    endloop
endfacet
facet normal 19.6202 42.1817 -2.3041
    outer loop
        vertex 7.0851 16.6321 -0.9000
        vertex 7.1231 16.5346 -0.9000
        vertex 6.8227 16.3945 -0.9000
    endloop
endfacet
facet normal 19.6202 42.1817 -2.3009
    outer loop
        vertex 7.0603 16.7337 -0.9000
        vertex 7.0851 16.6321 -0.9000
        vertex 6.8227 16.3945 -0.9000
    endloop
endfacet
facet normal 19.6202 42.1817 -2.2947
    outer loop
        vertex 7.0488 16.8378 -0.9000
        vertex 7.0603 16.7337 -0.9000
        vertex 6.8227 16.3945 -0.9000
    endloop
endfacet
facet normal 19.6202 42.1817 -2.2854
    outer loop
        vertex 7.0512 16.9424 -0.9000
        vertex 7.0488 16.8378 -0.9000
        vertex 6.8227 16.3945 -0.9000
    endloop
endfacet
facet normal 19.6202 42.1817 -2.2733
    outer loop
        vertex 7.0671 17.0458 -0.9000
        vertex 7.0512 16.9424 -0.9000
        vertex 6.8227 16.3945 -0.9000
    endloop
endfacet
facet normal 19.6202 42.1817 -2.2586
    outer loop
        vertex 7.0963 17.1463 -0.9000
        vertex 7.0671 17.0458 -0.9000
        vertex 6.8227 16.3945 -0.9000
    endloop
endfacet
facet normal 39.3537 34.9993 -2.2586
    outer loop
        vertex 16.4511 13.6303 -0.9000
        vertex 16.4932 13.7261 -0.9000
        vertex 16.2196 12.9743 -0.9000
    endloop
endfacet
facet normal 39.3537 34.9993 -2.2733
    outer loop
        vertex 16.3968 13.5409 -0.9000
        vertex 16.4511 13.6303 -0.9000
        vertex 16.2196 12.9743 -0.9000
    endloop
endfacet
facet normal 39.3537 34.9993 -2.2854
    outer loop
        vertex 16.3313 13.4592 -0.9000
        vertex 16.3968 13.5409 -0.9000
        vertex 16.2196 12.9743 -0.9000
    endloop
endfacet
facet normal 39.3537 34.9993 -2.2947
    outer loop
        vertex 16.2557 13.3869 -0.9000
        vertex 16.3313 13.4592 -0.9000
        vertex 16.2196 12.9743 -0.9000
    endloop
endfacet
facet normal 39.3537 34.9993 -2.3009
    outer loop
        vertex 16.1713 13.3249 -0.9000
        vertex 16.2557 13.3869 -0.9000
        vertex 16.2196 12.9743 -0.9000
    endloop
endfacet
facet normal 39.3537 34.9993 -2.3041
    outer loop
        vertex 16.0796 13.2747 -0.9000
        vertex 16.1713 13.3249 -0.9000
        vertex 16.2196 12.9743 -0.9000
    endloop
endfacet
facet normal 39.3537 34.9993 -2.3041
    outer loop
        vertex 15.9821 13.2367 -0.9000
        vertex 16.0796 13.2747 -0.9000
        vertex 16.2196 12.9743 -0.9000
    endloop
endfacet
facet normal 39.3537 34.9993 -2.3009
    outer loop
        vertex 15.8804 13.2119 -0.9000
        vertex 15.9821 13.2367 -0.9000
        vertex 16.2196 12.9743 -0.9000
    endloop
endfacet
facet normal 39.3537 34.9993 -2.2947
    outer loop
        vertex 15.7764 13.2004 -0.9000
        vertex 15.8804 13.2119 -0.9000
        vertex 16.2196 12.9743 -0.9000
    endloop
endfacet
facet normal 39.3537 34.9993 -2.2854
    outer loop
        vertex 15.6718 13.2028 -0.9000
        vertex 15.7764 13.2004 -0.9000
        vertex 16.2196 12.9743 -0.9000
    endloop
endfacet
facet normal 39.3537 34.9993 -2.2733
    outer loop
        vertex 15.5683 13.2187 -0.9000
        vertex 15.6718 13.2028 -0.9000
        vertex 16.2196 12.9743 -0.9000
    endloop
endfacet
facet normal 39.3537 34.9993 -2.2586
    outer loop
        vertex 15.4679 13.2480 -0.9000
        vertex 15.5683 13.2187 -0.9000
        vertex 16.2196 12.9743 -0.9000
    endloop
endfacet
facet normal 22.5274 50.1690 -2.2586
    outer loop
        vertex 8.3014 20.4370 -0.9000
        vertex 8.2592 20.3412 -0.9000
        vertex 8.5328 21.0930 -0.9000
    endloop
endfacet
facet normal 22.5274 50.1690 -2.2733
    outer loop
        vertex 8.3557 20.5265 -0.9000
        vertex 8.3014 20.4370 -0.9000
        vertex 8.5328 21.0930 -0.9000
    endloop
endfacet
facet normal 22.5274 50.1690 -2.2854
    outer loop
        vertex 8.4211 20.6081 -0.9000
        vertex 8.3557 20.5265 -0.9000
        vertex 8.5328 21.0930 -0.9000
    endloop
endfacet
facet normal 22.5274 50.1690 -2.2947
    outer loop
        vertex 8.4967 20.6804 -0.9000
        vertex 8.4211 20.6081 -0.9000
        vertex 8.5328 21.0930 -0.9000
    endloop
endfacet
facet normal 22.5274 50.1690 -2.3009
    outer loop
        vertex 8.5811 20.7424 -0.9000
        vertex 8.4967 20.6804 -0.9000
        vertex 8.5328 21.0930 -0.9000
    endloop
endfacet
facet normal 22.5274 50.1690 -2.3041
    outer loop
        vertex 8.6729 20.7927 -0.9000
        vertex 8.5811 20.7424 -0.9000
        vertex 8.5328 21.0930 -0.9000
    endloop
endfacet
facet normal 22.5274 50.1690 -2.3041
    outer loop
        vertex 8.7704 20.8306 -0.9000
        vertex 8.6729 20.7927 -0.9000
        vertex 8.5328 21.0930 -0.9000
    endloop
endfacet
facet normal 22.5274 50.1690 -2.3009
    outer loop
        vertex 8.8720 20.8554 -0.9000
        vertex 8.7704 20.8306 -0.9000
        vertex 8.5328 21.0930 -0.9000
    endloop
endfacet
facet normal 22.5274 50.1690 -2.2947
    outer loop
        vertex 8.9761 20.8669 -0.9000
        vertex 8.8720 20.8554 -0.9000
        vertex 8.5328 21.0930 -0.9000
    endloop
endfacet
facet normal 22.5274 50.1690 -2.2854
    outer loop
        vertex 9.0807 20.8645 -0.9000
        vertex 8.9761 20.8669 -0.9000
        vertex 8.5328 21.0930 -0.9000
    endloop
endfacet
facet normal 22.5274 50.1690 -2.2733
    outer loop
        vertex 9.1841 20.8486 -0.9000
        vertex 9.0807 20.8645 -0.9000
        vertex 8.5328 21.0930 -0.9000
    endloop
endfacet
facet normal 22.5274 50.1690 -2.2586
    outer loop
        vertex 9.2846 20.8194 -0.9000
        vertex 9.1841 20.8486 -0.9000
        vertex 8.5328 21.0930 -0.9000
    endloop
endfacet
facet normal 42.2609 42.9866 -2.2586
    outer loop
        vertex 17.2737 17.9042 -0.9000
        vertex 17.1780 17.9464 -0.9000
        vertex 17.9297 17.6728 -0.9000
    endloop
endfacet
facet normal 42.2609 42.9866 -2.2733
    outer loop
        vertex 17.3632 17.8500 -0.9000
        vertex 17.2737 17.9042 -0.9000
        vertex 17.9297 17.6728 -0.9000
    endloop
endfacet
facet normal 42.2609 42.9866 -2.2854
    outer loop
        vertex 17.4448 17.7845 -0.9000
        vertex 17.3632 17.8500 -0.9000
        vertex 17.9297 17.6728 -0.9000
    endloop
endfacet
facet normal 42.2609 42.9866 -2.2947
    outer loop
        vertex 17.5172 17.7089 -0.9000
        vertex 17.4448 17.7845 -0.9000
        vertex 17.9297 17.6728 -0.9000
    endloop
endfacet
facet normal 42.2609 42.9866 -2.3009
    outer loop
        vertex 17.5791 17.6245 -0.9000
        vertex 17.5172 17.7089 -0.9000
        vertex 17.9297 17.6728 -0.9000
    endloop
endfacet
facet normal 42.2609 42.9866 -2.3041
    outer loop
        vertex 17.6294 17.5327 -0.9000
        vertex 17.5791 17.6245 -0.9000
        vertex 17.9297 17.6728 -0.9000
    endloop
endfacet
facet normal 42.2609 42.9866 -2.3041
    outer loop
        vertex 17.6674 17.4352 -0.9000
        vertex 17.6294 17.5327 -0.9000
        vertex 17.9297 17.6728 -0.9000
    endloop
endfacet
facet normal 42.2609 42.9866 -2.3009
    outer loop
        vertex 17.6922 17.3336 -0.9000
        vertex 17.6674 17.4352 -0.9000
        vertex 17.9297 17.6728 -0.9000
    endloop
endfacet
facet normal 42.2609 42.9866 -2.2947
    outer loop
        vertex 17.7036 17.2295 -0.9000
        vertex 17.6922 17.3336 -0.9000
        vertex 17.9297 17.6728 -0.9000
    endloop
endfacet
facet normal 42.2609 42.9866 -2.2854
    outer loop
        vertex 17.7013 17.1249 -0.9000
        vertex 17.7036 17.2295 -0.9000
        vertex 17.9297 17.6728 -0.9000
    endloop
endfacet
facet normal 42.2609 42.9866 -2.2733
    outer loop
        vertex 17.6853 17.0215 -0.9000
        vertex 17.7013 17.1249 -0.9000
        vertex 17.9297 17.6728 -0.9000
    endloop
endfacet
facet normal 42.2609 42.9866 -2.2586
    outer loop
        vertex 17.6561 16.9210 -0.9000
        vertex 17.6853 17.0215 -0.9000
        vertex 17.9297 17.6728 -0.9000
    endloop
endfacet
facet normal 30.0000 40.0000 -2.4500
    outer loop
        vertex 9.8987 17.3608 -0.9000
        vertex 9.5569 17.3574 -0.9000
        vertex 9.3349 17.5660 -0.9000
    endloop
endfacet
facet normal 30.0000 40.0000 -3.0500
    outer loop
        vertex 9.3349 17.5660 -0.9000
        vertex 9.2803 17.8838 -0.9000
        vertex 9.8987 17.3608 -0.9000
    endloop
endfacet
facet normal 30.0000 40.0000 -3.4000
    outer loop
        vertex 10.0320 17.6102 -0.9000
        vertex 9.8987 17.3608 -0.9000
        vertex 9.2803 17.8838 -0.9000
    endloop
endfacet
facet normal 30.0000 40.0000 -4.0000
    outer loop
        vertex 9.2803 17.8838 -0.9000
        vertex 9.3419 18.2870 -0.9000
        vertex 10.0320 17.6102 -0.9000
    endloop
endfacet
facet normal 30.0000 40.0000 -4.6400
    outer loop
        vertex 10.1962 18.0612 -0.9000
        vertex 10.0320 17.6102 -0.9000
        vertex 9.3419 18.2870 -0.9000
    endloop
endfacet
facet normal 30.0000 40.0000 -4.6200
    outer loop
        vertex 9.3419 18.2870 -0.9000
        vertex 9.5437 18.7244 -0.9000
        vertex 10.1962 18.0612 -0.9000
    endloop
endfacet
facet normal 30.0000 40.0000 -3.7000
    outer loop
        vertex 10.1827 18.4918 -0.9000
        vertex 10.1962 18.0612 -0.9000
        vertex 9.5437 18.7244 -0.9000
    endloop
endfacet
facet normal 30.0000 40.0000 -2.6800
    outer loop
        vertex 9.5437 18.7244 -0.9000
        vertex 9.7488 18.8200 -0.9000
        vertex 10.1827 18.4918 -0.9000
    endloop
endfacet
facet normal 30.0000 40.0000 -2.3200
    outer loop
        vertex 10.1827 18.4918 -0.9000
        vertex 9.7488 18.8200 -0.9000
        vertex 10.0495 18.7106 -0.9000
    endloop
endfacet
facet normal 30.0000 40.0000 -2.7000
    outer loop
        vertex 9.5569 17.3574 -0.9000
        vertex 9.5705 16.9268 -0.9000
        vertex 9.3074 17.0226 -0.9000
    endloop
endfacet
facet normal 30.0000 40.0000 -2.8600
    outer loop
        vertex 9.3074 17.0226 -0.9000
        vertex 9.0340 17.2072 -0.9000
        vertex 9.5569 17.3574 -0.9000
    endloop
endfacet
facet normal 30.0000 40.0000 -2.8900
    outer loop
        vertex 9.3349 17.5660 -0.9000
        vertex 9.5569 17.3574 -0.9000
        vertex 9.0340 17.2072 -0.9000
    endloop
endfacet
facet normal 30.0000 40.0000 -3.2400
    outer loop
        vertex 9.0340 17.2072 -0.9000
        vertex 8.8565 17.6550 -0.9000
        vertex 9.3349 17.5660 -0.9000
    endloop
endfacet
facet normal 30.0000 40.0000 -2.9200
    outer loop
        vertex 9.2803 17.8838 -0.9000
        vertex 9.3349 17.5660 -0.9000
        vertex 8.8565 17.6550 -0.9000
    endloop
endfacet
facet normal 30.0000 40.0000 -3.1600
    outer loop
        vertex 8.8565 17.6550 -0.9000
        vertex 8.8429 18.0856 -0.9000
        vertex 9.2803 17.8838 -0.9000
    endloop
endfacet
facet normal 30.0000 40.0000 -3.1800
    outer loop
        vertex 9.3419 18.2870 -0.9000
        vertex 9.2803 17.8838 -0.9000
        vertex 8.8429 18.0856 -0.9000
    endloop
endfacet
facet normal 30.0000 40.0000 -3.5000
    outer loop
        vertex 8.8429 18.0856 -0.9000
        vertex 9.0481 18.6494 -0.9000
        vertex 9.3419 18.2870 -0.9000
    endloop
endfacet
facet normal 30.0000 40.0000 -3.2600
    outer loop
        vertex 9.5437 18.7244 -0.9000
        vertex 9.3419 18.2870 -0.9000
        vertex 9.0481 18.6494 -0.9000
    endloop
endfacet
facet normal 30.0000 40.0000 -3.0300
    outer loop
        vertex 9.0481 18.6494 -0.9000
        vertex 9.3114 19.0218 -0.9000
        vertex 9.5437 18.7244 -0.9000
    endloop
endfacet
facet normal 30.0000 40.0000 -2.7800
    outer loop
        vertex 9.5437 18.7244 -0.9000
        vertex 9.3114 19.0218 -0.9000
        vertex 9.6190 19.1652 -0.9000
    endloop
endfacet
facet normal 30.0000 40.0000 -2.5200
    outer loop
        vertex 9.6190 19.1652 -0.9000
        vertex 9.7488 18.8200 -0.9000
        vertex 9.5437 18.7244 -0.9000
    endloop
endfacet
facet normal 30.0000 40.0000 -2.8800
    outer loop
        vertex 9.7488 18.8200 -0.9000
        vertex 9.6190 19.1652 -0.9000
        vertex 10.0359 19.1412 -0.9000
    endloop
endfacet
facet normal 30.0000 40.0000 -2.8000
    outer loop
        vertex 10.0359 19.1412 -0.9000
        vertex 10.0495 18.7106 -0.9000
        vertex 9.7488 18.8200 -0.9000
    endloop
endfacet
facet normal 30.0000 40.0000 -2.9200
    outer loop
        vertex 10.0495 18.7106 -0.9000
        vertex 10.0359 19.1412 -0.9000
        vertex 10.3844 18.9292 -0.9000
    endloop
endfacet
facet normal 30.0000 40.0000 -2.6400
    outer loop
        vertex 10.3844 18.9292 -0.9000
        vertex 10.1827 18.4918 -0.9000
        vertex 10.0495 18.7106 -0.9000
    endloop
endfacet
facet normal 30.0000 40.0000 -3.1600
    outer loop
        vertex 10.1827 18.4918 -0.9000
        vertex 10.3844 18.9292 -0.9000
        vertex 10.6133 18.5054 -0.9000
    endloop
endfacet
facet normal 30.0000 40.0000 -3.1600
    outer loop
        vertex 10.6133 18.5054 -0.9000
        vertex 10.1962 18.0612 -0.9000
        vertex 10.1827 18.4918 -0.9000
    endloop
endfacet
facet normal 30.0000 40.0000 -3.4800
    outer loop
        vertex 10.1962 18.0612 -0.9000
        vertex 10.6133 18.5054 -0.9000
        vertex 10.6234 17.9483 -0.9000
    endloop
endfacet
facet normal 30.0000 40.0000 -3.3200
    outer loop
        vertex 10.6234 17.9483 -0.9000
        vertex 10.0320 17.6102 -0.9000
        vertex 10.1962 18.0612 -0.9000
    endloop
endfacet
facet normal 30.0000 40.0000 -3.7400
    outer loop
        vertex 10.0320 17.6102 -0.9000
        vertex 10.6234 17.9483 -0.9000
        vertex 10.3532 17.3230 -0.9000
    endloop
endfacet
facet normal 30.0000 40.0000 -2.7400
    outer loop
        vertex 10.3532 17.3230 -0.9000
        vertex 9.8987 17.3608 -0.9000
        vertex 10.0320 17.6102 -0.9000
    endloop
endfacet
facet normal 30.0000 40.0000 -3.1700
    outer loop
        vertex 9.8987 17.3608 -0.9000
        vertex 10.3532 17.3230 -0.9000
        vertex 10.0011 16.9404 -0.9000
    endloop
endfacet
facet normal 30.0000 40.0000 -2.9000
    outer loop
        vertex 10.0011 16.9404 -0.9000
        vertex 9.5569 17.3574 -0.9000
        vertex 9.8987 17.3608 -0.9000
    endloop
endfacet
facet normal 30.0000 40.0000 -3.1600
    outer loop
        vertex 9.5705 16.9268 -0.9000
        vertex 9.5569 17.3574 -0.9000
        vertex 10.0011 16.9404 -0.9000
    endloop
endfacet
facet normal 30.0000 40.0000 -3.7100
    outer loop
        vertex 11.1493 16.8204 -0.9000
        vertex 11.4092 17.5346 -0.9000
        vertex 11.7202 17.3363 -0.9000
    endloop
endfacet
facet normal 30.0000 40.0000 -4.1300
    outer loop
        vertex 11.7202 17.3363 -0.9000
        vertex 11.5867 16.6187 -0.9000
        vertex 11.1493 16.8204 -0.9000
    endloop
endfacet
facet normal 30.0000 40.0000 -3.2000
    outer loop
        vertex 11.5867 16.6187 -0.9000
        vertex 11.7202 17.3363 -0.9000
        vertex 11.9114 16.9261 -0.9000
    endloop
endfacet
facet normal 30.0000 40.0000 -2.7000
    outer loop
        vertex 11.9114 16.9261 -0.9000
        vertex 11.8498 16.5229 -0.9000
        vertex 11.5867 16.6187 -0.9000
    endloop
endfacet
facet normal 30.0000 40.0000 -2.2200
    outer loop
        vertex 11.8498 16.5229 -0.9000
        vertex 11.9114 16.9261 -0.9000
        vertex 11.9695 16.7348 -0.9000
    endloop
endfacet
facet normal 30.0000 40.0000 -2.2500
    outer loop
        vertex 10.3906 16.8412 -0.9000
        vertex 10.3326 17.0326 -0.9000
        vertex 10.4660 17.2820 -0.9000
    endloop
endfacet
facet normal 30.0000 40.0000 -2.4800
    outer loop
        vertex 10.4660 17.2820 -0.9000
        vertex 10.6437 17.3024 -0.9000
        vertex 10.3906 16.8412 -0.9000
    endloop
endfacet
facet normal 30.0000 40.0000 -2.9700
    outer loop
        vertex 10.3906 16.8412 -0.9000
        vertex 10.6437 17.3024 -0.9000
        vertex 10.8657 17.0939 -0.9000
    endloop
endfacet
facet normal 30.0000 40.0000 -3.2600
    outer loop
        vertex 10.8657 17.0939 -0.9000
        vertex 10.6742 16.5677 -0.9000
        vertex 10.3906 16.8412 -0.9000
    endloop
endfacet
facet normal 30.0000 40.0000 -3.2600
    outer loop
        vertex 11.1493 16.8204 -0.9000
        vertex 10.6742 16.5677 -0.9000
        vertex 10.8657 17.0939 -0.9000
    endloop
endfacet
facet normal 30.0000 40.0000 -3.3000
    outer loop
        vertex 10.8657 17.0939 -0.9000
        vertex 11.0949 17.6065 -0.9000
        vertex 11.1493 16.8204 -0.9000
    endloop
endfacet
facet normal 30.0000 40.0000 -3.5200
    outer loop
        vertex 11.4092 17.5346 -0.9000
        vertex 11.1493 16.8204 -0.9000
        vertex 11.0949 17.6065 -0.9000
    endloop
endfacet
facet normal 30.0000 40.0000 -2.8000
    outer loop
        vertex 11.0949 17.6065 -0.9000
        vertex 11.2317 17.9823 -0.9000
        vertex 11.4092 17.5346 -0.9000
    endloop
endfacet
facet normal 30.0000 40.0000 -2.6000
    outer loop
        vertex 11.2317 17.9823 -0.9000
        vertex 11.0949 17.6065 -0.9000
        vertex 10.8830 17.7261 -0.9000
    endloop
endfacet
facet normal 30.0000 40.0000 -2.5400
    outer loop
        vertex 10.8830 17.7261 -0.9000
        vertex 11.0061 18.0644 -0.9000
        vertex 11.2317 17.9823 -0.9000
    endloop
endfacet
facet normal 30.0000 40.0000 -2.2700
    outer loop
        vertex 10.8830 17.7261 -0.9000
        vertex 10.8250 17.9175 -0.9000
        vertex 11.0061 18.0644 -0.9000
    endloop
endfacet
facet normal 30.0000 40.0000 -2.7200
    outer loop
        vertex 11.5324 17.8729 -0.9000
        vertex 11.4092 17.5346 -0.9000
        vertex 11.2317 17.9823 -0.9000
    endloop
endfacet
facet normal 30.0000 40.0000 -3.2000
    outer loop
        vertex 11.2317 17.9823 -0.9000
        vertex 11.4369 18.5461 -0.9000
        vertex 11.5324 17.8729 -0.9000
    endloop
endfacet
facet normal 30.0000 40.0000 -3.3500
    outer loop
        vertex 11.7752 18.4230 -0.9000
        vertex 11.5324 17.8729 -0.9000
        vertex 11.4369 18.5461 -0.9000
    endloop
endfacet
facet normal 30.0000 40.0000 -2.2700
    outer loop
        vertex 11.4369 18.5461 -0.9000
        vertex 11.5531 18.6315 -0.9000
        vertex 11.7752 18.4230 -0.9000
    endloop
endfacet
facet normal 30.0000 40.0000 -2.1200
    outer loop
        vertex 11.7752 18.4230 -0.9000
        vertex 11.5531 18.6315 -0.9000
        vertex 11.7034 18.5768 -0.9000
    endloop
endfacet
facet normal 30.0000 40.0000 -4.4900
    outer loop
        vertex 11.5626 16.2018 -0.9000
        vertex 10.6742 16.5677 -0.9000
        vertex 11.1493 16.8204 -0.9000
    endloop
endfacet
facet normal 30.0000 40.0000 -3.1700
    outer loop
        vertex 11.1493 16.8204 -0.9000
        vertex 11.5867 16.6187 -0.9000
        vertex 11.5626 16.2018 -0.9000
    endloop
endfacet
facet normal 30.0000 40.0000 -2.8600
    outer loop
        vertex 11.8907 16.1675 -0.9000
        vertex 11.5626 16.2018 -0.9000
        vertex 11.5867 16.6187 -0.9000
    endloop
endfacet
facet normal 30.0000 40.0000 -2.5600
    outer loop
        vertex 11.5867 16.6187 -0.9000
        vertex 11.8498 16.5229 -0.9000
        vertex 11.8907 16.1675 -0.9000
    endloop
endfacet
facet normal 30.0000 40.0000 -2.7200
    outer loop
        vertex 12.1983 16.3109 -0.9000
        vertex 11.8907 16.1675 -0.9000
        vertex 11.8498 16.5229 -0.9000
    endloop
endfacet
facet normal 30.0000 40.0000 -2.6200
    outer loop
        vertex 11.8498 16.5229 -0.9000
        vertex 11.9695 16.7348 -0.9000
        vertex 12.1983 16.3109 -0.9000
    endloop
endfacet
facet normal 30.0000 40.0000 -3.0700
    outer loop
        vertex 12.3864 16.7107 -0.9000
        vertex 12.1983 16.3109 -0.9000
        vertex 11.9695 16.7348 -0.9000
    endloop
endfacet
facet normal 30.0000 40.0000 -2.8200
    outer loop
        vertex 11.9695 16.7348 -0.9000
        vertex 12.3318 17.0285 -0.9000
        vertex 12.3864 16.7107 -0.9000
    endloop
endfacet
facet normal 30.0000 40.0000 -2.5400
    outer loop
        vertex 12.3318 17.0285 -0.9000
        vertex 11.9695 16.7348 -0.9000
        vertex 11.9114 16.9261 -0.9000
    endloop
endfacet
facet normal 30.0000 40.0000 -3.0500
    outer loop
        vertex 11.9114 16.9261 -0.9000
        vertex 12.1644 17.3874 -0.9000
        vertex 12.3318 17.0285 -0.9000
    endloop
endfacet
facet normal 30.0000 40.0000 -3.2000
    outer loop
        vertex 12.1644 17.3874 -0.9000
        vertex 11.9114 16.9261 -0.9000
        vertex 11.7202 17.3363 -0.9000
    endloop
endfacet
facet normal 30.0000 40.0000 -3.0000
    outer loop
        vertex 11.7202 17.3363 -0.9000
        vertex 11.8570 17.7122 -0.9000
        vertex 12.1644 17.3874 -0.9000
    endloop
endfacet
facet normal 30.0000 40.0000 -2.9000
    outer loop
        vertex 11.8570 17.7122 -0.9000
        vertex 11.7202 17.3363 -0.9000
        vertex 11.4092 17.5346 -0.9000
    endloop
endfacet
facet normal 30.0000 40.0000 -2.8100
    outer loop
        vertex 11.4092 17.5346 -0.9000
        vertex 11.5324 17.8729 -0.9000
        vertex 11.8570 17.7122 -0.9000
    endloop
endfacet
facet normal 30.0000 40.0000 -2.2000
    outer loop
        vertex 12.3520 15.9145 -0.9000
        vertex 12.2051 16.0956 -0.9000
        vertex 12.2598 16.2460 -0.9000
    endloop
endfacet
facet normal 30.0000 40.0000 -2.4300
    outer loop
        vertex 12.2598 16.2460 -0.9000
        vertex 12.4512 16.3040 -0.9000
        vertex 12.3520 15.9145 -0.9000
    endloop
endfacet
facet normal 30.0000 40.0000 -2.9000
    outer loop
        vertex 12.3520 15.9145 -0.9000
        vertex 12.4512 16.3040 -0.9000
        vertex 12.7895 16.1809 -0.9000
    endloop
endfacet
facet normal 30.0000 40.0000 -5.6000
    outer loop
        vertex 12.7895 16.1809 -0.9000
        vertex 13.7051 15.4220 -0.9000
        vertex 12.3520 15.9145 -0.9000
    endloop
endfacet
facet normal 30.0000 40.0000 -4.8000
    outer loop
        vertex 13.7051 15.4220 -0.9000
        vertex 12.7895 16.1809 -0.9000
        vertex 13.8419 15.7978 -0.9000
    endloop
endfacet
facet normal 30.0000 40.0000 -2.4000
    outer loop
        vertex 13.8419 15.7978 -0.9000
        vertex 13.9649 15.6679 -0.9000
        vertex 13.7051 15.4220 -0.9000
    endloop
endfacet
facet normal 30.0000 40.0000 -2.2000
    outer loop
        vertex 13.7051 15.4220 -0.9000
        vertex 13.9649 15.6679 -0.9000
        vertex 13.8965 15.4800 -0.9000
    endloop
endfacet
facet normal 30.0000 40.0000 -3.1700
    outer loop
        vertex 12.9673 16.6695 -0.9000
        vertex 12.7895 16.1809 -0.9000
        vertex 12.4512 16.3040 -0.9000
    endloop
endfacet
facet normal 30.0000 40.0000 -5.6000
    outer loop
        vertex 12.4512 16.3040 -0.9000
        vertex 12.9984 17.8075 -0.9000
        vertex 12.9673 16.6695 -0.9000
    endloop
endfacet
facet normal 30.0000 40.0000 -2.8100
    outer loop
        vertex 12.9673 16.6695 -0.9000
        vertex 12.9984 17.8075 -0.9000
        vertex 13.0905 17.0078 -0.9000
    endloop
endfacet
facet normal 30.0000 40.0000 -4.0700
    outer loop
        vertex 13.8318 16.3549 -0.9000
        vertex 12.9673 16.6695 -0.9000
        vertex 13.0905 17.0078 -0.9000
    endloop
endfacet
facet normal 30.0000 40.0000 -4.0700
    outer loop
        vertex 13.0905 17.0078 -0.9000
        vertex 13.9550 16.6932 -0.9000
        vertex 13.8318 16.3549 -0.9000
    endloop
endfacet
facet normal 30.0000 40.0000 -2.2700
    outer loop
        vertex 13.9720 16.3890 -0.9000
        vertex 13.8318 16.3549 -0.9000
        vertex 13.9550 16.6932 -0.9000
    endloop
endfacet
facet normal 30.0000 40.0000 -2.1200
    outer loop
        vertex 13.9550 16.6932 -0.9000
        vertex 14.0267 16.5394 -0.9000
        vertex 13.9720 16.3890 -0.9000
    endloop
endfacet
facet normal 30.0000 40.0000 -3.2600
    outer loop
        vertex 13.2820 17.5340 -0.9000
        vertex 13.0905 17.0078 -0.9000
        vertex 12.9984 17.8075 -0.9000
    endloop
endfacet
facet normal 30.0000 40.0000 -2.6500
    outer loop
        vertex 12.9984 17.8075 -0.9000
        vertex 13.2548 17.9271 -0.9000
        vertex 13.2820 17.5340 -0.9000
    endloop
endfacet
facet normal 30.0000 40.0000 -4.4300
    outer loop
        vertex 14.2969 17.1647 -0.9000
        vertex 13.2820 17.5340 -0.9000
        vertex 13.2548 17.9271 -0.9000
    endloop
endfacet
facet normal 30.0000 40.0000 -4.7900
    outer loop
        vertex 13.2548 17.9271 -0.9000
        vertex 14.4200 17.5030 -0.9000
        vertex 14.2969 17.1647 -0.9000
    endloop
endfacet
facet normal 30.0000 40.0000 -2.3600
    outer loop
        vertex 14.4746 17.1851 -0.9000
        vertex 14.2969 17.1647 -0.9000
        vertex 14.4200 17.5030 -0.9000
    endloop
endfacet
facet normal 30.0000 40.0000 -2.1600
    outer loop
        vertex 14.4200 17.5030 -0.9000
        vertex 14.5293 17.3355 -0.9000
        vertex 14.4746 17.1851 -0.9000
    endloop
endfacet
facet normal 30.0000 40.0000 -2.6000
    outer loop
        vertex 15.0896 17.0038 -0.9000
        vertex 14.7138 17.1406 -0.9000
        vertex 14.9086 17.3251 -0.9000
    endloop
endfacet
facet normal 30.0000 40.0000 -2.2400
    outer loop
        vertex 14.9086 17.3251 -0.9000
        vertex 15.0590 17.2704 -0.9000
        vertex 15.0896 17.0038 -0.9000
    endloop
endfacet
facet normal 30.0000 40.0000 -4.5000
    outer loop
        vertex 14.7138 17.1406 -0.9000
        vertex 15.0896 17.0038 -0.9000
        vertex 14.7476 16.0641 -0.9000
    endloop
endfacet
facet normal 30.0000 40.0000 -6.5000
    outer loop
        vertex 14.7476 16.0641 -0.9000
        vertex 14.0981 15.4492 -0.9000
        vertex 14.7138 17.1406 -0.9000
    endloop
endfacet
facet normal 30.0000 40.0000 -3.0000
    outer loop
        vertex 14.1562 15.2578 -0.9000
        vertex 14.0981 15.4492 -0.9000
        vertex 14.7476 16.0641 -0.9000
    endloop
endfacet
facet normal 30.0000 40.0000 -3.6800
    outer loop
        vertex 14.7476 16.0641 -0.9000
        vertex 14.4193 15.1620 -0.9000
        vertex 14.1562 15.2578 -0.9000
    endloop
endfacet
facet normal 30.0000 40.0000 -6.8000
    outer loop
        vertex 15.6499 16.2040 -0.9000
        vertex 14.4193 15.1620 -0.9000
        vertex 14.7476 16.0641 -0.9000
    endloop
endfacet
facet normal 30.0000 40.0000 -6.0000
    outer loop
        vertex 14.7476 16.0641 -0.9000
        vertex 15.9235 16.9557 -0.9000
        vertex 15.6499 16.2040 -0.9000
    endloop
endfacet
facet normal 30.0000 40.0000 -3.4000
    outer loop
        vertex 15.6499 16.2040 -0.9000
        vertex 15.9235 16.9557 -0.9000
        vertex 16.1866 16.8600 -0.9000
    endloop
endfacet
facet normal 30.0000 40.0000 -2.9500
    outer loop
        vertex 16.1866 16.8600 -0.9000
        vertex 16.2310 16.6310 -0.9000
        vertex 15.6499 16.2040 -0.9000
    endloop
endfacet
facet normal 30.0000 40.0000 -4.9000
    outer loop
        vertex 15.2531 15.1139 -0.9000
        vertex 15.6499 16.2040 -0.9000
        vertex 16.2310 16.6310 -0.9000
    endloop
endfacet
facet normal 30.0000 40.0000 -6.4000
    outer loop
        vertex 16.2310 16.6310 -0.9000
        vertex 15.6290 14.9771 -0.9000
        vertex 15.2531 15.1139 -0.9000
    endloop
endfacet
facet normal 30.0000 40.0000 -2.6000
    outer loop
        vertex 15.2838 14.8474 -0.9000
        vertex 15.2531 15.1139 -0.9000
        vertex 15.6290 14.9771 -0.9000
    endloop
endfacet
facet normal 30.0000 40.0000 -2.3000
    outer loop
        vertex 15.6290 14.9771 -0.9000
        vertex 15.4717 14.7790 -0.9000
        vertex 15.2838 14.8474 -0.9000
    endloop
endfacet
facet normal 30.0000 40.0000 -2.4200
    outer loop
        vertex 8.5520 16.7016 -0.9000
        vertex 8.8562 16.7186 -0.9000
        vertex 9.0783 16.5101 -0.9000
    endloop
endfacet
facet normal 30.0000 40.0000 -2.9800
    outer loop
        vertex 9.0783 16.5101 -0.9000
        vertex 8.7194 16.3427 -0.9000
        vertex 8.5520 16.7016 -0.9000
    endloop
endfacet
facet normal 30.0000 40.0000 -2.4200
    outer loop
        vertex 14.5660 14.5127 -0.9000
        vertex 14.8702 14.5297 -0.9000
        vertex 15.0923 14.3211 -0.9000
    endloop
endfacet
facet normal 30.0000 40.0000 -2.9800
    outer loop
        vertex 15.0923 14.3211 -0.9000
        vertex 14.7334 14.1538 -0.9000
        vertex 14.5660 14.5127 -0.9000
    endloop
endfacet
facet normal 30.0000 40.0000 -2.4200
    outer loop
        vertex 9.0166 16.1068 -0.9000
        vertex 8.7090 15.9634 -0.9000
        vertex 8.6510 16.1548 -0.9000
    endloop
endfacet
facet normal 30.0000 40.0000 -2.3500
    outer loop
        vertex 8.6510 16.1548 -0.9000
        vertex 8.9073 16.2743 -0.9000
        vertex 9.0166 16.1068 -0.9000
    endloop
endfacet
facet normal 30.0000 40.0000 -2.2500
    outer loop
        vertex 8.6510 16.1548 -0.9000
        vertex 8.7194 16.3427 -0.9000
        vertex 8.9073 16.2743 -0.9000
    endloop
endfacet
facet normal 30.0000 40.0000 -2.1500
    outer loop
        vertex 8.6510 16.1548 -0.9000
        vertex 8.7090 15.9634 -0.9000
        vertex 8.5826 15.9668 -0.9000
    endloop
endfacet
facet normal 30.0000 40.0000 -2.3500
    outer loop
        vertex 8.5826 15.9668 -0.9000
        vertex 8.3605 16.1754 -0.9000
        vertex 8.6510 16.1548 -0.9000
    endloop
endfacet
facet normal 30.0000 40.0000 -2.3500
    outer loop
        vertex 8.7194 16.3427 -0.9000
        vertex 8.6510 16.1548 -0.9000
        vertex 8.3605 16.1754 -0.9000
    endloop
endfacet
facet normal 30.0000 40.0000 -2.7000
    outer loop
        vertex 8.3605 16.1754 -0.9000
        vertex 8.3435 16.4795 -0.9000
        vertex 8.7194 16.3427 -0.9000
    endloop
endfacet
facet normal 30.0000 40.0000 -2.7000
    outer loop
        vertex 8.7194 16.3427 -0.9000
        vertex 8.3435 16.4795 -0.9000
        vertex 8.5520 16.7016 -0.9000
    endloop
endfacet
facet normal 30.0000 40.0000 -2.3500
    outer loop
        vertex 8.9073 16.2743 -0.9000
        vertex 8.7194 16.3427 -0.9000
        vertex 9.0783 16.5101 -0.9000
    endloop
endfacet
facet normal 30.0000 40.0000 -2.3500
    outer loop
        vertex 8.9073 16.2743 -0.9000
        vertex 9.0783 16.5101 -0.9000
        vertex 9.0953 16.2059 -0.9000
    endloop
endfacet
facet normal 30.0000 40.0000 -2.1500
    outer loop
        vertex 9.0953 16.2059 -0.9000
        vertex 9.0166 16.1068 -0.9000
        vertex 8.9073 16.2743 -0.9000
    endloop
endfacet
facet normal 30.0000 40.0000 -2.4200
    outer loop
        vertex 14.4975 13.8565 -0.9000
        vertex 14.3541 14.1641 -0.9000
        vertex 14.5455 14.2222 -0.9000
    endloop
endfacet
facet normal 30.0000 40.0000 -2.3500
    outer loop
        vertex 14.5455 14.2222 -0.9000
        vertex 14.6650 13.9658 -0.9000
        vertex 14.4975 13.8565 -0.9000
    endloop
endfacet
facet normal 30.0000 40.0000 -2.2500
    outer loop
        vertex 14.6650 13.9658 -0.9000
        vertex 14.5455 14.2222 -0.9000
        vertex 14.7334 14.1538 -0.9000
    endloop
endfacet
facet normal 30.0000 40.0000 -2.1500
    outer loop
        vertex 14.5966 13.7779 -0.9000
        vertex 14.4975 13.8565 -0.9000
        vertex 14.6650 13.9658 -0.9000
    endloop
endfacet
facet normal 30.0000 40.0000 -2.3500
    outer loop
        vertex 14.6650 13.9658 -0.9000
        vertex 14.9007 13.7949 -0.9000
        vertex 14.5966 13.7779 -0.9000
    endloop
endfacet
facet normal 30.0000 40.0000 -2.3500
    outer loop
        vertex 14.9007 13.7949 -0.9000
        vertex 14.6650 13.9658 -0.9000
        vertex 14.7334 14.1538 -0.9000
    endloop
endfacet
facet normal 30.0000 40.0000 -2.7000
    outer loop
        vertex 14.7334 14.1538 -0.9000
        vertex 15.1093 14.0170 -0.9000
        vertex 14.9007 13.7949 -0.9000
    endloop
endfacet
facet normal 30.0000 40.0000 -2.7000
    outer loop
        vertex 15.1093 14.0170 -0.9000
        vertex 14.7334 14.1538 -0.9000
        vertex 15.0923 14.3211 -0.9000
    endloop
endfacet
facet normal 30.0000 40.0000 -2.3500
    outer loop
        vertex 14.7334 14.1538 -0.9000
        vertex 14.5455 14.2222 -0.9000
        vertex 14.5660 14.5127 -0.9000
    endloop
endfacet
facet normal 30.0000 40.0000 -2.3500
    outer loop
        vertex 14.3575 14.2906 -0.9000
        vertex 14.5660 14.5127 -0.9000
        vertex 14.5455 14.2222 -0.9000
    endloop
endfacet
facet normal 30.0000 40.0000 -2.1500
    outer loop
        vertex 14.5455 14.2222 -0.9000
        vertex 14.3541 14.1641 -0.9000
        vertex 14.3575 14.2906 -0.9000
    endloop
endfacet
facet normal 30.0000 40.0000 -3.4000
    outer loop
        vertex 11.1446 12.4803 -0.9000
        vertex 10.3929 12.7539 -0.9000
        vertex 10.6014 12.9760 -0.9000
    endloop
endfacet
facet normal 30.0000 40.0000 -2.9800
    outer loop
        vertex 10.6014 12.9760 -0.9000
        vertex 11.1276 12.7845 -0.9000
        vertex 11.1446 12.4803 -0.9000
    endloop
endfacet
facet normal 30.0000 40.0000 -2.4200
    outer loop
        vertex 11.1276 12.7845 -0.9000
        vertex 10.6014 12.9760 -0.9000
        vertex 10.9055 12.9930 -0.9000
    endloop
endfacet
facet normal 30.0000 40.0000 -2.4200
    outer loop
        vertex 10.9361 12.2582 -0.9000
        vertex 10.6319 12.2412 -0.9000
        vertex 10.4098 12.4498 -0.9000
    endloop
endfacet
facet normal 30.0000 40.0000 -2.9800
    outer loop
        vertex 10.4098 12.4498 -0.9000
        vertex 10.3929 12.7539 -0.9000
        vertex 10.9361 12.2582 -0.9000
    endloop
endfacet
facet normal 30.0000 40.0000 -3.4000
    outer loop
        vertex 10.9361 12.2582 -0.9000
        vertex 10.3929 12.7539 -0.9000
        vertex 11.1446 12.4803 -0.9000
    endloop
endfacet
facet normal 30.0000 40.0000 -7.0100
    outer loop
        vertex 9.3411 15.4779 -0.9000
        vertex 10.6014 12.9760 -0.9000
        vertex 10.3929 12.7539 -0.9000
    endloop
endfacet
facet normal 30.0000 40.0000 -8.6000
    outer loop
        vertex 10.3929 12.7539 -0.9000
        vertex 8.8900 15.6421 -0.9000
        vertex 9.3411 15.4779 -0.9000
    endloop
endfacet
facet normal 30.0000 40.0000 -3.4400
    outer loop
        vertex 9.0166 16.1068 -0.9000
        vertex 9.3411 15.4779 -0.9000
        vertex 8.8900 15.6421 -0.9000
    endloop
endfacet
facet normal 30.0000 40.0000 -2.7800
    outer loop
        vertex 8.8900 15.6421 -0.9000
        vertex 8.7090 15.9634 -0.9000
        vertex 9.0166 16.1068 -0.9000
    endloop
endfacet
facet normal 30.0000 40.0000 -7.0100
    outer loop
        vertex 11.1446 12.4803 -0.9000
        vertex 11.1276 12.7845 -0.9000
        vertex 13.7013 13.8909 -0.9000
    endloop
endfacet
facet normal 30.0000 40.0000 -8.6000
    outer loop
        vertex 13.7013 13.8909 -0.9000
        vertex 14.1523 13.7268 -0.9000
        vertex 11.1446 12.4803 -0.9000
    endloop
endfacet
facet normal 30.0000 40.0000 -3.4400
    outer loop
        vertex 14.1523 13.7268 -0.9000
        vertex 13.7013 13.8909 -0.9000
        vertex 14.3541 14.1641 -0.9000
    endloop
endfacet
facet normal 30.0000 40.0000 -2.7800
    outer loop
        vertex 14.3541 14.1641 -0.9000
        vertex 14.4975 13.8565 -0.9000
        vertex 14.1523 13.7268 -0.9000
    endloop
endfacet
facet normal 30.0000 40.0000 -3.7500
    outer loop
        vertex 8.5826 15.9668 -0.9000
        vertex 8.8900 15.6421 -0.9000
        vertex 7.5745 16.1209 -0.9000
    endloop
endfacet
facet normal 30.0000 40.0000 -3.1000
    outer loop
        vertex 7.5745 16.1209 -0.9000
        vertex 8.3605 16.1754 -0.9000
        vertex 8.5826 15.9668 -0.9000
    endloop
endfacet
facet normal 30.0000 40.0000 -2.2500
    outer loop
        vertex 8.8900 15.6421 -0.9000
        vertex 8.5826 15.9668 -0.9000
        vertex 8.7090 15.9634 -0.9000
    endloop
endfacet
facet normal 30.0000 40.0000 -3.5000
    outer loop
        vertex 8.3435 16.4795 -0.9000
        vertex 8.3605 16.1754 -0.9000
        vertex 7.5745 16.1209 -0.9000
    endloop
endfacet
facet normal 30.0000 40.0000 -8.0000
    outer loop
        vertex 7.5745 16.1209 -0.9000
        vertex 7.0963 17.1463 -0.9000
        vertex 8.3435 16.4795 -0.9000
    endloop
endfacet
facet normal 30.0000 40.0000 -4.6000
    outer loop
        vertex 8.5520 16.7016 -0.9000
        vertex 8.3435 16.4795 -0.9000
        vertex 7.0963 17.1463 -0.9000
    endloop
endfacet
facet normal 30.0000 40.0000 -11.5200
    outer loop
        vertex 7.0963 17.1463 -0.9000
        vertex 8.8565 17.6550 -0.9000
        vertex 8.5520 16.7016 -0.9000
    endloop
endfacet
facet normal 30.0000 40.0000 -3.9100
    outer loop
        vertex 8.5520 16.7016 -0.9000
        vertex 8.8565 17.6550 -0.9000
        vertex 9.0340 17.2072 -0.9000
    endloop
endfacet
facet normal 30.0000 40.0000 -2.9100
    outer loop
        vertex 9.0340 17.2072 -0.9000
        vertex 8.8562 16.7186 -0.9000
        vertex 8.5520 16.7016 -0.9000
    endloop
endfacet
facet normal 30.0000 40.0000 -3.0400
    outer loop
        vertex 8.8562 16.7186 -0.9000
        vertex 9.0340 17.2072 -0.9000
        vertex 9.3074 17.0226 -0.9000
    endloop
endfacet
facet normal 30.0000 40.0000 -3.0100
    outer loop
        vertex 9.3074 17.0226 -0.9000
        vertex 9.0783 16.5101 -0.9000
        vertex 8.8562 16.7186 -0.9000
    endloop
endfacet
facet normal 30.0000 40.0000 -2.9800
    outer loop
        vertex 9.0783 16.5101 -0.9000
        vertex 9.3074 17.0226 -0.9000
        vertex 9.5705 16.9268 -0.9000
    endloop
endfacet
facet normal 30.0000 40.0000 -2.9800
    outer loop
        vertex 9.5705 16.9268 -0.9000
        vertex 9.0953 16.2059 -0.9000
        vertex 9.0783 16.5101 -0.9000
    endloop
endfacet
facet normal 30.0000 40.0000 -5.2700
    outer loop
        vertex 9.3411 15.4779 -0.9000
        vertex 9.0953 16.2059 -0.9000
        vertex 9.5705 16.9268 -0.9000
    endloop
endfacet
facet normal 30.0000 40.0000 -5.8800
    outer loop
        vertex 9.5705 16.9268 -0.9000
        vertex 10.0011 16.9404 -0.9000
        vertex 9.3411 15.4779 -0.9000
    endloop
endfacet
facet normal 30.0000 40.0000 -2.5100
    outer loop
        vertex 9.3411 15.4779 -0.9000
        vertex 9.0166 16.1068 -0.9000
        vertex 9.0953 16.2059 -0.9000
    endloop
endfacet
facet normal 30.0000 40.0000 -5.9700
    outer loop
        vertex 9.3411 15.4779 -0.9000
        vertex 10.0011 16.9404 -0.9000
        vertex 10.3906 16.8412 -0.9000
    endloop
endfacet
facet normal 30.0000 40.0000 -6.2100
    outer loop
        vertex 10.3906 16.8412 -0.9000
        vertex 10.6742 16.5677 -0.9000
        vertex 9.3411 15.4779 -0.9000
    endloop
endfacet
facet normal 30.0000 40.0000 -11.1000
    outer loop
        vertex 9.3411 15.4779 -0.9000
        vertex 10.6742 16.5677 -0.9000
        vertex 11.5626 16.2018 -0.9000
    endloop
endfacet
facet normal 30.0000 40.0000 -9.5600
    outer loop
        vertex 9.3411 15.4779 -0.9000
        vertex 11.5626 16.2018 -0.9000
        vertex 12.3520 15.9145 -0.9000
    endloop
endfacet
facet normal 30.0000 40.0000 -43.7600
    outer loop
        vertex 12.3520 15.9145 -0.9000
        vertex 13.7013 13.8909 -0.9000
        vertex 9.3411 15.4779 -0.9000
    endloop
endfacet
facet normal 30.0000 40.0000 -14.9600
    outer loop
        vertex 13.7013 13.8909 -0.9000
        vertex 12.3520 15.9145 -0.9000
        vertex 13.7051 15.4220 -0.9000
    endloop
endfacet
facet normal 30.0000 40.0000 -6.3200
    outer loop
        vertex 13.7013 13.8909 -0.9000
        vertex 13.7051 15.4220 -0.9000
        vertex 14.1562 15.2578 -0.9000
    endloop
endfacet
facet normal 30.0000 40.0000 -6.4700
    outer loop
        vertex 14.1562 15.2578 -0.9000
        vertex 14.3575 14.2906 -0.9000
        vertex 13.7013 13.8909 -0.9000
    endloop
endfacet
facet normal 30.0000 40.0000 -2.5100
    outer loop
        vertex 13.7013 13.8909 -0.9000
        vertex 14.3575 14.2906 -0.9000
        vertex 14.3541 14.1641 -0.9000
    endloop
endfacet
facet normal 30.0000 40.0000 -3.4700
    outer loop
        vertex 14.3575 14.2906 -0.9000
        vertex 14.1562 15.2578 -0.9000
        vertex 14.4193 15.1620 -0.9000
    endloop
endfacet
facet normal 30.0000 40.0000 -3.0500
    outer loop
        vertex 14.4193 15.1620 -0.9000
        vertex 14.5660 14.5127 -0.9000
        vertex 14.3575 14.2906 -0.9000
    endloop
endfacet
facet normal 30.0000 40.0000 -5.3400
    outer loop
        vertex 14.5660 14.5127 -0.9000
        vertex 14.4193 15.1620 -0.9000
        vertex 15.2531 15.1139 -0.9000
    endloop
endfacet
facet normal 30.0000 40.0000 -3.2600
    outer loop
        vertex 15.2531 15.1139 -0.9000
        vertex 15.2838 14.8474 -0.9000
        vertex 14.5660 14.5127 -0.9000
    endloop
endfacet
facet normal 30.0000 40.0000 -2.5600
    outer loop
        vertex 14.8702 14.5297 -0.9000
        vertex 14.5660 14.5127 -0.9000
        vertex 15.2838 14.8474 -0.9000
    endloop
endfacet
facet normal 30.0000 40.0000 -2.5500
    outer loop
        vertex 15.2838 14.8474 -0.9000
        vertex 15.4717 14.7790 -0.9000
        vertex 14.8702 14.5297 -0.9000
    endloop
endfacet
facet normal 30.0000 40.0000 -3.1300
    outer loop
        vertex 15.0923 14.3211 -0.9000
        vertex 14.8702 14.5297 -0.9000
        vertex 15.4717 14.7790 -0.9000
    endloop
endfacet
facet normal 30.0000 40.0000 -7.4200
    outer loop
        vertex 15.4717 14.7790 -0.9000
        vertex 16.4932 13.7261 -0.9000
        vertex 15.0923 14.3211 -0.9000
    endloop
endfacet
facet normal 30.0000 40.0000 -4.6000
    outer loop
        vertex 15.1093 14.0170 -0.9000
        vertex 15.0923 14.3211 -0.9000
        vertex 16.4932 13.7261 -0.9000
    endloop
endfacet
facet normal 30.0000 40.0000 -8.0000
    outer loop
        vertex 16.4932 13.7261 -0.9000
        vertex 15.4679 13.2480 -0.9000
        vertex 15.1093 14.0170 -0.9000
    endloop
endfacet
facet normal 30.0000 40.0000 -3.5000
    outer loop
        vertex 15.4679 13.2480 -0.9000
        vertex 14.9007 13.7949 -0.9000
        vertex 15.1093 14.0170 -0.9000
    endloop
endfacet
facet normal 30.0000 40.0000 -3.1000
    outer loop
        vertex 14.5966 13.7779 -0.9000
        vertex 14.9007 13.7949 -0.9000
        vertex 15.4679 13.2480 -0.9000
    endloop
endfacet
facet normal 30.0000 40.0000 -3.7500
    outer loop
        vertex 15.4679 13.2480 -0.9000
        vertex 14.1523 13.7268 -0.9000
        vertex 14.5966 13.7779 -0.9000
    endloop
endfacet
facet normal 30.0000 40.0000 -2.2500
    outer loop
        vertex 14.1523 13.7268 -0.9000
        vertex 14.4975 13.8565 -0.9000
        vertex 14.5966 13.7779 -0.9000
    endloop
endfacet
facet normal 30.0000 40.0000 -4.3000
    outer loop
        vertex 16.4932 13.7261 -0.9000
        vertex 15.4717 14.7790 -0.9000
        vertex 15.6290 14.9771 -0.9000
    endloop
endfacet
facet normal 30.0000 40.0000 -28.3500
    outer loop
        vertex 15.6290 14.9771 -0.9000
        vertex 17.6561 16.9210 -0.9000
        vertex 16.4932 13.7261 -0.9000
    endloop
endfacet
facet normal 30.0000 40.0000 -15.6400
    outer loop
        vertex 17.6561 16.9210 -0.9000
        vertex 15.6290 14.9771 -0.9000
        vertex 16.2310 16.6310 -0.9000
    endloop
endfacet
facet normal 30.0000 40.0000 -12.0000
    outer loop
        vertex 16.2310 16.6310 -0.9000
        vertex 17.1780 17.9464 -0.9000
        vertex 17.6561 16.9210 -0.9000
    endloop
endfacet
facet normal 30.0000 40.0000 -3.7200
    outer loop
        vertex 16.2310 16.6310 -0.9000
        vertex 16.1866 16.8600 -0.9000
        vertex 17.1780 17.9464 -0.9000
    endloop
endfacet
facet normal 30.0000 40.0000 -4.3800
    outer loop
        vertex 16.1866 16.8600 -0.9000
        vertex 15.9235 16.9557 -0.9000
        vertex 17.1780 17.9464 -0.9000
    endloop
endfacet
facet normal 30.0000 40.0000 -7.8000
    outer loop
        vertex 14.4193 15.1620 -0.9000
        vertex 15.6499 16.2040 -0.9000
        vertex 15.2531 15.1139 -0.9000
    endloop
endfacet
facet normal 30.0000 40.0000 -9.8200
    outer loop
        vertex 15.0590 17.2704 -0.9000
        vertex 17.1780 17.9464 -0.9000
        vertex 15.9235 16.9557 -0.9000
    endloop
endfacet
facet normal 30.0000 40.0000 -3.3800
    outer loop
        vertex 15.9235 16.9557 -0.9000
        vertex 15.0896 17.0038 -0.9000
        vertex 15.0590 17.2704 -0.9000
    endloop
endfacet
facet normal 30.0000 40.0000 -7.0000
    outer loop
        vertex 14.7476 16.0641 -0.9000
        vertex 15.0896 17.0038 -0.9000
        vertex 15.9235 16.9557 -0.9000
    endloop
endfacet
facet normal 30.0000 40.0000 -3.3600
    outer loop
        vertex 15.0590 17.2704 -0.9000
        vertex 14.9086 17.3251 -0.9000
        vertex 17.1780 17.9464 -0.9000
    endloop
endfacet
facet normal 30.0000 40.0000 -6.4200
    outer loop
        vertex 14.4200 17.5030 -0.9000
        vertex 17.1780 17.9464 -0.9000
        vertex 14.9086 17.3251 -0.9000
    endloop
endfacet
facet normal 30.0000 40.0000 -2.3900
    outer loop
        vertex 14.9086 17.3251 -0.9000
        vertex 14.5293 17.3355 -0.9000
        vertex 14.4200 17.5030 -0.9000
    endloop
endfacet
facet normal 30.0000 40.0000 -12.5400
    outer loop
        vertex 17.1780 17.9464 -0.9000
        vertex 14.4200 17.5030 -0.9000
        vertex 13.2548 17.9271 -0.9000
    endloop
endfacet
facet normal 30.0000 40.0000 -18.1200
    outer loop
        vertex 13.2548 17.9271 -0.9000
        vertex 11.7034 18.5768 -0.9000
        vertex 17.1780 17.9464 -0.9000
    endloop
endfacet
facet normal 30.0000 40.0000 -2.4500
    outer loop
        vertex 14.5293 17.3355 -0.9000
        vertex 14.9086 17.3251 -0.9000
        vertex 14.7138 17.1406 -0.9000
    endloop
endfacet
facet normal 30.0000 40.0000 -2.2400
    outer loop
        vertex 14.7138 17.1406 -0.9000
        vertex 14.4746 17.1851 -0.9000
        vertex 14.5293 17.3355 -0.9000
    endloop
endfacet
facet normal 30.0000 40.0000 -3.0900
    outer loop
        vertex 14.4746 17.1851 -0.9000
        vertex 14.7138 17.1406 -0.9000
        vertex 14.0267 16.5394 -0.9000
    endloop
endfacet
facet normal 30.0000 40.0000 -2.6600
    outer loop
        vertex 14.0267 16.5394 -0.9000
        vertex 14.2969 17.1647 -0.9000
        vertex 14.4746 17.1851 -0.9000
    endloop
endfacet
facet normal 30.0000 40.0000 -2.5400
    outer loop
        vertex 14.0267 16.5394 -0.9000
        vertex 13.9550 16.6932 -0.9000
        vertex 14.2969 17.1647 -0.9000
    endloop
endfacet
facet normal 30.0000 40.0000 -5.7800
    outer loop
        vertex 13.2820 17.5340 -0.9000
        vertex 14.2969 17.1647 -0.9000
        vertex 13.9550 16.6932 -0.9000
    endloop
endfacet
facet normal 30.0000 40.0000 -5.2200
    outer loop
        vertex 13.9550 16.6932 -0.9000
        vertex 13.0905 17.0078 -0.9000
        vertex 13.2820 17.5340 -0.9000
    endloop
endfacet
facet normal 30.0000 40.0000 -2.4400
    outer loop
        vertex 13.9720 16.3890 -0.9000
        vertex 14.0267 16.5394 -0.9000
        vertex 14.7138 17.1406 -0.9000
    endloop
endfacet
facet normal 30.0000 40.0000 -5.3100
    outer loop
        vertex 14.7138 17.1406 -0.9000
        vertex 13.9649 15.6679 -0.9000
        vertex 13.9720 16.3890 -0.9000
    endloop
endfacet
facet normal 30.0000 40.0000 -4.2500
    outer loop
        vertex 13.9649 15.6679 -0.9000
        vertex 14.7138 17.1406 -0.9000
        vertex 14.0981 15.4492 -0.9000
    endloop
endfacet
facet normal 30.0000 40.0000 -2.2500
    outer loop
        vertex 14.0981 15.4492 -0.9000
        vertex 13.8965 15.4800 -0.9000
        vertex 13.9649 15.6679 -0.9000
    endloop
endfacet
facet normal 30.0000 40.0000 -2.2300
    outer loop
        vertex 13.8965 15.4800 -0.9000
        vertex 14.0981 15.4492 -0.9000
        vertex 14.1562 15.2578 -0.9000
    endloop
endfacet
facet normal 30.0000 40.0000 -2.3600
    outer loop
        vertex 14.1562 15.2578 -0.9000
        vertex 13.7051 15.4220 -0.9000
        vertex 13.8965 15.4800 -0.9000
    endloop
endfacet
facet normal 30.0000 40.0000 -2.5600
    outer loop
        vertex 13.9720 16.3890 -0.9000
        vertex 13.9649 15.6679 -0.9000
        vertex 13.8419 15.7978 -0.9000
    endloop
endfacet
facet normal 30.0000 40.0000 -2.4900
    outer loop
        vertex 13.8419 15.7978 -0.9000
        vertex 13.8318 16.3549 -0.9000
        vertex 13.9720 16.3890 -0.9000
    endloop
endfacet
facet normal 30.0000 40.0000 -5.6400
    outer loop
        vertex 13.8318 16.3549 -0.9000
        vertex 13.8419 15.7978 -0.9000
        vertex 12.7895 16.1809 -0.9000
    endloop
endfacet
facet normal 30.0000 40.0000 -4.9900
    outer loop
        vertex 12.7895 16.1809 -0.9000
        vertex 12.9673 16.6695 -0.9000
        vertex 13.8318 16.3549 -0.9000
    endloop
endfacet
facet normal 30.0000 40.0000 -4.2000
    outer loop
        vertex 11.7034 18.5768 -0.9000
        vertex 13.2548 17.9271 -0.9000
        vertex 12.9984 17.8075 -0.9000
    endloop
endfacet
facet normal 30.0000 40.0000 -2.9000
    outer loop
        vertex 12.9984 17.8075 -0.9000
        vertex 11.7752 18.4230 -0.9000
        vertex 11.7034 18.5768 -0.9000
    endloop
endfacet
facet normal 30.0000 40.0000 -8.4200
    outer loop
        vertex 11.7752 18.4230 -0.9000
        vertex 12.9984 17.8075 -0.9000
        vertex 12.1644 17.3874 -0.9000
    endloop
endfacet
facet normal 30.0000 40.0000 -3.2000
    outer loop
        vertex 12.1644 17.3874 -0.9000
        vertex 11.8570 17.7122 -0.9000
        vertex 11.7752 18.4230 -0.9000
    endloop
endfacet
facet normal 30.0000 40.0000 -3.3600
    outer loop
        vertex 11.8570 17.7122 -0.9000
        vertex 11.5324 17.8729 -0.9000
        vertex 11.7752 18.4230 -0.9000
    endloop
endfacet
facet normal 30.0000 40.0000 -4.3100
    outer loop
        vertex 12.3318 17.0285 -0.9000
        vertex 12.1644 17.3874 -0.9000
        vertex 12.9984 17.8075 -0.9000
    endloop
endfacet
facet normal 30.0000 40.0000 -3.5900
    outer loop
        vertex 12.3864 16.7107 -0.9000
        vertex 12.3318 17.0285 -0.9000
        vertex 12.9984 17.8075 -0.9000
    endloop
endfacet
facet normal 30.0000 40.0000 -4.0000
    outer loop
        vertex 12.3864 16.7107 -0.9000
        vertex 12.9984 17.8075 -0.9000
        vertex 12.4512 16.3040 -0.9000
    endloop
endfacet
facet normal 30.0000 40.0000 -2.6400
    outer loop
        vertex 12.4512 16.3040 -0.9000
        vertex 12.1983 16.3109 -0.9000
        vertex 12.3864 16.7107 -0.9000
    endloop
endfacet
facet normal 30.0000 40.0000 -2.1000
    outer loop
        vertex 12.1983 16.3109 -0.9000
        vertex 12.4512 16.3040 -0.9000
        vertex 12.2598 16.2460 -0.9000
    endloop
endfacet
facet normal 30.0000 40.0000 -2.1800
    outer loop
        vertex 12.2598 16.2460 -0.9000
        vertex 11.8907 16.1675 -0.9000
        vertex 12.1983 16.3109 -0.9000
    endloop
endfacet
facet normal 30.0000 40.0000 -2.3200
    outer loop
        vertex 11.8907 16.1675 -0.9000
        vertex 12.2598 16.2460 -0.9000
        vertex 12.2051 16.0956 -0.9000
    endloop
endfacet
facet normal 30.0000 40.0000 -2.2900
    outer loop
        vertex 11.8907 16.1675 -0.9000
        vertex 12.2051 16.0956 -0.9000
        vertex 12.3520 15.9145 -0.9000
    endloop
endfacet
facet normal 30.0000 40.0000 -2.4200
    outer loop
        vertex 12.3520 15.9145 -0.9000
        vertex 11.5626 16.2018 -0.9000
        vertex 11.8907 16.1675 -0.9000
    endloop
endfacet
facet normal 30.0000 40.0000 -69.2000
    outer loop
        vertex 9.2846 20.8194 -0.9000
        vertex 17.1780 17.9464 -0.9000
        vertex 11.7034 18.5768 -0.9000
    endloop
endfacet
facet normal 30.0000 40.0000 -3.2800
    outer loop
        vertex 11.7034 18.5768 -0.9000
        vertex 11.5531 18.6315 -0.9000
        vertex 9.2846 20.8194 -0.9000
    endloop
endfacet
facet normal 30.0000 40.0000 -15.5200
    outer loop
        vertex 10.0359 19.1412 -0.9000
        vertex 9.2846 20.8194 -0.9000
        vertex 11.5531 18.6315 -0.9000
    endloop
endfacet
facet normal 30.0000 40.0000 -2.9000
    outer loop
        vertex 11.5531 18.6315 -0.9000
        vertex 10.3844 18.9292 -0.9000
        vertex 10.0359 19.1412 -0.9000
    endloop
endfacet
facet normal 30.0000 40.0000 -2.8400
    outer loop
        vertex 10.3844 18.9292 -0.9000
        vertex 11.5531 18.6315 -0.9000
        vertex 11.4369 18.5461 -0.9000
    endloop
endfacet
facet normal 30.0000 40.0000 -4.2400
    outer loop
        vertex 11.4369 18.5461 -0.9000
        vertex 10.6133 18.5054 -0.9000
        vertex 10.3844 18.9292 -0.9000
    endloop
endfacet
facet normal 30.0000 40.0000 -4.8500
    outer loop
        vertex 10.6133 18.5054 -0.9000
        vertex 11.4369 18.5461 -0.9000
        vertex 11.2317 17.9823 -0.9000
    endloop
endfacet
facet normal 30.0000 40.0000 -2.4200
    outer loop
        vertex 11.2317 17.9823 -0.9000
        vertex 11.0061 18.0644 -0.9000
        vertex 10.6133 18.5054 -0.9000
    endloop
endfacet
facet normal 30.0000 40.0000 -3.3400
    outer loop
        vertex 10.6234 17.9483 -0.9000
        vertex 10.6133 18.5054 -0.9000
        vertex 11.0061 18.0644 -0.9000
    endloop
endfacet
facet normal 30.0000 40.0000 -2.2200
    outer loop
        vertex 11.0061 18.0644 -0.9000
        vertex 10.8250 17.9175 -0.9000
        vertex 10.6234 17.9483 -0.9000
    endloop
endfacet
facet normal 30.0000 40.0000 -2.8700
    outer loop
        vertex 10.4660 17.2820 -0.9000
        vertex 10.6234 17.9483 -0.9000
        vertex 10.8250 17.9175 -0.9000
    endloop
endfacet
facet normal 30.0000 40.0000 -2.6600
    outer loop
        vertex 10.8250 17.9175 -0.9000
        vertex 10.8830 17.7261 -0.9000
        vertex 10.4660 17.2820 -0.9000
    endloop
endfacet
facet normal 30.0000 40.0000 -2.4400
    outer loop
        vertex 10.6437 17.3024 -0.9000
        vertex 10.4660 17.2820 -0.9000
        vertex 10.8830 17.7261 -0.9000
    endloop
endfacet
facet normal 30.0000 40.0000 -2.7400
    outer loop
        vertex 10.8830 17.7261 -0.9000
        vertex 11.0949 17.6065 -0.9000
        vertex 10.6437 17.3024 -0.9000
    endloop
endfacet
facet normal 30.0000 40.0000 -3.0100
    outer loop
        vertex 10.8657 17.0939 -0.9000
        vertex 10.6437 17.3024 -0.9000
        vertex 11.0949 17.6065 -0.9000
    endloop
endfacet
facet normal 30.0000 40.0000 -2.5100
    outer loop
        vertex 10.3532 17.3230 -0.9000
        vertex 10.6234 17.9483 -0.9000
        vertex 10.4660 17.2820 -0.9000
    endloop
endfacet
facet normal 30.0000 40.0000 -2.2100
    outer loop
        vertex 10.4660 17.2820 -0.9000
        vertex 10.3326 17.0326 -0.9000
        vertex 10.3532 17.3230 -0.9000
    endloop
endfacet
facet normal 30.0000 40.0000 -2.5900
    outer loop
        vertex 10.0011 16.9404 -0.9000
        vertex 10.3532 17.3230 -0.9000
        vertex 10.3326 17.0326 -0.9000
    endloop
endfacet
facet normal 30.0000 40.0000 -2.4300
    outer loop
        vertex 10.0011 16.9404 -0.9000
        vertex 10.3326 17.0326 -0.9000
        vertex 10.3906 16.8412 -0.9000
    endloop
endfacet
facet normal 30.0000 40.0000 -6.2600
    outer loop
        vertex 9.2846 20.8194 -0.9000
        vertex 10.0359 19.1412 -0.9000
        vertex 9.6190 19.1652 -0.9000
    endloop
endfacet
facet normal 30.0000 40.0000 -13.6000
    outer loop
        vertex 9.6190 19.1652 -0.9000
        vertex 8.2592 20.3412 -0.9000
        vertex 9.2846 20.8194 -0.9000
    endloop
endfacet
facet normal 30.0000 40.0000 -5.4800
    outer loop
        vertex 9.3114 19.0218 -0.9000
        vertex 8.2592 20.3412 -0.9000
        vertex 9.6190 19.1652 -0.9000
    endloop
endfacet
facet normal 30.0000 40.0000 -6.6200
    outer loop
        vertex 9.0481 18.6494 -0.9000
        vertex 8.2592 20.3412 -0.9000
        vertex 9.3114 19.0218 -0.9000
    endloop
endfacet
facet normal 30.0000 40.0000 -6.9500
    outer loop
        vertex 8.2592 20.3412 -0.9000
        vertex 9.0481 18.6494 -0.9000
        vertex 8.8429 18.0856 -0.9000
    endloop
endfacet
facet normal 30.0000 40.0000 -30.0500
    outer loop
        vertex 8.8429 18.0856 -0.9000
        vertex 7.0963 17.1463 -0.9000
        vertex 8.2592 20.3412 -0.9000
    endloop
endfacet
facet normal 30.0000 40.0000 -6.7800
    outer loop
        vertex 7.0963 17.1463 -0.9000
        vertex 8.8429 18.0856 -0.9000
        vertex 8.8565 17.6550 -0.9000
    endloop
endfacet
facet normal 30.0000 40.0000 -23.2500
    outer loop
        vertex 8.2592 20.3412 -0.9000
        vertex 7.0963 17.1463 -0.9000
        vertex 6.0882 17.3004 -0.9000
    endloop
endfacet
facet normal 30.0000 40.0000 -25.7500
    outer loop
        vertex 6.0882 17.3004 -0.9000
        vertex 7.3879 20.8712 -0.9000
        vertex 8.2592 20.3412 -0.9000
    endloop
endfacet
facet normal 30.0000 40.0000 -54.5000
    outer loop
        vertex 17.1780 17.9464 -0.9000
        vertex 9.2846 20.8194 -0.9000
        vertex 9.4387 21.8275 -0.9000
    endloop
endfacet
facet normal 30.0000 40.0000 -57.0000
    outer loop
        vertex 9.4387 21.8275 -0.9000
        vertex 17.7079 18.8177 -0.9000
        vertex 17.1780 17.9464 -0.9000
    endloop
endfacet
facet normal 30.0000 40.0000 -25.7500
    outer loop
        vertex 17.6561 16.9210 -0.9000
        vertex 18.6642 16.7670 -0.9000
        vertex 17.3645 13.1961 -0.9000
    endloop
endfacet
facet normal 30.0000 40.0000 -23.2500
    outer loop
        vertex 17.3645 13.1961 -0.9000
        vertex 16.4932 13.7261 -0.9000
        vertex 17.6561 16.9210 -0.9000
    endloop
endfacet
facet normal 30.0000 40.0000 -7.2500
    outer loop
        vertex 16.4932 13.7261 -0.9000
        vertex 17.3645 13.1961 -0.9000
        vertex 16.9030 12.5128 -0.9000
    endloop
endfacet
facet normal 30.0000 40.0000 -6.0000
    outer loop
        vertex 16.9030 12.5128 -0.9000
        vertex 16.2196 12.9743 -0.9000
        vertex 16.4932 13.7261 -0.9000
    endloop
endfacet
facet normal 30.0000 40.0000 -9.5000
    outer loop
        vertex 15.4679 13.2480 -0.9000
        vertex 15.3138 12.2399 -0.9000
        vertex 14.1862 12.6503 -0.9000
    endloop
endfacet
facet normal 30.0000 40.0000 -10.7500
    outer loop
        vertex 14.1862 12.6503 -0.9000
        vertex 14.1523 13.7268 -0.9000
        vertex 15.4679 13.2480 -0.9000
    endloop
endfacet
facet normal 30.0000 40.0000 -22.5000
    outer loop
        vertex 11.1446 12.4803 -0.9000
        vertex 14.1523 13.7268 -0.9000
        vertex 14.1862 12.6503 -0.9000
    endloop
endfacet
facet normal 30.0000 40.0000 -22.5000
    outer loop
        vertex 14.1862 12.6503 -0.9000
        vertex 11.1785 11.4038 -0.9000
        vertex 11.1446 12.4803 -0.9000
    endloop
endfacet
facet normal 30.0000 40.0000 -3.4500
    outer loop
        vertex 10.9361 12.2582 -0.9000
        vertex 11.1446 12.4803 -0.9000
        vertex 11.1785 11.4038 -0.9000
    endloop
endfacet
facet normal 30.0000 40.0000 -6.0000
    outer loop
        vertex 11.1785 11.4038 -0.9000
        vertex 10.4778 11.2331 -0.9000
        vertex 10.9361 12.2582 -0.9000
    endloop
endfacet
facet normal 30.0000 40.0000 -3.9000
    outer loop
        vertex 10.6319 12.2412 -0.9000
        vertex 10.9361 12.2582 -0.9000
        vertex 10.4778 11.2331 -0.9000
    endloop
endfacet
facet normal 30.0000 40.0000 -4.5000
    outer loop
        vertex 10.4778 11.2331 -0.9000
        vertex 10.1020 11.3700 -0.9000
        vertex 10.6319 12.2412 -0.9000
    endloop
endfacet
facet normal 30.0000 40.0000 -3.9000
    outer loop
        vertex 10.4098 12.4498 -0.9000
        vertex 10.6319 12.2412 -0.9000
        vertex 10.1020 11.3700 -0.9000
    endloop
endfacet
facet normal 30.0000 40.0000 -6.0000
    outer loop
        vertex 10.1020 11.3700 -0.9000
        vertex 9.6750 11.9510 -0.9000
        vertex 10.4098 12.4498 -0.9000
    endloop
endfacet
facet normal 30.0000 40.0000 -3.4500
    outer loop
        vertex 10.3929 12.7539 -0.9000
        vertex 10.4098 12.4498 -0.9000
        vertex 9.6750 11.9510 -0.9000
    endloop
endfacet
facet normal 30.0000 40.0000 -22.5000
    outer loop
        vertex 9.6750 11.9510 -0.9000
        vertex 8.1721 14.8392 -0.9000
        vertex 10.3929 12.7539 -0.9000
    endloop
endfacet
facet normal 30.0000 40.0000 -22.5000
    outer loop
        vertex 8.8900 15.6421 -0.9000
        vertex 10.3929 12.7539 -0.9000
        vertex 8.1721 14.8392 -0.9000
    endloop
endfacet
facet normal 30.0000 40.0000 -10.7500
    outer loop
        vertex 8.1721 14.8392 -0.9000
        vertex 7.5745 16.1209 -0.9000
        vertex 8.8900 15.6421 -0.9000
    endloop
endfacet
facet normal 30.0000 40.0000 -9.5000
    outer loop
        vertex 7.5745 16.1209 -0.9000
        vertex 8.1721 14.8392 -0.9000
        vertex 7.0445 15.2496 -0.9000
    endloop
endfacet
facet normal 30.0000 40.0000 -7.2500
    outer loop
        vertex 7.0445 15.2496 -0.9000
        vertex 6.3612 15.7112 -0.9000
        vertex 7.5745 16.1209 -0.9000
    endloop
endfacet
facet normal 30.0000 40.0000 -6.8900
    outer loop
        vertex 10.9055 12.9930 -0.9000
        vertex 10.6014 12.9760 -0.9000
        vertex 9.3411 15.4779 -0.9000
    endloop
endfacet
facet normal 30.0000 40.0000 -54.2000
    outer loop
        vertex 9.3411 15.4779 -0.9000
        vertex 13.7013 13.8909 -0.9000
        vertex 10.9055 12.9930 -0.9000
    endloop
endfacet
facet normal 30.0000 40.0000 -6.8900
    outer loop
        vertex 11.1276 12.7845 -0.9000
        vertex 10.9055 12.9930 -0.9000
        vertex 13.7013 13.8909 -0.9000
    endloop
endfacet
facet normal 30.0000 40.0000 -6.0000
    outer loop
        vertex 6.8227 16.3945 -0.9000
        vertex 7.5745 16.1209 -0.9000
        vertex 6.3612 15.7112 -0.9000
    endloop
endfacet
facet normal 30.0000 40.0000 -5.7500
    outer loop
        vertex 6.3612 15.7112 -0.9000
        vertex 6.0026 16.4802 -0.9000
        vertex 6.8227 16.3945 -0.9000
    endloop
endfacet
facet normal 30.0000 40.0000 -6.0000
    outer loop
        vertex 7.0963 17.1463 -0.9000
        vertex 6.8227 16.3945 -0.9000
        vertex 6.0026 16.4802 -0.9000
    endloop
endfacet
facet normal 30.0000 40.0000 -7.2500
    outer loop
        vertex 6.0026 16.4802 -0.9000
        vertex 6.0882 17.3004 -0.9000
        vertex 7.0963 17.1463 -0.9000
    endloop
endfacet
facet normal 30.0000 40.0000 -7.0000
    outer loop
        vertex 15.3138 12.2399 -0.9000
        vertex 15.4679 13.2480 -0.9000
        vertex 16.2196 12.9743 -0.9000
    endloop
endfacet
facet normal 30.0000 40.0000 -6.2500
    outer loop
        vertex 16.2196 12.9743 -0.9000
        vertex 16.1339 12.1542 -0.9000
        vertex 15.3138 12.2399 -0.9000
    endloop
endfacet
facet normal 30.0000 40.0000 -5.7500
    outer loop
        vertex 16.1339 12.1542 -0.9000
        vertex 16.2196 12.9743 -0.9000
        vertex 16.9030 12.5128 -0.9000
    endloop
endfacet
facet normal 30.0000 40.0000 -7.0000
    outer loop
        vertex 8.5328 21.0930 -0.9000
        vertex 8.2592 20.3412 -0.9000
        vertex 7.3879 20.8712 -0.9000
    endloop
endfacet
facet normal 30.0000 40.0000 -6.2500
    outer loop
        vertex 7.3879 20.8712 -0.9000
        vertex 7.8495 21.5545 -0.9000
        vertex 8.5328 21.0930 -0.9000
    endloop
endfacet
facet normal 30.0000 40.0000 -5.7500
    outer loop
        vertex 8.5328 21.0930 -0.9000
        vertex 7.8495 21.5545 -0.9000
        vertex 8.6185 21.9131 -0.9000
    endloop
endfacet
facet normal 30.0000 40.0000 -6.0000
    outer loop
        vertex 8.6185 21.9131 -0.9000
        vertex 9.2846 20.8194 -0.9000
        vertex 8.5328 21.0930 -0.9000
    endloop
endfacet
facet normal 30.0000 40.0000 -7.2500
    outer loop
        vertex 9.2846 20.8194 -0.9000
        vertex 8.6185 21.9131 -0.9000
        vertex 9.4387 21.8275 -0.9000
    endloop
endfacet
facet normal 30.0000 40.0000 -7.0000
    outer loop
        vertex 18.6642 16.7670 -0.9000
        vertex 17.6561 16.9210 -0.9000
        vertex 17.9297 17.6728 -0.9000
    endloop
endfacet
facet normal 30.0000 40.0000 -6.2500
    outer loop
        vertex 17.9297 17.6728 -0.9000
        vertex 18.7499 17.5871 -0.9000
        vertex 18.6642 16.7670 -0.9000
    endloop
endfacet
facet normal 30.0000 40.0000 -5.7500
    outer loop
        vertex 18.3913 18.3561 -0.9000
        vertex 18.7499 17.5871 -0.9000
        vertex 17.9297 17.6728 -0.9000
    endloop
endfacet
facet normal 30.0000 40.0000 -6.0000
    outer loop
        vertex 17.9297 17.6728 -0.9000
        vertex 17.1780 17.9464 -0.9000
        vertex 18.3913 18.3561 -0.9000
    endloop
endfacet
facet normal 30.0000 40.0000 -7.2500
    outer loop
        vertex 17.1780 17.9464 -0.9000
        vertex 17.7079 18.8177 -0.9000
        vertex 18.3913 18.3561 -0.9000
    endloop
endfacet
facet normal 30.7790 38.1202 -2.0000
    outer loop
        vertex 11.1785 11.4038 -0.8000
        vertex 11.1785 11.4038 -0.9000
        vertex 14.1862 12.6503 -0.9000
    endloop
endfacet
facet normal 30.7790 38.1202 -2.0000
    outer loop
        vertex 14.1862 12.6503 -0.9000
        vertex 14.1862 12.6503 -0.8000
        vertex 11.1785 11.4038 -0.8000
    endloop
endfacet
facet normal 30.1067 39.5621 -2.0000
    outer loop
        vertex 10.4778 11.2331 -0.8000
        vertex 10.4778 11.2331 -0.9000
        vertex 11.1785 11.4038 -0.9000
    endloop
endfacet
facet normal 30.1067 39.5621 -2.0000
    outer loop
        vertex 11.1785 11.4038 -0.9000
        vertex 11.1785 11.4038 -0.8000
        vertex 10.4778 11.2331 -0.8000
    endloop
endfacet
facet normal 29.9145 39.7651 -2.0000
    outer loop
        vertex 10.1020 11.3700 -0.8000
        vertex 10.1020 11.3700 -0.9000
        vertex 10.4778 11.2331 -0.9000
    endloop
endfacet
facet normal 29.9145 39.7651 -2.0000
    outer loop
        vertex 10.4778 11.2331 -0.9000
        vertex 10.4778 11.2331 -0.8000
        vertex 10.1020 11.3700 -0.8000
    endloop
endfacet
facet normal 29.6368 39.7331 -2.0000
    outer loop
        vertex 9.6750 11.9510 -0.8000
        vertex 9.6750 11.9510 -0.9000
        vertex 10.1020 11.3700 -0.9000
    endloop
endfacet
facet normal 29.6368 39.7331 -2.0000
    outer loop
        vertex 10.1020 11.3700 -0.9000
        vertex 10.1020 11.3700 -0.8000
        vertex 9.6750 11.9510 -0.8000
    endloop
endfacet
facet normal 28.1949 39.0607 -2.0000
    outer loop
        vertex 8.1721 14.8392 -0.8000
        vertex 8.1721 14.8392 -0.9000
        vertex 9.6750 11.9510 -0.9000
    endloop
endfacet
facet normal 28.1949 39.0607 -2.0000
    outer loop
        vertex 9.6750 11.9510 -0.9000
        vertex 9.6750 11.9510 -0.8000
        vertex 8.1721 14.8392 -0.8000
    endloop
endfacet
facet normal 29.7435 39.2952 -2.0000
    outer loop
        vertex 7.0445 15.2496 -0.8000
        vertex 7.0445 15.2496 -0.9000
        vertex 8.1721 14.8392 -0.9000
    endloop
endfacet
facet normal 29.7435 39.2952 -2.0000
    outer loop
        vertex 8.1721 14.8392 -0.9000
        vertex 8.1721 14.8392 -0.8000
        vertex 7.0445 15.2496 -0.8000
    endloop
endfacet
facet normal 29.7115 39.5729 -2.0000
    outer loop
        vertex 6.3612 15.7112 -0.8000
        vertex 6.3612 15.7112 -0.9000
        vertex 7.0445 15.2496 -0.9000
    endloop
endfacet
facet normal 29.7115 39.5729 -2.0000
    outer loop
        vertex 7.0445 15.2496 -0.9000
        vertex 7.0445 15.2496 -0.8000
        vertex 6.3612 15.7112 -0.8000
    endloop
endfacet
facet normal 29.5194 39.7759 -2.0000
    outer loop
        vertex 6.0026 16.4802 -0.8000
        vertex 6.0026 16.4802 -0.9000
        vertex 6.3612 15.7112 -0.9000
    endloop
endfacet
facet normal 29.5194 39.7759 -2.0000
    outer loop
        vertex 6.3612 15.7112 -0.9000
        vertex 6.3612 15.7112 -0.8000
        vertex 6.0026 16.4802 -0.8000
    endloop
endfacet
facet normal 29.4874 40.0535 -2.0000
    outer loop
        vertex 6.0882 17.3004 -0.8000
        vertex 6.0882 17.3004 -0.9000
        vertex 6.0026 16.4802 -0.9000
    endloop
endfacet
facet normal 29.4874 40.0535 -2.0000
    outer loop
        vertex 6.0026 16.4802 -0.9000
        vertex 6.0026 16.4802 -0.8000
        vertex 6.0882 17.3004 -0.8000
    endloop
endfacet
facet normal 27.7682 40.8123 -2.0000
    outer loop
        vertex 7.3879 20.8712 -0.8000
        vertex 7.3879 20.8712 -0.9000
        vertex 6.0882 17.3004 -0.9000
    endloop
endfacet
facet normal 27.7682 40.8123 -2.0000
    outer loop
        vertex 6.0882 17.3004 -0.9000
        vertex 6.0882 17.3004 -0.8000
        vertex 7.3879 20.8712 -0.8000
    endloop
endfacet
facet normal 29.5729 40.2885 -2.0000
    outer loop
        vertex 7.8495 21.5545 -0.8000
        vertex 7.8495 21.5545 -0.9000
        vertex 7.3879 20.8712 -0.9000
    endloop
endfacet
facet normal 29.5729 40.2885 -2.0000
    outer loop
        vertex 7.3879 20.8712 -0.9000
        vertex 7.3879 20.8712 -0.8000
        vertex 7.8495 21.5545 -0.8000
    endloop
endfacet
facet normal 29.7759 40.4806 -2.0000
    outer loop
        vertex 8.6185 21.9131 -0.8000
        vertex 8.6185 21.9131 -0.9000
        vertex 7.8495 21.5545 -0.9000
    endloop
endfacet
facet normal 29.7759 40.4806 -2.0000
    outer loop
        vertex 7.8495 21.5545 -0.9000
        vertex 7.8495 21.5545 -0.8000
        vertex 8.6185 21.9131 -0.8000
    endloop
endfacet
facet normal 30.0535 40.5126 -2.0000
    outer loop
        vertex 9.4387 21.8275 -0.8000
        vertex 9.4387 21.8275 -0.9000
        vertex 8.6185 21.9131 -0.9000
    endloop
endfacet
facet normal 30.0535 40.5126 -2.0000
    outer loop
        vertex 8.6185 21.9131 -0.9000
        vertex 8.6185 21.9131 -0.8000
        vertex 9.4387 21.8275 -0.8000
    endloop
endfacet
facet normal 31.8811 45.1683 -2.0000
    outer loop
        vertex 17.7079 18.8177 -0.8000
        vertex 17.7079 18.8177 -0.9000
        vertex 9.4387 21.8275 -0.9000
    endloop
endfacet
facet normal 31.8811 45.1683 -2.0000
    outer loop
        vertex 9.4387 21.8275 -0.9000
        vertex 9.4387 21.8275 -0.8000
        vertex 17.7079 18.8177 -0.8000
    endloop
endfacet
facet normal 30.2885 40.4271 -2.0000
    outer loop
        vertex 18.3913 18.3561 -0.8000
        vertex 18.3913 18.3561 -0.9000
        vertex 17.7079 18.8177 -0.9000
    endloop
endfacet
facet normal 30.2885 40.4271 -2.0000
    outer loop
        vertex 17.7079 18.8177 -0.9000
        vertex 17.7079 18.8177 -0.8000
        vertex 18.3913 18.3561 -0.8000
    endloop
endfacet
facet normal 30.4806 40.2241 -2.0000
    outer loop
        vertex 18.7499 17.5871 -0.8000
        vertex 18.7499 17.5871 -0.9000
        vertex 18.3913 18.3561 -0.9000
    endloop
endfacet
facet normal 30.4806 40.2241 -2.0000
    outer loop
        vertex 18.3913 18.3561 -0.9000
        vertex 18.3913 18.3561 -0.8000
        vertex 18.7499 17.5871 -0.8000
    endloop
endfacet
facet normal 30.5126 39.9465 -2.0000
    outer loop
        vertex 18.6642 16.7670 -0.8000
        vertex 18.6642 16.7670 -0.9000
        vertex 18.7499 17.5871 -0.9000
    endloop
endfacet
facet normal 30.5126 39.9465 -2.0000
    outer loop
        vertex 18.7499 17.5871 -0.9000
        vertex 18.7499 17.5871 -0.8000
        vertex 18.6642 16.7670 -0.8000
    endloop
endfacet
facet normal 32.2318 39.1877 -2.0000
    outer loop
        vertex 17.3645 13.1961 -0.8000
        vertex 17.3645 13.1961 -0.9000
        vertex 18.6642 16.7670 -0.9000
    endloop
endfacet
facet normal 32.2318 39.1877 -2.0000
    outer loop
        vertex 18.6642 16.7670 -0.9000
        vertex 18.6642 16.7670 -0.8000
        vertex 17.3645 13.1961 -0.8000
    endloop
endfacet
facet normal 30.4271 39.7115 -2.0000
    outer loop
        vertex 16.9030 12.5128 -0.8000
        vertex 16.9030 12.5128 -0.9000
        vertex 17.3645 13.1961 -0.9000
    endloop
endfacet
facet normal 30.4271 39.7115 -2.0000
    outer loop
        vertex 17.3645 13.1961 -0.9000
        vertex 17.3645 13.1961 -0.8000
        vertex 16.9030 12.5128 -0.8000
    endloop
endfacet
facet normal 30.2241 39.5194 -2.0000
    outer loop
        vertex 16.1339 12.1542 -0.8000
        vertex 16.1339 12.1542 -0.9000
        vertex 16.9030 12.5128 -0.9000
    endloop
endfacet
facet normal 30.2241 39.5194 -2.0000
    outer loop
        vertex 16.9030 12.5128 -0.9000
        vertex 16.9030 12.5128 -0.8000
        vertex 16.1339 12.1542 -0.8000
    endloop
endfacet
facet normal 29.9465 39.4874 -2.0000
    outer loop
        vertex 15.3138 12.2399 -0.8000
        vertex 15.3138 12.2399 -0.9000
        vertex 16.1339 12.1542 -0.9000
    endloop
endfacet
facet normal 29.9465 39.4874 -2.0000
    outer loop
        vertex 16.1339 12.1542 -0.9000
        vertex 16.1339 12.1542 -0.8000
        vertex 15.3138 12.2399 -0.8000
    endloop
endfacet
facet normal 29.7435 39.2952 -2.0000
    outer loop
        vertex 14.1862 12.6503 -0.8000
        vertex 14.1862 12.6503 -0.9000
        vertex 15.3138 12.2399 -0.9000
    endloop
endfacet
facet normal 29.7435 39.2952 -2.0000
    outer loop
        vertex 15.3138 12.2399 -0.9000
        vertex 15.3138 12.2399 -0.8000
        vertex 14.1862 12.6503 -0.8000
    endloop
endfacet
endsolid GiantLegoRocks
