solid GiantLegoRocks
facet normal 0.0000 47.8695 10.0000
    outer loop
        vertex 0.0000 19.2000 4.0000
        vertex 1.5862 19.2000 4.2088
        vertex 1.6000 19.2000 4.0000
    endloop
endfacet
facet normal 0.0000 47.8695 10.0000
    outer loop
        vertex 0.0000 19.2000 4.0000
        vertex 1.5454 19.2000 4.4141
        vertex 1.5862 19.2000 4.2088
    endloop
endfacet
facet normal 0.0000 47.8695 10.0000
    outer loop
        vertex 0.0000 19.2000 4.0000
        vertex 1.4782 19.2000 4.6123
        vertex 1.5454 19.2000 4.4141
    endloop
endfacet
facet normal 0.0000 47.8695 10.0000
    outer loop
        vertex 0.0000 19.2000 4.0000
        vertex 1.3856 19.2000 4.8000
        vertex 1.4782 19.2000 4.6123
    endloop
endfacet
facet normal 0.0000 47.8695 10.0000
    outer loop
        vertex 0.0000 19.2000 4.0000
        vertex 1.2694 19.2000 4.9741
        vertex 1.3856 19.2000 4.8000
    endloop
endfacet
facet normal 0.0000 47.8695 10.0000
    outer loop
        vertex 0.0000 19.2000 4.0000
        vertex 1.1314 19.2000 5.1314
        vertex 1.2694 19.2000 4.9741
    endloop
endfacet
facet normal 0.0000 47.8695 10.0000
    outer loop
        vertex 0.0000 19.2000 4.0000
        vertex 0.9741 19.2000 5.2694
        vertex 1.1314 19.2000 5.1314
    endloop
endfacet
facet normal 0.0000 47.8695 10.0000
    outer loop
        vertex 0.0000 19.2000 4.0000
        vertex 0.8000 19.2000 5.3856
        vertex 0.9741 19.2000 5.2694
    endloop
endfacet
facet normal 0.0000 47.8695 10.0000
    outer loop
        vertex 0.0000 19.2000 4.0000
        vertex 0.6123 19.2000 5.4782
        vertex 0.8000 19.2000 5.3856
    endloop
endfacet
facet normal 0.0000 47.8695 10.0000
    outer loop
        vertex 0.0000 19.2000 4.0000
        vertex 0.4141 19.2000 5.5454
        vertex 0.6123 19.2000 5.4782
    endloop
endfacet
facet normal 0.0000 47.8695 10.0000
    outer loop
        vertex 0.0000 19.2000 4.0000
        vertex 0.2088 19.2000 5.5862
        vertex 0.4141 19.2000 5.5454
    endloop
endfacet
facet normal 0.0000 47.8695 10.0000
    outer loop
        vertex 0.0000 19.2000 4.0000
        vertex 0.0000 19.2000 5.6000
        vertex 0.2088 19.2000 5.5862
    endloop
endfacet
facet normal 0.0000 47.8695 10.0000
    outer loop
        vertex 0.0000 19.2000 4.0000
        vertex -0.2088 19.2000 5.5862
        vertex 0.0000 19.2000 5.6000
    endloop
endfacet
facet normal 0.0000 47.8695 10.0000
    outer loop
        vertex 0.0000 19.2000 4.0000
        vertex -0.4141 19.2000 5.5454
        vertex -0.2088 19.2000 5.5862
    endloop
endfacet
facet normal 0.0000 47.8695 10.0000
    outer loop
        vertex 0.0000 19.2000 4.0000
        vertex -0.6123 19.2000 5.4782
        vertex -0.4141 19.2000 5.5454
    endloop
endfacet
facet normal 0.0000 47.8695 10.0000
    outer loop
        vertex 0.0000 19.2000 4.0000
        vertex -0.8000 19.2000 5.3856
        vertex -0.6123 19.2000 5.4782
    endloop
endfacet
facet normal 0.0000 47.8695 10.0000
    outer loop
        vertex 0.0000 19.2000 4.0000
        vertex -0.9741 19.2000 5.2694
        vertex -0.8000 19.2000 5.3856
    endloop
endfacet
facet normal 0.0000 47.8695 10.0000
    outer loop
        vertex 0.0000 19.2000 4.0000
        vertex -1.1314 19.2000 5.1314
        vertex -0.9741 19.2000 5.2694
    endloop
endfacet
facet normal 0.0000 47.8695 10.0000
    outer loop
        vertex 0.0000 19.2000 4.0000
        vertex -1.2694 19.2000 4.9741
        vertex -1.1314 19.2000 5.1314
    endloop
endfacet
facet normal 0.0000 47.8695 10.0000
    outer loop
        vertex 0.0000 19.2000 4.0000
        vertex -1.3856 19.2000 4.8000
        vertex -1.2694 19.2000 4.9741
    endloop
endfacet
facet normal 0.0000 47.8695 10.0000
    outer loop
        vertex 0.0000 19.2000 4.0000
        vertex -1.4782 19.2000 4.6123
        vertex -1.3856 19.2000 4.8000
    endloop
endfacet
facet normal 0.0000 47.8695 10.0000
    outer loop
        vertex 0.0000 19.2000 4.0000
        vertex -1.5454 19.2000 4.4141
        vertex -1.4782 19.2000 4.6123
    endloop
endfacet
facet normal 0.0000 47.8695 10.0000
    outer loop
        vertex 0.0000 19.2000 4.0000
        vertex -1.5862 19.2000 4.2088
        vertex -1.5454 19.2000 4.4141
    endloop
endfacet
facet normal 0.0000 47.8695 10.0000
    outer loop
        vertex 0.0000 19.2000 4.0000
        vertex -1.6000 19.2000 4.0000
        vertex -1.5862 19.2000 4.2088
    endloop
endfacet
facet normal 0.0000 47.8695 10.0000
    outer loop
        vertex 0.0000 19.2000 4.0000
        vertex -1.5862 19.2000 3.7912
        vertex -1.6000 19.2000 4.0000
    endloop
endfacet
facet normal 0.0000 47.8695 10.0000
    outer loop
        vertex 0.0000 19.2000 4.0000
        vertex -1.5454 19.2000 3.5859
        vertex -1.5862 19.2000 3.7912
    endloop
endfacet
facet normal 0.0000 47.8695 10.0000
    outer loop
        vertex 0.0000 19.2000 4.0000
        vertex -1.4782 19.2000 3.3877
        vertex -1.5454 19.2000 3.5859
    endloop
endfacet
facet normal 0.0000 47.8695 10.0000
    outer loop
        vertex 0.0000 19.2000 4.0000
        vertex -1.3856 19.2000 3.2000
        vertex -1.4782 19.2000 3.3877
    endloop
endfacet
facet normal 0.0000 47.8695 10.0000
    outer loop
        vertex 0.0000 19.2000 4.0000
        vertex -1.2694 19.2000 3.0259
        vertex -1.3856 19.2000 3.2000
    endloop
endfacet
facet normal 0.0000 47.8695 10.0000
    outer loop
        vertex 0.0000 19.2000 4.0000
        vertex -1.1314 19.2000 2.8686
        vertex -1.2694 19.2000 3.0259
    endloop
endfacet
facet normal 0.0000 47.8695 10.0000
    outer loop
        vertex 0.0000 19.2000 4.0000
        vertex -0.9741 19.2000 2.7306
        vertex -1.1314 19.2000 2.8686
    endloop
endfacet
facet normal 0.0000 47.8695 10.0000
    outer loop
        vertex 0.0000 19.2000 4.0000
        vertex -0.8000 19.2000 2.6144
        vertex -0.9741 19.2000 2.7306
    endloop
endfacet
facet normal 0.0000 47.8695 10.0000
    outer loop
        vertex 0.0000 19.2000 4.0000
        vertex -0.6123 19.2000 2.5218
        vertex -0.8000 19.2000 2.6144
    endloop
endfacet
facet normal 0.0000 47.8695 10.0000
    outer loop
        vertex 0.0000 19.2000 4.0000
        vertex -0.4141 19.2000 2.4546
        vertex -0.6123 19.2000 2.5218
    endloop
endfacet
facet normal 0.0000 47.8695 10.0000
    outer loop
        vertex 0.0000 19.2000 4.0000
        vertex -0.2088 19.2000 2.4138
        vertex -0.4141 19.2000 2.4546
    endloop
endfacet
facet normal 0.0000 47.8695 10.0000
    outer loop
        vertex 0.0000 19.2000 4.0000
        vertex 0.0000 19.2000 2.4000
        vertex -0.2088 19.2000 2.4138
    endloop
endfacet
facet normal 0.0000 47.8695 10.0000
    outer loop
        vertex 0.0000 19.2000 4.0000
        vertex 0.2088 19.2000 2.4138
        vertex 0.0000 19.2000 2.4000
    endloop
endfacet
facet normal 0.0000 47.8695 10.0000
    outer loop
        vertex 0.0000 19.2000 4.0000
        vertex 0.4141 19.2000 2.4546
        vertex 0.2088 19.2000 2.4138
    endloop
endfacet
facet normal 0.0000 47.8695 10.0000
    outer loop
        vertex 0.0000 19.2000 4.0000
        vertex 0.6123 19.2000 2.5218
        vertex 0.4141 19.2000 2.4546
    endloop
endfacet
facet normal 0.0000 47.8695 10.0000
    outer loop
        vertex 0.0000 19.2000 4.0000
        vertex 0.8000 19.2000 2.6144
        vertex 0.6123 19.2000 2.5218
    endloop
endfacet
facet normal 0.0000 47.8695 10.0000
    outer loop
        vertex 0.0000 19.2000 4.0000
        vertex 0.9741 19.2000 2.7306
        vertex 0.8000 19.2000 2.6144
    endloop
endfacet
facet normal 0.0000 47.8695 10.0000
    outer loop
        vertex 0.0000 19.2000 4.0000
        vertex 1.1314 19.2000 2.8686
        vertex 0.9741 19.2000 2.7306
    endloop
endfacet
facet normal 0.0000 47.8695 10.0000
    outer loop
        vertex 0.0000 19.2000 4.0000
        vertex 1.2694 19.2000 3.0259
        vertex 1.1314 19.2000 2.8686
    endloop
endfacet
facet normal 0.0000 47.8695 10.0000
    outer loop
        vertex 0.0000 19.2000 4.0000
        vertex 1.3856 19.2000 3.2000
        vertex 1.2694 19.2000 3.0259
    endloop
endfacet
facet normal 0.0000 47.8695 10.0000
    outer loop
        vertex 0.0000 19.2000 4.0000
        vertex 1.4782 19.2000 3.3877
        vertex 1.3856 19.2000 3.2000
    endloop
endfacet
facet normal 0.0000 47.8695 10.0000
    outer loop
        vertex 0.0000 19.2000 4.0000
        vertex 1.5454 19.2000 3.5859
        vertex 1.4782 19.2000 3.3877
    endloop
endfacet
facet normal 0.0000 47.8695 10.0000
    outer loop
        vertex 0.0000 19.2000 4.0000
        vertex 1.5862 19.2000 3.7912
        vertex 1.5454 19.2000 3.5859
    endloop
endfacet
facet normal 0.0000 47.8695 10.0000
    outer loop
        vertex 0.0000 19.2000 4.0000
        vertex 1.6000 19.2000 4.0000
        vertex 1.5862 19.2000 3.7912
    endloop
endfacet
facet normal -0.5220 48.0000 9.9656
    outer loop
        vertex 1.5862 19.2000 4.2088
        vertex 1.6000 17.6000 4.0000
        vertex 1.6000 19.2000 4.0000
    endloop
endfacet
facet normal -0.5220 48.0000 9.9656
    outer loop
        vertex 1.6000 17.6000 4.0000
        vertex 1.5862 19.2000 4.2088
        vertex 1.5862 17.6000 4.2088
    endloop
endfacet
facet normal -0.5132 48.0000 9.8980
    outer loop
        vertex 1.5454 19.2000 4.4141
        vertex 1.5862 17.6000 4.2088
        vertex 1.5862 19.2000 4.2088
    endloop
endfacet
facet normal -0.5132 48.0000 9.8980
    outer loop
        vertex 1.5862 17.6000 4.2088
        vertex 1.5454 19.2000 4.4141
        vertex 1.5454 17.6000 4.4141
    endloop
endfacet
facet normal -0.4956 48.0000 9.8320
    outer loop
        vertex 1.4782 19.2000 4.6123
        vertex 1.5454 17.6000 4.4141
        vertex 1.5454 19.2000 4.4141
    endloop
endfacet
facet normal -0.4956 48.0000 9.8320
    outer loop
        vertex 1.5454 17.6000 4.4141
        vertex 1.4782 19.2000 4.6123
        vertex 1.4782 17.6000 4.6123
    endloop
endfacet
facet normal -0.4692 48.0000 9.7684
    outer loop
        vertex 1.3856 19.2000 4.8000
        vertex 1.4782 17.6000 4.6123
        vertex 1.4782 19.2000 4.6123
    endloop
endfacet
facet normal -0.4692 48.0000 9.7684
    outer loop
        vertex 1.4782 17.6000 4.6123
        vertex 1.3856 19.2000 4.8000
        vertex 1.3856 17.6000 4.8000
    endloop
endfacet
facet normal -0.4352 48.0000 9.7096
    outer loop
        vertex 1.2694 19.2000 4.9741
        vertex 1.3856 17.6000 4.8000
        vertex 1.3856 19.2000 4.8000
    endloop
endfacet
facet normal -0.4352 48.0000 9.7096
    outer loop
        vertex 1.3856 17.6000 4.8000
        vertex 1.2694 19.2000 4.9741
        vertex 1.2694 17.6000 4.9741
    endloop
endfacet
facet normal -0.3932 48.0000 9.6548
    outer loop
        vertex 1.1314 19.2000 5.1314
        vertex 1.2694 17.6000 4.9741
        vertex 1.2694 19.2000 4.9741
    endloop
endfacet
facet normal -0.3932 48.0000 9.6548
    outer loop
        vertex 1.2694 17.6000 4.9741
        vertex 1.1314 19.2000 5.1314
        vertex 1.1314 17.6000 5.1314
    endloop
endfacet
facet normal -0.3452 48.0000 9.6068
    outer loop
        vertex 0.9741 19.2000 5.2694
        vertex 1.1314 17.6000 5.1314
        vertex 1.1314 19.2000 5.1314
    endloop
endfacet
facet normal -0.3452 48.0000 9.6068
    outer loop
        vertex 1.1314 17.6000 5.1314
        vertex 0.9741 19.2000 5.2694
        vertex 0.9741 17.6000 5.2694
    endloop
endfacet
facet normal -0.2904 48.0000 9.5648
    outer loop
        vertex 0.8000 19.2000 5.3856
        vertex 0.9741 17.6000 5.2694
        vertex 0.9741 19.2000 5.2694
    endloop
endfacet
facet normal -0.2904 48.0000 9.5648
    outer loop
        vertex 0.9741 17.6000 5.2694
        vertex 0.8000 19.2000 5.3856
        vertex 0.8000 17.6000 5.3856
    endloop
endfacet
facet normal -0.2316 48.0000 9.5308
    outer loop
        vertex 0.6123 19.2000 5.4782
        vertex 0.8000 17.6000 5.3856
        vertex 0.8000 19.2000 5.3856
    endloop
endfacet
facet normal -0.2316 48.0000 9.5308
    outer loop
        vertex 0.8000 17.6000 5.3856
        vertex 0.6123 19.2000 5.4782
        vertex 0.6123 17.6000 5.4782
    endloop
endfacet
facet normal -0.1680 48.0000 9.5044
    outer loop
        vertex 0.4141 19.2000 5.5454
        vertex 0.6123 17.6000 5.4782
        vertex 0.6123 19.2000 5.4782
    endloop
endfacet
facet normal -0.1680 48.0000 9.5044
    outer loop
        vertex 0.6123 17.6000 5.4782
        vertex 0.4141 19.2000 5.5454
        vertex 0.4141 17.6000 5.5454
    endloop
endfacet
facet normal -0.1020 48.0000 9.4868
    outer loop
        vertex 0.2088 19.2000 5.5862
        vertex 0.4141 17.6000 5.5454
        vertex 0.4141 19.2000 5.5454
    endloop
endfacet
facet normal -0.1020 48.0000 9.4868
    outer loop
        vertex 0.4141 17.6000 5.5454
        vertex 0.2088 19.2000 5.5862
        vertex 0.2088 17.6000 5.5862
    endloop
endfacet
facet normal -0.0344 48.0000 9.4780
    outer loop
        vertex 0.0000 19.2000 5.6000
        vertex 0.2088 17.6000 5.5862
        vertex 0.2088 19.2000 5.5862
    endloop
endfacet
facet normal -0.0344 48.0000 9.4780
    outer loop
        vertex 0.2088 17.6000 5.5862
        vertex 0.0000 19.2000 5.6000
        vertex 0.0000 17.6000 5.6000
    endloop
endfacet
facet normal 0.0344 48.0000 9.4780
    outer loop
        vertex -0.2088 19.2000 5.5862
        vertex 0.0000 17.6000 5.6000
        vertex 0.0000 19.2000 5.6000
    endloop
endfacet
facet normal 0.0344 48.0000 9.4780
    outer loop
        vertex 0.0000 17.6000 5.6000
        vertex -0.2088 19.2000 5.5862
        vertex -0.2088 17.6000 5.5862
    endloop
endfacet
facet normal 0.1020 48.0000 9.4868
    outer loop
        vertex -0.4141 19.2000 5.5454
        vertex -0.2088 17.6000 5.5862
        vertex -0.2088 19.2000 5.5862
    endloop
endfacet
facet normal 0.1020 48.0000 9.4868
    outer loop
        vertex -0.2088 17.6000 5.5862
        vertex -0.4141 19.2000 5.5454
        vertex -0.4141 17.6000 5.5454
    endloop
endfacet
facet normal 0.1680 48.0000 9.5044
    outer loop
        vertex -0.6123 19.2000 5.4782
        vertex -0.4141 17.6000 5.5454
        vertex -0.4141 19.2000 5.5454
    endloop
endfacet
facet normal 0.1680 48.0000 9.5044
    outer loop
        vertex -0.4141 17.6000 5.5454
        vertex -0.6123 19.2000 5.4782
        vertex -0.6123 17.6000 5.4782
    endloop
endfacet
facet normal 0.2316 48.0000 9.5308
    outer loop
        vertex -0.8000 19.2000 5.3856
        vertex -0.6123 17.6000 5.4782
        vertex -0.6123 19.2000 5.4782
    endloop
endfacet
facet normal 0.2316 48.0000 9.5308
    outer loop
        vertex -0.6123 17.6000 5.4782
        vertex -0.8000 19.2000 5.3856
        vertex -0.8000 17.6000 5.3856
    endloop
endfacet
facet normal 0.2904 48.0000 9.5648
    outer loop
        vertex -0.9741 19.2000 5.2694
        vertex -0.8000 17.6000 5.3856
        vertex -0.8000 19.2000 5.3856
    endloop
endfacet
facet normal 0.2904 48.0000 9.5648
    outer loop
        vertex -0.8000 17.6000 5.3856
        vertex -0.9741 19.2000 5.2694
        vertex -0.9741 17.6000 5.2694
    endloop
endfacet
facet normal 0.3452 48.0000 9.6068
    outer loop
        vertex -1.1314 19.2000 5.1314
        vertex -0.9741 17.6000 5.2694
        vertex -0.9741 19.2000 5.2694
    endloop
endfacet
facet normal 0.3452 48.0000 9.6068
    outer loop
        vertex -0.9741 17.6000 5.2694
        vertex -1.1314 19.2000 5.1314
        vertex -1.1314 17.6000 5.1314
    endloop
endfacet
facet normal 0.3932 48.0000 9.6548
    outer loop
        vertex -1.2694 19.2000 4.9741
        vertex -1.1314 17.6000 5.1314
        vertex -1.1314 19.2000 5.1314
    endloop
endfacet
facet normal 0.3932 48.0000 9.6548
    outer loop
        vertex -1.1314 17.6000 5.1314
        vertex -1.2694 19.2000 4.9741
        vertex -1.2694 17.6000 4.9741
    endloop
endfacet
facet normal 0.4352 48.0000 9.7096
    outer loop
        vertex -1.3856 19.2000 4.8000
        vertex -1.2694 17.6000 4.9741
        vertex -1.2694 19.2000 4.9741
    endloop
endfacet
facet normal 0.4352 48.0000 9.7096
    outer loop
        vertex -1.2694 17.6000 4.9741
        vertex -1.3856 19.2000 4.8000
        vertex -1.3856 17.6000 4.8000
    endloop
endfacet
facet normal 0.4692 48.0000 9.7684
    outer loop
        vertex -1.4782 19.2000 4.6123
        vertex -1.3856 17.6000 4.8000
        vertex -1.3856 19.2000 4.8000
    endloop
endfacet
facet normal 0.4692 48.0000 9.7684
    outer loop
        vertex -1.3856 17.6000 4.8000
        vertex -1.4782 19.2000 4.6123
        vertex -1.4782 17.6000 4.6123
    endloop
endfacet
facet normal 0.4956 48.0000 9.8320
    outer loop
        vertex -1.5454 19.2000 4.4141
        vertex -1.4782 17.6000 4.6123
        vertex -1.4782 19.2000 4.6123
    endloop
endfacet
facet normal 0.4956 48.0000 9.8320
    outer loop
        vertex -1.4782 17.6000 4.6123
        vertex -1.5454 19.2000 4.4141
        vertex -1.5454 17.6000 4.4141
    endloop
endfacet
facet normal 0.5132 48.0000 9.8980
    outer loop
        vertex -1.5862 19.2000 4.2088
        vertex -1.5454 17.6000 4.4141
        vertex -1.5454 19.2000 4.4141
    endloop
endfacet
facet normal 0.5132 48.0000 9.8980
    outer loop
        vertex -1.5454 17.6000 4.4141
        vertex -1.5862 19.2000 4.2088
        vertex -1.5862 17.6000 4.2088
    endloop
endfacet
facet normal 0.5220 48.0000 9.9656
    outer loop
        vertex -1.6000 19.2000 4.0000
        vertex -1.5862 17.6000 4.2088
        vertex -1.5862 19.2000 4.2088
    endloop
endfacet
facet normal 0.5220 48.0000 9.9656
    outer loop
        vertex -1.5862 17.6000 4.2088
        vertex -1.6000 19.2000 4.0000
        vertex -1.6000 17.6000 4.0000
    endloop
endfacet
facet normal 0.5220 48.0000 10.0344
    outer loop
        vertex -1.5862 19.2000 3.7912
        vertex -1.6000 17.6000 4.0000
        vertex -1.6000 19.2000 4.0000
    endloop
endfacet
facet normal 0.5220 48.0000 10.0344
    outer loop
        vertex -1.6000 17.6000 4.0000
        vertex -1.5862 19.2000 3.7912
        vertex -1.5862 17.6000 3.7912
    endloop
endfacet
facet normal 0.5132 48.0000 10.1020
    outer loop
        vertex -1.5454 19.2000 3.5859
        vertex -1.5862 17.6000 3.7912
        vertex -1.5862 19.2000 3.7912
    endloop
endfacet
facet normal 0.5132 48.0000 10.1020
    outer loop
        vertex -1.5862 17.6000 3.7912
        vertex -1.5454 19.2000 3.5859
        vertex -1.5454 17.6000 3.5859
    endloop
endfacet
facet normal 0.4956 48.0000 10.1680
    outer loop
        vertex -1.4782 19.2000 3.3877
        vertex -1.5454 17.6000 3.5859
        vertex -1.5454 19.2000 3.5859
    endloop
endfacet
facet normal 0.4956 48.0000 10.1680
    outer loop
        vertex -1.5454 17.6000 3.5859
        vertex -1.4782 19.2000 3.3877
        vertex -1.4782 17.6000 3.3877
    endloop
endfacet
facet normal 0.4692 48.0000 10.2316
    outer loop
        vertex -1.3856 19.2000 3.2000
        vertex -1.4782 17.6000 3.3877
        vertex -1.4782 19.2000 3.3877
    endloop
endfacet
facet normal 0.4692 48.0000 10.2316
    outer loop
        vertex -1.4782 17.6000 3.3877
        vertex -1.3856 19.2000 3.2000
        vertex -1.3856 17.6000 3.2000
    endloop
endfacet
facet normal 0.4352 48.0000 10.2904
    outer loop
        vertex -1.2694 19.2000 3.0259
        vertex -1.3856 17.6000 3.2000
        vertex -1.3856 19.2000 3.2000
    endloop
endfacet
facet normal 0.4352 48.0000 10.2904
    outer loop
        vertex -1.3856 17.6000 3.2000
        vertex -1.2694 19.2000 3.0259
        vertex -1.2694 17.6000 3.0259
    endloop
endfacet
facet normal 0.3932 48.0000 10.3452
    outer loop
        vertex -1.1314 19.2000 2.8686
        vertex -1.2694 17.6000 3.0259
        vertex -1.2694 19.2000 3.0259
    endloop
endfacet
facet normal 0.3932 48.0000 10.3452
    outer loop
        vertex -1.2694 17.6000 3.0259
        vertex -1.1314 19.2000 2.8686
        vertex -1.1314 17.6000 2.8686
    endloop
endfacet
facet normal 0.3452 48.0000 10.3932
    outer loop
        vertex -0.9741 19.2000 2.7306
        vertex -1.1314 17.6000 2.8686
        vertex -1.1314 19.2000 2.8686
    endloop
endfacet
facet normal 0.3452 48.0000 10.3932
    outer loop
        vertex -1.1314 17.6000 2.8686
        vertex -0.9741 19.2000 2.7306
        vertex -0.9741 17.6000 2.7306
    endloop
endfacet
facet normal 0.2904 48.0000 10.4352
    outer loop
        vertex -0.8000 19.2000 2.6144
        vertex -0.9741 17.6000 2.7306
        vertex -0.9741 19.2000 2.7306
    endloop
endfacet
facet normal 0.2904 48.0000 10.4352
    outer loop
        vertex -0.9741 17.6000 2.7306
        vertex -0.8000 19.2000 2.6144
        vertex -0.8000 17.6000 2.6144
    endloop
endfacet
facet normal 0.2316 48.0000 10.4692
    outer loop
        vertex -0.6123 19.2000 2.5218
        vertex -0.8000 17.6000 2.6144
        vertex -0.8000 19.2000 2.6144
    endloop
endfacet
facet normal 0.2316 48.0000 10.4692
    outer loop
        vertex -0.8000 17.6000 2.6144
        vertex -0.6123 19.2000 2.5218
        vertex -0.6123 17.6000 2.5218
    endloop
endfacet
facet normal 0.1680 48.0000 10.4956
    outer loop
        vertex -0.4141 19.2000 2.4546
        vertex -0.6123 17.6000 2.5218
        vertex -0.6123 19.2000 2.5218
    endloop
endfacet
facet normal 0.1680 48.0000 10.4956
    outer loop
        vertex -0.6123 17.6000 2.5218
        vertex -0.4141 19.2000 2.4546
        vertex -0.4141 17.6000 2.4546
    endloop
endfacet
facet normal 0.1020 48.0000 10.5132
    outer loop
        vertex -0.2088 19.2000 2.4138
        vertex -0.4141 17.6000 2.4546
        vertex -0.4141 19.2000 2.4546
    endloop
endfacet
facet normal 0.1020 48.0000 10.5132
    outer loop
        vertex -0.4141 17.6000 2.4546
        vertex -0.2088 19.2000 2.4138
        vertex -0.2088 17.6000 2.4138
    endloop
endfacet
facet normal 0.0344 48.0000 10.5220
    outer loop
        vertex 0.0000 19.2000 2.4000
        vertex -0.2088 17.6000 2.4138
        vertex -0.2088 19.2000 2.4138
    endloop
endfacet
facet normal 0.0344 48.0000 10.5220
    outer loop
        vertex -0.2088 17.6000 2.4138
        vertex 0.0000 19.2000 2.4000
        vertex 0.0000 17.6000 2.4000
    endloop
endfacet
facet normal -0.0344 48.0000 10.5220
    outer loop
        vertex 0.2088 19.2000 2.4138
        vertex 0.0000 17.6000 2.4000
        vertex 0.0000 19.2000 2.4000
    endloop
endfacet
facet normal -0.0344 48.0000 10.5220
    outer loop
        vertex 0.0000 17.6000 2.4000
        vertex 0.2088 19.2000 2.4138
        vertex 0.2088 17.6000 2.4138
    endloop
endfacet
facet normal -0.1020 48.0000 10.5132
    outer loop
        vertex 0.4141 19.2000 2.4546
        vertex 0.2088 17.6000 2.4138
        vertex 0.2088 19.2000 2.4138
    endloop
endfacet
facet normal -0.1020 48.0000 10.5132
    outer loop
        vertex 0.2088 17.6000 2.4138
        vertex 0.4141 19.2000 2.4546
        vertex 0.4141 17.6000 2.4546
    endloop
endfacet
facet normal -0.1680 48.0000 10.4956
    outer loop
        vertex 0.6123 19.2000 2.5218
        vertex 0.4141 17.6000 2.4546
        vertex 0.4141 19.2000 2.4546
    endloop
endfacet
facet normal -0.1680 48.0000 10.4956
    outer loop
        vertex 0.4141 17.6000 2.4546
        vertex 0.6123 19.2000 2.5218
        vertex 0.6123 17.6000 2.5218
    endloop
endfacet
facet normal -0.2316 48.0000 10.4692
    outer loop
        vertex 0.8000 19.2000 2.6144
        vertex 0.6123 17.6000 2.5218
        vertex 0.6123 19.2000 2.5218
    endloop
endfacet
facet normal -0.2316 48.0000 10.4692
    outer loop
        vertex 0.6123 17.6000 2.5218
        vertex 0.8000 19.2000 2.6144
        vertex 0.8000 17.6000 2.6144
    endloop
endfacet
facet normal -0.2904 48.0000 10.4352
    outer loop
        vertex 0.9741 19.2000 2.7306
        vertex 0.8000 17.6000 2.6144
        vertex 0.8000 19.2000 2.6144
    endloop
endfacet
facet normal -0.2904 48.0000 10.4352
    outer loop
        vertex 0.8000 17.6000 2.6144
        vertex 0.9741 19.2000 2.7306
        vertex 0.9741 17.6000 2.7306
    endloop
endfacet
facet normal -0.3452 48.0000 10.3932
    outer loop
        vertex 1.1314 19.2000 2.8686
        vertex 0.9741 17.6000 2.7306
        vertex 0.9741 19.2000 2.7306
    endloop
endfacet
facet normal -0.3452 48.0000 10.3932
    outer loop
        vertex 0.9741 17.6000 2.7306
        vertex 1.1314 19.2000 2.8686
        vertex 1.1314 17.6000 2.8686
    endloop
endfacet
facet normal -0.3932 48.0000 10.3452
    outer loop
        vertex 1.2694 19.2000 3.0259
        vertex 1.1314 17.6000 2.8686
        vertex 1.1314 19.2000 2.8686
    endloop
endfacet
facet normal -0.3932 48.0000 10.3452
    outer loop
        vertex 1.1314 17.6000 2.8686
        vertex 1.2694 19.2000 3.0259
        vertex 1.2694 17.6000 3.0259
    endloop
endfacet
facet normal -0.4352 48.0000 10.2904
    outer loop
        vertex 1.3856 19.2000 3.2000
        vertex 1.2694 17.6000 3.0259
        vertex 1.2694 19.2000 3.0259
    endloop
endfacet
facet normal -0.4352 48.0000 10.2904
    outer loop
        vertex 1.2694 17.6000 3.0259
        vertex 1.3856 19.2000 3.2000
        vertex 1.3856 17.6000 3.2000
    endloop
endfacet
facet normal -0.4692 48.0000 10.2316
    outer loop
        vertex 1.4782 19.2000 3.3877
        vertex 1.3856 17.6000 3.2000
        vertex 1.3856 19.2000 3.2000
    endloop
endfacet
facet normal -0.4692 48.0000 10.2316
    outer loop
        vertex 1.3856 17.6000 3.2000
        vertex 1.4782 19.2000 3.3877
        vertex 1.4782 17.6000 3.3877
    endloop
endfacet
facet normal -0.4956 48.0000 10.1680
    outer loop
        vertex 1.5454 19.2000 3.5859
        vertex 1.4782 17.6000 3.3877
        vertex 1.4782 19.2000 3.3877
    endloop
endfacet
facet normal -0.4956 48.0000 10.1680
    outer loop
        vertex 1.4782 17.6000 3.3877
        vertex 1.5454 19.2000 3.5859
        vertex 1.5454 17.6000 3.5859
    endloop
endfacet
facet normal -0.5132 48.0000 10.1020
    outer loop
        vertex 1.5862 19.2000 3.7912
        vertex 1.5454 17.6000 3.5859
        vertex 1.5454 19.2000 3.5859
    endloop
endfacet
facet normal -0.5132 48.0000 10.1020
    outer loop
        vertex 1.5454 17.6000 3.5859
        vertex 1.5862 19.2000 3.7912
        vertex 1.5862 17.6000 3.7912
    endloop
endfacet
facet normal -0.5220 48.0000 10.0344
    outer loop
        vertex 1.6000 19.2000 4.0000
        vertex 1.5862 17.6000 3.7912
        vertex 1.5862 19.2000 3.7912
    endloop
endfacet
facet normal -0.5220 48.0000 10.0344
    outer loop
        vertex 1.5862 17.6000 3.7912
        vertex 1.6000 19.2000 4.0000
        vertex 1.6000 17.6000 4.0000
    endloop
endfacet
facet normal 0.0000 47.8695 -10.0000
    outer loop
        vertex 0.0000 19.2000 -4.0000
        vertex 1.5862 19.2000 -3.7912
        vertex 1.6000 19.2000 -4.0000
    endloop
endfacet
facet normal 0.0000 47.8695 -10.0000
    outer loop
        vertex 0.0000 19.2000 -4.0000
        vertex 1.5454 19.2000 -3.5859
        vertex 1.5862 19.2000 -3.7912
    endloop
endfacet
facet normal 0.0000 47.8695 -10.0000
    outer loop
        vertex 0.0000 19.2000 -4.0000
        vertex 1.4782 19.2000 -3.3877
        vertex 1.5454 19.2000 -3.5859
    endloop
endfacet
facet normal 0.0000 47.8695 -10.0000
    outer loop
        vertex 0.0000 19.2000 -4.0000
        vertex 1.3856 19.2000 -3.2000
        vertex 1.4782 19.2000 -3.3877
    endloop
endfacet
facet normal 0.0000 47.8695 -10.0000
    outer loop
        vertex 0.0000 19.2000 -4.0000
        vertex 1.2694 19.2000 -3.0259
        vertex 1.3856 19.2000 -3.2000
    endloop
endfacet
facet normal 0.0000 47.8695 -10.0000
    outer loop
        vertex 0.0000 19.2000 -4.0000
        vertex 1.1314 19.2000 -2.8686
        vertex 1.2694 19.2000 -3.0259
    endloop
endfacet
facet normal 0.0000 47.8695 -10.0000
    outer loop
        vertex 0.0000 19.2000 -4.0000
        vertex 0.9741 19.2000 -2.7306
        vertex 1.1314 19.2000 -2.8686
    endloop
endfacet
facet normal 0.0000 47.8695 -10.0000
    outer loop
        vertex 0.0000 19.2000 -4.0000
        vertex 0.8000 19.2000 -2.6144
        vertex 0.9741 19.2000 -2.7306
    endloop
endfacet
facet normal 0.0000 47.8695 -10.0000
    outer loop
        vertex 0.0000 19.2000 -4.0000
        vertex 0.6123 19.2000 -2.5218
        vertex 0.8000 19.2000 -2.6144
    endloop
endfacet
facet normal 0.0000 47.8695 -10.0000
    outer loop
        vertex 0.0000 19.2000 -4.0000
        vertex 0.4141 19.2000 -2.4546
        vertex 0.6123 19.2000 -2.5218
    endloop
endfacet
facet normal 0.0000 47.8695 -10.0000
    outer loop
        vertex 0.0000 19.2000 -4.0000
        vertex 0.2088 19.2000 -2.4138
        vertex 0.4141 19.2000 -2.4546
    endloop
endfacet
facet normal 0.0000 47.8695 -10.0000
    outer loop
        vertex 0.0000 19.2000 -4.0000
        vertex 0.0000 19.2000 -2.4000
        vertex 0.2088 19.2000 -2.4138
    endloop
endfacet
facet normal 0.0000 47.8695 -10.0000
    outer loop
        vertex 0.0000 19.2000 -4.0000
        vertex -0.2088 19.2000 -2.4138
        vertex 0.0000 19.2000 -2.4000
    endloop
endfacet
facet normal 0.0000 47.8695 -10.0000
    outer loop
        vertex 0.0000 19.2000 -4.0000
        vertex -0.4141 19.2000 -2.4546
        vertex -0.2088 19.2000 -2.4138
    endloop
endfacet
facet normal 0.0000 47.8695 -10.0000
    outer loop
        vertex 0.0000 19.2000 -4.0000
        vertex -0.6123 19.2000 -2.5218
        vertex -0.4141 19.2000 -2.4546
    endloop
endfacet
facet normal 0.0000 47.8695 -10.0000
    outer loop
        vertex 0.0000 19.2000 -4.0000
        vertex -0.8000 19.2000 -2.6144
        vertex -0.6123 19.2000 -2.5218
    endloop
endfacet
facet normal 0.0000 47.8695 -10.0000
    outer loop
        vertex 0.0000 19.2000 -4.0000
        vertex -0.9741 19.2000 -2.7306
        vertex -0.8000 19.2000 -2.6144
    endloop
endfacet
facet normal 0.0000 47.8695 -10.0000
    outer loop
        vertex 0.0000 19.2000 -4.0000
        vertex -1.1314 19.2000 -2.8686
        vertex -0.9741 19.2000 -2.7306
    endloop
endfacet
facet normal 0.0000 47.8695 -10.0000
    outer loop
        vertex 0.0000 19.2000 -4.0000
        vertex -1.2694 19.2000 -3.0259
        vertex -1.1314 19.2000 -2.8686
    endloop
endfacet
facet normal 0.0000 47.8695 -10.0000
    outer loop
        vertex 0.0000 19.2000 -4.0000
        vertex -1.3856 19.2000 -3.2000
        vertex -1.2694 19.2000 -3.0259
    endloop
endfacet
facet normal 0.0000 47.8695 -10.0000
    outer loop
        vertex 0.0000 19.2000 -4.0000
        vertex -1.4782 19.2000 -3.3877
        vertex -1.3856 19.2000 -3.2000
    endloop
endfacet
facet normal 0.0000 47.8695 -10.0000
    outer loop
        vertex 0.0000 19.2000 -4.0000
        vertex -1.5454 19.2000 -3.5859
        vertex -1.4782 19.2000 -3.3877
    endloop
endfacet
facet normal 0.0000 47.8695 -10.0000
    outer loop
        vertex 0.0000 19.2000 -4.0000
        vertex -1.5862 19.2000 -3.7912
        vertex -1.5454 19.2000 -3.5859
    endloop
endfacet
facet normal 0.0000 47.8695 -10.0000
    outer loop
        vertex 0.0000 19.2000 -4.0000
        vertex -1.6000 19.2000 -4.0000
        vertex -1.5862 19.2000 -3.7912
    endloop
endfacet
facet normal 0.0000 47.8695 -10.0000
    outer loop
        vertex 0.0000 19.2000 -4.0000
        vertex -1.5862 19.2000 -4.2088
        vertex -1.6000 19.2000 -4.0000
    endloop
endfacet
facet normal 0.0000 47.8695 -10.0000
    outer loop
        vertex 0.0000 19.2000 -4.0000
        vertex -1.5454 19.2000 -4.4141
        vertex -1.5862 19.2000 -4.2088
    endloop
endfacet
facet normal 0.0000 47.8695 -10.0000
    outer loop
        vertex 0.0000 19.2000 -4.0000
        vertex -1.4782 19.2000 -4.6123
        vertex -1.5454 19.2000 -4.4141
    endloop
endfacet
facet normal 0.0000 47.8695 -10.0000
    outer loop
        vertex 0.0000 19.2000 -4.0000
        vertex -1.3856 19.2000 -4.8000
        vertex -1.4782 19.2000 -4.6123
    endloop
endfacet
facet normal 0.0000 47.8695 -10.0000
    outer loop
        vertex 0.0000 19.2000 -4.0000
        vertex -1.2694 19.2000 -4.9741
        vertex -1.3856 19.2000 -4.8000
    endloop
endfacet
facet normal 0.0000 47.8695 -10.0000
    outer loop
        vertex 0.0000 19.2000 -4.0000
        vertex -1.1314 19.2000 -5.1314
        vertex -1.2694 19.2000 -4.9741
    endloop
endfacet
facet normal 0.0000 47.8695 -10.0000
    outer loop
        vertex 0.0000 19.2000 -4.0000
        vertex -0.9741 19.2000 -5.2694
        vertex -1.1314 19.2000 -5.1314
    endloop
endfacet
facet normal 0.0000 47.8695 -10.0000
    outer loop
        vertex 0.0000 19.2000 -4.0000
        vertex -0.8000 19.2000 -5.3856
        vertex -0.9741 19.2000 -5.2694
    endloop
endfacet
facet normal 0.0000 47.8695 -10.0000
    outer loop
        vertex 0.0000 19.2000 -4.0000
        vertex -0.6123 19.2000 -5.4782
        vertex -0.8000 19.2000 -5.3856
    endloop
endfacet
facet normal 0.0000 47.8695 -10.0000
    outer loop
        vertex 0.0000 19.2000 -4.0000
        vertex -0.4141 19.2000 -5.5454
        vertex -0.6123 19.2000 -5.4782
    endloop
endfacet
facet normal 0.0000 47.8695 -10.0000
    outer loop
        vertex 0.0000 19.2000 -4.0000
        vertex -0.2088 19.2000 -5.5862
        vertex -0.4141 19.2000 -5.5454
    endloop
endfacet
facet normal 0.0000 47.8695 -10.0000
    outer loop
        vertex 0.0000 19.2000 -4.0000
        vertex 0.0000 19.2000 -5.6000
        vertex -0.2088 19.2000 -5.5862
    endloop
endfacet
facet normal 0.0000 47.8695 -10.0000
    outer loop
        vertex 0.0000 19.2000 -4.0000
        vertex 0.2088 19.2000 -5.5862
        vertex 0.0000 19.2000 -5.6000
    endloop
endfacet
facet normal 0.0000 47.8695 -10.0000
    outer loop
        vertex 0.0000 19.2000 -4.0000
        vertex 0.4141 19.2000 -5.5454
        vertex 0.2088 19.2000 -5.5862
    endloop
endfacet
facet normal 0.0000 47.8695 -10.0000
    outer loop
        vertex 0.0000 19.2000 -4.0000
        vertex 0.6123 19.2000 -5.4782
        vertex 0.4141 19.2000 -5.5454
    endloop
endfacet
facet normal 0.0000 47.8695 -10.0000
    outer loop
        vertex 0.0000 19.2000 -4.0000
        vertex 0.8000 19.2000 -5.3856
        vertex 0.6123 19.2000 -5.4782
    endloop
endfacet
facet normal 0.0000 47.8695 -10.0000
    outer loop
        vertex 0.0000 19.2000 -4.0000
        vertex 0.9741 19.2000 -5.2694
        vertex 0.8000 19.2000 -5.3856
    endloop
endfacet
facet normal 0.0000 47.8695 -10.0000
    outer loop
        vertex 0.0000 19.2000 -4.0000
        vertex 1.1314 19.2000 -5.1314
        vertex 0.9741 19.2000 -5.2694
    endloop
endfacet
facet normal 0.0000 47.8695 -10.0000
    outer loop
        vertex 0.0000 19.2000 -4.0000
        vertex 1.2694 19.2000 -4.9741
        vertex 1.1314 19.2000 -5.1314
    endloop
endfacet
facet normal 0.0000 47.8695 -10.0000
    outer loop
        vertex 0.0000 19.2000 -4.0000
        vertex 1.3856 19.2000 -4.8000
        vertex 1.2694 19.2000 -4.9741
    endloop
endfacet
facet normal 0.0000 47.8695 -10.0000
    outer loop
        vertex 0.0000 19.2000 -4.0000
        vertex 1.4782 19.2000 -4.6123
        vertex 1.3856 19.2000 -4.8000
    endloop
endfacet
facet normal 0.0000 47.8695 -10.0000
    outer loop
        vertex 0.0000 19.2000 -4.0000
        vertex 1.5454 19.2000 -4.4141
        vertex 1.4782 19.2000 -4.6123
    endloop
endfacet
facet normal 0.0000 47.8695 -10.0000
    outer loop
        vertex 0.0000 19.2000 -4.0000
        vertex 1.5862 19.2000 -4.2088
        vertex 1.5454 19.2000 -4.4141
    endloop
endfacet
facet normal 0.0000 47.8695 -10.0000
    outer loop
        vertex 0.0000 19.2000 -4.0000
        vertex 1.6000 19.2000 -4.0000
        vertex 1.5862 19.2000 -4.2088
    endloop
endfacet
facet normal -0.5220 48.0000 -10.0344
    outer loop
        vertex 1.5862 19.2000 -3.7912
        vertex 1.6000 17.6000 -4.0000
        vertex 1.6000 19.2000 -4.0000
    endloop
endfacet
facet normal -0.5220 48.0000 -10.0344
    outer loop
        vertex 1.6000 17.6000 -4.0000
        vertex 1.5862 19.2000 -3.7912
        vertex 1.5862 17.6000 -3.7912
    endloop
endfacet
facet normal -0.5132 48.0000 -10.1020
    outer loop
        vertex 1.5454 19.2000 -3.5859
        vertex 1.5862 17.6000 -3.7912
        vertex 1.5862 19.2000 -3.7912
    endloop
endfacet
facet normal -0.5132 48.0000 -10.1020
    outer loop
        vertex 1.5862 17.6000 -3.7912
        vertex 1.5454 19.2000 -3.5859
        vertex 1.5454 17.6000 -3.5859
    endloop
endfacet
facet normal -0.4956 48.0000 -10.1680
    outer loop
        vertex 1.4782 19.2000 -3.3877
        vertex 1.5454 17.6000 -3.5859
        vertex 1.5454 19.2000 -3.5859
    endloop
endfacet
facet normal -0.4956 48.0000 -10.1680
    outer loop
        vertex 1.5454 17.6000 -3.5859
        vertex 1.4782 19.2000 -3.3877
        vertex 1.4782 17.6000 -3.3877
    endloop
endfacet
facet normal -0.4692 48.0000 -10.2316
    outer loop
        vertex 1.3856 19.2000 -3.2000
        vertex 1.4782 17.6000 -3.3877
        vertex 1.4782 19.2000 -3.3877
    endloop
endfacet
facet normal -0.4692 48.0000 -10.2316
    outer loop
        vertex 1.4782 17.6000 -3.3877
        vertex 1.3856 19.2000 -3.2000
        vertex 1.3856 17.6000 -3.2000
    endloop
endfacet
facet normal -0.4352 48.0000 -10.2904
    outer loop
        vertex 1.2694 19.2000 -3.0259
        vertex 1.3856 17.6000 -3.2000
        vertex 1.3856 19.2000 -3.2000
    endloop
endfacet
facet normal -0.4352 48.0000 -10.2904
    outer loop
        vertex 1.3856 17.6000 -3.2000
        vertex 1.2694 19.2000 -3.0259
        vertex 1.2694 17.6000 -3.0259
    endloop
endfacet
facet normal -0.3932 48.0000 -10.3452
    outer loop
        vertex 1.1314 19.2000 -2.8686
        vertex 1.2694 17.6000 -3.0259
        vertex 1.2694 19.2000 -3.0259
    endloop
endfacet
facet normal -0.3932 48.0000 -10.3452
    outer loop
        vertex 1.2694 17.6000 -3.0259
        vertex 1.1314 19.2000 -2.8686
        vertex 1.1314 17.6000 -2.8686
    endloop
endfacet
facet normal -0.3452 48.0000 -10.3932
    outer loop
        vertex 0.9741 19.2000 -2.7306
        vertex 1.1314 17.6000 -2.8686
        vertex 1.1314 19.2000 -2.8686
    endloop
endfacet
facet normal -0.3452 48.0000 -10.3932
    outer loop
        vertex 1.1314 17.6000 -2.8686
        vertex 0.9741 19.2000 -2.7306
        vertex 0.9741 17.6000 -2.7306
    endloop
endfacet
facet normal -0.2904 48.0000 -10.4352
    outer loop
        vertex 0.8000 19.2000 -2.6144
        vertex 0.9741 17.6000 -2.7306
        vertex 0.9741 19.2000 -2.7306
    endloop
endfacet
facet normal -0.2904 48.0000 -10.4352
    outer loop
        vertex 0.9741 17.6000 -2.7306
        vertex 0.8000 19.2000 -2.6144
        vertex 0.8000 17.6000 -2.6144
    endloop
endfacet
facet normal -0.2316 48.0000 -10.4692
    outer loop
        vertex 0.6123 19.2000 -2.5218
        vertex 0.8000 17.6000 -2.6144
        vertex 0.8000 19.2000 -2.6144
    endloop
endfacet
facet normal -0.2316 48.0000 -10.4692
    outer loop
        vertex 0.8000 17.6000 -2.6144
        vertex 0.6123 19.2000 -2.5218
        vertex 0.6123 17.6000 -2.5218
    endloop
endfacet
facet normal -0.1680 48.0000 -10.4956
    outer loop
        vertex 0.4141 19.2000 -2.4546
        vertex 0.6123 17.6000 -2.5218
        vertex 0.6123 19.2000 -2.5218
    endloop
endfacet
facet normal -0.1680 48.0000 -10.4956
    outer loop
        vertex 0.6123 17.6000 -2.5218
        vertex 0.4141 19.2000 -2.4546
        vertex 0.4141 17.6000 -2.4546
    endloop
endfacet
facet normal -0.1020 48.0000 -10.5132
    outer loop
        vertex 0.2088 19.2000 -2.4138
        vertex 0.4141 17.6000 -2.4546
        vertex 0.4141 19.2000 -2.4546
    endloop
endfacet
facet normal -0.1020 48.0000 -10.5132
    outer loop
        vertex 0.4141 17.6000 -2.4546
        vertex 0.2088 19.2000 -2.4138
        vertex 0.2088 17.6000 -2.4138
    endloop
endfacet
facet normal -0.0344 48.0000 -10.5220
    outer loop
        vertex 0.0000 19.2000 -2.4000
        vertex 0.2088 17.6000 -2.4138
        vertex 0.2088 19.2000 -2.4138
    endloop
endfacet
facet normal -0.0344 48.0000 -10.5220
    outer loop
        vertex 0.2088 17.6000 -2.4138
        vertex 0.0000 19.2000 -2.4000
        vertex 0.0000 17.6000 -2.4000
    endloop
endfacet
facet normal 0.0344 48.0000 -10.5220
    outer loop
        vertex -0.2088 19.2000 -2.4138
        vertex 0.0000 17.6000 -2.4000
        vertex 0.0000 19.2000 -2.4000
    endloop
endfacet
facet normal 0.0344 48.0000 -10.5220
    outer loop
        vertex 0.0000 17.6000 -2.4000
        vertex -0.2088 19.2000 -2.4138
        vertex -0.2088 17.6000 -2.4138
    endloop
endfacet
facet normal 0.1020 48.0000 -10.5132
    outer loop
        vertex -0.4141 19.2000 -2.4546
        vertex -0.2088 17.6000 -2.4138
        vertex -0.2088 19.2000 -2.4138
    endloop
endfacet
facet normal 0.1020 48.0000 -10.5132
    outer loop
        vertex -0.2088 17.6000 -2.4138
        vertex -0.4141 19.2000 -2.4546
        vertex -0.4141 17.6000 -2.4546
    endloop
endfacet
facet normal 0.1680 48.0000 -10.4956
    outer loop
        vertex -0.6123 19.2000 -2.5218
        vertex -0.4141 17.6000 -2.4546
        vertex -0.4141 19.2000 -2.4546
    endloop
endfacet
facet normal 0.1680 48.0000 -10.4956
    outer loop
        vertex -0.4141 17.6000 -2.4546
        vertex -0.6123 19.2000 -2.5218
        vertex -0.6123 17.6000 -2.5218
    endloop
endfacet
facet normal 0.2316 48.0000 -10.4692
    outer loop
        vertex -0.8000 19.2000 -2.6144
        vertex -0.6123 17.6000 -2.5218
        vertex -0.6123 19.2000 -2.5218
    endloop
endfacet
facet normal 0.2316 48.0000 -10.4692
    outer loop
        vertex -0.6123 17.6000 -2.5218
        vertex -0.8000 19.2000 -2.6144
        vertex -0.8000 17.6000 -2.6144
    endloop
endfacet
facet normal 0.2904 48.0000 -10.4352
    outer loop
        vertex -0.9741 19.2000 -2.7306
        vertex -0.8000 17.6000 -2.6144
        vertex -0.8000 19.2000 -2.6144
    endloop
endfacet
facet normal 0.2904 48.0000 -10.4352
    outer loop
        vertex -0.8000 17.6000 -2.6144
        vertex -0.9741 19.2000 -2.7306
        vertex -0.9741 17.6000 -2.7306
    endloop
endfacet
facet normal 0.3452 48.0000 -10.3932
    outer loop
        vertex -1.1314 19.2000 -2.8686
        vertex -0.9741 17.6000 -2.7306
        vertex -0.9741 19.2000 -2.7306
    endloop
endfacet
facet normal 0.3452 48.0000 -10.3932
    outer loop
        vertex -0.9741 17.6000 -2.7306
        vertex -1.1314 19.2000 -2.8686
        vertex -1.1314 17.6000 -2.8686
    endloop
endfacet
facet normal 0.3932 48.0000 -10.3452
    outer loop
        vertex -1.2694 19.2000 -3.0259
        vertex -1.1314 17.6000 -2.8686
        vertex -1.1314 19.2000 -2.8686
    endloop
endfacet
facet normal 0.3932 48.0000 -10.3452
    outer loop
        vertex -1.1314 17.6000 -2.8686
        vertex -1.2694 19.2000 -3.0259
        vertex -1.2694 17.6000 -3.0259
    endloop
endfacet
facet normal 0.4352 48.0000 -10.2904
    outer loop
        vertex -1.3856 19.2000 -3.2000
        vertex -1.2694 17.6000 -3.0259
        vertex -1.2694 19.2000 -3.0259
    endloop
endfacet
facet normal 0.4352 48.0000 -10.2904
    outer loop
        vertex -1.2694 17.6000 -3.0259
        vertex -1.3856 19.2000 -3.2000
        vertex -1.3856 17.6000 -3.2000
    endloop
endfacet
facet normal 0.4692 48.0000 -10.2316
    outer loop
        vertex -1.4782 19.2000 -3.3877
        vertex -1.3856 17.6000 -3.2000
        vertex -1.3856 19.2000 -3.2000
    endloop
endfacet
facet normal 0.4692 48.0000 -10.2316
    outer loop
        vertex -1.3856 17.6000 -3.2000
        vertex -1.4782 19.2000 -3.3877
        vertex -1.4782 17.6000 -3.3877
    endloop
endfacet
facet normal 0.4956 48.0000 -10.1680
    outer loop
        vertex -1.5454 19.2000 -3.5859
        vertex -1.4782 17.6000 -3.3877
        vertex -1.4782 19.2000 -3.3877
    endloop
endfacet
facet normal 0.4956 48.0000 -10.1680
    outer loop
        vertex -1.4782 17.6000 -3.3877
        vertex -1.5454 19.2000 -3.5859
        vertex -1.5454 17.6000 -3.5859
    endloop
endfacet
facet normal 0.5132 48.0000 -10.1020
    outer loop
        vertex -1.5862 19.2000 -3.7912
        vertex -1.5454 17.6000 -3.5859
        vertex -1.5454 19.2000 -3.5859
    endloop
endfacet
facet normal 0.5132 48.0000 -10.1020
    outer loop
        vertex -1.5454 17.6000 -3.5859
        vertex -1.5862 19.2000 -3.7912
        vertex -1.5862 17.6000 -3.7912
    endloop
endfacet
facet normal 0.5220 48.0000 -10.0344
    outer loop
        vertex -1.6000 19.2000 -4.0000
        vertex -1.5862 17.6000 -3.7912
        vertex -1.5862 19.2000 -3.7912
    endloop
endfacet
facet normal 0.5220 48.0000 -10.0344
    outer loop
        vertex -1.5862 17.6000 -3.7912
        vertex -1.6000 19.2000 -4.0000
        vertex -1.6000 17.6000 -4.0000
    endloop
endfacet
facet normal 0.5220 48.0000 -9.9656
    outer loop
        vertex -1.5862 19.2000 -4.2088
        vertex -1.6000 17.6000 -4.0000
        vertex -1.6000 19.2000 -4.0000
    endloop
endfacet
facet normal 0.5220 48.0000 -9.9656
    outer loop
        vertex -1.6000 17.6000 -4.0000
        vertex -1.5862 19.2000 -4.2088
        vertex -1.5862 17.6000 -4.2088
    endloop
endfacet
facet normal 0.5132 48.0000 -9.8980
    outer loop
        vertex -1.5454 19.2000 -4.4141
        vertex -1.5862 17.6000 -4.2088
        vertex -1.5862 19.2000 -4.2088
    endloop
endfacet
facet normal 0.5132 48.0000 -9.8980
    outer loop
        vertex -1.5862 17.6000 -4.2088
        vertex -1.5454 19.2000 -4.4141
        vertex -1.5454 17.6000 -4.4141
    endloop
endfacet
facet normal 0.4956 48.0000 -9.8320
    outer loop
        vertex -1.4782 19.2000 -4.6123
        vertex -1.5454 17.6000 -4.4141
        vertex -1.5454 19.2000 -4.4141
    endloop
endfacet
facet normal 0.4956 48.0000 -9.8320
    outer loop
        vertex -1.5454 17.6000 -4.4141
        vertex -1.4782 19.2000 -4.6123
        vertex -1.4782 17.6000 -4.6123
    endloop
endfacet
facet normal 0.4692 48.0000 -9.7684
    outer loop
        vertex -1.3856 19.2000 -4.8000
        vertex -1.4782 17.6000 -4.6123
        vertex -1.4782 19.2000 -4.6123
    endloop
endfacet
facet normal 0.4692 48.0000 -9.7684
    outer loop
        vertex -1.4782 17.6000 -4.6123
        vertex -1.3856 19.2000 -4.8000
        vertex -1.3856 17.6000 -4.8000
    endloop
endfacet
facet normal 0.4352 48.0000 -9.7096
    outer loop
        vertex -1.2694 19.2000 -4.9741
        vertex -1.3856 17.6000 -4.8000
        vertex -1.3856 19.2000 -4.8000
    endloop
endfacet
facet normal 0.4352 48.0000 -9.7096
    outer loop
        vertex -1.3856 17.6000 -4.8000
        vertex -1.2694 19.2000 -4.9741
        vertex -1.2694 17.6000 -4.9741
    endloop
endfacet
facet normal 0.3932 48.0000 -9.6548
    outer loop
        vertex -1.1314 19.2000 -5.1314
        vertex -1.2694 17.6000 -4.9741
        vertex -1.2694 19.2000 -4.9741
    endloop
endfacet
facet normal 0.3932 48.0000 -9.6548
    outer loop
        vertex -1.2694 17.6000 -4.9741
        vertex -1.1314 19.2000 -5.1314
        vertex -1.1314 17.6000 -5.1314
    endloop
endfacet
facet normal 0.3452 48.0000 -9.6068
    outer loop
        vertex -0.9741 19.2000 -5.2694
        vertex -1.1314 17.6000 -5.1314
        vertex -1.1314 19.2000 -5.1314
    endloop
endfacet
facet normal 0.3452 48.0000 -9.6068
    outer loop
        vertex -1.1314 17.6000 -5.1314
        vertex -0.9741 19.2000 -5.2694
        vertex -0.9741 17.6000 -5.2694
    endloop
endfacet
facet normal 0.2904 48.0000 -9.5648
    outer loop
        vertex -0.8000 19.2000 -5.3856
        vertex -0.9741 17.6000 -5.2694
        vertex -0.9741 19.2000 -5.2694
    endloop
endfacet
facet normal 0.2904 48.0000 -9.5648
    outer loop
        vertex -0.9741 17.6000 -5.2694
        vertex -0.8000 19.2000 -5.3856
        vertex -0.8000 17.6000 -5.3856
    endloop
endfacet
facet normal 0.2316 48.0000 -9.5308
    outer loop
        vertex -0.6123 19.2000 -5.4782
        vertex -0.8000 17.6000 -5.3856
        vertex -0.8000 19.2000 -5.3856
    endloop
endfacet
facet normal 0.2316 48.0000 -9.5308
    outer loop
        vertex -0.8000 17.6000 -5.3856
        vertex -0.6123 19.2000 -5.4782
        vertex -0.6123 17.6000 -5.4782
    endloop
endfacet
facet normal 0.1680 48.0000 -9.5044
    outer loop
        vertex -0.4141 19.2000 -5.5454
        vertex -0.6123 17.6000 -5.4782
        vertex -0.6123 19.2000 -5.4782
    endloop
endfacet
facet normal 0.1680 48.0000 -9.5044
    outer loop
        vertex -0.6123 17.6000 -5.4782
        vertex -0.4141 19.2000 -5.5454
        vertex -0.4141 17.6000 -5.5454
    endloop
endfacet
facet normal 0.1020 48.0000 -9.4868
    outer loop
        vertex -0.2088 19.2000 -5.5862
        vertex -0.4141 17.6000 -5.5454
        vertex -0.4141 19.2000 -5.5454
    endloop
endfacet
facet normal 0.1020 48.0000 -9.4868
    outer loop
        vertex -0.4141 17.6000 -5.5454
        vertex -0.2088 19.2000 -5.5862
        vertex -0.2088 17.6000 -5.5862
    endloop
endfacet
facet normal 0.0344 48.0000 -9.4780
    outer loop
        vertex 0.0000 19.2000 -5.6000
        vertex -0.2088 17.6000 -5.5862
        vertex -0.2088 19.2000 -5.5862
    endloop
endfacet
facet normal 0.0344 48.0000 -9.4780
    outer loop
        vertex -0.2088 17.6000 -5.5862
        vertex 0.0000 19.2000 -5.6000
        vertex 0.0000 17.6000 -5.6000
    endloop
endfacet
facet normal -0.0344 48.0000 -9.4780
    outer loop
        vertex 0.2088 19.2000 -5.5862
        vertex 0.0000 17.6000 -5.6000
        vertex 0.0000 19.2000 -5.6000
    endloop
endfacet
facet normal -0.0344 48.0000 -9.4780
    outer loop
        vertex 0.0000 17.6000 -5.6000
        vertex 0.2088 19.2000 -5.5862
        vertex 0.2088 17.6000 -5.5862
    endloop
endfacet
facet normal -0.1020 48.0000 -9.4868
    outer loop
        vertex 0.4141 19.2000 -5.5454
        vertex 0.2088 17.6000 -5.5862
        vertex 0.2088 19.2000 -5.5862
    endloop
endfacet
facet normal -0.1020 48.0000 -9.4868
    outer loop
        vertex 0.2088 17.6000 -5.5862
        vertex 0.4141 19.2000 -5.5454
        vertex 0.4141 17.6000 -5.5454
    endloop
endfacet
facet normal -0.1680 48.0000 -9.5044
    outer loop
        vertex 0.6123 19.2000 -5.4782
        vertex 0.4141 17.6000 -5.5454
        vertex 0.4141 19.2000 -5.5454
    endloop
endfacet
facet normal -0.1680 48.0000 -9.5044
    outer loop
        vertex 0.4141 17.6000 -5.5454
        vertex 0.6123 19.2000 -5.4782
        vertex 0.6123 17.6000 -5.4782
    endloop
endfacet
facet normal -0.2316 48.0000 -9.5308
    outer loop
        vertex 0.8000 19.2000 -5.3856
        vertex 0.6123 17.6000 -5.4782
        vertex 0.6123 19.2000 -5.4782
    endloop
endfacet
facet normal -0.2316 48.0000 -9.5308
    outer loop
        vertex 0.6123 17.6000 -5.4782
        vertex 0.8000 19.2000 -5.3856
        vertex 0.8000 17.6000 -5.3856
    endloop
endfacet
facet normal -0.2904 48.0000 -9.5648
    outer loop
        vertex 0.9741 19.2000 -5.2694
        vertex 0.8000 17.6000 -5.3856
        vertex 0.8000 19.2000 -5.3856
    endloop
endfacet
facet normal -0.2904 48.0000 -9.5648
    outer loop
        vertex 0.8000 17.6000 -5.3856
        vertex 0.9741 19.2000 -5.2694
        vertex 0.9741 17.6000 -5.2694
    endloop
endfacet
facet normal -0.3452 48.0000 -9.6068
    outer loop
        vertex 1.1314 19.2000 -5.1314
        vertex 0.9741 17.6000 -5.2694
        vertex 0.9741 19.2000 -5.2694
    endloop
endfacet
facet normal -0.3452 48.0000 -9.6068
    outer loop
        vertex 0.9741 17.6000 -5.2694
        vertex 1.1314 19.2000 -5.1314
        vertex 1.1314 17.6000 -5.1314
    endloop
endfacet
facet normal -0.3932 48.0000 -9.6548
    outer loop
        vertex 1.2694 19.2000 -4.9741
        vertex 1.1314 17.6000 -5.1314
        vertex 1.1314 19.2000 -5.1314
    endloop
endfacet
facet normal -0.3932 48.0000 -9.6548
    outer loop
        vertex 1.1314 17.6000 -5.1314
        vertex 1.2694 19.2000 -4.9741
        vertex 1.2694 17.6000 -4.9741
    endloop
endfacet
facet normal -0.4352 48.0000 -9.7096
    outer loop
        vertex 1.3856 19.2000 -4.8000
        vertex 1.2694 17.6000 -4.9741
        vertex 1.2694 19.2000 -4.9741
    endloop
endfacet
facet normal -0.4352 48.0000 -9.7096
    outer loop
        vertex 1.2694 17.6000 -4.9741
        vertex 1.3856 19.2000 -4.8000
        vertex 1.3856 17.6000 -4.8000
    endloop
endfacet
facet normal -0.4692 48.0000 -9.7684
    outer loop
        vertex 1.4782 19.2000 -4.6123
        vertex 1.3856 17.6000 -4.8000
        vertex 1.3856 19.2000 -4.8000
    endloop
endfacet
facet normal -0.4692 48.0000 -9.7684
    outer loop
        vertex 1.3856 17.6000 -4.8000
        vertex 1.4782 19.2000 -4.6123
        vertex 1.4782 17.6000 -4.6123
    endloop
endfacet
facet normal -0.4956 48.0000 -9.8320
    outer loop
        vertex 1.5454 19.2000 -4.4141
        vertex 1.4782 17.6000 -4.6123
        vertex 1.4782 19.2000 -4.6123
    endloop
endfacet
facet normal -0.4956 48.0000 -9.8320
    outer loop
        vertex 1.4782 17.6000 -4.6123
        vertex 1.5454 19.2000 -4.4141
        vertex 1.5454 17.6000 -4.4141
    endloop
endfacet
facet normal -0.5132 48.0000 -9.8980
    outer loop
        vertex 1.5862 19.2000 -4.2088
        vertex 1.5454 17.6000 -4.4141
        vertex 1.5454 19.2000 -4.4141
    endloop
endfacet
facet normal -0.5132 48.0000 -9.8980
    outer loop
        vertex 1.5454 17.6000 -4.4141
        vertex 1.5862 19.2000 -4.2088
        vertex 1.5862 17.6000 -4.2088
    endloop
endfacet
facet normal -0.5220 48.0000 -9.9656
    outer loop
        vertex 1.6000 19.2000 -4.0000
        vertex 1.5862 17.6000 -4.2088
        vertex 1.5862 19.2000 -4.2088
    endloop
endfacet
facet normal -0.5220 48.0000 -9.9656
    outer loop
        vertex 1.5862 17.6000 -4.2088
        vertex 1.6000 19.2000 -4.0000
        vertex 1.6000 17.6000 -4.0000
    endloop
endfacet
facet normal 0.0000 32.0000 10.0000
    outer loop
        vertex -22.4000 17.6000 6.4000
        vertex 22.4000 17.6000 6.4000
        vertex 22.4000 17.6000 1.6000
    endloop
endfacet
facet normal 0.0000 32.0000 10.0000
    outer loop
        vertex 22.4000 17.6000 1.6000
        vertex -22.4000 17.6000 1.6000
        vertex -22.4000 17.6000 6.4000
    endloop
endfacet
facet normal 0.0000 48.0000 22.0000
    outer loop
        vertex -22.4000 17.6000 6.4000
        vertex -22.4000 19.2000 6.4000
        vertex 22.4000 19.2000 6.4000
    endloop
endfacet
facet normal 0.0000 48.0000 22.0000
    outer loop
        vertex 22.4000 19.2000 6.4000
        vertex 22.4000 17.6000 6.4000
        vertex -22.4000 17.6000 6.4000
    endloop
endfacet
facet normal -112.0000 48.0000 10.0000
    outer loop
        vertex -22.4000 17.6000 1.6000
        vertex -22.4000 19.2000 1.6000
        vertex -22.4000 19.2000 6.4000
    endloop
endfacet
facet normal -112.0000 48.0000 10.0000
    outer loop
        vertex -22.4000 19.2000 6.4000
        vertex -22.4000 17.6000 6.4000
        vertex -22.4000 17.6000 1.6000
    endloop
endfacet
facet normal 0.0000 48.0000 -2.0000
    outer loop
        vertex 22.4000 17.6000 1.6000
        vertex 22.4000 19.2000 1.6000
        vertex -22.4000 19.2000 1.6000
    endloop
endfacet
facet normal 0.0000 48.0000 -2.0000
    outer loop
        vertex -22.4000 19.2000 1.6000
        vertex -22.4000 17.6000 1.6000
        vertex 22.4000 17.6000 1.6000
    endloop
endfacet
facet normal 112.0000 48.0000 10.0000
    outer loop
        vertex 22.4000 17.6000 6.4000
        vertex 22.4000 19.2000 6.4000
        vertex 22.4000 19.2000 1.6000
    endloop
endfacet
facet normal 112.0000 48.0000 10.0000
    outer loop
        vertex 22.4000 19.2000 1.6000
        vertex 22.4000 17.6000 1.6000
        vertex 22.4000 17.6000 6.4000
    endloop
endfacet
facet normal 0.0000 32.0000 -10.0000
    outer loop
        vertex -22.4000 17.6000 -1.6000
        vertex 22.4000 17.6000 -1.6000
        vertex 22.4000 17.6000 -6.4000
    endloop
endfacet
facet normal 0.0000 32.0000 -10.0000
    outer loop
        vertex 22.4000 17.6000 -6.4000
        vertex -22.4000 17.6000 -6.4000
        vertex -22.4000 17.6000 -1.6000
    endloop
endfacet
facet normal 0.0000 48.0000 2.0000
    outer loop
        vertex -22.4000 17.6000 -1.6000
        vertex -22.4000 19.2000 -1.6000
        vertex 22.4000 19.2000 -1.6000
    endloop
endfacet
facet normal 0.0000 48.0000 2.0000
    outer loop
        vertex 22.4000 19.2000 -1.6000
        vertex 22.4000 17.6000 -1.6000
        vertex -22.4000 17.6000 -1.6000
    endloop
endfacet
facet normal -112.0000 48.0000 -10.0000
    outer loop
        vertex -22.4000 17.6000 -6.4000
        vertex -22.4000 19.2000 -6.4000
        vertex -22.4000 19.2000 -1.6000
    endloop
endfacet
facet normal -112.0000 48.0000 -10.0000
    outer loop
        vertex -22.4000 19.2000 -1.6000
        vertex -22.4000 17.6000 -1.6000
        vertex -22.4000 17.6000 -6.4000
    endloop
endfacet
facet normal 0.0000 48.0000 -22.0000
    outer loop
        vertex 22.4000 17.6000 -6.4000
        vertex 22.4000 19.2000 -6.4000
        vertex -22.4000 19.2000 -6.4000
    endloop
endfacet
facet normal 0.0000 48.0000 -22.0000
    outer loop
        vertex -22.4000 19.2000 -6.4000
        vertex -22.4000 17.6000 -6.4000
        vertex 22.4000 17.6000 -6.4000
    endloop
endfacet
facet normal 112.0000 48.0000 -10.0000
    outer loop
        vertex 22.4000 17.6000 -1.6000
        vertex 22.4000 19.2000 -1.6000
        vertex 22.4000 19.2000 -6.4000
    endloop
endfacet
facet normal 112.0000 48.0000 -10.0000
    outer loop
        vertex 22.4000 19.2000 -6.4000
        vertex 22.4000 17.6000 -6.4000
        vertex 22.4000 17.6000 -1.6000
    endloop
endfacet
facet normal 0.0000 448.0000 0.0000
    outer loop
        vertex 24.0000 19.2000 8.0000
        vertex 22.4000 19.2000 6.4000
        vertex -22.4000 19.2000 6.4000
    endloop
endfacet
facet normal 0.0000 480.0000 0.0000
    outer loop
        vertex -22.4000 19.2000 6.4000
        vertex -24.0000 19.2000 8.0000
        vertex 24.0000 19.2000 8.0000
    endloop
endfacet
facet normal 0.0000 48.0000 0.0000
    outer loop
        vertex -24.0000 19.2000 8.0000
        vertex -22.4000 19.2000 6.4000
        vertex -22.4000 19.2000 1.6000
    endloop
endfacet
facet normal 0.0000 80.0000 0.0000
    outer loop
        vertex -22.4000 19.2000 1.6000
        vertex -24.0000 19.2000 0.0000
        vertex -24.0000 19.2000 8.0000
    endloop
endfacet
facet normal 0.0000 448.0000 0.0000
    outer loop
        vertex -24.0000 19.2000 0.0000
        vertex -22.4000 19.2000 1.6000
        vertex 22.4000 19.2000 1.6000
    endloop
endfacet
facet normal 0.0000 480.0000 0.0000
    outer loop
        vertex 22.4000 19.2000 1.6000
        vertex 24.0000 19.2000 0.0000
        vertex -24.0000 19.2000 0.0000
    endloop
endfacet
facet normal 0.0000 48.0000 0.0000
    outer loop
        vertex 24.0000 19.2000 0.0000
        vertex 22.4000 19.2000 1.6000
        vertex 22.4000 19.2000 6.4000
    endloop
endfacet
facet normal 0.0000 80.0000 0.0000
    outer loop
        vertex 22.4000 19.2000 6.4000
        vertex 24.0000 19.2000 8.0000
        vertex 24.0000 19.2000 0.0000
    endloop
endfacet
facet normal 0.0000 448.0000 0.0000
    outer loop
        vertex -24.0000 19.2000 -8.0000
        vertex -22.4000 19.2000 -6.4000
        vertex 22.4000 19.2000 -6.4000
    endloop
endfacet
facet normal 0.0000 480.0000 0.0000
    outer loop
        vertex 22.4000 19.2000 -6.4000
        vertex 24.0000 19.2000 -8.0000
        vertex -24.0000 19.2000 -8.0000
    endloop
endfacet
facet normal 0.0000 48.0000 0.0000
    outer loop
        vertex -24.0000 19.2000 0.0000
        vertex -22.4000 19.2000 -1.6000
        vertex -22.4000 19.2000 -6.4000
    endloop
endfacet
facet normal 0.0000 80.0000 0.0000
    outer loop
        vertex -22.4000 19.2000 -6.4000
        vertex -24.0000 19.2000 -8.0000
        vertex -24.0000 19.2000 0.0000
    endloop
endfacet
facet normal 0.0000 448.0000 0.0000
    outer loop
        vertex 24.0000 19.2000 0.0000
        vertex 22.4000 19.2000 -1.6000
        vertex -22.4000 19.2000 -1.6000
    endloop
endfacet
facet normal 0.0000 480.0000 0.0000
    outer loop
        vertex -22.4000 19.2000 -1.6000
        vertex -24.0000 19.2000 0.0000
        vertex 24.0000 19.2000 0.0000
    endloop
endfacet
facet normal 0.0000 48.0000 0.0000
    outer loop
        vertex 24.0000 19.2000 -8.0000
        vertex 22.4000 19.2000 -6.4000
        vertex 22.4000 19.2000 -1.6000
    endloop
endfacet
facet normal 0.0000 80.0000 0.0000
    outer loop
        vertex 22.4000 19.2000 -1.6000
        vertex 24.0000 19.2000 0.0000
        vertex 24.0000 19.2000 -8.0000
    endloop
endfacet
facet normal 0.0000 240.0000 0.0000
    outer loop
        vertex -24.0000 0.0000 8.0000
        vertex 24.0000 0.0000 -8.0000
        vertex 24.0000 0.0000 8.0000
    endloop
endfacet
facet normal 0.0000 240.0000 0.0000
    outer loop
        vertex 24.0000 0.0000 -8.0000
        vertex -24.0000 0.0000 8.0000
        vertex -24.0000 0.0000 -8.0000
    endloop
endfacet
facet normal 0.0000 48.0000 -40.0000
    outer loop
        vertex -24.0000 0.0000 8.0000
        vertex 24.0000 19.2000 8.0000
        vertex -24.0000 19.2000 8.0000
    endloop
endfacet
facet normal 0.0000 48.0000 -40.0000
    outer loop
        vertex 24.0000 19.2000 8.0000
        vertex -24.0000 0.0000 8.0000
        vertex 24.0000 0.0000 8.0000
    endloop
endfacet
facet normal 120.0000 48.0000 0.0000
    outer loop
        vertex -24.0000 0.0000 -8.0000
        vertex -24.0000 19.2000 8.0000
        vertex -24.0000 19.2000 -8.0000
    endloop
endfacet
facet normal 120.0000 48.0000 0.0000
    outer loop
        vertex -24.0000 19.2000 8.0000
        vertex -24.0000 0.0000 -8.0000
        vertex -24.0000 0.0000 8.0000
    endloop
endfacet
facet normal 0.0000 48.0000 40.0000
    outer loop
        vertex 24.0000 0.0000 -8.0000
        vertex -24.0000 19.2000 -8.0000
        vertex 24.0000 19.2000 -8.0000
    endloop
endfacet
facet normal 0.0000 48.0000 40.0000
    outer loop
        vertex -24.0000 19.2000 -8.0000
        vertex 24.0000 0.0000 -8.0000
        vertex -24.0000 0.0000 -8.0000
    endloop
endfacet
facet normal -120.0000 48.0000 0.0000
    outer loop
        vertex 24.0000 0.0000 8.0000
        vertex 24.0000 19.2000 -8.0000
        vertex 24.0000 19.2000 8.0000
    endloop
endfacet
facet normal -120.0000 48.0000 0.0000
    outer loop
        vertex 24.0000 19.2000 -8.0000
        vertex 24.0000 0.0000 8.0000
        vertex 24.0000 0.0000 -8.0000
    endloop
endfacet
facet normal -50.5220 -4.0000 9.9656
    outer loop
        vertex -18.4138 -1.6000 4.2088
        vertex -18.4000 0.0000 4.0000
        vertex -18.4000 -1.6000 4.0000
    endloop
endfacet
facet normal -50.5220 -4.0000 9.9656
    outer loop
        vertex -18.4000 0.0000 4.0000
        vertex -18.4138 -1.6000 4.2088
        vertex -18.4138 0.0000 4.2088
    endloop
endfacet
facet normal -50.5132 -4.0000 9.8980
    outer loop
        vertex -18.4546 -1.6000 4.4141
        vertex -18.4138 0.0000 4.2088
        vertex -18.4138 -1.6000 4.2088
    endloop
endfacet
facet normal -50.5132 -4.0000 9.8980
    outer loop
        vertex -18.4138 0.0000 4.2088
        vertex -18.4546 -1.6000 4.4141
        vertex -18.4546 0.0000 4.4141
    endloop
endfacet
facet normal -50.4956 -4.0000 9.8320
    outer loop
        vertex -18.5218 -1.6000 4.6123
        vertex -18.4546 0.0000 4.4141
        vertex -18.4546 -1.6000 4.4141
    endloop
endfacet
facet normal -50.4956 -4.0000 9.8320
    outer loop
        vertex -18.4546 0.0000 4.4141
        vertex -18.5218 -1.6000 4.6123
        vertex -18.5218 0.0000 4.6123
    endloop
endfacet
facet normal -50.4692 -4.0000 9.7684
    outer loop
        vertex -18.6144 -1.6000 4.8000
        vertex -18.5218 0.0000 4.6123
        vertex -18.5218 -1.6000 4.6123
    endloop
endfacet
facet normal -50.4692 -4.0000 9.7684
    outer loop
        vertex -18.5218 0.0000 4.6123
        vertex -18.6144 -1.6000 4.8000
        vertex -18.6144 0.0000 4.8000
    endloop
endfacet
facet normal -50.4352 -4.0000 9.7096
    outer loop
        vertex -18.7306 -1.6000 4.9741
        vertex -18.6144 0.0000 4.8000
        vertex -18.6144 -1.6000 4.8000
    endloop
endfacet
facet normal -50.4352 -4.0000 9.7096
    outer loop
        vertex -18.6144 0.0000 4.8000
        vertex -18.7306 -1.6000 4.9741
        vertex -18.7306 0.0000 4.9741
    endloop
endfacet
facet normal -50.3932 -4.0000 9.6548
    outer loop
        vertex -18.8686 -1.6000 5.1314
        vertex -18.7306 0.0000 4.9741
        vertex -18.7306 -1.6000 4.9741
    endloop
endfacet
facet normal -50.3932 -4.0000 9.6548
    outer loop
        vertex -18.7306 0.0000 4.9741
        vertex -18.8686 -1.6000 5.1314
        vertex -18.8686 0.0000 5.1314
    endloop
endfacet
facet normal -50.3452 -4.0000 9.6068
    outer loop
        vertex -19.0259 -1.6000 5.2694
        vertex -18.8686 0.0000 5.1314
        vertex -18.8686 -1.6000 5.1314
    endloop
endfacet
facet normal -50.3452 -4.0000 9.6068
    outer loop
        vertex -18.8686 0.0000 5.1314
        vertex -19.0259 -1.6000 5.2694
        vertex -19.0259 0.0000 5.2694
    endloop
endfacet
facet normal -50.2904 -4.0000 9.5648
    outer loop
        vertex -19.2000 -1.6000 5.3856
        vertex -19.0259 0.0000 5.2694
        vertex -19.0259 -1.6000 5.2694
    endloop
endfacet
facet normal -50.2904 -4.0000 9.5648
    outer loop
        vertex -19.0259 0.0000 5.2694
        vertex -19.2000 -1.6000 5.3856
        vertex -19.2000 0.0000 5.3856
    endloop
endfacet
facet normal -50.2316 -4.0000 9.5308
    outer loop
        vertex -19.3877 -1.6000 5.4782
        vertex -19.2000 0.0000 5.3856
        vertex -19.2000 -1.6000 5.3856
    endloop
endfacet
facet normal -50.2316 -4.0000 9.5308
    outer loop
        vertex -19.2000 0.0000 5.3856
        vertex -19.3877 -1.6000 5.4782
        vertex -19.3877 0.0000 5.4782
    endloop
endfacet
facet normal -50.1680 -4.0000 9.5044
    outer loop
        vertex -19.5859 -1.6000 5.5454
        vertex -19.3877 0.0000 5.4782
        vertex -19.3877 -1.6000 5.4782
    endloop
endfacet
facet normal -50.1680 -4.0000 9.5044
    outer loop
        vertex -19.3877 0.0000 5.4782
        vertex -19.5859 -1.6000 5.5454
        vertex -19.5859 0.0000 5.5454
    endloop
endfacet
facet normal -50.1020 -4.0000 9.4868
    outer loop
        vertex -19.7912 -1.6000 5.5862
        vertex -19.5859 0.0000 5.5454
        vertex -19.5859 -1.6000 5.5454
    endloop
endfacet
facet normal -50.1020 -4.0000 9.4868
    outer loop
        vertex -19.5859 0.0000 5.5454
        vertex -19.7912 -1.6000 5.5862
        vertex -19.7912 0.0000 5.5862
    endloop
endfacet
facet normal -50.0344 -4.0000 9.4780
    outer loop
        vertex -20.0000 -1.6000 5.6000
        vertex -19.7912 0.0000 5.5862
        vertex -19.7912 -1.6000 5.5862
    endloop
endfacet
facet normal -50.0344 -4.0000 9.4780
    outer loop
        vertex -19.7912 0.0000 5.5862
        vertex -20.0000 -1.6000 5.6000
        vertex -20.0000 0.0000 5.6000
    endloop
endfacet
facet normal -49.9656 -4.0000 9.4780
    outer loop
        vertex -20.2088 -1.6000 5.5862
        vertex -20.0000 0.0000 5.6000
        vertex -20.0000 -1.6000 5.6000
    endloop
endfacet
facet normal -49.9656 -4.0000 9.4780
    outer loop
        vertex -20.0000 0.0000 5.6000
        vertex -20.2088 -1.6000 5.5862
        vertex -20.2088 0.0000 5.5862
    endloop
endfacet
facet normal -49.8980 -4.0000 9.4868
    outer loop
        vertex -20.4141 -1.6000 5.5454
        vertex -20.2088 0.0000 5.5862
        vertex -20.2088 -1.6000 5.5862
    endloop
endfacet
facet normal -49.8980 -4.0000 9.4868
    outer loop
        vertex -20.2088 0.0000 5.5862
        vertex -20.4141 -1.6000 5.5454
        vertex -20.4141 0.0000 5.5454
    endloop
endfacet
facet normal -49.8320 -4.0000 9.5044
    outer loop
        vertex -20.6123 -1.6000 5.4782
        vertex -20.4141 0.0000 5.5454
        vertex -20.4141 -1.6000 5.5454
    endloop
endfacet
facet normal -49.8320 -4.0000 9.5044
    outer loop
        vertex -20.4141 0.0000 5.5454
        vertex -20.6123 -1.6000 5.4782
        vertex -20.6123 0.0000 5.4782
    endloop
endfacet
facet normal -49.7684 -4.0000 9.5308
    outer loop
        vertex -20.8000 -1.6000 5.3856
        vertex -20.6123 0.0000 5.4782
        vertex -20.6123 -1.6000 5.4782
    endloop
endfacet
facet normal -49.7684 -4.0000 9.5308
    outer loop
        vertex -20.6123 0.0000 5.4782
        vertex -20.8000 -1.6000 5.3856
        vertex -20.8000 0.0000 5.3856
    endloop
endfacet
facet normal -49.7096 -4.0000 9.5648
    outer loop
        vertex -20.9741 -1.6000 5.2694
        vertex -20.8000 0.0000 5.3856
        vertex -20.8000 -1.6000 5.3856
    endloop
endfacet
facet normal -49.7096 -4.0000 9.5648
    outer loop
        vertex -20.8000 0.0000 5.3856
        vertex -20.9741 -1.6000 5.2694
        vertex -20.9741 0.0000 5.2694
    endloop
endfacet
facet normal -49.6548 -4.0000 9.6068
    outer loop
        vertex -21.1314 -1.6000 5.1314
        vertex -20.9741 0.0000 5.2694
        vertex -20.9741 -1.6000 5.2694
    endloop
endfacet
facet normal -49.6548 -4.0000 9.6068
    outer loop
        vertex -20.9741 0.0000 5.2694
        vertex -21.1314 -1.6000 5.1314
        vertex -21.1314 0.0000 5.1314
    endloop
endfacet
facet normal -49.6068 -4.0000 9.6548
    outer loop
        vertex -21.2694 -1.6000 4.9741
        vertex -21.1314 0.0000 5.1314
        vertex -21.1314 -1.6000 5.1314
    endloop
endfacet
facet normal -49.6068 -4.0000 9.6548
    outer loop
        vertex -21.1314 0.0000 5.1314
        vertex -21.2694 -1.6000 4.9741
        vertex -21.2694 0.0000 4.9741
    endloop
endfacet
facet normal -49.5648 -4.0000 9.7096
    outer loop
        vertex -21.3856 -1.6000 4.8000
        vertex -21.2694 0.0000 4.9741
        vertex -21.2694 -1.6000 4.9741
    endloop
endfacet
facet normal -49.5648 -4.0000 9.7096
    outer loop
        vertex -21.2694 0.0000 4.9741
        vertex -21.3856 -1.6000 4.8000
        vertex -21.3856 0.0000 4.8000
    endloop
endfacet
facet normal -49.5308 -4.0000 9.7684
    outer loop
        vertex -21.4782 -1.6000 4.6123
        vertex -21.3856 0.0000 4.8000
        vertex -21.3856 -1.6000 4.8000
    endloop
endfacet
facet normal -49.5308 -4.0000 9.7684
    outer loop
        vertex -21.3856 0.0000 4.8000
        vertex -21.4782 -1.6000 4.6123
        vertex -21.4782 0.0000 4.6123
    endloop
endfacet
facet normal -49.5044 -4.0000 9.8320
    outer loop
        vertex -21.5454 -1.6000 4.4141
        vertex -21.4782 0.0000 4.6123
        vertex -21.4782 -1.6000 4.6123
    endloop
endfacet
facet normal -49.5044 -4.0000 9.8320
    outer loop
        vertex -21.4782 0.0000 4.6123
        vertex -21.5454 -1.6000 4.4141
        vertex -21.5454 0.0000 4.4141
    endloop
endfacet
facet normal -49.4868 -4.0000 9.8980
    outer loop
        vertex -21.5862 -1.6000 4.2088
        vertex -21.5454 0.0000 4.4141
        vertex -21.5454 -1.6000 4.4141
    endloop
endfacet
facet normal -49.4868 -4.0000 9.8980
    outer loop
        vertex -21.5454 0.0000 4.4141
        vertex -21.5862 -1.6000 4.2088
        vertex -21.5862 0.0000 4.2088
    endloop
endfacet
facet normal -49.4780 -4.0000 9.9656
    outer loop
        vertex -21.6000 -1.6000 4.0000
        vertex -21.5862 0.0000 4.2088
        vertex -21.5862 -1.6000 4.2088
    endloop
endfacet
facet normal -49.4780 -4.0000 9.9656
    outer loop
        vertex -21.5862 0.0000 4.2088
        vertex -21.6000 -1.6000 4.0000
        vertex -21.6000 0.0000 4.0000
    endloop
endfacet
facet normal -49.4780 -4.0000 10.0344
    outer loop
        vertex -21.5862 -1.6000 3.7912
        vertex -21.6000 0.0000 4.0000
        vertex -21.6000 -1.6000 4.0000
    endloop
endfacet
facet normal -49.4780 -4.0000 10.0344
    outer loop
        vertex -21.6000 0.0000 4.0000
        vertex -21.5862 -1.6000 3.7912
        vertex -21.5862 0.0000 3.7912
    endloop
endfacet
facet normal -49.4868 -4.0000 10.1020
    outer loop
        vertex -21.5454 -1.6000 3.5859
        vertex -21.5862 0.0000 3.7912
        vertex -21.5862 -1.6000 3.7912
    endloop
endfacet
facet normal -49.4868 -4.0000 10.1020
    outer loop
        vertex -21.5862 0.0000 3.7912
        vertex -21.5454 -1.6000 3.5859
        vertex -21.5454 0.0000 3.5859
    endloop
endfacet
facet normal -49.5044 -4.0000 10.1680
    outer loop
        vertex -21.4782 -1.6000 3.3877
        vertex -21.5454 0.0000 3.5859
        vertex -21.5454 -1.6000 3.5859
    endloop
endfacet
facet normal -49.5044 -4.0000 10.1680
    outer loop
        vertex -21.5454 0.0000 3.5859
        vertex -21.4782 -1.6000 3.3877
        vertex -21.4782 0.0000 3.3877
    endloop
endfacet
facet normal -49.5308 -4.0000 10.2316
    outer loop
        vertex -21.3856 -1.6000 3.2000
        vertex -21.4782 0.0000 3.3877
        vertex -21.4782 -1.6000 3.3877
    endloop
endfacet
facet normal -49.5308 -4.0000 10.2316
    outer loop
        vertex -21.4782 0.0000 3.3877
        vertex -21.3856 -1.6000 3.2000
        vertex -21.3856 0.0000 3.2000
    endloop
endfacet
facet normal -49.5648 -4.0000 10.2904
    outer loop
        vertex -21.2694 -1.6000 3.0259
        vertex -21.3856 0.0000 3.2000
        vertex -21.3856 -1.6000 3.2000
    endloop
endfacet
facet normal -49.5648 -4.0000 10.2904
    outer loop
        vertex -21.3856 0.0000 3.2000
        vertex -21.2694 -1.6000 3.0259
        vertex -21.2694 0.0000 3.0259
    endloop
endfacet
facet normal -49.6068 -4.0000 10.3452
    outer loop
        vertex -21.1314 -1.6000 2.8686
        vertex -21.2694 0.0000 3.0259
        vertex -21.2694 -1.6000 3.0259
    endloop
endfacet
facet normal -49.6068 -4.0000 10.3452
    outer loop
        vertex -21.2694 0.0000 3.0259
        vertex -21.1314 -1.6000 2.8686
        vertex -21.1314 0.0000 2.8686
    endloop
endfacet
facet normal -49.6548 -4.0000 10.3932
    outer loop
        vertex -20.9741 -1.6000 2.7306
        vertex -21.1314 0.0000 2.8686
        vertex -21.1314 -1.6000 2.8686
    endloop
endfacet
facet normal -49.6548 -4.0000 10.3932
    outer loop
        vertex -21.1314 0.0000 2.8686
        vertex -20.9741 -1.6000 2.7306
        vertex -20.9741 0.0000 2.7306
    endloop
endfacet
facet normal -49.7096 -4.0000 10.4352
    outer loop
        vertex -20.8000 -1.6000 2.6144
        vertex -20.9741 0.0000 2.7306
        vertex -20.9741 -1.6000 2.7306
    endloop
endfacet
facet normal -49.7096 -4.0000 10.4352
    outer loop
        vertex -20.9741 0.0000 2.7306
        vertex -20.8000 -1.6000 2.6144
        vertex -20.8000 0.0000 2.6144
    endloop
endfacet
facet normal -49.7684 -4.0000 10.4692
    outer loop
        vertex -20.6123 -1.6000 2.5218
        vertex -20.8000 0.0000 2.6144
        vertex -20.8000 -1.6000 2.6144
    endloop
endfacet
facet normal -49.7684 -4.0000 10.4692
    outer loop
        vertex -20.8000 0.0000 2.6144
        vertex -20.6123 -1.6000 2.5218
        vertex -20.6123 0.0000 2.5218
    endloop
endfacet
facet normal -49.8320 -4.0000 10.4956
    outer loop
        vertex -20.4141 -1.6000 2.4546
        vertex -20.6123 0.0000 2.5218
        vertex -20.6123 -1.6000 2.5218
    endloop
endfacet
facet normal -49.8320 -4.0000 10.4956
    outer loop
        vertex -20.6123 0.0000 2.5218
        vertex -20.4141 -1.6000 2.4546
        vertex -20.4141 0.0000 2.4546
    endloop
endfacet
facet normal -49.8980 -4.0000 10.5132
    outer loop
        vertex -20.2088 -1.6000 2.4138
        vertex -20.4141 0.0000 2.4546
        vertex -20.4141 -1.6000 2.4546
    endloop
endfacet
facet normal -49.8980 -4.0000 10.5132
    outer loop
        vertex -20.4141 0.0000 2.4546
        vertex -20.2088 -1.6000 2.4138
        vertex -20.2088 0.0000 2.4138
    endloop
endfacet
facet normal -49.9656 -4.0000 10.5220
    outer loop
        vertex -20.0000 -1.6000 2.4000
        vertex -20.2088 0.0000 2.4138
        vertex -20.2088 -1.6000 2.4138
    endloop
endfacet
facet normal -49.9656 -4.0000 10.5220
    outer loop
        vertex -20.2088 0.0000 2.4138
        vertex -20.0000 -1.6000 2.4000
        vertex -20.0000 0.0000 2.4000
    endloop
endfacet
facet normal -50.0344 -4.0000 10.5220
    outer loop
        vertex -19.7912 -1.6000 2.4138
        vertex -20.0000 0.0000 2.4000
        vertex -20.0000 -1.6000 2.4000
    endloop
endfacet
facet normal -50.0344 -4.0000 10.5220
    outer loop
        vertex -20.0000 0.0000 2.4000
        vertex -19.7912 -1.6000 2.4138
        vertex -19.7912 0.0000 2.4138
    endloop
endfacet
facet normal -50.1020 -4.0000 10.5132
    outer loop
        vertex -19.5859 -1.6000 2.4546
        vertex -19.7912 0.0000 2.4138
        vertex -19.7912 -1.6000 2.4138
    endloop
endfacet
facet normal -50.1020 -4.0000 10.5132
    outer loop
        vertex -19.7912 0.0000 2.4138
        vertex -19.5859 -1.6000 2.4546
        vertex -19.5859 0.0000 2.4546
    endloop
endfacet
facet normal -50.1680 -4.0000 10.4956
    outer loop
        vertex -19.3877 -1.6000 2.5218
        vertex -19.5859 0.0000 2.4546
        vertex -19.5859 -1.6000 2.4546
    endloop
endfacet
facet normal -50.1680 -4.0000 10.4956
    outer loop
        vertex -19.5859 0.0000 2.4546
        vertex -19.3877 -1.6000 2.5218
        vertex -19.3877 0.0000 2.5218
    endloop
endfacet
facet normal -50.2316 -4.0000 10.4692
    outer loop
        vertex -19.2000 -1.6000 2.6144
        vertex -19.3877 0.0000 2.5218
        vertex -19.3877 -1.6000 2.5218
    endloop
endfacet
facet normal -50.2316 -4.0000 10.4692
    outer loop
        vertex -19.3877 0.0000 2.5218
        vertex -19.2000 -1.6000 2.6144
        vertex -19.2000 0.0000 2.6144
    endloop
endfacet
facet normal -50.2904 -4.0000 10.4352
    outer loop
        vertex -19.0259 -1.6000 2.7306
        vertex -19.2000 0.0000 2.6144
        vertex -19.2000 -1.6000 2.6144
    endloop
endfacet
facet normal -50.2904 -4.0000 10.4352
    outer loop
        vertex -19.2000 0.0000 2.6144
        vertex -19.0259 -1.6000 2.7306
        vertex -19.0259 0.0000 2.7306
    endloop
endfacet
facet normal -50.3452 -4.0000 10.3932
    outer loop
        vertex -18.8686 -1.6000 2.8686
        vertex -19.0259 0.0000 2.7306
        vertex -19.0259 -1.6000 2.7306
    endloop
endfacet
facet normal -50.3452 -4.0000 10.3932
    outer loop
        vertex -19.0259 0.0000 2.7306
        vertex -18.8686 -1.6000 2.8686
        vertex -18.8686 0.0000 2.8686
    endloop
endfacet
facet normal -50.3932 -4.0000 10.3452
    outer loop
        vertex -18.7306 -1.6000 3.0259
        vertex -18.8686 0.0000 2.8686
        vertex -18.8686 -1.6000 2.8686
    endloop
endfacet
facet normal -50.3932 -4.0000 10.3452
    outer loop
        vertex -18.8686 0.0000 2.8686
        vertex -18.7306 -1.6000 3.0259
        vertex -18.7306 0.0000 3.0259
    endloop
endfacet
facet normal -50.4352 -4.0000 10.2904
    outer loop
        vertex -18.6144 -1.6000 3.2000
        vertex -18.7306 0.0000 3.0259
        vertex -18.7306 -1.6000 3.0259
    endloop
endfacet
facet normal -50.4352 -4.0000 10.2904
    outer loop
        vertex -18.7306 0.0000 3.0259
        vertex -18.6144 -1.6000 3.2000
        vertex -18.6144 0.0000 3.2000
    endloop
endfacet
facet normal -50.4692 -4.0000 10.2316
    outer loop
        vertex -18.5218 -1.6000 3.3877
        vertex -18.6144 0.0000 3.2000
        vertex -18.6144 -1.6000 3.2000
    endloop
endfacet
facet normal -50.4692 -4.0000 10.2316
    outer loop
        vertex -18.6144 0.0000 3.2000
        vertex -18.5218 -1.6000 3.3877
        vertex -18.5218 0.0000 3.3877
    endloop
endfacet
facet normal -50.4956 -4.0000 10.1680
    outer loop
        vertex -18.4546 -1.6000 3.5859
        vertex -18.5218 0.0000 3.3877
        vertex -18.5218 -1.6000 3.3877
    endloop
endfacet
facet normal -50.4956 -4.0000 10.1680
    outer loop
        vertex -18.5218 0.0000 3.3877
        vertex -18.4546 -1.6000 3.5859
        vertex -18.4546 0.0000 3.5859
    endloop
endfacet
facet normal -50.5132 -4.0000 10.1020
    outer loop
        vertex -18.4138 -1.6000 3.7912
        vertex -18.4546 0.0000 3.5859
        vertex -18.4546 -1.6000 3.5859
    endloop
endfacet
facet normal -50.5132 -4.0000 10.1020
    outer loop
        vertex -18.4546 0.0000 3.5859
        vertex -18.4138 -1.6000 3.7912
        vertex -18.4138 0.0000 3.7912
    endloop
endfacet
facet normal -50.5220 -4.0000 10.0344
    outer loop
        vertex -18.4000 -1.6000 4.0000
        vertex -18.4138 0.0000 3.7912
        vertex -18.4138 -1.6000 3.7912
    endloop
endfacet
facet normal -50.5220 -4.0000 10.0344
    outer loop
        vertex -18.4138 0.0000 3.7912
        vertex -18.4000 -1.6000 4.0000
        vertex -18.4000 0.0000 4.0000
    endloop
endfacet
facet normal -49.2170 -4.0000 10.0516
    outer loop
        vertex -17.6206 -1.6000 4.3132
        vertex -17.6000 -1.6000 4.0000
        vertex -17.6000 0.0000 4.0000
    endloop
endfacet
facet normal -49.2170 -4.0000 10.0516
    outer loop
        vertex -17.6000 0.0000 4.0000
        vertex -17.6206 0.0000 4.3132
        vertex -17.6206 -1.6000 4.3132
    endloop
endfacet
facet normal -49.2302 -4.0000 10.1530
    outer loop
        vertex -17.6818 -1.6000 4.6211
        vertex -17.6206 -1.6000 4.3132
        vertex -17.6206 0.0000 4.3132
    endloop
endfacet
facet normal -49.2302 -4.0000 10.1530
    outer loop
        vertex -17.6206 0.0000 4.3132
        vertex -17.6818 0.0000 4.6211
        vertex -17.6818 -1.6000 4.6211
    endloop
endfacet
facet normal -49.2566 -4.0000 10.2520
    outer loop
        vertex -17.7826 -1.6000 4.9185
        vertex -17.6818 -1.6000 4.6211
        vertex -17.6818 0.0000 4.6211
    endloop
endfacet
facet normal -49.2566 -4.0000 10.2520
    outer loop
        vertex -17.6818 0.0000 4.6211
        vertex -17.7826 0.0000 4.9185
        vertex -17.7826 -1.6000 4.9185
    endloop
endfacet
facet normal -49.2962 -4.0000 10.3474
    outer loop
        vertex -17.9216 -1.6000 5.2000
        vertex -17.7826 -1.6000 4.9185
        vertex -17.7826 0.0000 4.9185
    endloop
endfacet
facet normal -49.2962 -4.0000 10.3474
    outer loop
        vertex -17.7826 0.0000 4.9185
        vertex -17.9216 0.0000 5.2000
        vertex -17.9216 -1.6000 5.2000
    endloop
endfacet
facet normal -49.3472 -4.0000 10.4356
    outer loop
        vertex -18.0958 -1.6000 5.4611
        vertex -17.9216 -1.6000 5.2000
        vertex -17.9216 0.0000 5.2000
    endloop
endfacet
facet normal -49.3472 -4.0000 10.4356
    outer loop
        vertex -17.9216 0.0000 5.2000
        vertex -18.0958 0.0000 5.4611
        vertex -18.0958 -1.6000 5.4611
    endloop
endfacet
facet normal -49.4102 -4.0000 10.5178
    outer loop
        vertex -18.3030 -1.6000 5.6970
        vertex -18.0958 -1.6000 5.4611
        vertex -18.0958 0.0000 5.4611
    endloop
endfacet
facet normal -49.4102 -4.0000 10.5178
    outer loop
        vertex -18.0958 0.0000 5.4611
        vertex -18.3030 0.0000 5.6970
        vertex -18.3030 -1.6000 5.6970
    endloop
endfacet
facet normal -49.4822 -4.0000 10.5898
    outer loop
        vertex -18.5389 -1.6000 5.9042
        vertex -18.3030 -1.6000 5.6970
        vertex -18.3030 0.0000 5.6970
    endloop
endfacet
facet normal -49.4822 -4.0000 10.5898
    outer loop
        vertex -18.3030 0.0000 5.6970
        vertex -18.5389 0.0000 5.9042
        vertex -18.5389 -1.6000 5.9042
    endloop
endfacet
facet normal -49.5644 -4.0000 10.6528
    outer loop
        vertex -18.8000 -1.6000 6.0784
        vertex -18.5389 -1.6000 5.9042
        vertex -18.5389 0.0000 5.9042
    endloop
endfacet
facet normal -49.5644 -4.0000 10.6528
    outer loop
        vertex -18.5389 0.0000 5.9042
        vertex -18.8000 0.0000 6.0784
        vertex -18.8000 -1.6000 6.0784
    endloop
endfacet
facet normal -49.6526 -4.0000 10.7038
    outer loop
        vertex -19.0815 -1.6000 6.2174
        vertex -18.8000 -1.6000 6.0784
        vertex -18.8000 0.0000 6.0784
    endloop
endfacet
facet normal -49.6526 -4.0000 10.7038
    outer loop
        vertex -18.8000 0.0000 6.0784
        vertex -19.0815 0.0000 6.2174
        vertex -19.0815 -1.6000 6.2174
    endloop
endfacet
facet normal -49.7480 -4.0000 10.7434
    outer loop
        vertex -19.3789 -1.6000 6.3182
        vertex -19.0815 -1.6000 6.2174
        vertex -19.0815 0.0000 6.2174
    endloop
endfacet
facet normal -49.7480 -4.0000 10.7434
    outer loop
        vertex -19.0815 0.0000 6.2174
        vertex -19.3789 0.0000 6.3182
        vertex -19.3789 -1.6000 6.3182
    endloop
endfacet
facet normal -49.8470 -4.0000 10.7698
    outer loop
        vertex -19.6868 -1.6000 6.3794
        vertex -19.3789 -1.6000 6.3182
        vertex -19.3789 0.0000 6.3182
    endloop
endfacet
facet normal -49.8470 -4.0000 10.7698
    outer loop
        vertex -19.3789 0.0000 6.3182
        vertex -19.6868 0.0000 6.3794
        vertex -19.6868 -1.6000 6.3794
    endloop
endfacet
facet normal -49.9484 -4.0000 10.7830
    outer loop
        vertex -20.0000 -1.6000 6.4000
        vertex -19.6868 -1.6000 6.3794
        vertex -19.6868 0.0000 6.3794
    endloop
endfacet
facet normal -49.9484 -4.0000 10.7830
    outer loop
        vertex -19.6868 0.0000 6.3794
        vertex -20.0000 0.0000 6.4000
        vertex -20.0000 -1.6000 6.4000
    endloop
endfacet
facet normal -50.0516 -4.0000 10.7830
    outer loop
        vertex -20.3132 -1.6000 6.3794
        vertex -20.0000 -1.6000 6.4000
        vertex -20.0000 0.0000 6.4000
    endloop
endfacet
facet normal -50.0516 -4.0000 10.7830
    outer loop
        vertex -20.0000 0.0000 6.4000
        vertex -20.3132 0.0000 6.3794
        vertex -20.3132 -1.6000 6.3794
    endloop
endfacet
facet normal -50.1530 -4.0000 10.7698
    outer loop
        vertex -20.6211 -1.6000 6.3182
        vertex -20.3132 -1.6000 6.3794
        vertex -20.3132 0.0000 6.3794
    endloop
endfacet
facet normal -50.1530 -4.0000 10.7698
    outer loop
        vertex -20.3132 0.0000 6.3794
        vertex -20.6211 0.0000 6.3182
        vertex -20.6211 -1.6000 6.3182
    endloop
endfacet
facet normal -50.2520 -4.0000 10.7434
    outer loop
        vertex -20.9185 -1.6000 6.2174
        vertex -20.6211 -1.6000 6.3182
        vertex -20.6211 0.0000 6.3182
    endloop
endfacet
facet normal -50.2520 -4.0000 10.7434
    outer loop
        vertex -20.6211 0.0000 6.3182
        vertex -20.9185 0.0000 6.2174
        vertex -20.9185 -1.6000 6.2174
    endloop
endfacet
facet normal -50.3474 -4.0000 10.7038
    outer loop
        vertex -21.2000 -1.6000 6.0784
        vertex -20.9185 -1.6000 6.2174
        vertex -20.9185 0.0000 6.2174
    endloop
endfacet
facet normal -50.3474 -4.0000 10.7038
    outer loop
        vertex -20.9185 0.0000 6.2174
        vertex -21.2000 0.0000 6.0784
        vertex -21.2000 -1.6000 6.0784
    endloop
endfacet
facet normal -50.4356 -4.0000 10.6528
    outer loop
        vertex -21.4611 -1.6000 5.9042
        vertex -21.2000 -1.6000 6.0784
        vertex -21.2000 0.0000 6.0784
    endloop
endfacet
facet normal -50.4356 -4.0000 10.6528
    outer loop
        vertex -21.2000 0.0000 6.0784
        vertex -21.4611 0.0000 5.9042
        vertex -21.4611 -1.6000 5.9042
    endloop
endfacet
facet normal -50.5178 -4.0000 10.5898
    outer loop
        vertex -21.6970 -1.6000 5.6970
        vertex -21.4611 -1.6000 5.9042
        vertex -21.4611 0.0000 5.9042
    endloop
endfacet
facet normal -50.5178 -4.0000 10.5898
    outer loop
        vertex -21.4611 0.0000 5.9042
        vertex -21.6970 0.0000 5.6970
        vertex -21.6970 -1.6000 5.6970
    endloop
endfacet
facet normal -50.5898 -4.0000 10.5178
    outer loop
        vertex -21.9042 -1.6000 5.4611
        vertex -21.6970 -1.6000 5.6970
        vertex -21.6970 0.0000 5.6970
    endloop
endfacet
facet normal -50.5898 -4.0000 10.5178
    outer loop
        vertex -21.6970 0.0000 5.6970
        vertex -21.9042 0.0000 5.4611
        vertex -21.9042 -1.6000 5.4611
    endloop
endfacet
facet normal -50.6528 -4.0000 10.4356
    outer loop
        vertex -22.0784 -1.6000 5.2000
        vertex -21.9042 -1.6000 5.4611
        vertex -21.9042 0.0000 5.4611
    endloop
endfacet
facet normal -50.6528 -4.0000 10.4356
    outer loop
        vertex -21.9042 0.0000 5.4611
        vertex -22.0784 0.0000 5.2000
        vertex -22.0784 -1.6000 5.2000
    endloop
endfacet
facet normal -50.7038 -4.0000 10.3474
    outer loop
        vertex -22.2174 -1.6000 4.9185
        vertex -22.0784 -1.6000 5.2000
        vertex -22.0784 0.0000 5.2000
    endloop
endfacet
facet normal -50.7038 -4.0000 10.3474
    outer loop
        vertex -22.0784 0.0000 5.2000
        vertex -22.2174 0.0000 4.9185
        vertex -22.2174 -1.6000 4.9185
    endloop
endfacet
facet normal -50.7434 -4.0000 10.2520
    outer loop
        vertex -22.3182 -1.6000 4.6211
        vertex -22.2174 -1.6000 4.9185
        vertex -22.2174 0.0000 4.9185
    endloop
endfacet
facet normal -50.7434 -4.0000 10.2520
    outer loop
        vertex -22.2174 0.0000 4.9185
        vertex -22.3182 0.0000 4.6211
        vertex -22.3182 -1.6000 4.6211
    endloop
endfacet
facet normal -50.7698 -4.0000 10.1530
    outer loop
        vertex -22.3794 -1.6000 4.3132
        vertex -22.3182 -1.6000 4.6211
        vertex -22.3182 0.0000 4.6211
    endloop
endfacet
facet normal -50.7698 -4.0000 10.1530
    outer loop
        vertex -22.3182 0.0000 4.6211
        vertex -22.3794 0.0000 4.3132
        vertex -22.3794 -1.6000 4.3132
    endloop
endfacet
facet normal -50.7830 -4.0000 10.0516
    outer loop
        vertex -22.4000 -1.6000 4.0000
        vertex -22.3794 -1.6000 4.3132
        vertex -22.3794 0.0000 4.3132
    endloop
endfacet
facet normal -50.7830 -4.0000 10.0516
    outer loop
        vertex -22.3794 0.0000 4.3132
        vertex -22.4000 0.0000 4.0000
        vertex -22.4000 -1.6000 4.0000
    endloop
endfacet
facet normal -50.7830 -4.0000 9.9484
    outer loop
        vertex -22.3794 -1.6000 3.6868
        vertex -22.4000 -1.6000 4.0000
        vertex -22.4000 0.0000 4.0000
    endloop
endfacet
facet normal -50.7830 -4.0000 9.9484
    outer loop
        vertex -22.4000 0.0000 4.0000
        vertex -22.3794 0.0000 3.6868
        vertex -22.3794 -1.6000 3.6868
    endloop
endfacet
facet normal -50.7698 -4.0000 9.8470
    outer loop
        vertex -22.3182 -1.6000 3.3789
        vertex -22.3794 -1.6000 3.6868
        vertex -22.3794 0.0000 3.6868
    endloop
endfacet
facet normal -50.7698 -4.0000 9.8470
    outer loop
        vertex -22.3794 0.0000 3.6868
        vertex -22.3182 0.0000 3.3789
        vertex -22.3182 -1.6000 3.3789
    endloop
endfacet
facet normal -50.7434 -4.0000 9.7480
    outer loop
        vertex -22.2174 -1.6000 3.0815
        vertex -22.3182 -1.6000 3.3789
        vertex -22.3182 0.0000 3.3789
    endloop
endfacet
facet normal -50.7434 -4.0000 9.7480
    outer loop
        vertex -22.3182 0.0000 3.3789
        vertex -22.2174 0.0000 3.0815
        vertex -22.2174 -1.6000 3.0815
    endloop
endfacet
facet normal -50.7038 -4.0000 9.6526
    outer loop
        vertex -22.0784 -1.6000 2.8000
        vertex -22.2174 -1.6000 3.0815
        vertex -22.2174 0.0000 3.0815
    endloop
endfacet
facet normal -50.7038 -4.0000 9.6526
    outer loop
        vertex -22.2174 0.0000 3.0815
        vertex -22.0784 0.0000 2.8000
        vertex -22.0784 -1.6000 2.8000
    endloop
endfacet
facet normal -50.6528 -4.0000 9.5644
    outer loop
        vertex -21.9042 -1.6000 2.5389
        vertex -22.0784 -1.6000 2.8000
        vertex -22.0784 0.0000 2.8000
    endloop
endfacet
facet normal -50.6528 -4.0000 9.5644
    outer loop
        vertex -22.0784 0.0000 2.8000
        vertex -21.9042 0.0000 2.5389
        vertex -21.9042 -1.6000 2.5389
    endloop
endfacet
facet normal -50.5898 -4.0000 9.4822
    outer loop
        vertex -21.6970 -1.6000 2.3030
        vertex -21.9042 -1.6000 2.5389
        vertex -21.9042 0.0000 2.5389
    endloop
endfacet
facet normal -50.5898 -4.0000 9.4822
    outer loop
        vertex -21.9042 0.0000 2.5389
        vertex -21.6970 0.0000 2.3030
        vertex -21.6970 -1.6000 2.3030
    endloop
endfacet
facet normal -50.5178 -4.0000 9.4102
    outer loop
        vertex -21.4611 -1.6000 2.0958
        vertex -21.6970 -1.6000 2.3030
        vertex -21.6970 0.0000 2.3030
    endloop
endfacet
facet normal -50.5178 -4.0000 9.4102
    outer loop
        vertex -21.6970 0.0000 2.3030
        vertex -21.4611 0.0000 2.0958
        vertex -21.4611 -1.6000 2.0958
    endloop
endfacet
facet normal -50.4356 -4.0000 9.3472
    outer loop
        vertex -21.2000 -1.6000 1.9216
        vertex -21.4611 -1.6000 2.0958
        vertex -21.4611 0.0000 2.0958
    endloop
endfacet
facet normal -50.4356 -4.0000 9.3472
    outer loop
        vertex -21.4611 0.0000 2.0958
        vertex -21.2000 0.0000 1.9216
        vertex -21.2000 -1.6000 1.9216
    endloop
endfacet
facet normal -50.3474 -4.0000 9.2962
    outer loop
        vertex -20.9185 -1.6000 1.7826
        vertex -21.2000 -1.6000 1.9216
        vertex -21.2000 0.0000 1.9216
    endloop
endfacet
facet normal -50.3474 -4.0000 9.2962
    outer loop
        vertex -21.2000 0.0000 1.9216
        vertex -20.9185 0.0000 1.7826
        vertex -20.9185 -1.6000 1.7826
    endloop
endfacet
facet normal -50.2520 -4.0000 9.2566
    outer loop
        vertex -20.6211 -1.6000 1.6818
        vertex -20.9185 -1.6000 1.7826
        vertex -20.9185 0.0000 1.7826
    endloop
endfacet
facet normal -50.2520 -4.0000 9.2566
    outer loop
        vertex -20.9185 0.0000 1.7826
        vertex -20.6211 0.0000 1.6818
        vertex -20.6211 -1.6000 1.6818
    endloop
endfacet
facet normal -50.1530 -4.0000 9.2302
    outer loop
        vertex -20.3132 -1.6000 1.6206
        vertex -20.6211 -1.6000 1.6818
        vertex -20.6211 0.0000 1.6818
    endloop
endfacet
facet normal -50.1530 -4.0000 9.2302
    outer loop
        vertex -20.6211 0.0000 1.6818
        vertex -20.3132 0.0000 1.6206
        vertex -20.3132 -1.6000 1.6206
    endloop
endfacet
facet normal -50.0516 -4.0000 9.2170
    outer loop
        vertex -20.0000 -1.6000 1.6000
        vertex -20.3132 -1.6000 1.6206
        vertex -20.3132 0.0000 1.6206
    endloop
endfacet
facet normal -50.0516 -4.0000 9.2170
    outer loop
        vertex -20.3132 0.0000 1.6206
        vertex -20.0000 0.0000 1.6000
        vertex -20.0000 -1.6000 1.6000
    endloop
endfacet
facet normal -49.9484 -4.0000 9.2170
    outer loop
        vertex -19.6868 -1.6000 1.6206
        vertex -20.0000 -1.6000 1.6000
        vertex -20.0000 0.0000 1.6000
    endloop
endfacet
facet normal -49.9484 -4.0000 9.2170
    outer loop
        vertex -20.0000 0.0000 1.6000
        vertex -19.6868 0.0000 1.6206
        vertex -19.6868 -1.6000 1.6206
    endloop
endfacet
facet normal -49.8470 -4.0000 9.2302
    outer loop
        vertex -19.3789 -1.6000 1.6818
        vertex -19.6868 -1.6000 1.6206
        vertex -19.6868 0.0000 1.6206
    endloop
endfacet
facet normal -49.8470 -4.0000 9.2302
    outer loop
        vertex -19.6868 0.0000 1.6206
        vertex -19.3789 0.0000 1.6818
        vertex -19.3789 -1.6000 1.6818
    endloop
endfacet
facet normal -49.7480 -4.0000 9.2566
    outer loop
        vertex -19.0815 -1.6000 1.7826
        vertex -19.3789 -1.6000 1.6818
        vertex -19.3789 0.0000 1.6818
    endloop
endfacet
facet normal -49.7480 -4.0000 9.2566
    outer loop
        vertex -19.3789 0.0000 1.6818
        vertex -19.0815 0.0000 1.7826
        vertex -19.0815 -1.6000 1.7826
    endloop
endfacet
facet normal -49.6526 -4.0000 9.2962
    outer loop
        vertex -18.8000 -1.6000 1.9216
        vertex -19.0815 -1.6000 1.7826
        vertex -19.0815 0.0000 1.7826
    endloop
endfacet
facet normal -49.6526 -4.0000 9.2962
    outer loop
        vertex -19.0815 0.0000 1.7826
        vertex -18.8000 0.0000 1.9216
        vertex -18.8000 -1.6000 1.9216
    endloop
endfacet
facet normal -49.5644 -4.0000 9.3472
    outer loop
        vertex -18.5389 -1.6000 2.0958
        vertex -18.8000 -1.6000 1.9216
        vertex -18.8000 0.0000 1.9216
    endloop
endfacet
facet normal -49.5644 -4.0000 9.3472
    outer loop
        vertex -18.8000 0.0000 1.9216
        vertex -18.5389 0.0000 2.0958
        vertex -18.5389 -1.6000 2.0958
    endloop
endfacet
facet normal -49.4822 -4.0000 9.4102
    outer loop
        vertex -18.3030 -1.6000 2.3030
        vertex -18.5389 -1.6000 2.0958
        vertex -18.5389 0.0000 2.0958
    endloop
endfacet
facet normal -49.4822 -4.0000 9.4102
    outer loop
        vertex -18.5389 0.0000 2.0958
        vertex -18.3030 0.0000 2.3030
        vertex -18.3030 -1.6000 2.3030
    endloop
endfacet
facet normal -49.4102 -4.0000 9.4822
    outer loop
        vertex -18.0958 -1.6000 2.5389
        vertex -18.3030 -1.6000 2.3030
        vertex -18.3030 0.0000 2.3030
    endloop
endfacet
facet normal -49.4102 -4.0000 9.4822
    outer loop
        vertex -18.3030 0.0000 2.3030
        vertex -18.0958 0.0000 2.5389
        vertex -18.0958 -1.6000 2.5389
    endloop
endfacet
facet normal -49.3472 -4.0000 9.5644
    outer loop
        vertex -17.9216 -1.6000 2.8000
        vertex -18.0958 -1.6000 2.5389
        vertex -18.0958 0.0000 2.5389
    endloop
endfacet
facet normal -49.3472 -4.0000 9.5644
    outer loop
        vertex -18.0958 0.0000 2.5389
        vertex -17.9216 0.0000 2.8000
        vertex -17.9216 -1.6000 2.8000
    endloop
endfacet
facet normal -49.2962 -4.0000 9.6526
    outer loop
        vertex -17.7826 -1.6000 3.0815
        vertex -17.9216 -1.6000 2.8000
        vertex -17.9216 0.0000 2.8000
    endloop
endfacet
facet normal -49.2962 -4.0000 9.6526
    outer loop
        vertex -17.9216 0.0000 2.8000
        vertex -17.7826 0.0000 3.0815
        vertex -17.7826 -1.6000 3.0815
    endloop
endfacet
facet normal -49.2566 -4.0000 9.7480
    outer loop
        vertex -17.6818 -1.6000 3.3789
        vertex -17.7826 -1.6000 3.0815
        vertex -17.7826 0.0000 3.0815
    endloop
endfacet
facet normal -49.2566 -4.0000 9.7480
    outer loop
        vertex -17.7826 0.0000 3.0815
        vertex -17.6818 0.0000 3.3789
        vertex -17.6818 -1.6000 3.3789
    endloop
endfacet
facet normal -49.2302 -4.0000 9.8470
    outer loop
        vertex -17.6206 -1.6000 3.6868
        vertex -17.6818 -1.6000 3.3789
        vertex -17.6818 0.0000 3.3789
    endloop
endfacet
facet normal -49.2302 -4.0000 9.8470
    outer loop
        vertex -17.6818 0.0000 3.3789
        vertex -17.6206 0.0000 3.6868
        vertex -17.6206 -1.6000 3.6868
    endloop
endfacet
facet normal -49.2170 -4.0000 9.9484
    outer loop
        vertex -17.6000 -1.6000 4.0000
        vertex -17.6206 -1.6000 3.6868
        vertex -17.6206 0.0000 3.6868
    endloop
endfacet
facet normal -49.2170 -4.0000 9.9484
    outer loop
        vertex -17.6206 0.0000 3.6868
        vertex -17.6000 0.0000 4.0000
        vertex -17.6000 -1.6000 4.0000
    endloop
endfacet
facet normal -50.0000 -4.3915 10.0000
    outer loop
        vertex -17.6000 -1.6000 4.0000
        vertex -17.6206 -1.6000 4.3132
        vertex -18.4138 -1.6000 4.2088
    endloop
endfacet
facet normal -50.0000 -4.2610 10.0000
    outer loop
        vertex -18.4138 -1.6000 4.2088
        vertex -18.4000 -1.6000 4.0000
        vertex -17.6000 -1.6000 4.0000
    endloop
endfacet
facet normal -50.0000 -4.3916 10.0000
    outer loop
        vertex -17.6206 -1.6000 4.3132
        vertex -17.6818 -1.6000 4.6211
        vertex -18.4546 -1.6000 4.4141
    endloop
endfacet
facet normal -50.0000 -4.2610 10.0000
    outer loop
        vertex -18.4546 -1.6000 4.4141
        vertex -18.4138 -1.6000 4.2088
        vertex -17.6206 -1.6000 4.3132
    endloop
endfacet
facet normal -50.0000 -4.3916 10.0000
    outer loop
        vertex -17.6818 -1.6000 4.6211
        vertex -17.7826 -1.6000 4.9185
        vertex -18.5218 -1.6000 4.6123
    endloop
endfacet
facet normal -50.0000 -4.2611 10.0000
    outer loop
        vertex -18.5218 -1.6000 4.6123
        vertex -18.4546 -1.6000 4.4141
        vertex -17.6818 -1.6000 4.6211
    endloop
endfacet
facet normal -50.0000 -4.3916 10.0000
    outer loop
        vertex -17.7826 -1.6000 4.9185
        vertex -17.9216 -1.6000 5.2000
        vertex -18.6144 -1.6000 4.8000
    endloop
endfacet
facet normal -50.0000 -4.2611 10.0000
    outer loop
        vertex -18.6144 -1.6000 4.8000
        vertex -18.5218 -1.6000 4.6123
        vertex -17.7826 -1.6000 4.9185
    endloop
endfacet
facet normal -50.0000 -4.3916 10.0000
    outer loop
        vertex -17.9216 -1.6000 5.2000
        vertex -18.0958 -1.6000 5.4611
        vertex -18.7306 -1.6000 4.9741
    endloop
endfacet
facet normal -50.0000 -4.2610 10.0000
    outer loop
        vertex -18.7306 -1.6000 4.9741
        vertex -18.6144 -1.6000 4.8000
        vertex -17.9216 -1.6000 5.2000
    endloop
endfacet
facet normal -50.0000 -4.3916 10.0000
    outer loop
        vertex -18.0958 -1.6000 5.4611
        vertex -18.3030 -1.6000 5.6970
        vertex -18.8686 -1.6000 5.1314
    endloop
endfacet
facet normal -50.0000 -4.2611 10.0000
    outer loop
        vertex -18.8686 -1.6000 5.1314
        vertex -18.7306 -1.6000 4.9741
        vertex -18.0958 -1.6000 5.4611
    endloop
endfacet
facet normal -50.0000 -4.3916 10.0000
    outer loop
        vertex -18.3030 -1.6000 5.6970
        vertex -18.5389 -1.6000 5.9042
        vertex -19.0259 -1.6000 5.2694
    endloop
endfacet
facet normal -50.0000 -4.2611 10.0000
    outer loop
        vertex -19.0259 -1.6000 5.2694
        vertex -18.8686 -1.6000 5.1314
        vertex -18.3030 -1.6000 5.6970
    endloop
endfacet
facet normal -50.0000 -4.3916 10.0000
    outer loop
        vertex -18.5389 -1.6000 5.9042
        vertex -18.8000 -1.6000 6.0784
        vertex -19.2000 -1.6000 5.3856
    endloop
endfacet
facet normal -50.0000 -4.2610 10.0000
    outer loop
        vertex -19.2000 -1.6000 5.3856
        vertex -19.0259 -1.6000 5.2694
        vertex -18.5389 -1.6000 5.9042
    endloop
endfacet
facet normal -50.0000 -4.3916 10.0000
    outer loop
        vertex -18.8000 -1.6000 6.0784
        vertex -19.0815 -1.6000 6.2174
        vertex -19.3877 -1.6000 5.4782
    endloop
endfacet
facet normal -50.0000 -4.2611 10.0000
    outer loop
        vertex -19.3877 -1.6000 5.4782
        vertex -19.2000 -1.6000 5.3856
        vertex -18.8000 -1.6000 6.0784
    endloop
endfacet
facet normal -50.0000 -4.3916 10.0000
    outer loop
        vertex -19.0815 -1.6000 6.2174
        vertex -19.3789 -1.6000 6.3182
        vertex -19.5859 -1.6000 5.5454
    endloop
endfacet
facet normal -50.0000 -4.2611 10.0000
    outer loop
        vertex -19.5859 -1.6000 5.5454
        vertex -19.3877 -1.6000 5.4782
        vertex -19.0815 -1.6000 6.2174
    endloop
endfacet
facet normal -50.0000 -4.3916 10.0000
    outer loop
        vertex -19.3789 -1.6000 6.3182
        vertex -19.6868 -1.6000 6.3794
        vertex -19.7912 -1.6000 5.5862
    endloop
endfacet
facet normal -50.0000 -4.2610 10.0000
    outer loop
        vertex -19.7912 -1.6000 5.5862
        vertex -19.5859 -1.6000 5.5454
        vertex -19.3789 -1.6000 6.3182
    endloop
endfacet
facet normal -50.0000 -4.3915 10.0000
    outer loop
        vertex -19.6868 -1.6000 6.3794
        vertex -20.0000 -1.6000 6.4000
        vertex -20.0000 -1.6000 5.6000
    endloop
endfacet
facet normal -50.0000 -4.2610 10.0000
    outer loop
        vertex -20.0000 -1.6000 5.6000
        vertex -19.7912 -1.6000 5.5862
        vertex -19.6868 -1.6000 6.3794
    endloop
endfacet
facet normal -50.0000 -4.3915 10.0000
    outer loop
        vertex -20.0000 -1.6000 6.4000
        vertex -20.3132 -1.6000 6.3794
        vertex -20.2088 -1.6000 5.5862
    endloop
endfacet
facet normal -50.0000 -4.2610 10.0000
    outer loop
        vertex -20.2088 -1.6000 5.5862
        vertex -20.0000 -1.6000 5.6000
        vertex -20.0000 -1.6000 6.4000
    endloop
endfacet
facet normal -50.0000 -4.3916 10.0000
    outer loop
        vertex -20.3132 -1.6000 6.3794
        vertex -20.6211 -1.6000 6.3182
        vertex -20.4141 -1.6000 5.5454
    endloop
endfacet
facet normal -50.0000 -4.2610 10.0000
    outer loop
        vertex -20.4141 -1.6000 5.5454
        vertex -20.2088 -1.6000 5.5862
        vertex -20.3132 -1.6000 6.3794
    endloop
endfacet
facet normal -50.0000 -4.3916 10.0000
    outer loop
        vertex -20.6211 -1.6000 6.3182
        vertex -20.9185 -1.6000 6.2174
        vertex -20.6123 -1.6000 5.4782
    endloop
endfacet
facet normal -50.0000 -4.2611 10.0000
    outer loop
        vertex -20.6123 -1.6000 5.4782
        vertex -20.4141 -1.6000 5.5454
        vertex -20.6211 -1.6000 6.3182
    endloop
endfacet
facet normal -50.0000 -4.3916 10.0000
    outer loop
        vertex -20.9185 -1.6000 6.2174
        vertex -21.2000 -1.6000 6.0784
        vertex -20.8000 -1.6000 5.3856
    endloop
endfacet
facet normal -50.0000 -4.2611 10.0000
    outer loop
        vertex -20.8000 -1.6000 5.3856
        vertex -20.6123 -1.6000 5.4782
        vertex -20.9185 -1.6000 6.2174
    endloop
endfacet
facet normal -50.0000 -4.3916 10.0000
    outer loop
        vertex -21.2000 -1.6000 6.0784
        vertex -21.4611 -1.6000 5.9042
        vertex -20.9741 -1.6000 5.2694
    endloop
endfacet
facet normal -50.0000 -4.2610 10.0000
    outer loop
        vertex -20.9741 -1.6000 5.2694
        vertex -20.8000 -1.6000 5.3856
        vertex -21.2000 -1.6000 6.0784
    endloop
endfacet
facet normal -50.0000 -4.3916 10.0000
    outer loop
        vertex -21.4611 -1.6000 5.9042
        vertex -21.6970 -1.6000 5.6970
        vertex -21.1314 -1.6000 5.1314
    endloop
endfacet
facet normal -50.0000 -4.2611 10.0000
    outer loop
        vertex -21.1314 -1.6000 5.1314
        vertex -20.9741 -1.6000 5.2694
        vertex -21.4611 -1.6000 5.9042
    endloop
endfacet
facet normal -50.0000 -4.3916 10.0000
    outer loop
        vertex -21.6970 -1.6000 5.6970
        vertex -21.9042 -1.6000 5.4611
        vertex -21.2694 -1.6000 4.9741
    endloop
endfacet
facet normal -50.0000 -4.2611 10.0000
    outer loop
        vertex -21.2694 -1.6000 4.9741
        vertex -21.1314 -1.6000 5.1314
        vertex -21.6970 -1.6000 5.6970
    endloop
endfacet
facet normal -50.0000 -4.3916 10.0000
    outer loop
        vertex -21.9042 -1.6000 5.4611
        vertex -22.0784 -1.6000 5.2000
        vertex -21.3856 -1.6000 4.8000
    endloop
endfacet
facet normal -50.0000 -4.2610 10.0000
    outer loop
        vertex -21.3856 -1.6000 4.8000
        vertex -21.2694 -1.6000 4.9741
        vertex -21.9042 -1.6000 5.4611
    endloop
endfacet
facet normal -50.0000 -4.3916 10.0000
    outer loop
        vertex -22.0784 -1.6000 5.2000
        vertex -22.2174 -1.6000 4.9185
        vertex -21.4782 -1.6000 4.6123
    endloop
endfacet
facet normal -50.0000 -4.2611 10.0000
    outer loop
        vertex -21.4782 -1.6000 4.6123
        vertex -21.3856 -1.6000 4.8000
        vertex -22.0784 -1.6000 5.2000
    endloop
endfacet
facet normal -50.0000 -4.3916 10.0000
    outer loop
        vertex -22.2174 -1.6000 4.9185
        vertex -22.3182 -1.6000 4.6211
        vertex -21.5454 -1.6000 4.4141
    endloop
endfacet
facet normal -50.0000 -4.2611 10.0000
    outer loop
        vertex -21.5454 -1.6000 4.4141
        vertex -21.4782 -1.6000 4.6123
        vertex -22.2174 -1.6000 4.9185
    endloop
endfacet
facet normal -50.0000 -4.3916 10.0000
    outer loop
        vertex -22.3182 -1.6000 4.6211
        vertex -22.3794 -1.6000 4.3132
        vertex -21.5862 -1.6000 4.2088
    endloop
endfacet
facet normal -50.0000 -4.2610 10.0000
    outer loop
        vertex -21.5862 -1.6000 4.2088
        vertex -21.5454 -1.6000 4.4141
        vertex -22.3182 -1.6000 4.6211
    endloop
endfacet
facet normal -50.0000 -4.3915 10.0000
    outer loop
        vertex -22.3794 -1.6000 4.3132
        vertex -22.4000 -1.6000 4.0000
        vertex -21.6000 -1.6000 4.0000
    endloop
endfacet
facet normal -50.0000 -4.2610 10.0000
    outer loop
        vertex -21.6000 -1.6000 4.0000
        vertex -21.5862 -1.6000 4.2088
        vertex -22.3794 -1.6000 4.3132
    endloop
endfacet
facet normal -50.0000 -4.3915 10.0000
    outer loop
        vertex -22.4000 -1.6000 4.0000
        vertex -22.3794 -1.6000 3.6868
        vertex -21.5862 -1.6000 3.7912
    endloop
endfacet
facet normal -50.0000 -4.2610 10.0000
    outer loop
        vertex -21.5862 -1.6000 3.7912
        vertex -21.6000 -1.6000 4.0000
        vertex -22.4000 -1.6000 4.0000
    endloop
endfacet
facet normal -50.0000 -4.3916 10.0000
    outer loop
        vertex -22.3794 -1.6000 3.6868
        vertex -22.3182 -1.6000 3.3789
        vertex -21.5454 -1.6000 3.5859
    endloop
endfacet
facet normal -50.0000 -4.2610 10.0000
    outer loop
        vertex -21.5454 -1.6000 3.5859
        vertex -21.5862 -1.6000 3.7912
        vertex -22.3794 -1.6000 3.6868
    endloop
endfacet
facet normal -50.0000 -4.3916 10.0000
    outer loop
        vertex -22.3182 -1.6000 3.3789
        vertex -22.2174 -1.6000 3.0815
        vertex -21.4782 -1.6000 3.3877
    endloop
endfacet
facet normal -50.0000 -4.2611 10.0000
    outer loop
        vertex -21.4782 -1.6000 3.3877
        vertex -21.5454 -1.6000 3.5859
        vertex -22.3182 -1.6000 3.3789
    endloop
endfacet
facet normal -50.0000 -4.3916 10.0000
    outer loop
        vertex -22.2174 -1.6000 3.0815
        vertex -22.0784 -1.6000 2.8000
        vertex -21.3856 -1.6000 3.2000
    endloop
endfacet
facet normal -50.0000 -4.2611 10.0000
    outer loop
        vertex -21.3856 -1.6000 3.2000
        vertex -21.4782 -1.6000 3.3877
        vertex -22.2174 -1.6000 3.0815
    endloop
endfacet
facet normal -50.0000 -4.3916 10.0000
    outer loop
        vertex -22.0784 -1.6000 2.8000
        vertex -21.9042 -1.6000 2.5389
        vertex -21.2694 -1.6000 3.0259
    endloop
endfacet
facet normal -50.0000 -4.2610 10.0000
    outer loop
        vertex -21.2694 -1.6000 3.0259
        vertex -21.3856 -1.6000 3.2000
        vertex -22.0784 -1.6000 2.8000
    endloop
endfacet
facet normal -50.0000 -4.3916 10.0000
    outer loop
        vertex -21.9042 -1.6000 2.5389
        vertex -21.6970 -1.6000 2.3030
        vertex -21.1314 -1.6000 2.8686
    endloop
endfacet
facet normal -50.0000 -4.2611 10.0000
    outer loop
        vertex -21.1314 -1.6000 2.8686
        vertex -21.2694 -1.6000 3.0259
        vertex -21.9042 -1.6000 2.5389
    endloop
endfacet
facet normal -50.0000 -4.3916 10.0000
    outer loop
        vertex -21.6970 -1.6000 2.3030
        vertex -21.4611 -1.6000 2.0958
        vertex -20.9741 -1.6000 2.7306
    endloop
endfacet
facet normal -50.0000 -4.2611 10.0000
    outer loop
        vertex -20.9741 -1.6000 2.7306
        vertex -21.1314 -1.6000 2.8686
        vertex -21.6970 -1.6000 2.3030
    endloop
endfacet
facet normal -50.0000 -4.3916 10.0000
    outer loop
        vertex -21.4611 -1.6000 2.0958
        vertex -21.2000 -1.6000 1.9216
        vertex -20.8000 -1.6000 2.6144
    endloop
endfacet
facet normal -50.0000 -4.2610 10.0000
    outer loop
        vertex -20.8000 -1.6000 2.6144
        vertex -20.9741 -1.6000 2.7306
        vertex -21.4611 -1.6000 2.0958
    endloop
endfacet
facet normal -50.0000 -4.3916 10.0000
    outer loop
        vertex -21.2000 -1.6000 1.9216
        vertex -20.9185 -1.6000 1.7826
        vertex -20.6123 -1.6000 2.5218
    endloop
endfacet
facet normal -50.0000 -4.2611 10.0000
    outer loop
        vertex -20.6123 -1.6000 2.5218
        vertex -20.8000 -1.6000 2.6144
        vertex -21.2000 -1.6000 1.9216
    endloop
endfacet
facet normal -50.0000 -4.3916 10.0000
    outer loop
        vertex -20.9185 -1.6000 1.7826
        vertex -20.6211 -1.6000 1.6818
        vertex -20.4141 -1.6000 2.4546
    endloop
endfacet
facet normal -50.0000 -4.2611 10.0000
    outer loop
        vertex -20.4141 -1.6000 2.4546
        vertex -20.6123 -1.6000 2.5218
        vertex -20.9185 -1.6000 1.7826
    endloop
endfacet
facet normal -50.0000 -4.3916 10.0000
    outer loop
        vertex -20.6211 -1.6000 1.6818
        vertex -20.3132 -1.6000 1.6206
        vertex -20.2088 -1.6000 2.4138
    endloop
endfacet
facet normal -50.0000 -4.2610 10.0000
    outer loop
        vertex -20.2088 -1.6000 2.4138
        vertex -20.4141 -1.6000 2.4546
        vertex -20.6211 -1.6000 1.6818
    endloop
endfacet
facet normal -50.0000 -4.3915 10.0000
    outer loop
        vertex -20.3132 -1.6000 1.6206
        vertex -20.0000 -1.6000 1.6000
        vertex -20.0000 -1.6000 2.4000
    endloop
endfacet
facet normal -50.0000 -4.2610 10.0000
    outer loop
        vertex -20.0000 -1.6000 2.4000
        vertex -20.2088 -1.6000 2.4138
        vertex -20.3132 -1.6000 1.6206
    endloop
endfacet
facet normal -50.0000 -4.3915 10.0000
    outer loop
        vertex -20.0000 -1.6000 1.6000
        vertex -19.6868 -1.6000 1.6206
        vertex -19.7912 -1.6000 2.4138
    endloop
endfacet
facet normal -50.0000 -4.2610 10.0000
    outer loop
        vertex -19.7912 -1.6000 2.4138
        vertex -20.0000 -1.6000 2.4000
        vertex -20.0000 -1.6000 1.6000
    endloop
endfacet
facet normal -50.0000 -4.3916 10.0000
    outer loop
        vertex -19.6868 -1.6000 1.6206
        vertex -19.3789 -1.6000 1.6818
        vertex -19.5859 -1.6000 2.4546
    endloop
endfacet
facet normal -50.0000 -4.2610 10.0000
    outer loop
        vertex -19.5859 -1.6000 2.4546
        vertex -19.7912 -1.6000 2.4138
        vertex -19.6868 -1.6000 1.6206
    endloop
endfacet
facet normal -50.0000 -4.3916 10.0000
    outer loop
        vertex -19.3789 -1.6000 1.6818
        vertex -19.0815 -1.6000 1.7826
        vertex -19.3877 -1.6000 2.5218
    endloop
endfacet
facet normal -50.0000 -4.2611 10.0000
    outer loop
        vertex -19.3877 -1.6000 2.5218
        vertex -19.5859 -1.6000 2.4546
        vertex -19.3789 -1.6000 1.6818
    endloop
endfacet
facet normal -50.0000 -4.3916 10.0000
    outer loop
        vertex -19.0815 -1.6000 1.7826
        vertex -18.8000 -1.6000 1.9216
        vertex -19.2000 -1.6000 2.6144
    endloop
endfacet
facet normal -50.0000 -4.2611 10.0000
    outer loop
        vertex -19.2000 -1.6000 2.6144
        vertex -19.3877 -1.6000 2.5218
        vertex -19.0815 -1.6000 1.7826
    endloop
endfacet
facet normal -50.0000 -4.3916 10.0000
    outer loop
        vertex -18.8000 -1.6000 1.9216
        vertex -18.5389 -1.6000 2.0958
        vertex -19.0259 -1.6000 2.7306
    endloop
endfacet
facet normal -50.0000 -4.2610 10.0000
    outer loop
        vertex -19.0259 -1.6000 2.7306
        vertex -19.2000 -1.6000 2.6144
        vertex -18.8000 -1.6000 1.9216
    endloop
endfacet
facet normal -50.0000 -4.3916 10.0000
    outer loop
        vertex -18.5389 -1.6000 2.0958
        vertex -18.3030 -1.6000 2.3030
        vertex -18.8686 -1.6000 2.8686
    endloop
endfacet
facet normal -50.0000 -4.2611 10.0000
    outer loop
        vertex -18.8686 -1.6000 2.8686
        vertex -19.0259 -1.6000 2.7306
        vertex -18.5389 -1.6000 2.0958
    endloop
endfacet
facet normal -50.0000 -4.3916 10.0000
    outer loop
        vertex -18.3030 -1.6000 2.3030
        vertex -18.0958 -1.6000 2.5389
        vertex -18.7306 -1.6000 3.0259
    endloop
endfacet
facet normal -50.0000 -4.2611 10.0000
    outer loop
        vertex -18.7306 -1.6000 3.0259
        vertex -18.8686 -1.6000 2.8686
        vertex -18.3030 -1.6000 2.3030
    endloop
endfacet
facet normal -50.0000 -4.3916 10.0000
    outer loop
        vertex -18.0958 -1.6000 2.5389
        vertex -17.9216 -1.6000 2.8000
        vertex -18.6144 -1.6000 3.2000
    endloop
endfacet
facet normal -50.0000 -4.2610 10.0000
    outer loop
        vertex -18.6144 -1.6000 3.2000
        vertex -18.7306 -1.6000 3.0259
        vertex -18.0958 -1.6000 2.5389
    endloop
endfacet
facet normal -50.0000 -4.3916 10.0000
    outer loop
        vertex -17.9216 -1.6000 2.8000
        vertex -17.7826 -1.6000 3.0815
        vertex -18.5218 -1.6000 3.3877
    endloop
endfacet
facet normal -50.0000 -4.2611 10.0000
    outer loop
        vertex -18.5218 -1.6000 3.3877
        vertex -18.6144 -1.6000 3.2000
        vertex -17.9216 -1.6000 2.8000
    endloop
endfacet
facet normal -50.0000 -4.3916 10.0000
    outer loop
        vertex -17.7826 -1.6000 3.0815
        vertex -17.6818 -1.6000 3.3789
        vertex -18.4546 -1.6000 3.5859
    endloop
endfacet
facet normal -50.0000 -4.2611 10.0000
    outer loop
        vertex -18.4546 -1.6000 3.5859
        vertex -18.5218 -1.6000 3.3877
        vertex -17.7826 -1.6000 3.0815
    endloop
endfacet
facet normal -50.0000 -4.3916 10.0000
    outer loop
        vertex -17.6818 -1.6000 3.3789
        vertex -17.6206 -1.6000 3.6868
        vertex -18.4138 -1.6000 3.7912
    endloop
endfacet
facet normal -50.0000 -4.2610 10.0000
    outer loop
        vertex -18.4138 -1.6000 3.7912
        vertex -18.4546 -1.6000 3.5859
        vertex -17.6818 -1.6000 3.3789
    endloop
endfacet
facet normal -50.0000 -4.3915 10.0000
    outer loop
        vertex -17.6206 -1.6000 3.6868
        vertex -17.6000 -1.6000 4.0000
        vertex -18.4000 -1.6000 4.0000
    endloop
endfacet
facet normal -50.0000 -4.2610 10.0000
    outer loop
        vertex -18.4000 -1.6000 4.0000
        vertex -18.4138 -1.6000 3.7912
        vertex -17.6206 -1.6000 3.6868
    endloop
endfacet
facet normal -30.5220 -4.0000 9.9656
    outer loop
        vertex -10.4138 -1.6000 4.2088
        vertex -10.4000 0.0000 4.0000
        vertex -10.4000 -1.6000 4.0000
    endloop
endfacet
facet normal -30.5220 -4.0000 9.9656
    outer loop
        vertex -10.4000 0.0000 4.0000
        vertex -10.4138 -1.6000 4.2088
        vertex -10.4138 0.0000 4.2088
    endloop
endfacet
facet normal -30.5132 -4.0000 9.8980
    outer loop
        vertex -10.4546 -1.6000 4.4141
        vertex -10.4138 0.0000 4.2088
        vertex -10.4138 -1.6000 4.2088
    endloop
endfacet
facet normal -30.5132 -4.0000 9.8980
    outer loop
        vertex -10.4138 0.0000 4.2088
        vertex -10.4546 -1.6000 4.4141
        vertex -10.4546 0.0000 4.4141
    endloop
endfacet
facet normal -30.4956 -4.0000 9.8320
    outer loop
        vertex -10.5218 -1.6000 4.6123
        vertex -10.4546 0.0000 4.4141
        vertex -10.4546 -1.6000 4.4141
    endloop
endfacet
facet normal -30.4956 -4.0000 9.8320
    outer loop
        vertex -10.4546 0.0000 4.4141
        vertex -10.5218 -1.6000 4.6123
        vertex -10.5218 0.0000 4.6123
    endloop
endfacet
facet normal -30.4692 -4.0000 9.7684
    outer loop
        vertex -10.6144 -1.6000 4.8000
        vertex -10.5218 0.0000 4.6123
        vertex -10.5218 -1.6000 4.6123
    endloop
endfacet
facet normal -30.4692 -4.0000 9.7684
    outer loop
        vertex -10.5218 0.0000 4.6123
        vertex -10.6144 -1.6000 4.8000
        vertex -10.6144 0.0000 4.8000
    endloop
endfacet
facet normal -30.4352 -4.0000 9.7096
    outer loop
        vertex -10.7306 -1.6000 4.9741
        vertex -10.6144 0.0000 4.8000
        vertex -10.6144 -1.6000 4.8000
    endloop
endfacet
facet normal -30.4352 -4.0000 9.7096
    outer loop
        vertex -10.6144 0.0000 4.8000
        vertex -10.7306 -1.6000 4.9741
        vertex -10.7306 0.0000 4.9741
    endloop
endfacet
facet normal -30.3932 -4.0000 9.6548
    outer loop
        vertex -10.8686 -1.6000 5.1314
        vertex -10.7306 0.0000 4.9741
        vertex -10.7306 -1.6000 4.9741
    endloop
endfacet
facet normal -30.3932 -4.0000 9.6548
    outer loop
        vertex -10.7306 0.0000 4.9741
        vertex -10.8686 -1.6000 5.1314
        vertex -10.8686 0.0000 5.1314
    endloop
endfacet
facet normal -30.3452 -4.0000 9.6068
    outer loop
        vertex -11.0259 -1.6000 5.2694
        vertex -10.8686 0.0000 5.1314
        vertex -10.8686 -1.6000 5.1314
    endloop
endfacet
facet normal -30.3452 -4.0000 9.6068
    outer loop
        vertex -10.8686 0.0000 5.1314
        vertex -11.0259 -1.6000 5.2694
        vertex -11.0259 0.0000 5.2694
    endloop
endfacet
facet normal -30.2904 -4.0000 9.5648
    outer loop
        vertex -11.2000 -1.6000 5.3856
        vertex -11.0259 0.0000 5.2694
        vertex -11.0259 -1.6000 5.2694
    endloop
endfacet
facet normal -30.2904 -4.0000 9.5648
    outer loop
        vertex -11.0259 0.0000 5.2694
        vertex -11.2000 -1.6000 5.3856
        vertex -11.2000 0.0000 5.3856
    endloop
endfacet
facet normal -30.2316 -4.0000 9.5308
    outer loop
        vertex -11.3877 -1.6000 5.4782
        vertex -11.2000 0.0000 5.3856
        vertex -11.2000 -1.6000 5.3856
    endloop
endfacet
facet normal -30.2316 -4.0000 9.5308
    outer loop
        vertex -11.2000 0.0000 5.3856
        vertex -11.3877 -1.6000 5.4782
        vertex -11.3877 0.0000 5.4782
    endloop
endfacet
facet normal -30.1680 -4.0000 9.5044
    outer loop
        vertex -11.5859 -1.6000 5.5454
        vertex -11.3877 0.0000 5.4782
        vertex -11.3877 -1.6000 5.4782
    endloop
endfacet
facet normal -30.1680 -4.0000 9.5044
    outer loop
        vertex -11.3877 0.0000 5.4782
        vertex -11.5859 -1.6000 5.5454
        vertex -11.5859 0.0000 5.5454
    endloop
endfacet
facet normal -30.1020 -4.0000 9.4868
    outer loop
        vertex -11.7912 -1.6000 5.5862
        vertex -11.5859 0.0000 5.5454
        vertex -11.5859 -1.6000 5.5454
    endloop
endfacet
facet normal -30.1020 -4.0000 9.4868
    outer loop
        vertex -11.5859 0.0000 5.5454
        vertex -11.7912 -1.6000 5.5862
        vertex -11.7912 0.0000 5.5862
    endloop
endfacet
facet normal -30.0344 -4.0000 9.4780
    outer loop
        vertex -12.0000 -1.6000 5.6000
        vertex -11.7912 0.0000 5.5862
        vertex -11.7912 -1.6000 5.5862
    endloop
endfacet
facet normal -30.0344 -4.0000 9.4780
    outer loop
        vertex -11.7912 0.0000 5.5862
        vertex -12.0000 -1.6000 5.6000
        vertex -12.0000 0.0000 5.6000
    endloop
endfacet
facet normal -29.9656 -4.0000 9.4780
    outer loop
        vertex -12.2088 -1.6000 5.5862
        vertex -12.0000 0.0000 5.6000
        vertex -12.0000 -1.6000 5.6000
    endloop
endfacet
facet normal -29.9656 -4.0000 9.4780
    outer loop
        vertex -12.0000 0.0000 5.6000
        vertex -12.2088 -1.6000 5.5862
        vertex -12.2088 0.0000 5.5862
    endloop
endfacet
facet normal -29.8980 -4.0000 9.4868
    outer loop
        vertex -12.4141 -1.6000 5.5454
        vertex -12.2088 0.0000 5.5862
        vertex -12.2088 -1.6000 5.5862
    endloop
endfacet
facet normal -29.8980 -4.0000 9.4868
    outer loop
        vertex -12.2088 0.0000 5.5862
        vertex -12.4141 -1.6000 5.5454
        vertex -12.4141 0.0000 5.5454
    endloop
endfacet
facet normal -29.8320 -4.0000 9.5044
    outer loop
        vertex -12.6123 -1.6000 5.4782
        vertex -12.4141 0.0000 5.5454
        vertex -12.4141 -1.6000 5.5454
    endloop
endfacet
facet normal -29.8320 -4.0000 9.5044
    outer loop
        vertex -12.4141 0.0000 5.5454
        vertex -12.6123 -1.6000 5.4782
        vertex -12.6123 0.0000 5.4782
    endloop
endfacet
facet normal -29.7684 -4.0000 9.5308
    outer loop
        vertex -12.8000 -1.6000 5.3856
        vertex -12.6123 0.0000 5.4782
        vertex -12.6123 -1.6000 5.4782
    endloop
endfacet
facet normal -29.7684 -4.0000 9.5308
    outer loop
        vertex -12.6123 0.0000 5.4782
        vertex -12.8000 -1.6000 5.3856
        vertex -12.8000 0.0000 5.3856
    endloop
endfacet
facet normal -29.7096 -4.0000 9.5648
    outer loop
        vertex -12.9741 -1.6000 5.2694
        vertex -12.8000 0.0000 5.3856
        vertex -12.8000 -1.6000 5.3856
    endloop
endfacet
facet normal -29.7096 -4.0000 9.5648
    outer loop
        vertex -12.8000 0.0000 5.3856
        vertex -12.9741 -1.6000 5.2694
        vertex -12.9741 0.0000 5.2694
    endloop
endfacet
facet normal -29.6548 -4.0000 9.6068
    outer loop
        vertex -13.1314 -1.6000 5.1314
        vertex -12.9741 0.0000 5.2694
        vertex -12.9741 -1.6000 5.2694
    endloop
endfacet
facet normal -29.6548 -4.0000 9.6068
    outer loop
        vertex -12.9741 0.0000 5.2694
        vertex -13.1314 -1.6000 5.1314
        vertex -13.1314 0.0000 5.1314
    endloop
endfacet
facet normal -29.6068 -4.0000 9.6548
    outer loop
        vertex -13.2694 -1.6000 4.9741
        vertex -13.1314 0.0000 5.1314
        vertex -13.1314 -1.6000 5.1314
    endloop
endfacet
facet normal -29.6068 -4.0000 9.6548
    outer loop
        vertex -13.1314 0.0000 5.1314
        vertex -13.2694 -1.6000 4.9741
        vertex -13.2694 0.0000 4.9741
    endloop
endfacet
facet normal -29.5648 -4.0000 9.7096
    outer loop
        vertex -13.3856 -1.6000 4.8000
        vertex -13.2694 0.0000 4.9741
        vertex -13.2694 -1.6000 4.9741
    endloop
endfacet
facet normal -29.5648 -4.0000 9.7096
    outer loop
        vertex -13.2694 0.0000 4.9741
        vertex -13.3856 -1.6000 4.8000
        vertex -13.3856 0.0000 4.8000
    endloop
endfacet
facet normal -29.5308 -4.0000 9.7684
    outer loop
        vertex -13.4782 -1.6000 4.6123
        vertex -13.3856 0.0000 4.8000
        vertex -13.3856 -1.6000 4.8000
    endloop
endfacet
facet normal -29.5308 -4.0000 9.7684
    outer loop
        vertex -13.3856 0.0000 4.8000
        vertex -13.4782 -1.6000 4.6123
        vertex -13.4782 0.0000 4.6123
    endloop
endfacet
facet normal -29.5044 -4.0000 9.8320
    outer loop
        vertex -13.5454 -1.6000 4.4141
        vertex -13.4782 0.0000 4.6123
        vertex -13.4782 -1.6000 4.6123
    endloop
endfacet
facet normal -29.5044 -4.0000 9.8320
    outer loop
        vertex -13.4782 0.0000 4.6123
        vertex -13.5454 -1.6000 4.4141
        vertex -13.5454 0.0000 4.4141
    endloop
endfacet
facet normal -29.4868 -4.0000 9.8980
    outer loop
        vertex -13.5862 -1.6000 4.2088
        vertex -13.5454 0.0000 4.4141
        vertex -13.5454 -1.6000 4.4141
    endloop
endfacet
facet normal -29.4868 -4.0000 9.8980
    outer loop
        vertex -13.5454 0.0000 4.4141
        vertex -13.5862 -1.6000 4.2088
        vertex -13.5862 0.0000 4.2088
    endloop
endfacet
facet normal -29.4780 -4.0000 9.9656
    outer loop
        vertex -13.6000 -1.6000 4.0000
        vertex -13.5862 0.0000 4.2088
        vertex -13.5862 -1.6000 4.2088
    endloop
endfacet
facet normal -29.4780 -4.0000 9.9656
    outer loop
        vertex -13.5862 0.0000 4.2088
        vertex -13.6000 -1.6000 4.0000
        vertex -13.6000 0.0000 4.0000
    endloop
endfacet
facet normal -29.4780 -4.0000 10.0344
    outer loop
        vertex -13.5862 -1.6000 3.7912
        vertex -13.6000 0.0000 4.0000
        vertex -13.6000 -1.6000 4.0000
    endloop
endfacet
facet normal -29.4780 -4.0000 10.0344
    outer loop
        vertex -13.6000 0.0000 4.0000
        vertex -13.5862 -1.6000 3.7912
        vertex -13.5862 0.0000 3.7912
    endloop
endfacet
facet normal -29.4868 -4.0000 10.1020
    outer loop
        vertex -13.5454 -1.6000 3.5859
        vertex -13.5862 0.0000 3.7912
        vertex -13.5862 -1.6000 3.7912
    endloop
endfacet
facet normal -29.4868 -4.0000 10.1020
    outer loop
        vertex -13.5862 0.0000 3.7912
        vertex -13.5454 -1.6000 3.5859
        vertex -13.5454 0.0000 3.5859
    endloop
endfacet
facet normal -29.5044 -4.0000 10.1680
    outer loop
        vertex -13.4782 -1.6000 3.3877
        vertex -13.5454 0.0000 3.5859
        vertex -13.5454 -1.6000 3.5859
    endloop
endfacet
facet normal -29.5044 -4.0000 10.1680
    outer loop
        vertex -13.5454 0.0000 3.5859
        vertex -13.4782 -1.6000 3.3877
        vertex -13.4782 0.0000 3.3877
    endloop
endfacet
facet normal -29.5308 -4.0000 10.2316
    outer loop
        vertex -13.3856 -1.6000 3.2000
        vertex -13.4782 0.0000 3.3877
        vertex -13.4782 -1.6000 3.3877
    endloop
endfacet
facet normal -29.5308 -4.0000 10.2316
    outer loop
        vertex -13.4782 0.0000 3.3877
        vertex -13.3856 -1.6000 3.2000
        vertex -13.3856 0.0000 3.2000
    endloop
endfacet
facet normal -29.5648 -4.0000 10.2904
    outer loop
        vertex -13.2694 -1.6000 3.0259
        vertex -13.3856 0.0000 3.2000
        vertex -13.3856 -1.6000 3.2000
    endloop
endfacet
facet normal -29.5648 -4.0000 10.2904
    outer loop
        vertex -13.3856 0.0000 3.2000
        vertex -13.2694 -1.6000 3.0259
        vertex -13.2694 0.0000 3.0259
    endloop
endfacet
facet normal -29.6068 -4.0000 10.3452
    outer loop
        vertex -13.1314 -1.6000 2.8686
        vertex -13.2694 0.0000 3.0259
        vertex -13.2694 -1.6000 3.0259
    endloop
endfacet
facet normal -29.6068 -4.0000 10.3452
    outer loop
        vertex -13.2694 0.0000 3.0259
        vertex -13.1314 -1.6000 2.8686
        vertex -13.1314 0.0000 2.8686
    endloop
endfacet
facet normal -29.6548 -4.0000 10.3932
    outer loop
        vertex -12.9741 -1.6000 2.7306
        vertex -13.1314 0.0000 2.8686
        vertex -13.1314 -1.6000 2.8686
    endloop
endfacet
facet normal -29.6548 -4.0000 10.3932
    outer loop
        vertex -13.1314 0.0000 2.8686
        vertex -12.9741 -1.6000 2.7306
        vertex -12.9741 0.0000 2.7306
    endloop
endfacet
facet normal -29.7096 -4.0000 10.4352
    outer loop
        vertex -12.8000 -1.6000 2.6144
        vertex -12.9741 0.0000 2.7306
        vertex -12.9741 -1.6000 2.7306
    endloop
endfacet
facet normal -29.7096 -4.0000 10.4352
    outer loop
        vertex -12.9741 0.0000 2.7306
        vertex -12.8000 -1.6000 2.6144
        vertex -12.8000 0.0000 2.6144
    endloop
endfacet
facet normal -29.7684 -4.0000 10.4692
    outer loop
        vertex -12.6123 -1.6000 2.5218
        vertex -12.8000 0.0000 2.6144
        vertex -12.8000 -1.6000 2.6144
    endloop
endfacet
facet normal -29.7684 -4.0000 10.4692
    outer loop
        vertex -12.8000 0.0000 2.6144
        vertex -12.6123 -1.6000 2.5218
        vertex -12.6123 0.0000 2.5218
    endloop
endfacet
facet normal -29.8320 -4.0000 10.4956
    outer loop
        vertex -12.4141 -1.6000 2.4546
        vertex -12.6123 0.0000 2.5218
        vertex -12.6123 -1.6000 2.5218
    endloop
endfacet
facet normal -29.8320 -4.0000 10.4956
    outer loop
        vertex -12.6123 0.0000 2.5218
        vertex -12.4141 -1.6000 2.4546
        vertex -12.4141 0.0000 2.4546
    endloop
endfacet
facet normal -29.8980 -4.0000 10.5132
    outer loop
        vertex -12.2088 -1.6000 2.4138
        vertex -12.4141 0.0000 2.4546
        vertex -12.4141 -1.6000 2.4546
    endloop
endfacet
facet normal -29.8980 -4.0000 10.5132
    outer loop
        vertex -12.4141 0.0000 2.4546
        vertex -12.2088 -1.6000 2.4138
        vertex -12.2088 0.0000 2.4138
    endloop
endfacet
facet normal -29.9656 -4.0000 10.5220
    outer loop
        vertex -12.0000 -1.6000 2.4000
        vertex -12.2088 0.0000 2.4138
        vertex -12.2088 -1.6000 2.4138
    endloop
endfacet
facet normal -29.9656 -4.0000 10.5220
    outer loop
        vertex -12.2088 0.0000 2.4138
        vertex -12.0000 -1.6000 2.4000
        vertex -12.0000 0.0000 2.4000
    endloop
endfacet
facet normal -30.0344 -4.0000 10.5220
    outer loop
        vertex -11.7912 -1.6000 2.4138
        vertex -12.0000 0.0000 2.4000
        vertex -12.0000 -1.6000 2.4000
    endloop
endfacet
facet normal -30.0344 -4.0000 10.5220
    outer loop
        vertex -12.0000 0.0000 2.4000
        vertex -11.7912 -1.6000 2.4138
        vertex -11.7912 0.0000 2.4138
    endloop
endfacet
facet normal -30.1020 -4.0000 10.5132
    outer loop
        vertex -11.5859 -1.6000 2.4546
        vertex -11.7912 0.0000 2.4138
        vertex -11.7912 -1.6000 2.4138
    endloop
endfacet
facet normal -30.1020 -4.0000 10.5132
    outer loop
        vertex -11.7912 0.0000 2.4138
        vertex -11.5859 -1.6000 2.4546
        vertex -11.5859 0.0000 2.4546
    endloop
endfacet
facet normal -30.1680 -4.0000 10.4956
    outer loop
        vertex -11.3877 -1.6000 2.5218
        vertex -11.5859 0.0000 2.4546
        vertex -11.5859 -1.6000 2.4546
    endloop
endfacet
facet normal -30.1680 -4.0000 10.4956
    outer loop
        vertex -11.5859 0.0000 2.4546
        vertex -11.3877 -1.6000 2.5218
        vertex -11.3877 0.0000 2.5218
    endloop
endfacet
facet normal -30.2316 -4.0000 10.4692
    outer loop
        vertex -11.2000 -1.6000 2.6144
        vertex -11.3877 0.0000 2.5218
        vertex -11.3877 -1.6000 2.5218
    endloop
endfacet
facet normal -30.2316 -4.0000 10.4692
    outer loop
        vertex -11.3877 0.0000 2.5218
        vertex -11.2000 -1.6000 2.6144
        vertex -11.2000 0.0000 2.6144
    endloop
endfacet
facet normal -30.2904 -4.0000 10.4352
    outer loop
        vertex -11.0259 -1.6000 2.7306
        vertex -11.2000 0.0000 2.6144
        vertex -11.2000 -1.6000 2.6144
    endloop
endfacet
facet normal -30.2904 -4.0000 10.4352
    outer loop
        vertex -11.2000 0.0000 2.6144
        vertex -11.0259 -1.6000 2.7306
        vertex -11.0259 0.0000 2.7306
    endloop
endfacet
facet normal -30.3452 -4.0000 10.3932
    outer loop
        vertex -10.8686 -1.6000 2.8686
        vertex -11.0259 0.0000 2.7306
        vertex -11.0259 -1.6000 2.7306
    endloop
endfacet
facet normal -30.3452 -4.0000 10.3932
    outer loop
        vertex -11.0259 0.0000 2.7306
        vertex -10.8686 -1.6000 2.8686
        vertex -10.8686 0.0000 2.8686
    endloop
endfacet
facet normal -30.3932 -4.0000 10.3452
    outer loop
        vertex -10.7306 -1.6000 3.0259
        vertex -10.8686 0.0000 2.8686
        vertex -10.8686 -1.6000 2.8686
    endloop
endfacet
facet normal -30.3932 -4.0000 10.3452
    outer loop
        vertex -10.8686 0.0000 2.8686
        vertex -10.7306 -1.6000 3.0259
        vertex -10.7306 0.0000 3.0259
    endloop
endfacet
facet normal -30.4352 -4.0000 10.2904
    outer loop
        vertex -10.6144 -1.6000 3.2000
        vertex -10.7306 0.0000 3.0259
        vertex -10.7306 -1.6000 3.0259
    endloop
endfacet
facet normal -30.4352 -4.0000 10.2904
    outer loop
        vertex -10.7306 0.0000 3.0259
        vertex -10.6144 -1.6000 3.2000
        vertex -10.6144 0.0000 3.2000
    endloop
endfacet
facet normal -30.4692 -4.0000 10.2316
    outer loop
        vertex -10.5218 -1.6000 3.3877
        vertex -10.6144 0.0000 3.2000
        vertex -10.6144 -1.6000 3.2000
    endloop
endfacet
facet normal -30.4692 -4.0000 10.2316
    outer loop
        vertex -10.6144 0.0000 3.2000
        vertex -10.5218 -1.6000 3.3877
        vertex -10.5218 0.0000 3.3877
    endloop
endfacet
facet normal -30.4956 -4.0000 10.1680
    outer loop
        vertex -10.4546 -1.6000 3.5859
        vertex -10.5218 0.0000 3.3877
        vertex -10.5218 -1.6000 3.3877
    endloop
endfacet
facet normal -30.4956 -4.0000 10.1680
    outer loop
        vertex -10.5218 0.0000 3.3877
        vertex -10.4546 -1.6000 3.5859
        vertex -10.4546 0.0000 3.5859
    endloop
endfacet
facet normal -30.5132 -4.0000 10.1020
    outer loop
        vertex -10.4138 -1.6000 3.7912
        vertex -10.4546 0.0000 3.5859
        vertex -10.4546 -1.6000 3.5859
    endloop
endfacet
facet normal -30.5132 -4.0000 10.1020
    outer loop
        vertex -10.4546 0.0000 3.5859
        vertex -10.4138 -1.6000 3.7912
        vertex -10.4138 0.0000 3.7912
    endloop
endfacet
facet normal -30.5220 -4.0000 10.0344
    outer loop
        vertex -10.4000 -1.6000 4.0000
        vertex -10.4138 0.0000 3.7912
        vertex -10.4138 -1.6000 3.7912
    endloop
endfacet
facet normal -30.5220 -4.0000 10.0344
    outer loop
        vertex -10.4138 0.0000 3.7912
        vertex -10.4000 -1.6000 4.0000
        vertex -10.4000 0.0000 4.0000
    endloop
endfacet
facet normal -29.2170 -4.0000 10.0516
    outer loop
        vertex -9.6206 -1.6000 4.3132
        vertex -9.6000 -1.6000 4.0000
        vertex -9.6000 0.0000 4.0000
    endloop
endfacet
facet normal -29.2170 -4.0000 10.0516
    outer loop
        vertex -9.6000 0.0000 4.0000
        vertex -9.6206 0.0000 4.3132
        vertex -9.6206 -1.6000 4.3132
    endloop
endfacet
facet normal -29.2302 -4.0000 10.1530
    outer loop
        vertex -9.6818 -1.6000 4.6211
        vertex -9.6206 -1.6000 4.3132
        vertex -9.6206 0.0000 4.3132
    endloop
endfacet
facet normal -29.2302 -4.0000 10.1530
    outer loop
        vertex -9.6206 0.0000 4.3132
        vertex -9.6818 0.0000 4.6211
        vertex -9.6818 -1.6000 4.6211
    endloop
endfacet
facet normal -29.2566 -4.0000 10.2520
    outer loop
        vertex -9.7826 -1.6000 4.9185
        vertex -9.6818 -1.6000 4.6211
        vertex -9.6818 0.0000 4.6211
    endloop
endfacet
facet normal -29.2566 -4.0000 10.2520
    outer loop
        vertex -9.6818 0.0000 4.6211
        vertex -9.7826 0.0000 4.9185
        vertex -9.7826 -1.6000 4.9185
    endloop
endfacet
facet normal -29.2962 -4.0000 10.3474
    outer loop
        vertex -9.9216 -1.6000 5.2000
        vertex -9.7826 -1.6000 4.9185
        vertex -9.7826 0.0000 4.9185
    endloop
endfacet
facet normal -29.2962 -4.0000 10.3474
    outer loop
        vertex -9.7826 0.0000 4.9185
        vertex -9.9216 0.0000 5.2000
        vertex -9.9216 -1.6000 5.2000
    endloop
endfacet
facet normal -29.3472 -4.0000 10.4356
    outer loop
        vertex -10.0958 -1.6000 5.4611
        vertex -9.9216 -1.6000 5.2000
        vertex -9.9216 0.0000 5.2000
    endloop
endfacet
facet normal -29.3472 -4.0000 10.4356
    outer loop
        vertex -9.9216 0.0000 5.2000
        vertex -10.0958 0.0000 5.4611
        vertex -10.0958 -1.6000 5.4611
    endloop
endfacet
facet normal -29.4102 -4.0000 10.5178
    outer loop
        vertex -10.3030 -1.6000 5.6970
        vertex -10.0958 -1.6000 5.4611
        vertex -10.0958 0.0000 5.4611
    endloop
endfacet
facet normal -29.4102 -4.0000 10.5178
    outer loop
        vertex -10.0958 0.0000 5.4611
        vertex -10.3030 0.0000 5.6970
        vertex -10.3030 -1.6000 5.6970
    endloop
endfacet
facet normal -29.4822 -4.0000 10.5898
    outer loop
        vertex -10.5389 -1.6000 5.9042
        vertex -10.3030 -1.6000 5.6970
        vertex -10.3030 0.0000 5.6970
    endloop
endfacet
facet normal -29.4822 -4.0000 10.5898
    outer loop
        vertex -10.3030 0.0000 5.6970
        vertex -10.5389 0.0000 5.9042
        vertex -10.5389 -1.6000 5.9042
    endloop
endfacet
facet normal -29.5644 -4.0000 10.6528
    outer loop
        vertex -10.8000 -1.6000 6.0784
        vertex -10.5389 -1.6000 5.9042
        vertex -10.5389 0.0000 5.9042
    endloop
endfacet
facet normal -29.5644 -4.0000 10.6528
    outer loop
        vertex -10.5389 0.0000 5.9042
        vertex -10.8000 0.0000 6.0784
        vertex -10.8000 -1.6000 6.0784
    endloop
endfacet
facet normal -29.6526 -4.0000 10.7038
    outer loop
        vertex -11.0815 -1.6000 6.2174
        vertex -10.8000 -1.6000 6.0784
        vertex -10.8000 0.0000 6.0784
    endloop
endfacet
facet normal -29.6526 -4.0000 10.7038
    outer loop
        vertex -10.8000 0.0000 6.0784
        vertex -11.0815 0.0000 6.2174
        vertex -11.0815 -1.6000 6.2174
    endloop
endfacet
facet normal -29.7480 -4.0000 10.7434
    outer loop
        vertex -11.3789 -1.6000 6.3182
        vertex -11.0815 -1.6000 6.2174
        vertex -11.0815 0.0000 6.2174
    endloop
endfacet
facet normal -29.7480 -4.0000 10.7434
    outer loop
        vertex -11.0815 0.0000 6.2174
        vertex -11.3789 0.0000 6.3182
        vertex -11.3789 -1.6000 6.3182
    endloop
endfacet
facet normal -29.8470 -4.0000 10.7698
    outer loop
        vertex -11.6868 -1.6000 6.3794
        vertex -11.3789 -1.6000 6.3182
        vertex -11.3789 0.0000 6.3182
    endloop
endfacet
facet normal -29.8470 -4.0000 10.7698
    outer loop
        vertex -11.3789 0.0000 6.3182
        vertex -11.6868 0.0000 6.3794
        vertex -11.6868 -1.6000 6.3794
    endloop
endfacet
facet normal -29.9484 -4.0000 10.7830
    outer loop
        vertex -12.0000 -1.6000 6.4000
        vertex -11.6868 -1.6000 6.3794
        vertex -11.6868 0.0000 6.3794
    endloop
endfacet
facet normal -29.9484 -4.0000 10.7830
    outer loop
        vertex -11.6868 0.0000 6.3794
        vertex -12.0000 0.0000 6.4000
        vertex -12.0000 -1.6000 6.4000
    endloop
endfacet
facet normal -30.0516 -4.0000 10.7830
    outer loop
        vertex -12.3132 -1.6000 6.3794
        vertex -12.0000 -1.6000 6.4000
        vertex -12.0000 0.0000 6.4000
    endloop
endfacet
facet normal -30.0516 -4.0000 10.7830
    outer loop
        vertex -12.0000 0.0000 6.4000
        vertex -12.3132 0.0000 6.3794
        vertex -12.3132 -1.6000 6.3794
    endloop
endfacet
facet normal -30.1530 -4.0000 10.7698
    outer loop
        vertex -12.6211 -1.6000 6.3182
        vertex -12.3132 -1.6000 6.3794
        vertex -12.3132 0.0000 6.3794
    endloop
endfacet
facet normal -30.1530 -4.0000 10.7698
    outer loop
        vertex -12.3132 0.0000 6.3794
        vertex -12.6211 0.0000 6.3182
        vertex -12.6211 -1.6000 6.3182
    endloop
endfacet
facet normal -30.2520 -4.0000 10.7434
    outer loop
        vertex -12.9185 -1.6000 6.2174
        vertex -12.6211 -1.6000 6.3182
        vertex -12.6211 0.0000 6.3182
    endloop
endfacet
facet normal -30.2520 -4.0000 10.7434
    outer loop
        vertex -12.6211 0.0000 6.3182
        vertex -12.9185 0.0000 6.2174
        vertex -12.9185 -1.6000 6.2174
    endloop
endfacet
facet normal -30.3474 -4.0000 10.7038
    outer loop
        vertex -13.2000 -1.6000 6.0784
        vertex -12.9185 -1.6000 6.2174
        vertex -12.9185 0.0000 6.2174
    endloop
endfacet
facet normal -30.3474 -4.0000 10.7038
    outer loop
        vertex -12.9185 0.0000 6.2174
        vertex -13.2000 0.0000 6.0784
        vertex -13.2000 -1.6000 6.0784
    endloop
endfacet
facet normal -30.4356 -4.0000 10.6528
    outer loop
        vertex -13.4611 -1.6000 5.9042
        vertex -13.2000 -1.6000 6.0784
        vertex -13.2000 0.0000 6.0784
    endloop
endfacet
facet normal -30.4356 -4.0000 10.6528
    outer loop
        vertex -13.2000 0.0000 6.0784
        vertex -13.4611 0.0000 5.9042
        vertex -13.4611 -1.6000 5.9042
    endloop
endfacet
facet normal -30.5178 -4.0000 10.5898
    outer loop
        vertex -13.6970 -1.6000 5.6970
        vertex -13.4611 -1.6000 5.9042
        vertex -13.4611 0.0000 5.9042
    endloop
endfacet
facet normal -30.5178 -4.0000 10.5898
    outer loop
        vertex -13.4611 0.0000 5.9042
        vertex -13.6970 0.0000 5.6970
        vertex -13.6970 -1.6000 5.6970
    endloop
endfacet
facet normal -30.5898 -4.0000 10.5178
    outer loop
        vertex -13.9042 -1.6000 5.4611
        vertex -13.6970 -1.6000 5.6970
        vertex -13.6970 0.0000 5.6970
    endloop
endfacet
facet normal -30.5898 -4.0000 10.5178
    outer loop
        vertex -13.6970 0.0000 5.6970
        vertex -13.9042 0.0000 5.4611
        vertex -13.9042 -1.6000 5.4611
    endloop
endfacet
facet normal -30.6528 -4.0000 10.4356
    outer loop
        vertex -14.0784 -1.6000 5.2000
        vertex -13.9042 -1.6000 5.4611
        vertex -13.9042 0.0000 5.4611
    endloop
endfacet
facet normal -30.6528 -4.0000 10.4356
    outer loop
        vertex -13.9042 0.0000 5.4611
        vertex -14.0784 0.0000 5.2000
        vertex -14.0784 -1.6000 5.2000
    endloop
endfacet
facet normal -30.7038 -4.0000 10.3474
    outer loop
        vertex -14.2174 -1.6000 4.9185
        vertex -14.0784 -1.6000 5.2000
        vertex -14.0784 0.0000 5.2000
    endloop
endfacet
facet normal -30.7038 -4.0000 10.3474
    outer loop
        vertex -14.0784 0.0000 5.2000
        vertex -14.2174 0.0000 4.9185
        vertex -14.2174 -1.6000 4.9185
    endloop
endfacet
facet normal -30.7434 -4.0000 10.2520
    outer loop
        vertex -14.3182 -1.6000 4.6211
        vertex -14.2174 -1.6000 4.9185
        vertex -14.2174 0.0000 4.9185
    endloop
endfacet
facet normal -30.7434 -4.0000 10.2520
    outer loop
        vertex -14.2174 0.0000 4.9185
        vertex -14.3182 0.0000 4.6211
        vertex -14.3182 -1.6000 4.6211
    endloop
endfacet
facet normal -30.7698 -4.0000 10.1530
    outer loop
        vertex -14.3794 -1.6000 4.3132
        vertex -14.3182 -1.6000 4.6211
        vertex -14.3182 0.0000 4.6211
    endloop
endfacet
facet normal -30.7698 -4.0000 10.1530
    outer loop
        vertex -14.3182 0.0000 4.6211
        vertex -14.3794 0.0000 4.3132
        vertex -14.3794 -1.6000 4.3132
    endloop
endfacet
facet normal -30.7830 -4.0000 10.0516
    outer loop
        vertex -14.4000 -1.6000 4.0000
        vertex -14.3794 -1.6000 4.3132
        vertex -14.3794 0.0000 4.3132
    endloop
endfacet
facet normal -30.7830 -4.0000 10.0516
    outer loop
        vertex -14.3794 0.0000 4.3132
        vertex -14.4000 0.0000 4.0000
        vertex -14.4000 -1.6000 4.0000
    endloop
endfacet
facet normal -30.7830 -4.0000 9.9484
    outer loop
        vertex -14.3794 -1.6000 3.6868
        vertex -14.4000 -1.6000 4.0000
        vertex -14.4000 0.0000 4.0000
    endloop
endfacet
facet normal -30.7830 -4.0000 9.9484
    outer loop
        vertex -14.4000 0.0000 4.0000
        vertex -14.3794 0.0000 3.6868
        vertex -14.3794 -1.6000 3.6868
    endloop
endfacet
facet normal -30.7698 -4.0000 9.8470
    outer loop
        vertex -14.3182 -1.6000 3.3789
        vertex -14.3794 -1.6000 3.6868
        vertex -14.3794 0.0000 3.6868
    endloop
endfacet
facet normal -30.7698 -4.0000 9.8470
    outer loop
        vertex -14.3794 0.0000 3.6868
        vertex -14.3182 0.0000 3.3789
        vertex -14.3182 -1.6000 3.3789
    endloop
endfacet
facet normal -30.7434 -4.0000 9.7480
    outer loop
        vertex -14.2174 -1.6000 3.0815
        vertex -14.3182 -1.6000 3.3789
        vertex -14.3182 0.0000 3.3789
    endloop
endfacet
facet normal -30.7434 -4.0000 9.7480
    outer loop
        vertex -14.3182 0.0000 3.3789
        vertex -14.2174 0.0000 3.0815
        vertex -14.2174 -1.6000 3.0815
    endloop
endfacet
facet normal -30.7038 -4.0000 9.6526
    outer loop
        vertex -14.0784 -1.6000 2.8000
        vertex -14.2174 -1.6000 3.0815
        vertex -14.2174 0.0000 3.0815
    endloop
endfacet
facet normal -30.7038 -4.0000 9.6526
    outer loop
        vertex -14.2174 0.0000 3.0815
        vertex -14.0784 0.0000 2.8000
        vertex -14.0784 -1.6000 2.8000
    endloop
endfacet
facet normal -30.6528 -4.0000 9.5644
    outer loop
        vertex -13.9042 -1.6000 2.5389
        vertex -14.0784 -1.6000 2.8000
        vertex -14.0784 0.0000 2.8000
    endloop
endfacet
facet normal -30.6528 -4.0000 9.5644
    outer loop
        vertex -14.0784 0.0000 2.8000
        vertex -13.9042 0.0000 2.5389
        vertex -13.9042 -1.6000 2.5389
    endloop
endfacet
facet normal -30.5898 -4.0000 9.4822
    outer loop
        vertex -13.6970 -1.6000 2.3030
        vertex -13.9042 -1.6000 2.5389
        vertex -13.9042 0.0000 2.5389
    endloop
endfacet
facet normal -30.5898 -4.0000 9.4822
    outer loop
        vertex -13.9042 0.0000 2.5389
        vertex -13.6970 0.0000 2.3030
        vertex -13.6970 -1.6000 2.3030
    endloop
endfacet
facet normal -30.5178 -4.0000 9.4102
    outer loop
        vertex -13.4611 -1.6000 2.0958
        vertex -13.6970 -1.6000 2.3030
        vertex -13.6970 0.0000 2.3030
    endloop
endfacet
facet normal -30.5178 -4.0000 9.4102
    outer loop
        vertex -13.6970 0.0000 2.3030
        vertex -13.4611 0.0000 2.0958
        vertex -13.4611 -1.6000 2.0958
    endloop
endfacet
facet normal -30.4356 -4.0000 9.3472
    outer loop
        vertex -13.2000 -1.6000 1.9216
        vertex -13.4611 -1.6000 2.0958
        vertex -13.4611 0.0000 2.0958
    endloop
endfacet
facet normal -30.4356 -4.0000 9.3472
    outer loop
        vertex -13.4611 0.0000 2.0958
        vertex -13.2000 0.0000 1.9216
        vertex -13.2000 -1.6000 1.9216
    endloop
endfacet
facet normal -30.3474 -4.0000 9.2962
    outer loop
        vertex -12.9185 -1.6000 1.7826
        vertex -13.2000 -1.6000 1.9216
        vertex -13.2000 0.0000 1.9216
    endloop
endfacet
facet normal -30.3474 -4.0000 9.2962
    outer loop
        vertex -13.2000 0.0000 1.9216
        vertex -12.9185 0.0000 1.7826
        vertex -12.9185 -1.6000 1.7826
    endloop
endfacet
facet normal -30.2520 -4.0000 9.2566
    outer loop
        vertex -12.6211 -1.6000 1.6818
        vertex -12.9185 -1.6000 1.7826
        vertex -12.9185 0.0000 1.7826
    endloop
endfacet
facet normal -30.2520 -4.0000 9.2566
    outer loop
        vertex -12.9185 0.0000 1.7826
        vertex -12.6211 0.0000 1.6818
        vertex -12.6211 -1.6000 1.6818
    endloop
endfacet
facet normal -30.1530 -4.0000 9.2302
    outer loop
        vertex -12.3132 -1.6000 1.6206
        vertex -12.6211 -1.6000 1.6818
        vertex -12.6211 0.0000 1.6818
    endloop
endfacet
facet normal -30.1530 -4.0000 9.2302
    outer loop
        vertex -12.6211 0.0000 1.6818
        vertex -12.3132 0.0000 1.6206
        vertex -12.3132 -1.6000 1.6206
    endloop
endfacet
facet normal -30.0516 -4.0000 9.2170
    outer loop
        vertex -12.0000 -1.6000 1.6000
        vertex -12.3132 -1.6000 1.6206
        vertex -12.3132 0.0000 1.6206
    endloop
endfacet
facet normal -30.0516 -4.0000 9.2170
    outer loop
        vertex -12.3132 0.0000 1.6206
        vertex -12.0000 0.0000 1.6000
        vertex -12.0000 -1.6000 1.6000
    endloop
endfacet
facet normal -29.9484 -4.0000 9.2170
    outer loop
        vertex -11.6868 -1.6000 1.6206
        vertex -12.0000 -1.6000 1.6000
        vertex -12.0000 0.0000 1.6000
    endloop
endfacet
facet normal -29.9484 -4.0000 9.2170
    outer loop
        vertex -12.0000 0.0000 1.6000
        vertex -11.6868 0.0000 1.6206
        vertex -11.6868 -1.6000 1.6206
    endloop
endfacet
facet normal -29.8470 -4.0000 9.2302
    outer loop
        vertex -11.3789 -1.6000 1.6818
        vertex -11.6868 -1.6000 1.6206
        vertex -11.6868 0.0000 1.6206
    endloop
endfacet
facet normal -29.8470 -4.0000 9.2302
    outer loop
        vertex -11.6868 0.0000 1.6206
        vertex -11.3789 0.0000 1.6818
        vertex -11.3789 -1.6000 1.6818
    endloop
endfacet
facet normal -29.7480 -4.0000 9.2566
    outer loop
        vertex -11.0815 -1.6000 1.7826
        vertex -11.3789 -1.6000 1.6818
        vertex -11.3789 0.0000 1.6818
    endloop
endfacet
facet normal -29.7480 -4.0000 9.2566
    outer loop
        vertex -11.3789 0.0000 1.6818
        vertex -11.0815 0.0000 1.7826
        vertex -11.0815 -1.6000 1.7826
    endloop
endfacet
facet normal -29.6526 -4.0000 9.2962
    outer loop
        vertex -10.8000 -1.6000 1.9216
        vertex -11.0815 -1.6000 1.7826
        vertex -11.0815 0.0000 1.7826
    endloop
endfacet
facet normal -29.6526 -4.0000 9.2962
    outer loop
        vertex -11.0815 0.0000 1.7826
        vertex -10.8000 0.0000 1.9216
        vertex -10.8000 -1.6000 1.9216
    endloop
endfacet
facet normal -29.5644 -4.0000 9.3472
    outer loop
        vertex -10.5389 -1.6000 2.0958
        vertex -10.8000 -1.6000 1.9216
        vertex -10.8000 0.0000 1.9216
    endloop
endfacet
facet normal -29.5644 -4.0000 9.3472
    outer loop
        vertex -10.8000 0.0000 1.9216
        vertex -10.5389 0.0000 2.0958
        vertex -10.5389 -1.6000 2.0958
    endloop
endfacet
facet normal -29.4822 -4.0000 9.4102
    outer loop
        vertex -10.3030 -1.6000 2.3030
        vertex -10.5389 -1.6000 2.0958
        vertex -10.5389 0.0000 2.0958
    endloop
endfacet
facet normal -29.4822 -4.0000 9.4102
    outer loop
        vertex -10.5389 0.0000 2.0958
        vertex -10.3030 0.0000 2.3030
        vertex -10.3030 -1.6000 2.3030
    endloop
endfacet
facet normal -29.4102 -4.0000 9.4822
    outer loop
        vertex -10.0958 -1.6000 2.5389
        vertex -10.3030 -1.6000 2.3030
        vertex -10.3030 0.0000 2.3030
    endloop
endfacet
facet normal -29.4102 -4.0000 9.4822
    outer loop
        vertex -10.3030 0.0000 2.3030
        vertex -10.0958 0.0000 2.5389
        vertex -10.0958 -1.6000 2.5389
    endloop
endfacet
facet normal -29.3472 -4.0000 9.5644
    outer loop
        vertex -9.9216 -1.6000 2.8000
        vertex -10.0958 -1.6000 2.5389
        vertex -10.0958 0.0000 2.5389
    endloop
endfacet
facet normal -29.3472 -4.0000 9.5644
    outer loop
        vertex -10.0958 0.0000 2.5389
        vertex -9.9216 0.0000 2.8000
        vertex -9.9216 -1.6000 2.8000
    endloop
endfacet
facet normal -29.2962 -4.0000 9.6526
    outer loop
        vertex -9.7826 -1.6000 3.0815
        vertex -9.9216 -1.6000 2.8000
        vertex -9.9216 0.0000 2.8000
    endloop
endfacet
facet normal -29.2962 -4.0000 9.6526
    outer loop
        vertex -9.9216 0.0000 2.8000
        vertex -9.7826 0.0000 3.0815
        vertex -9.7826 -1.6000 3.0815
    endloop
endfacet
facet normal -29.2566 -4.0000 9.7480
    outer loop
        vertex -9.6818 -1.6000 3.3789
        vertex -9.7826 -1.6000 3.0815
        vertex -9.7826 0.0000 3.0815
    endloop
endfacet
facet normal -29.2566 -4.0000 9.7480
    outer loop
        vertex -9.7826 0.0000 3.0815
        vertex -9.6818 0.0000 3.3789
        vertex -9.6818 -1.6000 3.3789
    endloop
endfacet
facet normal -29.2302 -4.0000 9.8470
    outer loop
        vertex -9.6206 -1.6000 3.6868
        vertex -9.6818 -1.6000 3.3789
        vertex -9.6818 0.0000 3.3789
    endloop
endfacet
facet normal -29.2302 -4.0000 9.8470
    outer loop
        vertex -9.6818 0.0000 3.3789
        vertex -9.6206 0.0000 3.6868
        vertex -9.6206 -1.6000 3.6868
    endloop
endfacet
facet normal -29.2170 -4.0000 9.9484
    outer loop
        vertex -9.6000 -1.6000 4.0000
        vertex -9.6206 -1.6000 3.6868
        vertex -9.6206 0.0000 3.6868
    endloop
endfacet
facet normal -29.2170 -4.0000 9.9484
    outer loop
        vertex -9.6206 0.0000 3.6868
        vertex -9.6000 0.0000 4.0000
        vertex -9.6000 -1.6000 4.0000
    endloop
endfacet
facet normal -30.0000 -4.3915 10.0000
    outer loop
        vertex -9.6000 -1.6000 4.0000
        vertex -9.6206 -1.6000 4.3132
        vertex -10.4138 -1.6000 4.2088
    endloop
endfacet
facet normal -30.0000 -4.2610 10.0000
    outer loop
        vertex -10.4138 -1.6000 4.2088
        vertex -10.4000 -1.6000 4.0000
        vertex -9.6000 -1.6000 4.0000
    endloop
endfacet
facet normal -30.0000 -4.3916 10.0000
    outer loop
        vertex -9.6206 -1.6000 4.3132
        vertex -9.6818 -1.6000 4.6211
        vertex -10.4546 -1.6000 4.4141
    endloop
endfacet
facet normal -30.0000 -4.2610 10.0000
    outer loop
        vertex -10.4546 -1.6000 4.4141
        vertex -10.4138 -1.6000 4.2088
        vertex -9.6206 -1.6000 4.3132
    endloop
endfacet
facet normal -30.0000 -4.3916 10.0000
    outer loop
        vertex -9.6818 -1.6000 4.6211
        vertex -9.7826 -1.6000 4.9185
        vertex -10.5218 -1.6000 4.6123
    endloop
endfacet
facet normal -30.0000 -4.2611 10.0000
    outer loop
        vertex -10.5218 -1.6000 4.6123
        vertex -10.4546 -1.6000 4.4141
        vertex -9.6818 -1.6000 4.6211
    endloop
endfacet
facet normal -30.0000 -4.3916 10.0000
    outer loop
        vertex -9.7826 -1.6000 4.9185
        vertex -9.9216 -1.6000 5.2000
        vertex -10.6144 -1.6000 4.8000
    endloop
endfacet
facet normal -30.0000 -4.2611 10.0000
    outer loop
        vertex -10.6144 -1.6000 4.8000
        vertex -10.5218 -1.6000 4.6123
        vertex -9.7826 -1.6000 4.9185
    endloop
endfacet
facet normal -30.0000 -4.3916 10.0000
    outer loop
        vertex -9.9216 -1.6000 5.2000
        vertex -10.0958 -1.6000 5.4611
        vertex -10.7306 -1.6000 4.9741
    endloop
endfacet
facet normal -30.0000 -4.2610 10.0000
    outer loop
        vertex -10.7306 -1.6000 4.9741
        vertex -10.6144 -1.6000 4.8000
        vertex -9.9216 -1.6000 5.2000
    endloop
endfacet
facet normal -30.0000 -4.3916 10.0000
    outer loop
        vertex -10.0958 -1.6000 5.4611
        vertex -10.3030 -1.6000 5.6970
        vertex -10.8686 -1.6000 5.1314
    endloop
endfacet
facet normal -30.0000 -4.2611 10.0000
    outer loop
        vertex -10.8686 -1.6000 5.1314
        vertex -10.7306 -1.6000 4.9741
        vertex -10.0958 -1.6000 5.4611
    endloop
endfacet
facet normal -30.0000 -4.3916 10.0000
    outer loop
        vertex -10.3030 -1.6000 5.6970
        vertex -10.5389 -1.6000 5.9042
        vertex -11.0259 -1.6000 5.2694
    endloop
endfacet
facet normal -30.0000 -4.2611 10.0000
    outer loop
        vertex -11.0259 -1.6000 5.2694
        vertex -10.8686 -1.6000 5.1314
        vertex -10.3030 -1.6000 5.6970
    endloop
endfacet
facet normal -30.0000 -4.3916 10.0000
    outer loop
        vertex -10.5389 -1.6000 5.9042
        vertex -10.8000 -1.6000 6.0784
        vertex -11.2000 -1.6000 5.3856
    endloop
endfacet
facet normal -30.0000 -4.2610 10.0000
    outer loop
        vertex -11.2000 -1.6000 5.3856
        vertex -11.0259 -1.6000 5.2694
        vertex -10.5389 -1.6000 5.9042
    endloop
endfacet
facet normal -30.0000 -4.3916 10.0000
    outer loop
        vertex -10.8000 -1.6000 6.0784
        vertex -11.0815 -1.6000 6.2174
        vertex -11.3877 -1.6000 5.4782
    endloop
endfacet
facet normal -30.0000 -4.2611 10.0000
    outer loop
        vertex -11.3877 -1.6000 5.4782
        vertex -11.2000 -1.6000 5.3856
        vertex -10.8000 -1.6000 6.0784
    endloop
endfacet
facet normal -30.0000 -4.3916 10.0000
    outer loop
        vertex -11.0815 -1.6000 6.2174
        vertex -11.3789 -1.6000 6.3182
        vertex -11.5859 -1.6000 5.5454
    endloop
endfacet
facet normal -30.0000 -4.2611 10.0000
    outer loop
        vertex -11.5859 -1.6000 5.5454
        vertex -11.3877 -1.6000 5.4782
        vertex -11.0815 -1.6000 6.2174
    endloop
endfacet
facet normal -30.0000 -4.3916 10.0000
    outer loop
        vertex -11.3789 -1.6000 6.3182
        vertex -11.6868 -1.6000 6.3794
        vertex -11.7912 -1.6000 5.5862
    endloop
endfacet
facet normal -30.0000 -4.2610 10.0000
    outer loop
        vertex -11.7912 -1.6000 5.5862
        vertex -11.5859 -1.6000 5.5454
        vertex -11.3789 -1.6000 6.3182
    endloop
endfacet
facet normal -30.0000 -4.3915 10.0000
    outer loop
        vertex -11.6868 -1.6000 6.3794
        vertex -12.0000 -1.6000 6.4000
        vertex -12.0000 -1.6000 5.6000
    endloop
endfacet
facet normal -30.0000 -4.2610 10.0000
    outer loop
        vertex -12.0000 -1.6000 5.6000
        vertex -11.7912 -1.6000 5.5862
        vertex -11.6868 -1.6000 6.3794
    endloop
endfacet
facet normal -30.0000 -4.3915 10.0000
    outer loop
        vertex -12.0000 -1.6000 6.4000
        vertex -12.3132 -1.6000 6.3794
        vertex -12.2088 -1.6000 5.5862
    endloop
endfacet
facet normal -30.0000 -4.2610 10.0000
    outer loop
        vertex -12.2088 -1.6000 5.5862
        vertex -12.0000 -1.6000 5.6000
        vertex -12.0000 -1.6000 6.4000
    endloop
endfacet
facet normal -30.0000 -4.3916 10.0000
    outer loop
        vertex -12.3132 -1.6000 6.3794
        vertex -12.6211 -1.6000 6.3182
        vertex -12.4141 -1.6000 5.5454
    endloop
endfacet
facet normal -30.0000 -4.2610 10.0000
    outer loop
        vertex -12.4141 -1.6000 5.5454
        vertex -12.2088 -1.6000 5.5862
        vertex -12.3132 -1.6000 6.3794
    endloop
endfacet
facet normal -30.0000 -4.3916 10.0000
    outer loop
        vertex -12.6211 -1.6000 6.3182
        vertex -12.9185 -1.6000 6.2174
        vertex -12.6123 -1.6000 5.4782
    endloop
endfacet
facet normal -30.0000 -4.2611 10.0000
    outer loop
        vertex -12.6123 -1.6000 5.4782
        vertex -12.4141 -1.6000 5.5454
        vertex -12.6211 -1.6000 6.3182
    endloop
endfacet
facet normal -30.0000 -4.3916 10.0000
    outer loop
        vertex -12.9185 -1.6000 6.2174
        vertex -13.2000 -1.6000 6.0784
        vertex -12.8000 -1.6000 5.3856
    endloop
endfacet
facet normal -30.0000 -4.2611 10.0000
    outer loop
        vertex -12.8000 -1.6000 5.3856
        vertex -12.6123 -1.6000 5.4782
        vertex -12.9185 -1.6000 6.2174
    endloop
endfacet
facet normal -30.0000 -4.3916 10.0000
    outer loop
        vertex -13.2000 -1.6000 6.0784
        vertex -13.4611 -1.6000 5.9042
        vertex -12.9741 -1.6000 5.2694
    endloop
endfacet
facet normal -30.0000 -4.2610 10.0000
    outer loop
        vertex -12.9741 -1.6000 5.2694
        vertex -12.8000 -1.6000 5.3856
        vertex -13.2000 -1.6000 6.0784
    endloop
endfacet
facet normal -30.0000 -4.3916 10.0000
    outer loop
        vertex -13.4611 -1.6000 5.9042
        vertex -13.6970 -1.6000 5.6970
        vertex -13.1314 -1.6000 5.1314
    endloop
endfacet
facet normal -30.0000 -4.2611 10.0000
    outer loop
        vertex -13.1314 -1.6000 5.1314
        vertex -12.9741 -1.6000 5.2694
        vertex -13.4611 -1.6000 5.9042
    endloop
endfacet
facet normal -30.0000 -4.3916 10.0000
    outer loop
        vertex -13.6970 -1.6000 5.6970
        vertex -13.9042 -1.6000 5.4611
        vertex -13.2694 -1.6000 4.9741
    endloop
endfacet
facet normal -30.0000 -4.2611 10.0000
    outer loop
        vertex -13.2694 -1.6000 4.9741
        vertex -13.1314 -1.6000 5.1314
        vertex -13.6970 -1.6000 5.6970
    endloop
endfacet
facet normal -30.0000 -4.3916 10.0000
    outer loop
        vertex -13.9042 -1.6000 5.4611
        vertex -14.0784 -1.6000 5.2000
        vertex -13.3856 -1.6000 4.8000
    endloop
endfacet
facet normal -30.0000 -4.2610 10.0000
    outer loop
        vertex -13.3856 -1.6000 4.8000
        vertex -13.2694 -1.6000 4.9741
        vertex -13.9042 -1.6000 5.4611
    endloop
endfacet
facet normal -30.0000 -4.3916 10.0000
    outer loop
        vertex -14.0784 -1.6000 5.2000
        vertex -14.2174 -1.6000 4.9185
        vertex -13.4782 -1.6000 4.6123
    endloop
endfacet
facet normal -30.0000 -4.2611 10.0000
    outer loop
        vertex -13.4782 -1.6000 4.6123
        vertex -13.3856 -1.6000 4.8000
        vertex -14.0784 -1.6000 5.2000
    endloop
endfacet
facet normal -30.0000 -4.3916 10.0000
    outer loop
        vertex -14.2174 -1.6000 4.9185
        vertex -14.3182 -1.6000 4.6211
        vertex -13.5454 -1.6000 4.4141
    endloop
endfacet
facet normal -30.0000 -4.2611 10.0000
    outer loop
        vertex -13.5454 -1.6000 4.4141
        vertex -13.4782 -1.6000 4.6123
        vertex -14.2174 -1.6000 4.9185
    endloop
endfacet
facet normal -30.0000 -4.3916 10.0000
    outer loop
        vertex -14.3182 -1.6000 4.6211
        vertex -14.3794 -1.6000 4.3132
        vertex -13.5862 -1.6000 4.2088
    endloop
endfacet
facet normal -30.0000 -4.2610 10.0000
    outer loop
        vertex -13.5862 -1.6000 4.2088
        vertex -13.5454 -1.6000 4.4141
        vertex -14.3182 -1.6000 4.6211
    endloop
endfacet
facet normal -30.0000 -4.3915 10.0000
    outer loop
        vertex -14.3794 -1.6000 4.3132
        vertex -14.4000 -1.6000 4.0000
        vertex -13.6000 -1.6000 4.0000
    endloop
endfacet
facet normal -30.0000 -4.2610 10.0000
    outer loop
        vertex -13.6000 -1.6000 4.0000
        vertex -13.5862 -1.6000 4.2088
        vertex -14.3794 -1.6000 4.3132
    endloop
endfacet
facet normal -30.0000 -4.3915 10.0000
    outer loop
        vertex -14.4000 -1.6000 4.0000
        vertex -14.3794 -1.6000 3.6868
        vertex -13.5862 -1.6000 3.7912
    endloop
endfacet
facet normal -30.0000 -4.2610 10.0000
    outer loop
        vertex -13.5862 -1.6000 3.7912
        vertex -13.6000 -1.6000 4.0000
        vertex -14.4000 -1.6000 4.0000
    endloop
endfacet
facet normal -30.0000 -4.3916 10.0000
    outer loop
        vertex -14.3794 -1.6000 3.6868
        vertex -14.3182 -1.6000 3.3789
        vertex -13.5454 -1.6000 3.5859
    endloop
endfacet
facet normal -30.0000 -4.2610 10.0000
    outer loop
        vertex -13.5454 -1.6000 3.5859
        vertex -13.5862 -1.6000 3.7912
        vertex -14.3794 -1.6000 3.6868
    endloop
endfacet
facet normal -30.0000 -4.3916 10.0000
    outer loop
        vertex -14.3182 -1.6000 3.3789
        vertex -14.2174 -1.6000 3.0815
        vertex -13.4782 -1.6000 3.3877
    endloop
endfacet
facet normal -30.0000 -4.2611 10.0000
    outer loop
        vertex -13.4782 -1.6000 3.3877
        vertex -13.5454 -1.6000 3.5859
        vertex -14.3182 -1.6000 3.3789
    endloop
endfacet
facet normal -30.0000 -4.3916 10.0000
    outer loop
        vertex -14.2174 -1.6000 3.0815
        vertex -14.0784 -1.6000 2.8000
        vertex -13.3856 -1.6000 3.2000
    endloop
endfacet
facet normal -30.0000 -4.2611 10.0000
    outer loop
        vertex -13.3856 -1.6000 3.2000
        vertex -13.4782 -1.6000 3.3877
        vertex -14.2174 -1.6000 3.0815
    endloop
endfacet
facet normal -30.0000 -4.3916 10.0000
    outer loop
        vertex -14.0784 -1.6000 2.8000
        vertex -13.9042 -1.6000 2.5389
        vertex -13.2694 -1.6000 3.0259
    endloop
endfacet
facet normal -30.0000 -4.2610 10.0000
    outer loop
        vertex -13.2694 -1.6000 3.0259
        vertex -13.3856 -1.6000 3.2000
        vertex -14.0784 -1.6000 2.8000
    endloop
endfacet
facet normal -30.0000 -4.3916 10.0000
    outer loop
        vertex -13.9042 -1.6000 2.5389
        vertex -13.6970 -1.6000 2.3030
        vertex -13.1314 -1.6000 2.8686
    endloop
endfacet
facet normal -30.0000 -4.2611 10.0000
    outer loop
        vertex -13.1314 -1.6000 2.8686
        vertex -13.2694 -1.6000 3.0259
        vertex -13.9042 -1.6000 2.5389
    endloop
endfacet
facet normal -30.0000 -4.3916 10.0000
    outer loop
        vertex -13.6970 -1.6000 2.3030
        vertex -13.4611 -1.6000 2.0958
        vertex -12.9741 -1.6000 2.7306
    endloop
endfacet
facet normal -30.0000 -4.2611 10.0000
    outer loop
        vertex -12.9741 -1.6000 2.7306
        vertex -13.1314 -1.6000 2.8686
        vertex -13.6970 -1.6000 2.3030
    endloop
endfacet
facet normal -30.0000 -4.3916 10.0000
    outer loop
        vertex -13.4611 -1.6000 2.0958
        vertex -13.2000 -1.6000 1.9216
        vertex -12.8000 -1.6000 2.6144
    endloop
endfacet
facet normal -30.0000 -4.2610 10.0000
    outer loop
        vertex -12.8000 -1.6000 2.6144
        vertex -12.9741 -1.6000 2.7306
        vertex -13.4611 -1.6000 2.0958
    endloop
endfacet
facet normal -30.0000 -4.3916 10.0000
    outer loop
        vertex -13.2000 -1.6000 1.9216
        vertex -12.9185 -1.6000 1.7826
        vertex -12.6123 -1.6000 2.5218
    endloop
endfacet
facet normal -30.0000 -4.2611 10.0000
    outer loop
        vertex -12.6123 -1.6000 2.5218
        vertex -12.8000 -1.6000 2.6144
        vertex -13.2000 -1.6000 1.9216
    endloop
endfacet
facet normal -30.0000 -4.3916 10.0000
    outer loop
        vertex -12.9185 -1.6000 1.7826
        vertex -12.6211 -1.6000 1.6818
        vertex -12.4141 -1.6000 2.4546
    endloop
endfacet
facet normal -30.0000 -4.2611 10.0000
    outer loop
        vertex -12.4141 -1.6000 2.4546
        vertex -12.6123 -1.6000 2.5218
        vertex -12.9185 -1.6000 1.7826
    endloop
endfacet
facet normal -30.0000 -4.3916 10.0000
    outer loop
        vertex -12.6211 -1.6000 1.6818
        vertex -12.3132 -1.6000 1.6206
        vertex -12.2088 -1.6000 2.4138
    endloop
endfacet
facet normal -30.0000 -4.2610 10.0000
    outer loop
        vertex -12.2088 -1.6000 2.4138
        vertex -12.4141 -1.6000 2.4546
        vertex -12.6211 -1.6000 1.6818
    endloop
endfacet
facet normal -30.0000 -4.3915 10.0000
    outer loop
        vertex -12.3132 -1.6000 1.6206
        vertex -12.0000 -1.6000 1.6000
        vertex -12.0000 -1.6000 2.4000
    endloop
endfacet
facet normal -30.0000 -4.2610 10.0000
    outer loop
        vertex -12.0000 -1.6000 2.4000
        vertex -12.2088 -1.6000 2.4138
        vertex -12.3132 -1.6000 1.6206
    endloop
endfacet
facet normal -30.0000 -4.3915 10.0000
    outer loop
        vertex -12.0000 -1.6000 1.6000
        vertex -11.6868 -1.6000 1.6206
        vertex -11.7912 -1.6000 2.4138
    endloop
endfacet
facet normal -30.0000 -4.2610 10.0000
    outer loop
        vertex -11.7912 -1.6000 2.4138
        vertex -12.0000 -1.6000 2.4000
        vertex -12.0000 -1.6000 1.6000
    endloop
endfacet
facet normal -30.0000 -4.3916 10.0000
    outer loop
        vertex -11.6868 -1.6000 1.6206
        vertex -11.3789 -1.6000 1.6818
        vertex -11.5859 -1.6000 2.4546
    endloop
endfacet
facet normal -30.0000 -4.2610 10.0000
    outer loop
        vertex -11.5859 -1.6000 2.4546
        vertex -11.7912 -1.6000 2.4138
        vertex -11.6868 -1.6000 1.6206
    endloop
endfacet
facet normal -30.0000 -4.3916 10.0000
    outer loop
        vertex -11.3789 -1.6000 1.6818
        vertex -11.0815 -1.6000 1.7826
        vertex -11.3877 -1.6000 2.5218
    endloop
endfacet
facet normal -30.0000 -4.2611 10.0000
    outer loop
        vertex -11.3877 -1.6000 2.5218
        vertex -11.5859 -1.6000 2.4546
        vertex -11.3789 -1.6000 1.6818
    endloop
endfacet
facet normal -30.0000 -4.3916 10.0000
    outer loop
        vertex -11.0815 -1.6000 1.7826
        vertex -10.8000 -1.6000 1.9216
        vertex -11.2000 -1.6000 2.6144
    endloop
endfacet
facet normal -30.0000 -4.2611 10.0000
    outer loop
        vertex -11.2000 -1.6000 2.6144
        vertex -11.3877 -1.6000 2.5218
        vertex -11.0815 -1.6000 1.7826
    endloop
endfacet
facet normal -30.0000 -4.3916 10.0000
    outer loop
        vertex -10.8000 -1.6000 1.9216
        vertex -10.5389 -1.6000 2.0958
        vertex -11.0259 -1.6000 2.7306
    endloop
endfacet
facet normal -30.0000 -4.2610 10.0000
    outer loop
        vertex -11.0259 -1.6000 2.7306
        vertex -11.2000 -1.6000 2.6144
        vertex -10.8000 -1.6000 1.9216
    endloop
endfacet
facet normal -30.0000 -4.3916 10.0000
    outer loop
        vertex -10.5389 -1.6000 2.0958
        vertex -10.3030 -1.6000 2.3030
        vertex -10.8686 -1.6000 2.8686
    endloop
endfacet
facet normal -30.0000 -4.2611 10.0000
    outer loop
        vertex -10.8686 -1.6000 2.8686
        vertex -11.0259 -1.6000 2.7306
        vertex -10.5389 -1.6000 2.0958
    endloop
endfacet
facet normal -30.0000 -4.3916 10.0000
    outer loop
        vertex -10.3030 -1.6000 2.3030
        vertex -10.0958 -1.6000 2.5389
        vertex -10.7306 -1.6000 3.0259
    endloop
endfacet
facet normal -30.0000 -4.2611 10.0000
    outer loop
        vertex -10.7306 -1.6000 3.0259
        vertex -10.8686 -1.6000 2.8686
        vertex -10.3030 -1.6000 2.3030
    endloop
endfacet
facet normal -30.0000 -4.3916 10.0000
    outer loop
        vertex -10.0958 -1.6000 2.5389
        vertex -9.9216 -1.6000 2.8000
        vertex -10.6144 -1.6000 3.2000
    endloop
endfacet
facet normal -30.0000 -4.2610 10.0000
    outer loop
        vertex -10.6144 -1.6000 3.2000
        vertex -10.7306 -1.6000 3.0259
        vertex -10.0958 -1.6000 2.5389
    endloop
endfacet
facet normal -30.0000 -4.3916 10.0000
    outer loop
        vertex -9.9216 -1.6000 2.8000
        vertex -9.7826 -1.6000 3.0815
        vertex -10.5218 -1.6000 3.3877
    endloop
endfacet
facet normal -30.0000 -4.2611 10.0000
    outer loop
        vertex -10.5218 -1.6000 3.3877
        vertex -10.6144 -1.6000 3.2000
        vertex -9.9216 -1.6000 2.8000
    endloop
endfacet
facet normal -30.0000 -4.3916 10.0000
    outer loop
        vertex -9.7826 -1.6000 3.0815
        vertex -9.6818 -1.6000 3.3789
        vertex -10.4546 -1.6000 3.5859
    endloop
endfacet
facet normal -30.0000 -4.2611 10.0000
    outer loop
        vertex -10.4546 -1.6000 3.5859
        vertex -10.5218 -1.6000 3.3877
        vertex -9.7826 -1.6000 3.0815
    endloop
endfacet
facet normal -30.0000 -4.3916 10.0000
    outer loop
        vertex -9.6818 -1.6000 3.3789
        vertex -9.6206 -1.6000 3.6868
        vertex -10.4138 -1.6000 3.7912
    endloop
endfacet
facet normal -30.0000 -4.2610 10.0000
    outer loop
        vertex -10.4138 -1.6000 3.7912
        vertex -10.4546 -1.6000 3.5859
        vertex -9.6818 -1.6000 3.3789
    endloop
endfacet
facet normal -30.0000 -4.3915 10.0000
    outer loop
        vertex -9.6206 -1.6000 3.6868
        vertex -9.6000 -1.6000 4.0000
        vertex -10.4000 -1.6000 4.0000
    endloop
endfacet
facet normal -30.0000 -4.2610 10.0000
    outer loop
        vertex -10.4000 -1.6000 4.0000
        vertex -10.4138 -1.6000 3.7912
        vertex -9.6206 -1.6000 3.6868
    endloop
endfacet
facet normal -10.5220 -4.0000 9.9656
    outer loop
        vertex -2.4138 -1.6000 4.2088
        vertex -2.4000 0.0000 4.0000
        vertex -2.4000 -1.6000 4.0000
    endloop
endfacet
facet normal -10.5220 -4.0000 9.9656
    outer loop
        vertex -2.4000 0.0000 4.0000
        vertex -2.4138 -1.6000 4.2088
        vertex -2.4138 0.0000 4.2088
    endloop
endfacet
facet normal -10.5132 -4.0000 9.8980
    outer loop
        vertex -2.4546 -1.6000 4.4141
        vertex -2.4138 0.0000 4.2088
        vertex -2.4138 -1.6000 4.2088
    endloop
endfacet
facet normal -10.5132 -4.0000 9.8980
    outer loop
        vertex -2.4138 0.0000 4.2088
        vertex -2.4546 -1.6000 4.4141
        vertex -2.4546 0.0000 4.4141
    endloop
endfacet
facet normal -10.4956 -4.0000 9.8320
    outer loop
        vertex -2.5218 -1.6000 4.6123
        vertex -2.4546 0.0000 4.4141
        vertex -2.4546 -1.6000 4.4141
    endloop
endfacet
facet normal -10.4956 -4.0000 9.8320
    outer loop
        vertex -2.4546 0.0000 4.4141
        vertex -2.5218 -1.6000 4.6123
        vertex -2.5218 0.0000 4.6123
    endloop
endfacet
facet normal -10.4692 -4.0000 9.7684
    outer loop
        vertex -2.6144 -1.6000 4.8000
        vertex -2.5218 0.0000 4.6123
        vertex -2.5218 -1.6000 4.6123
    endloop
endfacet
facet normal -10.4692 -4.0000 9.7684
    outer loop
        vertex -2.5218 0.0000 4.6123
        vertex -2.6144 -1.6000 4.8000
        vertex -2.6144 0.0000 4.8000
    endloop
endfacet
facet normal -10.4352 -4.0000 9.7096
    outer loop
        vertex -2.7306 -1.6000 4.9741
        vertex -2.6144 0.0000 4.8000
        vertex -2.6144 -1.6000 4.8000
    endloop
endfacet
facet normal -10.4352 -4.0000 9.7096
    outer loop
        vertex -2.6144 0.0000 4.8000
        vertex -2.7306 -1.6000 4.9741
        vertex -2.7306 0.0000 4.9741
    endloop
endfacet
facet normal -10.3932 -4.0000 9.6548
    outer loop
        vertex -2.8686 -1.6000 5.1314
        vertex -2.7306 0.0000 4.9741
        vertex -2.7306 -1.6000 4.9741
    endloop
endfacet
facet normal -10.3932 -4.0000 9.6548
    outer loop
        vertex -2.7306 0.0000 4.9741
        vertex -2.8686 -1.6000 5.1314
        vertex -2.8686 0.0000 5.1314
    endloop
endfacet
facet normal -10.3452 -4.0000 9.6068
    outer loop
        vertex -3.0259 -1.6000 5.2694
        vertex -2.8686 0.0000 5.1314
        vertex -2.8686 -1.6000 5.1314
    endloop
endfacet
facet normal -10.3452 -4.0000 9.6068
    outer loop
        vertex -2.8686 0.0000 5.1314
        vertex -3.0259 -1.6000 5.2694
        vertex -3.0259 0.0000 5.2694
    endloop
endfacet
facet normal -10.2904 -4.0000 9.5648
    outer loop
        vertex -3.2000 -1.6000 5.3856
        vertex -3.0259 0.0000 5.2694
        vertex -3.0259 -1.6000 5.2694
    endloop
endfacet
facet normal -10.2904 -4.0000 9.5648
    outer loop
        vertex -3.0259 0.0000 5.2694
        vertex -3.2000 -1.6000 5.3856
        vertex -3.2000 0.0000 5.3856
    endloop
endfacet
facet normal -10.2316 -4.0000 9.5308
    outer loop
        vertex -3.3877 -1.6000 5.4782
        vertex -3.2000 0.0000 5.3856
        vertex -3.2000 -1.6000 5.3856
    endloop
endfacet
facet normal -10.2316 -4.0000 9.5308
    outer loop
        vertex -3.2000 0.0000 5.3856
        vertex -3.3877 -1.6000 5.4782
        vertex -3.3877 0.0000 5.4782
    endloop
endfacet
facet normal -10.1680 -4.0000 9.5044
    outer loop
        vertex -3.5859 -1.6000 5.5454
        vertex -3.3877 0.0000 5.4782
        vertex -3.3877 -1.6000 5.4782
    endloop
endfacet
facet normal -10.1680 -4.0000 9.5044
    outer loop
        vertex -3.3877 0.0000 5.4782
        vertex -3.5859 -1.6000 5.5454
        vertex -3.5859 0.0000 5.5454
    endloop
endfacet
facet normal -10.1020 -4.0000 9.4868
    outer loop
        vertex -3.7912 -1.6000 5.5862
        vertex -3.5859 0.0000 5.5454
        vertex -3.5859 -1.6000 5.5454
    endloop
endfacet
facet normal -10.1020 -4.0000 9.4868
    outer loop
        vertex -3.5859 0.0000 5.5454
        vertex -3.7912 -1.6000 5.5862
        vertex -3.7912 0.0000 5.5862
    endloop
endfacet
facet normal -10.0344 -4.0000 9.4780
    outer loop
        vertex -4.0000 -1.6000 5.6000
        vertex -3.7912 0.0000 5.5862
        vertex -3.7912 -1.6000 5.5862
    endloop
endfacet
facet normal -10.0344 -4.0000 9.4780
    outer loop
        vertex -3.7912 0.0000 5.5862
        vertex -4.0000 -1.6000 5.6000
        vertex -4.0000 0.0000 5.6000
    endloop
endfacet
facet normal -9.9656 -4.0000 9.4780
    outer loop
        vertex -4.2088 -1.6000 5.5862
        vertex -4.0000 0.0000 5.6000
        vertex -4.0000 -1.6000 5.6000
    endloop
endfacet
facet normal -9.9656 -4.0000 9.4780
    outer loop
        vertex -4.0000 0.0000 5.6000
        vertex -4.2088 -1.6000 5.5862
        vertex -4.2088 0.0000 5.5862
    endloop
endfacet
facet normal -9.8980 -4.0000 9.4868
    outer loop
        vertex -4.4141 -1.6000 5.5454
        vertex -4.2088 0.0000 5.5862
        vertex -4.2088 -1.6000 5.5862
    endloop
endfacet
facet normal -9.8980 -4.0000 9.4868
    outer loop
        vertex -4.2088 0.0000 5.5862
        vertex -4.4141 -1.6000 5.5454
        vertex -4.4141 0.0000 5.5454
    endloop
endfacet
facet normal -9.8320 -4.0000 9.5044
    outer loop
        vertex -4.6123 -1.6000 5.4782
        vertex -4.4141 0.0000 5.5454
        vertex -4.4141 -1.6000 5.5454
    endloop
endfacet
facet normal -9.8320 -4.0000 9.5044
    outer loop
        vertex -4.4141 0.0000 5.5454
        vertex -4.6123 -1.6000 5.4782
        vertex -4.6123 0.0000 5.4782
    endloop
endfacet
facet normal -9.7684 -4.0000 9.5308
    outer loop
        vertex -4.8000 -1.6000 5.3856
        vertex -4.6123 0.0000 5.4782
        vertex -4.6123 -1.6000 5.4782
    endloop
endfacet
facet normal -9.7684 -4.0000 9.5308
    outer loop
        vertex -4.6123 0.0000 5.4782
        vertex -4.8000 -1.6000 5.3856
        vertex -4.8000 0.0000 5.3856
    endloop
endfacet
facet normal -9.7096 -4.0000 9.5648
    outer loop
        vertex -4.9741 -1.6000 5.2694
        vertex -4.8000 0.0000 5.3856
        vertex -4.8000 -1.6000 5.3856
    endloop
endfacet
facet normal -9.7096 -4.0000 9.5648
    outer loop
        vertex -4.8000 0.0000 5.3856
        vertex -4.9741 -1.6000 5.2694
        vertex -4.9741 0.0000 5.2694
    endloop
endfacet
facet normal -9.6548 -4.0000 9.6068
    outer loop
        vertex -5.1314 -1.6000 5.1314
        vertex -4.9741 0.0000 5.2694
        vertex -4.9741 -1.6000 5.2694
    endloop
endfacet
facet normal -9.6548 -4.0000 9.6068
    outer loop
        vertex -4.9741 0.0000 5.2694
        vertex -5.1314 -1.6000 5.1314
        vertex -5.1314 0.0000 5.1314
    endloop
endfacet
facet normal -9.6068 -4.0000 9.6548
    outer loop
        vertex -5.2694 -1.6000 4.9741
        vertex -5.1314 0.0000 5.1314
        vertex -5.1314 -1.6000 5.1314
    endloop
endfacet
facet normal -9.6068 -4.0000 9.6548
    outer loop
        vertex -5.1314 0.0000 5.1314
        vertex -5.2694 -1.6000 4.9741
        vertex -5.2694 0.0000 4.9741
    endloop
endfacet
facet normal -9.5648 -4.0000 9.7096
    outer loop
        vertex -5.3856 -1.6000 4.8000
        vertex -5.2694 0.0000 4.9741
        vertex -5.2694 -1.6000 4.9741
    endloop
endfacet
facet normal -9.5648 -4.0000 9.7096
    outer loop
        vertex -5.2694 0.0000 4.9741
        vertex -5.3856 -1.6000 4.8000
        vertex -5.3856 0.0000 4.8000
    endloop
endfacet
facet normal -9.5308 -4.0000 9.7684
    outer loop
        vertex -5.4782 -1.6000 4.6123
        vertex -5.3856 0.0000 4.8000
        vertex -5.3856 -1.6000 4.8000
    endloop
endfacet
facet normal -9.5308 -4.0000 9.7684
    outer loop
        vertex -5.3856 0.0000 4.8000
        vertex -5.4782 -1.6000 4.6123
        vertex -5.4782 0.0000 4.6123
    endloop
endfacet
facet normal -9.5044 -4.0000 9.8320
    outer loop
        vertex -5.5454 -1.6000 4.4141
        vertex -5.4782 0.0000 4.6123
        vertex -5.4782 -1.6000 4.6123
    endloop
endfacet
facet normal -9.5044 -4.0000 9.8320
    outer loop
        vertex -5.4782 0.0000 4.6123
        vertex -5.5454 -1.6000 4.4141
        vertex -5.5454 0.0000 4.4141
    endloop
endfacet
facet normal -9.4868 -4.0000 9.8980
    outer loop
        vertex -5.5862 -1.6000 4.2088
        vertex -5.5454 0.0000 4.4141
        vertex -5.5454 -1.6000 4.4141
    endloop
endfacet
facet normal -9.4868 -4.0000 9.8980
    outer loop
        vertex -5.5454 0.0000 4.4141
        vertex -5.5862 -1.6000 4.2088
        vertex -5.5862 0.0000 4.2088
    endloop
endfacet
facet normal -9.4780 -4.0000 9.9656
    outer loop
        vertex -5.6000 -1.6000 4.0000
        vertex -5.5862 0.0000 4.2088
        vertex -5.5862 -1.6000 4.2088
    endloop
endfacet
facet normal -9.4780 -4.0000 9.9656
    outer loop
        vertex -5.5862 0.0000 4.2088
        vertex -5.6000 -1.6000 4.0000
        vertex -5.6000 0.0000 4.0000
    endloop
endfacet
facet normal -9.4780 -4.0000 10.0344
    outer loop
        vertex -5.5862 -1.6000 3.7912
        vertex -5.6000 0.0000 4.0000
        vertex -5.6000 -1.6000 4.0000
    endloop
endfacet
facet normal -9.4780 -4.0000 10.0344
    outer loop
        vertex -5.6000 0.0000 4.0000
        vertex -5.5862 -1.6000 3.7912
        vertex -5.5862 0.0000 3.7912
    endloop
endfacet
facet normal -9.4868 -4.0000 10.1020
    outer loop
        vertex -5.5454 -1.6000 3.5859
        vertex -5.5862 0.0000 3.7912
        vertex -5.5862 -1.6000 3.7912
    endloop
endfacet
facet normal -9.4868 -4.0000 10.1020
    outer loop
        vertex -5.5862 0.0000 3.7912
        vertex -5.5454 -1.6000 3.5859
        vertex -5.5454 0.0000 3.5859
    endloop
endfacet
facet normal -9.5044 -4.0000 10.1680
    outer loop
        vertex -5.4782 -1.6000 3.3877
        vertex -5.5454 0.0000 3.5859
        vertex -5.5454 -1.6000 3.5859
    endloop
endfacet
facet normal -9.5044 -4.0000 10.1680
    outer loop
        vertex -5.5454 0.0000 3.5859
        vertex -5.4782 -1.6000 3.3877
        vertex -5.4782 0.0000 3.3877
    endloop
endfacet
facet normal -9.5308 -4.0000 10.2316
    outer loop
        vertex -5.3856 -1.6000 3.2000
        vertex -5.4782 0.0000 3.3877
        vertex -5.4782 -1.6000 3.3877
    endloop
endfacet
facet normal -9.5308 -4.0000 10.2316
    outer loop
        vertex -5.4782 0.0000 3.3877
        vertex -5.3856 -1.6000 3.2000
        vertex -5.3856 0.0000 3.2000
    endloop
endfacet
facet normal -9.5648 -4.0000 10.2904
    outer loop
        vertex -5.2694 -1.6000 3.0259
        vertex -5.3856 0.0000 3.2000
        vertex -5.3856 -1.6000 3.2000
    endloop
endfacet
facet normal -9.5648 -4.0000 10.2904
    outer loop
        vertex -5.3856 0.0000 3.2000
        vertex -5.2694 -1.6000 3.0259
        vertex -5.2694 0.0000 3.0259
    endloop
endfacet
facet normal -9.6068 -4.0000 10.3452
    outer loop
        vertex -5.1314 -1.6000 2.8686
        vertex -5.2694 0.0000 3.0259
        vertex -5.2694 -1.6000 3.0259
    endloop
endfacet
facet normal -9.6068 -4.0000 10.3452
    outer loop
        vertex -5.2694 0.0000 3.0259
        vertex -5.1314 -1.6000 2.8686
        vertex -5.1314 0.0000 2.8686
    endloop
endfacet
facet normal -9.6548 -4.0000 10.3932
    outer loop
        vertex -4.9741 -1.6000 2.7306
        vertex -5.1314 0.0000 2.8686
        vertex -5.1314 -1.6000 2.8686
    endloop
endfacet
facet normal -9.6548 -4.0000 10.3932
    outer loop
        vertex -5.1314 0.0000 2.8686
        vertex -4.9741 -1.6000 2.7306
        vertex -4.9741 0.0000 2.7306
    endloop
endfacet
facet normal -9.7096 -4.0000 10.4352
    outer loop
        vertex -4.8000 -1.6000 2.6144
        vertex -4.9741 0.0000 2.7306
        vertex -4.9741 -1.6000 2.7306
    endloop
endfacet
facet normal -9.7096 -4.0000 10.4352
    outer loop
        vertex -4.9741 0.0000 2.7306
        vertex -4.8000 -1.6000 2.6144
        vertex -4.8000 0.0000 2.6144
    endloop
endfacet
facet normal -9.7684 -4.0000 10.4692
    outer loop
        vertex -4.6123 -1.6000 2.5218
        vertex -4.8000 0.0000 2.6144
        vertex -4.8000 -1.6000 2.6144
    endloop
endfacet
facet normal -9.7684 -4.0000 10.4692
    outer loop
        vertex -4.8000 0.0000 2.6144
        vertex -4.6123 -1.6000 2.5218
        vertex -4.6123 0.0000 2.5218
    endloop
endfacet
facet normal -9.8320 -4.0000 10.4956
    outer loop
        vertex -4.4141 -1.6000 2.4546
        vertex -4.6123 0.0000 2.5218
        vertex -4.6123 -1.6000 2.5218
    endloop
endfacet
facet normal -9.8320 -4.0000 10.4956
    outer loop
        vertex -4.6123 0.0000 2.5218
        vertex -4.4141 -1.6000 2.4546
        vertex -4.4141 0.0000 2.4546
    endloop
endfacet
facet normal -9.8980 -4.0000 10.5132
    outer loop
        vertex -4.2088 -1.6000 2.4138
        vertex -4.4141 0.0000 2.4546
        vertex -4.4141 -1.6000 2.4546
    endloop
endfacet
facet normal -9.8980 -4.0000 10.5132
    outer loop
        vertex -4.4141 0.0000 2.4546
        vertex -4.2088 -1.6000 2.4138
        vertex -4.2088 0.0000 2.4138
    endloop
endfacet
facet normal -9.9656 -4.0000 10.5220
    outer loop
        vertex -4.0000 -1.6000 2.4000
        vertex -4.2088 0.0000 2.4138
        vertex -4.2088 -1.6000 2.4138
    endloop
endfacet
facet normal -9.9656 -4.0000 10.5220
    outer loop
        vertex -4.2088 0.0000 2.4138
        vertex -4.0000 -1.6000 2.4000
        vertex -4.0000 0.0000 2.4000
    endloop
endfacet
facet normal -10.0344 -4.0000 10.5220
    outer loop
        vertex -3.7912 -1.6000 2.4138
        vertex -4.0000 0.0000 2.4000
        vertex -4.0000 -1.6000 2.4000
    endloop
endfacet
facet normal -10.0344 -4.0000 10.5220
    outer loop
        vertex -4.0000 0.0000 2.4000
        vertex -3.7912 -1.6000 2.4138
        vertex -3.7912 0.0000 2.4138
    endloop
endfacet
facet normal -10.1020 -4.0000 10.5132
    outer loop
        vertex -3.5859 -1.6000 2.4546
        vertex -3.7912 0.0000 2.4138
        vertex -3.7912 -1.6000 2.4138
    endloop
endfacet
facet normal -10.1020 -4.0000 10.5132
    outer loop
        vertex -3.7912 0.0000 2.4138
        vertex -3.5859 -1.6000 2.4546
        vertex -3.5859 0.0000 2.4546
    endloop
endfacet
facet normal -10.1680 -4.0000 10.4956
    outer loop
        vertex -3.3877 -1.6000 2.5218
        vertex -3.5859 0.0000 2.4546
        vertex -3.5859 -1.6000 2.4546
    endloop
endfacet
facet normal -10.1680 -4.0000 10.4956
    outer loop
        vertex -3.5859 0.0000 2.4546
        vertex -3.3877 -1.6000 2.5218
        vertex -3.3877 0.0000 2.5218
    endloop
endfacet
facet normal -10.2316 -4.0000 10.4692
    outer loop
        vertex -3.2000 -1.6000 2.6144
        vertex -3.3877 0.0000 2.5218
        vertex -3.3877 -1.6000 2.5218
    endloop
endfacet
facet normal -10.2316 -4.0000 10.4692
    outer loop
        vertex -3.3877 0.0000 2.5218
        vertex -3.2000 -1.6000 2.6144
        vertex -3.2000 0.0000 2.6144
    endloop
endfacet
facet normal -10.2904 -4.0000 10.4352
    outer loop
        vertex -3.0259 -1.6000 2.7306
        vertex -3.2000 0.0000 2.6144
        vertex -3.2000 -1.6000 2.6144
    endloop
endfacet
facet normal -10.2904 -4.0000 10.4352
    outer loop
        vertex -3.2000 0.0000 2.6144
        vertex -3.0259 -1.6000 2.7306
        vertex -3.0259 0.0000 2.7306
    endloop
endfacet
facet normal -10.3452 -4.0000 10.3932
    outer loop
        vertex -2.8686 -1.6000 2.8686
        vertex -3.0259 0.0000 2.7306
        vertex -3.0259 -1.6000 2.7306
    endloop
endfacet
facet normal -10.3452 -4.0000 10.3932
    outer loop
        vertex -3.0259 0.0000 2.7306
        vertex -2.8686 -1.6000 2.8686
        vertex -2.8686 0.0000 2.8686
    endloop
endfacet
facet normal -10.3932 -4.0000 10.3452
    outer loop
        vertex -2.7306 -1.6000 3.0259
        vertex -2.8686 0.0000 2.8686
        vertex -2.8686 -1.6000 2.8686
    endloop
endfacet
facet normal -10.3932 -4.0000 10.3452
    outer loop
        vertex -2.8686 0.0000 2.8686
        vertex -2.7306 -1.6000 3.0259
        vertex -2.7306 0.0000 3.0259
    endloop
endfacet
facet normal -10.4352 -4.0000 10.2904
    outer loop
        vertex -2.6144 -1.6000 3.2000
        vertex -2.7306 0.0000 3.0259
        vertex -2.7306 -1.6000 3.0259
    endloop
endfacet
facet normal -10.4352 -4.0000 10.2904
    outer loop
        vertex -2.7306 0.0000 3.0259
        vertex -2.6144 -1.6000 3.2000
        vertex -2.6144 0.0000 3.2000
    endloop
endfacet
facet normal -10.4692 -4.0000 10.2316
    outer loop
        vertex -2.5218 -1.6000 3.3877
        vertex -2.6144 0.0000 3.2000
        vertex -2.6144 -1.6000 3.2000
    endloop
endfacet
facet normal -10.4692 -4.0000 10.2316
    outer loop
        vertex -2.6144 0.0000 3.2000
        vertex -2.5218 -1.6000 3.3877
        vertex -2.5218 0.0000 3.3877
    endloop
endfacet
facet normal -10.4956 -4.0000 10.1680
    outer loop
        vertex -2.4546 -1.6000 3.5859
        vertex -2.5218 0.0000 3.3877
        vertex -2.5218 -1.6000 3.3877
    endloop
endfacet
facet normal -10.4956 -4.0000 10.1680
    outer loop
        vertex -2.5218 0.0000 3.3877
        vertex -2.4546 -1.6000 3.5859
        vertex -2.4546 0.0000 3.5859
    endloop
endfacet
facet normal -10.5132 -4.0000 10.1020
    outer loop
        vertex -2.4138 -1.6000 3.7912
        vertex -2.4546 0.0000 3.5859
        vertex -2.4546 -1.6000 3.5859
    endloop
endfacet
facet normal -10.5132 -4.0000 10.1020
    outer loop
        vertex -2.4546 0.0000 3.5859
        vertex -2.4138 -1.6000 3.7912
        vertex -2.4138 0.0000 3.7912
    endloop
endfacet
facet normal -10.5220 -4.0000 10.0344
    outer loop
        vertex -2.4000 -1.6000 4.0000
        vertex -2.4138 0.0000 3.7912
        vertex -2.4138 -1.6000 3.7912
    endloop
endfacet
facet normal -10.5220 -4.0000 10.0344
    outer loop
        vertex -2.4138 0.0000 3.7912
        vertex -2.4000 -1.6000 4.0000
        vertex -2.4000 0.0000 4.0000
    endloop
endfacet
facet normal -9.2170 -4.0000 10.0516
    outer loop
        vertex -1.6206 -1.6000 4.3132
        vertex -1.6000 -1.6000 4.0000
        vertex -1.6000 0.0000 4.0000
    endloop
endfacet
facet normal -9.2170 -4.0000 10.0516
    outer loop
        vertex -1.6000 0.0000 4.0000
        vertex -1.6206 0.0000 4.3132
        vertex -1.6206 -1.6000 4.3132
    endloop
endfacet
facet normal -9.2302 -4.0000 10.1530
    outer loop
        vertex -1.6818 -1.6000 4.6211
        vertex -1.6206 -1.6000 4.3132
        vertex -1.6206 0.0000 4.3132
    endloop
endfacet
facet normal -9.2302 -4.0000 10.1530
    outer loop
        vertex -1.6206 0.0000 4.3132
        vertex -1.6818 0.0000 4.6211
        vertex -1.6818 -1.6000 4.6211
    endloop
endfacet
facet normal -9.2566 -4.0000 10.2520
    outer loop
        vertex -1.7826 -1.6000 4.9185
        vertex -1.6818 -1.6000 4.6211
        vertex -1.6818 0.0000 4.6211
    endloop
endfacet
facet normal -9.2566 -4.0000 10.2520
    outer loop
        vertex -1.6818 0.0000 4.6211
        vertex -1.7826 0.0000 4.9185
        vertex -1.7826 -1.6000 4.9185
    endloop
endfacet
facet normal -9.2962 -4.0000 10.3474
    outer loop
        vertex -1.9216 -1.6000 5.2000
        vertex -1.7826 -1.6000 4.9185
        vertex -1.7826 0.0000 4.9185
    endloop
endfacet
facet normal -9.2962 -4.0000 10.3474
    outer loop
        vertex -1.7826 0.0000 4.9185
        vertex -1.9216 0.0000 5.2000
        vertex -1.9216 -1.6000 5.2000
    endloop
endfacet
facet normal -9.3472 -4.0000 10.4356
    outer loop
        vertex -2.0958 -1.6000 5.4611
        vertex -1.9216 -1.6000 5.2000
        vertex -1.9216 0.0000 5.2000
    endloop
endfacet
facet normal -9.3472 -4.0000 10.4356
    outer loop
        vertex -1.9216 0.0000 5.2000
        vertex -2.0958 0.0000 5.4611
        vertex -2.0958 -1.6000 5.4611
    endloop
endfacet
facet normal -9.4102 -4.0000 10.5178
    outer loop
        vertex -2.3030 -1.6000 5.6970
        vertex -2.0958 -1.6000 5.4611
        vertex -2.0958 0.0000 5.4611
    endloop
endfacet
facet normal -9.4102 -4.0000 10.5178
    outer loop
        vertex -2.0958 0.0000 5.4611
        vertex -2.3030 0.0000 5.6970
        vertex -2.3030 -1.6000 5.6970
    endloop
endfacet
facet normal -9.4822 -4.0000 10.5898
    outer loop
        vertex -2.5389 -1.6000 5.9042
        vertex -2.3030 -1.6000 5.6970
        vertex -2.3030 0.0000 5.6970
    endloop
endfacet
facet normal -9.4822 -4.0000 10.5898
    outer loop
        vertex -2.3030 0.0000 5.6970
        vertex -2.5389 0.0000 5.9042
        vertex -2.5389 -1.6000 5.9042
    endloop
endfacet
facet normal -9.5644 -4.0000 10.6528
    outer loop
        vertex -2.8000 -1.6000 6.0784
        vertex -2.5389 -1.6000 5.9042
        vertex -2.5389 0.0000 5.9042
    endloop
endfacet
facet normal -9.5644 -4.0000 10.6528
    outer loop
        vertex -2.5389 0.0000 5.9042
        vertex -2.8000 0.0000 6.0784
        vertex -2.8000 -1.6000 6.0784
    endloop
endfacet
facet normal -9.6526 -4.0000 10.7038
    outer loop
        vertex -3.0815 -1.6000 6.2174
        vertex -2.8000 -1.6000 6.0784
        vertex -2.8000 0.0000 6.0784
    endloop
endfacet
facet normal -9.6526 -4.0000 10.7038
    outer loop
        vertex -2.8000 0.0000 6.0784
        vertex -3.0815 0.0000 6.2174
        vertex -3.0815 -1.6000 6.2174
    endloop
endfacet
facet normal -9.7480 -4.0000 10.7434
    outer loop
        vertex -3.3789 -1.6000 6.3182
        vertex -3.0815 -1.6000 6.2174
        vertex -3.0815 0.0000 6.2174
    endloop
endfacet
facet normal -9.7480 -4.0000 10.7434
    outer loop
        vertex -3.0815 0.0000 6.2174
        vertex -3.3789 0.0000 6.3182
        vertex -3.3789 -1.6000 6.3182
    endloop
endfacet
facet normal -9.8470 -4.0000 10.7698
    outer loop
        vertex -3.6868 -1.6000 6.3794
        vertex -3.3789 -1.6000 6.3182
        vertex -3.3789 0.0000 6.3182
    endloop
endfacet
facet normal -9.8470 -4.0000 10.7698
    outer loop
        vertex -3.3789 0.0000 6.3182
        vertex -3.6868 0.0000 6.3794
        vertex -3.6868 -1.6000 6.3794
    endloop
endfacet
facet normal -9.9484 -4.0000 10.7830
    outer loop
        vertex -4.0000 -1.6000 6.4000
        vertex -3.6868 -1.6000 6.3794
        vertex -3.6868 0.0000 6.3794
    endloop
endfacet
facet normal -9.9484 -4.0000 10.7830
    outer loop
        vertex -3.6868 0.0000 6.3794
        vertex -4.0000 0.0000 6.4000
        vertex -4.0000 -1.6000 6.4000
    endloop
endfacet
facet normal -10.0516 -4.0000 10.7830
    outer loop
        vertex -4.3132 -1.6000 6.3794
        vertex -4.0000 -1.6000 6.4000
        vertex -4.0000 0.0000 6.4000
    endloop
endfacet
facet normal -10.0516 -4.0000 10.7830
    outer loop
        vertex -4.0000 0.0000 6.4000
        vertex -4.3132 0.0000 6.3794
        vertex -4.3132 -1.6000 6.3794
    endloop
endfacet
facet normal -10.1530 -4.0000 10.7698
    outer loop
        vertex -4.6211 -1.6000 6.3182
        vertex -4.3132 -1.6000 6.3794
        vertex -4.3132 0.0000 6.3794
    endloop
endfacet
facet normal -10.1530 -4.0000 10.7698
    outer loop
        vertex -4.3132 0.0000 6.3794
        vertex -4.6211 0.0000 6.3182
        vertex -4.6211 -1.6000 6.3182
    endloop
endfacet
facet normal -10.2520 -4.0000 10.7434
    outer loop
        vertex -4.9185 -1.6000 6.2174
        vertex -4.6211 -1.6000 6.3182
        vertex -4.6211 0.0000 6.3182
    endloop
endfacet
facet normal -10.2520 -4.0000 10.7434
    outer loop
        vertex -4.6211 0.0000 6.3182
        vertex -4.9185 0.0000 6.2174
        vertex -4.9185 -1.6000 6.2174
    endloop
endfacet
facet normal -10.3474 -4.0000 10.7038
    outer loop
        vertex -5.2000 -1.6000 6.0784
        vertex -4.9185 -1.6000 6.2174
        vertex -4.9185 0.0000 6.2174
    endloop
endfacet
facet normal -10.3474 -4.0000 10.7038
    outer loop
        vertex -4.9185 0.0000 6.2174
        vertex -5.2000 0.0000 6.0784
        vertex -5.2000 -1.6000 6.0784
    endloop
endfacet
facet normal -10.4356 -4.0000 10.6528
    outer loop
        vertex -5.4611 -1.6000 5.9042
        vertex -5.2000 -1.6000 6.0784
        vertex -5.2000 0.0000 6.0784
    endloop
endfacet
facet normal -10.4356 -4.0000 10.6528
    outer loop
        vertex -5.2000 0.0000 6.0784
        vertex -5.4611 0.0000 5.9042
        vertex -5.4611 -1.6000 5.9042
    endloop
endfacet
facet normal -10.5178 -4.0000 10.5898
    outer loop
        vertex -5.6970 -1.6000 5.6970
        vertex -5.4611 -1.6000 5.9042
        vertex -5.4611 0.0000 5.9042
    endloop
endfacet
facet normal -10.5178 -4.0000 10.5898
    outer loop
        vertex -5.4611 0.0000 5.9042
        vertex -5.6970 0.0000 5.6970
        vertex -5.6970 -1.6000 5.6970
    endloop
endfacet
facet normal -10.5898 -4.0000 10.5178
    outer loop
        vertex -5.9042 -1.6000 5.4611
        vertex -5.6970 -1.6000 5.6970
        vertex -5.6970 0.0000 5.6970
    endloop
endfacet
facet normal -10.5898 -4.0000 10.5178
    outer loop
        vertex -5.6970 0.0000 5.6970
        vertex -5.9042 0.0000 5.4611
        vertex -5.9042 -1.6000 5.4611
    endloop
endfacet
facet normal -10.6528 -4.0000 10.4356
    outer loop
        vertex -6.0784 -1.6000 5.2000
        vertex -5.9042 -1.6000 5.4611
        vertex -5.9042 0.0000 5.4611
    endloop
endfacet
facet normal -10.6528 -4.0000 10.4356
    outer loop
        vertex -5.9042 0.0000 5.4611
        vertex -6.0784 0.0000 5.2000
        vertex -6.0784 -1.6000 5.2000
    endloop
endfacet
facet normal -10.7038 -4.0000 10.3474
    outer loop
        vertex -6.2174 -1.6000 4.9185
        vertex -6.0784 -1.6000 5.2000
        vertex -6.0784 0.0000 5.2000
    endloop
endfacet
facet normal -10.7038 -4.0000 10.3474
    outer loop
        vertex -6.0784 0.0000 5.2000
        vertex -6.2174 0.0000 4.9185
        vertex -6.2174 -1.6000 4.9185
    endloop
endfacet
facet normal -10.7434 -4.0000 10.2520
    outer loop
        vertex -6.3182 -1.6000 4.6211
        vertex -6.2174 -1.6000 4.9185
        vertex -6.2174 0.0000 4.9185
    endloop
endfacet
facet normal -10.7434 -4.0000 10.2520
    outer loop
        vertex -6.2174 0.0000 4.9185
        vertex -6.3182 0.0000 4.6211
        vertex -6.3182 -1.6000 4.6211
    endloop
endfacet
facet normal -10.7698 -4.0000 10.1530
    outer loop
        vertex -6.3794 -1.6000 4.3132
        vertex -6.3182 -1.6000 4.6211
        vertex -6.3182 0.0000 4.6211
    endloop
endfacet
facet normal -10.7698 -4.0000 10.1530
    outer loop
        vertex -6.3182 0.0000 4.6211
        vertex -6.3794 0.0000 4.3132
        vertex -6.3794 -1.6000 4.3132
    endloop
endfacet
facet normal -10.7830 -4.0000 10.0516
    outer loop
        vertex -6.4000 -1.6000 4.0000
        vertex -6.3794 -1.6000 4.3132
        vertex -6.3794 0.0000 4.3132
    endloop
endfacet
facet normal -10.7830 -4.0000 10.0516
    outer loop
        vertex -6.3794 0.0000 4.3132
        vertex -6.4000 0.0000 4.0000
        vertex -6.4000 -1.6000 4.0000
    endloop
endfacet
facet normal -10.7830 -4.0000 9.9484
    outer loop
        vertex -6.3794 -1.6000 3.6868
        vertex -6.4000 -1.6000 4.0000
        vertex -6.4000 0.0000 4.0000
    endloop
endfacet
facet normal -10.7830 -4.0000 9.9484
    outer loop
        vertex -6.4000 0.0000 4.0000
        vertex -6.3794 0.0000 3.6868
        vertex -6.3794 -1.6000 3.6868
    endloop
endfacet
facet normal -10.7698 -4.0000 9.8470
    outer loop
        vertex -6.3182 -1.6000 3.3789
        vertex -6.3794 -1.6000 3.6868
        vertex -6.3794 0.0000 3.6868
    endloop
endfacet
facet normal -10.7698 -4.0000 9.8470
    outer loop
        vertex -6.3794 0.0000 3.6868
        vertex -6.3182 0.0000 3.3789
        vertex -6.3182 -1.6000 3.3789
    endloop
endfacet
facet normal -10.7434 -4.0000 9.7480
    outer loop
        vertex -6.2174 -1.6000 3.0815
        vertex -6.3182 -1.6000 3.3789
        vertex -6.3182 0.0000 3.3789
    endloop
endfacet
facet normal -10.7434 -4.0000 9.7480
    outer loop
        vertex -6.3182 0.0000 3.3789
        vertex -6.2174 0.0000 3.0815
        vertex -6.2174 -1.6000 3.0815
    endloop
endfacet
facet normal -10.7038 -4.0000 9.6526
    outer loop
        vertex -6.0784 -1.6000 2.8000
        vertex -6.2174 -1.6000 3.0815
        vertex -6.2174 0.0000 3.0815
    endloop
endfacet
facet normal -10.7038 -4.0000 9.6526
    outer loop
        vertex -6.2174 0.0000 3.0815
        vertex -6.0784 0.0000 2.8000
        vertex -6.0784 -1.6000 2.8000
    endloop
endfacet
facet normal -10.6528 -4.0000 9.5644
    outer loop
        vertex -5.9042 -1.6000 2.5389
        vertex -6.0784 -1.6000 2.8000
        vertex -6.0784 0.0000 2.8000
    endloop
endfacet
facet normal -10.6528 -4.0000 9.5644
    outer loop
        vertex -6.0784 0.0000 2.8000
        vertex -5.9042 0.0000 2.5389
        vertex -5.9042 -1.6000 2.5389
    endloop
endfacet
facet normal -10.5898 -4.0000 9.4822
    outer loop
        vertex -5.6970 -1.6000 2.3030
        vertex -5.9042 -1.6000 2.5389
        vertex -5.9042 0.0000 2.5389
    endloop
endfacet
facet normal -10.5898 -4.0000 9.4822
    outer loop
        vertex -5.9042 0.0000 2.5389
        vertex -5.6970 0.0000 2.3030
        vertex -5.6970 -1.6000 2.3030
    endloop
endfacet
facet normal -10.5178 -4.0000 9.4102
    outer loop
        vertex -5.4611 -1.6000 2.0958
        vertex -5.6970 -1.6000 2.3030
        vertex -5.6970 0.0000 2.3030
    endloop
endfacet
facet normal -10.5178 -4.0000 9.4102
    outer loop
        vertex -5.6970 0.0000 2.3030
        vertex -5.4611 0.0000 2.0958
        vertex -5.4611 -1.6000 2.0958
    endloop
endfacet
facet normal -10.4356 -4.0000 9.3472
    outer loop
        vertex -5.2000 -1.6000 1.9216
        vertex -5.4611 -1.6000 2.0958
        vertex -5.4611 0.0000 2.0958
    endloop
endfacet
facet normal -10.4356 -4.0000 9.3472
    outer loop
        vertex -5.4611 0.0000 2.0958
        vertex -5.2000 0.0000 1.9216
        vertex -5.2000 -1.6000 1.9216
    endloop
endfacet
facet normal -10.3474 -4.0000 9.2962
    outer loop
        vertex -4.9185 -1.6000 1.7826
        vertex -5.2000 -1.6000 1.9216
        vertex -5.2000 0.0000 1.9216
    endloop
endfacet
facet normal -10.3474 -4.0000 9.2962
    outer loop
        vertex -5.2000 0.0000 1.9216
        vertex -4.9185 0.0000 1.7826
        vertex -4.9185 -1.6000 1.7826
    endloop
endfacet
facet normal -10.2520 -4.0000 9.2566
    outer loop
        vertex -4.6211 -1.6000 1.6818
        vertex -4.9185 -1.6000 1.7826
        vertex -4.9185 0.0000 1.7826
    endloop
endfacet
facet normal -10.2520 -4.0000 9.2566
    outer loop
        vertex -4.9185 0.0000 1.7826
        vertex -4.6211 0.0000 1.6818
        vertex -4.6211 -1.6000 1.6818
    endloop
endfacet
facet normal -10.1530 -4.0000 9.2302
    outer loop
        vertex -4.3132 -1.6000 1.6206
        vertex -4.6211 -1.6000 1.6818
        vertex -4.6211 0.0000 1.6818
    endloop
endfacet
facet normal -10.1530 -4.0000 9.2302
    outer loop
        vertex -4.6211 0.0000 1.6818
        vertex -4.3132 0.0000 1.6206
        vertex -4.3132 -1.6000 1.6206
    endloop
endfacet
facet normal -10.0516 -4.0000 9.2170
    outer loop
        vertex -4.0000 -1.6000 1.6000
        vertex -4.3132 -1.6000 1.6206
        vertex -4.3132 0.0000 1.6206
    endloop
endfacet
facet normal -10.0516 -4.0000 9.2170
    outer loop
        vertex -4.3132 0.0000 1.6206
        vertex -4.0000 0.0000 1.6000
        vertex -4.0000 -1.6000 1.6000
    endloop
endfacet
facet normal -9.9484 -4.0000 9.2170
    outer loop
        vertex -3.6868 -1.6000 1.6206
        vertex -4.0000 -1.6000 1.6000
        vertex -4.0000 0.0000 1.6000
    endloop
endfacet
facet normal -9.9484 -4.0000 9.2170
    outer loop
        vertex -4.0000 0.0000 1.6000
        vertex -3.6868 0.0000 1.6206
        vertex -3.6868 -1.6000 1.6206
    endloop
endfacet
facet normal -9.8470 -4.0000 9.2302
    outer loop
        vertex -3.3789 -1.6000 1.6818
        vertex -3.6868 -1.6000 1.6206
        vertex -3.6868 0.0000 1.6206
    endloop
endfacet
facet normal -9.8470 -4.0000 9.2302
    outer loop
        vertex -3.6868 0.0000 1.6206
        vertex -3.3789 0.0000 1.6818
        vertex -3.3789 -1.6000 1.6818
    endloop
endfacet
facet normal -9.7480 -4.0000 9.2566
    outer loop
        vertex -3.0815 -1.6000 1.7826
        vertex -3.3789 -1.6000 1.6818
        vertex -3.3789 0.0000 1.6818
    endloop
endfacet
facet normal -9.7480 -4.0000 9.2566
    outer loop
        vertex -3.3789 0.0000 1.6818
        vertex -3.0815 0.0000 1.7826
        vertex -3.0815 -1.6000 1.7826
    endloop
endfacet
facet normal -9.6526 -4.0000 9.2962
    outer loop
        vertex -2.8000 -1.6000 1.9216
        vertex -3.0815 -1.6000 1.7826
        vertex -3.0815 0.0000 1.7826
    endloop
endfacet
facet normal -9.6526 -4.0000 9.2962
    outer loop
        vertex -3.0815 0.0000 1.7826
        vertex -2.8000 0.0000 1.9216
        vertex -2.8000 -1.6000 1.9216
    endloop
endfacet
facet normal -9.5644 -4.0000 9.3472
    outer loop
        vertex -2.5389 -1.6000 2.0958
        vertex -2.8000 -1.6000 1.9216
        vertex -2.8000 0.0000 1.9216
    endloop
endfacet
facet normal -9.5644 -4.0000 9.3472
    outer loop
        vertex -2.8000 0.0000 1.9216
        vertex -2.5389 0.0000 2.0958
        vertex -2.5389 -1.6000 2.0958
    endloop
endfacet
facet normal -9.4822 -4.0000 9.4102
    outer loop
        vertex -2.3030 -1.6000 2.3030
        vertex -2.5389 -1.6000 2.0958
        vertex -2.5389 0.0000 2.0958
    endloop
endfacet
facet normal -9.4822 -4.0000 9.4102
    outer loop
        vertex -2.5389 0.0000 2.0958
        vertex -2.3030 0.0000 2.3030
        vertex -2.3030 -1.6000 2.3030
    endloop
endfacet
facet normal -9.4102 -4.0000 9.4822
    outer loop
        vertex -2.0958 -1.6000 2.5389
        vertex -2.3030 -1.6000 2.3030
        vertex -2.3030 0.0000 2.3030
    endloop
endfacet
facet normal -9.4102 -4.0000 9.4822
    outer loop
        vertex -2.3030 0.0000 2.3030
        vertex -2.0958 0.0000 2.5389
        vertex -2.0958 -1.6000 2.5389
    endloop
endfacet
facet normal -9.3472 -4.0000 9.5644
    outer loop
        vertex -1.9216 -1.6000 2.8000
        vertex -2.0958 -1.6000 2.5389
        vertex -2.0958 0.0000 2.5389
    endloop
endfacet
facet normal -9.3472 -4.0000 9.5644
    outer loop
        vertex -2.0958 0.0000 2.5389
        vertex -1.9216 0.0000 2.8000
        vertex -1.9216 -1.6000 2.8000
    endloop
endfacet
facet normal -9.2962 -4.0000 9.6526
    outer loop
        vertex -1.7826 -1.6000 3.0815
        vertex -1.9216 -1.6000 2.8000
        vertex -1.9216 0.0000 2.8000
    endloop
endfacet
facet normal -9.2962 -4.0000 9.6526
    outer loop
        vertex -1.9216 0.0000 2.8000
        vertex -1.7826 0.0000 3.0815
        vertex -1.7826 -1.6000 3.0815
    endloop
endfacet
facet normal -9.2566 -4.0000 9.7480
    outer loop
        vertex -1.6818 -1.6000 3.3789
        vertex -1.7826 -1.6000 3.0815
        vertex -1.7826 0.0000 3.0815
    endloop
endfacet
facet normal -9.2566 -4.0000 9.7480
    outer loop
        vertex -1.7826 0.0000 3.0815
        vertex -1.6818 0.0000 3.3789
        vertex -1.6818 -1.6000 3.3789
    endloop
endfacet
facet normal -9.2302 -4.0000 9.8470
    outer loop
        vertex -1.6206 -1.6000 3.6868
        vertex -1.6818 -1.6000 3.3789
        vertex -1.6818 0.0000 3.3789
    endloop
endfacet
facet normal -9.2302 -4.0000 9.8470
    outer loop
        vertex -1.6818 0.0000 3.3789
        vertex -1.6206 0.0000 3.6868
        vertex -1.6206 -1.6000 3.6868
    endloop
endfacet
facet normal -9.2170 -4.0000 9.9484
    outer loop
        vertex -1.6000 -1.6000 4.0000
        vertex -1.6206 -1.6000 3.6868
        vertex -1.6206 0.0000 3.6868
    endloop
endfacet
facet normal -9.2170 -4.0000 9.9484
    outer loop
        vertex -1.6206 0.0000 3.6868
        vertex -1.6000 0.0000 4.0000
        vertex -1.6000 -1.6000 4.0000
    endloop
endfacet
facet normal -10.0000 -4.3915 10.0000
    outer loop
        vertex -1.6000 -1.6000 4.0000
        vertex -1.6206 -1.6000 4.3132
        vertex -2.4138 -1.6000 4.2088
    endloop
endfacet
facet normal -10.0000 -4.2610 10.0000
    outer loop
        vertex -2.4138 -1.6000 4.2088
        vertex -2.4000 -1.6000 4.0000
        vertex -1.6000 -1.6000 4.0000
    endloop
endfacet
facet normal -10.0000 -4.3916 10.0000
    outer loop
        vertex -1.6206 -1.6000 4.3132
        vertex -1.6818 -1.6000 4.6211
        vertex -2.4546 -1.6000 4.4141
    endloop
endfacet
facet normal -10.0000 -4.2610 10.0000
    outer loop
        vertex -2.4546 -1.6000 4.4141
        vertex -2.4138 -1.6000 4.2088
        vertex -1.6206 -1.6000 4.3132
    endloop
endfacet
facet normal -10.0000 -4.3916 10.0000
    outer loop
        vertex -1.6818 -1.6000 4.6211
        vertex -1.7826 -1.6000 4.9185
        vertex -2.5218 -1.6000 4.6123
    endloop
endfacet
facet normal -10.0000 -4.2611 10.0000
    outer loop
        vertex -2.5218 -1.6000 4.6123
        vertex -2.4546 -1.6000 4.4141
        vertex -1.6818 -1.6000 4.6211
    endloop
endfacet
facet normal -10.0000 -4.3916 10.0000
    outer loop
        vertex -1.7826 -1.6000 4.9185
        vertex -1.9216 -1.6000 5.2000
        vertex -2.6144 -1.6000 4.8000
    endloop
endfacet
facet normal -10.0000 -4.2611 10.0000
    outer loop
        vertex -2.6144 -1.6000 4.8000
        vertex -2.5218 -1.6000 4.6123
        vertex -1.7826 -1.6000 4.9185
    endloop
endfacet
facet normal -10.0000 -4.3916 10.0000
    outer loop
        vertex -1.9216 -1.6000 5.2000
        vertex -2.0958 -1.6000 5.4611
        vertex -2.7306 -1.6000 4.9741
    endloop
endfacet
facet normal -10.0000 -4.2610 10.0000
    outer loop
        vertex -2.7306 -1.6000 4.9741
        vertex -2.6144 -1.6000 4.8000
        vertex -1.9216 -1.6000 5.2000
    endloop
endfacet
facet normal -10.0000 -4.3916 10.0000
    outer loop
        vertex -2.0958 -1.6000 5.4611
        vertex -2.3030 -1.6000 5.6970
        vertex -2.8686 -1.6000 5.1314
    endloop
endfacet
facet normal -10.0000 -4.2611 10.0000
    outer loop
        vertex -2.8686 -1.6000 5.1314
        vertex -2.7306 -1.6000 4.9741
        vertex -2.0958 -1.6000 5.4611
    endloop
endfacet
facet normal -10.0000 -4.3916 10.0000
    outer loop
        vertex -2.3030 -1.6000 5.6970
        vertex -2.5389 -1.6000 5.9042
        vertex -3.0259 -1.6000 5.2694
    endloop
endfacet
facet normal -10.0000 -4.2611 10.0000
    outer loop
        vertex -3.0259 -1.6000 5.2694
        vertex -2.8686 -1.6000 5.1314
        vertex -2.3030 -1.6000 5.6970
    endloop
endfacet
facet normal -10.0000 -4.3916 10.0000
    outer loop
        vertex -2.5389 -1.6000 5.9042
        vertex -2.8000 -1.6000 6.0784
        vertex -3.2000 -1.6000 5.3856
    endloop
endfacet
facet normal -10.0000 -4.2610 10.0000
    outer loop
        vertex -3.2000 -1.6000 5.3856
        vertex -3.0259 -1.6000 5.2694
        vertex -2.5389 -1.6000 5.9042
    endloop
endfacet
facet normal -10.0000 -4.3916 10.0000
    outer loop
        vertex -2.8000 -1.6000 6.0784
        vertex -3.0815 -1.6000 6.2174
        vertex -3.3877 -1.6000 5.4782
    endloop
endfacet
facet normal -10.0000 -4.2611 10.0000
    outer loop
        vertex -3.3877 -1.6000 5.4782
        vertex -3.2000 -1.6000 5.3856
        vertex -2.8000 -1.6000 6.0784
    endloop
endfacet
facet normal -10.0000 -4.3916 10.0000
    outer loop
        vertex -3.0815 -1.6000 6.2174
        vertex -3.3789 -1.6000 6.3182
        vertex -3.5859 -1.6000 5.5454
    endloop
endfacet
facet normal -10.0000 -4.2611 10.0000
    outer loop
        vertex -3.5859 -1.6000 5.5454
        vertex -3.3877 -1.6000 5.4782
        vertex -3.0815 -1.6000 6.2174
    endloop
endfacet
facet normal -10.0000 -4.3916 10.0000
    outer loop
        vertex -3.3789 -1.6000 6.3182
        vertex -3.6868 -1.6000 6.3794
        vertex -3.7912 -1.6000 5.5862
    endloop
endfacet
facet normal -10.0000 -4.2610 10.0000
    outer loop
        vertex -3.7912 -1.6000 5.5862
        vertex -3.5859 -1.6000 5.5454
        vertex -3.3789 -1.6000 6.3182
    endloop
endfacet
facet normal -10.0000 -4.3915 10.0000
    outer loop
        vertex -3.6868 -1.6000 6.3794
        vertex -4.0000 -1.6000 6.4000
        vertex -4.0000 -1.6000 5.6000
    endloop
endfacet
facet normal -10.0000 -4.2610 10.0000
    outer loop
        vertex -4.0000 -1.6000 5.6000
        vertex -3.7912 -1.6000 5.5862
        vertex -3.6868 -1.6000 6.3794
    endloop
endfacet
facet normal -10.0000 -4.3915 10.0000
    outer loop
        vertex -4.0000 -1.6000 6.4000
        vertex -4.3132 -1.6000 6.3794
        vertex -4.2088 -1.6000 5.5862
    endloop
endfacet
facet normal -10.0000 -4.2610 10.0000
    outer loop
        vertex -4.2088 -1.6000 5.5862
        vertex -4.0000 -1.6000 5.6000
        vertex -4.0000 -1.6000 6.4000
    endloop
endfacet
facet normal -10.0000 -4.3916 10.0000
    outer loop
        vertex -4.3132 -1.6000 6.3794
        vertex -4.6211 -1.6000 6.3182
        vertex -4.4141 -1.6000 5.5454
    endloop
endfacet
facet normal -10.0000 -4.2610 10.0000
    outer loop
        vertex -4.4141 -1.6000 5.5454
        vertex -4.2088 -1.6000 5.5862
        vertex -4.3132 -1.6000 6.3794
    endloop
endfacet
facet normal -10.0000 -4.3916 10.0000
    outer loop
        vertex -4.6211 -1.6000 6.3182
        vertex -4.9185 -1.6000 6.2174
        vertex -4.6123 -1.6000 5.4782
    endloop
endfacet
facet normal -10.0000 -4.2611 10.0000
    outer loop
        vertex -4.6123 -1.6000 5.4782
        vertex -4.4141 -1.6000 5.5454
        vertex -4.6211 -1.6000 6.3182
    endloop
endfacet
facet normal -10.0000 -4.3916 10.0000
    outer loop
        vertex -4.9185 -1.6000 6.2174
        vertex -5.2000 -1.6000 6.0784
        vertex -4.8000 -1.6000 5.3856
    endloop
endfacet
facet normal -10.0000 -4.2611 10.0000
    outer loop
        vertex -4.8000 -1.6000 5.3856
        vertex -4.6123 -1.6000 5.4782
        vertex -4.9185 -1.6000 6.2174
    endloop
endfacet
facet normal -10.0000 -4.3916 10.0000
    outer loop
        vertex -5.2000 -1.6000 6.0784
        vertex -5.4611 -1.6000 5.9042
        vertex -4.9741 -1.6000 5.2694
    endloop
endfacet
facet normal -10.0000 -4.2610 10.0000
    outer loop
        vertex -4.9741 -1.6000 5.2694
        vertex -4.8000 -1.6000 5.3856
        vertex -5.2000 -1.6000 6.0784
    endloop
endfacet
facet normal -10.0000 -4.3916 10.0000
    outer loop
        vertex -5.4611 -1.6000 5.9042
        vertex -5.6970 -1.6000 5.6970
        vertex -5.1314 -1.6000 5.1314
    endloop
endfacet
facet normal -10.0000 -4.2611 10.0000
    outer loop
        vertex -5.1314 -1.6000 5.1314
        vertex -4.9741 -1.6000 5.2694
        vertex -5.4611 -1.6000 5.9042
    endloop
endfacet
facet normal -10.0000 -4.3916 10.0000
    outer loop
        vertex -5.6970 -1.6000 5.6970
        vertex -5.9042 -1.6000 5.4611
        vertex -5.2694 -1.6000 4.9741
    endloop
endfacet
facet normal -10.0000 -4.2611 10.0000
    outer loop
        vertex -5.2694 -1.6000 4.9741
        vertex -5.1314 -1.6000 5.1314
        vertex -5.6970 -1.6000 5.6970
    endloop
endfacet
facet normal -10.0000 -4.3916 10.0000
    outer loop
        vertex -5.9042 -1.6000 5.4611
        vertex -6.0784 -1.6000 5.2000
        vertex -5.3856 -1.6000 4.8000
    endloop
endfacet
facet normal -10.0000 -4.2610 10.0000
    outer loop
        vertex -5.3856 -1.6000 4.8000
        vertex -5.2694 -1.6000 4.9741
        vertex -5.9042 -1.6000 5.4611
    endloop
endfacet
facet normal -10.0000 -4.3916 10.0000
    outer loop
        vertex -6.0784 -1.6000 5.2000
        vertex -6.2174 -1.6000 4.9185
        vertex -5.4782 -1.6000 4.6123
    endloop
endfacet
facet normal -10.0000 -4.2611 10.0000
    outer loop
        vertex -5.4782 -1.6000 4.6123
        vertex -5.3856 -1.6000 4.8000
        vertex -6.0784 -1.6000 5.2000
    endloop
endfacet
facet normal -10.0000 -4.3916 10.0000
    outer loop
        vertex -6.2174 -1.6000 4.9185
        vertex -6.3182 -1.6000 4.6211
        vertex -5.5454 -1.6000 4.4141
    endloop
endfacet
facet normal -10.0000 -4.2611 10.0000
    outer loop
        vertex -5.5454 -1.6000 4.4141
        vertex -5.4782 -1.6000 4.6123
        vertex -6.2174 -1.6000 4.9185
    endloop
endfacet
facet normal -10.0000 -4.3916 10.0000
    outer loop
        vertex -6.3182 -1.6000 4.6211
        vertex -6.3794 -1.6000 4.3132
        vertex -5.5862 -1.6000 4.2088
    endloop
endfacet
facet normal -10.0000 -4.2610 10.0000
    outer loop
        vertex -5.5862 -1.6000 4.2088
        vertex -5.5454 -1.6000 4.4141
        vertex -6.3182 -1.6000 4.6211
    endloop
endfacet
facet normal -10.0000 -4.3915 10.0000
    outer loop
        vertex -6.3794 -1.6000 4.3132
        vertex -6.4000 -1.6000 4.0000
        vertex -5.6000 -1.6000 4.0000
    endloop
endfacet
facet normal -10.0000 -4.2610 10.0000
    outer loop
        vertex -5.6000 -1.6000 4.0000
        vertex -5.5862 -1.6000 4.2088
        vertex -6.3794 -1.6000 4.3132
    endloop
endfacet
facet normal -10.0000 -4.3915 10.0000
    outer loop
        vertex -6.4000 -1.6000 4.0000
        vertex -6.3794 -1.6000 3.6868
        vertex -5.5862 -1.6000 3.7912
    endloop
endfacet
facet normal -10.0000 -4.2610 10.0000
    outer loop
        vertex -5.5862 -1.6000 3.7912
        vertex -5.6000 -1.6000 4.0000
        vertex -6.4000 -1.6000 4.0000
    endloop
endfacet
facet normal -10.0000 -4.3916 10.0000
    outer loop
        vertex -6.3794 -1.6000 3.6868
        vertex -6.3182 -1.6000 3.3789
        vertex -5.5454 -1.6000 3.5859
    endloop
endfacet
facet normal -10.0000 -4.2610 10.0000
    outer loop
        vertex -5.5454 -1.6000 3.5859
        vertex -5.5862 -1.6000 3.7912
        vertex -6.3794 -1.6000 3.6868
    endloop
endfacet
facet normal -10.0000 -4.3916 10.0000
    outer loop
        vertex -6.3182 -1.6000 3.3789
        vertex -6.2174 -1.6000 3.0815
        vertex -5.4782 -1.6000 3.3877
    endloop
endfacet
facet normal -10.0000 -4.2611 10.0000
    outer loop
        vertex -5.4782 -1.6000 3.3877
        vertex -5.5454 -1.6000 3.5859
        vertex -6.3182 -1.6000 3.3789
    endloop
endfacet
facet normal -10.0000 -4.3916 10.0000
    outer loop
        vertex -6.2174 -1.6000 3.0815
        vertex -6.0784 -1.6000 2.8000
        vertex -5.3856 -1.6000 3.2000
    endloop
endfacet
facet normal -10.0000 -4.2611 10.0000
    outer loop
        vertex -5.3856 -1.6000 3.2000
        vertex -5.4782 -1.6000 3.3877
        vertex -6.2174 -1.6000 3.0815
    endloop
endfacet
facet normal -10.0000 -4.3916 10.0000
    outer loop
        vertex -6.0784 -1.6000 2.8000
        vertex -5.9042 -1.6000 2.5389
        vertex -5.2694 -1.6000 3.0259
    endloop
endfacet
facet normal -10.0000 -4.2610 10.0000
    outer loop
        vertex -5.2694 -1.6000 3.0259
        vertex -5.3856 -1.6000 3.2000
        vertex -6.0784 -1.6000 2.8000
    endloop
endfacet
facet normal -10.0000 -4.3916 10.0000
    outer loop
        vertex -5.9042 -1.6000 2.5389
        vertex -5.6970 -1.6000 2.3030
        vertex -5.1314 -1.6000 2.8686
    endloop
endfacet
facet normal -10.0000 -4.2611 10.0000
    outer loop
        vertex -5.1314 -1.6000 2.8686
        vertex -5.2694 -1.6000 3.0259
        vertex -5.9042 -1.6000 2.5389
    endloop
endfacet
facet normal -10.0000 -4.3916 10.0000
    outer loop
        vertex -5.6970 -1.6000 2.3030
        vertex -5.4611 -1.6000 2.0958
        vertex -4.9741 -1.6000 2.7306
    endloop
endfacet
facet normal -10.0000 -4.2611 10.0000
    outer loop
        vertex -4.9741 -1.6000 2.7306
        vertex -5.1314 -1.6000 2.8686
        vertex -5.6970 -1.6000 2.3030
    endloop
endfacet
facet normal -10.0000 -4.3916 10.0000
    outer loop
        vertex -5.4611 -1.6000 2.0958
        vertex -5.2000 -1.6000 1.9216
        vertex -4.8000 -1.6000 2.6144
    endloop
endfacet
facet normal -10.0000 -4.2610 10.0000
    outer loop
        vertex -4.8000 -1.6000 2.6144
        vertex -4.9741 -1.6000 2.7306
        vertex -5.4611 -1.6000 2.0958
    endloop
endfacet
facet normal -10.0000 -4.3916 10.0000
    outer loop
        vertex -5.2000 -1.6000 1.9216
        vertex -4.9185 -1.6000 1.7826
        vertex -4.6123 -1.6000 2.5218
    endloop
endfacet
facet normal -10.0000 -4.2611 10.0000
    outer loop
        vertex -4.6123 -1.6000 2.5218
        vertex -4.8000 -1.6000 2.6144
        vertex -5.2000 -1.6000 1.9216
    endloop
endfacet
facet normal -10.0000 -4.3916 10.0000
    outer loop
        vertex -4.9185 -1.6000 1.7826
        vertex -4.6211 -1.6000 1.6818
        vertex -4.4141 -1.6000 2.4546
    endloop
endfacet
facet normal -10.0000 -4.2611 10.0000
    outer loop
        vertex -4.4141 -1.6000 2.4546
        vertex -4.6123 -1.6000 2.5218
        vertex -4.9185 -1.6000 1.7826
    endloop
endfacet
facet normal -10.0000 -4.3916 10.0000
    outer loop
        vertex -4.6211 -1.6000 1.6818
        vertex -4.3132 -1.6000 1.6206
        vertex -4.2088 -1.6000 2.4138
    endloop
endfacet
facet normal -10.0000 -4.2610 10.0000
    outer loop
        vertex -4.2088 -1.6000 2.4138
        vertex -4.4141 -1.6000 2.4546
        vertex -4.6211 -1.6000 1.6818
    endloop
endfacet
facet normal -10.0000 -4.3915 10.0000
    outer loop
        vertex -4.3132 -1.6000 1.6206
        vertex -4.0000 -1.6000 1.6000
        vertex -4.0000 -1.6000 2.4000
    endloop
endfacet
facet normal -10.0000 -4.2610 10.0000
    outer loop
        vertex -4.0000 -1.6000 2.4000
        vertex -4.2088 -1.6000 2.4138
        vertex -4.3132 -1.6000 1.6206
    endloop
endfacet
facet normal -10.0000 -4.3915 10.0000
    outer loop
        vertex -4.0000 -1.6000 1.6000
        vertex -3.6868 -1.6000 1.6206
        vertex -3.7912 -1.6000 2.4138
    endloop
endfacet
facet normal -10.0000 -4.2610 10.0000
    outer loop
        vertex -3.7912 -1.6000 2.4138
        vertex -4.0000 -1.6000 2.4000
        vertex -4.0000 -1.6000 1.6000
    endloop
endfacet
facet normal -10.0000 -4.3916 10.0000
    outer loop
        vertex -3.6868 -1.6000 1.6206
        vertex -3.3789 -1.6000 1.6818
        vertex -3.5859 -1.6000 2.4546
    endloop
endfacet
facet normal -10.0000 -4.2610 10.0000
    outer loop
        vertex -3.5859 -1.6000 2.4546
        vertex -3.7912 -1.6000 2.4138
        vertex -3.6868 -1.6000 1.6206
    endloop
endfacet
facet normal -10.0000 -4.3916 10.0000
    outer loop
        vertex -3.3789 -1.6000 1.6818
        vertex -3.0815 -1.6000 1.7826
        vertex -3.3877 -1.6000 2.5218
    endloop
endfacet
facet normal -10.0000 -4.2611 10.0000
    outer loop
        vertex -3.3877 -1.6000 2.5218
        vertex -3.5859 -1.6000 2.4546
        vertex -3.3789 -1.6000 1.6818
    endloop
endfacet
facet normal -10.0000 -4.3916 10.0000
    outer loop
        vertex -3.0815 -1.6000 1.7826
        vertex -2.8000 -1.6000 1.9216
        vertex -3.2000 -1.6000 2.6144
    endloop
endfacet
facet normal -10.0000 -4.2611 10.0000
    outer loop
        vertex -3.2000 -1.6000 2.6144
        vertex -3.3877 -1.6000 2.5218
        vertex -3.0815 -1.6000 1.7826
    endloop
endfacet
facet normal -10.0000 -4.3916 10.0000
    outer loop
        vertex -2.8000 -1.6000 1.9216
        vertex -2.5389 -1.6000 2.0958
        vertex -3.0259 -1.6000 2.7306
    endloop
endfacet
facet normal -10.0000 -4.2610 10.0000
    outer loop
        vertex -3.0259 -1.6000 2.7306
        vertex -3.2000 -1.6000 2.6144
        vertex -2.8000 -1.6000 1.9216
    endloop
endfacet
facet normal -10.0000 -4.3916 10.0000
    outer loop
        vertex -2.5389 -1.6000 2.0958
        vertex -2.3030 -1.6000 2.3030
        vertex -2.8686 -1.6000 2.8686
    endloop
endfacet
facet normal -10.0000 -4.2611 10.0000
    outer loop
        vertex -2.8686 -1.6000 2.8686
        vertex -3.0259 -1.6000 2.7306
        vertex -2.5389 -1.6000 2.0958
    endloop
endfacet
facet normal -10.0000 -4.3916 10.0000
    outer loop
        vertex -2.3030 -1.6000 2.3030
        vertex -2.0958 -1.6000 2.5389
        vertex -2.7306 -1.6000 3.0259
    endloop
endfacet
facet normal -10.0000 -4.2611 10.0000
    outer loop
        vertex -2.7306 -1.6000 3.0259
        vertex -2.8686 -1.6000 2.8686
        vertex -2.3030 -1.6000 2.3030
    endloop
endfacet
facet normal -10.0000 -4.3916 10.0000
    outer loop
        vertex -2.0958 -1.6000 2.5389
        vertex -1.9216 -1.6000 2.8000
        vertex -2.6144 -1.6000 3.2000
    endloop
endfacet
facet normal -10.0000 -4.2610 10.0000
    outer loop
        vertex -2.6144 -1.6000 3.2000
        vertex -2.7306 -1.6000 3.0259
        vertex -2.0958 -1.6000 2.5389
    endloop
endfacet
facet normal -10.0000 -4.3916 10.0000
    outer loop
        vertex -1.9216 -1.6000 2.8000
        vertex -1.7826 -1.6000 3.0815
        vertex -2.5218 -1.6000 3.3877
    endloop
endfacet
facet normal -10.0000 -4.2611 10.0000
    outer loop
        vertex -2.5218 -1.6000 3.3877
        vertex -2.6144 -1.6000 3.2000
        vertex -1.9216 -1.6000 2.8000
    endloop
endfacet
facet normal -10.0000 -4.3916 10.0000
    outer loop
        vertex -1.7826 -1.6000 3.0815
        vertex -1.6818 -1.6000 3.3789
        vertex -2.4546 -1.6000 3.5859
    endloop
endfacet
facet normal -10.0000 -4.2611 10.0000
    outer loop
        vertex -2.4546 -1.6000 3.5859
        vertex -2.5218 -1.6000 3.3877
        vertex -1.7826 -1.6000 3.0815
    endloop
endfacet
facet normal -10.0000 -4.3916 10.0000
    outer loop
        vertex -1.6818 -1.6000 3.3789
        vertex -1.6206 -1.6000 3.6868
        vertex -2.4138 -1.6000 3.7912
    endloop
endfacet
facet normal -10.0000 -4.2610 10.0000
    outer loop
        vertex -2.4138 -1.6000 3.7912
        vertex -2.4546 -1.6000 3.5859
        vertex -1.6818 -1.6000 3.3789
    endloop
endfacet
facet normal -10.0000 -4.3915 10.0000
    outer loop
        vertex -1.6206 -1.6000 3.6868
        vertex -1.6000 -1.6000 4.0000
        vertex -2.4000 -1.6000 4.0000
    endloop
endfacet
facet normal -10.0000 -4.2610 10.0000
    outer loop
        vertex -2.4000 -1.6000 4.0000
        vertex -2.4138 -1.6000 3.7912
        vertex -1.6206 -1.6000 3.6868
    endloop
endfacet
facet normal 9.4780 -4.0000 9.9656
    outer loop
        vertex 5.5862 -1.6000 4.2088
        vertex 5.6000 0.0000 4.0000
        vertex 5.6000 -1.6000 4.0000
    endloop
endfacet
facet normal 9.4780 -4.0000 9.9656
    outer loop
        vertex 5.6000 0.0000 4.0000
        vertex 5.5862 -1.6000 4.2088
        vertex 5.5862 0.0000 4.2088
    endloop
endfacet
facet normal 9.4868 -4.0000 9.8980
    outer loop
        vertex 5.5454 -1.6000 4.4141
        vertex 5.5862 0.0000 4.2088
        vertex 5.5862 -1.6000 4.2088
    endloop
endfacet
facet normal 9.4868 -4.0000 9.8980
    outer loop
        vertex 5.5862 0.0000 4.2088
        vertex 5.5454 -1.6000 4.4141
        vertex 5.5454 0.0000 4.4141
    endloop
endfacet
facet normal 9.5044 -4.0000 9.8320
    outer loop
        vertex 5.4782 -1.6000 4.6123
        vertex 5.5454 0.0000 4.4141
        vertex 5.5454 -1.6000 4.4141
    endloop
endfacet
facet normal 9.5044 -4.0000 9.8320
    outer loop
        vertex 5.5454 0.0000 4.4141
        vertex 5.4782 -1.6000 4.6123
        vertex 5.4782 0.0000 4.6123
    endloop
endfacet
facet normal 9.5308 -4.0000 9.7684
    outer loop
        vertex 5.3856 -1.6000 4.8000
        vertex 5.4782 0.0000 4.6123
        vertex 5.4782 -1.6000 4.6123
    endloop
endfacet
facet normal 9.5308 -4.0000 9.7684
    outer loop
        vertex 5.4782 0.0000 4.6123
        vertex 5.3856 -1.6000 4.8000
        vertex 5.3856 0.0000 4.8000
    endloop
endfacet
facet normal 9.5648 -4.0000 9.7096
    outer loop
        vertex 5.2694 -1.6000 4.9741
        vertex 5.3856 0.0000 4.8000
        vertex 5.3856 -1.6000 4.8000
    endloop
endfacet
facet normal 9.5648 -4.0000 9.7096
    outer loop
        vertex 5.3856 0.0000 4.8000
        vertex 5.2694 -1.6000 4.9741
        vertex 5.2694 0.0000 4.9741
    endloop
endfacet
facet normal 9.6068 -4.0000 9.6548
    outer loop
        vertex 5.1314 -1.6000 5.1314
        vertex 5.2694 0.0000 4.9741
        vertex 5.2694 -1.6000 4.9741
    endloop
endfacet
facet normal 9.6068 -4.0000 9.6548
    outer loop
        vertex 5.2694 0.0000 4.9741
        vertex 5.1314 -1.6000 5.1314
        vertex 5.1314 0.0000 5.1314
    endloop
endfacet
facet normal 9.6548 -4.0000 9.6068
    outer loop
        vertex 4.9741 -1.6000 5.2694
        vertex 5.1314 0.0000 5.1314
        vertex 5.1314 -1.6000 5.1314
    endloop
endfacet
facet normal 9.6548 -4.0000 9.6068
    outer loop
        vertex 5.1314 0.0000 5.1314
        vertex 4.9741 -1.6000 5.2694
        vertex 4.9741 0.0000 5.2694
    endloop
endfacet
facet normal 9.7096 -4.0000 9.5648
    outer loop
        vertex 4.8000 -1.6000 5.3856
        vertex 4.9741 0.0000 5.2694
        vertex 4.9741 -1.6000 5.2694
    endloop
endfacet
facet normal 9.7096 -4.0000 9.5648
    outer loop
        vertex 4.9741 0.0000 5.2694
        vertex 4.8000 -1.6000 5.3856
        vertex 4.8000 0.0000 5.3856
    endloop
endfacet
facet normal 9.7684 -4.0000 9.5308
    outer loop
        vertex 4.6123 -1.6000 5.4782
        vertex 4.8000 0.0000 5.3856
        vertex 4.8000 -1.6000 5.3856
    endloop
endfacet
facet normal 9.7684 -4.0000 9.5308
    outer loop
        vertex 4.8000 0.0000 5.3856
        vertex 4.6123 -1.6000 5.4782
        vertex 4.6123 0.0000 5.4782
    endloop
endfacet
facet normal 9.8320 -4.0000 9.5044
    outer loop
        vertex 4.4141 -1.6000 5.5454
        vertex 4.6123 0.0000 5.4782
        vertex 4.6123 -1.6000 5.4782
    endloop
endfacet
facet normal 9.8320 -4.0000 9.5044
    outer loop
        vertex 4.6123 0.0000 5.4782
        vertex 4.4141 -1.6000 5.5454
        vertex 4.4141 0.0000 5.5454
    endloop
endfacet
facet normal 9.8980 -4.0000 9.4868
    outer loop
        vertex 4.2088 -1.6000 5.5862
        vertex 4.4141 0.0000 5.5454
        vertex 4.4141 -1.6000 5.5454
    endloop
endfacet
facet normal 9.8980 -4.0000 9.4868
    outer loop
        vertex 4.4141 0.0000 5.5454
        vertex 4.2088 -1.6000 5.5862
        vertex 4.2088 0.0000 5.5862
    endloop
endfacet
facet normal 9.9656 -4.0000 9.4780
    outer loop
        vertex 4.0000 -1.6000 5.6000
        vertex 4.2088 0.0000 5.5862
        vertex 4.2088 -1.6000 5.5862
    endloop
endfacet
facet normal 9.9656 -4.0000 9.4780
    outer loop
        vertex 4.2088 0.0000 5.5862
        vertex 4.0000 -1.6000 5.6000
        vertex 4.0000 0.0000 5.6000
    endloop
endfacet
facet normal 10.0344 -4.0000 9.4780
    outer loop
        vertex 3.7912 -1.6000 5.5862
        vertex 4.0000 0.0000 5.6000
        vertex 4.0000 -1.6000 5.6000
    endloop
endfacet
facet normal 10.0344 -4.0000 9.4780
    outer loop
        vertex 4.0000 0.0000 5.6000
        vertex 3.7912 -1.6000 5.5862
        vertex 3.7912 0.0000 5.5862
    endloop
endfacet
facet normal 10.1020 -4.0000 9.4868
    outer loop
        vertex 3.5859 -1.6000 5.5454
        vertex 3.7912 0.0000 5.5862
        vertex 3.7912 -1.6000 5.5862
    endloop
endfacet
facet normal 10.1020 -4.0000 9.4868
    outer loop
        vertex 3.7912 0.0000 5.5862
        vertex 3.5859 -1.6000 5.5454
        vertex 3.5859 0.0000 5.5454
    endloop
endfacet
facet normal 10.1680 -4.0000 9.5044
    outer loop
        vertex 3.3877 -1.6000 5.4782
        vertex 3.5859 0.0000 5.5454
        vertex 3.5859 -1.6000 5.5454
    endloop
endfacet
facet normal 10.1680 -4.0000 9.5044
    outer loop
        vertex 3.5859 0.0000 5.5454
        vertex 3.3877 -1.6000 5.4782
        vertex 3.3877 0.0000 5.4782
    endloop
endfacet
facet normal 10.2316 -4.0000 9.5308
    outer loop
        vertex 3.2000 -1.6000 5.3856
        vertex 3.3877 0.0000 5.4782
        vertex 3.3877 -1.6000 5.4782
    endloop
endfacet
facet normal 10.2316 -4.0000 9.5308
    outer loop
        vertex 3.3877 0.0000 5.4782
        vertex 3.2000 -1.6000 5.3856
        vertex 3.2000 0.0000 5.3856
    endloop
endfacet
facet normal 10.2904 -4.0000 9.5648
    outer loop
        vertex 3.0259 -1.6000 5.2694
        vertex 3.2000 0.0000 5.3856
        vertex 3.2000 -1.6000 5.3856
    endloop
endfacet
facet normal 10.2904 -4.0000 9.5648
    outer loop
        vertex 3.2000 0.0000 5.3856
        vertex 3.0259 -1.6000 5.2694
        vertex 3.0259 0.0000 5.2694
    endloop
endfacet
facet normal 10.3452 -4.0000 9.6068
    outer loop
        vertex 2.8686 -1.6000 5.1314
        vertex 3.0259 0.0000 5.2694
        vertex 3.0259 -1.6000 5.2694
    endloop
endfacet
facet normal 10.3452 -4.0000 9.6068
    outer loop
        vertex 3.0259 0.0000 5.2694
        vertex 2.8686 -1.6000 5.1314
        vertex 2.8686 0.0000 5.1314
    endloop
endfacet
facet normal 10.3932 -4.0000 9.6548
    outer loop
        vertex 2.7306 -1.6000 4.9741
        vertex 2.8686 0.0000 5.1314
        vertex 2.8686 -1.6000 5.1314
    endloop
endfacet
facet normal 10.3932 -4.0000 9.6548
    outer loop
        vertex 2.8686 0.0000 5.1314
        vertex 2.7306 -1.6000 4.9741
        vertex 2.7306 0.0000 4.9741
    endloop
endfacet
facet normal 10.4352 -4.0000 9.7096
    outer loop
        vertex 2.6144 -1.6000 4.8000
        vertex 2.7306 0.0000 4.9741
        vertex 2.7306 -1.6000 4.9741
    endloop
endfacet
facet normal 10.4352 -4.0000 9.7096
    outer loop
        vertex 2.7306 0.0000 4.9741
        vertex 2.6144 -1.6000 4.8000
        vertex 2.6144 0.0000 4.8000
    endloop
endfacet
facet normal 10.4692 -4.0000 9.7684
    outer loop
        vertex 2.5218 -1.6000 4.6123
        vertex 2.6144 0.0000 4.8000
        vertex 2.6144 -1.6000 4.8000
    endloop
endfacet
facet normal 10.4692 -4.0000 9.7684
    outer loop
        vertex 2.6144 0.0000 4.8000
        vertex 2.5218 -1.6000 4.6123
        vertex 2.5218 0.0000 4.6123
    endloop
endfacet
facet normal 10.4956 -4.0000 9.8320
    outer loop
        vertex 2.4546 -1.6000 4.4141
        vertex 2.5218 0.0000 4.6123
        vertex 2.5218 -1.6000 4.6123
    endloop
endfacet
facet normal 10.4956 -4.0000 9.8320
    outer loop
        vertex 2.5218 0.0000 4.6123
        vertex 2.4546 -1.6000 4.4141
        vertex 2.4546 0.0000 4.4141
    endloop
endfacet
facet normal 10.5132 -4.0000 9.8980
    outer loop
        vertex 2.4138 -1.6000 4.2088
        vertex 2.4546 0.0000 4.4141
        vertex 2.4546 -1.6000 4.4141
    endloop
endfacet
facet normal 10.5132 -4.0000 9.8980
    outer loop
        vertex 2.4546 0.0000 4.4141
        vertex 2.4138 -1.6000 4.2088
        vertex 2.4138 0.0000 4.2088
    endloop
endfacet
facet normal 10.5220 -4.0000 9.9656
    outer loop
        vertex 2.4000 -1.6000 4.0000
        vertex 2.4138 0.0000 4.2088
        vertex 2.4138 -1.6000 4.2088
    endloop
endfacet
facet normal 10.5220 -4.0000 9.9656
    outer loop
        vertex 2.4138 0.0000 4.2088
        vertex 2.4000 -1.6000 4.0000
        vertex 2.4000 0.0000 4.0000
    endloop
endfacet
facet normal 10.5220 -4.0000 10.0344
    outer loop
        vertex 2.4138 -1.6000 3.7912
        vertex 2.4000 0.0000 4.0000
        vertex 2.4000 -1.6000 4.0000
    endloop
endfacet
facet normal 10.5220 -4.0000 10.0344
    outer loop
        vertex 2.4000 0.0000 4.0000
        vertex 2.4138 -1.6000 3.7912
        vertex 2.4138 0.0000 3.7912
    endloop
endfacet
facet normal 10.5132 -4.0000 10.1020
    outer loop
        vertex 2.4546 -1.6000 3.5859
        vertex 2.4138 0.0000 3.7912
        vertex 2.4138 -1.6000 3.7912
    endloop
endfacet
facet normal 10.5132 -4.0000 10.1020
    outer loop
        vertex 2.4138 0.0000 3.7912
        vertex 2.4546 -1.6000 3.5859
        vertex 2.4546 0.0000 3.5859
    endloop
endfacet
facet normal 10.4956 -4.0000 10.1680
    outer loop
        vertex 2.5218 -1.6000 3.3877
        vertex 2.4546 0.0000 3.5859
        vertex 2.4546 -1.6000 3.5859
    endloop
endfacet
facet normal 10.4956 -4.0000 10.1680
    outer loop
        vertex 2.4546 0.0000 3.5859
        vertex 2.5218 -1.6000 3.3877
        vertex 2.5218 0.0000 3.3877
    endloop
endfacet
facet normal 10.4692 -4.0000 10.2316
    outer loop
        vertex 2.6144 -1.6000 3.2000
        vertex 2.5218 0.0000 3.3877
        vertex 2.5218 -1.6000 3.3877
    endloop
endfacet
facet normal 10.4692 -4.0000 10.2316
    outer loop
        vertex 2.5218 0.0000 3.3877
        vertex 2.6144 -1.6000 3.2000
        vertex 2.6144 0.0000 3.2000
    endloop
endfacet
facet normal 10.4352 -4.0000 10.2904
    outer loop
        vertex 2.7306 -1.6000 3.0259
        vertex 2.6144 0.0000 3.2000
        vertex 2.6144 -1.6000 3.2000
    endloop
endfacet
facet normal 10.4352 -4.0000 10.2904
    outer loop
        vertex 2.6144 0.0000 3.2000
        vertex 2.7306 -1.6000 3.0259
        vertex 2.7306 0.0000 3.0259
    endloop
endfacet
facet normal 10.3932 -4.0000 10.3452
    outer loop
        vertex 2.8686 -1.6000 2.8686
        vertex 2.7306 0.0000 3.0259
        vertex 2.7306 -1.6000 3.0259
    endloop
endfacet
facet normal 10.3932 -4.0000 10.3452
    outer loop
        vertex 2.7306 0.0000 3.0259
        vertex 2.8686 -1.6000 2.8686
        vertex 2.8686 0.0000 2.8686
    endloop
endfacet
facet normal 10.3452 -4.0000 10.3932
    outer loop
        vertex 3.0259 -1.6000 2.7306
        vertex 2.8686 0.0000 2.8686
        vertex 2.8686 -1.6000 2.8686
    endloop
endfacet
facet normal 10.3452 -4.0000 10.3932
    outer loop
        vertex 2.8686 0.0000 2.8686
        vertex 3.0259 -1.6000 2.7306
        vertex 3.0259 0.0000 2.7306
    endloop
endfacet
facet normal 10.2904 -4.0000 10.4352
    outer loop
        vertex 3.2000 -1.6000 2.6144
        vertex 3.0259 0.0000 2.7306
        vertex 3.0259 -1.6000 2.7306
    endloop
endfacet
facet normal 10.2904 -4.0000 10.4352
    outer loop
        vertex 3.0259 0.0000 2.7306
        vertex 3.2000 -1.6000 2.6144
        vertex 3.2000 0.0000 2.6144
    endloop
endfacet
facet normal 10.2316 -4.0000 10.4692
    outer loop
        vertex 3.3877 -1.6000 2.5218
        vertex 3.2000 0.0000 2.6144
        vertex 3.2000 -1.6000 2.6144
    endloop
endfacet
facet normal 10.2316 -4.0000 10.4692
    outer loop
        vertex 3.2000 0.0000 2.6144
        vertex 3.3877 -1.6000 2.5218
        vertex 3.3877 0.0000 2.5218
    endloop
endfacet
facet normal 10.1680 -4.0000 10.4956
    outer loop
        vertex 3.5859 -1.6000 2.4546
        vertex 3.3877 0.0000 2.5218
        vertex 3.3877 -1.6000 2.5218
    endloop
endfacet
facet normal 10.1680 -4.0000 10.4956
    outer loop
        vertex 3.3877 0.0000 2.5218
        vertex 3.5859 -1.6000 2.4546
        vertex 3.5859 0.0000 2.4546
    endloop
endfacet
facet normal 10.1020 -4.0000 10.5132
    outer loop
        vertex 3.7912 -1.6000 2.4138
        vertex 3.5859 0.0000 2.4546
        vertex 3.5859 -1.6000 2.4546
    endloop
endfacet
facet normal 10.1020 -4.0000 10.5132
    outer loop
        vertex 3.5859 0.0000 2.4546
        vertex 3.7912 -1.6000 2.4138
        vertex 3.7912 0.0000 2.4138
    endloop
endfacet
facet normal 10.0344 -4.0000 10.5220
    outer loop
        vertex 4.0000 -1.6000 2.4000
        vertex 3.7912 0.0000 2.4138
        vertex 3.7912 -1.6000 2.4138
    endloop
endfacet
facet normal 10.0344 -4.0000 10.5220
    outer loop
        vertex 3.7912 0.0000 2.4138
        vertex 4.0000 -1.6000 2.4000
        vertex 4.0000 0.0000 2.4000
    endloop
endfacet
facet normal 9.9656 -4.0000 10.5220
    outer loop
        vertex 4.2088 -1.6000 2.4138
        vertex 4.0000 0.0000 2.4000
        vertex 4.0000 -1.6000 2.4000
    endloop
endfacet
facet normal 9.9656 -4.0000 10.5220
    outer loop
        vertex 4.0000 0.0000 2.4000
        vertex 4.2088 -1.6000 2.4138
        vertex 4.2088 0.0000 2.4138
    endloop
endfacet
facet normal 9.8980 -4.0000 10.5132
    outer loop
        vertex 4.4141 -1.6000 2.4546
        vertex 4.2088 0.0000 2.4138
        vertex 4.2088 -1.6000 2.4138
    endloop
endfacet
facet normal 9.8980 -4.0000 10.5132
    outer loop
        vertex 4.2088 0.0000 2.4138
        vertex 4.4141 -1.6000 2.4546
        vertex 4.4141 0.0000 2.4546
    endloop
endfacet
facet normal 9.8320 -4.0000 10.4956
    outer loop
        vertex 4.6123 -1.6000 2.5218
        vertex 4.4141 0.0000 2.4546
        vertex 4.4141 -1.6000 2.4546
    endloop
endfacet
facet normal 9.8320 -4.0000 10.4956
    outer loop
        vertex 4.4141 0.0000 2.4546
        vertex 4.6123 -1.6000 2.5218
        vertex 4.6123 0.0000 2.5218
    endloop
endfacet
facet normal 9.7684 -4.0000 10.4692
    outer loop
        vertex 4.8000 -1.6000 2.6144
        vertex 4.6123 0.0000 2.5218
        vertex 4.6123 -1.6000 2.5218
    endloop
endfacet
facet normal 9.7684 -4.0000 10.4692
    outer loop
        vertex 4.6123 0.0000 2.5218
        vertex 4.8000 -1.6000 2.6144
        vertex 4.8000 0.0000 2.6144
    endloop
endfacet
facet normal 9.7096 -4.0000 10.4352
    outer loop
        vertex 4.9741 -1.6000 2.7306
        vertex 4.8000 0.0000 2.6144
        vertex 4.8000 -1.6000 2.6144
    endloop
endfacet
facet normal 9.7096 -4.0000 10.4352
    outer loop
        vertex 4.8000 0.0000 2.6144
        vertex 4.9741 -1.6000 2.7306
        vertex 4.9741 0.0000 2.7306
    endloop
endfacet
facet normal 9.6548 -4.0000 10.3932
    outer loop
        vertex 5.1314 -1.6000 2.8686
        vertex 4.9741 0.0000 2.7306
        vertex 4.9741 -1.6000 2.7306
    endloop
endfacet
facet normal 9.6548 -4.0000 10.3932
    outer loop
        vertex 4.9741 0.0000 2.7306
        vertex 5.1314 -1.6000 2.8686
        vertex 5.1314 0.0000 2.8686
    endloop
endfacet
facet normal 9.6068 -4.0000 10.3452
    outer loop
        vertex 5.2694 -1.6000 3.0259
        vertex 5.1314 0.0000 2.8686
        vertex 5.1314 -1.6000 2.8686
    endloop
endfacet
facet normal 9.6068 -4.0000 10.3452
    outer loop
        vertex 5.1314 0.0000 2.8686
        vertex 5.2694 -1.6000 3.0259
        vertex 5.2694 0.0000 3.0259
    endloop
endfacet
facet normal 9.5648 -4.0000 10.2904
    outer loop
        vertex 5.3856 -1.6000 3.2000
        vertex 5.2694 0.0000 3.0259
        vertex 5.2694 -1.6000 3.0259
    endloop
endfacet
facet normal 9.5648 -4.0000 10.2904
    outer loop
        vertex 5.2694 0.0000 3.0259
        vertex 5.3856 -1.6000 3.2000
        vertex 5.3856 0.0000 3.2000
    endloop
endfacet
facet normal 9.5308 -4.0000 10.2316
    outer loop
        vertex 5.4782 -1.6000 3.3877
        vertex 5.3856 0.0000 3.2000
        vertex 5.3856 -1.6000 3.2000
    endloop
endfacet
facet normal 9.5308 -4.0000 10.2316
    outer loop
        vertex 5.3856 0.0000 3.2000
        vertex 5.4782 -1.6000 3.3877
        vertex 5.4782 0.0000 3.3877
    endloop
endfacet
facet normal 9.5044 -4.0000 10.1680
    outer loop
        vertex 5.5454 -1.6000 3.5859
        vertex 5.4782 0.0000 3.3877
        vertex 5.4782 -1.6000 3.3877
    endloop
endfacet
facet normal 9.5044 -4.0000 10.1680
    outer loop
        vertex 5.4782 0.0000 3.3877
        vertex 5.5454 -1.6000 3.5859
        vertex 5.5454 0.0000 3.5859
    endloop
endfacet
facet normal 9.4868 -4.0000 10.1020
    outer loop
        vertex 5.5862 -1.6000 3.7912
        vertex 5.5454 0.0000 3.5859
        vertex 5.5454 -1.6000 3.5859
    endloop
endfacet
facet normal 9.4868 -4.0000 10.1020
    outer loop
        vertex 5.5454 0.0000 3.5859
        vertex 5.5862 -1.6000 3.7912
        vertex 5.5862 0.0000 3.7912
    endloop
endfacet
facet normal 9.4780 -4.0000 10.0344
    outer loop
        vertex 5.6000 -1.6000 4.0000
        vertex 5.5862 0.0000 3.7912
        vertex 5.5862 -1.6000 3.7912
    endloop
endfacet
facet normal 9.4780 -4.0000 10.0344
    outer loop
        vertex 5.5862 0.0000 3.7912
        vertex 5.6000 -1.6000 4.0000
        vertex 5.6000 0.0000 4.0000
    endloop
endfacet
facet normal 10.7830 -4.0000 10.0516
    outer loop
        vertex 6.3794 -1.6000 4.3132
        vertex 6.4000 -1.6000 4.0000
        vertex 6.4000 0.0000 4.0000
    endloop
endfacet
facet normal 10.7830 -4.0000 10.0516
    outer loop
        vertex 6.4000 0.0000 4.0000
        vertex 6.3794 0.0000 4.3132
        vertex 6.3794 -1.6000 4.3132
    endloop
endfacet
facet normal 10.7698 -4.0000 10.1530
    outer loop
        vertex 6.3182 -1.6000 4.6211
        vertex 6.3794 -1.6000 4.3132
        vertex 6.3794 0.0000 4.3132
    endloop
endfacet
facet normal 10.7698 -4.0000 10.1530
    outer loop
        vertex 6.3794 0.0000 4.3132
        vertex 6.3182 0.0000 4.6211
        vertex 6.3182 -1.6000 4.6211
    endloop
endfacet
facet normal 10.7434 -4.0000 10.2520
    outer loop
        vertex 6.2174 -1.6000 4.9185
        vertex 6.3182 -1.6000 4.6211
        vertex 6.3182 0.0000 4.6211
    endloop
endfacet
facet normal 10.7434 -4.0000 10.2520
    outer loop
        vertex 6.3182 0.0000 4.6211
        vertex 6.2174 0.0000 4.9185
        vertex 6.2174 -1.6000 4.9185
    endloop
endfacet
facet normal 10.7038 -4.0000 10.3474
    outer loop
        vertex 6.0784 -1.6000 5.2000
        vertex 6.2174 -1.6000 4.9185
        vertex 6.2174 0.0000 4.9185
    endloop
endfacet
facet normal 10.7038 -4.0000 10.3474
    outer loop
        vertex 6.2174 0.0000 4.9185
        vertex 6.0784 0.0000 5.2000
        vertex 6.0784 -1.6000 5.2000
    endloop
endfacet
facet normal 10.6528 -4.0000 10.4356
    outer loop
        vertex 5.9042 -1.6000 5.4611
        vertex 6.0784 -1.6000 5.2000
        vertex 6.0784 0.0000 5.2000
    endloop
endfacet
facet normal 10.6528 -4.0000 10.4356
    outer loop
        vertex 6.0784 0.0000 5.2000
        vertex 5.9042 0.0000 5.4611
        vertex 5.9042 -1.6000 5.4611
    endloop
endfacet
facet normal 10.5898 -4.0000 10.5178
    outer loop
        vertex 5.6970 -1.6000 5.6970
        vertex 5.9042 -1.6000 5.4611
        vertex 5.9042 0.0000 5.4611
    endloop
endfacet
facet normal 10.5898 -4.0000 10.5178
    outer loop
        vertex 5.9042 0.0000 5.4611
        vertex 5.6970 0.0000 5.6970
        vertex 5.6970 -1.6000 5.6970
    endloop
endfacet
facet normal 10.5178 -4.0000 10.5898
    outer loop
        vertex 5.4611 -1.6000 5.9042
        vertex 5.6970 -1.6000 5.6970
        vertex 5.6970 0.0000 5.6970
    endloop
endfacet
facet normal 10.5178 -4.0000 10.5898
    outer loop
        vertex 5.6970 0.0000 5.6970
        vertex 5.4611 0.0000 5.9042
        vertex 5.4611 -1.6000 5.9042
    endloop
endfacet
facet normal 10.4356 -4.0000 10.6528
    outer loop
        vertex 5.2000 -1.6000 6.0784
        vertex 5.4611 -1.6000 5.9042
        vertex 5.4611 0.0000 5.9042
    endloop
endfacet
facet normal 10.4356 -4.0000 10.6528
    outer loop
        vertex 5.4611 0.0000 5.9042
        vertex 5.2000 0.0000 6.0784
        vertex 5.2000 -1.6000 6.0784
    endloop
endfacet
facet normal 10.3474 -4.0000 10.7038
    outer loop
        vertex 4.9185 -1.6000 6.2174
        vertex 5.2000 -1.6000 6.0784
        vertex 5.2000 0.0000 6.0784
    endloop
endfacet
facet normal 10.3474 -4.0000 10.7038
    outer loop
        vertex 5.2000 0.0000 6.0784
        vertex 4.9185 0.0000 6.2174
        vertex 4.9185 -1.6000 6.2174
    endloop
endfacet
facet normal 10.2520 -4.0000 10.7434
    outer loop
        vertex 4.6211 -1.6000 6.3182
        vertex 4.9185 -1.6000 6.2174
        vertex 4.9185 0.0000 6.2174
    endloop
endfacet
facet normal 10.2520 -4.0000 10.7434
    outer loop
        vertex 4.9185 0.0000 6.2174
        vertex 4.6211 0.0000 6.3182
        vertex 4.6211 -1.6000 6.3182
    endloop
endfacet
facet normal 10.1530 -4.0000 10.7698
    outer loop
        vertex 4.3132 -1.6000 6.3794
        vertex 4.6211 -1.6000 6.3182
        vertex 4.6211 0.0000 6.3182
    endloop
endfacet
facet normal 10.1530 -4.0000 10.7698
    outer loop
        vertex 4.6211 0.0000 6.3182
        vertex 4.3132 0.0000 6.3794
        vertex 4.3132 -1.6000 6.3794
    endloop
endfacet
facet normal 10.0516 -4.0000 10.7830
    outer loop
        vertex 4.0000 -1.6000 6.4000
        vertex 4.3132 -1.6000 6.3794
        vertex 4.3132 0.0000 6.3794
    endloop
endfacet
facet normal 10.0516 -4.0000 10.7830
    outer loop
        vertex 4.3132 0.0000 6.3794
        vertex 4.0000 0.0000 6.4000
        vertex 4.0000 -1.6000 6.4000
    endloop
endfacet
facet normal 9.9484 -4.0000 10.7830
    outer loop
        vertex 3.6868 -1.6000 6.3794
        vertex 4.0000 -1.6000 6.4000
        vertex 4.0000 0.0000 6.4000
    endloop
endfacet
facet normal 9.9484 -4.0000 10.7830
    outer loop
        vertex 4.0000 0.0000 6.4000
        vertex 3.6868 0.0000 6.3794
        vertex 3.6868 -1.6000 6.3794
    endloop
endfacet
facet normal 9.8470 -4.0000 10.7698
    outer loop
        vertex 3.3789 -1.6000 6.3182
        vertex 3.6868 -1.6000 6.3794
        vertex 3.6868 0.0000 6.3794
    endloop
endfacet
facet normal 9.8470 -4.0000 10.7698
    outer loop
        vertex 3.6868 0.0000 6.3794
        vertex 3.3789 0.0000 6.3182
        vertex 3.3789 -1.6000 6.3182
    endloop
endfacet
facet normal 9.7480 -4.0000 10.7434
    outer loop
        vertex 3.0815 -1.6000 6.2174
        vertex 3.3789 -1.6000 6.3182
        vertex 3.3789 0.0000 6.3182
    endloop
endfacet
facet normal 9.7480 -4.0000 10.7434
    outer loop
        vertex 3.3789 0.0000 6.3182
        vertex 3.0815 0.0000 6.2174
        vertex 3.0815 -1.6000 6.2174
    endloop
endfacet
facet normal 9.6526 -4.0000 10.7038
    outer loop
        vertex 2.8000 -1.6000 6.0784
        vertex 3.0815 -1.6000 6.2174
        vertex 3.0815 0.0000 6.2174
    endloop
endfacet
facet normal 9.6526 -4.0000 10.7038
    outer loop
        vertex 3.0815 0.0000 6.2174
        vertex 2.8000 0.0000 6.0784
        vertex 2.8000 -1.6000 6.0784
    endloop
endfacet
facet normal 9.5644 -4.0000 10.6528
    outer loop
        vertex 2.5389 -1.6000 5.9042
        vertex 2.8000 -1.6000 6.0784
        vertex 2.8000 0.0000 6.0784
    endloop
endfacet
facet normal 9.5644 -4.0000 10.6528
    outer loop
        vertex 2.8000 0.0000 6.0784
        vertex 2.5389 0.0000 5.9042
        vertex 2.5389 -1.6000 5.9042
    endloop
endfacet
facet normal 9.4822 -4.0000 10.5898
    outer loop
        vertex 2.3030 -1.6000 5.6970
        vertex 2.5389 -1.6000 5.9042
        vertex 2.5389 0.0000 5.9042
    endloop
endfacet
facet normal 9.4822 -4.0000 10.5898
    outer loop
        vertex 2.5389 0.0000 5.9042
        vertex 2.3030 0.0000 5.6970
        vertex 2.3030 -1.6000 5.6970
    endloop
endfacet
facet normal 9.4102 -4.0000 10.5178
    outer loop
        vertex 2.0958 -1.6000 5.4611
        vertex 2.3030 -1.6000 5.6970
        vertex 2.3030 0.0000 5.6970
    endloop
endfacet
facet normal 9.4102 -4.0000 10.5178
    outer loop
        vertex 2.3030 0.0000 5.6970
        vertex 2.0958 0.0000 5.4611
        vertex 2.0958 -1.6000 5.4611
    endloop
endfacet
facet normal 9.3472 -4.0000 10.4356
    outer loop
        vertex 1.9216 -1.6000 5.2000
        vertex 2.0958 -1.6000 5.4611
        vertex 2.0958 0.0000 5.4611
    endloop
endfacet
facet normal 9.3472 -4.0000 10.4356
    outer loop
        vertex 2.0958 0.0000 5.4611
        vertex 1.9216 0.0000 5.2000
        vertex 1.9216 -1.6000 5.2000
    endloop
endfacet
facet normal 9.2962 -4.0000 10.3474
    outer loop
        vertex 1.7826 -1.6000 4.9185
        vertex 1.9216 -1.6000 5.2000
        vertex 1.9216 0.0000 5.2000
    endloop
endfacet
facet normal 9.2962 -4.0000 10.3474
    outer loop
        vertex 1.9216 0.0000 5.2000
        vertex 1.7826 0.0000 4.9185
        vertex 1.7826 -1.6000 4.9185
    endloop
endfacet
facet normal 9.2566 -4.0000 10.2520
    outer loop
        vertex 1.6818 -1.6000 4.6211
        vertex 1.7826 -1.6000 4.9185
        vertex 1.7826 0.0000 4.9185
    endloop
endfacet
facet normal 9.2566 -4.0000 10.2520
    outer loop
        vertex 1.7826 0.0000 4.9185
        vertex 1.6818 0.0000 4.6211
        vertex 1.6818 -1.6000 4.6211
    endloop
endfacet
facet normal 9.2302 -4.0000 10.1530
    outer loop
        vertex 1.6206 -1.6000 4.3132
        vertex 1.6818 -1.6000 4.6211
        vertex 1.6818 0.0000 4.6211
    endloop
endfacet
facet normal 9.2302 -4.0000 10.1530
    outer loop
        vertex 1.6818 0.0000 4.6211
        vertex 1.6206 0.0000 4.3132
        vertex 1.6206 -1.6000 4.3132
    endloop
endfacet
facet normal 9.2170 -4.0000 10.0516
    outer loop
        vertex 1.6000 -1.6000 4.0000
        vertex 1.6206 -1.6000 4.3132
        vertex 1.6206 0.0000 4.3132
    endloop
endfacet
facet normal 9.2170 -4.0000 10.0516
    outer loop
        vertex 1.6206 0.0000 4.3132
        vertex 1.6000 0.0000 4.0000
        vertex 1.6000 -1.6000 4.0000
    endloop
endfacet
facet normal 9.2170 -4.0000 9.9484
    outer loop
        vertex 1.6206 -1.6000 3.6868
        vertex 1.6000 -1.6000 4.0000
        vertex 1.6000 0.0000 4.0000
    endloop
endfacet
facet normal 9.2170 -4.0000 9.9484
    outer loop
        vertex 1.6000 0.0000 4.0000
        vertex 1.6206 0.0000 3.6868
        vertex 1.6206 -1.6000 3.6868
    endloop
endfacet
facet normal 9.2302 -4.0000 9.8470
    outer loop
        vertex 1.6818 -1.6000 3.3789
        vertex 1.6206 -1.6000 3.6868
        vertex 1.6206 0.0000 3.6868
    endloop
endfacet
facet normal 9.2302 -4.0000 9.8470
    outer loop
        vertex 1.6206 0.0000 3.6868
        vertex 1.6818 0.0000 3.3789
        vertex 1.6818 -1.6000 3.3789
    endloop
endfacet
facet normal 9.2566 -4.0000 9.7480
    outer loop
        vertex 1.7826 -1.6000 3.0815
        vertex 1.6818 -1.6000 3.3789
        vertex 1.6818 0.0000 3.3789
    endloop
endfacet
facet normal 9.2566 -4.0000 9.7480
    outer loop
        vertex 1.6818 0.0000 3.3789
        vertex 1.7826 0.0000 3.0815
        vertex 1.7826 -1.6000 3.0815
    endloop
endfacet
facet normal 9.2962 -4.0000 9.6526
    outer loop
        vertex 1.9216 -1.6000 2.8000
        vertex 1.7826 -1.6000 3.0815
        vertex 1.7826 0.0000 3.0815
    endloop
endfacet
facet normal 9.2962 -4.0000 9.6526
    outer loop
        vertex 1.7826 0.0000 3.0815
        vertex 1.9216 0.0000 2.8000
        vertex 1.9216 -1.6000 2.8000
    endloop
endfacet
facet normal 9.3472 -4.0000 9.5644
    outer loop
        vertex 2.0958 -1.6000 2.5389
        vertex 1.9216 -1.6000 2.8000
        vertex 1.9216 0.0000 2.8000
    endloop
endfacet
facet normal 9.3472 -4.0000 9.5644
    outer loop
        vertex 1.9216 0.0000 2.8000
        vertex 2.0958 0.0000 2.5389
        vertex 2.0958 -1.6000 2.5389
    endloop
endfacet
facet normal 9.4102 -4.0000 9.4822
    outer loop
        vertex 2.3030 -1.6000 2.3030
        vertex 2.0958 -1.6000 2.5389
        vertex 2.0958 0.0000 2.5389
    endloop
endfacet
facet normal 9.4102 -4.0000 9.4822
    outer loop
        vertex 2.0958 0.0000 2.5389
        vertex 2.3030 0.0000 2.3030
        vertex 2.3030 -1.6000 2.3030
    endloop
endfacet
facet normal 9.4822 -4.0000 9.4102
    outer loop
        vertex 2.5389 -1.6000 2.0958
        vertex 2.3030 -1.6000 2.3030
        vertex 2.3030 0.0000 2.3030
    endloop
endfacet
facet normal 9.4822 -4.0000 9.4102
    outer loop
        vertex 2.3030 0.0000 2.3030
        vertex 2.5389 0.0000 2.0958
        vertex 2.5389 -1.6000 2.0958
    endloop
endfacet
facet normal 9.5644 -4.0000 9.3472
    outer loop
        vertex 2.8000 -1.6000 1.9216
        vertex 2.5389 -1.6000 2.0958
        vertex 2.5389 0.0000 2.0958
    endloop
endfacet
facet normal 9.5644 -4.0000 9.3472
    outer loop
        vertex 2.5389 0.0000 2.0958
        vertex 2.8000 0.0000 1.9216
        vertex 2.8000 -1.6000 1.9216
    endloop
endfacet
facet normal 9.6526 -4.0000 9.2962
    outer loop
        vertex 3.0815 -1.6000 1.7826
        vertex 2.8000 -1.6000 1.9216
        vertex 2.8000 0.0000 1.9216
    endloop
endfacet
facet normal 9.6526 -4.0000 9.2962
    outer loop
        vertex 2.8000 0.0000 1.9216
        vertex 3.0815 0.0000 1.7826
        vertex 3.0815 -1.6000 1.7826
    endloop
endfacet
facet normal 9.7480 -4.0000 9.2566
    outer loop
        vertex 3.3789 -1.6000 1.6818
        vertex 3.0815 -1.6000 1.7826
        vertex 3.0815 0.0000 1.7826
    endloop
endfacet
facet normal 9.7480 -4.0000 9.2566
    outer loop
        vertex 3.0815 0.0000 1.7826
        vertex 3.3789 0.0000 1.6818
        vertex 3.3789 -1.6000 1.6818
    endloop
endfacet
facet normal 9.8470 -4.0000 9.2302
    outer loop
        vertex 3.6868 -1.6000 1.6206
        vertex 3.3789 -1.6000 1.6818
        vertex 3.3789 0.0000 1.6818
    endloop
endfacet
facet normal 9.8470 -4.0000 9.2302
    outer loop
        vertex 3.3789 0.0000 1.6818
        vertex 3.6868 0.0000 1.6206
        vertex 3.6868 -1.6000 1.6206
    endloop
endfacet
facet normal 9.9484 -4.0000 9.2170
    outer loop
        vertex 4.0000 -1.6000 1.6000
        vertex 3.6868 -1.6000 1.6206
        vertex 3.6868 0.0000 1.6206
    endloop
endfacet
facet normal 9.9484 -4.0000 9.2170
    outer loop
        vertex 3.6868 0.0000 1.6206
        vertex 4.0000 0.0000 1.6000
        vertex 4.0000 -1.6000 1.6000
    endloop
endfacet
facet normal 10.0516 -4.0000 9.2170
    outer loop
        vertex 4.3132 -1.6000 1.6206
        vertex 4.0000 -1.6000 1.6000
        vertex 4.0000 0.0000 1.6000
    endloop
endfacet
facet normal 10.0516 -4.0000 9.2170
    outer loop
        vertex 4.0000 0.0000 1.6000
        vertex 4.3132 0.0000 1.6206
        vertex 4.3132 -1.6000 1.6206
    endloop
endfacet
facet normal 10.1530 -4.0000 9.2302
    outer loop
        vertex 4.6211 -1.6000 1.6818
        vertex 4.3132 -1.6000 1.6206
        vertex 4.3132 0.0000 1.6206
    endloop
endfacet
facet normal 10.1530 -4.0000 9.2302
    outer loop
        vertex 4.3132 0.0000 1.6206
        vertex 4.6211 0.0000 1.6818
        vertex 4.6211 -1.6000 1.6818
    endloop
endfacet
facet normal 10.2520 -4.0000 9.2566
    outer loop
        vertex 4.9185 -1.6000 1.7826
        vertex 4.6211 -1.6000 1.6818
        vertex 4.6211 0.0000 1.6818
    endloop
endfacet
facet normal 10.2520 -4.0000 9.2566
    outer loop
        vertex 4.6211 0.0000 1.6818
        vertex 4.9185 0.0000 1.7826
        vertex 4.9185 -1.6000 1.7826
    endloop
endfacet
facet normal 10.3474 -4.0000 9.2962
    outer loop
        vertex 5.2000 -1.6000 1.9216
        vertex 4.9185 -1.6000 1.7826
        vertex 4.9185 0.0000 1.7826
    endloop
endfacet
facet normal 10.3474 -4.0000 9.2962
    outer loop
        vertex 4.9185 0.0000 1.7826
        vertex 5.2000 0.0000 1.9216
        vertex 5.2000 -1.6000 1.9216
    endloop
endfacet
facet normal 10.4356 -4.0000 9.3472
    outer loop
        vertex 5.4611 -1.6000 2.0958
        vertex 5.2000 -1.6000 1.9216
        vertex 5.2000 0.0000 1.9216
    endloop
endfacet
facet normal 10.4356 -4.0000 9.3472
    outer loop
        vertex 5.2000 0.0000 1.9216
        vertex 5.4611 0.0000 2.0958
        vertex 5.4611 -1.6000 2.0958
    endloop
endfacet
facet normal 10.5178 -4.0000 9.4102
    outer loop
        vertex 5.6970 -1.6000 2.3030
        vertex 5.4611 -1.6000 2.0958
        vertex 5.4611 0.0000 2.0958
    endloop
endfacet
facet normal 10.5178 -4.0000 9.4102
    outer loop
        vertex 5.4611 0.0000 2.0958
        vertex 5.6970 0.0000 2.3030
        vertex 5.6970 -1.6000 2.3030
    endloop
endfacet
facet normal 10.5898 -4.0000 9.4822
    outer loop
        vertex 5.9042 -1.6000 2.5389
        vertex 5.6970 -1.6000 2.3030
        vertex 5.6970 0.0000 2.3030
    endloop
endfacet
facet normal 10.5898 -4.0000 9.4822
    outer loop
        vertex 5.6970 0.0000 2.3030
        vertex 5.9042 0.0000 2.5389
        vertex 5.9042 -1.6000 2.5389
    endloop
endfacet
facet normal 10.6528 -4.0000 9.5644
    outer loop
        vertex 6.0784 -1.6000 2.8000
        vertex 5.9042 -1.6000 2.5389
        vertex 5.9042 0.0000 2.5389
    endloop
endfacet
facet normal 10.6528 -4.0000 9.5644
    outer loop
        vertex 5.9042 0.0000 2.5389
        vertex 6.0784 0.0000 2.8000
        vertex 6.0784 -1.6000 2.8000
    endloop
endfacet
facet normal 10.7038 -4.0000 9.6526
    outer loop
        vertex 6.2174 -1.6000 3.0815
        vertex 6.0784 -1.6000 2.8000
        vertex 6.0784 0.0000 2.8000
    endloop
endfacet
facet normal 10.7038 -4.0000 9.6526
    outer loop
        vertex 6.0784 0.0000 2.8000
        vertex 6.2174 0.0000 3.0815
        vertex 6.2174 -1.6000 3.0815
    endloop
endfacet
facet normal 10.7434 -4.0000 9.7480
    outer loop
        vertex 6.3182 -1.6000 3.3789
        vertex 6.2174 -1.6000 3.0815
        vertex 6.2174 0.0000 3.0815
    endloop
endfacet
facet normal 10.7434 -4.0000 9.7480
    outer loop
        vertex 6.2174 0.0000 3.0815
        vertex 6.3182 0.0000 3.3789
        vertex 6.3182 -1.6000 3.3789
    endloop
endfacet
facet normal 10.7698 -4.0000 9.8470
    outer loop
        vertex 6.3794 -1.6000 3.6868
        vertex 6.3182 -1.6000 3.3789
        vertex 6.3182 0.0000 3.3789
    endloop
endfacet
facet normal 10.7698 -4.0000 9.8470
    outer loop
        vertex 6.3182 0.0000 3.3789
        vertex 6.3794 0.0000 3.6868
        vertex 6.3794 -1.6000 3.6868
    endloop
endfacet
facet normal 10.7830 -4.0000 9.9484
    outer loop
        vertex 6.4000 -1.6000 4.0000
        vertex 6.3794 -1.6000 3.6868
        vertex 6.3794 0.0000 3.6868
    endloop
endfacet
facet normal 10.7830 -4.0000 9.9484
    outer loop
        vertex 6.3794 0.0000 3.6868
        vertex 6.4000 0.0000 4.0000
        vertex 6.4000 -1.6000 4.0000
    endloop
endfacet
facet normal 10.0000 -4.3915 10.0000
    outer loop
        vertex 6.4000 -1.6000 4.0000
        vertex 6.3794 -1.6000 4.3132
        vertex 5.5862 -1.6000 4.2088
    endloop
endfacet
facet normal 10.0000 -4.2610 10.0000
    outer loop
        vertex 5.5862 -1.6000 4.2088
        vertex 5.6000 -1.6000 4.0000
        vertex 6.4000 -1.6000 4.0000
    endloop
endfacet
facet normal 10.0000 -4.3916 10.0000
    outer loop
        vertex 6.3794 -1.6000 4.3132
        vertex 6.3182 -1.6000 4.6211
        vertex 5.5454 -1.6000 4.4141
    endloop
endfacet
facet normal 10.0000 -4.2610 10.0000
    outer loop
        vertex 5.5454 -1.6000 4.4141
        vertex 5.5862 -1.6000 4.2088
        vertex 6.3794 -1.6000 4.3132
    endloop
endfacet
facet normal 10.0000 -4.3916 10.0000
    outer loop
        vertex 6.3182 -1.6000 4.6211
        vertex 6.2174 -1.6000 4.9185
        vertex 5.4782 -1.6000 4.6123
    endloop
endfacet
facet normal 10.0000 -4.2611 10.0000
    outer loop
        vertex 5.4782 -1.6000 4.6123
        vertex 5.5454 -1.6000 4.4141
        vertex 6.3182 -1.6000 4.6211
    endloop
endfacet
facet normal 10.0000 -4.3916 10.0000
    outer loop
        vertex 6.2174 -1.6000 4.9185
        vertex 6.0784 -1.6000 5.2000
        vertex 5.3856 -1.6000 4.8000
    endloop
endfacet
facet normal 10.0000 -4.2611 10.0000
    outer loop
        vertex 5.3856 -1.6000 4.8000
        vertex 5.4782 -1.6000 4.6123
        vertex 6.2174 -1.6000 4.9185
    endloop
endfacet
facet normal 10.0000 -4.3916 10.0000
    outer loop
        vertex 6.0784 -1.6000 5.2000
        vertex 5.9042 -1.6000 5.4611
        vertex 5.2694 -1.6000 4.9741
    endloop
endfacet
facet normal 10.0000 -4.2610 10.0000
    outer loop
        vertex 5.2694 -1.6000 4.9741
        vertex 5.3856 -1.6000 4.8000
        vertex 6.0784 -1.6000 5.2000
    endloop
endfacet
facet normal 10.0000 -4.3916 10.0000
    outer loop
        vertex 5.9042 -1.6000 5.4611
        vertex 5.6970 -1.6000 5.6970
        vertex 5.1314 -1.6000 5.1314
    endloop
endfacet
facet normal 10.0000 -4.2611 10.0000
    outer loop
        vertex 5.1314 -1.6000 5.1314
        vertex 5.2694 -1.6000 4.9741
        vertex 5.9042 -1.6000 5.4611
    endloop
endfacet
facet normal 10.0000 -4.3916 10.0000
    outer loop
        vertex 5.6970 -1.6000 5.6970
        vertex 5.4611 -1.6000 5.9042
        vertex 4.9741 -1.6000 5.2694
    endloop
endfacet
facet normal 10.0000 -4.2611 10.0000
    outer loop
        vertex 4.9741 -1.6000 5.2694
        vertex 5.1314 -1.6000 5.1314
        vertex 5.6970 -1.6000 5.6970
    endloop
endfacet
facet normal 10.0000 -4.3916 10.0000
    outer loop
        vertex 5.4611 -1.6000 5.9042
        vertex 5.2000 -1.6000 6.0784
        vertex 4.8000 -1.6000 5.3856
    endloop
endfacet
facet normal 10.0000 -4.2610 10.0000
    outer loop
        vertex 4.8000 -1.6000 5.3856
        vertex 4.9741 -1.6000 5.2694
        vertex 5.4611 -1.6000 5.9042
    endloop
endfacet
facet normal 10.0000 -4.3916 10.0000
    outer loop
        vertex 5.2000 -1.6000 6.0784
        vertex 4.9185 -1.6000 6.2174
        vertex 4.6123 -1.6000 5.4782
    endloop
endfacet
facet normal 10.0000 -4.2611 10.0000
    outer loop
        vertex 4.6123 -1.6000 5.4782
        vertex 4.8000 -1.6000 5.3856
        vertex 5.2000 -1.6000 6.0784
    endloop
endfacet
facet normal 10.0000 -4.3916 10.0000
    outer loop
        vertex 4.9185 -1.6000 6.2174
        vertex 4.6211 -1.6000 6.3182
        vertex 4.4141 -1.6000 5.5454
    endloop
endfacet
facet normal 10.0000 -4.2611 10.0000
    outer loop
        vertex 4.4141 -1.6000 5.5454
        vertex 4.6123 -1.6000 5.4782
        vertex 4.9185 -1.6000 6.2174
    endloop
endfacet
facet normal 10.0000 -4.3916 10.0000
    outer loop
        vertex 4.6211 -1.6000 6.3182
        vertex 4.3132 -1.6000 6.3794
        vertex 4.2088 -1.6000 5.5862
    endloop
endfacet
facet normal 10.0000 -4.2610 10.0000
    outer loop
        vertex 4.2088 -1.6000 5.5862
        vertex 4.4141 -1.6000 5.5454
        vertex 4.6211 -1.6000 6.3182
    endloop
endfacet
facet normal 10.0000 -4.3915 10.0000
    outer loop
        vertex 4.3132 -1.6000 6.3794
        vertex 4.0000 -1.6000 6.4000
        vertex 4.0000 -1.6000 5.6000
    endloop
endfacet
facet normal 10.0000 -4.2610 10.0000
    outer loop
        vertex 4.0000 -1.6000 5.6000
        vertex 4.2088 -1.6000 5.5862
        vertex 4.3132 -1.6000 6.3794
    endloop
endfacet
facet normal 10.0000 -4.3915 10.0000
    outer loop
        vertex 4.0000 -1.6000 6.4000
        vertex 3.6868 -1.6000 6.3794
        vertex 3.7912 -1.6000 5.5862
    endloop
endfacet
facet normal 10.0000 -4.2610 10.0000
    outer loop
        vertex 3.7912 -1.6000 5.5862
        vertex 4.0000 -1.6000 5.6000
        vertex 4.0000 -1.6000 6.4000
    endloop
endfacet
facet normal 10.0000 -4.3916 10.0000
    outer loop
        vertex 3.6868 -1.6000 6.3794
        vertex 3.3789 -1.6000 6.3182
        vertex 3.5859 -1.6000 5.5454
    endloop
endfacet
facet normal 10.0000 -4.2610 10.0000
    outer loop
        vertex 3.5859 -1.6000 5.5454
        vertex 3.7912 -1.6000 5.5862
        vertex 3.6868 -1.6000 6.3794
    endloop
endfacet
facet normal 10.0000 -4.3916 10.0000
    outer loop
        vertex 3.3789 -1.6000 6.3182
        vertex 3.0815 -1.6000 6.2174
        vertex 3.3877 -1.6000 5.4782
    endloop
endfacet
facet normal 10.0000 -4.2611 10.0000
    outer loop
        vertex 3.3877 -1.6000 5.4782
        vertex 3.5859 -1.6000 5.5454
        vertex 3.3789 -1.6000 6.3182
    endloop
endfacet
facet normal 10.0000 -4.3916 10.0000
    outer loop
        vertex 3.0815 -1.6000 6.2174
        vertex 2.8000 -1.6000 6.0784
        vertex 3.2000 -1.6000 5.3856
    endloop
endfacet
facet normal 10.0000 -4.2611 10.0000
    outer loop
        vertex 3.2000 -1.6000 5.3856
        vertex 3.3877 -1.6000 5.4782
        vertex 3.0815 -1.6000 6.2174
    endloop
endfacet
facet normal 10.0000 -4.3916 10.0000
    outer loop
        vertex 2.8000 -1.6000 6.0784
        vertex 2.5389 -1.6000 5.9042
        vertex 3.0259 -1.6000 5.2694
    endloop
endfacet
facet normal 10.0000 -4.2610 10.0000
    outer loop
        vertex 3.0259 -1.6000 5.2694
        vertex 3.2000 -1.6000 5.3856
        vertex 2.8000 -1.6000 6.0784
    endloop
endfacet
facet normal 10.0000 -4.3916 10.0000
    outer loop
        vertex 2.5389 -1.6000 5.9042
        vertex 2.3030 -1.6000 5.6970
        vertex 2.8686 -1.6000 5.1314
    endloop
endfacet
facet normal 10.0000 -4.2611 10.0000
    outer loop
        vertex 2.8686 -1.6000 5.1314
        vertex 3.0259 -1.6000 5.2694
        vertex 2.5389 -1.6000 5.9042
    endloop
endfacet
facet normal 10.0000 -4.3916 10.0000
    outer loop
        vertex 2.3030 -1.6000 5.6970
        vertex 2.0958 -1.6000 5.4611
        vertex 2.7306 -1.6000 4.9741
    endloop
endfacet
facet normal 10.0000 -4.2611 10.0000
    outer loop
        vertex 2.7306 -1.6000 4.9741
        vertex 2.8686 -1.6000 5.1314
        vertex 2.3030 -1.6000 5.6970
    endloop
endfacet
facet normal 10.0000 -4.3916 10.0000
    outer loop
        vertex 2.0958 -1.6000 5.4611
        vertex 1.9216 -1.6000 5.2000
        vertex 2.6144 -1.6000 4.8000
    endloop
endfacet
facet normal 10.0000 -4.2610 10.0000
    outer loop
        vertex 2.6144 -1.6000 4.8000
        vertex 2.7306 -1.6000 4.9741
        vertex 2.0958 -1.6000 5.4611
    endloop
endfacet
facet normal 10.0000 -4.3916 10.0000
    outer loop
        vertex 1.9216 -1.6000 5.2000
        vertex 1.7826 -1.6000 4.9185
        vertex 2.5218 -1.6000 4.6123
    endloop
endfacet
facet normal 10.0000 -4.2611 10.0000
    outer loop
        vertex 2.5218 -1.6000 4.6123
        vertex 2.6144 -1.6000 4.8000
        vertex 1.9216 -1.6000 5.2000
    endloop
endfacet
facet normal 10.0000 -4.3916 10.0000
    outer loop
        vertex 1.7826 -1.6000 4.9185
        vertex 1.6818 -1.6000 4.6211
        vertex 2.4546 -1.6000 4.4141
    endloop
endfacet
facet normal 10.0000 -4.2611 10.0000
    outer loop
        vertex 2.4546 -1.6000 4.4141
        vertex 2.5218 -1.6000 4.6123
        vertex 1.7826 -1.6000 4.9185
    endloop
endfacet
facet normal 10.0000 -4.3916 10.0000
    outer loop
        vertex 1.6818 -1.6000 4.6211
        vertex 1.6206 -1.6000 4.3132
        vertex 2.4138 -1.6000 4.2088
    endloop
endfacet
facet normal 10.0000 -4.2610 10.0000
    outer loop
        vertex 2.4138 -1.6000 4.2088
        vertex 2.4546 -1.6000 4.4141
        vertex 1.6818 -1.6000 4.6211
    endloop
endfacet
facet normal 10.0000 -4.3915 10.0000
    outer loop
        vertex 1.6206 -1.6000 4.3132
        vertex 1.6000 -1.6000 4.0000
        vertex 2.4000 -1.6000 4.0000
    endloop
endfacet
facet normal 10.0000 -4.2610 10.0000
    outer loop
        vertex 2.4000 -1.6000 4.0000
        vertex 2.4138 -1.6000 4.2088
        vertex 1.6206 -1.6000 4.3132
    endloop
endfacet
facet normal 10.0000 -4.3915 10.0000
    outer loop
        vertex 1.6000 -1.6000 4.0000
        vertex 1.6206 -1.6000 3.6868
        vertex 2.4138 -1.6000 3.7912
    endloop
endfacet
facet normal 10.0000 -4.2610 10.0000
    outer loop
        vertex 2.4138 -1.6000 3.7912
        vertex 2.4000 -1.6000 4.0000
        vertex 1.6000 -1.6000 4.0000
    endloop
endfacet
facet normal 10.0000 -4.3916 10.0000
    outer loop
        vertex 1.6206 -1.6000 3.6868
        vertex 1.6818 -1.6000 3.3789
        vertex 2.4546 -1.6000 3.5859
    endloop
endfacet
facet normal 10.0000 -4.2610 10.0000
    outer loop
        vertex 2.4546 -1.6000 3.5859
        vertex 2.4138 -1.6000 3.7912
        vertex 1.6206 -1.6000 3.6868
    endloop
endfacet
facet normal 10.0000 -4.3916 10.0000
    outer loop
        vertex 1.6818 -1.6000 3.3789
        vertex 1.7826 -1.6000 3.0815
        vertex 2.5218 -1.6000 3.3877
    endloop
endfacet
facet normal 10.0000 -4.2611 10.0000
    outer loop
        vertex 2.5218 -1.6000 3.3877
        vertex 2.4546 -1.6000 3.5859
        vertex 1.6818 -1.6000 3.3789
    endloop
endfacet
facet normal 10.0000 -4.3916 10.0000
    outer loop
        vertex 1.7826 -1.6000 3.0815
        vertex 1.9216 -1.6000 2.8000
        vertex 2.6144 -1.6000 3.2000
    endloop
endfacet
facet normal 10.0000 -4.2611 10.0000
    outer loop
        vertex 2.6144 -1.6000 3.2000
        vertex 2.5218 -1.6000 3.3877
        vertex 1.7826 -1.6000 3.0815
    endloop
endfacet
facet normal 10.0000 -4.3916 10.0000
    outer loop
        vertex 1.9216 -1.6000 2.8000
        vertex 2.0958 -1.6000 2.5389
        vertex 2.7306 -1.6000 3.0259
    endloop
endfacet
facet normal 10.0000 -4.2610 10.0000
    outer loop
        vertex 2.7306 -1.6000 3.0259
        vertex 2.6144 -1.6000 3.2000
        vertex 1.9216 -1.6000 2.8000
    endloop
endfacet
facet normal 10.0000 -4.3916 10.0000
    outer loop
        vertex 2.0958 -1.6000 2.5389
        vertex 2.3030 -1.6000 2.3030
        vertex 2.8686 -1.6000 2.8686
    endloop
endfacet
facet normal 10.0000 -4.2611 10.0000
    outer loop
        vertex 2.8686 -1.6000 2.8686
        vertex 2.7306 -1.6000 3.0259
        vertex 2.0958 -1.6000 2.5389
    endloop
endfacet
facet normal 10.0000 -4.3916 10.0000
    outer loop
        vertex 2.3030 -1.6000 2.3030
        vertex 2.5389 -1.6000 2.0958
        vertex 3.0259 -1.6000 2.7306
    endloop
endfacet
facet normal 10.0000 -4.2611 10.0000
    outer loop
        vertex 3.0259 -1.6000 2.7306
        vertex 2.8686 -1.6000 2.8686
        vertex 2.3030 -1.6000 2.3030
    endloop
endfacet
facet normal 10.0000 -4.3916 10.0000
    outer loop
        vertex 2.5389 -1.6000 2.0958
        vertex 2.8000 -1.6000 1.9216
        vertex 3.2000 -1.6000 2.6144
    endloop
endfacet
facet normal 10.0000 -4.2610 10.0000
    outer loop
        vertex 3.2000 -1.6000 2.6144
        vertex 3.0259 -1.6000 2.7306
        vertex 2.5389 -1.6000 2.0958
    endloop
endfacet
facet normal 10.0000 -4.3916 10.0000
    outer loop
        vertex 2.8000 -1.6000 1.9216
        vertex 3.0815 -1.6000 1.7826
        vertex 3.3877 -1.6000 2.5218
    endloop
endfacet
facet normal 10.0000 -4.2611 10.0000
    outer loop
        vertex 3.3877 -1.6000 2.5218
        vertex 3.2000 -1.6000 2.6144
        vertex 2.8000 -1.6000 1.9216
    endloop
endfacet
facet normal 10.0000 -4.3916 10.0000
    outer loop
        vertex 3.0815 -1.6000 1.7826
        vertex 3.3789 -1.6000 1.6818
        vertex 3.5859 -1.6000 2.4546
    endloop
endfacet
facet normal 10.0000 -4.2611 10.0000
    outer loop
        vertex 3.5859 -1.6000 2.4546
        vertex 3.3877 -1.6000 2.5218
        vertex 3.0815 -1.6000 1.7826
    endloop
endfacet
facet normal 10.0000 -4.3916 10.0000
    outer loop
        vertex 3.3789 -1.6000 1.6818
        vertex 3.6868 -1.6000 1.6206
        vertex 3.7912 -1.6000 2.4138
    endloop
endfacet
facet normal 10.0000 -4.2610 10.0000
    outer loop
        vertex 3.7912 -1.6000 2.4138
        vertex 3.5859 -1.6000 2.4546
        vertex 3.3789 -1.6000 1.6818
    endloop
endfacet
facet normal 10.0000 -4.3915 10.0000
    outer loop
        vertex 3.6868 -1.6000 1.6206
        vertex 4.0000 -1.6000 1.6000
        vertex 4.0000 -1.6000 2.4000
    endloop
endfacet
facet normal 10.0000 -4.2610 10.0000
    outer loop
        vertex 4.0000 -1.6000 2.4000
        vertex 3.7912 -1.6000 2.4138
        vertex 3.6868 -1.6000 1.6206
    endloop
endfacet
facet normal 10.0000 -4.3915 10.0000
    outer loop
        vertex 4.0000 -1.6000 1.6000
        vertex 4.3132 -1.6000 1.6206
        vertex 4.2088 -1.6000 2.4138
    endloop
endfacet
facet normal 10.0000 -4.2610 10.0000
    outer loop
        vertex 4.2088 -1.6000 2.4138
        vertex 4.0000 -1.6000 2.4000
        vertex 4.0000 -1.6000 1.6000
    endloop
endfacet
facet normal 10.0000 -4.3916 10.0000
    outer loop
        vertex 4.3132 -1.6000 1.6206
        vertex 4.6211 -1.6000 1.6818
        vertex 4.4141 -1.6000 2.4546
    endloop
endfacet
facet normal 10.0000 -4.2610 10.0000
    outer loop
        vertex 4.4141 -1.6000 2.4546
        vertex 4.2088 -1.6000 2.4138
        vertex 4.3132 -1.6000 1.6206
    endloop
endfacet
facet normal 10.0000 -4.3916 10.0000
    outer loop
        vertex 4.6211 -1.6000 1.6818
        vertex 4.9185 -1.6000 1.7826
        vertex 4.6123 -1.6000 2.5218
    endloop
endfacet
facet normal 10.0000 -4.2611 10.0000
    outer loop
        vertex 4.6123 -1.6000 2.5218
        vertex 4.4141 -1.6000 2.4546
        vertex 4.6211 -1.6000 1.6818
    endloop
endfacet
facet normal 10.0000 -4.3916 10.0000
    outer loop
        vertex 4.9185 -1.6000 1.7826
        vertex 5.2000 -1.6000 1.9216
        vertex 4.8000 -1.6000 2.6144
    endloop
endfacet
facet normal 10.0000 -4.2611 10.0000
    outer loop
        vertex 4.8000 -1.6000 2.6144
        vertex 4.6123 -1.6000 2.5218
        vertex 4.9185 -1.6000 1.7826
    endloop
endfacet
facet normal 10.0000 -4.3916 10.0000
    outer loop
        vertex 5.2000 -1.6000 1.9216
        vertex 5.4611 -1.6000 2.0958
        vertex 4.9741 -1.6000 2.7306
    endloop
endfacet
facet normal 10.0000 -4.2610 10.0000
    outer loop
        vertex 4.9741 -1.6000 2.7306
        vertex 4.8000 -1.6000 2.6144
        vertex 5.2000 -1.6000 1.9216
    endloop
endfacet
facet normal 10.0000 -4.3916 10.0000
    outer loop
        vertex 5.4611 -1.6000 2.0958
        vertex 5.6970 -1.6000 2.3030
        vertex 5.1314 -1.6000 2.8686
    endloop
endfacet
facet normal 10.0000 -4.2611 10.0000
    outer loop
        vertex 5.1314 -1.6000 2.8686
        vertex 4.9741 -1.6000 2.7306
        vertex 5.4611 -1.6000 2.0958
    endloop
endfacet
facet normal 10.0000 -4.3916 10.0000
    outer loop
        vertex 5.6970 -1.6000 2.3030
        vertex 5.9042 -1.6000 2.5389
        vertex 5.2694 -1.6000 3.0259
    endloop
endfacet
facet normal 10.0000 -4.2611 10.0000
    outer loop
        vertex 5.2694 -1.6000 3.0259
        vertex 5.1314 -1.6000 2.8686
        vertex 5.6970 -1.6000 2.3030
    endloop
endfacet
facet normal 10.0000 -4.3916 10.0000
    outer loop
        vertex 5.9042 -1.6000 2.5389
        vertex 6.0784 -1.6000 2.8000
        vertex 5.3856 -1.6000 3.2000
    endloop
endfacet
facet normal 10.0000 -4.2610 10.0000
    outer loop
        vertex 5.3856 -1.6000 3.2000
        vertex 5.2694 -1.6000 3.0259
        vertex 5.9042 -1.6000 2.5389
    endloop
endfacet
facet normal 10.0000 -4.3916 10.0000
    outer loop
        vertex 6.0784 -1.6000 2.8000
        vertex 6.2174 -1.6000 3.0815
        vertex 5.4782 -1.6000 3.3877
    endloop
endfacet
facet normal 10.0000 -4.2611 10.0000
    outer loop
        vertex 5.4782 -1.6000 3.3877
        vertex 5.3856 -1.6000 3.2000
        vertex 6.0784 -1.6000 2.8000
    endloop
endfacet
facet normal 10.0000 -4.3916 10.0000
    outer loop
        vertex 6.2174 -1.6000 3.0815
        vertex 6.3182 -1.6000 3.3789
        vertex 5.5454 -1.6000 3.5859
    endloop
endfacet
facet normal 10.0000 -4.2611 10.0000
    outer loop
        vertex 5.5454 -1.6000 3.5859
        vertex 5.4782 -1.6000 3.3877
        vertex 6.2174 -1.6000 3.0815
    endloop
endfacet
facet normal 10.0000 -4.3916 10.0000
    outer loop
        vertex 6.3182 -1.6000 3.3789
        vertex 6.3794 -1.6000 3.6868
        vertex 5.5862 -1.6000 3.7912
    endloop
endfacet
facet normal 10.0000 -4.2610 10.0000
    outer loop
        vertex 5.5862 -1.6000 3.7912
        vertex 5.5454 -1.6000 3.5859
        vertex 6.3182 -1.6000 3.3789
    endloop
endfacet
facet normal 10.0000 -4.3915 10.0000
    outer loop
        vertex 6.3794 -1.6000 3.6868
        vertex 6.4000 -1.6000 4.0000
        vertex 5.6000 -1.6000 4.0000
    endloop
endfacet
facet normal 10.0000 -4.2610 10.0000
    outer loop
        vertex 5.6000 -1.6000 4.0000
        vertex 5.5862 -1.6000 3.7912
        vertex 6.3794 -1.6000 3.6868
    endloop
endfacet
facet normal 29.4780 -4.0000 9.9656
    outer loop
        vertex 13.5862 -1.6000 4.2088
        vertex 13.6000 0.0000 4.0000
        vertex 13.6000 -1.6000 4.0000
    endloop
endfacet
facet normal 29.4780 -4.0000 9.9656
    outer loop
        vertex 13.6000 0.0000 4.0000
        vertex 13.5862 -1.6000 4.2088
        vertex 13.5862 0.0000 4.2088
    endloop
endfacet
facet normal 29.4868 -4.0000 9.8980
    outer loop
        vertex 13.5454 -1.6000 4.4141
        vertex 13.5862 0.0000 4.2088
        vertex 13.5862 -1.6000 4.2088
    endloop
endfacet
facet normal 29.4868 -4.0000 9.8980
    outer loop
        vertex 13.5862 0.0000 4.2088
        vertex 13.5454 -1.6000 4.4141
        vertex 13.5454 0.0000 4.4141
    endloop
endfacet
facet normal 29.5044 -4.0000 9.8320
    outer loop
        vertex 13.4782 -1.6000 4.6123
        vertex 13.5454 0.0000 4.4141
        vertex 13.5454 -1.6000 4.4141
    endloop
endfacet
facet normal 29.5044 -4.0000 9.8320
    outer loop
        vertex 13.5454 0.0000 4.4141
        vertex 13.4782 -1.6000 4.6123
        vertex 13.4782 0.0000 4.6123
    endloop
endfacet
facet normal 29.5308 -4.0000 9.7684
    outer loop
        vertex 13.3856 -1.6000 4.8000
        vertex 13.4782 0.0000 4.6123
        vertex 13.4782 -1.6000 4.6123
    endloop
endfacet
facet normal 29.5308 -4.0000 9.7684
    outer loop
        vertex 13.4782 0.0000 4.6123
        vertex 13.3856 -1.6000 4.8000
        vertex 13.3856 0.0000 4.8000
    endloop
endfacet
facet normal 29.5648 -4.0000 9.7096
    outer loop
        vertex 13.2694 -1.6000 4.9741
        vertex 13.3856 0.0000 4.8000
        vertex 13.3856 -1.6000 4.8000
    endloop
endfacet
facet normal 29.5648 -4.0000 9.7096
    outer loop
        vertex 13.3856 0.0000 4.8000
        vertex 13.2694 -1.6000 4.9741
        vertex 13.2694 0.0000 4.9741
    endloop
endfacet
facet normal 29.6068 -4.0000 9.6548
    outer loop
        vertex 13.1314 -1.6000 5.1314
        vertex 13.2694 0.0000 4.9741
        vertex 13.2694 -1.6000 4.9741
    endloop
endfacet
facet normal 29.6068 -4.0000 9.6548
    outer loop
        vertex 13.2694 0.0000 4.9741
        vertex 13.1314 -1.6000 5.1314
        vertex 13.1314 0.0000 5.1314
    endloop
endfacet
facet normal 29.6548 -4.0000 9.6068
    outer loop
        vertex 12.9741 -1.6000 5.2694
        vertex 13.1314 0.0000 5.1314
        vertex 13.1314 -1.6000 5.1314
    endloop
endfacet
facet normal 29.6548 -4.0000 9.6068
    outer loop
        vertex 13.1314 0.0000 5.1314
        vertex 12.9741 -1.6000 5.2694
        vertex 12.9741 0.0000 5.2694
    endloop
endfacet
facet normal 29.7096 -4.0000 9.5648
    outer loop
        vertex 12.8000 -1.6000 5.3856
        vertex 12.9741 0.0000 5.2694
        vertex 12.9741 -1.6000 5.2694
    endloop
endfacet
facet normal 29.7096 -4.0000 9.5648
    outer loop
        vertex 12.9741 0.0000 5.2694
        vertex 12.8000 -1.6000 5.3856
        vertex 12.8000 0.0000 5.3856
    endloop
endfacet
facet normal 29.7684 -4.0000 9.5308
    outer loop
        vertex 12.6123 -1.6000 5.4782
        vertex 12.8000 0.0000 5.3856
        vertex 12.8000 -1.6000 5.3856
    endloop
endfacet
facet normal 29.7684 -4.0000 9.5308
    outer loop
        vertex 12.8000 0.0000 5.3856
        vertex 12.6123 -1.6000 5.4782
        vertex 12.6123 0.0000 5.4782
    endloop
endfacet
facet normal 29.8320 -4.0000 9.5044
    outer loop
        vertex 12.4141 -1.6000 5.5454
        vertex 12.6123 0.0000 5.4782
        vertex 12.6123 -1.6000 5.4782
    endloop
endfacet
facet normal 29.8320 -4.0000 9.5044
    outer loop
        vertex 12.6123 0.0000 5.4782
        vertex 12.4141 -1.6000 5.5454
        vertex 12.4141 0.0000 5.5454
    endloop
endfacet
facet normal 29.8980 -4.0000 9.4868
    outer loop
        vertex 12.2088 -1.6000 5.5862
        vertex 12.4141 0.0000 5.5454
        vertex 12.4141 -1.6000 5.5454
    endloop
endfacet
facet normal 29.8980 -4.0000 9.4868
    outer loop
        vertex 12.4141 0.0000 5.5454
        vertex 12.2088 -1.6000 5.5862
        vertex 12.2088 0.0000 5.5862
    endloop
endfacet
facet normal 29.9656 -4.0000 9.4780
    outer loop
        vertex 12.0000 -1.6000 5.6000
        vertex 12.2088 0.0000 5.5862
        vertex 12.2088 -1.6000 5.5862
    endloop
endfacet
facet normal 29.9656 -4.0000 9.4780
    outer loop
        vertex 12.2088 0.0000 5.5862
        vertex 12.0000 -1.6000 5.6000
        vertex 12.0000 0.0000 5.6000
    endloop
endfacet
facet normal 30.0344 -4.0000 9.4780
    outer loop
        vertex 11.7912 -1.6000 5.5862
        vertex 12.0000 0.0000 5.6000
        vertex 12.0000 -1.6000 5.6000
    endloop
endfacet
facet normal 30.0344 -4.0000 9.4780
    outer loop
        vertex 12.0000 0.0000 5.6000
        vertex 11.7912 -1.6000 5.5862
        vertex 11.7912 0.0000 5.5862
    endloop
endfacet
facet normal 30.1020 -4.0000 9.4868
    outer loop
        vertex 11.5859 -1.6000 5.5454
        vertex 11.7912 0.0000 5.5862
        vertex 11.7912 -1.6000 5.5862
    endloop
endfacet
facet normal 30.1020 -4.0000 9.4868
    outer loop
        vertex 11.7912 0.0000 5.5862
        vertex 11.5859 -1.6000 5.5454
        vertex 11.5859 0.0000 5.5454
    endloop
endfacet
facet normal 30.1680 -4.0000 9.5044
    outer loop
        vertex 11.3877 -1.6000 5.4782
        vertex 11.5859 0.0000 5.5454
        vertex 11.5859 -1.6000 5.5454
    endloop
endfacet
facet normal 30.1680 -4.0000 9.5044
    outer loop
        vertex 11.5859 0.0000 5.5454
        vertex 11.3877 -1.6000 5.4782
        vertex 11.3877 0.0000 5.4782
    endloop
endfacet
facet normal 30.2316 -4.0000 9.5308
    outer loop
        vertex 11.2000 -1.6000 5.3856
        vertex 11.3877 0.0000 5.4782
        vertex 11.3877 -1.6000 5.4782
    endloop
endfacet
facet normal 30.2316 -4.0000 9.5308
    outer loop
        vertex 11.3877 0.0000 5.4782
        vertex 11.2000 -1.6000 5.3856
        vertex 11.2000 0.0000 5.3856
    endloop
endfacet
facet normal 30.2904 -4.0000 9.5648
    outer loop
        vertex 11.0259 -1.6000 5.2694
        vertex 11.2000 0.0000 5.3856
        vertex 11.2000 -1.6000 5.3856
    endloop
endfacet
facet normal 30.2904 -4.0000 9.5648
    outer loop
        vertex 11.2000 0.0000 5.3856
        vertex 11.0259 -1.6000 5.2694
        vertex 11.0259 0.0000 5.2694
    endloop
endfacet
facet normal 30.3452 -4.0000 9.6068
    outer loop
        vertex 10.8686 -1.6000 5.1314
        vertex 11.0259 0.0000 5.2694
        vertex 11.0259 -1.6000 5.2694
    endloop
endfacet
facet normal 30.3452 -4.0000 9.6068
    outer loop
        vertex 11.0259 0.0000 5.2694
        vertex 10.8686 -1.6000 5.1314
        vertex 10.8686 0.0000 5.1314
    endloop
endfacet
facet normal 30.3932 -4.0000 9.6548
    outer loop
        vertex 10.7306 -1.6000 4.9741
        vertex 10.8686 0.0000 5.1314
        vertex 10.8686 -1.6000 5.1314
    endloop
endfacet
facet normal 30.3932 -4.0000 9.6548
    outer loop
        vertex 10.8686 0.0000 5.1314
        vertex 10.7306 -1.6000 4.9741
        vertex 10.7306 0.0000 4.9741
    endloop
endfacet
facet normal 30.4352 -4.0000 9.7096
    outer loop
        vertex 10.6144 -1.6000 4.8000
        vertex 10.7306 0.0000 4.9741
        vertex 10.7306 -1.6000 4.9741
    endloop
endfacet
facet normal 30.4352 -4.0000 9.7096
    outer loop
        vertex 10.7306 0.0000 4.9741
        vertex 10.6144 -1.6000 4.8000
        vertex 10.6144 0.0000 4.8000
    endloop
endfacet
facet normal 30.4692 -4.0000 9.7684
    outer loop
        vertex 10.5218 -1.6000 4.6123
        vertex 10.6144 0.0000 4.8000
        vertex 10.6144 -1.6000 4.8000
    endloop
endfacet
facet normal 30.4692 -4.0000 9.7684
    outer loop
        vertex 10.6144 0.0000 4.8000
        vertex 10.5218 -1.6000 4.6123
        vertex 10.5218 0.0000 4.6123
    endloop
endfacet
facet normal 30.4956 -4.0000 9.8320
    outer loop
        vertex 10.4546 -1.6000 4.4141
        vertex 10.5218 0.0000 4.6123
        vertex 10.5218 -1.6000 4.6123
    endloop
endfacet
facet normal 30.4956 -4.0000 9.8320
    outer loop
        vertex 10.5218 0.0000 4.6123
        vertex 10.4546 -1.6000 4.4141
        vertex 10.4546 0.0000 4.4141
    endloop
endfacet
facet normal 30.5132 -4.0000 9.8980
    outer loop
        vertex 10.4138 -1.6000 4.2088
        vertex 10.4546 0.0000 4.4141
        vertex 10.4546 -1.6000 4.4141
    endloop
endfacet
facet normal 30.5132 -4.0000 9.8980
    outer loop
        vertex 10.4546 0.0000 4.4141
        vertex 10.4138 -1.6000 4.2088
        vertex 10.4138 0.0000 4.2088
    endloop
endfacet
facet normal 30.5220 -4.0000 9.9656
    outer loop
        vertex 10.4000 -1.6000 4.0000
        vertex 10.4138 0.0000 4.2088
        vertex 10.4138 -1.6000 4.2088
    endloop
endfacet
facet normal 30.5220 -4.0000 9.9656
    outer loop
        vertex 10.4138 0.0000 4.2088
        vertex 10.4000 -1.6000 4.0000
        vertex 10.4000 0.0000 4.0000
    endloop
endfacet
facet normal 30.5220 -4.0000 10.0344
    outer loop
        vertex 10.4138 -1.6000 3.7912
        vertex 10.4000 0.0000 4.0000
        vertex 10.4000 -1.6000 4.0000
    endloop
endfacet
facet normal 30.5220 -4.0000 10.0344
    outer loop
        vertex 10.4000 0.0000 4.0000
        vertex 10.4138 -1.6000 3.7912
        vertex 10.4138 0.0000 3.7912
    endloop
endfacet
facet normal 30.5132 -4.0000 10.1020
    outer loop
        vertex 10.4546 -1.6000 3.5859
        vertex 10.4138 0.0000 3.7912
        vertex 10.4138 -1.6000 3.7912
    endloop
endfacet
facet normal 30.5132 -4.0000 10.1020
    outer loop
        vertex 10.4138 0.0000 3.7912
        vertex 10.4546 -1.6000 3.5859
        vertex 10.4546 0.0000 3.5859
    endloop
endfacet
facet normal 30.4956 -4.0000 10.1680
    outer loop
        vertex 10.5218 -1.6000 3.3877
        vertex 10.4546 0.0000 3.5859
        vertex 10.4546 -1.6000 3.5859
    endloop
endfacet
facet normal 30.4956 -4.0000 10.1680
    outer loop
        vertex 10.4546 0.0000 3.5859
        vertex 10.5218 -1.6000 3.3877
        vertex 10.5218 0.0000 3.3877
    endloop
endfacet
facet normal 30.4692 -4.0000 10.2316
    outer loop
        vertex 10.6144 -1.6000 3.2000
        vertex 10.5218 0.0000 3.3877
        vertex 10.5218 -1.6000 3.3877
    endloop
endfacet
facet normal 30.4692 -4.0000 10.2316
    outer loop
        vertex 10.5218 0.0000 3.3877
        vertex 10.6144 -1.6000 3.2000
        vertex 10.6144 0.0000 3.2000
    endloop
endfacet
facet normal 30.4352 -4.0000 10.2904
    outer loop
        vertex 10.7306 -1.6000 3.0259
        vertex 10.6144 0.0000 3.2000
        vertex 10.6144 -1.6000 3.2000
    endloop
endfacet
facet normal 30.4352 -4.0000 10.2904
    outer loop
        vertex 10.6144 0.0000 3.2000
        vertex 10.7306 -1.6000 3.0259
        vertex 10.7306 0.0000 3.0259
    endloop
endfacet
facet normal 30.3932 -4.0000 10.3452
    outer loop
        vertex 10.8686 -1.6000 2.8686
        vertex 10.7306 0.0000 3.0259
        vertex 10.7306 -1.6000 3.0259
    endloop
endfacet
facet normal 30.3932 -4.0000 10.3452
    outer loop
        vertex 10.7306 0.0000 3.0259
        vertex 10.8686 -1.6000 2.8686
        vertex 10.8686 0.0000 2.8686
    endloop
endfacet
facet normal 30.3452 -4.0000 10.3932
    outer loop
        vertex 11.0259 -1.6000 2.7306
        vertex 10.8686 0.0000 2.8686
        vertex 10.8686 -1.6000 2.8686
    endloop
endfacet
facet normal 30.3452 -4.0000 10.3932
    outer loop
        vertex 10.8686 0.0000 2.8686
        vertex 11.0259 -1.6000 2.7306
        vertex 11.0259 0.0000 2.7306
    endloop
endfacet
facet normal 30.2904 -4.0000 10.4352
    outer loop
        vertex 11.2000 -1.6000 2.6144
        vertex 11.0259 0.0000 2.7306
        vertex 11.0259 -1.6000 2.7306
    endloop
endfacet
facet normal 30.2904 -4.0000 10.4352
    outer loop
        vertex 11.0259 0.0000 2.7306
        vertex 11.2000 -1.6000 2.6144
        vertex 11.2000 0.0000 2.6144
    endloop
endfacet
facet normal 30.2316 -4.0000 10.4692
    outer loop
        vertex 11.3877 -1.6000 2.5218
        vertex 11.2000 0.0000 2.6144
        vertex 11.2000 -1.6000 2.6144
    endloop
endfacet
facet normal 30.2316 -4.0000 10.4692
    outer loop
        vertex 11.2000 0.0000 2.6144
        vertex 11.3877 -1.6000 2.5218
        vertex 11.3877 0.0000 2.5218
    endloop
endfacet
facet normal 30.1680 -4.0000 10.4956
    outer loop
        vertex 11.5859 -1.6000 2.4546
        vertex 11.3877 0.0000 2.5218
        vertex 11.3877 -1.6000 2.5218
    endloop
endfacet
facet normal 30.1680 -4.0000 10.4956
    outer loop
        vertex 11.3877 0.0000 2.5218
        vertex 11.5859 -1.6000 2.4546
        vertex 11.5859 0.0000 2.4546
    endloop
endfacet
facet normal 30.1020 -4.0000 10.5132
    outer loop
        vertex 11.7912 -1.6000 2.4138
        vertex 11.5859 0.0000 2.4546
        vertex 11.5859 -1.6000 2.4546
    endloop
endfacet
facet normal 30.1020 -4.0000 10.5132
    outer loop
        vertex 11.5859 0.0000 2.4546
        vertex 11.7912 -1.6000 2.4138
        vertex 11.7912 0.0000 2.4138
    endloop
endfacet
facet normal 30.0344 -4.0000 10.5220
    outer loop
        vertex 12.0000 -1.6000 2.4000
        vertex 11.7912 0.0000 2.4138
        vertex 11.7912 -1.6000 2.4138
    endloop
endfacet
facet normal 30.0344 -4.0000 10.5220
    outer loop
        vertex 11.7912 0.0000 2.4138
        vertex 12.0000 -1.6000 2.4000
        vertex 12.0000 0.0000 2.4000
    endloop
endfacet
facet normal 29.9656 -4.0000 10.5220
    outer loop
        vertex 12.2088 -1.6000 2.4138
        vertex 12.0000 0.0000 2.4000
        vertex 12.0000 -1.6000 2.4000
    endloop
endfacet
facet normal 29.9656 -4.0000 10.5220
    outer loop
        vertex 12.0000 0.0000 2.4000
        vertex 12.2088 -1.6000 2.4138
        vertex 12.2088 0.0000 2.4138
    endloop
endfacet
facet normal 29.8980 -4.0000 10.5132
    outer loop
        vertex 12.4141 -1.6000 2.4546
        vertex 12.2088 0.0000 2.4138
        vertex 12.2088 -1.6000 2.4138
    endloop
endfacet
facet normal 29.8980 -4.0000 10.5132
    outer loop
        vertex 12.2088 0.0000 2.4138
        vertex 12.4141 -1.6000 2.4546
        vertex 12.4141 0.0000 2.4546
    endloop
endfacet
facet normal 29.8320 -4.0000 10.4956
    outer loop
        vertex 12.6123 -1.6000 2.5218
        vertex 12.4141 0.0000 2.4546
        vertex 12.4141 -1.6000 2.4546
    endloop
endfacet
facet normal 29.8320 -4.0000 10.4956
    outer loop
        vertex 12.4141 0.0000 2.4546
        vertex 12.6123 -1.6000 2.5218
        vertex 12.6123 0.0000 2.5218
    endloop
endfacet
facet normal 29.7684 -4.0000 10.4692
    outer loop
        vertex 12.8000 -1.6000 2.6144
        vertex 12.6123 0.0000 2.5218
        vertex 12.6123 -1.6000 2.5218
    endloop
endfacet
facet normal 29.7684 -4.0000 10.4692
    outer loop
        vertex 12.6123 0.0000 2.5218
        vertex 12.8000 -1.6000 2.6144
        vertex 12.8000 0.0000 2.6144
    endloop
endfacet
facet normal 29.7096 -4.0000 10.4352
    outer loop
        vertex 12.9741 -1.6000 2.7306
        vertex 12.8000 0.0000 2.6144
        vertex 12.8000 -1.6000 2.6144
    endloop
endfacet
facet normal 29.7096 -4.0000 10.4352
    outer loop
        vertex 12.8000 0.0000 2.6144
        vertex 12.9741 -1.6000 2.7306
        vertex 12.9741 0.0000 2.7306
    endloop
endfacet
facet normal 29.6548 -4.0000 10.3932
    outer loop
        vertex 13.1314 -1.6000 2.8686
        vertex 12.9741 0.0000 2.7306
        vertex 12.9741 -1.6000 2.7306
    endloop
endfacet
facet normal 29.6548 -4.0000 10.3932
    outer loop
        vertex 12.9741 0.0000 2.7306
        vertex 13.1314 -1.6000 2.8686
        vertex 13.1314 0.0000 2.8686
    endloop
endfacet
facet normal 29.6068 -4.0000 10.3452
    outer loop
        vertex 13.2694 -1.6000 3.0259
        vertex 13.1314 0.0000 2.8686
        vertex 13.1314 -1.6000 2.8686
    endloop
endfacet
facet normal 29.6068 -4.0000 10.3452
    outer loop
        vertex 13.1314 0.0000 2.8686
        vertex 13.2694 -1.6000 3.0259
        vertex 13.2694 0.0000 3.0259
    endloop
endfacet
facet normal 29.5648 -4.0000 10.2904
    outer loop
        vertex 13.3856 -1.6000 3.2000
        vertex 13.2694 0.0000 3.0259
        vertex 13.2694 -1.6000 3.0259
    endloop
endfacet
facet normal 29.5648 -4.0000 10.2904
    outer loop
        vertex 13.2694 0.0000 3.0259
        vertex 13.3856 -1.6000 3.2000
        vertex 13.3856 0.0000 3.2000
    endloop
endfacet
facet normal 29.5308 -4.0000 10.2316
    outer loop
        vertex 13.4782 -1.6000 3.3877
        vertex 13.3856 0.0000 3.2000
        vertex 13.3856 -1.6000 3.2000
    endloop
endfacet
facet normal 29.5308 -4.0000 10.2316
    outer loop
        vertex 13.3856 0.0000 3.2000
        vertex 13.4782 -1.6000 3.3877
        vertex 13.4782 0.0000 3.3877
    endloop
endfacet
facet normal 29.5044 -4.0000 10.1680
    outer loop
        vertex 13.5454 -1.6000 3.5859
        vertex 13.4782 0.0000 3.3877
        vertex 13.4782 -1.6000 3.3877
    endloop
endfacet
facet normal 29.5044 -4.0000 10.1680
    outer loop
        vertex 13.4782 0.0000 3.3877
        vertex 13.5454 -1.6000 3.5859
        vertex 13.5454 0.0000 3.5859
    endloop
endfacet
facet normal 29.4868 -4.0000 10.1020
    outer loop
        vertex 13.5862 -1.6000 3.7912
        vertex 13.5454 0.0000 3.5859
        vertex 13.5454 -1.6000 3.5859
    endloop
endfacet
facet normal 29.4868 -4.0000 10.1020
    outer loop
        vertex 13.5454 0.0000 3.5859
        vertex 13.5862 -1.6000 3.7912
        vertex 13.5862 0.0000 3.7912
    endloop
endfacet
facet normal 29.4780 -4.0000 10.0344
    outer loop
        vertex 13.6000 -1.6000 4.0000
        vertex 13.5862 0.0000 3.7912
        vertex 13.5862 -1.6000 3.7912
    endloop
endfacet
facet normal 29.4780 -4.0000 10.0344
    outer loop
        vertex 13.5862 0.0000 3.7912
        vertex 13.6000 -1.6000 4.0000
        vertex 13.6000 0.0000 4.0000
    endloop
endfacet
facet normal 30.7830 -4.0000 10.0516
    outer loop
        vertex 14.3794 -1.6000 4.3132
        vertex 14.4000 -1.6000 4.0000
        vertex 14.4000 0.0000 4.0000
    endloop
endfacet
facet normal 30.7830 -4.0000 10.0516
    outer loop
        vertex 14.4000 0.0000 4.0000
        vertex 14.3794 0.0000 4.3132
        vertex 14.3794 -1.6000 4.3132
    endloop
endfacet
facet normal 30.7698 -4.0000 10.1530
    outer loop
        vertex 14.3182 -1.6000 4.6211
        vertex 14.3794 -1.6000 4.3132
        vertex 14.3794 0.0000 4.3132
    endloop
endfacet
facet normal 30.7698 -4.0000 10.1530
    outer loop
        vertex 14.3794 0.0000 4.3132
        vertex 14.3182 0.0000 4.6211
        vertex 14.3182 -1.6000 4.6211
    endloop
endfacet
facet normal 30.7434 -4.0000 10.2520
    outer loop
        vertex 14.2174 -1.6000 4.9185
        vertex 14.3182 -1.6000 4.6211
        vertex 14.3182 0.0000 4.6211
    endloop
endfacet
facet normal 30.7434 -4.0000 10.2520
    outer loop
        vertex 14.3182 0.0000 4.6211
        vertex 14.2174 0.0000 4.9185
        vertex 14.2174 -1.6000 4.9185
    endloop
endfacet
facet normal 30.7038 -4.0000 10.3474
    outer loop
        vertex 14.0784 -1.6000 5.2000
        vertex 14.2174 -1.6000 4.9185
        vertex 14.2174 0.0000 4.9185
    endloop
endfacet
facet normal 30.7038 -4.0000 10.3474
    outer loop
        vertex 14.2174 0.0000 4.9185
        vertex 14.0784 0.0000 5.2000
        vertex 14.0784 -1.6000 5.2000
    endloop
endfacet
facet normal 30.6528 -4.0000 10.4356
    outer loop
        vertex 13.9042 -1.6000 5.4611
        vertex 14.0784 -1.6000 5.2000
        vertex 14.0784 0.0000 5.2000
    endloop
endfacet
facet normal 30.6528 -4.0000 10.4356
    outer loop
        vertex 14.0784 0.0000 5.2000
        vertex 13.9042 0.0000 5.4611
        vertex 13.9042 -1.6000 5.4611
    endloop
endfacet
facet normal 30.5898 -4.0000 10.5178
    outer loop
        vertex 13.6970 -1.6000 5.6970
        vertex 13.9042 -1.6000 5.4611
        vertex 13.9042 0.0000 5.4611
    endloop
endfacet
facet normal 30.5898 -4.0000 10.5178
    outer loop
        vertex 13.9042 0.0000 5.4611
        vertex 13.6970 0.0000 5.6970
        vertex 13.6970 -1.6000 5.6970
    endloop
endfacet
facet normal 30.5178 -4.0000 10.5898
    outer loop
        vertex 13.4611 -1.6000 5.9042
        vertex 13.6970 -1.6000 5.6970
        vertex 13.6970 0.0000 5.6970
    endloop
endfacet
facet normal 30.5178 -4.0000 10.5898
    outer loop
        vertex 13.6970 0.0000 5.6970
        vertex 13.4611 0.0000 5.9042
        vertex 13.4611 -1.6000 5.9042
    endloop
endfacet
facet normal 30.4356 -4.0000 10.6528
    outer loop
        vertex 13.2000 -1.6000 6.0784
        vertex 13.4611 -1.6000 5.9042
        vertex 13.4611 0.0000 5.9042
    endloop
endfacet
facet normal 30.4356 -4.0000 10.6528
    outer loop
        vertex 13.4611 0.0000 5.9042
        vertex 13.2000 0.0000 6.0784
        vertex 13.2000 -1.6000 6.0784
    endloop
endfacet
facet normal 30.3474 -4.0000 10.7038
    outer loop
        vertex 12.9185 -1.6000 6.2174
        vertex 13.2000 -1.6000 6.0784
        vertex 13.2000 0.0000 6.0784
    endloop
endfacet
facet normal 30.3474 -4.0000 10.7038
    outer loop
        vertex 13.2000 0.0000 6.0784
        vertex 12.9185 0.0000 6.2174
        vertex 12.9185 -1.6000 6.2174
    endloop
endfacet
facet normal 30.2520 -4.0000 10.7434
    outer loop
        vertex 12.6211 -1.6000 6.3182
        vertex 12.9185 -1.6000 6.2174
        vertex 12.9185 0.0000 6.2174
    endloop
endfacet
facet normal 30.2520 -4.0000 10.7434
    outer loop
        vertex 12.9185 0.0000 6.2174
        vertex 12.6211 0.0000 6.3182
        vertex 12.6211 -1.6000 6.3182
    endloop
endfacet
facet normal 30.1530 -4.0000 10.7698
    outer loop
        vertex 12.3132 -1.6000 6.3794
        vertex 12.6211 -1.6000 6.3182
        vertex 12.6211 0.0000 6.3182
    endloop
endfacet
facet normal 30.1530 -4.0000 10.7698
    outer loop
        vertex 12.6211 0.0000 6.3182
        vertex 12.3132 0.0000 6.3794
        vertex 12.3132 -1.6000 6.3794
    endloop
endfacet
facet normal 30.0516 -4.0000 10.7830
    outer loop
        vertex 12.0000 -1.6000 6.4000
        vertex 12.3132 -1.6000 6.3794
        vertex 12.3132 0.0000 6.3794
    endloop
endfacet
facet normal 30.0516 -4.0000 10.7830
    outer loop
        vertex 12.3132 0.0000 6.3794
        vertex 12.0000 0.0000 6.4000
        vertex 12.0000 -1.6000 6.4000
    endloop
endfacet
facet normal 29.9484 -4.0000 10.7830
    outer loop
        vertex 11.6868 -1.6000 6.3794
        vertex 12.0000 -1.6000 6.4000
        vertex 12.0000 0.0000 6.4000
    endloop
endfacet
facet normal 29.9484 -4.0000 10.7830
    outer loop
        vertex 12.0000 0.0000 6.4000
        vertex 11.6868 0.0000 6.3794
        vertex 11.6868 -1.6000 6.3794
    endloop
endfacet
facet normal 29.8470 -4.0000 10.7698
    outer loop
        vertex 11.3789 -1.6000 6.3182
        vertex 11.6868 -1.6000 6.3794
        vertex 11.6868 0.0000 6.3794
    endloop
endfacet
facet normal 29.8470 -4.0000 10.7698
    outer loop
        vertex 11.6868 0.0000 6.3794
        vertex 11.3789 0.0000 6.3182
        vertex 11.3789 -1.6000 6.3182
    endloop
endfacet
facet normal 29.7480 -4.0000 10.7434
    outer loop
        vertex 11.0815 -1.6000 6.2174
        vertex 11.3789 -1.6000 6.3182
        vertex 11.3789 0.0000 6.3182
    endloop
endfacet
facet normal 29.7480 -4.0000 10.7434
    outer loop
        vertex 11.3789 0.0000 6.3182
        vertex 11.0815 0.0000 6.2174
        vertex 11.0815 -1.6000 6.2174
    endloop
endfacet
facet normal 29.6526 -4.0000 10.7038
    outer loop
        vertex 10.8000 -1.6000 6.0784
        vertex 11.0815 -1.6000 6.2174
        vertex 11.0815 0.0000 6.2174
    endloop
endfacet
facet normal 29.6526 -4.0000 10.7038
    outer loop
        vertex 11.0815 0.0000 6.2174
        vertex 10.8000 0.0000 6.0784
        vertex 10.8000 -1.6000 6.0784
    endloop
endfacet
facet normal 29.5644 -4.0000 10.6528
    outer loop
        vertex 10.5389 -1.6000 5.9042
        vertex 10.8000 -1.6000 6.0784
        vertex 10.8000 0.0000 6.0784
    endloop
endfacet
facet normal 29.5644 -4.0000 10.6528
    outer loop
        vertex 10.8000 0.0000 6.0784
        vertex 10.5389 0.0000 5.9042
        vertex 10.5389 -1.6000 5.9042
    endloop
endfacet
facet normal 29.4822 -4.0000 10.5898
    outer loop
        vertex 10.3030 -1.6000 5.6970
        vertex 10.5389 -1.6000 5.9042
        vertex 10.5389 0.0000 5.9042
    endloop
endfacet
facet normal 29.4822 -4.0000 10.5898
    outer loop
        vertex 10.5389 0.0000 5.9042
        vertex 10.3030 0.0000 5.6970
        vertex 10.3030 -1.6000 5.6970
    endloop
endfacet
facet normal 29.4102 -4.0000 10.5178
    outer loop
        vertex 10.0958 -1.6000 5.4611
        vertex 10.3030 -1.6000 5.6970
        vertex 10.3030 0.0000 5.6970
    endloop
endfacet
facet normal 29.4102 -4.0000 10.5178
    outer loop
        vertex 10.3030 0.0000 5.6970
        vertex 10.0958 0.0000 5.4611
        vertex 10.0958 -1.6000 5.4611
    endloop
endfacet
facet normal 29.3472 -4.0000 10.4356
    outer loop
        vertex 9.9216 -1.6000 5.2000
        vertex 10.0958 -1.6000 5.4611
        vertex 10.0958 0.0000 5.4611
    endloop
endfacet
facet normal 29.3472 -4.0000 10.4356
    outer loop
        vertex 10.0958 0.0000 5.4611
        vertex 9.9216 0.0000 5.2000
        vertex 9.9216 -1.6000 5.2000
    endloop
endfacet
facet normal 29.2962 -4.0000 10.3474
    outer loop
        vertex 9.7826 -1.6000 4.9185
        vertex 9.9216 -1.6000 5.2000
        vertex 9.9216 0.0000 5.2000
    endloop
endfacet
facet normal 29.2962 -4.0000 10.3474
    outer loop
        vertex 9.9216 0.0000 5.2000
        vertex 9.7826 0.0000 4.9185
        vertex 9.7826 -1.6000 4.9185
    endloop
endfacet
facet normal 29.2566 -4.0000 10.2520
    outer loop
        vertex 9.6818 -1.6000 4.6211
        vertex 9.7826 -1.6000 4.9185
        vertex 9.7826 0.0000 4.9185
    endloop
endfacet
facet normal 29.2566 -4.0000 10.2520
    outer loop
        vertex 9.7826 0.0000 4.9185
        vertex 9.6818 0.0000 4.6211
        vertex 9.6818 -1.6000 4.6211
    endloop
endfacet
facet normal 29.2302 -4.0000 10.1530
    outer loop
        vertex 9.6206 -1.6000 4.3132
        vertex 9.6818 -1.6000 4.6211
        vertex 9.6818 0.0000 4.6211
    endloop
endfacet
facet normal 29.2302 -4.0000 10.1530
    outer loop
        vertex 9.6818 0.0000 4.6211
        vertex 9.6206 0.0000 4.3132
        vertex 9.6206 -1.6000 4.3132
    endloop
endfacet
facet normal 29.2170 -4.0000 10.0516
    outer loop
        vertex 9.6000 -1.6000 4.0000
        vertex 9.6206 -1.6000 4.3132
        vertex 9.6206 0.0000 4.3132
    endloop
endfacet
facet normal 29.2170 -4.0000 10.0516
    outer loop
        vertex 9.6206 0.0000 4.3132
        vertex 9.6000 0.0000 4.0000
        vertex 9.6000 -1.6000 4.0000
    endloop
endfacet
facet normal 29.2170 -4.0000 9.9484
    outer loop
        vertex 9.6206 -1.6000 3.6868
        vertex 9.6000 -1.6000 4.0000
        vertex 9.6000 0.0000 4.0000
    endloop
endfacet
facet normal 29.2170 -4.0000 9.9484
    outer loop
        vertex 9.6000 0.0000 4.0000
        vertex 9.6206 0.0000 3.6868
        vertex 9.6206 -1.6000 3.6868
    endloop
endfacet
facet normal 29.2302 -4.0000 9.8470
    outer loop
        vertex 9.6818 -1.6000 3.3789
        vertex 9.6206 -1.6000 3.6868
        vertex 9.6206 0.0000 3.6868
    endloop
endfacet
facet normal 29.2302 -4.0000 9.8470
    outer loop
        vertex 9.6206 0.0000 3.6868
        vertex 9.6818 0.0000 3.3789
        vertex 9.6818 -1.6000 3.3789
    endloop
endfacet
facet normal 29.2566 -4.0000 9.7480
    outer loop
        vertex 9.7826 -1.6000 3.0815
        vertex 9.6818 -1.6000 3.3789
        vertex 9.6818 0.0000 3.3789
    endloop
endfacet
facet normal 29.2566 -4.0000 9.7480
    outer loop
        vertex 9.6818 0.0000 3.3789
        vertex 9.7826 0.0000 3.0815
        vertex 9.7826 -1.6000 3.0815
    endloop
endfacet
facet normal 29.2962 -4.0000 9.6526
    outer loop
        vertex 9.9216 -1.6000 2.8000
        vertex 9.7826 -1.6000 3.0815
        vertex 9.7826 0.0000 3.0815
    endloop
endfacet
facet normal 29.2962 -4.0000 9.6526
    outer loop
        vertex 9.7826 0.0000 3.0815
        vertex 9.9216 0.0000 2.8000
        vertex 9.9216 -1.6000 2.8000
    endloop
endfacet
facet normal 29.3472 -4.0000 9.5644
    outer loop
        vertex 10.0958 -1.6000 2.5389
        vertex 9.9216 -1.6000 2.8000
        vertex 9.9216 0.0000 2.8000
    endloop
endfacet
facet normal 29.3472 -4.0000 9.5644
    outer loop
        vertex 9.9216 0.0000 2.8000
        vertex 10.0958 0.0000 2.5389
        vertex 10.0958 -1.6000 2.5389
    endloop
endfacet
facet normal 29.4102 -4.0000 9.4822
    outer loop
        vertex 10.3030 -1.6000 2.3030
        vertex 10.0958 -1.6000 2.5389
        vertex 10.0958 0.0000 2.5389
    endloop
endfacet
facet normal 29.4102 -4.0000 9.4822
    outer loop
        vertex 10.0958 0.0000 2.5389
        vertex 10.3030 0.0000 2.3030
        vertex 10.3030 -1.6000 2.3030
    endloop
endfacet
facet normal 29.4822 -4.0000 9.4102
    outer loop
        vertex 10.5389 -1.6000 2.0958
        vertex 10.3030 -1.6000 2.3030
        vertex 10.3030 0.0000 2.3030
    endloop
endfacet
facet normal 29.4822 -4.0000 9.4102
    outer loop
        vertex 10.3030 0.0000 2.3030
        vertex 10.5389 0.0000 2.0958
        vertex 10.5389 -1.6000 2.0958
    endloop
endfacet
facet normal 29.5644 -4.0000 9.3472
    outer loop
        vertex 10.8000 -1.6000 1.9216
        vertex 10.5389 -1.6000 2.0958
        vertex 10.5389 0.0000 2.0958
    endloop
endfacet
facet normal 29.5644 -4.0000 9.3472
    outer loop
        vertex 10.5389 0.0000 2.0958
        vertex 10.8000 0.0000 1.9216
        vertex 10.8000 -1.6000 1.9216
    endloop
endfacet
facet normal 29.6526 -4.0000 9.2962
    outer loop
        vertex 11.0815 -1.6000 1.7826
        vertex 10.8000 -1.6000 1.9216
        vertex 10.8000 0.0000 1.9216
    endloop
endfacet
facet normal 29.6526 -4.0000 9.2962
    outer loop
        vertex 10.8000 0.0000 1.9216
        vertex 11.0815 0.0000 1.7826
        vertex 11.0815 -1.6000 1.7826
    endloop
endfacet
facet normal 29.7480 -4.0000 9.2566
    outer loop
        vertex 11.3789 -1.6000 1.6818
        vertex 11.0815 -1.6000 1.7826
        vertex 11.0815 0.0000 1.7826
    endloop
endfacet
facet normal 29.7480 -4.0000 9.2566
    outer loop
        vertex 11.0815 0.0000 1.7826
        vertex 11.3789 0.0000 1.6818
        vertex 11.3789 -1.6000 1.6818
    endloop
endfacet
facet normal 29.8470 -4.0000 9.2302
    outer loop
        vertex 11.6868 -1.6000 1.6206
        vertex 11.3789 -1.6000 1.6818
        vertex 11.3789 0.0000 1.6818
    endloop
endfacet
facet normal 29.8470 -4.0000 9.2302
    outer loop
        vertex 11.3789 0.0000 1.6818
        vertex 11.6868 0.0000 1.6206
        vertex 11.6868 -1.6000 1.6206
    endloop
endfacet
facet normal 29.9484 -4.0000 9.2170
    outer loop
        vertex 12.0000 -1.6000 1.6000
        vertex 11.6868 -1.6000 1.6206
        vertex 11.6868 0.0000 1.6206
    endloop
endfacet
facet normal 29.9484 -4.0000 9.2170
    outer loop
        vertex 11.6868 0.0000 1.6206
        vertex 12.0000 0.0000 1.6000
        vertex 12.0000 -1.6000 1.6000
    endloop
endfacet
facet normal 30.0516 -4.0000 9.2170
    outer loop
        vertex 12.3132 -1.6000 1.6206
        vertex 12.0000 -1.6000 1.6000
        vertex 12.0000 0.0000 1.6000
    endloop
endfacet
facet normal 30.0516 -4.0000 9.2170
    outer loop
        vertex 12.0000 0.0000 1.6000
        vertex 12.3132 0.0000 1.6206
        vertex 12.3132 -1.6000 1.6206
    endloop
endfacet
facet normal 30.1530 -4.0000 9.2302
    outer loop
        vertex 12.6211 -1.6000 1.6818
        vertex 12.3132 -1.6000 1.6206
        vertex 12.3132 0.0000 1.6206
    endloop
endfacet
facet normal 30.1530 -4.0000 9.2302
    outer loop
        vertex 12.3132 0.0000 1.6206
        vertex 12.6211 0.0000 1.6818
        vertex 12.6211 -1.6000 1.6818
    endloop
endfacet
facet normal 30.2520 -4.0000 9.2566
    outer loop
        vertex 12.9185 -1.6000 1.7826
        vertex 12.6211 -1.6000 1.6818
        vertex 12.6211 0.0000 1.6818
    endloop
endfacet
facet normal 30.2520 -4.0000 9.2566
    outer loop
        vertex 12.6211 0.0000 1.6818
        vertex 12.9185 0.0000 1.7826
        vertex 12.9185 -1.6000 1.7826
    endloop
endfacet
facet normal 30.3474 -4.0000 9.2962
    outer loop
        vertex 13.2000 -1.6000 1.9216
        vertex 12.9185 -1.6000 1.7826
        vertex 12.9185 0.0000 1.7826
    endloop
endfacet
facet normal 30.3474 -4.0000 9.2962
    outer loop
        vertex 12.9185 0.0000 1.7826
        vertex 13.2000 0.0000 1.9216
        vertex 13.2000 -1.6000 1.9216
    endloop
endfacet
facet normal 30.4356 -4.0000 9.3472
    outer loop
        vertex 13.4611 -1.6000 2.0958
        vertex 13.2000 -1.6000 1.9216
        vertex 13.2000 0.0000 1.9216
    endloop
endfacet
facet normal 30.4356 -4.0000 9.3472
    outer loop
        vertex 13.2000 0.0000 1.9216
        vertex 13.4611 0.0000 2.0958
        vertex 13.4611 -1.6000 2.0958
    endloop
endfacet
facet normal 30.5178 -4.0000 9.4102
    outer loop
        vertex 13.6970 -1.6000 2.3030
        vertex 13.4611 -1.6000 2.0958
        vertex 13.4611 0.0000 2.0958
    endloop
endfacet
facet normal 30.5178 -4.0000 9.4102
    outer loop
        vertex 13.4611 0.0000 2.0958
        vertex 13.6970 0.0000 2.3030
        vertex 13.6970 -1.6000 2.3030
    endloop
endfacet
facet normal 30.5898 -4.0000 9.4822
    outer loop
        vertex 13.9042 -1.6000 2.5389
        vertex 13.6970 -1.6000 2.3030
        vertex 13.6970 0.0000 2.3030
    endloop
endfacet
facet normal 30.5898 -4.0000 9.4822
    outer loop
        vertex 13.6970 0.0000 2.3030
        vertex 13.9042 0.0000 2.5389
        vertex 13.9042 -1.6000 2.5389
    endloop
endfacet
facet normal 30.6528 -4.0000 9.5644
    outer loop
        vertex 14.0784 -1.6000 2.8000
        vertex 13.9042 -1.6000 2.5389
        vertex 13.9042 0.0000 2.5389
    endloop
endfacet
facet normal 30.6528 -4.0000 9.5644
    outer loop
        vertex 13.9042 0.0000 2.5389
        vertex 14.0784 0.0000 2.8000
        vertex 14.0784 -1.6000 2.8000
    endloop
endfacet
facet normal 30.7038 -4.0000 9.6526
    outer loop
        vertex 14.2174 -1.6000 3.0815
        vertex 14.0784 -1.6000 2.8000
        vertex 14.0784 0.0000 2.8000
    endloop
endfacet
facet normal 30.7038 -4.0000 9.6526
    outer loop
        vertex 14.0784 0.0000 2.8000
        vertex 14.2174 0.0000 3.0815
        vertex 14.2174 -1.6000 3.0815
    endloop
endfacet
facet normal 30.7434 -4.0000 9.7480
    outer loop
        vertex 14.3182 -1.6000 3.3789
        vertex 14.2174 -1.6000 3.0815
        vertex 14.2174 0.0000 3.0815
    endloop
endfacet
facet normal 30.7434 -4.0000 9.7480
    outer loop
        vertex 14.2174 0.0000 3.0815
        vertex 14.3182 0.0000 3.3789
        vertex 14.3182 -1.6000 3.3789
    endloop
endfacet
facet normal 30.7698 -4.0000 9.8470
    outer loop
        vertex 14.3794 -1.6000 3.6868
        vertex 14.3182 -1.6000 3.3789
        vertex 14.3182 0.0000 3.3789
    endloop
endfacet
facet normal 30.7698 -4.0000 9.8470
    outer loop
        vertex 14.3182 0.0000 3.3789
        vertex 14.3794 0.0000 3.6868
        vertex 14.3794 -1.6000 3.6868
    endloop
endfacet
facet normal 30.7830 -4.0000 9.9484
    outer loop
        vertex 14.4000 -1.6000 4.0000
        vertex 14.3794 -1.6000 3.6868
        vertex 14.3794 0.0000 3.6868
    endloop
endfacet
facet normal 30.7830 -4.0000 9.9484
    outer loop
        vertex 14.3794 0.0000 3.6868
        vertex 14.4000 0.0000 4.0000
        vertex 14.4000 -1.6000 4.0000
    endloop
endfacet
facet normal 30.0000 -4.3915 10.0000
    outer loop
        vertex 14.4000 -1.6000 4.0000
        vertex 14.3794 -1.6000 4.3132
        vertex 13.5862 -1.6000 4.2088
    endloop
endfacet
facet normal 30.0000 -4.2610 10.0000
    outer loop
        vertex 13.5862 -1.6000 4.2088
        vertex 13.6000 -1.6000 4.0000
        vertex 14.4000 -1.6000 4.0000
    endloop
endfacet
facet normal 30.0000 -4.3916 10.0000
    outer loop
        vertex 14.3794 -1.6000 4.3132
        vertex 14.3182 -1.6000 4.6211
        vertex 13.5454 -1.6000 4.4141
    endloop
endfacet
facet normal 30.0000 -4.2610 10.0000
    outer loop
        vertex 13.5454 -1.6000 4.4141
        vertex 13.5862 -1.6000 4.2088
        vertex 14.3794 -1.6000 4.3132
    endloop
endfacet
facet normal 30.0000 -4.3916 10.0000
    outer loop
        vertex 14.3182 -1.6000 4.6211
        vertex 14.2174 -1.6000 4.9185
        vertex 13.4782 -1.6000 4.6123
    endloop
endfacet
facet normal 30.0000 -4.2611 10.0000
    outer loop
        vertex 13.4782 -1.6000 4.6123
        vertex 13.5454 -1.6000 4.4141
        vertex 14.3182 -1.6000 4.6211
    endloop
endfacet
facet normal 30.0000 -4.3916 10.0000
    outer loop
        vertex 14.2174 -1.6000 4.9185
        vertex 14.0784 -1.6000 5.2000
        vertex 13.3856 -1.6000 4.8000
    endloop
endfacet
facet normal 30.0000 -4.2611 10.0000
    outer loop
        vertex 13.3856 -1.6000 4.8000
        vertex 13.4782 -1.6000 4.6123
        vertex 14.2174 -1.6000 4.9185
    endloop
endfacet
facet normal 30.0000 -4.3916 10.0000
    outer loop
        vertex 14.0784 -1.6000 5.2000
        vertex 13.9042 -1.6000 5.4611
        vertex 13.2694 -1.6000 4.9741
    endloop
endfacet
facet normal 30.0000 -4.2610 10.0000
    outer loop
        vertex 13.2694 -1.6000 4.9741
        vertex 13.3856 -1.6000 4.8000
        vertex 14.0784 -1.6000 5.2000
    endloop
endfacet
facet normal 30.0000 -4.3916 10.0000
    outer loop
        vertex 13.9042 -1.6000 5.4611
        vertex 13.6970 -1.6000 5.6970
        vertex 13.1314 -1.6000 5.1314
    endloop
endfacet
facet normal 30.0000 -4.2611 10.0000
    outer loop
        vertex 13.1314 -1.6000 5.1314
        vertex 13.2694 -1.6000 4.9741
        vertex 13.9042 -1.6000 5.4611
    endloop
endfacet
facet normal 30.0000 -4.3916 10.0000
    outer loop
        vertex 13.6970 -1.6000 5.6970
        vertex 13.4611 -1.6000 5.9042
        vertex 12.9741 -1.6000 5.2694
    endloop
endfacet
facet normal 30.0000 -4.2611 10.0000
    outer loop
        vertex 12.9741 -1.6000 5.2694
        vertex 13.1314 -1.6000 5.1314
        vertex 13.6970 -1.6000 5.6970
    endloop
endfacet
facet normal 30.0000 -4.3916 10.0000
    outer loop
        vertex 13.4611 -1.6000 5.9042
        vertex 13.2000 -1.6000 6.0784
        vertex 12.8000 -1.6000 5.3856
    endloop
endfacet
facet normal 30.0000 -4.2610 10.0000
    outer loop
        vertex 12.8000 -1.6000 5.3856
        vertex 12.9741 -1.6000 5.2694
        vertex 13.4611 -1.6000 5.9042
    endloop
endfacet
facet normal 30.0000 -4.3916 10.0000
    outer loop
        vertex 13.2000 -1.6000 6.0784
        vertex 12.9185 -1.6000 6.2174
        vertex 12.6123 -1.6000 5.4782
    endloop
endfacet
facet normal 30.0000 -4.2611 10.0000
    outer loop
        vertex 12.6123 -1.6000 5.4782
        vertex 12.8000 -1.6000 5.3856
        vertex 13.2000 -1.6000 6.0784
    endloop
endfacet
facet normal 30.0000 -4.3916 10.0000
    outer loop
        vertex 12.9185 -1.6000 6.2174
        vertex 12.6211 -1.6000 6.3182
        vertex 12.4141 -1.6000 5.5454
    endloop
endfacet
facet normal 30.0000 -4.2611 10.0000
    outer loop
        vertex 12.4141 -1.6000 5.5454
        vertex 12.6123 -1.6000 5.4782
        vertex 12.9185 -1.6000 6.2174
    endloop
endfacet
facet normal 30.0000 -4.3916 10.0000
    outer loop
        vertex 12.6211 -1.6000 6.3182
        vertex 12.3132 -1.6000 6.3794
        vertex 12.2088 -1.6000 5.5862
    endloop
endfacet
facet normal 30.0000 -4.2610 10.0000
    outer loop
        vertex 12.2088 -1.6000 5.5862
        vertex 12.4141 -1.6000 5.5454
        vertex 12.6211 -1.6000 6.3182
    endloop
endfacet
facet normal 30.0000 -4.3915 10.0000
    outer loop
        vertex 12.3132 -1.6000 6.3794
        vertex 12.0000 -1.6000 6.4000
        vertex 12.0000 -1.6000 5.6000
    endloop
endfacet
facet normal 30.0000 -4.2610 10.0000
    outer loop
        vertex 12.0000 -1.6000 5.6000
        vertex 12.2088 -1.6000 5.5862
        vertex 12.3132 -1.6000 6.3794
    endloop
endfacet
facet normal 30.0000 -4.3915 10.0000
    outer loop
        vertex 12.0000 -1.6000 6.4000
        vertex 11.6868 -1.6000 6.3794
        vertex 11.7912 -1.6000 5.5862
    endloop
endfacet
facet normal 30.0000 -4.2610 10.0000
    outer loop
        vertex 11.7912 -1.6000 5.5862
        vertex 12.0000 -1.6000 5.6000
        vertex 12.0000 -1.6000 6.4000
    endloop
endfacet
facet normal 30.0000 -4.3916 10.0000
    outer loop
        vertex 11.6868 -1.6000 6.3794
        vertex 11.3789 -1.6000 6.3182
        vertex 11.5859 -1.6000 5.5454
    endloop
endfacet
facet normal 30.0000 -4.2610 10.0000
    outer loop
        vertex 11.5859 -1.6000 5.5454
        vertex 11.7912 -1.6000 5.5862
        vertex 11.6868 -1.6000 6.3794
    endloop
endfacet
facet normal 30.0000 -4.3916 10.0000
    outer loop
        vertex 11.3789 -1.6000 6.3182
        vertex 11.0815 -1.6000 6.2174
        vertex 11.3877 -1.6000 5.4782
    endloop
endfacet
facet normal 30.0000 -4.2611 10.0000
    outer loop
        vertex 11.3877 -1.6000 5.4782
        vertex 11.5859 -1.6000 5.5454
        vertex 11.3789 -1.6000 6.3182
    endloop
endfacet
facet normal 30.0000 -4.3916 10.0000
    outer loop
        vertex 11.0815 -1.6000 6.2174
        vertex 10.8000 -1.6000 6.0784
        vertex 11.2000 -1.6000 5.3856
    endloop
endfacet
facet normal 30.0000 -4.2611 10.0000
    outer loop
        vertex 11.2000 -1.6000 5.3856
        vertex 11.3877 -1.6000 5.4782
        vertex 11.0815 -1.6000 6.2174
    endloop
endfacet
facet normal 30.0000 -4.3916 10.0000
    outer loop
        vertex 10.8000 -1.6000 6.0784
        vertex 10.5389 -1.6000 5.9042
        vertex 11.0259 -1.6000 5.2694
    endloop
endfacet
facet normal 30.0000 -4.2610 10.0000
    outer loop
        vertex 11.0259 -1.6000 5.2694
        vertex 11.2000 -1.6000 5.3856
        vertex 10.8000 -1.6000 6.0784
    endloop
endfacet
facet normal 30.0000 -4.3916 10.0000
    outer loop
        vertex 10.5389 -1.6000 5.9042
        vertex 10.3030 -1.6000 5.6970
        vertex 10.8686 -1.6000 5.1314
    endloop
endfacet
facet normal 30.0000 -4.2611 10.0000
    outer loop
        vertex 10.8686 -1.6000 5.1314
        vertex 11.0259 -1.6000 5.2694
        vertex 10.5389 -1.6000 5.9042
    endloop
endfacet
facet normal 30.0000 -4.3916 10.0000
    outer loop
        vertex 10.3030 -1.6000 5.6970
        vertex 10.0958 -1.6000 5.4611
        vertex 10.7306 -1.6000 4.9741
    endloop
endfacet
facet normal 30.0000 -4.2611 10.0000
    outer loop
        vertex 10.7306 -1.6000 4.9741
        vertex 10.8686 -1.6000 5.1314
        vertex 10.3030 -1.6000 5.6970
    endloop
endfacet
facet normal 30.0000 -4.3916 10.0000
    outer loop
        vertex 10.0958 -1.6000 5.4611
        vertex 9.9216 -1.6000 5.2000
        vertex 10.6144 -1.6000 4.8000
    endloop
endfacet
facet normal 30.0000 -4.2610 10.0000
    outer loop
        vertex 10.6144 -1.6000 4.8000
        vertex 10.7306 -1.6000 4.9741
        vertex 10.0958 -1.6000 5.4611
    endloop
endfacet
facet normal 30.0000 -4.3916 10.0000
    outer loop
        vertex 9.9216 -1.6000 5.2000
        vertex 9.7826 -1.6000 4.9185
        vertex 10.5218 -1.6000 4.6123
    endloop
endfacet
facet normal 30.0000 -4.2611 10.0000
    outer loop
        vertex 10.5218 -1.6000 4.6123
        vertex 10.6144 -1.6000 4.8000
        vertex 9.9216 -1.6000 5.2000
    endloop
endfacet
facet normal 30.0000 -4.3916 10.0000
    outer loop
        vertex 9.7826 -1.6000 4.9185
        vertex 9.6818 -1.6000 4.6211
        vertex 10.4546 -1.6000 4.4141
    endloop
endfacet
facet normal 30.0000 -4.2611 10.0000
    outer loop
        vertex 10.4546 -1.6000 4.4141
        vertex 10.5218 -1.6000 4.6123
        vertex 9.7826 -1.6000 4.9185
    endloop
endfacet
facet normal 30.0000 -4.3916 10.0000
    outer loop
        vertex 9.6818 -1.6000 4.6211
        vertex 9.6206 -1.6000 4.3132
        vertex 10.4138 -1.6000 4.2088
    endloop
endfacet
facet normal 30.0000 -4.2610 10.0000
    outer loop
        vertex 10.4138 -1.6000 4.2088
        vertex 10.4546 -1.6000 4.4141
        vertex 9.6818 -1.6000 4.6211
    endloop
endfacet
facet normal 30.0000 -4.3915 10.0000
    outer loop
        vertex 9.6206 -1.6000 4.3132
        vertex 9.6000 -1.6000 4.0000
        vertex 10.4000 -1.6000 4.0000
    endloop
endfacet
facet normal 30.0000 -4.2610 10.0000
    outer loop
        vertex 10.4000 -1.6000 4.0000
        vertex 10.4138 -1.6000 4.2088
        vertex 9.6206 -1.6000 4.3132
    endloop
endfacet
facet normal 30.0000 -4.3915 10.0000
    outer loop
        vertex 9.6000 -1.6000 4.0000
        vertex 9.6206 -1.6000 3.6868
        vertex 10.4138 -1.6000 3.7912
    endloop
endfacet
facet normal 30.0000 -4.2610 10.0000
    outer loop
        vertex 10.4138 -1.6000 3.7912
        vertex 10.4000 -1.6000 4.0000
        vertex 9.6000 -1.6000 4.0000
    endloop
endfacet
facet normal 30.0000 -4.3916 10.0000
    outer loop
        vertex 9.6206 -1.6000 3.6868
        vertex 9.6818 -1.6000 3.3789
        vertex 10.4546 -1.6000 3.5859
    endloop
endfacet
facet normal 30.0000 -4.2610 10.0000
    outer loop
        vertex 10.4546 -1.6000 3.5859
        vertex 10.4138 -1.6000 3.7912
        vertex 9.6206 -1.6000 3.6868
    endloop
endfacet
facet normal 30.0000 -4.3916 10.0000
    outer loop
        vertex 9.6818 -1.6000 3.3789
        vertex 9.7826 -1.6000 3.0815
        vertex 10.5218 -1.6000 3.3877
    endloop
endfacet
facet normal 30.0000 -4.2611 10.0000
    outer loop
        vertex 10.5218 -1.6000 3.3877
        vertex 10.4546 -1.6000 3.5859
        vertex 9.6818 -1.6000 3.3789
    endloop
endfacet
facet normal 30.0000 -4.3916 10.0000
    outer loop
        vertex 9.7826 -1.6000 3.0815
        vertex 9.9216 -1.6000 2.8000
        vertex 10.6144 -1.6000 3.2000
    endloop
endfacet
facet normal 30.0000 -4.2611 10.0000
    outer loop
        vertex 10.6144 -1.6000 3.2000
        vertex 10.5218 -1.6000 3.3877
        vertex 9.7826 -1.6000 3.0815
    endloop
endfacet
facet normal 30.0000 -4.3916 10.0000
    outer loop
        vertex 9.9216 -1.6000 2.8000
        vertex 10.0958 -1.6000 2.5389
        vertex 10.7306 -1.6000 3.0259
    endloop
endfacet
facet normal 30.0000 -4.2610 10.0000
    outer loop
        vertex 10.7306 -1.6000 3.0259
        vertex 10.6144 -1.6000 3.2000
        vertex 9.9216 -1.6000 2.8000
    endloop
endfacet
facet normal 30.0000 -4.3916 10.0000
    outer loop
        vertex 10.0958 -1.6000 2.5389
        vertex 10.3030 -1.6000 2.3030
        vertex 10.8686 -1.6000 2.8686
    endloop
endfacet
facet normal 30.0000 -4.2611 10.0000
    outer loop
        vertex 10.8686 -1.6000 2.8686
        vertex 10.7306 -1.6000 3.0259
        vertex 10.0958 -1.6000 2.5389
    endloop
endfacet
facet normal 30.0000 -4.3916 10.0000
    outer loop
        vertex 10.3030 -1.6000 2.3030
        vertex 10.5389 -1.6000 2.0958
        vertex 11.0259 -1.6000 2.7306
    endloop
endfacet
facet normal 30.0000 -4.2611 10.0000
    outer loop
        vertex 11.0259 -1.6000 2.7306
        vertex 10.8686 -1.6000 2.8686
        vertex 10.3030 -1.6000 2.3030
    endloop
endfacet
facet normal 30.0000 -4.3916 10.0000
    outer loop
        vertex 10.5389 -1.6000 2.0958
        vertex 10.8000 -1.6000 1.9216
        vertex 11.2000 -1.6000 2.6144
    endloop
endfacet
facet normal 30.0000 -4.2610 10.0000
    outer loop
        vertex 11.2000 -1.6000 2.6144
        vertex 11.0259 -1.6000 2.7306
        vertex 10.5389 -1.6000 2.0958
    endloop
endfacet
facet normal 30.0000 -4.3916 10.0000
    outer loop
        vertex 10.8000 -1.6000 1.9216
        vertex 11.0815 -1.6000 1.7826
        vertex 11.3877 -1.6000 2.5218
    endloop
endfacet
facet normal 30.0000 -4.2611 10.0000
    outer loop
        vertex 11.3877 -1.6000 2.5218
        vertex 11.2000 -1.6000 2.6144
        vertex 10.8000 -1.6000 1.9216
    endloop
endfacet
facet normal 30.0000 -4.3916 10.0000
    outer loop
        vertex 11.0815 -1.6000 1.7826
        vertex 11.3789 -1.6000 1.6818
        vertex 11.5859 -1.6000 2.4546
    endloop
endfacet
facet normal 30.0000 -4.2611 10.0000
    outer loop
        vertex 11.5859 -1.6000 2.4546
        vertex 11.3877 -1.6000 2.5218
        vertex 11.0815 -1.6000 1.7826
    endloop
endfacet
facet normal 30.0000 -4.3916 10.0000
    outer loop
        vertex 11.3789 -1.6000 1.6818
        vertex 11.6868 -1.6000 1.6206
        vertex 11.7912 -1.6000 2.4138
    endloop
endfacet
facet normal 30.0000 -4.2610 10.0000
    outer loop
        vertex 11.7912 -1.6000 2.4138
        vertex 11.5859 -1.6000 2.4546
        vertex 11.3789 -1.6000 1.6818
    endloop
endfacet
facet normal 30.0000 -4.3915 10.0000
    outer loop
        vertex 11.6868 -1.6000 1.6206
        vertex 12.0000 -1.6000 1.6000
        vertex 12.0000 -1.6000 2.4000
    endloop
endfacet
facet normal 30.0000 -4.2610 10.0000
    outer loop
        vertex 12.0000 -1.6000 2.4000
        vertex 11.7912 -1.6000 2.4138
        vertex 11.6868 -1.6000 1.6206
    endloop
endfacet
facet normal 30.0000 -4.3915 10.0000
    outer loop
        vertex 12.0000 -1.6000 1.6000
        vertex 12.3132 -1.6000 1.6206
        vertex 12.2088 -1.6000 2.4138
    endloop
endfacet
facet normal 30.0000 -4.2610 10.0000
    outer loop
        vertex 12.2088 -1.6000 2.4138
        vertex 12.0000 -1.6000 2.4000
        vertex 12.0000 -1.6000 1.6000
    endloop
endfacet
facet normal 30.0000 -4.3916 10.0000
    outer loop
        vertex 12.3132 -1.6000 1.6206
        vertex 12.6211 -1.6000 1.6818
        vertex 12.4141 -1.6000 2.4546
    endloop
endfacet
facet normal 30.0000 -4.2610 10.0000
    outer loop
        vertex 12.4141 -1.6000 2.4546
        vertex 12.2088 -1.6000 2.4138
        vertex 12.3132 -1.6000 1.6206
    endloop
endfacet
facet normal 30.0000 -4.3916 10.0000
    outer loop
        vertex 12.6211 -1.6000 1.6818
        vertex 12.9185 -1.6000 1.7826
        vertex 12.6123 -1.6000 2.5218
    endloop
endfacet
facet normal 30.0000 -4.2611 10.0000
    outer loop
        vertex 12.6123 -1.6000 2.5218
        vertex 12.4141 -1.6000 2.4546
        vertex 12.6211 -1.6000 1.6818
    endloop
endfacet
facet normal 30.0000 -4.3916 10.0000
    outer loop
        vertex 12.9185 -1.6000 1.7826
        vertex 13.2000 -1.6000 1.9216
        vertex 12.8000 -1.6000 2.6144
    endloop
endfacet
facet normal 30.0000 -4.2611 10.0000
    outer loop
        vertex 12.8000 -1.6000 2.6144
        vertex 12.6123 -1.6000 2.5218
        vertex 12.9185 -1.6000 1.7826
    endloop
endfacet
facet normal 30.0000 -4.3916 10.0000
    outer loop
        vertex 13.2000 -1.6000 1.9216
        vertex 13.4611 -1.6000 2.0958
        vertex 12.9741 -1.6000 2.7306
    endloop
endfacet
facet normal 30.0000 -4.2610 10.0000
    outer loop
        vertex 12.9741 -1.6000 2.7306
        vertex 12.8000 -1.6000 2.6144
        vertex 13.2000 -1.6000 1.9216
    endloop
endfacet
facet normal 30.0000 -4.3916 10.0000
    outer loop
        vertex 13.4611 -1.6000 2.0958
        vertex 13.6970 -1.6000 2.3030
        vertex 13.1314 -1.6000 2.8686
    endloop
endfacet
facet normal 30.0000 -4.2611 10.0000
    outer loop
        vertex 13.1314 -1.6000 2.8686
        vertex 12.9741 -1.6000 2.7306
        vertex 13.4611 -1.6000 2.0958
    endloop
endfacet
facet normal 30.0000 -4.3916 10.0000
    outer loop
        vertex 13.6970 -1.6000 2.3030
        vertex 13.9042 -1.6000 2.5389
        vertex 13.2694 -1.6000 3.0259
    endloop
endfacet
facet normal 30.0000 -4.2611 10.0000
    outer loop
        vertex 13.2694 -1.6000 3.0259
        vertex 13.1314 -1.6000 2.8686
        vertex 13.6970 -1.6000 2.3030
    endloop
endfacet
facet normal 30.0000 -4.3916 10.0000
    outer loop
        vertex 13.9042 -1.6000 2.5389
        vertex 14.0784 -1.6000 2.8000
        vertex 13.3856 -1.6000 3.2000
    endloop
endfacet
facet normal 30.0000 -4.2610 10.0000
    outer loop
        vertex 13.3856 -1.6000 3.2000
        vertex 13.2694 -1.6000 3.0259
        vertex 13.9042 -1.6000 2.5389
    endloop
endfacet
facet normal 30.0000 -4.3916 10.0000
    outer loop
        vertex 14.0784 -1.6000 2.8000
        vertex 14.2174 -1.6000 3.0815
        vertex 13.4782 -1.6000 3.3877
    endloop
endfacet
facet normal 30.0000 -4.2611 10.0000
    outer loop
        vertex 13.4782 -1.6000 3.3877
        vertex 13.3856 -1.6000 3.2000
        vertex 14.0784 -1.6000 2.8000
    endloop
endfacet
facet normal 30.0000 -4.3916 10.0000
    outer loop
        vertex 14.2174 -1.6000 3.0815
        vertex 14.3182 -1.6000 3.3789
        vertex 13.5454 -1.6000 3.5859
    endloop
endfacet
facet normal 30.0000 -4.2611 10.0000
    outer loop
        vertex 13.5454 -1.6000 3.5859
        vertex 13.4782 -1.6000 3.3877
        vertex 14.2174 -1.6000 3.0815
    endloop
endfacet
facet normal 30.0000 -4.3916 10.0000
    outer loop
        vertex 14.3182 -1.6000 3.3789
        vertex 14.3794 -1.6000 3.6868
        vertex 13.5862 -1.6000 3.7912
    endloop
endfacet
facet normal 30.0000 -4.2610 10.0000
    outer loop
        vertex 13.5862 -1.6000 3.7912
        vertex 13.5454 -1.6000 3.5859
        vertex 14.3182 -1.6000 3.3789
    endloop
endfacet
facet normal 30.0000 -4.3915 10.0000
    outer loop
        vertex 14.3794 -1.6000 3.6868
        vertex 14.4000 -1.6000 4.0000
        vertex 13.6000 -1.6000 4.0000
    endloop
endfacet
facet normal 30.0000 -4.2610 10.0000
    outer loop
        vertex 13.6000 -1.6000 4.0000
        vertex 13.5862 -1.6000 3.7912
        vertex 14.3794 -1.6000 3.6868
    endloop
endfacet
facet normal 49.4780 -4.0000 9.9656
    outer loop
        vertex 21.5862 -1.6000 4.2088
        vertex 21.6000 0.0000 4.0000
        vertex 21.6000 -1.6000 4.0000
    endloop
endfacet
facet normal 49.4780 -4.0000 9.9656
    outer loop
        vertex 21.6000 0.0000 4.0000
        vertex 21.5862 -1.6000 4.2088
        vertex 21.5862 0.0000 4.2088
    endloop
endfacet
facet normal 49.4868 -4.0000 9.8980
    outer loop
        vertex 21.5454 -1.6000 4.4141
        vertex 21.5862 0.0000 4.2088
        vertex 21.5862 -1.6000 4.2088
    endloop
endfacet
facet normal 49.4868 -4.0000 9.8980
    outer loop
        vertex 21.5862 0.0000 4.2088
        vertex 21.5454 -1.6000 4.4141
        vertex 21.5454 0.0000 4.4141
    endloop
endfacet
facet normal 49.5044 -4.0000 9.8320
    outer loop
        vertex 21.4782 -1.6000 4.6123
        vertex 21.5454 0.0000 4.4141
        vertex 21.5454 -1.6000 4.4141
    endloop
endfacet
facet normal 49.5044 -4.0000 9.8320
    outer loop
        vertex 21.5454 0.0000 4.4141
        vertex 21.4782 -1.6000 4.6123
        vertex 21.4782 0.0000 4.6123
    endloop
endfacet
facet normal 49.5308 -4.0000 9.7684
    outer loop
        vertex 21.3856 -1.6000 4.8000
        vertex 21.4782 0.0000 4.6123
        vertex 21.4782 -1.6000 4.6123
    endloop
endfacet
facet normal 49.5308 -4.0000 9.7684
    outer loop
        vertex 21.4782 0.0000 4.6123
        vertex 21.3856 -1.6000 4.8000
        vertex 21.3856 0.0000 4.8000
    endloop
endfacet
facet normal 49.5648 -4.0000 9.7096
    outer loop
        vertex 21.2694 -1.6000 4.9741
        vertex 21.3856 0.0000 4.8000
        vertex 21.3856 -1.6000 4.8000
    endloop
endfacet
facet normal 49.5648 -4.0000 9.7096
    outer loop
        vertex 21.3856 0.0000 4.8000
        vertex 21.2694 -1.6000 4.9741
        vertex 21.2694 0.0000 4.9741
    endloop
endfacet
facet normal 49.6068 -4.0000 9.6548
    outer loop
        vertex 21.1314 -1.6000 5.1314
        vertex 21.2694 0.0000 4.9741
        vertex 21.2694 -1.6000 4.9741
    endloop
endfacet
facet normal 49.6068 -4.0000 9.6548
    outer loop
        vertex 21.2694 0.0000 4.9741
        vertex 21.1314 -1.6000 5.1314
        vertex 21.1314 0.0000 5.1314
    endloop
endfacet
facet normal 49.6548 -4.0000 9.6068
    outer loop
        vertex 20.9741 -1.6000 5.2694
        vertex 21.1314 0.0000 5.1314
        vertex 21.1314 -1.6000 5.1314
    endloop
endfacet
facet normal 49.6548 -4.0000 9.6068
    outer loop
        vertex 21.1314 0.0000 5.1314
        vertex 20.9741 -1.6000 5.2694
        vertex 20.9741 0.0000 5.2694
    endloop
endfacet
facet normal 49.7096 -4.0000 9.5648
    outer loop
        vertex 20.8000 -1.6000 5.3856
        vertex 20.9741 0.0000 5.2694
        vertex 20.9741 -1.6000 5.2694
    endloop
endfacet
facet normal 49.7096 -4.0000 9.5648
    outer loop
        vertex 20.9741 0.0000 5.2694
        vertex 20.8000 -1.6000 5.3856
        vertex 20.8000 0.0000 5.3856
    endloop
endfacet
facet normal 49.7684 -4.0000 9.5308
    outer loop
        vertex 20.6123 -1.6000 5.4782
        vertex 20.8000 0.0000 5.3856
        vertex 20.8000 -1.6000 5.3856
    endloop
endfacet
facet normal 49.7684 -4.0000 9.5308
    outer loop
        vertex 20.8000 0.0000 5.3856
        vertex 20.6123 -1.6000 5.4782
        vertex 20.6123 0.0000 5.4782
    endloop
endfacet
facet normal 49.8320 -4.0000 9.5044
    outer loop
        vertex 20.4141 -1.6000 5.5454
        vertex 20.6123 0.0000 5.4782
        vertex 20.6123 -1.6000 5.4782
    endloop
endfacet
facet normal 49.8320 -4.0000 9.5044
    outer loop
        vertex 20.6123 0.0000 5.4782
        vertex 20.4141 -1.6000 5.5454
        vertex 20.4141 0.0000 5.5454
    endloop
endfacet
facet normal 49.8980 -4.0000 9.4868
    outer loop
        vertex 20.2088 -1.6000 5.5862
        vertex 20.4141 0.0000 5.5454
        vertex 20.4141 -1.6000 5.5454
    endloop
endfacet
facet normal 49.8980 -4.0000 9.4868
    outer loop
        vertex 20.4141 0.0000 5.5454
        vertex 20.2088 -1.6000 5.5862
        vertex 20.2088 0.0000 5.5862
    endloop
endfacet
facet normal 49.9656 -4.0000 9.4780
    outer loop
        vertex 20.0000 -1.6000 5.6000
        vertex 20.2088 0.0000 5.5862
        vertex 20.2088 -1.6000 5.5862
    endloop
endfacet
facet normal 49.9656 -4.0000 9.4780
    outer loop
        vertex 20.2088 0.0000 5.5862
        vertex 20.0000 -1.6000 5.6000
        vertex 20.0000 0.0000 5.6000
    endloop
endfacet
facet normal 50.0344 -4.0000 9.4780
    outer loop
        vertex 19.7912 -1.6000 5.5862
        vertex 20.0000 0.0000 5.6000
        vertex 20.0000 -1.6000 5.6000
    endloop
endfacet
facet normal 50.0344 -4.0000 9.4780
    outer loop
        vertex 20.0000 0.0000 5.6000
        vertex 19.7912 -1.6000 5.5862
        vertex 19.7912 0.0000 5.5862
    endloop
endfacet
facet normal 50.1020 -4.0000 9.4868
    outer loop
        vertex 19.5859 -1.6000 5.5454
        vertex 19.7912 0.0000 5.5862
        vertex 19.7912 -1.6000 5.5862
    endloop
endfacet
facet normal 50.1020 -4.0000 9.4868
    outer loop
        vertex 19.7912 0.0000 5.5862
        vertex 19.5859 -1.6000 5.5454
        vertex 19.5859 0.0000 5.5454
    endloop
endfacet
facet normal 50.1680 -4.0000 9.5044
    outer loop
        vertex 19.3877 -1.6000 5.4782
        vertex 19.5859 0.0000 5.5454
        vertex 19.5859 -1.6000 5.5454
    endloop
endfacet
facet normal 50.1680 -4.0000 9.5044
    outer loop
        vertex 19.5859 0.0000 5.5454
        vertex 19.3877 -1.6000 5.4782
        vertex 19.3877 0.0000 5.4782
    endloop
endfacet
facet normal 50.2316 -4.0000 9.5308
    outer loop
        vertex 19.2000 -1.6000 5.3856
        vertex 19.3877 0.0000 5.4782
        vertex 19.3877 -1.6000 5.4782
    endloop
endfacet
facet normal 50.2316 -4.0000 9.5308
    outer loop
        vertex 19.3877 0.0000 5.4782
        vertex 19.2000 -1.6000 5.3856
        vertex 19.2000 0.0000 5.3856
    endloop
endfacet
facet normal 50.2904 -4.0000 9.5648
    outer loop
        vertex 19.0259 -1.6000 5.2694
        vertex 19.2000 0.0000 5.3856
        vertex 19.2000 -1.6000 5.3856
    endloop
endfacet
facet normal 50.2904 -4.0000 9.5648
    outer loop
        vertex 19.2000 0.0000 5.3856
        vertex 19.0259 -1.6000 5.2694
        vertex 19.0259 0.0000 5.2694
    endloop
endfacet
facet normal 50.3452 -4.0000 9.6068
    outer loop
        vertex 18.8686 -1.6000 5.1314
        vertex 19.0259 0.0000 5.2694
        vertex 19.0259 -1.6000 5.2694
    endloop
endfacet
facet normal 50.3452 -4.0000 9.6068
    outer loop
        vertex 19.0259 0.0000 5.2694
        vertex 18.8686 -1.6000 5.1314
        vertex 18.8686 0.0000 5.1314
    endloop
endfacet
facet normal 50.3932 -4.0000 9.6548
    outer loop
        vertex 18.7306 -1.6000 4.9741
        vertex 18.8686 0.0000 5.1314
        vertex 18.8686 -1.6000 5.1314
    endloop
endfacet
facet normal 50.3932 -4.0000 9.6548
    outer loop
        vertex 18.8686 0.0000 5.1314
        vertex 18.7306 -1.6000 4.9741
        vertex 18.7306 0.0000 4.9741
    endloop
endfacet
facet normal 50.4352 -4.0000 9.7096
    outer loop
        vertex 18.6144 -1.6000 4.8000
        vertex 18.7306 0.0000 4.9741
        vertex 18.7306 -1.6000 4.9741
    endloop
endfacet
facet normal 50.4352 -4.0000 9.7096
    outer loop
        vertex 18.7306 0.0000 4.9741
        vertex 18.6144 -1.6000 4.8000
        vertex 18.6144 0.0000 4.8000
    endloop
endfacet
facet normal 50.4692 -4.0000 9.7684
    outer loop
        vertex 18.5218 -1.6000 4.6123
        vertex 18.6144 0.0000 4.8000
        vertex 18.6144 -1.6000 4.8000
    endloop
endfacet
facet normal 50.4692 -4.0000 9.7684
    outer loop
        vertex 18.6144 0.0000 4.8000
        vertex 18.5218 -1.6000 4.6123
        vertex 18.5218 0.0000 4.6123
    endloop
endfacet
facet normal 50.4956 -4.0000 9.8320
    outer loop
        vertex 18.4546 -1.6000 4.4141
        vertex 18.5218 0.0000 4.6123
        vertex 18.5218 -1.6000 4.6123
    endloop
endfacet
facet normal 50.4956 -4.0000 9.8320
    outer loop
        vertex 18.5218 0.0000 4.6123
        vertex 18.4546 -1.6000 4.4141
        vertex 18.4546 0.0000 4.4141
    endloop
endfacet
facet normal 50.5132 -4.0000 9.8980
    outer loop
        vertex 18.4138 -1.6000 4.2088
        vertex 18.4546 0.0000 4.4141
        vertex 18.4546 -1.6000 4.4141
    endloop
endfacet
facet normal 50.5132 -4.0000 9.8980
    outer loop
        vertex 18.4546 0.0000 4.4141
        vertex 18.4138 -1.6000 4.2088
        vertex 18.4138 0.0000 4.2088
    endloop
endfacet
facet normal 50.5220 -4.0000 9.9656
    outer loop
        vertex 18.4000 -1.6000 4.0000
        vertex 18.4138 0.0000 4.2088
        vertex 18.4138 -1.6000 4.2088
    endloop
endfacet
facet normal 50.5220 -4.0000 9.9656
    outer loop
        vertex 18.4138 0.0000 4.2088
        vertex 18.4000 -1.6000 4.0000
        vertex 18.4000 0.0000 4.0000
    endloop
endfacet
facet normal 50.5220 -4.0000 10.0344
    outer loop
        vertex 18.4138 -1.6000 3.7912
        vertex 18.4000 0.0000 4.0000
        vertex 18.4000 -1.6000 4.0000
    endloop
endfacet
facet normal 50.5220 -4.0000 10.0344
    outer loop
        vertex 18.4000 0.0000 4.0000
        vertex 18.4138 -1.6000 3.7912
        vertex 18.4138 0.0000 3.7912
    endloop
endfacet
facet normal 50.5132 -4.0000 10.1020
    outer loop
        vertex 18.4546 -1.6000 3.5859
        vertex 18.4138 0.0000 3.7912
        vertex 18.4138 -1.6000 3.7912
    endloop
endfacet
facet normal 50.5132 -4.0000 10.1020
    outer loop
        vertex 18.4138 0.0000 3.7912
        vertex 18.4546 -1.6000 3.5859
        vertex 18.4546 0.0000 3.5859
    endloop
endfacet
facet normal 50.4956 -4.0000 10.1680
    outer loop
        vertex 18.5218 -1.6000 3.3877
        vertex 18.4546 0.0000 3.5859
        vertex 18.4546 -1.6000 3.5859
    endloop
endfacet
facet normal 50.4956 -4.0000 10.1680
    outer loop
        vertex 18.4546 0.0000 3.5859
        vertex 18.5218 -1.6000 3.3877
        vertex 18.5218 0.0000 3.3877
    endloop
endfacet
facet normal 50.4692 -4.0000 10.2316
    outer loop
        vertex 18.6144 -1.6000 3.2000
        vertex 18.5218 0.0000 3.3877
        vertex 18.5218 -1.6000 3.3877
    endloop
endfacet
facet normal 50.4692 -4.0000 10.2316
    outer loop
        vertex 18.5218 0.0000 3.3877
        vertex 18.6144 -1.6000 3.2000
        vertex 18.6144 0.0000 3.2000
    endloop
endfacet
facet normal 50.4352 -4.0000 10.2904
    outer loop
        vertex 18.7306 -1.6000 3.0259
        vertex 18.6144 0.0000 3.2000
        vertex 18.6144 -1.6000 3.2000
    endloop
endfacet
facet normal 50.4352 -4.0000 10.2904
    outer loop
        vertex 18.6144 0.0000 3.2000
        vertex 18.7306 -1.6000 3.0259
        vertex 18.7306 0.0000 3.0259
    endloop
endfacet
facet normal 50.3932 -4.0000 10.3452
    outer loop
        vertex 18.8686 -1.6000 2.8686
        vertex 18.7306 0.0000 3.0259
        vertex 18.7306 -1.6000 3.0259
    endloop
endfacet
facet normal 50.3932 -4.0000 10.3452
    outer loop
        vertex 18.7306 0.0000 3.0259
        vertex 18.8686 -1.6000 2.8686
        vertex 18.8686 0.0000 2.8686
    endloop
endfacet
facet normal 50.3452 -4.0000 10.3932
    outer loop
        vertex 19.0259 -1.6000 2.7306
        vertex 18.8686 0.0000 2.8686
        vertex 18.8686 -1.6000 2.8686
    endloop
endfacet
facet normal 50.3452 -4.0000 10.3932
    outer loop
        vertex 18.8686 0.0000 2.8686
        vertex 19.0259 -1.6000 2.7306
        vertex 19.0259 0.0000 2.7306
    endloop
endfacet
facet normal 50.2904 -4.0000 10.4352
    outer loop
        vertex 19.2000 -1.6000 2.6144
        vertex 19.0259 0.0000 2.7306
        vertex 19.0259 -1.6000 2.7306
    endloop
endfacet
facet normal 50.2904 -4.0000 10.4352
    outer loop
        vertex 19.0259 0.0000 2.7306
        vertex 19.2000 -1.6000 2.6144
        vertex 19.2000 0.0000 2.6144
    endloop
endfacet
facet normal 50.2316 -4.0000 10.4692
    outer loop
        vertex 19.3877 -1.6000 2.5218
        vertex 19.2000 0.0000 2.6144
        vertex 19.2000 -1.6000 2.6144
    endloop
endfacet
facet normal 50.2316 -4.0000 10.4692
    outer loop
        vertex 19.2000 0.0000 2.6144
        vertex 19.3877 -1.6000 2.5218
        vertex 19.3877 0.0000 2.5218
    endloop
endfacet
facet normal 50.1680 -4.0000 10.4956
    outer loop
        vertex 19.5859 -1.6000 2.4546
        vertex 19.3877 0.0000 2.5218
        vertex 19.3877 -1.6000 2.5218
    endloop
endfacet
facet normal 50.1680 -4.0000 10.4956
    outer loop
        vertex 19.3877 0.0000 2.5218
        vertex 19.5859 -1.6000 2.4546
        vertex 19.5859 0.0000 2.4546
    endloop
endfacet
facet normal 50.1020 -4.0000 10.5132
    outer loop
        vertex 19.7912 -1.6000 2.4138
        vertex 19.5859 0.0000 2.4546
        vertex 19.5859 -1.6000 2.4546
    endloop
endfacet
facet normal 50.1020 -4.0000 10.5132
    outer loop
        vertex 19.5859 0.0000 2.4546
        vertex 19.7912 -1.6000 2.4138
        vertex 19.7912 0.0000 2.4138
    endloop
endfacet
facet normal 50.0344 -4.0000 10.5220
    outer loop
        vertex 20.0000 -1.6000 2.4000
        vertex 19.7912 0.0000 2.4138
        vertex 19.7912 -1.6000 2.4138
    endloop
endfacet
facet normal 50.0344 -4.0000 10.5220
    outer loop
        vertex 19.7912 0.0000 2.4138
        vertex 20.0000 -1.6000 2.4000
        vertex 20.0000 0.0000 2.4000
    endloop
endfacet
facet normal 49.9656 -4.0000 10.5220
    outer loop
        vertex 20.2088 -1.6000 2.4138
        vertex 20.0000 0.0000 2.4000
        vertex 20.0000 -1.6000 2.4000
    endloop
endfacet
facet normal 49.9656 -4.0000 10.5220
    outer loop
        vertex 20.0000 0.0000 2.4000
        vertex 20.2088 -1.6000 2.4138
        vertex 20.2088 0.0000 2.4138
    endloop
endfacet
facet normal 49.8980 -4.0000 10.5132
    outer loop
        vertex 20.4141 -1.6000 2.4546
        vertex 20.2088 0.0000 2.4138
        vertex 20.2088 -1.6000 2.4138
    endloop
endfacet
facet normal 49.8980 -4.0000 10.5132
    outer loop
        vertex 20.2088 0.0000 2.4138
        vertex 20.4141 -1.6000 2.4546
        vertex 20.4141 0.0000 2.4546
    endloop
endfacet
facet normal 49.8320 -4.0000 10.4956
    outer loop
        vertex 20.6123 -1.6000 2.5218
        vertex 20.4141 0.0000 2.4546
        vertex 20.4141 -1.6000 2.4546
    endloop
endfacet
facet normal 49.8320 -4.0000 10.4956
    outer loop
        vertex 20.4141 0.0000 2.4546
        vertex 20.6123 -1.6000 2.5218
        vertex 20.6123 0.0000 2.5218
    endloop
endfacet
facet normal 49.7684 -4.0000 10.4692
    outer loop
        vertex 20.8000 -1.6000 2.6144
        vertex 20.6123 0.0000 2.5218
        vertex 20.6123 -1.6000 2.5218
    endloop
endfacet
facet normal 49.7684 -4.0000 10.4692
    outer loop
        vertex 20.6123 0.0000 2.5218
        vertex 20.8000 -1.6000 2.6144
        vertex 20.8000 0.0000 2.6144
    endloop
endfacet
facet normal 49.7096 -4.0000 10.4352
    outer loop
        vertex 20.9741 -1.6000 2.7306
        vertex 20.8000 0.0000 2.6144
        vertex 20.8000 -1.6000 2.6144
    endloop
endfacet
facet normal 49.7096 -4.0000 10.4352
    outer loop
        vertex 20.8000 0.0000 2.6144
        vertex 20.9741 -1.6000 2.7306
        vertex 20.9741 0.0000 2.7306
    endloop
endfacet
facet normal 49.6548 -4.0000 10.3932
    outer loop
        vertex 21.1314 -1.6000 2.8686
        vertex 20.9741 0.0000 2.7306
        vertex 20.9741 -1.6000 2.7306
    endloop
endfacet
facet normal 49.6548 -4.0000 10.3932
    outer loop
        vertex 20.9741 0.0000 2.7306
        vertex 21.1314 -1.6000 2.8686
        vertex 21.1314 0.0000 2.8686
    endloop
endfacet
facet normal 49.6068 -4.0000 10.3452
    outer loop
        vertex 21.2694 -1.6000 3.0259
        vertex 21.1314 0.0000 2.8686
        vertex 21.1314 -1.6000 2.8686
    endloop
endfacet
facet normal 49.6068 -4.0000 10.3452
    outer loop
        vertex 21.1314 0.0000 2.8686
        vertex 21.2694 -1.6000 3.0259
        vertex 21.2694 0.0000 3.0259
    endloop
endfacet
facet normal 49.5648 -4.0000 10.2904
    outer loop
        vertex 21.3856 -1.6000 3.2000
        vertex 21.2694 0.0000 3.0259
        vertex 21.2694 -1.6000 3.0259
    endloop
endfacet
facet normal 49.5648 -4.0000 10.2904
    outer loop
        vertex 21.2694 0.0000 3.0259
        vertex 21.3856 -1.6000 3.2000
        vertex 21.3856 0.0000 3.2000
    endloop
endfacet
facet normal 49.5308 -4.0000 10.2316
    outer loop
        vertex 21.4782 -1.6000 3.3877
        vertex 21.3856 0.0000 3.2000
        vertex 21.3856 -1.6000 3.2000
    endloop
endfacet
facet normal 49.5308 -4.0000 10.2316
    outer loop
        vertex 21.3856 0.0000 3.2000
        vertex 21.4782 -1.6000 3.3877
        vertex 21.4782 0.0000 3.3877
    endloop
endfacet
facet normal 49.5044 -4.0000 10.1680
    outer loop
        vertex 21.5454 -1.6000 3.5859
        vertex 21.4782 0.0000 3.3877
        vertex 21.4782 -1.6000 3.3877
    endloop
endfacet
facet normal 49.5044 -4.0000 10.1680
    outer loop
        vertex 21.4782 0.0000 3.3877
        vertex 21.5454 -1.6000 3.5859
        vertex 21.5454 0.0000 3.5859
    endloop
endfacet
facet normal 49.4868 -4.0000 10.1020
    outer loop
        vertex 21.5862 -1.6000 3.7912
        vertex 21.5454 0.0000 3.5859
        vertex 21.5454 -1.6000 3.5859
    endloop
endfacet
facet normal 49.4868 -4.0000 10.1020
    outer loop
        vertex 21.5454 0.0000 3.5859
        vertex 21.5862 -1.6000 3.7912
        vertex 21.5862 0.0000 3.7912
    endloop
endfacet
facet normal 49.4780 -4.0000 10.0344
    outer loop
        vertex 21.6000 -1.6000 4.0000
        vertex 21.5862 0.0000 3.7912
        vertex 21.5862 -1.6000 3.7912
    endloop
endfacet
facet normal 49.4780 -4.0000 10.0344
    outer loop
        vertex 21.5862 0.0000 3.7912
        vertex 21.6000 -1.6000 4.0000
        vertex 21.6000 0.0000 4.0000
    endloop
endfacet
facet normal 50.7830 -4.0000 10.0516
    outer loop
        vertex 22.3794 -1.6000 4.3132
        vertex 22.4000 -1.6000 4.0000
        vertex 22.4000 0.0000 4.0000
    endloop
endfacet
facet normal 50.7830 -4.0000 10.0516
    outer loop
        vertex 22.4000 0.0000 4.0000
        vertex 22.3794 0.0000 4.3132
        vertex 22.3794 -1.6000 4.3132
    endloop
endfacet
facet normal 50.7698 -4.0000 10.1530
    outer loop
        vertex 22.3182 -1.6000 4.6211
        vertex 22.3794 -1.6000 4.3132
        vertex 22.3794 0.0000 4.3132
    endloop
endfacet
facet normal 50.7698 -4.0000 10.1530
    outer loop
        vertex 22.3794 0.0000 4.3132
        vertex 22.3182 0.0000 4.6211
        vertex 22.3182 -1.6000 4.6211
    endloop
endfacet
facet normal 50.7434 -4.0000 10.2520
    outer loop
        vertex 22.2174 -1.6000 4.9185
        vertex 22.3182 -1.6000 4.6211
        vertex 22.3182 0.0000 4.6211
    endloop
endfacet
facet normal 50.7434 -4.0000 10.2520
    outer loop
        vertex 22.3182 0.0000 4.6211
        vertex 22.2174 0.0000 4.9185
        vertex 22.2174 -1.6000 4.9185
    endloop
endfacet
facet normal 50.7038 -4.0000 10.3474
    outer loop
        vertex 22.0784 -1.6000 5.2000
        vertex 22.2174 -1.6000 4.9185
        vertex 22.2174 0.0000 4.9185
    endloop
endfacet
facet normal 50.7038 -4.0000 10.3474
    outer loop
        vertex 22.2174 0.0000 4.9185
        vertex 22.0784 0.0000 5.2000
        vertex 22.0784 -1.6000 5.2000
    endloop
endfacet
facet normal 50.6528 -4.0000 10.4356
    outer loop
        vertex 21.9042 -1.6000 5.4611
        vertex 22.0784 -1.6000 5.2000
        vertex 22.0784 0.0000 5.2000
    endloop
endfacet
facet normal 50.6528 -4.0000 10.4356
    outer loop
        vertex 22.0784 0.0000 5.2000
        vertex 21.9042 0.0000 5.4611
        vertex 21.9042 -1.6000 5.4611
    endloop
endfacet
facet normal 50.5898 -4.0000 10.5178
    outer loop
        vertex 21.6970 -1.6000 5.6970
        vertex 21.9042 -1.6000 5.4611
        vertex 21.9042 0.0000 5.4611
    endloop
endfacet
facet normal 50.5898 -4.0000 10.5178
    outer loop
        vertex 21.9042 0.0000 5.4611
        vertex 21.6970 0.0000 5.6970
        vertex 21.6970 -1.6000 5.6970
    endloop
endfacet
facet normal 50.5178 -4.0000 10.5898
    outer loop
        vertex 21.4611 -1.6000 5.9042
        vertex 21.6970 -1.6000 5.6970
        vertex 21.6970 0.0000 5.6970
    endloop
endfacet
facet normal 50.5178 -4.0000 10.5898
    outer loop
        vertex 21.6970 0.0000 5.6970
        vertex 21.4611 0.0000 5.9042
        vertex 21.4611 -1.6000 5.9042
    endloop
endfacet
facet normal 50.4356 -4.0000 10.6528
    outer loop
        vertex 21.2000 -1.6000 6.0784
        vertex 21.4611 -1.6000 5.9042
        vertex 21.4611 0.0000 5.9042
    endloop
endfacet
facet normal 50.4356 -4.0000 10.6528
    outer loop
        vertex 21.4611 0.0000 5.9042
        vertex 21.2000 0.0000 6.0784
        vertex 21.2000 -1.6000 6.0784
    endloop
endfacet
facet normal 50.3474 -4.0000 10.7038
    outer loop
        vertex 20.9185 -1.6000 6.2174
        vertex 21.2000 -1.6000 6.0784
        vertex 21.2000 0.0000 6.0784
    endloop
endfacet
facet normal 50.3474 -4.0000 10.7038
    outer loop
        vertex 21.2000 0.0000 6.0784
        vertex 20.9185 0.0000 6.2174
        vertex 20.9185 -1.6000 6.2174
    endloop
endfacet
facet normal 50.2520 -4.0000 10.7434
    outer loop
        vertex 20.6211 -1.6000 6.3182
        vertex 20.9185 -1.6000 6.2174
        vertex 20.9185 0.0000 6.2174
    endloop
endfacet
facet normal 50.2520 -4.0000 10.7434
    outer loop
        vertex 20.9185 0.0000 6.2174
        vertex 20.6211 0.0000 6.3182
        vertex 20.6211 -1.6000 6.3182
    endloop
endfacet
facet normal 50.1530 -4.0000 10.7698
    outer loop
        vertex 20.3132 -1.6000 6.3794
        vertex 20.6211 -1.6000 6.3182
        vertex 20.6211 0.0000 6.3182
    endloop
endfacet
facet normal 50.1530 -4.0000 10.7698
    outer loop
        vertex 20.6211 0.0000 6.3182
        vertex 20.3132 0.0000 6.3794
        vertex 20.3132 -1.6000 6.3794
    endloop
endfacet
facet normal 50.0516 -4.0000 10.7830
    outer loop
        vertex 20.0000 -1.6000 6.4000
        vertex 20.3132 -1.6000 6.3794
        vertex 20.3132 0.0000 6.3794
    endloop
endfacet
facet normal 50.0516 -4.0000 10.7830
    outer loop
        vertex 20.3132 0.0000 6.3794
        vertex 20.0000 0.0000 6.4000
        vertex 20.0000 -1.6000 6.4000
    endloop
endfacet
facet normal 49.9484 -4.0000 10.7830
    outer loop
        vertex 19.6868 -1.6000 6.3794
        vertex 20.0000 -1.6000 6.4000
        vertex 20.0000 0.0000 6.4000
    endloop
endfacet
facet normal 49.9484 -4.0000 10.7830
    outer loop
        vertex 20.0000 0.0000 6.4000
        vertex 19.6868 0.0000 6.3794
        vertex 19.6868 -1.6000 6.3794
    endloop
endfacet
facet normal 49.8470 -4.0000 10.7698
    outer loop
        vertex 19.3789 -1.6000 6.3182
        vertex 19.6868 -1.6000 6.3794
        vertex 19.6868 0.0000 6.3794
    endloop
endfacet
facet normal 49.8470 -4.0000 10.7698
    outer loop
        vertex 19.6868 0.0000 6.3794
        vertex 19.3789 0.0000 6.3182
        vertex 19.3789 -1.6000 6.3182
    endloop
endfacet
facet normal 49.7480 -4.0000 10.7434
    outer loop
        vertex 19.0815 -1.6000 6.2174
        vertex 19.3789 -1.6000 6.3182
        vertex 19.3789 0.0000 6.3182
    endloop
endfacet
facet normal 49.7480 -4.0000 10.7434
    outer loop
        vertex 19.3789 0.0000 6.3182
        vertex 19.0815 0.0000 6.2174
        vertex 19.0815 -1.6000 6.2174
    endloop
endfacet
facet normal 49.6526 -4.0000 10.7038
    outer loop
        vertex 18.8000 -1.6000 6.0784
        vertex 19.0815 -1.6000 6.2174
        vertex 19.0815 0.0000 6.2174
    endloop
endfacet
facet normal 49.6526 -4.0000 10.7038
    outer loop
        vertex 19.0815 0.0000 6.2174
        vertex 18.8000 0.0000 6.0784
        vertex 18.8000 -1.6000 6.0784
    endloop
endfacet
facet normal 49.5644 -4.0000 10.6528
    outer loop
        vertex 18.5389 -1.6000 5.9042
        vertex 18.8000 -1.6000 6.0784
        vertex 18.8000 0.0000 6.0784
    endloop
endfacet
facet normal 49.5644 -4.0000 10.6528
    outer loop
        vertex 18.8000 0.0000 6.0784
        vertex 18.5389 0.0000 5.9042
        vertex 18.5389 -1.6000 5.9042
    endloop
endfacet
facet normal 49.4822 -4.0000 10.5898
    outer loop
        vertex 18.3030 -1.6000 5.6970
        vertex 18.5389 -1.6000 5.9042
        vertex 18.5389 0.0000 5.9042
    endloop
endfacet
facet normal 49.4822 -4.0000 10.5898
    outer loop
        vertex 18.5389 0.0000 5.9042
        vertex 18.3030 0.0000 5.6970
        vertex 18.3030 -1.6000 5.6970
    endloop
endfacet
facet normal 49.4102 -4.0000 10.5178
    outer loop
        vertex 18.0958 -1.6000 5.4611
        vertex 18.3030 -1.6000 5.6970
        vertex 18.3030 0.0000 5.6970
    endloop
endfacet
facet normal 49.4102 -4.0000 10.5178
    outer loop
        vertex 18.3030 0.0000 5.6970
        vertex 18.0958 0.0000 5.4611
        vertex 18.0958 -1.6000 5.4611
    endloop
endfacet
facet normal 49.3472 -4.0000 10.4356
    outer loop
        vertex 17.9216 -1.6000 5.2000
        vertex 18.0958 -1.6000 5.4611
        vertex 18.0958 0.0000 5.4611
    endloop
endfacet
facet normal 49.3472 -4.0000 10.4356
    outer loop
        vertex 18.0958 0.0000 5.4611
        vertex 17.9216 0.0000 5.2000
        vertex 17.9216 -1.6000 5.2000
    endloop
endfacet
facet normal 49.2962 -4.0000 10.3474
    outer loop
        vertex 17.7826 -1.6000 4.9185
        vertex 17.9216 -1.6000 5.2000
        vertex 17.9216 0.0000 5.2000
    endloop
endfacet
facet normal 49.2962 -4.0000 10.3474
    outer loop
        vertex 17.9216 0.0000 5.2000
        vertex 17.7826 0.0000 4.9185
        vertex 17.7826 -1.6000 4.9185
    endloop
endfacet
facet normal 49.2566 -4.0000 10.2520
    outer loop
        vertex 17.6818 -1.6000 4.6211
        vertex 17.7826 -1.6000 4.9185
        vertex 17.7826 0.0000 4.9185
    endloop
endfacet
facet normal 49.2566 -4.0000 10.2520
    outer loop
        vertex 17.7826 0.0000 4.9185
        vertex 17.6818 0.0000 4.6211
        vertex 17.6818 -1.6000 4.6211
    endloop
endfacet
facet normal 49.2302 -4.0000 10.1530
    outer loop
        vertex 17.6206 -1.6000 4.3132
        vertex 17.6818 -1.6000 4.6211
        vertex 17.6818 0.0000 4.6211
    endloop
endfacet
facet normal 49.2302 -4.0000 10.1530
    outer loop
        vertex 17.6818 0.0000 4.6211
        vertex 17.6206 0.0000 4.3132
        vertex 17.6206 -1.6000 4.3132
    endloop
endfacet
facet normal 49.2170 -4.0000 10.0516
    outer loop
        vertex 17.6000 -1.6000 4.0000
        vertex 17.6206 -1.6000 4.3132
        vertex 17.6206 0.0000 4.3132
    endloop
endfacet
facet normal 49.2170 -4.0000 10.0516
    outer loop
        vertex 17.6206 0.0000 4.3132
        vertex 17.6000 0.0000 4.0000
        vertex 17.6000 -1.6000 4.0000
    endloop
endfacet
facet normal 49.2170 -4.0000 9.9484
    outer loop
        vertex 17.6206 -1.6000 3.6868
        vertex 17.6000 -1.6000 4.0000
        vertex 17.6000 0.0000 4.0000
    endloop
endfacet
facet normal 49.2170 -4.0000 9.9484
    outer loop
        vertex 17.6000 0.0000 4.0000
        vertex 17.6206 0.0000 3.6868
        vertex 17.6206 -1.6000 3.6868
    endloop
endfacet
facet normal 49.2302 -4.0000 9.8470
    outer loop
        vertex 17.6818 -1.6000 3.3789
        vertex 17.6206 -1.6000 3.6868
        vertex 17.6206 0.0000 3.6868
    endloop
endfacet
facet normal 49.2302 -4.0000 9.8470
    outer loop
        vertex 17.6206 0.0000 3.6868
        vertex 17.6818 0.0000 3.3789
        vertex 17.6818 -1.6000 3.3789
    endloop
endfacet
facet normal 49.2566 -4.0000 9.7480
    outer loop
        vertex 17.7826 -1.6000 3.0815
        vertex 17.6818 -1.6000 3.3789
        vertex 17.6818 0.0000 3.3789
    endloop
endfacet
facet normal 49.2566 -4.0000 9.7480
    outer loop
        vertex 17.6818 0.0000 3.3789
        vertex 17.7826 0.0000 3.0815
        vertex 17.7826 -1.6000 3.0815
    endloop
endfacet
facet normal 49.2962 -4.0000 9.6526
    outer loop
        vertex 17.9216 -1.6000 2.8000
        vertex 17.7826 -1.6000 3.0815
        vertex 17.7826 0.0000 3.0815
    endloop
endfacet
facet normal 49.2962 -4.0000 9.6526
    outer loop
        vertex 17.7826 0.0000 3.0815
        vertex 17.9216 0.0000 2.8000
        vertex 17.9216 -1.6000 2.8000
    endloop
endfacet
facet normal 49.3472 -4.0000 9.5644
    outer loop
        vertex 18.0958 -1.6000 2.5389
        vertex 17.9216 -1.6000 2.8000
        vertex 17.9216 0.0000 2.8000
    endloop
endfacet
facet normal 49.3472 -4.0000 9.5644
    outer loop
        vertex 17.9216 0.0000 2.8000
        vertex 18.0958 0.0000 2.5389
        vertex 18.0958 -1.6000 2.5389
    endloop
endfacet
facet normal 49.4102 -4.0000 9.4822
    outer loop
        vertex 18.3030 -1.6000 2.3030
        vertex 18.0958 -1.6000 2.5389
        vertex 18.0958 0.0000 2.5389
    endloop
endfacet
facet normal 49.4102 -4.0000 9.4822
    outer loop
        vertex 18.0958 0.0000 2.5389
        vertex 18.3030 0.0000 2.3030
        vertex 18.3030 -1.6000 2.3030
    endloop
endfacet
facet normal 49.4822 -4.0000 9.4102
    outer loop
        vertex 18.5389 -1.6000 2.0958
        vertex 18.3030 -1.6000 2.3030
        vertex 18.3030 0.0000 2.3030
    endloop
endfacet
facet normal 49.4822 -4.0000 9.4102
    outer loop
        vertex 18.3030 0.0000 2.3030
        vertex 18.5389 0.0000 2.0958
        vertex 18.5389 -1.6000 2.0958
    endloop
endfacet
facet normal 49.5644 -4.0000 9.3472
    outer loop
        vertex 18.8000 -1.6000 1.9216
        vertex 18.5389 -1.6000 2.0958
        vertex 18.5389 0.0000 2.0958
    endloop
endfacet
facet normal 49.5644 -4.0000 9.3472
    outer loop
        vertex 18.5389 0.0000 2.0958
        vertex 18.8000 0.0000 1.9216
        vertex 18.8000 -1.6000 1.9216
    endloop
endfacet
facet normal 49.6526 -4.0000 9.2962
    outer loop
        vertex 19.0815 -1.6000 1.7826
        vertex 18.8000 -1.6000 1.9216
        vertex 18.8000 0.0000 1.9216
    endloop
endfacet
facet normal 49.6526 -4.0000 9.2962
    outer loop
        vertex 18.8000 0.0000 1.9216
        vertex 19.0815 0.0000 1.7826
        vertex 19.0815 -1.6000 1.7826
    endloop
endfacet
facet normal 49.7480 -4.0000 9.2566
    outer loop
        vertex 19.3789 -1.6000 1.6818
        vertex 19.0815 -1.6000 1.7826
        vertex 19.0815 0.0000 1.7826
    endloop
endfacet
facet normal 49.7480 -4.0000 9.2566
    outer loop
        vertex 19.0815 0.0000 1.7826
        vertex 19.3789 0.0000 1.6818
        vertex 19.3789 -1.6000 1.6818
    endloop
endfacet
facet normal 49.8470 -4.0000 9.2302
    outer loop
        vertex 19.6868 -1.6000 1.6206
        vertex 19.3789 -1.6000 1.6818
        vertex 19.3789 0.0000 1.6818
    endloop
endfacet
facet normal 49.8470 -4.0000 9.2302
    outer loop
        vertex 19.3789 0.0000 1.6818
        vertex 19.6868 0.0000 1.6206
        vertex 19.6868 -1.6000 1.6206
    endloop
endfacet
facet normal 49.9484 -4.0000 9.2170
    outer loop
        vertex 20.0000 -1.6000 1.6000
        vertex 19.6868 -1.6000 1.6206
        vertex 19.6868 0.0000 1.6206
    endloop
endfacet
facet normal 49.9484 -4.0000 9.2170
    outer loop
        vertex 19.6868 0.0000 1.6206
        vertex 20.0000 0.0000 1.6000
        vertex 20.0000 -1.6000 1.6000
    endloop
endfacet
facet normal 50.0516 -4.0000 9.2170
    outer loop
        vertex 20.3132 -1.6000 1.6206
        vertex 20.0000 -1.6000 1.6000
        vertex 20.0000 0.0000 1.6000
    endloop
endfacet
facet normal 50.0516 -4.0000 9.2170
    outer loop
        vertex 20.0000 0.0000 1.6000
        vertex 20.3132 0.0000 1.6206
        vertex 20.3132 -1.6000 1.6206
    endloop
endfacet
facet normal 50.1530 -4.0000 9.2302
    outer loop
        vertex 20.6211 -1.6000 1.6818
        vertex 20.3132 -1.6000 1.6206
        vertex 20.3132 0.0000 1.6206
    endloop
endfacet
facet normal 50.1530 -4.0000 9.2302
    outer loop
        vertex 20.3132 0.0000 1.6206
        vertex 20.6211 0.0000 1.6818
        vertex 20.6211 -1.6000 1.6818
    endloop
endfacet
facet normal 50.2520 -4.0000 9.2566
    outer loop
        vertex 20.9185 -1.6000 1.7826
        vertex 20.6211 -1.6000 1.6818
        vertex 20.6211 0.0000 1.6818
    endloop
endfacet
facet normal 50.2520 -4.0000 9.2566
    outer loop
        vertex 20.6211 0.0000 1.6818
        vertex 20.9185 0.0000 1.7826
        vertex 20.9185 -1.6000 1.7826
    endloop
endfacet
facet normal 50.3474 -4.0000 9.2962
    outer loop
        vertex 21.2000 -1.6000 1.9216
        vertex 20.9185 -1.6000 1.7826
        vertex 20.9185 0.0000 1.7826
    endloop
endfacet
facet normal 50.3474 -4.0000 9.2962
    outer loop
        vertex 20.9185 0.0000 1.7826
        vertex 21.2000 0.0000 1.9216
        vertex 21.2000 -1.6000 1.9216
    endloop
endfacet
facet normal 50.4356 -4.0000 9.3472
    outer loop
        vertex 21.4611 -1.6000 2.0958
        vertex 21.2000 -1.6000 1.9216
        vertex 21.2000 0.0000 1.9216
    endloop
endfacet
facet normal 50.4356 -4.0000 9.3472
    outer loop
        vertex 21.2000 0.0000 1.9216
        vertex 21.4611 0.0000 2.0958
        vertex 21.4611 -1.6000 2.0958
    endloop
endfacet
facet normal 50.5178 -4.0000 9.4102
    outer loop
        vertex 21.6970 -1.6000 2.3030
        vertex 21.4611 -1.6000 2.0958
        vertex 21.4611 0.0000 2.0958
    endloop
endfacet
facet normal 50.5178 -4.0000 9.4102
    outer loop
        vertex 21.4611 0.0000 2.0958
        vertex 21.6970 0.0000 2.3030
        vertex 21.6970 -1.6000 2.3030
    endloop
endfacet
facet normal 50.5898 -4.0000 9.4822
    outer loop
        vertex 21.9042 -1.6000 2.5389
        vertex 21.6970 -1.6000 2.3030
        vertex 21.6970 0.0000 2.3030
    endloop
endfacet
facet normal 50.5898 -4.0000 9.4822
    outer loop
        vertex 21.6970 0.0000 2.3030
        vertex 21.9042 0.0000 2.5389
        vertex 21.9042 -1.6000 2.5389
    endloop
endfacet
facet normal 50.6528 -4.0000 9.5644
    outer loop
        vertex 22.0784 -1.6000 2.8000
        vertex 21.9042 -1.6000 2.5389
        vertex 21.9042 0.0000 2.5389
    endloop
endfacet
facet normal 50.6528 -4.0000 9.5644
    outer loop
        vertex 21.9042 0.0000 2.5389
        vertex 22.0784 0.0000 2.8000
        vertex 22.0784 -1.6000 2.8000
    endloop
endfacet
facet normal 50.7038 -4.0000 9.6526
    outer loop
        vertex 22.2174 -1.6000 3.0815
        vertex 22.0784 -1.6000 2.8000
        vertex 22.0784 0.0000 2.8000
    endloop
endfacet
facet normal 50.7038 -4.0000 9.6526
    outer loop
        vertex 22.0784 0.0000 2.8000
        vertex 22.2174 0.0000 3.0815
        vertex 22.2174 -1.6000 3.0815
    endloop
endfacet
facet normal 50.7434 -4.0000 9.7480
    outer loop
        vertex 22.3182 -1.6000 3.3789
        vertex 22.2174 -1.6000 3.0815
        vertex 22.2174 0.0000 3.0815
    endloop
endfacet
facet normal 50.7434 -4.0000 9.7480
    outer loop
        vertex 22.2174 0.0000 3.0815
        vertex 22.3182 0.0000 3.3789
        vertex 22.3182 -1.6000 3.3789
    endloop
endfacet
facet normal 50.7698 -4.0000 9.8470
    outer loop
        vertex 22.3794 -1.6000 3.6868
        vertex 22.3182 -1.6000 3.3789
        vertex 22.3182 0.0000 3.3789
    endloop
endfacet
facet normal 50.7698 -4.0000 9.8470
    outer loop
        vertex 22.3182 0.0000 3.3789
        vertex 22.3794 0.0000 3.6868
        vertex 22.3794 -1.6000 3.6868
    endloop
endfacet
facet normal 50.7830 -4.0000 9.9484
    outer loop
        vertex 22.4000 -1.6000 4.0000
        vertex 22.3794 -1.6000 3.6868
        vertex 22.3794 0.0000 3.6868
    endloop
endfacet
facet normal 50.7830 -4.0000 9.9484
    outer loop
        vertex 22.3794 0.0000 3.6868
        vertex 22.4000 0.0000 4.0000
        vertex 22.4000 -1.6000 4.0000
    endloop
endfacet
facet normal 50.0000 -4.3915 10.0000
    outer loop
        vertex 22.4000 -1.6000 4.0000
        vertex 22.3794 -1.6000 4.3132
        vertex 21.5862 -1.6000 4.2088
    endloop
endfacet
facet normal 50.0000 -4.2610 10.0000
    outer loop
        vertex 21.5862 -1.6000 4.2088
        vertex 21.6000 -1.6000 4.0000
        vertex 22.4000 -1.6000 4.0000
    endloop
endfacet
facet normal 50.0000 -4.3916 10.0000
    outer loop
        vertex 22.3794 -1.6000 4.3132
        vertex 22.3182 -1.6000 4.6211
        vertex 21.5454 -1.6000 4.4141
    endloop
endfacet
facet normal 50.0000 -4.2610 10.0000
    outer loop
        vertex 21.5454 -1.6000 4.4141
        vertex 21.5862 -1.6000 4.2088
        vertex 22.3794 -1.6000 4.3132
    endloop
endfacet
facet normal 50.0000 -4.3916 10.0000
    outer loop
        vertex 22.3182 -1.6000 4.6211
        vertex 22.2174 -1.6000 4.9185
        vertex 21.4782 -1.6000 4.6123
    endloop
endfacet
facet normal 50.0000 -4.2611 10.0000
    outer loop
        vertex 21.4782 -1.6000 4.6123
        vertex 21.5454 -1.6000 4.4141
        vertex 22.3182 -1.6000 4.6211
    endloop
endfacet
facet normal 50.0000 -4.3916 10.0000
    outer loop
        vertex 22.2174 -1.6000 4.9185
        vertex 22.0784 -1.6000 5.2000
        vertex 21.3856 -1.6000 4.8000
    endloop
endfacet
facet normal 50.0000 -4.2611 10.0000
    outer loop
        vertex 21.3856 -1.6000 4.8000
        vertex 21.4782 -1.6000 4.6123
        vertex 22.2174 -1.6000 4.9185
    endloop
endfacet
facet normal 50.0000 -4.3916 10.0000
    outer loop
        vertex 22.0784 -1.6000 5.2000
        vertex 21.9042 -1.6000 5.4611
        vertex 21.2694 -1.6000 4.9741
    endloop
endfacet
facet normal 50.0000 -4.2610 10.0000
    outer loop
        vertex 21.2694 -1.6000 4.9741
        vertex 21.3856 -1.6000 4.8000
        vertex 22.0784 -1.6000 5.2000
    endloop
endfacet
facet normal 50.0000 -4.3916 10.0000
    outer loop
        vertex 21.9042 -1.6000 5.4611
        vertex 21.6970 -1.6000 5.6970
        vertex 21.1314 -1.6000 5.1314
    endloop
endfacet
facet normal 50.0000 -4.2611 10.0000
    outer loop
        vertex 21.1314 -1.6000 5.1314
        vertex 21.2694 -1.6000 4.9741
        vertex 21.9042 -1.6000 5.4611
    endloop
endfacet
facet normal 50.0000 -4.3916 10.0000
    outer loop
        vertex 21.6970 -1.6000 5.6970
        vertex 21.4611 -1.6000 5.9042
        vertex 20.9741 -1.6000 5.2694
    endloop
endfacet
facet normal 50.0000 -4.2611 10.0000
    outer loop
        vertex 20.9741 -1.6000 5.2694
        vertex 21.1314 -1.6000 5.1314
        vertex 21.6970 -1.6000 5.6970
    endloop
endfacet
facet normal 50.0000 -4.3916 10.0000
    outer loop
        vertex 21.4611 -1.6000 5.9042
        vertex 21.2000 -1.6000 6.0784
        vertex 20.8000 -1.6000 5.3856
    endloop
endfacet
facet normal 50.0000 -4.2610 10.0000
    outer loop
        vertex 20.8000 -1.6000 5.3856
        vertex 20.9741 -1.6000 5.2694
        vertex 21.4611 -1.6000 5.9042
    endloop
endfacet
facet normal 50.0000 -4.3916 10.0000
    outer loop
        vertex 21.2000 -1.6000 6.0784
        vertex 20.9185 -1.6000 6.2174
        vertex 20.6123 -1.6000 5.4782
    endloop
endfacet
facet normal 50.0000 -4.2611 10.0000
    outer loop
        vertex 20.6123 -1.6000 5.4782
        vertex 20.8000 -1.6000 5.3856
        vertex 21.2000 -1.6000 6.0784
    endloop
endfacet
facet normal 50.0000 -4.3916 10.0000
    outer loop
        vertex 20.9185 -1.6000 6.2174
        vertex 20.6211 -1.6000 6.3182
        vertex 20.4141 -1.6000 5.5454
    endloop
endfacet
facet normal 50.0000 -4.2611 10.0000
    outer loop
        vertex 20.4141 -1.6000 5.5454
        vertex 20.6123 -1.6000 5.4782
        vertex 20.9185 -1.6000 6.2174
    endloop
endfacet
facet normal 50.0000 -4.3916 10.0000
    outer loop
        vertex 20.6211 -1.6000 6.3182
        vertex 20.3132 -1.6000 6.3794
        vertex 20.2088 -1.6000 5.5862
    endloop
endfacet
facet normal 50.0000 -4.2610 10.0000
    outer loop
        vertex 20.2088 -1.6000 5.5862
        vertex 20.4141 -1.6000 5.5454
        vertex 20.6211 -1.6000 6.3182
    endloop
endfacet
facet normal 50.0000 -4.3915 10.0000
    outer loop
        vertex 20.3132 -1.6000 6.3794
        vertex 20.0000 -1.6000 6.4000
        vertex 20.0000 -1.6000 5.6000
    endloop
endfacet
facet normal 50.0000 -4.2610 10.0000
    outer loop
        vertex 20.0000 -1.6000 5.6000
        vertex 20.2088 -1.6000 5.5862
        vertex 20.3132 -1.6000 6.3794
    endloop
endfacet
facet normal 50.0000 -4.3915 10.0000
    outer loop
        vertex 20.0000 -1.6000 6.4000
        vertex 19.6868 -1.6000 6.3794
        vertex 19.7912 -1.6000 5.5862
    endloop
endfacet
facet normal 50.0000 -4.2610 10.0000
    outer loop
        vertex 19.7912 -1.6000 5.5862
        vertex 20.0000 -1.6000 5.6000
        vertex 20.0000 -1.6000 6.4000
    endloop
endfacet
facet normal 50.0000 -4.3916 10.0000
    outer loop
        vertex 19.6868 -1.6000 6.3794
        vertex 19.3789 -1.6000 6.3182
        vertex 19.5859 -1.6000 5.5454
    endloop
endfacet
facet normal 50.0000 -4.2610 10.0000
    outer loop
        vertex 19.5859 -1.6000 5.5454
        vertex 19.7912 -1.6000 5.5862
        vertex 19.6868 -1.6000 6.3794
    endloop
endfacet
facet normal 50.0000 -4.3916 10.0000
    outer loop
        vertex 19.3789 -1.6000 6.3182
        vertex 19.0815 -1.6000 6.2174
        vertex 19.3877 -1.6000 5.4782
    endloop
endfacet
facet normal 50.0000 -4.2611 10.0000
    outer loop
        vertex 19.3877 -1.6000 5.4782
        vertex 19.5859 -1.6000 5.5454
        vertex 19.3789 -1.6000 6.3182
    endloop
endfacet
facet normal 50.0000 -4.3916 10.0000
    outer loop
        vertex 19.0815 -1.6000 6.2174
        vertex 18.8000 -1.6000 6.0784
        vertex 19.2000 -1.6000 5.3856
    endloop
endfacet
facet normal 50.0000 -4.2611 10.0000
    outer loop
        vertex 19.2000 -1.6000 5.3856
        vertex 19.3877 -1.6000 5.4782
        vertex 19.0815 -1.6000 6.2174
    endloop
endfacet
facet normal 50.0000 -4.3916 10.0000
    outer loop
        vertex 18.8000 -1.6000 6.0784
        vertex 18.5389 -1.6000 5.9042
        vertex 19.0259 -1.6000 5.2694
    endloop
endfacet
facet normal 50.0000 -4.2610 10.0000
    outer loop
        vertex 19.0259 -1.6000 5.2694
        vertex 19.2000 -1.6000 5.3856
        vertex 18.8000 -1.6000 6.0784
    endloop
endfacet
facet normal 50.0000 -4.3916 10.0000
    outer loop
        vertex 18.5389 -1.6000 5.9042
        vertex 18.3030 -1.6000 5.6970
        vertex 18.8686 -1.6000 5.1314
    endloop
endfacet
facet normal 50.0000 -4.2611 10.0000
    outer loop
        vertex 18.8686 -1.6000 5.1314
        vertex 19.0259 -1.6000 5.2694
        vertex 18.5389 -1.6000 5.9042
    endloop
endfacet
facet normal 50.0000 -4.3916 10.0000
    outer loop
        vertex 18.3030 -1.6000 5.6970
        vertex 18.0958 -1.6000 5.4611
        vertex 18.7306 -1.6000 4.9741
    endloop
endfacet
facet normal 50.0000 -4.2611 10.0000
    outer loop
        vertex 18.7306 -1.6000 4.9741
        vertex 18.8686 -1.6000 5.1314
        vertex 18.3030 -1.6000 5.6970
    endloop
endfacet
facet normal 50.0000 -4.3916 10.0000
    outer loop
        vertex 18.0958 -1.6000 5.4611
        vertex 17.9216 -1.6000 5.2000
        vertex 18.6144 -1.6000 4.8000
    endloop
endfacet
facet normal 50.0000 -4.2610 10.0000
    outer loop
        vertex 18.6144 -1.6000 4.8000
        vertex 18.7306 -1.6000 4.9741
        vertex 18.0958 -1.6000 5.4611
    endloop
endfacet
facet normal 50.0000 -4.3916 10.0000
    outer loop
        vertex 17.9216 -1.6000 5.2000
        vertex 17.7826 -1.6000 4.9185
        vertex 18.5218 -1.6000 4.6123
    endloop
endfacet
facet normal 50.0000 -4.2611 10.0000
    outer loop
        vertex 18.5218 -1.6000 4.6123
        vertex 18.6144 -1.6000 4.8000
        vertex 17.9216 -1.6000 5.2000
    endloop
endfacet
facet normal 50.0000 -4.3916 10.0000
    outer loop
        vertex 17.7826 -1.6000 4.9185
        vertex 17.6818 -1.6000 4.6211
        vertex 18.4546 -1.6000 4.4141
    endloop
endfacet
facet normal 50.0000 -4.2611 10.0000
    outer loop
        vertex 18.4546 -1.6000 4.4141
        vertex 18.5218 -1.6000 4.6123
        vertex 17.7826 -1.6000 4.9185
    endloop
endfacet
facet normal 50.0000 -4.3916 10.0000
    outer loop
        vertex 17.6818 -1.6000 4.6211
        vertex 17.6206 -1.6000 4.3132
        vertex 18.4138 -1.6000 4.2088
    endloop
endfacet
facet normal 50.0000 -4.2610 10.0000
    outer loop
        vertex 18.4138 -1.6000 4.2088
        vertex 18.4546 -1.6000 4.4141
        vertex 17.6818 -1.6000 4.6211
    endloop
endfacet
facet normal 50.0000 -4.3915 10.0000
    outer loop
        vertex 17.6206 -1.6000 4.3132
        vertex 17.6000 -1.6000 4.0000
        vertex 18.4000 -1.6000 4.0000
    endloop
endfacet
facet normal 50.0000 -4.2610 10.0000
    outer loop
        vertex 18.4000 -1.6000 4.0000
        vertex 18.4138 -1.6000 4.2088
        vertex 17.6206 -1.6000 4.3132
    endloop
endfacet
facet normal 50.0000 -4.3915 10.0000
    outer loop
        vertex 17.6000 -1.6000 4.0000
        vertex 17.6206 -1.6000 3.6868
        vertex 18.4138 -1.6000 3.7912
    endloop
endfacet
facet normal 50.0000 -4.2610 10.0000
    outer loop
        vertex 18.4138 -1.6000 3.7912
        vertex 18.4000 -1.6000 4.0000
        vertex 17.6000 -1.6000 4.0000
    endloop
endfacet
facet normal 50.0000 -4.3916 10.0000
    outer loop
        vertex 17.6206 -1.6000 3.6868
        vertex 17.6818 -1.6000 3.3789
        vertex 18.4546 -1.6000 3.5859
    endloop
endfacet
facet normal 50.0000 -4.2610 10.0000
    outer loop
        vertex 18.4546 -1.6000 3.5859
        vertex 18.4138 -1.6000 3.7912
        vertex 17.6206 -1.6000 3.6868
    endloop
endfacet
facet normal 50.0000 -4.3916 10.0000
    outer loop
        vertex 17.6818 -1.6000 3.3789
        vertex 17.7826 -1.6000 3.0815
        vertex 18.5218 -1.6000 3.3877
    endloop
endfacet
facet normal 50.0000 -4.2611 10.0000
    outer loop
        vertex 18.5218 -1.6000 3.3877
        vertex 18.4546 -1.6000 3.5859
        vertex 17.6818 -1.6000 3.3789
    endloop
endfacet
facet normal 50.0000 -4.3916 10.0000
    outer loop
        vertex 17.7826 -1.6000 3.0815
        vertex 17.9216 -1.6000 2.8000
        vertex 18.6144 -1.6000 3.2000
    endloop
endfacet
facet normal 50.0000 -4.2611 10.0000
    outer loop
        vertex 18.6144 -1.6000 3.2000
        vertex 18.5218 -1.6000 3.3877
        vertex 17.7826 -1.6000 3.0815
    endloop
endfacet
facet normal 50.0000 -4.3916 10.0000
    outer loop
        vertex 17.9216 -1.6000 2.8000
        vertex 18.0958 -1.6000 2.5389
        vertex 18.7306 -1.6000 3.0259
    endloop
endfacet
facet normal 50.0000 -4.2610 10.0000
    outer loop
        vertex 18.7306 -1.6000 3.0259
        vertex 18.6144 -1.6000 3.2000
        vertex 17.9216 -1.6000 2.8000
    endloop
endfacet
facet normal 50.0000 -4.3916 10.0000
    outer loop
        vertex 18.0958 -1.6000 2.5389
        vertex 18.3030 -1.6000 2.3030
        vertex 18.8686 -1.6000 2.8686
    endloop
endfacet
facet normal 50.0000 -4.2611 10.0000
    outer loop
        vertex 18.8686 -1.6000 2.8686
        vertex 18.7306 -1.6000 3.0259
        vertex 18.0958 -1.6000 2.5389
    endloop
endfacet
facet normal 50.0000 -4.3916 10.0000
    outer loop
        vertex 18.3030 -1.6000 2.3030
        vertex 18.5389 -1.6000 2.0958
        vertex 19.0259 -1.6000 2.7306
    endloop
endfacet
facet normal 50.0000 -4.2611 10.0000
    outer loop
        vertex 19.0259 -1.6000 2.7306
        vertex 18.8686 -1.6000 2.8686
        vertex 18.3030 -1.6000 2.3030
    endloop
endfacet
facet normal 50.0000 -4.3916 10.0000
    outer loop
        vertex 18.5389 -1.6000 2.0958
        vertex 18.8000 -1.6000 1.9216
        vertex 19.2000 -1.6000 2.6144
    endloop
endfacet
facet normal 50.0000 -4.2610 10.0000
    outer loop
        vertex 19.2000 -1.6000 2.6144
        vertex 19.0259 -1.6000 2.7306
        vertex 18.5389 -1.6000 2.0958
    endloop
endfacet
facet normal 50.0000 -4.3916 10.0000
    outer loop
        vertex 18.8000 -1.6000 1.9216
        vertex 19.0815 -1.6000 1.7826
        vertex 19.3877 -1.6000 2.5218
    endloop
endfacet
facet normal 50.0000 -4.2611 10.0000
    outer loop
        vertex 19.3877 -1.6000 2.5218
        vertex 19.2000 -1.6000 2.6144
        vertex 18.8000 -1.6000 1.9216
    endloop
endfacet
facet normal 50.0000 -4.3916 10.0000
    outer loop
        vertex 19.0815 -1.6000 1.7826
        vertex 19.3789 -1.6000 1.6818
        vertex 19.5859 -1.6000 2.4546
    endloop
endfacet
facet normal 50.0000 -4.2611 10.0000
    outer loop
        vertex 19.5859 -1.6000 2.4546
        vertex 19.3877 -1.6000 2.5218
        vertex 19.0815 -1.6000 1.7826
    endloop
endfacet
facet normal 50.0000 -4.3916 10.0000
    outer loop
        vertex 19.3789 -1.6000 1.6818
        vertex 19.6868 -1.6000 1.6206
        vertex 19.7912 -1.6000 2.4138
    endloop
endfacet
facet normal 50.0000 -4.2610 10.0000
    outer loop
        vertex 19.7912 -1.6000 2.4138
        vertex 19.5859 -1.6000 2.4546
        vertex 19.3789 -1.6000 1.6818
    endloop
endfacet
facet normal 50.0000 -4.3915 10.0000
    outer loop
        vertex 19.6868 -1.6000 1.6206
        vertex 20.0000 -1.6000 1.6000
        vertex 20.0000 -1.6000 2.4000
    endloop
endfacet
facet normal 50.0000 -4.2610 10.0000
    outer loop
        vertex 20.0000 -1.6000 2.4000
        vertex 19.7912 -1.6000 2.4138
        vertex 19.6868 -1.6000 1.6206
    endloop
endfacet
facet normal 50.0000 -4.3915 10.0000
    outer loop
        vertex 20.0000 -1.6000 1.6000
        vertex 20.3132 -1.6000 1.6206
        vertex 20.2088 -1.6000 2.4138
    endloop
endfacet
facet normal 50.0000 -4.2610 10.0000
    outer loop
        vertex 20.2088 -1.6000 2.4138
        vertex 20.0000 -1.6000 2.4000
        vertex 20.0000 -1.6000 1.6000
    endloop
endfacet
facet normal 50.0000 -4.3916 10.0000
    outer loop
        vertex 20.3132 -1.6000 1.6206
        vertex 20.6211 -1.6000 1.6818
        vertex 20.4141 -1.6000 2.4546
    endloop
endfacet
facet normal 50.0000 -4.2610 10.0000
    outer loop
        vertex 20.4141 -1.6000 2.4546
        vertex 20.2088 -1.6000 2.4138
        vertex 20.3132 -1.6000 1.6206
    endloop
endfacet
facet normal 50.0000 -4.3916 10.0000
    outer loop
        vertex 20.6211 -1.6000 1.6818
        vertex 20.9185 -1.6000 1.7826
        vertex 20.6123 -1.6000 2.5218
    endloop
endfacet
facet normal 50.0000 -4.2611 10.0000
    outer loop
        vertex 20.6123 -1.6000 2.5218
        vertex 20.4141 -1.6000 2.4546
        vertex 20.6211 -1.6000 1.6818
    endloop
endfacet
facet normal 50.0000 -4.3916 10.0000
    outer loop
        vertex 20.9185 -1.6000 1.7826
        vertex 21.2000 -1.6000 1.9216
        vertex 20.8000 -1.6000 2.6144
    endloop
endfacet
facet normal 50.0000 -4.2611 10.0000
    outer loop
        vertex 20.8000 -1.6000 2.6144
        vertex 20.6123 -1.6000 2.5218
        vertex 20.9185 -1.6000 1.7826
    endloop
endfacet
facet normal 50.0000 -4.3916 10.0000
    outer loop
        vertex 21.2000 -1.6000 1.9216
        vertex 21.4611 -1.6000 2.0958
        vertex 20.9741 -1.6000 2.7306
    endloop
endfacet
facet normal 50.0000 -4.2610 10.0000
    outer loop
        vertex 20.9741 -1.6000 2.7306
        vertex 20.8000 -1.6000 2.6144
        vertex 21.2000 -1.6000 1.9216
    endloop
endfacet
facet normal 50.0000 -4.3916 10.0000
    outer loop
        vertex 21.4611 -1.6000 2.0958
        vertex 21.6970 -1.6000 2.3030
        vertex 21.1314 -1.6000 2.8686
    endloop
endfacet
facet normal 50.0000 -4.2611 10.0000
    outer loop
        vertex 21.1314 -1.6000 2.8686
        vertex 20.9741 -1.6000 2.7306
        vertex 21.4611 -1.6000 2.0958
    endloop
endfacet
facet normal 50.0000 -4.3916 10.0000
    outer loop
        vertex 21.6970 -1.6000 2.3030
        vertex 21.9042 -1.6000 2.5389
        vertex 21.2694 -1.6000 3.0259
    endloop
endfacet
facet normal 50.0000 -4.2611 10.0000
    outer loop
        vertex 21.2694 -1.6000 3.0259
        vertex 21.1314 -1.6000 2.8686
        vertex 21.6970 -1.6000 2.3030
    endloop
endfacet
facet normal 50.0000 -4.3916 10.0000
    outer loop
        vertex 21.9042 -1.6000 2.5389
        vertex 22.0784 -1.6000 2.8000
        vertex 21.3856 -1.6000 3.2000
    endloop
endfacet
facet normal 50.0000 -4.2610 10.0000
    outer loop
        vertex 21.3856 -1.6000 3.2000
        vertex 21.2694 -1.6000 3.0259
        vertex 21.9042 -1.6000 2.5389
    endloop
endfacet
facet normal 50.0000 -4.3916 10.0000
    outer loop
        vertex 22.0784 -1.6000 2.8000
        vertex 22.2174 -1.6000 3.0815
        vertex 21.4782 -1.6000 3.3877
    endloop
endfacet
facet normal 50.0000 -4.2611 10.0000
    outer loop
        vertex 21.4782 -1.6000 3.3877
        vertex 21.3856 -1.6000 3.2000
        vertex 22.0784 -1.6000 2.8000
    endloop
endfacet
facet normal 50.0000 -4.3916 10.0000
    outer loop
        vertex 22.2174 -1.6000 3.0815
        vertex 22.3182 -1.6000 3.3789
        vertex 21.5454 -1.6000 3.5859
    endloop
endfacet
facet normal 50.0000 -4.2611 10.0000
    outer loop
        vertex 21.5454 -1.6000 3.5859
        vertex 21.4782 -1.6000 3.3877
        vertex 22.2174 -1.6000 3.0815
    endloop
endfacet
facet normal 50.0000 -4.3916 10.0000
    outer loop
        vertex 22.3182 -1.6000 3.3789
        vertex 22.3794 -1.6000 3.6868
        vertex 21.5862 -1.6000 3.7912
    endloop
endfacet
facet normal 50.0000 -4.2610 10.0000
    outer loop
        vertex 21.5862 -1.6000 3.7912
        vertex 21.5454 -1.6000 3.5859
        vertex 22.3182 -1.6000 3.3789
    endloop
endfacet
facet normal 50.0000 -4.3915 10.0000
    outer loop
        vertex 22.3794 -1.6000 3.6868
        vertex 22.4000 -1.6000 4.0000
        vertex 21.6000 -1.6000 4.0000
    endloop
endfacet
facet normal 50.0000 -4.2610 10.0000
    outer loop
        vertex 21.6000 -1.6000 4.0000
        vertex 21.5862 -1.6000 3.7912
        vertex 22.3794 -1.6000 3.6868
    endloop
endfacet
facet normal -50.5220 -4.0000 -10.0344
    outer loop
        vertex -18.4138 -1.6000 -3.7912
        vertex -18.4000 0.0000 -4.0000
        vertex -18.4000 -1.6000 -4.0000
    endloop
endfacet
facet normal -50.5220 -4.0000 -10.0344
    outer loop
        vertex -18.4000 0.0000 -4.0000
        vertex -18.4138 -1.6000 -3.7912
        vertex -18.4138 0.0000 -3.7912
    endloop
endfacet
facet normal -50.5132 -4.0000 -10.1020
    outer loop
        vertex -18.4546 -1.6000 -3.5859
        vertex -18.4138 0.0000 -3.7912
        vertex -18.4138 -1.6000 -3.7912
    endloop
endfacet
facet normal -50.5132 -4.0000 -10.1020
    outer loop
        vertex -18.4138 0.0000 -3.7912
        vertex -18.4546 -1.6000 -3.5859
        vertex -18.4546 0.0000 -3.5859
    endloop
endfacet
facet normal -50.4956 -4.0000 -10.1680
    outer loop
        vertex -18.5218 -1.6000 -3.3877
        vertex -18.4546 0.0000 -3.5859
        vertex -18.4546 -1.6000 -3.5859
    endloop
endfacet
facet normal -50.4956 -4.0000 -10.1680
    outer loop
        vertex -18.4546 0.0000 -3.5859
        vertex -18.5218 -1.6000 -3.3877
        vertex -18.5218 0.0000 -3.3877
    endloop
endfacet
facet normal -50.4692 -4.0000 -10.2316
    outer loop
        vertex -18.6144 -1.6000 -3.2000
        vertex -18.5218 0.0000 -3.3877
        vertex -18.5218 -1.6000 -3.3877
    endloop
endfacet
facet normal -50.4692 -4.0000 -10.2316
    outer loop
        vertex -18.5218 0.0000 -3.3877
        vertex -18.6144 -1.6000 -3.2000
        vertex -18.6144 0.0000 -3.2000
    endloop
endfacet
facet normal -50.4352 -4.0000 -10.2904
    outer loop
        vertex -18.7306 -1.6000 -3.0259
        vertex -18.6144 0.0000 -3.2000
        vertex -18.6144 -1.6000 -3.2000
    endloop
endfacet
facet normal -50.4352 -4.0000 -10.2904
    outer loop
        vertex -18.6144 0.0000 -3.2000
        vertex -18.7306 -1.6000 -3.0259
        vertex -18.7306 0.0000 -3.0259
    endloop
endfacet
facet normal -50.3932 -4.0000 -10.3452
    outer loop
        vertex -18.8686 -1.6000 -2.8686
        vertex -18.7306 0.0000 -3.0259
        vertex -18.7306 -1.6000 -3.0259
    endloop
endfacet
facet normal -50.3932 -4.0000 -10.3452
    outer loop
        vertex -18.7306 0.0000 -3.0259
        vertex -18.8686 -1.6000 -2.8686
        vertex -18.8686 0.0000 -2.8686
    endloop
endfacet
facet normal -50.3452 -4.0000 -10.3932
    outer loop
        vertex -19.0259 -1.6000 -2.7306
        vertex -18.8686 0.0000 -2.8686
        vertex -18.8686 -1.6000 -2.8686
    endloop
endfacet
facet normal -50.3452 -4.0000 -10.3932
    outer loop
        vertex -18.8686 0.0000 -2.8686
        vertex -19.0259 -1.6000 -2.7306
        vertex -19.0259 0.0000 -2.7306
    endloop
endfacet
facet normal -50.2904 -4.0000 -10.4352
    outer loop
        vertex -19.2000 -1.6000 -2.6144
        vertex -19.0259 0.0000 -2.7306
        vertex -19.0259 -1.6000 -2.7306
    endloop
endfacet
facet normal -50.2904 -4.0000 -10.4352
    outer loop
        vertex -19.0259 0.0000 -2.7306
        vertex -19.2000 -1.6000 -2.6144
        vertex -19.2000 0.0000 -2.6144
    endloop
endfacet
facet normal -50.2316 -4.0000 -10.4692
    outer loop
        vertex -19.3877 -1.6000 -2.5218
        vertex -19.2000 0.0000 -2.6144
        vertex -19.2000 -1.6000 -2.6144
    endloop
endfacet
facet normal -50.2316 -4.0000 -10.4692
    outer loop
        vertex -19.2000 0.0000 -2.6144
        vertex -19.3877 -1.6000 -2.5218
        vertex -19.3877 0.0000 -2.5218
    endloop
endfacet
facet normal -50.1680 -4.0000 -10.4956
    outer loop
        vertex -19.5859 -1.6000 -2.4546
        vertex -19.3877 0.0000 -2.5218
        vertex -19.3877 -1.6000 -2.5218
    endloop
endfacet
facet normal -50.1680 -4.0000 -10.4956
    outer loop
        vertex -19.3877 0.0000 -2.5218
        vertex -19.5859 -1.6000 -2.4546
        vertex -19.5859 0.0000 -2.4546
    endloop
endfacet
facet normal -50.1020 -4.0000 -10.5132
    outer loop
        vertex -19.7912 -1.6000 -2.4138
        vertex -19.5859 0.0000 -2.4546
        vertex -19.5859 -1.6000 -2.4546
    endloop
endfacet
facet normal -50.1020 -4.0000 -10.5132
    outer loop
        vertex -19.5859 0.0000 -2.4546
        vertex -19.7912 -1.6000 -2.4138
        vertex -19.7912 0.0000 -2.4138
    endloop
endfacet
facet normal -50.0344 -4.0000 -10.5220
    outer loop
        vertex -20.0000 -1.6000 -2.4000
        vertex -19.7912 0.0000 -2.4138
        vertex -19.7912 -1.6000 -2.4138
    endloop
endfacet
facet normal -50.0344 -4.0000 -10.5220
    outer loop
        vertex -19.7912 0.0000 -2.4138
        vertex -20.0000 -1.6000 -2.4000
        vertex -20.0000 0.0000 -2.4000
    endloop
endfacet
facet normal -49.9656 -4.0000 -10.5220
    outer loop
        vertex -20.2088 -1.6000 -2.4138
        vertex -20.0000 0.0000 -2.4000
        vertex -20.0000 -1.6000 -2.4000
    endloop
endfacet
facet normal -49.9656 -4.0000 -10.5220
    outer loop
        vertex -20.0000 0.0000 -2.4000
        vertex -20.2088 -1.6000 -2.4138
        vertex -20.2088 0.0000 -2.4138
    endloop
endfacet
facet normal -49.8980 -4.0000 -10.5132
    outer loop
        vertex -20.4141 -1.6000 -2.4546
        vertex -20.2088 0.0000 -2.4138
        vertex -20.2088 -1.6000 -2.4138
    endloop
endfacet
facet normal -49.8980 -4.0000 -10.5132
    outer loop
        vertex -20.2088 0.0000 -2.4138
        vertex -20.4141 -1.6000 -2.4546
        vertex -20.4141 0.0000 -2.4546
    endloop
endfacet
facet normal -49.8320 -4.0000 -10.4956
    outer loop
        vertex -20.6123 -1.6000 -2.5218
        vertex -20.4141 0.0000 -2.4546
        vertex -20.4141 -1.6000 -2.4546
    endloop
endfacet
facet normal -49.8320 -4.0000 -10.4956
    outer loop
        vertex -20.4141 0.0000 -2.4546
        vertex -20.6123 -1.6000 -2.5218
        vertex -20.6123 0.0000 -2.5218
    endloop
endfacet
facet normal -49.7684 -4.0000 -10.4692
    outer loop
        vertex -20.8000 -1.6000 -2.6144
        vertex -20.6123 0.0000 -2.5218
        vertex -20.6123 -1.6000 -2.5218
    endloop
endfacet
facet normal -49.7684 -4.0000 -10.4692
    outer loop
        vertex -20.6123 0.0000 -2.5218
        vertex -20.8000 -1.6000 -2.6144
        vertex -20.8000 0.0000 -2.6144
    endloop
endfacet
facet normal -49.7096 -4.0000 -10.4352
    outer loop
        vertex -20.9741 -1.6000 -2.7306
        vertex -20.8000 0.0000 -2.6144
        vertex -20.8000 -1.6000 -2.6144
    endloop
endfacet
facet normal -49.7096 -4.0000 -10.4352
    outer loop
        vertex -20.8000 0.0000 -2.6144
        vertex -20.9741 -1.6000 -2.7306
        vertex -20.9741 0.0000 -2.7306
    endloop
endfacet
facet normal -49.6548 -4.0000 -10.3932
    outer loop
        vertex -21.1314 -1.6000 -2.8686
        vertex -20.9741 0.0000 -2.7306
        vertex -20.9741 -1.6000 -2.7306
    endloop
endfacet
facet normal -49.6548 -4.0000 -10.3932
    outer loop
        vertex -20.9741 0.0000 -2.7306
        vertex -21.1314 -1.6000 -2.8686
        vertex -21.1314 0.0000 -2.8686
    endloop
endfacet
facet normal -49.6068 -4.0000 -10.3452
    outer loop
        vertex -21.2694 -1.6000 -3.0259
        vertex -21.1314 0.0000 -2.8686
        vertex -21.1314 -1.6000 -2.8686
    endloop
endfacet
facet normal -49.6068 -4.0000 -10.3452
    outer loop
        vertex -21.1314 0.0000 -2.8686
        vertex -21.2694 -1.6000 -3.0259
        vertex -21.2694 0.0000 -3.0259
    endloop
endfacet
facet normal -49.5648 -4.0000 -10.2904
    outer loop
        vertex -21.3856 -1.6000 -3.2000
        vertex -21.2694 0.0000 -3.0259
        vertex -21.2694 -1.6000 -3.0259
    endloop
endfacet
facet normal -49.5648 -4.0000 -10.2904
    outer loop
        vertex -21.2694 0.0000 -3.0259
        vertex -21.3856 -1.6000 -3.2000
        vertex -21.3856 0.0000 -3.2000
    endloop
endfacet
facet normal -49.5308 -4.0000 -10.2316
    outer loop
        vertex -21.4782 -1.6000 -3.3877
        vertex -21.3856 0.0000 -3.2000
        vertex -21.3856 -1.6000 -3.2000
    endloop
endfacet
facet normal -49.5308 -4.0000 -10.2316
    outer loop
        vertex -21.3856 0.0000 -3.2000
        vertex -21.4782 -1.6000 -3.3877
        vertex -21.4782 0.0000 -3.3877
    endloop
endfacet
facet normal -49.5044 -4.0000 -10.1680
    outer loop
        vertex -21.5454 -1.6000 -3.5859
        vertex -21.4782 0.0000 -3.3877
        vertex -21.4782 -1.6000 -3.3877
    endloop
endfacet
facet normal -49.5044 -4.0000 -10.1680
    outer loop
        vertex -21.4782 0.0000 -3.3877
        vertex -21.5454 -1.6000 -3.5859
        vertex -21.5454 0.0000 -3.5859
    endloop
endfacet
facet normal -49.4868 -4.0000 -10.1020
    outer loop
        vertex -21.5862 -1.6000 -3.7912
        vertex -21.5454 0.0000 -3.5859
        vertex -21.5454 -1.6000 -3.5859
    endloop
endfacet
facet normal -49.4868 -4.0000 -10.1020
    outer loop
        vertex -21.5454 0.0000 -3.5859
        vertex -21.5862 -1.6000 -3.7912
        vertex -21.5862 0.0000 -3.7912
    endloop
endfacet
facet normal -49.4780 -4.0000 -10.0344
    outer loop
        vertex -21.6000 -1.6000 -4.0000
        vertex -21.5862 0.0000 -3.7912
        vertex -21.5862 -1.6000 -3.7912
    endloop
endfacet
facet normal -49.4780 -4.0000 -10.0344
    outer loop
        vertex -21.5862 0.0000 -3.7912
        vertex -21.6000 -1.6000 -4.0000
        vertex -21.6000 0.0000 -4.0000
    endloop
endfacet
facet normal -49.4780 -4.0000 -9.9656
    outer loop
        vertex -21.5862 -1.6000 -4.2088
        vertex -21.6000 0.0000 -4.0000
        vertex -21.6000 -1.6000 -4.0000
    endloop
endfacet
facet normal -49.4780 -4.0000 -9.9656
    outer loop
        vertex -21.6000 0.0000 -4.0000
        vertex -21.5862 -1.6000 -4.2088
        vertex -21.5862 0.0000 -4.2088
    endloop
endfacet
facet normal -49.4868 -4.0000 -9.8980
    outer loop
        vertex -21.5454 -1.6000 -4.4141
        vertex -21.5862 0.0000 -4.2088
        vertex -21.5862 -1.6000 -4.2088
    endloop
endfacet
facet normal -49.4868 -4.0000 -9.8980
    outer loop
        vertex -21.5862 0.0000 -4.2088
        vertex -21.5454 -1.6000 -4.4141
        vertex -21.5454 0.0000 -4.4141
    endloop
endfacet
facet normal -49.5044 -4.0000 -9.8320
    outer loop
        vertex -21.4782 -1.6000 -4.6123
        vertex -21.5454 0.0000 -4.4141
        vertex -21.5454 -1.6000 -4.4141
    endloop
endfacet
facet normal -49.5044 -4.0000 -9.8320
    outer loop
        vertex -21.5454 0.0000 -4.4141
        vertex -21.4782 -1.6000 -4.6123
        vertex -21.4782 0.0000 -4.6123
    endloop
endfacet
facet normal -49.5308 -4.0000 -9.7684
    outer loop
        vertex -21.3856 -1.6000 -4.8000
        vertex -21.4782 0.0000 -4.6123
        vertex -21.4782 -1.6000 -4.6123
    endloop
endfacet
facet normal -49.5308 -4.0000 -9.7684
    outer loop
        vertex -21.4782 0.0000 -4.6123
        vertex -21.3856 -1.6000 -4.8000
        vertex -21.3856 0.0000 -4.8000
    endloop
endfacet
facet normal -49.5648 -4.0000 -9.7096
    outer loop
        vertex -21.2694 -1.6000 -4.9741
        vertex -21.3856 0.0000 -4.8000
        vertex -21.3856 -1.6000 -4.8000
    endloop
endfacet
facet normal -49.5648 -4.0000 -9.7096
    outer loop
        vertex -21.3856 0.0000 -4.8000
        vertex -21.2694 -1.6000 -4.9741
        vertex -21.2694 0.0000 -4.9741
    endloop
endfacet
facet normal -49.6068 -4.0000 -9.6548
    outer loop
        vertex -21.1314 -1.6000 -5.1314
        vertex -21.2694 0.0000 -4.9741
        vertex -21.2694 -1.6000 -4.9741
    endloop
endfacet
facet normal -49.6068 -4.0000 -9.6548
    outer loop
        vertex -21.2694 0.0000 -4.9741
        vertex -21.1314 -1.6000 -5.1314
        vertex -21.1314 0.0000 -5.1314
    endloop
endfacet
facet normal -49.6548 -4.0000 -9.6068
    outer loop
        vertex -20.9741 -1.6000 -5.2694
        vertex -21.1314 0.0000 -5.1314
        vertex -21.1314 -1.6000 -5.1314
    endloop
endfacet
facet normal -49.6548 -4.0000 -9.6068
    outer loop
        vertex -21.1314 0.0000 -5.1314
        vertex -20.9741 -1.6000 -5.2694
        vertex -20.9741 0.0000 -5.2694
    endloop
endfacet
facet normal -49.7096 -4.0000 -9.5648
    outer loop
        vertex -20.8000 -1.6000 -5.3856
        vertex -20.9741 0.0000 -5.2694
        vertex -20.9741 -1.6000 -5.2694
    endloop
endfacet
facet normal -49.7096 -4.0000 -9.5648
    outer loop
        vertex -20.9741 0.0000 -5.2694
        vertex -20.8000 -1.6000 -5.3856
        vertex -20.8000 0.0000 -5.3856
    endloop
endfacet
facet normal -49.7684 -4.0000 -9.5308
    outer loop
        vertex -20.6123 -1.6000 -5.4782
        vertex -20.8000 0.0000 -5.3856
        vertex -20.8000 -1.6000 -5.3856
    endloop
endfacet
facet normal -49.7684 -4.0000 -9.5308
    outer loop
        vertex -20.8000 0.0000 -5.3856
        vertex -20.6123 -1.6000 -5.4782
        vertex -20.6123 0.0000 -5.4782
    endloop
endfacet
facet normal -49.8320 -4.0000 -9.5044
    outer loop
        vertex -20.4141 -1.6000 -5.5454
        vertex -20.6123 0.0000 -5.4782
        vertex -20.6123 -1.6000 -5.4782
    endloop
endfacet
facet normal -49.8320 -4.0000 -9.5044
    outer loop
        vertex -20.6123 0.0000 -5.4782
        vertex -20.4141 -1.6000 -5.5454
        vertex -20.4141 0.0000 -5.5454
    endloop
endfacet
facet normal -49.8980 -4.0000 -9.4868
    outer loop
        vertex -20.2088 -1.6000 -5.5862
        vertex -20.4141 0.0000 -5.5454
        vertex -20.4141 -1.6000 -5.5454
    endloop
endfacet
facet normal -49.8980 -4.0000 -9.4868
    outer loop
        vertex -20.4141 0.0000 -5.5454
        vertex -20.2088 -1.6000 -5.5862
        vertex -20.2088 0.0000 -5.5862
    endloop
endfacet
facet normal -49.9656 -4.0000 -9.4780
    outer loop
        vertex -20.0000 -1.6000 -5.6000
        vertex -20.2088 0.0000 -5.5862
        vertex -20.2088 -1.6000 -5.5862
    endloop
endfacet
facet normal -49.9656 -4.0000 -9.4780
    outer loop
        vertex -20.2088 0.0000 -5.5862
        vertex -20.0000 -1.6000 -5.6000
        vertex -20.0000 0.0000 -5.6000
    endloop
endfacet
facet normal -50.0344 -4.0000 -9.4780
    outer loop
        vertex -19.7912 -1.6000 -5.5862
        vertex -20.0000 0.0000 -5.6000
        vertex -20.0000 -1.6000 -5.6000
    endloop
endfacet
facet normal -50.0344 -4.0000 -9.4780
    outer loop
        vertex -20.0000 0.0000 -5.6000
        vertex -19.7912 -1.6000 -5.5862
        vertex -19.7912 0.0000 -5.5862
    endloop
endfacet
facet normal -50.1020 -4.0000 -9.4868
    outer loop
        vertex -19.5859 -1.6000 -5.5454
        vertex -19.7912 0.0000 -5.5862
        vertex -19.7912 -1.6000 -5.5862
    endloop
endfacet
facet normal -50.1020 -4.0000 -9.4868
    outer loop
        vertex -19.7912 0.0000 -5.5862
        vertex -19.5859 -1.6000 -5.5454
        vertex -19.5859 0.0000 -5.5454
    endloop
endfacet
facet normal -50.1680 -4.0000 -9.5044
    outer loop
        vertex -19.3877 -1.6000 -5.4782
        vertex -19.5859 0.0000 -5.5454
        vertex -19.5859 -1.6000 -5.5454
    endloop
endfacet
facet normal -50.1680 -4.0000 -9.5044
    outer loop
        vertex -19.5859 0.0000 -5.5454
        vertex -19.3877 -1.6000 -5.4782
        vertex -19.3877 0.0000 -5.4782
    endloop
endfacet
facet normal -50.2316 -4.0000 -9.5308
    outer loop
        vertex -19.2000 -1.6000 -5.3856
        vertex -19.3877 0.0000 -5.4782
        vertex -19.3877 -1.6000 -5.4782
    endloop
endfacet
facet normal -50.2316 -4.0000 -9.5308
    outer loop
        vertex -19.3877 0.0000 -5.4782
        vertex -19.2000 -1.6000 -5.3856
        vertex -19.2000 0.0000 -5.3856
    endloop
endfacet
facet normal -50.2904 -4.0000 -9.5648
    outer loop
        vertex -19.0259 -1.6000 -5.2694
        vertex -19.2000 0.0000 -5.3856
        vertex -19.2000 -1.6000 -5.3856
    endloop
endfacet
facet normal -50.2904 -4.0000 -9.5648
    outer loop
        vertex -19.2000 0.0000 -5.3856
        vertex -19.0259 -1.6000 -5.2694
        vertex -19.0259 0.0000 -5.2694
    endloop
endfacet
facet normal -50.3452 -4.0000 -9.6068
    outer loop
        vertex -18.8686 -1.6000 -5.1314
        vertex -19.0259 0.0000 -5.2694
        vertex -19.0259 -1.6000 -5.2694
    endloop
endfacet
facet normal -50.3452 -4.0000 -9.6068
    outer loop
        vertex -19.0259 0.0000 -5.2694
        vertex -18.8686 -1.6000 -5.1314
        vertex -18.8686 0.0000 -5.1314
    endloop
endfacet
facet normal -50.3932 -4.0000 -9.6548
    outer loop
        vertex -18.7306 -1.6000 -4.9741
        vertex -18.8686 0.0000 -5.1314
        vertex -18.8686 -1.6000 -5.1314
    endloop
endfacet
facet normal -50.3932 -4.0000 -9.6548
    outer loop
        vertex -18.8686 0.0000 -5.1314
        vertex -18.7306 -1.6000 -4.9741
        vertex -18.7306 0.0000 -4.9741
    endloop
endfacet
facet normal -50.4352 -4.0000 -9.7096
    outer loop
        vertex -18.6144 -1.6000 -4.8000
        vertex -18.7306 0.0000 -4.9741
        vertex -18.7306 -1.6000 -4.9741
    endloop
endfacet
facet normal -50.4352 -4.0000 -9.7096
    outer loop
        vertex -18.7306 0.0000 -4.9741
        vertex -18.6144 -1.6000 -4.8000
        vertex -18.6144 0.0000 -4.8000
    endloop
endfacet
facet normal -50.4692 -4.0000 -9.7684
    outer loop
        vertex -18.5218 -1.6000 -4.6123
        vertex -18.6144 0.0000 -4.8000
        vertex -18.6144 -1.6000 -4.8000
    endloop
endfacet
facet normal -50.4692 -4.0000 -9.7684
    outer loop
        vertex -18.6144 0.0000 -4.8000
        vertex -18.5218 -1.6000 -4.6123
        vertex -18.5218 0.0000 -4.6123
    endloop
endfacet
facet normal -50.4956 -4.0000 -9.8320
    outer loop
        vertex -18.4546 -1.6000 -4.4141
        vertex -18.5218 0.0000 -4.6123
        vertex -18.5218 -1.6000 -4.6123
    endloop
endfacet
facet normal -50.4956 -4.0000 -9.8320
    outer loop
        vertex -18.5218 0.0000 -4.6123
        vertex -18.4546 -1.6000 -4.4141
        vertex -18.4546 0.0000 -4.4141
    endloop
endfacet
facet normal -50.5132 -4.0000 -9.8980
    outer loop
        vertex -18.4138 -1.6000 -4.2088
        vertex -18.4546 0.0000 -4.4141
        vertex -18.4546 -1.6000 -4.4141
    endloop
endfacet
facet normal -50.5132 -4.0000 -9.8980
    outer loop
        vertex -18.4546 0.0000 -4.4141
        vertex -18.4138 -1.6000 -4.2088
        vertex -18.4138 0.0000 -4.2088
    endloop
endfacet
facet normal -50.5220 -4.0000 -9.9656
    outer loop
        vertex -18.4000 -1.6000 -4.0000
        vertex -18.4138 0.0000 -4.2088
        vertex -18.4138 -1.6000 -4.2088
    endloop
endfacet
facet normal -50.5220 -4.0000 -9.9656
    outer loop
        vertex -18.4138 0.0000 -4.2088
        vertex -18.4000 -1.6000 -4.0000
        vertex -18.4000 0.0000 -4.0000
    endloop
endfacet
facet normal -49.2170 -4.0000 -9.9484
    outer loop
        vertex -17.6206 -1.6000 -3.6868
        vertex -17.6000 -1.6000 -4.0000
        vertex -17.6000 0.0000 -4.0000
    endloop
endfacet
facet normal -49.2170 -4.0000 -9.9484
    outer loop
        vertex -17.6000 0.0000 -4.0000
        vertex -17.6206 0.0000 -3.6868
        vertex -17.6206 -1.6000 -3.6868
    endloop
endfacet
facet normal -49.2302 -4.0000 -9.8470
    outer loop
        vertex -17.6818 -1.6000 -3.3789
        vertex -17.6206 -1.6000 -3.6868
        vertex -17.6206 0.0000 -3.6868
    endloop
endfacet
facet normal -49.2302 -4.0000 -9.8470
    outer loop
        vertex -17.6206 0.0000 -3.6868
        vertex -17.6818 0.0000 -3.3789
        vertex -17.6818 -1.6000 -3.3789
    endloop
endfacet
facet normal -49.2566 -4.0000 -9.7480
    outer loop
        vertex -17.7826 -1.6000 -3.0815
        vertex -17.6818 -1.6000 -3.3789
        vertex -17.6818 0.0000 -3.3789
    endloop
endfacet
facet normal -49.2566 -4.0000 -9.7480
    outer loop
        vertex -17.6818 0.0000 -3.3789
        vertex -17.7826 0.0000 -3.0815
        vertex -17.7826 -1.6000 -3.0815
    endloop
endfacet
facet normal -49.2962 -4.0000 -9.6526
    outer loop
        vertex -17.9216 -1.6000 -2.8000
        vertex -17.7826 -1.6000 -3.0815
        vertex -17.7826 0.0000 -3.0815
    endloop
endfacet
facet normal -49.2962 -4.0000 -9.6526
    outer loop
        vertex -17.7826 0.0000 -3.0815
        vertex -17.9216 0.0000 -2.8000
        vertex -17.9216 -1.6000 -2.8000
    endloop
endfacet
facet normal -49.3472 -4.0000 -9.5644
    outer loop
        vertex -18.0958 -1.6000 -2.5389
        vertex -17.9216 -1.6000 -2.8000
        vertex -17.9216 0.0000 -2.8000
    endloop
endfacet
facet normal -49.3472 -4.0000 -9.5644
    outer loop
        vertex -17.9216 0.0000 -2.8000
        vertex -18.0958 0.0000 -2.5389
        vertex -18.0958 -1.6000 -2.5389
    endloop
endfacet
facet normal -49.4102 -4.0000 -9.4822
    outer loop
        vertex -18.3030 -1.6000 -2.3030
        vertex -18.0958 -1.6000 -2.5389
        vertex -18.0958 0.0000 -2.5389
    endloop
endfacet
facet normal -49.4102 -4.0000 -9.4822
    outer loop
        vertex -18.0958 0.0000 -2.5389
        vertex -18.3030 0.0000 -2.3030
        vertex -18.3030 -1.6000 -2.3030
    endloop
endfacet
facet normal -49.4822 -4.0000 -9.4102
    outer loop
        vertex -18.5389 -1.6000 -2.0958
        vertex -18.3030 -1.6000 -2.3030
        vertex -18.3030 0.0000 -2.3030
    endloop
endfacet
facet normal -49.4822 -4.0000 -9.4102
    outer loop
        vertex -18.3030 0.0000 -2.3030
        vertex -18.5389 0.0000 -2.0958
        vertex -18.5389 -1.6000 -2.0958
    endloop
endfacet
facet normal -49.5644 -4.0000 -9.3472
    outer loop
        vertex -18.8000 -1.6000 -1.9216
        vertex -18.5389 -1.6000 -2.0958
        vertex -18.5389 0.0000 -2.0958
    endloop
endfacet
facet normal -49.5644 -4.0000 -9.3472
    outer loop
        vertex -18.5389 0.0000 -2.0958
        vertex -18.8000 0.0000 -1.9216
        vertex -18.8000 -1.6000 -1.9216
    endloop
endfacet
facet normal -49.6526 -4.0000 -9.2962
    outer loop
        vertex -19.0815 -1.6000 -1.7826
        vertex -18.8000 -1.6000 -1.9216
        vertex -18.8000 0.0000 -1.9216
    endloop
endfacet
facet normal -49.6526 -4.0000 -9.2962
    outer loop
        vertex -18.8000 0.0000 -1.9216
        vertex -19.0815 0.0000 -1.7826
        vertex -19.0815 -1.6000 -1.7826
    endloop
endfacet
facet normal -49.7480 -4.0000 -9.2566
    outer loop
        vertex -19.3789 -1.6000 -1.6818
        vertex -19.0815 -1.6000 -1.7826
        vertex -19.0815 0.0000 -1.7826
    endloop
endfacet
facet normal -49.7480 -4.0000 -9.2566
    outer loop
        vertex -19.0815 0.0000 -1.7826
        vertex -19.3789 0.0000 -1.6818
        vertex -19.3789 -1.6000 -1.6818
    endloop
endfacet
facet normal -49.8470 -4.0000 -9.2302
    outer loop
        vertex -19.6868 -1.6000 -1.6206
        vertex -19.3789 -1.6000 -1.6818
        vertex -19.3789 0.0000 -1.6818
    endloop
endfacet
facet normal -49.8470 -4.0000 -9.2302
    outer loop
        vertex -19.3789 0.0000 -1.6818
        vertex -19.6868 0.0000 -1.6206
        vertex -19.6868 -1.6000 -1.6206
    endloop
endfacet
facet normal -49.9484 -4.0000 -9.2170
    outer loop
        vertex -20.0000 -1.6000 -1.6000
        vertex -19.6868 -1.6000 -1.6206
        vertex -19.6868 0.0000 -1.6206
    endloop
endfacet
facet normal -49.9484 -4.0000 -9.2170
    outer loop
        vertex -19.6868 0.0000 -1.6206
        vertex -20.0000 0.0000 -1.6000
        vertex -20.0000 -1.6000 -1.6000
    endloop
endfacet
facet normal -50.0516 -4.0000 -9.2170
    outer loop
        vertex -20.3132 -1.6000 -1.6206
        vertex -20.0000 -1.6000 -1.6000
        vertex -20.0000 0.0000 -1.6000
    endloop
endfacet
facet normal -50.0516 -4.0000 -9.2170
    outer loop
        vertex -20.0000 0.0000 -1.6000
        vertex -20.3132 0.0000 -1.6206
        vertex -20.3132 -1.6000 -1.6206
    endloop
endfacet
facet normal -50.1530 -4.0000 -9.2302
    outer loop
        vertex -20.6211 -1.6000 -1.6818
        vertex -20.3132 -1.6000 -1.6206
        vertex -20.3132 0.0000 -1.6206
    endloop
endfacet
facet normal -50.1530 -4.0000 -9.2302
    outer loop
        vertex -20.3132 0.0000 -1.6206
        vertex -20.6211 0.0000 -1.6818
        vertex -20.6211 -1.6000 -1.6818
    endloop
endfacet
facet normal -50.2520 -4.0000 -9.2566
    outer loop
        vertex -20.9185 -1.6000 -1.7826
        vertex -20.6211 -1.6000 -1.6818
        vertex -20.6211 0.0000 -1.6818
    endloop
endfacet
facet normal -50.2520 -4.0000 -9.2566
    outer loop
        vertex -20.6211 0.0000 -1.6818
        vertex -20.9185 0.0000 -1.7826
        vertex -20.9185 -1.6000 -1.7826
    endloop
endfacet
facet normal -50.3474 -4.0000 -9.2962
    outer loop
        vertex -21.2000 -1.6000 -1.9216
        vertex -20.9185 -1.6000 -1.7826
        vertex -20.9185 0.0000 -1.7826
    endloop
endfacet
facet normal -50.3474 -4.0000 -9.2962
    outer loop
        vertex -20.9185 0.0000 -1.7826
        vertex -21.2000 0.0000 -1.9216
        vertex -21.2000 -1.6000 -1.9216
    endloop
endfacet
facet normal -50.4356 -4.0000 -9.3472
    outer loop
        vertex -21.4611 -1.6000 -2.0958
        vertex -21.2000 -1.6000 -1.9216
        vertex -21.2000 0.0000 -1.9216
    endloop
endfacet
facet normal -50.4356 -4.0000 -9.3472
    outer loop
        vertex -21.2000 0.0000 -1.9216
        vertex -21.4611 0.0000 -2.0958
        vertex -21.4611 -1.6000 -2.0958
    endloop
endfacet
facet normal -50.5178 -4.0000 -9.4102
    outer loop
        vertex -21.6970 -1.6000 -2.3030
        vertex -21.4611 -1.6000 -2.0958
        vertex -21.4611 0.0000 -2.0958
    endloop
endfacet
facet normal -50.5178 -4.0000 -9.4102
    outer loop
        vertex -21.4611 0.0000 -2.0958
        vertex -21.6970 0.0000 -2.3030
        vertex -21.6970 -1.6000 -2.3030
    endloop
endfacet
facet normal -50.5898 -4.0000 -9.4822
    outer loop
        vertex -21.9042 -1.6000 -2.5389
        vertex -21.6970 -1.6000 -2.3030
        vertex -21.6970 0.0000 -2.3030
    endloop
endfacet
facet normal -50.5898 -4.0000 -9.4822
    outer loop
        vertex -21.6970 0.0000 -2.3030
        vertex -21.9042 0.0000 -2.5389
        vertex -21.9042 -1.6000 -2.5389
    endloop
endfacet
facet normal -50.6528 -4.0000 -9.5644
    outer loop
        vertex -22.0784 -1.6000 -2.8000
        vertex -21.9042 -1.6000 -2.5389
        vertex -21.9042 0.0000 -2.5389
    endloop
endfacet
facet normal -50.6528 -4.0000 -9.5644
    outer loop
        vertex -21.9042 0.0000 -2.5389
        vertex -22.0784 0.0000 -2.8000
        vertex -22.0784 -1.6000 -2.8000
    endloop
endfacet
facet normal -50.7038 -4.0000 -9.6526
    outer loop
        vertex -22.2174 -1.6000 -3.0815
        vertex -22.0784 -1.6000 -2.8000
        vertex -22.0784 0.0000 -2.8000
    endloop
endfacet
facet normal -50.7038 -4.0000 -9.6526
    outer loop
        vertex -22.0784 0.0000 -2.8000
        vertex -22.2174 0.0000 -3.0815
        vertex -22.2174 -1.6000 -3.0815
    endloop
endfacet
facet normal -50.7434 -4.0000 -9.7480
    outer loop
        vertex -22.3182 -1.6000 -3.3789
        vertex -22.2174 -1.6000 -3.0815
        vertex -22.2174 0.0000 -3.0815
    endloop
endfacet
facet normal -50.7434 -4.0000 -9.7480
    outer loop
        vertex -22.2174 0.0000 -3.0815
        vertex -22.3182 0.0000 -3.3789
        vertex -22.3182 -1.6000 -3.3789
    endloop
endfacet
facet normal -50.7698 -4.0000 -9.8470
    outer loop
        vertex -22.3794 -1.6000 -3.6868
        vertex -22.3182 -1.6000 -3.3789
        vertex -22.3182 0.0000 -3.3789
    endloop
endfacet
facet normal -50.7698 -4.0000 -9.8470
    outer loop
        vertex -22.3182 0.0000 -3.3789
        vertex -22.3794 0.0000 -3.6868
        vertex -22.3794 -1.6000 -3.6868
    endloop
endfacet
facet normal -50.7830 -4.0000 -9.9484
    outer loop
        vertex -22.4000 -1.6000 -4.0000
        vertex -22.3794 -1.6000 -3.6868
        vertex -22.3794 0.0000 -3.6868
    endloop
endfacet
facet normal -50.7830 -4.0000 -9.9484
    outer loop
        vertex -22.3794 0.0000 -3.6868
        vertex -22.4000 0.0000 -4.0000
        vertex -22.4000 -1.6000 -4.0000
    endloop
endfacet
facet normal -50.7830 -4.0000 -10.0516
    outer loop
        vertex -22.3794 -1.6000 -4.3132
        vertex -22.4000 -1.6000 -4.0000
        vertex -22.4000 0.0000 -4.0000
    endloop
endfacet
facet normal -50.7830 -4.0000 -10.0516
    outer loop
        vertex -22.4000 0.0000 -4.0000
        vertex -22.3794 0.0000 -4.3132
        vertex -22.3794 -1.6000 -4.3132
    endloop
endfacet
facet normal -50.7698 -4.0000 -10.1530
    outer loop
        vertex -22.3182 -1.6000 -4.6211
        vertex -22.3794 -1.6000 -4.3132
        vertex -22.3794 0.0000 -4.3132
    endloop
endfacet
facet normal -50.7698 -4.0000 -10.1530
    outer loop
        vertex -22.3794 0.0000 -4.3132
        vertex -22.3182 0.0000 -4.6211
        vertex -22.3182 -1.6000 -4.6211
    endloop
endfacet
facet normal -50.7434 -4.0000 -10.2520
    outer loop
        vertex -22.2174 -1.6000 -4.9185
        vertex -22.3182 -1.6000 -4.6211
        vertex -22.3182 0.0000 -4.6211
    endloop
endfacet
facet normal -50.7434 -4.0000 -10.2520
    outer loop
        vertex -22.3182 0.0000 -4.6211
        vertex -22.2174 0.0000 -4.9185
        vertex -22.2174 -1.6000 -4.9185
    endloop
endfacet
facet normal -50.7038 -4.0000 -10.3474
    outer loop
        vertex -22.0784 -1.6000 -5.2000
        vertex -22.2174 -1.6000 -4.9185
        vertex -22.2174 0.0000 -4.9185
    endloop
endfacet
facet normal -50.7038 -4.0000 -10.3474
    outer loop
        vertex -22.2174 0.0000 -4.9185
        vertex -22.0784 0.0000 -5.2000
        vertex -22.0784 -1.6000 -5.2000
    endloop
endfacet
facet normal -50.6528 -4.0000 -10.4356
    outer loop
        vertex -21.9042 -1.6000 -5.4611
        vertex -22.0784 -1.6000 -5.2000
        vertex -22.0784 0.0000 -5.2000
    endloop
endfacet
facet normal -50.6528 -4.0000 -10.4356
    outer loop
        vertex -22.0784 0.0000 -5.2000
        vertex -21.9042 0.0000 -5.4611
        vertex -21.9042 -1.6000 -5.4611
    endloop
endfacet
facet normal -50.5898 -4.0000 -10.5178
    outer loop
        vertex -21.6970 -1.6000 -5.6970
        vertex -21.9042 -1.6000 -5.4611
        vertex -21.9042 0.0000 -5.4611
    endloop
endfacet
facet normal -50.5898 -4.0000 -10.5178
    outer loop
        vertex -21.9042 0.0000 -5.4611
        vertex -21.6970 0.0000 -5.6970
        vertex -21.6970 -1.6000 -5.6970
    endloop
endfacet
facet normal -50.5178 -4.0000 -10.5898
    outer loop
        vertex -21.4611 -1.6000 -5.9042
        vertex -21.6970 -1.6000 -5.6970
        vertex -21.6970 0.0000 -5.6970
    endloop
endfacet
facet normal -50.5178 -4.0000 -10.5898
    outer loop
        vertex -21.6970 0.0000 -5.6970
        vertex -21.4611 0.0000 -5.9042
        vertex -21.4611 -1.6000 -5.9042
    endloop
endfacet
facet normal -50.4356 -4.0000 -10.6528
    outer loop
        vertex -21.2000 -1.6000 -6.0784
        vertex -21.4611 -1.6000 -5.9042
        vertex -21.4611 0.0000 -5.9042
    endloop
endfacet
facet normal -50.4356 -4.0000 -10.6528
    outer loop
        vertex -21.4611 0.0000 -5.9042
        vertex -21.2000 0.0000 -6.0784
        vertex -21.2000 -1.6000 -6.0784
    endloop
endfacet
facet normal -50.3474 -4.0000 -10.7038
    outer loop
        vertex -20.9185 -1.6000 -6.2174
        vertex -21.2000 -1.6000 -6.0784
        vertex -21.2000 0.0000 -6.0784
    endloop
endfacet
facet normal -50.3474 -4.0000 -10.7038
    outer loop
        vertex -21.2000 0.0000 -6.0784
        vertex -20.9185 0.0000 -6.2174
        vertex -20.9185 -1.6000 -6.2174
    endloop
endfacet
facet normal -50.2520 -4.0000 -10.7434
    outer loop
        vertex -20.6211 -1.6000 -6.3182
        vertex -20.9185 -1.6000 -6.2174
        vertex -20.9185 0.0000 -6.2174
    endloop
endfacet
facet normal -50.2520 -4.0000 -10.7434
    outer loop
        vertex -20.9185 0.0000 -6.2174
        vertex -20.6211 0.0000 -6.3182
        vertex -20.6211 -1.6000 -6.3182
    endloop
endfacet
facet normal -50.1530 -4.0000 -10.7698
    outer loop
        vertex -20.3132 -1.6000 -6.3794
        vertex -20.6211 -1.6000 -6.3182
        vertex -20.6211 0.0000 -6.3182
    endloop
endfacet
facet normal -50.1530 -4.0000 -10.7698
    outer loop
        vertex -20.6211 0.0000 -6.3182
        vertex -20.3132 0.0000 -6.3794
        vertex -20.3132 -1.6000 -6.3794
    endloop
endfacet
facet normal -50.0516 -4.0000 -10.7830
    outer loop
        vertex -20.0000 -1.6000 -6.4000
        vertex -20.3132 -1.6000 -6.3794
        vertex -20.3132 0.0000 -6.3794
    endloop
endfacet
facet normal -50.0516 -4.0000 -10.7830
    outer loop
        vertex -20.3132 0.0000 -6.3794
        vertex -20.0000 0.0000 -6.4000
        vertex -20.0000 -1.6000 -6.4000
    endloop
endfacet
facet normal -49.9484 -4.0000 -10.7830
    outer loop
        vertex -19.6868 -1.6000 -6.3794
        vertex -20.0000 -1.6000 -6.4000
        vertex -20.0000 0.0000 -6.4000
    endloop
endfacet
facet normal -49.9484 -4.0000 -10.7830
    outer loop
        vertex -20.0000 0.0000 -6.4000
        vertex -19.6868 0.0000 -6.3794
        vertex -19.6868 -1.6000 -6.3794
    endloop
endfacet
facet normal -49.8470 -4.0000 -10.7698
    outer loop
        vertex -19.3789 -1.6000 -6.3182
        vertex -19.6868 -1.6000 -6.3794
        vertex -19.6868 0.0000 -6.3794
    endloop
endfacet
facet normal -49.8470 -4.0000 -10.7698
    outer loop
        vertex -19.6868 0.0000 -6.3794
        vertex -19.3789 0.0000 -6.3182
        vertex -19.3789 -1.6000 -6.3182
    endloop
endfacet
facet normal -49.7480 -4.0000 -10.7434
    outer loop
        vertex -19.0815 -1.6000 -6.2174
        vertex -19.3789 -1.6000 -6.3182
        vertex -19.3789 0.0000 -6.3182
    endloop
endfacet
facet normal -49.7480 -4.0000 -10.7434
    outer loop
        vertex -19.3789 0.0000 -6.3182
        vertex -19.0815 0.0000 -6.2174
        vertex -19.0815 -1.6000 -6.2174
    endloop
endfacet
facet normal -49.6526 -4.0000 -10.7038
    outer loop
        vertex -18.8000 -1.6000 -6.0784
        vertex -19.0815 -1.6000 -6.2174
        vertex -19.0815 0.0000 -6.2174
    endloop
endfacet
facet normal -49.6526 -4.0000 -10.7038
    outer loop
        vertex -19.0815 0.0000 -6.2174
        vertex -18.8000 0.0000 -6.0784
        vertex -18.8000 -1.6000 -6.0784
    endloop
endfacet
facet normal -49.5644 -4.0000 -10.6528
    outer loop
        vertex -18.5389 -1.6000 -5.9042
        vertex -18.8000 -1.6000 -6.0784
        vertex -18.8000 0.0000 -6.0784
    endloop
endfacet
facet normal -49.5644 -4.0000 -10.6528
    outer loop
        vertex -18.8000 0.0000 -6.0784
        vertex -18.5389 0.0000 -5.9042
        vertex -18.5389 -1.6000 -5.9042
    endloop
endfacet
facet normal -49.4822 -4.0000 -10.5898
    outer loop
        vertex -18.3030 -1.6000 -5.6970
        vertex -18.5389 -1.6000 -5.9042
        vertex -18.5389 0.0000 -5.9042
    endloop
endfacet
facet normal -49.4822 -4.0000 -10.5898
    outer loop
        vertex -18.5389 0.0000 -5.9042
        vertex -18.3030 0.0000 -5.6970
        vertex -18.3030 -1.6000 -5.6970
    endloop
endfacet
facet normal -49.4102 -4.0000 -10.5178
    outer loop
        vertex -18.0958 -1.6000 -5.4611
        vertex -18.3030 -1.6000 -5.6970
        vertex -18.3030 0.0000 -5.6970
    endloop
endfacet
facet normal -49.4102 -4.0000 -10.5178
    outer loop
        vertex -18.3030 0.0000 -5.6970
        vertex -18.0958 0.0000 -5.4611
        vertex -18.0958 -1.6000 -5.4611
    endloop
endfacet
facet normal -49.3472 -4.0000 -10.4356
    outer loop
        vertex -17.9216 -1.6000 -5.2000
        vertex -18.0958 -1.6000 -5.4611
        vertex -18.0958 0.0000 -5.4611
    endloop
endfacet
facet normal -49.3472 -4.0000 -10.4356
    outer loop
        vertex -18.0958 0.0000 -5.4611
        vertex -17.9216 0.0000 -5.2000
        vertex -17.9216 -1.6000 -5.2000
    endloop
endfacet
facet normal -49.2962 -4.0000 -10.3474
    outer loop
        vertex -17.7826 -1.6000 -4.9185
        vertex -17.9216 -1.6000 -5.2000
        vertex -17.9216 0.0000 -5.2000
    endloop
endfacet
facet normal -49.2962 -4.0000 -10.3474
    outer loop
        vertex -17.9216 0.0000 -5.2000
        vertex -17.7826 0.0000 -4.9185
        vertex -17.7826 -1.6000 -4.9185
    endloop
endfacet
facet normal -49.2566 -4.0000 -10.2520
    outer loop
        vertex -17.6818 -1.6000 -4.6211
        vertex -17.7826 -1.6000 -4.9185
        vertex -17.7826 0.0000 -4.9185
    endloop
endfacet
facet normal -49.2566 -4.0000 -10.2520
    outer loop
        vertex -17.7826 0.0000 -4.9185
        vertex -17.6818 0.0000 -4.6211
        vertex -17.6818 -1.6000 -4.6211
    endloop
endfacet
facet normal -49.2302 -4.0000 -10.1530
    outer loop
        vertex -17.6206 -1.6000 -4.3132
        vertex -17.6818 -1.6000 -4.6211
        vertex -17.6818 0.0000 -4.6211
    endloop
endfacet
facet normal -49.2302 -4.0000 -10.1530
    outer loop
        vertex -17.6818 0.0000 -4.6211
        vertex -17.6206 0.0000 -4.3132
        vertex -17.6206 -1.6000 -4.3132
    endloop
endfacet
facet normal -49.2170 -4.0000 -10.0516
    outer loop
        vertex -17.6000 -1.6000 -4.0000
        vertex -17.6206 -1.6000 -4.3132
        vertex -17.6206 0.0000 -4.3132
    endloop
endfacet
facet normal -49.2170 -4.0000 -10.0516
    outer loop
        vertex -17.6206 0.0000 -4.3132
        vertex -17.6000 0.0000 -4.0000
        vertex -17.6000 -1.6000 -4.0000
    endloop
endfacet
facet normal -50.0000 -4.3915 -10.0000
    outer loop
        vertex -17.6000 -1.6000 -4.0000
        vertex -17.6206 -1.6000 -3.6868
        vertex -18.4138 -1.6000 -3.7912
    endloop
endfacet
facet normal -50.0000 -4.2610 -10.0000
    outer loop
        vertex -18.4138 -1.6000 -3.7912
        vertex -18.4000 -1.6000 -4.0000
        vertex -17.6000 -1.6000 -4.0000
    endloop
endfacet
facet normal -50.0000 -4.3916 -10.0000
    outer loop
        vertex -17.6206 -1.6000 -3.6868
        vertex -17.6818 -1.6000 -3.3789
        vertex -18.4546 -1.6000 -3.5859
    endloop
endfacet
facet normal -50.0000 -4.2610 -10.0000
    outer loop
        vertex -18.4546 -1.6000 -3.5859
        vertex -18.4138 -1.6000 -3.7912
        vertex -17.6206 -1.6000 -3.6868
    endloop
endfacet
facet normal -50.0000 -4.3916 -10.0000
    outer loop
        vertex -17.6818 -1.6000 -3.3789
        vertex -17.7826 -1.6000 -3.0815
        vertex -18.5218 -1.6000 -3.3877
    endloop
endfacet
facet normal -50.0000 -4.2611 -10.0000
    outer loop
        vertex -18.5218 -1.6000 -3.3877
        vertex -18.4546 -1.6000 -3.5859
        vertex -17.6818 -1.6000 -3.3789
    endloop
endfacet
facet normal -50.0000 -4.3916 -10.0000
    outer loop
        vertex -17.7826 -1.6000 -3.0815
        vertex -17.9216 -1.6000 -2.8000
        vertex -18.6144 -1.6000 -3.2000
    endloop
endfacet
facet normal -50.0000 -4.2611 -10.0000
    outer loop
        vertex -18.6144 -1.6000 -3.2000
        vertex -18.5218 -1.6000 -3.3877
        vertex -17.7826 -1.6000 -3.0815
    endloop
endfacet
facet normal -50.0000 -4.3916 -10.0000
    outer loop
        vertex -17.9216 -1.6000 -2.8000
        vertex -18.0958 -1.6000 -2.5389
        vertex -18.7306 -1.6000 -3.0259
    endloop
endfacet
facet normal -50.0000 -4.2610 -10.0000
    outer loop
        vertex -18.7306 -1.6000 -3.0259
        vertex -18.6144 -1.6000 -3.2000
        vertex -17.9216 -1.6000 -2.8000
    endloop
endfacet
facet normal -50.0000 -4.3916 -10.0000
    outer loop
        vertex -18.0958 -1.6000 -2.5389
        vertex -18.3030 -1.6000 -2.3030
        vertex -18.8686 -1.6000 -2.8686
    endloop
endfacet
facet normal -50.0000 -4.2611 -10.0000
    outer loop
        vertex -18.8686 -1.6000 -2.8686
        vertex -18.7306 -1.6000 -3.0259
        vertex -18.0958 -1.6000 -2.5389
    endloop
endfacet
facet normal -50.0000 -4.3916 -10.0000
    outer loop
        vertex -18.3030 -1.6000 -2.3030
        vertex -18.5389 -1.6000 -2.0958
        vertex -19.0259 -1.6000 -2.7306
    endloop
endfacet
facet normal -50.0000 -4.2611 -10.0000
    outer loop
        vertex -19.0259 -1.6000 -2.7306
        vertex -18.8686 -1.6000 -2.8686
        vertex -18.3030 -1.6000 -2.3030
    endloop
endfacet
facet normal -50.0000 -4.3916 -10.0000
    outer loop
        vertex -18.5389 -1.6000 -2.0958
        vertex -18.8000 -1.6000 -1.9216
        vertex -19.2000 -1.6000 -2.6144
    endloop
endfacet
facet normal -50.0000 -4.2610 -10.0000
    outer loop
        vertex -19.2000 -1.6000 -2.6144
        vertex -19.0259 -1.6000 -2.7306
        vertex -18.5389 -1.6000 -2.0958
    endloop
endfacet
facet normal -50.0000 -4.3916 -10.0000
    outer loop
        vertex -18.8000 -1.6000 -1.9216
        vertex -19.0815 -1.6000 -1.7826
        vertex -19.3877 -1.6000 -2.5218
    endloop
endfacet
facet normal -50.0000 -4.2611 -10.0000
    outer loop
        vertex -19.3877 -1.6000 -2.5218
        vertex -19.2000 -1.6000 -2.6144
        vertex -18.8000 -1.6000 -1.9216
    endloop
endfacet
facet normal -50.0000 -4.3916 -10.0000
    outer loop
        vertex -19.0815 -1.6000 -1.7826
        vertex -19.3789 -1.6000 -1.6818
        vertex -19.5859 -1.6000 -2.4546
    endloop
endfacet
facet normal -50.0000 -4.2611 -10.0000
    outer loop
        vertex -19.5859 -1.6000 -2.4546
        vertex -19.3877 -1.6000 -2.5218
        vertex -19.0815 -1.6000 -1.7826
    endloop
endfacet
facet normal -50.0000 -4.3916 -10.0000
    outer loop
        vertex -19.3789 -1.6000 -1.6818
        vertex -19.6868 -1.6000 -1.6206
        vertex -19.7912 -1.6000 -2.4138
    endloop
endfacet
facet normal -50.0000 -4.2610 -10.0000
    outer loop
        vertex -19.7912 -1.6000 -2.4138
        vertex -19.5859 -1.6000 -2.4546
        vertex -19.3789 -1.6000 -1.6818
    endloop
endfacet
facet normal -50.0000 -4.3915 -10.0000
    outer loop
        vertex -19.6868 -1.6000 -1.6206
        vertex -20.0000 -1.6000 -1.6000
        vertex -20.0000 -1.6000 -2.4000
    endloop
endfacet
facet normal -50.0000 -4.2610 -10.0000
    outer loop
        vertex -20.0000 -1.6000 -2.4000
        vertex -19.7912 -1.6000 -2.4138
        vertex -19.6868 -1.6000 -1.6206
    endloop
endfacet
facet normal -50.0000 -4.3915 -10.0000
    outer loop
        vertex -20.0000 -1.6000 -1.6000
        vertex -20.3132 -1.6000 -1.6206
        vertex -20.2088 -1.6000 -2.4138
    endloop
endfacet
facet normal -50.0000 -4.2610 -10.0000
    outer loop
        vertex -20.2088 -1.6000 -2.4138
        vertex -20.0000 -1.6000 -2.4000
        vertex -20.0000 -1.6000 -1.6000
    endloop
endfacet
facet normal -50.0000 -4.3916 -10.0000
    outer loop
        vertex -20.3132 -1.6000 -1.6206
        vertex -20.6211 -1.6000 -1.6818
        vertex -20.4141 -1.6000 -2.4546
    endloop
endfacet
facet normal -50.0000 -4.2610 -10.0000
    outer loop
        vertex -20.4141 -1.6000 -2.4546
        vertex -20.2088 -1.6000 -2.4138
        vertex -20.3132 -1.6000 -1.6206
    endloop
endfacet
facet normal -50.0000 -4.3916 -10.0000
    outer loop
        vertex -20.6211 -1.6000 -1.6818
        vertex -20.9185 -1.6000 -1.7826
        vertex -20.6123 -1.6000 -2.5218
    endloop
endfacet
facet normal -50.0000 -4.2611 -10.0000
    outer loop
        vertex -20.6123 -1.6000 -2.5218
        vertex -20.4141 -1.6000 -2.4546
        vertex -20.6211 -1.6000 -1.6818
    endloop
endfacet
facet normal -50.0000 -4.3916 -10.0000
    outer loop
        vertex -20.9185 -1.6000 -1.7826
        vertex -21.2000 -1.6000 -1.9216
        vertex -20.8000 -1.6000 -2.6144
    endloop
endfacet
facet normal -50.0000 -4.2611 -10.0000
    outer loop
        vertex -20.8000 -1.6000 -2.6144
        vertex -20.6123 -1.6000 -2.5218
        vertex -20.9185 -1.6000 -1.7826
    endloop
endfacet
facet normal -50.0000 -4.3916 -10.0000
    outer loop
        vertex -21.2000 -1.6000 -1.9216
        vertex -21.4611 -1.6000 -2.0958
        vertex -20.9741 -1.6000 -2.7306
    endloop
endfacet
facet normal -50.0000 -4.2610 -10.0000
    outer loop
        vertex -20.9741 -1.6000 -2.7306
        vertex -20.8000 -1.6000 -2.6144
        vertex -21.2000 -1.6000 -1.9216
    endloop
endfacet
facet normal -50.0000 -4.3916 -10.0000
    outer loop
        vertex -21.4611 -1.6000 -2.0958
        vertex -21.6970 -1.6000 -2.3030
        vertex -21.1314 -1.6000 -2.8686
    endloop
endfacet
facet normal -50.0000 -4.2611 -10.0000
    outer loop
        vertex -21.1314 -1.6000 -2.8686
        vertex -20.9741 -1.6000 -2.7306
        vertex -21.4611 -1.6000 -2.0958
    endloop
endfacet
facet normal -50.0000 -4.3916 -10.0000
    outer loop
        vertex -21.6970 -1.6000 -2.3030
        vertex -21.9042 -1.6000 -2.5389
        vertex -21.2694 -1.6000 -3.0259
    endloop
endfacet
facet normal -50.0000 -4.2611 -10.0000
    outer loop
        vertex -21.2694 -1.6000 -3.0259
        vertex -21.1314 -1.6000 -2.8686
        vertex -21.6970 -1.6000 -2.3030
    endloop
endfacet
facet normal -50.0000 -4.3916 -10.0000
    outer loop
        vertex -21.9042 -1.6000 -2.5389
        vertex -22.0784 -1.6000 -2.8000
        vertex -21.3856 -1.6000 -3.2000
    endloop
endfacet
facet normal -50.0000 -4.2610 -10.0000
    outer loop
        vertex -21.3856 -1.6000 -3.2000
        vertex -21.2694 -1.6000 -3.0259
        vertex -21.9042 -1.6000 -2.5389
    endloop
endfacet
facet normal -50.0000 -4.3916 -10.0000
    outer loop
        vertex -22.0784 -1.6000 -2.8000
        vertex -22.2174 -1.6000 -3.0815
        vertex -21.4782 -1.6000 -3.3877
    endloop
endfacet
facet normal -50.0000 -4.2611 -10.0000
    outer loop
        vertex -21.4782 -1.6000 -3.3877
        vertex -21.3856 -1.6000 -3.2000
        vertex -22.0784 -1.6000 -2.8000
    endloop
endfacet
facet normal -50.0000 -4.3916 -10.0000
    outer loop
        vertex -22.2174 -1.6000 -3.0815
        vertex -22.3182 -1.6000 -3.3789
        vertex -21.5454 -1.6000 -3.5859
    endloop
endfacet
facet normal -50.0000 -4.2611 -10.0000
    outer loop
        vertex -21.5454 -1.6000 -3.5859
        vertex -21.4782 -1.6000 -3.3877
        vertex -22.2174 -1.6000 -3.0815
    endloop
endfacet
facet normal -50.0000 -4.3916 -10.0000
    outer loop
        vertex -22.3182 -1.6000 -3.3789
        vertex -22.3794 -1.6000 -3.6868
        vertex -21.5862 -1.6000 -3.7912
    endloop
endfacet
facet normal -50.0000 -4.2610 -10.0000
    outer loop
        vertex -21.5862 -1.6000 -3.7912
        vertex -21.5454 -1.6000 -3.5859
        vertex -22.3182 -1.6000 -3.3789
    endloop
endfacet
facet normal -50.0000 -4.3915 -10.0000
    outer loop
        vertex -22.3794 -1.6000 -3.6868
        vertex -22.4000 -1.6000 -4.0000
        vertex -21.6000 -1.6000 -4.0000
    endloop
endfacet
facet normal -50.0000 -4.2610 -10.0000
    outer loop
        vertex -21.6000 -1.6000 -4.0000
        vertex -21.5862 -1.6000 -3.7912
        vertex -22.3794 -1.6000 -3.6868
    endloop
endfacet
facet normal -50.0000 -4.3915 -10.0000
    outer loop
        vertex -22.4000 -1.6000 -4.0000
        vertex -22.3794 -1.6000 -4.3132
        vertex -21.5862 -1.6000 -4.2088
    endloop
endfacet
facet normal -50.0000 -4.2610 -10.0000
    outer loop
        vertex -21.5862 -1.6000 -4.2088
        vertex -21.6000 -1.6000 -4.0000
        vertex -22.4000 -1.6000 -4.0000
    endloop
endfacet
facet normal -50.0000 -4.3916 -10.0000
    outer loop
        vertex -22.3794 -1.6000 -4.3132
        vertex -22.3182 -1.6000 -4.6211
        vertex -21.5454 -1.6000 -4.4141
    endloop
endfacet
facet normal -50.0000 -4.2610 -10.0000
    outer loop
        vertex -21.5454 -1.6000 -4.4141
        vertex -21.5862 -1.6000 -4.2088
        vertex -22.3794 -1.6000 -4.3132
    endloop
endfacet
facet normal -50.0000 -4.3916 -10.0000
    outer loop
        vertex -22.3182 -1.6000 -4.6211
        vertex -22.2174 -1.6000 -4.9185
        vertex -21.4782 -1.6000 -4.6123
    endloop
endfacet
facet normal -50.0000 -4.2611 -10.0000
    outer loop
        vertex -21.4782 -1.6000 -4.6123
        vertex -21.5454 -1.6000 -4.4141
        vertex -22.3182 -1.6000 -4.6211
    endloop
endfacet
facet normal -50.0000 -4.3916 -10.0000
    outer loop
        vertex -22.2174 -1.6000 -4.9185
        vertex -22.0784 -1.6000 -5.2000
        vertex -21.3856 -1.6000 -4.8000
    endloop
endfacet
facet normal -50.0000 -4.2611 -10.0000
    outer loop
        vertex -21.3856 -1.6000 -4.8000
        vertex -21.4782 -1.6000 -4.6123
        vertex -22.2174 -1.6000 -4.9185
    endloop
endfacet
facet normal -50.0000 -4.3916 -10.0000
    outer loop
        vertex -22.0784 -1.6000 -5.2000
        vertex -21.9042 -1.6000 -5.4611
        vertex -21.2694 -1.6000 -4.9741
    endloop
endfacet
facet normal -50.0000 -4.2610 -10.0000
    outer loop
        vertex -21.2694 -1.6000 -4.9741
        vertex -21.3856 -1.6000 -4.8000
        vertex -22.0784 -1.6000 -5.2000
    endloop
endfacet
facet normal -50.0000 -4.3916 -10.0000
    outer loop
        vertex -21.9042 -1.6000 -5.4611
        vertex -21.6970 -1.6000 -5.6970
        vertex -21.1314 -1.6000 -5.1314
    endloop
endfacet
facet normal -50.0000 -4.2611 -10.0000
    outer loop
        vertex -21.1314 -1.6000 -5.1314
        vertex -21.2694 -1.6000 -4.9741
        vertex -21.9042 -1.6000 -5.4611
    endloop
endfacet
facet normal -50.0000 -4.3916 -10.0000
    outer loop
        vertex -21.6970 -1.6000 -5.6970
        vertex -21.4611 -1.6000 -5.9042
        vertex -20.9741 -1.6000 -5.2694
    endloop
endfacet
facet normal -50.0000 -4.2611 -10.0000
    outer loop
        vertex -20.9741 -1.6000 -5.2694
        vertex -21.1314 -1.6000 -5.1314
        vertex -21.6970 -1.6000 -5.6970
    endloop
endfacet
facet normal -50.0000 -4.3916 -10.0000
    outer loop
        vertex -21.4611 -1.6000 -5.9042
        vertex -21.2000 -1.6000 -6.0784
        vertex -20.8000 -1.6000 -5.3856
    endloop
endfacet
facet normal -50.0000 -4.2610 -10.0000
    outer loop
        vertex -20.8000 -1.6000 -5.3856
        vertex -20.9741 -1.6000 -5.2694
        vertex -21.4611 -1.6000 -5.9042
    endloop
endfacet
facet normal -50.0000 -4.3916 -10.0000
    outer loop
        vertex -21.2000 -1.6000 -6.0784
        vertex -20.9185 -1.6000 -6.2174
        vertex -20.6123 -1.6000 -5.4782
    endloop
endfacet
facet normal -50.0000 -4.2611 -10.0000
    outer loop
        vertex -20.6123 -1.6000 -5.4782
        vertex -20.8000 -1.6000 -5.3856
        vertex -21.2000 -1.6000 -6.0784
    endloop
endfacet
facet normal -50.0000 -4.3916 -10.0000
    outer loop
        vertex -20.9185 -1.6000 -6.2174
        vertex -20.6211 -1.6000 -6.3182
        vertex -20.4141 -1.6000 -5.5454
    endloop
endfacet
facet normal -50.0000 -4.2611 -10.0000
    outer loop
        vertex -20.4141 -1.6000 -5.5454
        vertex -20.6123 -1.6000 -5.4782
        vertex -20.9185 -1.6000 -6.2174
    endloop
endfacet
facet normal -50.0000 -4.3916 -10.0000
    outer loop
        vertex -20.6211 -1.6000 -6.3182
        vertex -20.3132 -1.6000 -6.3794
        vertex -20.2088 -1.6000 -5.5862
    endloop
endfacet
facet normal -50.0000 -4.2610 -10.0000
    outer loop
        vertex -20.2088 -1.6000 -5.5862
        vertex -20.4141 -1.6000 -5.5454
        vertex -20.6211 -1.6000 -6.3182
    endloop
endfacet
facet normal -50.0000 -4.3915 -10.0000
    outer loop
        vertex -20.3132 -1.6000 -6.3794
        vertex -20.0000 -1.6000 -6.4000
        vertex -20.0000 -1.6000 -5.6000
    endloop
endfacet
facet normal -50.0000 -4.2610 -10.0000
    outer loop
        vertex -20.0000 -1.6000 -5.6000
        vertex -20.2088 -1.6000 -5.5862
        vertex -20.3132 -1.6000 -6.3794
    endloop
endfacet
facet normal -50.0000 -4.3915 -10.0000
    outer loop
        vertex -20.0000 -1.6000 -6.4000
        vertex -19.6868 -1.6000 -6.3794
        vertex -19.7912 -1.6000 -5.5862
    endloop
endfacet
facet normal -50.0000 -4.2610 -10.0000
    outer loop
        vertex -19.7912 -1.6000 -5.5862
        vertex -20.0000 -1.6000 -5.6000
        vertex -20.0000 -1.6000 -6.4000
    endloop
endfacet
facet normal -50.0000 -4.3916 -10.0000
    outer loop
        vertex -19.6868 -1.6000 -6.3794
        vertex -19.3789 -1.6000 -6.3182
        vertex -19.5859 -1.6000 -5.5454
    endloop
endfacet
facet normal -50.0000 -4.2610 -10.0000
    outer loop
        vertex -19.5859 -1.6000 -5.5454
        vertex -19.7912 -1.6000 -5.5862
        vertex -19.6868 -1.6000 -6.3794
    endloop
endfacet
facet normal -50.0000 -4.3916 -10.0000
    outer loop
        vertex -19.3789 -1.6000 -6.3182
        vertex -19.0815 -1.6000 -6.2174
        vertex -19.3877 -1.6000 -5.4782
    endloop
endfacet
facet normal -50.0000 -4.2611 -10.0000
    outer loop
        vertex -19.3877 -1.6000 -5.4782
        vertex -19.5859 -1.6000 -5.5454
        vertex -19.3789 -1.6000 -6.3182
    endloop
endfacet
facet normal -50.0000 -4.3916 -10.0000
    outer loop
        vertex -19.0815 -1.6000 -6.2174
        vertex -18.8000 -1.6000 -6.0784
        vertex -19.2000 -1.6000 -5.3856
    endloop
endfacet
facet normal -50.0000 -4.2611 -10.0000
    outer loop
        vertex -19.2000 -1.6000 -5.3856
        vertex -19.3877 -1.6000 -5.4782
        vertex -19.0815 -1.6000 -6.2174
    endloop
endfacet
facet normal -50.0000 -4.3916 -10.0000
    outer loop
        vertex -18.8000 -1.6000 -6.0784
        vertex -18.5389 -1.6000 -5.9042
        vertex -19.0259 -1.6000 -5.2694
    endloop
endfacet
facet normal -50.0000 -4.2610 -10.0000
    outer loop
        vertex -19.0259 -1.6000 -5.2694
        vertex -19.2000 -1.6000 -5.3856
        vertex -18.8000 -1.6000 -6.0784
    endloop
endfacet
facet normal -50.0000 -4.3916 -10.0000
    outer loop
        vertex -18.5389 -1.6000 -5.9042
        vertex -18.3030 -1.6000 -5.6970
        vertex -18.8686 -1.6000 -5.1314
    endloop
endfacet
facet normal -50.0000 -4.2611 -10.0000
    outer loop
        vertex -18.8686 -1.6000 -5.1314
        vertex -19.0259 -1.6000 -5.2694
        vertex -18.5389 -1.6000 -5.9042
    endloop
endfacet
facet normal -50.0000 -4.3916 -10.0000
    outer loop
        vertex -18.3030 -1.6000 -5.6970
        vertex -18.0958 -1.6000 -5.4611
        vertex -18.7306 -1.6000 -4.9741
    endloop
endfacet
facet normal -50.0000 -4.2611 -10.0000
    outer loop
        vertex -18.7306 -1.6000 -4.9741
        vertex -18.8686 -1.6000 -5.1314
        vertex -18.3030 -1.6000 -5.6970
    endloop
endfacet
facet normal -50.0000 -4.3916 -10.0000
    outer loop
        vertex -18.0958 -1.6000 -5.4611
        vertex -17.9216 -1.6000 -5.2000
        vertex -18.6144 -1.6000 -4.8000
    endloop
endfacet
facet normal -50.0000 -4.2610 -10.0000
    outer loop
        vertex -18.6144 -1.6000 -4.8000
        vertex -18.7306 -1.6000 -4.9741
        vertex -18.0958 -1.6000 -5.4611
    endloop
endfacet
facet normal -50.0000 -4.3916 -10.0000
    outer loop
        vertex -17.9216 -1.6000 -5.2000
        vertex -17.7826 -1.6000 -4.9185
        vertex -18.5218 -1.6000 -4.6123
    endloop
endfacet
facet normal -50.0000 -4.2611 -10.0000
    outer loop
        vertex -18.5218 -1.6000 -4.6123
        vertex -18.6144 -1.6000 -4.8000
        vertex -17.9216 -1.6000 -5.2000
    endloop
endfacet
facet normal -50.0000 -4.3916 -10.0000
    outer loop
        vertex -17.7826 -1.6000 -4.9185
        vertex -17.6818 -1.6000 -4.6211
        vertex -18.4546 -1.6000 -4.4141
    endloop
endfacet
facet normal -50.0000 -4.2611 -10.0000
    outer loop
        vertex -18.4546 -1.6000 -4.4141
        vertex -18.5218 -1.6000 -4.6123
        vertex -17.7826 -1.6000 -4.9185
    endloop
endfacet
facet normal -50.0000 -4.3916 -10.0000
    outer loop
        vertex -17.6818 -1.6000 -4.6211
        vertex -17.6206 -1.6000 -4.3132
        vertex -18.4138 -1.6000 -4.2088
    endloop
endfacet
facet normal -50.0000 -4.2610 -10.0000
    outer loop
        vertex -18.4138 -1.6000 -4.2088
        vertex -18.4546 -1.6000 -4.4141
        vertex -17.6818 -1.6000 -4.6211
    endloop
endfacet
facet normal -50.0000 -4.3915 -10.0000
    outer loop
        vertex -17.6206 -1.6000 -4.3132
        vertex -17.6000 -1.6000 -4.0000
        vertex -18.4000 -1.6000 -4.0000
    endloop
endfacet
facet normal -50.0000 -4.2610 -10.0000
    outer loop
        vertex -18.4000 -1.6000 -4.0000
        vertex -18.4138 -1.6000 -4.2088
        vertex -17.6206 -1.6000 -4.3132
    endloop
endfacet
facet normal -30.5220 -4.0000 -10.0344
    outer loop
        vertex -10.4138 -1.6000 -3.7912
        vertex -10.4000 0.0000 -4.0000
        vertex -10.4000 -1.6000 -4.0000
    endloop
endfacet
facet normal -30.5220 -4.0000 -10.0344
    outer loop
        vertex -10.4000 0.0000 -4.0000
        vertex -10.4138 -1.6000 -3.7912
        vertex -10.4138 0.0000 -3.7912
    endloop
endfacet
facet normal -30.5132 -4.0000 -10.1020
    outer loop
        vertex -10.4546 -1.6000 -3.5859
        vertex -10.4138 0.0000 -3.7912
        vertex -10.4138 -1.6000 -3.7912
    endloop
endfacet
facet normal -30.5132 -4.0000 -10.1020
    outer loop
        vertex -10.4138 0.0000 -3.7912
        vertex -10.4546 -1.6000 -3.5859
        vertex -10.4546 0.0000 -3.5859
    endloop
endfacet
facet normal -30.4956 -4.0000 -10.1680
    outer loop
        vertex -10.5218 -1.6000 -3.3877
        vertex -10.4546 0.0000 -3.5859
        vertex -10.4546 -1.6000 -3.5859
    endloop
endfacet
facet normal -30.4956 -4.0000 -10.1680
    outer loop
        vertex -10.4546 0.0000 -3.5859
        vertex -10.5218 -1.6000 -3.3877
        vertex -10.5218 0.0000 -3.3877
    endloop
endfacet
facet normal -30.4692 -4.0000 -10.2316
    outer loop
        vertex -10.6144 -1.6000 -3.2000
        vertex -10.5218 0.0000 -3.3877
        vertex -10.5218 -1.6000 -3.3877
    endloop
endfacet
facet normal -30.4692 -4.0000 -10.2316
    outer loop
        vertex -10.5218 0.0000 -3.3877
        vertex -10.6144 -1.6000 -3.2000
        vertex -10.6144 0.0000 -3.2000
    endloop
endfacet
facet normal -30.4352 -4.0000 -10.2904
    outer loop
        vertex -10.7306 -1.6000 -3.0259
        vertex -10.6144 0.0000 -3.2000
        vertex -10.6144 -1.6000 -3.2000
    endloop
endfacet
facet normal -30.4352 -4.0000 -10.2904
    outer loop
        vertex -10.6144 0.0000 -3.2000
        vertex -10.7306 -1.6000 -3.0259
        vertex -10.7306 0.0000 -3.0259
    endloop
endfacet
facet normal -30.3932 -4.0000 -10.3452
    outer loop
        vertex -10.8686 -1.6000 -2.8686
        vertex -10.7306 0.0000 -3.0259
        vertex -10.7306 -1.6000 -3.0259
    endloop
endfacet
facet normal -30.3932 -4.0000 -10.3452
    outer loop
        vertex -10.7306 0.0000 -3.0259
        vertex -10.8686 -1.6000 -2.8686
        vertex -10.8686 0.0000 -2.8686
    endloop
endfacet
facet normal -30.3452 -4.0000 -10.3932
    outer loop
        vertex -11.0259 -1.6000 -2.7306
        vertex -10.8686 0.0000 -2.8686
        vertex -10.8686 -1.6000 -2.8686
    endloop
endfacet
facet normal -30.3452 -4.0000 -10.3932
    outer loop
        vertex -10.8686 0.0000 -2.8686
        vertex -11.0259 -1.6000 -2.7306
        vertex -11.0259 0.0000 -2.7306
    endloop
endfacet
facet normal -30.2904 -4.0000 -10.4352
    outer loop
        vertex -11.2000 -1.6000 -2.6144
        vertex -11.0259 0.0000 -2.7306
        vertex -11.0259 -1.6000 -2.7306
    endloop
endfacet
facet normal -30.2904 -4.0000 -10.4352
    outer loop
        vertex -11.0259 0.0000 -2.7306
        vertex -11.2000 -1.6000 -2.6144
        vertex -11.2000 0.0000 -2.6144
    endloop
endfacet
facet normal -30.2316 -4.0000 -10.4692
    outer loop
        vertex -11.3877 -1.6000 -2.5218
        vertex -11.2000 0.0000 -2.6144
        vertex -11.2000 -1.6000 -2.6144
    endloop
endfacet
facet normal -30.2316 -4.0000 -10.4692
    outer loop
        vertex -11.2000 0.0000 -2.6144
        vertex -11.3877 -1.6000 -2.5218
        vertex -11.3877 0.0000 -2.5218
    endloop
endfacet
facet normal -30.1680 -4.0000 -10.4956
    outer loop
        vertex -11.5859 -1.6000 -2.4546
        vertex -11.3877 0.0000 -2.5218
        vertex -11.3877 -1.6000 -2.5218
    endloop
endfacet
facet normal -30.1680 -4.0000 -10.4956
    outer loop
        vertex -11.3877 0.0000 -2.5218
        vertex -11.5859 -1.6000 -2.4546
        vertex -11.5859 0.0000 -2.4546
    endloop
endfacet
facet normal -30.1020 -4.0000 -10.5132
    outer loop
        vertex -11.7912 -1.6000 -2.4138
        vertex -11.5859 0.0000 -2.4546
        vertex -11.5859 -1.6000 -2.4546
    endloop
endfacet
facet normal -30.1020 -4.0000 -10.5132
    outer loop
        vertex -11.5859 0.0000 -2.4546
        vertex -11.7912 -1.6000 -2.4138
        vertex -11.7912 0.0000 -2.4138
    endloop
endfacet
facet normal -30.0344 -4.0000 -10.5220
    outer loop
        vertex -12.0000 -1.6000 -2.4000
        vertex -11.7912 0.0000 -2.4138
        vertex -11.7912 -1.6000 -2.4138
    endloop
endfacet
facet normal -30.0344 -4.0000 -10.5220
    outer loop
        vertex -11.7912 0.0000 -2.4138
        vertex -12.0000 -1.6000 -2.4000
        vertex -12.0000 0.0000 -2.4000
    endloop
endfacet
facet normal -29.9656 -4.0000 -10.5220
    outer loop
        vertex -12.2088 -1.6000 -2.4138
        vertex -12.0000 0.0000 -2.4000
        vertex -12.0000 -1.6000 -2.4000
    endloop
endfacet
facet normal -29.9656 -4.0000 -10.5220
    outer loop
        vertex -12.0000 0.0000 -2.4000
        vertex -12.2088 -1.6000 -2.4138
        vertex -12.2088 0.0000 -2.4138
    endloop
endfacet
facet normal -29.8980 -4.0000 -10.5132
    outer loop
        vertex -12.4141 -1.6000 -2.4546
        vertex -12.2088 0.0000 -2.4138
        vertex -12.2088 -1.6000 -2.4138
    endloop
endfacet
facet normal -29.8980 -4.0000 -10.5132
    outer loop
        vertex -12.2088 0.0000 -2.4138
        vertex -12.4141 -1.6000 -2.4546
        vertex -12.4141 0.0000 -2.4546
    endloop
endfacet
facet normal -29.8320 -4.0000 -10.4956
    outer loop
        vertex -12.6123 -1.6000 -2.5218
        vertex -12.4141 0.0000 -2.4546
        vertex -12.4141 -1.6000 -2.4546
    endloop
endfacet
facet normal -29.8320 -4.0000 -10.4956
    outer loop
        vertex -12.4141 0.0000 -2.4546
        vertex -12.6123 -1.6000 -2.5218
        vertex -12.6123 0.0000 -2.5218
    endloop
endfacet
facet normal -29.7684 -4.0000 -10.4692
    outer loop
        vertex -12.8000 -1.6000 -2.6144
        vertex -12.6123 0.0000 -2.5218
        vertex -12.6123 -1.6000 -2.5218
    endloop
endfacet
facet normal -29.7684 -4.0000 -10.4692
    outer loop
        vertex -12.6123 0.0000 -2.5218
        vertex -12.8000 -1.6000 -2.6144
        vertex -12.8000 0.0000 -2.6144
    endloop
endfacet
facet normal -29.7096 -4.0000 -10.4352
    outer loop
        vertex -12.9741 -1.6000 -2.7306
        vertex -12.8000 0.0000 -2.6144
        vertex -12.8000 -1.6000 -2.6144
    endloop
endfacet
facet normal -29.7096 -4.0000 -10.4352
    outer loop
        vertex -12.8000 0.0000 -2.6144
        vertex -12.9741 -1.6000 -2.7306
        vertex -12.9741 0.0000 -2.7306
    endloop
endfacet
facet normal -29.6548 -4.0000 -10.3932
    outer loop
        vertex -13.1314 -1.6000 -2.8686
        vertex -12.9741 0.0000 -2.7306
        vertex -12.9741 -1.6000 -2.7306
    endloop
endfacet
facet normal -29.6548 -4.0000 -10.3932
    outer loop
        vertex -12.9741 0.0000 -2.7306
        vertex -13.1314 -1.6000 -2.8686
        vertex -13.1314 0.0000 -2.8686
    endloop
endfacet
facet normal -29.6068 -4.0000 -10.3452
    outer loop
        vertex -13.2694 -1.6000 -3.0259
        vertex -13.1314 0.0000 -2.8686
        vertex -13.1314 -1.6000 -2.8686
    endloop
endfacet
facet normal -29.6068 -4.0000 -10.3452
    outer loop
        vertex -13.1314 0.0000 -2.8686
        vertex -13.2694 -1.6000 -3.0259
        vertex -13.2694 0.0000 -3.0259
    endloop
endfacet
facet normal -29.5648 -4.0000 -10.2904
    outer loop
        vertex -13.3856 -1.6000 -3.2000
        vertex -13.2694 0.0000 -3.0259
        vertex -13.2694 -1.6000 -3.0259
    endloop
endfacet
facet normal -29.5648 -4.0000 -10.2904
    outer loop
        vertex -13.2694 0.0000 -3.0259
        vertex -13.3856 -1.6000 -3.2000
        vertex -13.3856 0.0000 -3.2000
    endloop
endfacet
facet normal -29.5308 -4.0000 -10.2316
    outer loop
        vertex -13.4782 -1.6000 -3.3877
        vertex -13.3856 0.0000 -3.2000
        vertex -13.3856 -1.6000 -3.2000
    endloop
endfacet
facet normal -29.5308 -4.0000 -10.2316
    outer loop
        vertex -13.3856 0.0000 -3.2000
        vertex -13.4782 -1.6000 -3.3877
        vertex -13.4782 0.0000 -3.3877
    endloop
endfacet
facet normal -29.5044 -4.0000 -10.1680
    outer loop
        vertex -13.5454 -1.6000 -3.5859
        vertex -13.4782 0.0000 -3.3877
        vertex -13.4782 -1.6000 -3.3877
    endloop
endfacet
facet normal -29.5044 -4.0000 -10.1680
    outer loop
        vertex -13.4782 0.0000 -3.3877
        vertex -13.5454 -1.6000 -3.5859
        vertex -13.5454 0.0000 -3.5859
    endloop
endfacet
facet normal -29.4868 -4.0000 -10.1020
    outer loop
        vertex -13.5862 -1.6000 -3.7912
        vertex -13.5454 0.0000 -3.5859
        vertex -13.5454 -1.6000 -3.5859
    endloop
endfacet
facet normal -29.4868 -4.0000 -10.1020
    outer loop
        vertex -13.5454 0.0000 -3.5859
        vertex -13.5862 -1.6000 -3.7912
        vertex -13.5862 0.0000 -3.7912
    endloop
endfacet
facet normal -29.4780 -4.0000 -10.0344
    outer loop
        vertex -13.6000 -1.6000 -4.0000
        vertex -13.5862 0.0000 -3.7912
        vertex -13.5862 -1.6000 -3.7912
    endloop
endfacet
facet normal -29.4780 -4.0000 -10.0344
    outer loop
        vertex -13.5862 0.0000 -3.7912
        vertex -13.6000 -1.6000 -4.0000
        vertex -13.6000 0.0000 -4.0000
    endloop
endfacet
facet normal -29.4780 -4.0000 -9.9656
    outer loop
        vertex -13.5862 -1.6000 -4.2088
        vertex -13.6000 0.0000 -4.0000
        vertex -13.6000 -1.6000 -4.0000
    endloop
endfacet
facet normal -29.4780 -4.0000 -9.9656
    outer loop
        vertex -13.6000 0.0000 -4.0000
        vertex -13.5862 -1.6000 -4.2088
        vertex -13.5862 0.0000 -4.2088
    endloop
endfacet
facet normal -29.4868 -4.0000 -9.8980
    outer loop
        vertex -13.5454 -1.6000 -4.4141
        vertex -13.5862 0.0000 -4.2088
        vertex -13.5862 -1.6000 -4.2088
    endloop
endfacet
facet normal -29.4868 -4.0000 -9.8980
    outer loop
        vertex -13.5862 0.0000 -4.2088
        vertex -13.5454 -1.6000 -4.4141
        vertex -13.5454 0.0000 -4.4141
    endloop
endfacet
facet normal -29.5044 -4.0000 -9.8320
    outer loop
        vertex -13.4782 -1.6000 -4.6123
        vertex -13.5454 0.0000 -4.4141
        vertex -13.5454 -1.6000 -4.4141
    endloop
endfacet
facet normal -29.5044 -4.0000 -9.8320
    outer loop
        vertex -13.5454 0.0000 -4.4141
        vertex -13.4782 -1.6000 -4.6123
        vertex -13.4782 0.0000 -4.6123
    endloop
endfacet
facet normal -29.5308 -4.0000 -9.7684
    outer loop
        vertex -13.3856 -1.6000 -4.8000
        vertex -13.4782 0.0000 -4.6123
        vertex -13.4782 -1.6000 -4.6123
    endloop
endfacet
facet normal -29.5308 -4.0000 -9.7684
    outer loop
        vertex -13.4782 0.0000 -4.6123
        vertex -13.3856 -1.6000 -4.8000
        vertex -13.3856 0.0000 -4.8000
    endloop
endfacet
facet normal -29.5648 -4.0000 -9.7096
    outer loop
        vertex -13.2694 -1.6000 -4.9741
        vertex -13.3856 0.0000 -4.8000
        vertex -13.3856 -1.6000 -4.8000
    endloop
endfacet
facet normal -29.5648 -4.0000 -9.7096
    outer loop
        vertex -13.3856 0.0000 -4.8000
        vertex -13.2694 -1.6000 -4.9741
        vertex -13.2694 0.0000 -4.9741
    endloop
endfacet
facet normal -29.6068 -4.0000 -9.6548
    outer loop
        vertex -13.1314 -1.6000 -5.1314
        vertex -13.2694 0.0000 -4.9741
        vertex -13.2694 -1.6000 -4.9741
    endloop
endfacet
facet normal -29.6068 -4.0000 -9.6548
    outer loop
        vertex -13.2694 0.0000 -4.9741
        vertex -13.1314 -1.6000 -5.1314
        vertex -13.1314 0.0000 -5.1314
    endloop
endfacet
facet normal -29.6548 -4.0000 -9.6068
    outer loop
        vertex -12.9741 -1.6000 -5.2694
        vertex -13.1314 0.0000 -5.1314
        vertex -13.1314 -1.6000 -5.1314
    endloop
endfacet
facet normal -29.6548 -4.0000 -9.6068
    outer loop
        vertex -13.1314 0.0000 -5.1314
        vertex -12.9741 -1.6000 -5.2694
        vertex -12.9741 0.0000 -5.2694
    endloop
endfacet
facet normal -29.7096 -4.0000 -9.5648
    outer loop
        vertex -12.8000 -1.6000 -5.3856
        vertex -12.9741 0.0000 -5.2694
        vertex -12.9741 -1.6000 -5.2694
    endloop
endfacet
facet normal -29.7096 -4.0000 -9.5648
    outer loop
        vertex -12.9741 0.0000 -5.2694
        vertex -12.8000 -1.6000 -5.3856
        vertex -12.8000 0.0000 -5.3856
    endloop
endfacet
facet normal -29.7684 -4.0000 -9.5308
    outer loop
        vertex -12.6123 -1.6000 -5.4782
        vertex -12.8000 0.0000 -5.3856
        vertex -12.8000 -1.6000 -5.3856
    endloop
endfacet
facet normal -29.7684 -4.0000 -9.5308
    outer loop
        vertex -12.8000 0.0000 -5.3856
        vertex -12.6123 -1.6000 -5.4782
        vertex -12.6123 0.0000 -5.4782
    endloop
endfacet
facet normal -29.8320 -4.0000 -9.5044
    outer loop
        vertex -12.4141 -1.6000 -5.5454
        vertex -12.6123 0.0000 -5.4782
        vertex -12.6123 -1.6000 -5.4782
    endloop
endfacet
facet normal -29.8320 -4.0000 -9.5044
    outer loop
        vertex -12.6123 0.0000 -5.4782
        vertex -12.4141 -1.6000 -5.5454
        vertex -12.4141 0.0000 -5.5454
    endloop
endfacet
facet normal -29.8980 -4.0000 -9.4868
    outer loop
        vertex -12.2088 -1.6000 -5.5862
        vertex -12.4141 0.0000 -5.5454
        vertex -12.4141 -1.6000 -5.5454
    endloop
endfacet
facet normal -29.8980 -4.0000 -9.4868
    outer loop
        vertex -12.4141 0.0000 -5.5454
        vertex -12.2088 -1.6000 -5.5862
        vertex -12.2088 0.0000 -5.5862
    endloop
endfacet
facet normal -29.9656 -4.0000 -9.4780
    outer loop
        vertex -12.0000 -1.6000 -5.6000
        vertex -12.2088 0.0000 -5.5862
        vertex -12.2088 -1.6000 -5.5862
    endloop
endfacet
facet normal -29.9656 -4.0000 -9.4780
    outer loop
        vertex -12.2088 0.0000 -5.5862
        vertex -12.0000 -1.6000 -5.6000
        vertex -12.0000 0.0000 -5.6000
    endloop
endfacet
facet normal -30.0344 -4.0000 -9.4780
    outer loop
        vertex -11.7912 -1.6000 -5.5862
        vertex -12.0000 0.0000 -5.6000
        vertex -12.0000 -1.6000 -5.6000
    endloop
endfacet
facet normal -30.0344 -4.0000 -9.4780
    outer loop
        vertex -12.0000 0.0000 -5.6000
        vertex -11.7912 -1.6000 -5.5862
        vertex -11.7912 0.0000 -5.5862
    endloop
endfacet
facet normal -30.1020 -4.0000 -9.4868
    outer loop
        vertex -11.5859 -1.6000 -5.5454
        vertex -11.7912 0.0000 -5.5862
        vertex -11.7912 -1.6000 -5.5862
    endloop
endfacet
facet normal -30.1020 -4.0000 -9.4868
    outer loop
        vertex -11.7912 0.0000 -5.5862
        vertex -11.5859 -1.6000 -5.5454
        vertex -11.5859 0.0000 -5.5454
    endloop
endfacet
facet normal -30.1680 -4.0000 -9.5044
    outer loop
        vertex -11.3877 -1.6000 -5.4782
        vertex -11.5859 0.0000 -5.5454
        vertex -11.5859 -1.6000 -5.5454
    endloop
endfacet
facet normal -30.1680 -4.0000 -9.5044
    outer loop
        vertex -11.5859 0.0000 -5.5454
        vertex -11.3877 -1.6000 -5.4782
        vertex -11.3877 0.0000 -5.4782
    endloop
endfacet
facet normal -30.2316 -4.0000 -9.5308
    outer loop
        vertex -11.2000 -1.6000 -5.3856
        vertex -11.3877 0.0000 -5.4782
        vertex -11.3877 -1.6000 -5.4782
    endloop
endfacet
facet normal -30.2316 -4.0000 -9.5308
    outer loop
        vertex -11.3877 0.0000 -5.4782
        vertex -11.2000 -1.6000 -5.3856
        vertex -11.2000 0.0000 -5.3856
    endloop
endfacet
facet normal -30.2904 -4.0000 -9.5648
    outer loop
        vertex -11.0259 -1.6000 -5.2694
        vertex -11.2000 0.0000 -5.3856
        vertex -11.2000 -1.6000 -5.3856
    endloop
endfacet
facet normal -30.2904 -4.0000 -9.5648
    outer loop
        vertex -11.2000 0.0000 -5.3856
        vertex -11.0259 -1.6000 -5.2694
        vertex -11.0259 0.0000 -5.2694
    endloop
endfacet
facet normal -30.3452 -4.0000 -9.6068
    outer loop
        vertex -10.8686 -1.6000 -5.1314
        vertex -11.0259 0.0000 -5.2694
        vertex -11.0259 -1.6000 -5.2694
    endloop
endfacet
facet normal -30.3452 -4.0000 -9.6068
    outer loop
        vertex -11.0259 0.0000 -5.2694
        vertex -10.8686 -1.6000 -5.1314
        vertex -10.8686 0.0000 -5.1314
    endloop
endfacet
facet normal -30.3932 -4.0000 -9.6548
    outer loop
        vertex -10.7306 -1.6000 -4.9741
        vertex -10.8686 0.0000 -5.1314
        vertex -10.8686 -1.6000 -5.1314
    endloop
endfacet
facet normal -30.3932 -4.0000 -9.6548
    outer loop
        vertex -10.8686 0.0000 -5.1314
        vertex -10.7306 -1.6000 -4.9741
        vertex -10.7306 0.0000 -4.9741
    endloop
endfacet
facet normal -30.4352 -4.0000 -9.7096
    outer loop
        vertex -10.6144 -1.6000 -4.8000
        vertex -10.7306 0.0000 -4.9741
        vertex -10.7306 -1.6000 -4.9741
    endloop
endfacet
facet normal -30.4352 -4.0000 -9.7096
    outer loop
        vertex -10.7306 0.0000 -4.9741
        vertex -10.6144 -1.6000 -4.8000
        vertex -10.6144 0.0000 -4.8000
    endloop
endfacet
facet normal -30.4692 -4.0000 -9.7684
    outer loop
        vertex -10.5218 -1.6000 -4.6123
        vertex -10.6144 0.0000 -4.8000
        vertex -10.6144 -1.6000 -4.8000
    endloop
endfacet
facet normal -30.4692 -4.0000 -9.7684
    outer loop
        vertex -10.6144 0.0000 -4.8000
        vertex -10.5218 -1.6000 -4.6123
        vertex -10.5218 0.0000 -4.6123
    endloop
endfacet
facet normal -30.4956 -4.0000 -9.8320
    outer loop
        vertex -10.4546 -1.6000 -4.4141
        vertex -10.5218 0.0000 -4.6123
        vertex -10.5218 -1.6000 -4.6123
    endloop
endfacet
facet normal -30.4956 -4.0000 -9.8320
    outer loop
        vertex -10.5218 0.0000 -4.6123
        vertex -10.4546 -1.6000 -4.4141
        vertex -10.4546 0.0000 -4.4141
    endloop
endfacet
facet normal -30.5132 -4.0000 -9.8980
    outer loop
        vertex -10.4138 -1.6000 -4.2088
        vertex -10.4546 0.0000 -4.4141
        vertex -10.4546 -1.6000 -4.4141
    endloop
endfacet
facet normal -30.5132 -4.0000 -9.8980
    outer loop
        vertex -10.4546 0.0000 -4.4141
        vertex -10.4138 -1.6000 -4.2088
        vertex -10.4138 0.0000 -4.2088
    endloop
endfacet
facet normal -30.5220 -4.0000 -9.9656
    outer loop
        vertex -10.4000 -1.6000 -4.0000
        vertex -10.4138 0.0000 -4.2088
        vertex -10.4138 -1.6000 -4.2088
    endloop
endfacet
facet normal -30.5220 -4.0000 -9.9656
    outer loop
        vertex -10.4138 0.0000 -4.2088
        vertex -10.4000 -1.6000 -4.0000
        vertex -10.4000 0.0000 -4.0000
    endloop
endfacet
facet normal -29.2170 -4.0000 -9.9484
    outer loop
        vertex -9.6206 -1.6000 -3.6868
        vertex -9.6000 -1.6000 -4.0000
        vertex -9.6000 0.0000 -4.0000
    endloop
endfacet
facet normal -29.2170 -4.0000 -9.9484
    outer loop
        vertex -9.6000 0.0000 -4.0000
        vertex -9.6206 0.0000 -3.6868
        vertex -9.6206 -1.6000 -3.6868
    endloop
endfacet
facet normal -29.2302 -4.0000 -9.8470
    outer loop
        vertex -9.6818 -1.6000 -3.3789
        vertex -9.6206 -1.6000 -3.6868
        vertex -9.6206 0.0000 -3.6868
    endloop
endfacet
facet normal -29.2302 -4.0000 -9.8470
    outer loop
        vertex -9.6206 0.0000 -3.6868
        vertex -9.6818 0.0000 -3.3789
        vertex -9.6818 -1.6000 -3.3789
    endloop
endfacet
facet normal -29.2566 -4.0000 -9.7480
    outer loop
        vertex -9.7826 -1.6000 -3.0815
        vertex -9.6818 -1.6000 -3.3789
        vertex -9.6818 0.0000 -3.3789
    endloop
endfacet
facet normal -29.2566 -4.0000 -9.7480
    outer loop
        vertex -9.6818 0.0000 -3.3789
        vertex -9.7826 0.0000 -3.0815
        vertex -9.7826 -1.6000 -3.0815
    endloop
endfacet
facet normal -29.2962 -4.0000 -9.6526
    outer loop
        vertex -9.9216 -1.6000 -2.8000
        vertex -9.7826 -1.6000 -3.0815
        vertex -9.7826 0.0000 -3.0815
    endloop
endfacet
facet normal -29.2962 -4.0000 -9.6526
    outer loop
        vertex -9.7826 0.0000 -3.0815
        vertex -9.9216 0.0000 -2.8000
        vertex -9.9216 -1.6000 -2.8000
    endloop
endfacet
facet normal -29.3472 -4.0000 -9.5644
    outer loop
        vertex -10.0958 -1.6000 -2.5389
        vertex -9.9216 -1.6000 -2.8000
        vertex -9.9216 0.0000 -2.8000
    endloop
endfacet
facet normal -29.3472 -4.0000 -9.5644
    outer loop
        vertex -9.9216 0.0000 -2.8000
        vertex -10.0958 0.0000 -2.5389
        vertex -10.0958 -1.6000 -2.5389
    endloop
endfacet
facet normal -29.4102 -4.0000 -9.4822
    outer loop
        vertex -10.3030 -1.6000 -2.3030
        vertex -10.0958 -1.6000 -2.5389
        vertex -10.0958 0.0000 -2.5389
    endloop
endfacet
facet normal -29.4102 -4.0000 -9.4822
    outer loop
        vertex -10.0958 0.0000 -2.5389
        vertex -10.3030 0.0000 -2.3030
        vertex -10.3030 -1.6000 -2.3030
    endloop
endfacet
facet normal -29.4822 -4.0000 -9.4102
    outer loop
        vertex -10.5389 -1.6000 -2.0958
        vertex -10.3030 -1.6000 -2.3030
        vertex -10.3030 0.0000 -2.3030
    endloop
endfacet
facet normal -29.4822 -4.0000 -9.4102
    outer loop
        vertex -10.3030 0.0000 -2.3030
        vertex -10.5389 0.0000 -2.0958
        vertex -10.5389 -1.6000 -2.0958
    endloop
endfacet
facet normal -29.5644 -4.0000 -9.3472
    outer loop
        vertex -10.8000 -1.6000 -1.9216
        vertex -10.5389 -1.6000 -2.0958
        vertex -10.5389 0.0000 -2.0958
    endloop
endfacet
facet normal -29.5644 -4.0000 -9.3472
    outer loop
        vertex -10.5389 0.0000 -2.0958
        vertex -10.8000 0.0000 -1.9216
        vertex -10.8000 -1.6000 -1.9216
    endloop
endfacet
facet normal -29.6526 -4.0000 -9.2962
    outer loop
        vertex -11.0815 -1.6000 -1.7826
        vertex -10.8000 -1.6000 -1.9216
        vertex -10.8000 0.0000 -1.9216
    endloop
endfacet
facet normal -29.6526 -4.0000 -9.2962
    outer loop
        vertex -10.8000 0.0000 -1.9216
        vertex -11.0815 0.0000 -1.7826
        vertex -11.0815 -1.6000 -1.7826
    endloop
endfacet
facet normal -29.7480 -4.0000 -9.2566
    outer loop
        vertex -11.3789 -1.6000 -1.6818
        vertex -11.0815 -1.6000 -1.7826
        vertex -11.0815 0.0000 -1.7826
    endloop
endfacet
facet normal -29.7480 -4.0000 -9.2566
    outer loop
        vertex -11.0815 0.0000 -1.7826
        vertex -11.3789 0.0000 -1.6818
        vertex -11.3789 -1.6000 -1.6818
    endloop
endfacet
facet normal -29.8470 -4.0000 -9.2302
    outer loop
        vertex -11.6868 -1.6000 -1.6206
        vertex -11.3789 -1.6000 -1.6818
        vertex -11.3789 0.0000 -1.6818
    endloop
endfacet
facet normal -29.8470 -4.0000 -9.2302
    outer loop
        vertex -11.3789 0.0000 -1.6818
        vertex -11.6868 0.0000 -1.6206
        vertex -11.6868 -1.6000 -1.6206
    endloop
endfacet
facet normal -29.9484 -4.0000 -9.2170
    outer loop
        vertex -12.0000 -1.6000 -1.6000
        vertex -11.6868 -1.6000 -1.6206
        vertex -11.6868 0.0000 -1.6206
    endloop
endfacet
facet normal -29.9484 -4.0000 -9.2170
    outer loop
        vertex -11.6868 0.0000 -1.6206
        vertex -12.0000 0.0000 -1.6000
        vertex -12.0000 -1.6000 -1.6000
    endloop
endfacet
facet normal -30.0516 -4.0000 -9.2170
    outer loop
        vertex -12.3132 -1.6000 -1.6206
        vertex -12.0000 -1.6000 -1.6000
        vertex -12.0000 0.0000 -1.6000
    endloop
endfacet
facet normal -30.0516 -4.0000 -9.2170
    outer loop
        vertex -12.0000 0.0000 -1.6000
        vertex -12.3132 0.0000 -1.6206
        vertex -12.3132 -1.6000 -1.6206
    endloop
endfacet
facet normal -30.1530 -4.0000 -9.2302
    outer loop
        vertex -12.6211 -1.6000 -1.6818
        vertex -12.3132 -1.6000 -1.6206
        vertex -12.3132 0.0000 -1.6206
    endloop
endfacet
facet normal -30.1530 -4.0000 -9.2302
    outer loop
        vertex -12.3132 0.0000 -1.6206
        vertex -12.6211 0.0000 -1.6818
        vertex -12.6211 -1.6000 -1.6818
    endloop
endfacet
facet normal -30.2520 -4.0000 -9.2566
    outer loop
        vertex -12.9185 -1.6000 -1.7826
        vertex -12.6211 -1.6000 -1.6818
        vertex -12.6211 0.0000 -1.6818
    endloop
endfacet
facet normal -30.2520 -4.0000 -9.2566
    outer loop
        vertex -12.6211 0.0000 -1.6818
        vertex -12.9185 0.0000 -1.7826
        vertex -12.9185 -1.6000 -1.7826
    endloop
endfacet
facet normal -30.3474 -4.0000 -9.2962
    outer loop
        vertex -13.2000 -1.6000 -1.9216
        vertex -12.9185 -1.6000 -1.7826
        vertex -12.9185 0.0000 -1.7826
    endloop
endfacet
facet normal -30.3474 -4.0000 -9.2962
    outer loop
        vertex -12.9185 0.0000 -1.7826
        vertex -13.2000 0.0000 -1.9216
        vertex -13.2000 -1.6000 -1.9216
    endloop
endfacet
facet normal -30.4356 -4.0000 -9.3472
    outer loop
        vertex -13.4611 -1.6000 -2.0958
        vertex -13.2000 -1.6000 -1.9216
        vertex -13.2000 0.0000 -1.9216
    endloop
endfacet
facet normal -30.4356 -4.0000 -9.3472
    outer loop
        vertex -13.2000 0.0000 -1.9216
        vertex -13.4611 0.0000 -2.0958
        vertex -13.4611 -1.6000 -2.0958
    endloop
endfacet
facet normal -30.5178 -4.0000 -9.4102
    outer loop
        vertex -13.6970 -1.6000 -2.3030
        vertex -13.4611 -1.6000 -2.0958
        vertex -13.4611 0.0000 -2.0958
    endloop
endfacet
facet normal -30.5178 -4.0000 -9.4102
    outer loop
        vertex -13.4611 0.0000 -2.0958
        vertex -13.6970 0.0000 -2.3030
        vertex -13.6970 -1.6000 -2.3030
    endloop
endfacet
facet normal -30.5898 -4.0000 -9.4822
    outer loop
        vertex -13.9042 -1.6000 -2.5389
        vertex -13.6970 -1.6000 -2.3030
        vertex -13.6970 0.0000 -2.3030
    endloop
endfacet
facet normal -30.5898 -4.0000 -9.4822
    outer loop
        vertex -13.6970 0.0000 -2.3030
        vertex -13.9042 0.0000 -2.5389
        vertex -13.9042 -1.6000 -2.5389
    endloop
endfacet
facet normal -30.6528 -4.0000 -9.5644
    outer loop
        vertex -14.0784 -1.6000 -2.8000
        vertex -13.9042 -1.6000 -2.5389
        vertex -13.9042 0.0000 -2.5389
    endloop
endfacet
facet normal -30.6528 -4.0000 -9.5644
    outer loop
        vertex -13.9042 0.0000 -2.5389
        vertex -14.0784 0.0000 -2.8000
        vertex -14.0784 -1.6000 -2.8000
    endloop
endfacet
facet normal -30.7038 -4.0000 -9.6526
    outer loop
        vertex -14.2174 -1.6000 -3.0815
        vertex -14.0784 -1.6000 -2.8000
        vertex -14.0784 0.0000 -2.8000
    endloop
endfacet
facet normal -30.7038 -4.0000 -9.6526
    outer loop
        vertex -14.0784 0.0000 -2.8000
        vertex -14.2174 0.0000 -3.0815
        vertex -14.2174 -1.6000 -3.0815
    endloop
endfacet
facet normal -30.7434 -4.0000 -9.7480
    outer loop
        vertex -14.3182 -1.6000 -3.3789
        vertex -14.2174 -1.6000 -3.0815
        vertex -14.2174 0.0000 -3.0815
    endloop
endfacet
facet normal -30.7434 -4.0000 -9.7480
    outer loop
        vertex -14.2174 0.0000 -3.0815
        vertex -14.3182 0.0000 -3.3789
        vertex -14.3182 -1.6000 -3.3789
    endloop
endfacet
facet normal -30.7698 -4.0000 -9.8470
    outer loop
        vertex -14.3794 -1.6000 -3.6868
        vertex -14.3182 -1.6000 -3.3789
        vertex -14.3182 0.0000 -3.3789
    endloop
endfacet
facet normal -30.7698 -4.0000 -9.8470
    outer loop
        vertex -14.3182 0.0000 -3.3789
        vertex -14.3794 0.0000 -3.6868
        vertex -14.3794 -1.6000 -3.6868
    endloop
endfacet
facet normal -30.7830 -4.0000 -9.9484
    outer loop
        vertex -14.4000 -1.6000 -4.0000
        vertex -14.3794 -1.6000 -3.6868
        vertex -14.3794 0.0000 -3.6868
    endloop
endfacet
facet normal -30.7830 -4.0000 -9.9484
    outer loop
        vertex -14.3794 0.0000 -3.6868
        vertex -14.4000 0.0000 -4.0000
        vertex -14.4000 -1.6000 -4.0000
    endloop
endfacet
facet normal -30.7830 -4.0000 -10.0516
    outer loop
        vertex -14.3794 -1.6000 -4.3132
        vertex -14.4000 -1.6000 -4.0000
        vertex -14.4000 0.0000 -4.0000
    endloop
endfacet
facet normal -30.7830 -4.0000 -10.0516
    outer loop
        vertex -14.4000 0.0000 -4.0000
        vertex -14.3794 0.0000 -4.3132
        vertex -14.3794 -1.6000 -4.3132
    endloop
endfacet
facet normal -30.7698 -4.0000 -10.1530
    outer loop
        vertex -14.3182 -1.6000 -4.6211
        vertex -14.3794 -1.6000 -4.3132
        vertex -14.3794 0.0000 -4.3132
    endloop
endfacet
facet normal -30.7698 -4.0000 -10.1530
    outer loop
        vertex -14.3794 0.0000 -4.3132
        vertex -14.3182 0.0000 -4.6211
        vertex -14.3182 -1.6000 -4.6211
    endloop
endfacet
facet normal -30.7434 -4.0000 -10.2520
    outer loop
        vertex -14.2174 -1.6000 -4.9185
        vertex -14.3182 -1.6000 -4.6211
        vertex -14.3182 0.0000 -4.6211
    endloop
endfacet
facet normal -30.7434 -4.0000 -10.2520
    outer loop
        vertex -14.3182 0.0000 -4.6211
        vertex -14.2174 0.0000 -4.9185
        vertex -14.2174 -1.6000 -4.9185
    endloop
endfacet
facet normal -30.7038 -4.0000 -10.3474
    outer loop
        vertex -14.0784 -1.6000 -5.2000
        vertex -14.2174 -1.6000 -4.9185
        vertex -14.2174 0.0000 -4.9185
    endloop
endfacet
facet normal -30.7038 -4.0000 -10.3474
    outer loop
        vertex -14.2174 0.0000 -4.9185
        vertex -14.0784 0.0000 -5.2000
        vertex -14.0784 -1.6000 -5.2000
    endloop
endfacet
facet normal -30.6528 -4.0000 -10.4356
    outer loop
        vertex -13.9042 -1.6000 -5.4611
        vertex -14.0784 -1.6000 -5.2000
        vertex -14.0784 0.0000 -5.2000
    endloop
endfacet
facet normal -30.6528 -4.0000 -10.4356
    outer loop
        vertex -14.0784 0.0000 -5.2000
        vertex -13.9042 0.0000 -5.4611
        vertex -13.9042 -1.6000 -5.4611
    endloop
endfacet
facet normal -30.5898 -4.0000 -10.5178
    outer loop
        vertex -13.6970 -1.6000 -5.6970
        vertex -13.9042 -1.6000 -5.4611
        vertex -13.9042 0.0000 -5.4611
    endloop
endfacet
facet normal -30.5898 -4.0000 -10.5178
    outer loop
        vertex -13.9042 0.0000 -5.4611
        vertex -13.6970 0.0000 -5.6970
        vertex -13.6970 -1.6000 -5.6970
    endloop
endfacet
facet normal -30.5178 -4.0000 -10.5898
    outer loop
        vertex -13.4611 -1.6000 -5.9042
        vertex -13.6970 -1.6000 -5.6970
        vertex -13.6970 0.0000 -5.6970
    endloop
endfacet
facet normal -30.5178 -4.0000 -10.5898
    outer loop
        vertex -13.6970 0.0000 -5.6970
        vertex -13.4611 0.0000 -5.9042
        vertex -13.4611 -1.6000 -5.9042
    endloop
endfacet
facet normal -30.4356 -4.0000 -10.6528
    outer loop
        vertex -13.2000 -1.6000 -6.0784
        vertex -13.4611 -1.6000 -5.9042
        vertex -13.4611 0.0000 -5.9042
    endloop
endfacet
facet normal -30.4356 -4.0000 -10.6528
    outer loop
        vertex -13.4611 0.0000 -5.9042
        vertex -13.2000 0.0000 -6.0784
        vertex -13.2000 -1.6000 -6.0784
    endloop
endfacet
facet normal -30.3474 -4.0000 -10.7038
    outer loop
        vertex -12.9185 -1.6000 -6.2174
        vertex -13.2000 -1.6000 -6.0784
        vertex -13.2000 0.0000 -6.0784
    endloop
endfacet
facet normal -30.3474 -4.0000 -10.7038
    outer loop
        vertex -13.2000 0.0000 -6.0784
        vertex -12.9185 0.0000 -6.2174
        vertex -12.9185 -1.6000 -6.2174
    endloop
endfacet
facet normal -30.2520 -4.0000 -10.7434
    outer loop
        vertex -12.6211 -1.6000 -6.3182
        vertex -12.9185 -1.6000 -6.2174
        vertex -12.9185 0.0000 -6.2174
    endloop
endfacet
facet normal -30.2520 -4.0000 -10.7434
    outer loop
        vertex -12.9185 0.0000 -6.2174
        vertex -12.6211 0.0000 -6.3182
        vertex -12.6211 -1.6000 -6.3182
    endloop
endfacet
facet normal -30.1530 -4.0000 -10.7698
    outer loop
        vertex -12.3132 -1.6000 -6.3794
        vertex -12.6211 -1.6000 -6.3182
        vertex -12.6211 0.0000 -6.3182
    endloop
endfacet
facet normal -30.1530 -4.0000 -10.7698
    outer loop
        vertex -12.6211 0.0000 -6.3182
        vertex -12.3132 0.0000 -6.3794
        vertex -12.3132 -1.6000 -6.3794
    endloop
endfacet
facet normal -30.0516 -4.0000 -10.7830
    outer loop
        vertex -12.0000 -1.6000 -6.4000
        vertex -12.3132 -1.6000 -6.3794
        vertex -12.3132 0.0000 -6.3794
    endloop
endfacet
facet normal -30.0516 -4.0000 -10.7830
    outer loop
        vertex -12.3132 0.0000 -6.3794
        vertex -12.0000 0.0000 -6.4000
        vertex -12.0000 -1.6000 -6.4000
    endloop
endfacet
facet normal -29.9484 -4.0000 -10.7830
    outer loop
        vertex -11.6868 -1.6000 -6.3794
        vertex -12.0000 -1.6000 -6.4000
        vertex -12.0000 0.0000 -6.4000
    endloop
endfacet
facet normal -29.9484 -4.0000 -10.7830
    outer loop
        vertex -12.0000 0.0000 -6.4000
        vertex -11.6868 0.0000 -6.3794
        vertex -11.6868 -1.6000 -6.3794
    endloop
endfacet
facet normal -29.8470 -4.0000 -10.7698
    outer loop
        vertex -11.3789 -1.6000 -6.3182
        vertex -11.6868 -1.6000 -6.3794
        vertex -11.6868 0.0000 -6.3794
    endloop
endfacet
facet normal -29.8470 -4.0000 -10.7698
    outer loop
        vertex -11.6868 0.0000 -6.3794
        vertex -11.3789 0.0000 -6.3182
        vertex -11.3789 -1.6000 -6.3182
    endloop
endfacet
facet normal -29.7480 -4.0000 -10.7434
    outer loop
        vertex -11.0815 -1.6000 -6.2174
        vertex -11.3789 -1.6000 -6.3182
        vertex -11.3789 0.0000 -6.3182
    endloop
endfacet
facet normal -29.7480 -4.0000 -10.7434
    outer loop
        vertex -11.3789 0.0000 -6.3182
        vertex -11.0815 0.0000 -6.2174
        vertex -11.0815 -1.6000 -6.2174
    endloop
endfacet
facet normal -29.6526 -4.0000 -10.7038
    outer loop
        vertex -10.8000 -1.6000 -6.0784
        vertex -11.0815 -1.6000 -6.2174
        vertex -11.0815 0.0000 -6.2174
    endloop
endfacet
facet normal -29.6526 -4.0000 -10.7038
    outer loop
        vertex -11.0815 0.0000 -6.2174
        vertex -10.8000 0.0000 -6.0784
        vertex -10.8000 -1.6000 -6.0784
    endloop
endfacet
facet normal -29.5644 -4.0000 -10.6528
    outer loop
        vertex -10.5389 -1.6000 -5.9042
        vertex -10.8000 -1.6000 -6.0784
        vertex -10.8000 0.0000 -6.0784
    endloop
endfacet
facet normal -29.5644 -4.0000 -10.6528
    outer loop
        vertex -10.8000 0.0000 -6.0784
        vertex -10.5389 0.0000 -5.9042
        vertex -10.5389 -1.6000 -5.9042
    endloop
endfacet
facet normal -29.4822 -4.0000 -10.5898
    outer loop
        vertex -10.3030 -1.6000 -5.6970
        vertex -10.5389 -1.6000 -5.9042
        vertex -10.5389 0.0000 -5.9042
    endloop
endfacet
facet normal -29.4822 -4.0000 -10.5898
    outer loop
        vertex -10.5389 0.0000 -5.9042
        vertex -10.3030 0.0000 -5.6970
        vertex -10.3030 -1.6000 -5.6970
    endloop
endfacet
facet normal -29.4102 -4.0000 -10.5178
    outer loop
        vertex -10.0958 -1.6000 -5.4611
        vertex -10.3030 -1.6000 -5.6970
        vertex -10.3030 0.0000 -5.6970
    endloop
endfacet
facet normal -29.4102 -4.0000 -10.5178
    outer loop
        vertex -10.3030 0.0000 -5.6970
        vertex -10.0958 0.0000 -5.4611
        vertex -10.0958 -1.6000 -5.4611
    endloop
endfacet
facet normal -29.3472 -4.0000 -10.4356
    outer loop
        vertex -9.9216 -1.6000 -5.2000
        vertex -10.0958 -1.6000 -5.4611
        vertex -10.0958 0.0000 -5.4611
    endloop
endfacet
facet normal -29.3472 -4.0000 -10.4356
    outer loop
        vertex -10.0958 0.0000 -5.4611
        vertex -9.9216 0.0000 -5.2000
        vertex -9.9216 -1.6000 -5.2000
    endloop
endfacet
facet normal -29.2962 -4.0000 -10.3474
    outer loop
        vertex -9.7826 -1.6000 -4.9185
        vertex -9.9216 -1.6000 -5.2000
        vertex -9.9216 0.0000 -5.2000
    endloop
endfacet
facet normal -29.2962 -4.0000 -10.3474
    outer loop
        vertex -9.9216 0.0000 -5.2000
        vertex -9.7826 0.0000 -4.9185
        vertex -9.7826 -1.6000 -4.9185
    endloop
endfacet
facet normal -29.2566 -4.0000 -10.2520
    outer loop
        vertex -9.6818 -1.6000 -4.6211
        vertex -9.7826 -1.6000 -4.9185
        vertex -9.7826 0.0000 -4.9185
    endloop
endfacet
facet normal -29.2566 -4.0000 -10.2520
    outer loop
        vertex -9.7826 0.0000 -4.9185
        vertex -9.6818 0.0000 -4.6211
        vertex -9.6818 -1.6000 -4.6211
    endloop
endfacet
facet normal -29.2302 -4.0000 -10.1530
    outer loop
        vertex -9.6206 -1.6000 -4.3132
        vertex -9.6818 -1.6000 -4.6211
        vertex -9.6818 0.0000 -4.6211
    endloop
endfacet
facet normal -29.2302 -4.0000 -10.1530
    outer loop
        vertex -9.6818 0.0000 -4.6211
        vertex -9.6206 0.0000 -4.3132
        vertex -9.6206 -1.6000 -4.3132
    endloop
endfacet
facet normal -29.2170 -4.0000 -10.0516
    outer loop
        vertex -9.6000 -1.6000 -4.0000
        vertex -9.6206 -1.6000 -4.3132
        vertex -9.6206 0.0000 -4.3132
    endloop
endfacet
facet normal -29.2170 -4.0000 -10.0516
    outer loop
        vertex -9.6206 0.0000 -4.3132
        vertex -9.6000 0.0000 -4.0000
        vertex -9.6000 -1.6000 -4.0000
    endloop
endfacet
facet normal -30.0000 -4.3915 -10.0000
    outer loop
        vertex -9.6000 -1.6000 -4.0000
        vertex -9.6206 -1.6000 -3.6868
        vertex -10.4138 -1.6000 -3.7912
    endloop
endfacet
facet normal -30.0000 -4.2610 -10.0000
    outer loop
        vertex -10.4138 -1.6000 -3.7912
        vertex -10.4000 -1.6000 -4.0000
        vertex -9.6000 -1.6000 -4.0000
    endloop
endfacet
facet normal -30.0000 -4.3916 -10.0000
    outer loop
        vertex -9.6206 -1.6000 -3.6868
        vertex -9.6818 -1.6000 -3.3789
        vertex -10.4546 -1.6000 -3.5859
    endloop
endfacet
facet normal -30.0000 -4.2610 -10.0000
    outer loop
        vertex -10.4546 -1.6000 -3.5859
        vertex -10.4138 -1.6000 -3.7912
        vertex -9.6206 -1.6000 -3.6868
    endloop
endfacet
facet normal -30.0000 -4.3916 -10.0000
    outer loop
        vertex -9.6818 -1.6000 -3.3789
        vertex -9.7826 -1.6000 -3.0815
        vertex -10.5218 -1.6000 -3.3877
    endloop
endfacet
facet normal -30.0000 -4.2611 -10.0000
    outer loop
        vertex -10.5218 -1.6000 -3.3877
        vertex -10.4546 -1.6000 -3.5859
        vertex -9.6818 -1.6000 -3.3789
    endloop
endfacet
facet normal -30.0000 -4.3916 -10.0000
    outer loop
        vertex -9.7826 -1.6000 -3.0815
        vertex -9.9216 -1.6000 -2.8000
        vertex -10.6144 -1.6000 -3.2000
    endloop
endfacet
facet normal -30.0000 -4.2611 -10.0000
    outer loop
        vertex -10.6144 -1.6000 -3.2000
        vertex -10.5218 -1.6000 -3.3877
        vertex -9.7826 -1.6000 -3.0815
    endloop
endfacet
facet normal -30.0000 -4.3916 -10.0000
    outer loop
        vertex -9.9216 -1.6000 -2.8000
        vertex -10.0958 -1.6000 -2.5389
        vertex -10.7306 -1.6000 -3.0259
    endloop
endfacet
facet normal -30.0000 -4.2610 -10.0000
    outer loop
        vertex -10.7306 -1.6000 -3.0259
        vertex -10.6144 -1.6000 -3.2000
        vertex -9.9216 -1.6000 -2.8000
    endloop
endfacet
facet normal -30.0000 -4.3916 -10.0000
    outer loop
        vertex -10.0958 -1.6000 -2.5389
        vertex -10.3030 -1.6000 -2.3030
        vertex -10.8686 -1.6000 -2.8686
    endloop
endfacet
facet normal -30.0000 -4.2611 -10.0000
    outer loop
        vertex -10.8686 -1.6000 -2.8686
        vertex -10.7306 -1.6000 -3.0259
        vertex -10.0958 -1.6000 -2.5389
    endloop
endfacet
facet normal -30.0000 -4.3916 -10.0000
    outer loop
        vertex -10.3030 -1.6000 -2.3030
        vertex -10.5389 -1.6000 -2.0958
        vertex -11.0259 -1.6000 -2.7306
    endloop
endfacet
facet normal -30.0000 -4.2611 -10.0000
    outer loop
        vertex -11.0259 -1.6000 -2.7306
        vertex -10.8686 -1.6000 -2.8686
        vertex -10.3030 -1.6000 -2.3030
    endloop
endfacet
facet normal -30.0000 -4.3916 -10.0000
    outer loop
        vertex -10.5389 -1.6000 -2.0958
        vertex -10.8000 -1.6000 -1.9216
        vertex -11.2000 -1.6000 -2.6144
    endloop
endfacet
facet normal -30.0000 -4.2610 -10.0000
    outer loop
        vertex -11.2000 -1.6000 -2.6144
        vertex -11.0259 -1.6000 -2.7306
        vertex -10.5389 -1.6000 -2.0958
    endloop
endfacet
facet normal -30.0000 -4.3916 -10.0000
    outer loop
        vertex -10.8000 -1.6000 -1.9216
        vertex -11.0815 -1.6000 -1.7826
        vertex -11.3877 -1.6000 -2.5218
    endloop
endfacet
facet normal -30.0000 -4.2611 -10.0000
    outer loop
        vertex -11.3877 -1.6000 -2.5218
        vertex -11.2000 -1.6000 -2.6144
        vertex -10.8000 -1.6000 -1.9216
    endloop
endfacet
facet normal -30.0000 -4.3916 -10.0000
    outer loop
        vertex -11.0815 -1.6000 -1.7826
        vertex -11.3789 -1.6000 -1.6818
        vertex -11.5859 -1.6000 -2.4546
    endloop
endfacet
facet normal -30.0000 -4.2611 -10.0000
    outer loop
        vertex -11.5859 -1.6000 -2.4546
        vertex -11.3877 -1.6000 -2.5218
        vertex -11.0815 -1.6000 -1.7826
    endloop
endfacet
facet normal -30.0000 -4.3916 -10.0000
    outer loop
        vertex -11.3789 -1.6000 -1.6818
        vertex -11.6868 -1.6000 -1.6206
        vertex -11.7912 -1.6000 -2.4138
    endloop
endfacet
facet normal -30.0000 -4.2610 -10.0000
    outer loop
        vertex -11.7912 -1.6000 -2.4138
        vertex -11.5859 -1.6000 -2.4546
        vertex -11.3789 -1.6000 -1.6818
    endloop
endfacet
facet normal -30.0000 -4.3915 -10.0000
    outer loop
        vertex -11.6868 -1.6000 -1.6206
        vertex -12.0000 -1.6000 -1.6000
        vertex -12.0000 -1.6000 -2.4000
    endloop
endfacet
facet normal -30.0000 -4.2610 -10.0000
    outer loop
        vertex -12.0000 -1.6000 -2.4000
        vertex -11.7912 -1.6000 -2.4138
        vertex -11.6868 -1.6000 -1.6206
    endloop
endfacet
facet normal -30.0000 -4.3915 -10.0000
    outer loop
        vertex -12.0000 -1.6000 -1.6000
        vertex -12.3132 -1.6000 -1.6206
        vertex -12.2088 -1.6000 -2.4138
    endloop
endfacet
facet normal -30.0000 -4.2610 -10.0000
    outer loop
        vertex -12.2088 -1.6000 -2.4138
        vertex -12.0000 -1.6000 -2.4000
        vertex -12.0000 -1.6000 -1.6000
    endloop
endfacet
facet normal -30.0000 -4.3916 -10.0000
    outer loop
        vertex -12.3132 -1.6000 -1.6206
        vertex -12.6211 -1.6000 -1.6818
        vertex -12.4141 -1.6000 -2.4546
    endloop
endfacet
facet normal -30.0000 -4.2610 -10.0000
    outer loop
        vertex -12.4141 -1.6000 -2.4546
        vertex -12.2088 -1.6000 -2.4138
        vertex -12.3132 -1.6000 -1.6206
    endloop
endfacet
facet normal -30.0000 -4.3916 -10.0000
    outer loop
        vertex -12.6211 -1.6000 -1.6818
        vertex -12.9185 -1.6000 -1.7826
        vertex -12.6123 -1.6000 -2.5218
    endloop
endfacet
facet normal -30.0000 -4.2611 -10.0000
    outer loop
        vertex -12.6123 -1.6000 -2.5218
        vertex -12.4141 -1.6000 -2.4546
        vertex -12.6211 -1.6000 -1.6818
    endloop
endfacet
facet normal -30.0000 -4.3916 -10.0000
    outer loop
        vertex -12.9185 -1.6000 -1.7826
        vertex -13.2000 -1.6000 -1.9216
        vertex -12.8000 -1.6000 -2.6144
    endloop
endfacet
facet normal -30.0000 -4.2611 -10.0000
    outer loop
        vertex -12.8000 -1.6000 -2.6144
        vertex -12.6123 -1.6000 -2.5218
        vertex -12.9185 -1.6000 -1.7826
    endloop
endfacet
facet normal -30.0000 -4.3916 -10.0000
    outer loop
        vertex -13.2000 -1.6000 -1.9216
        vertex -13.4611 -1.6000 -2.0958
        vertex -12.9741 -1.6000 -2.7306
    endloop
endfacet
facet normal -30.0000 -4.2610 -10.0000
    outer loop
        vertex -12.9741 -1.6000 -2.7306
        vertex -12.8000 -1.6000 -2.6144
        vertex -13.2000 -1.6000 -1.9216
    endloop
endfacet
facet normal -30.0000 -4.3916 -10.0000
    outer loop
        vertex -13.4611 -1.6000 -2.0958
        vertex -13.6970 -1.6000 -2.3030
        vertex -13.1314 -1.6000 -2.8686
    endloop
endfacet
facet normal -30.0000 -4.2611 -10.0000
    outer loop
        vertex -13.1314 -1.6000 -2.8686
        vertex -12.9741 -1.6000 -2.7306
        vertex -13.4611 -1.6000 -2.0958
    endloop
endfacet
facet normal -30.0000 -4.3916 -10.0000
    outer loop
        vertex -13.6970 -1.6000 -2.3030
        vertex -13.9042 -1.6000 -2.5389
        vertex -13.2694 -1.6000 -3.0259
    endloop
endfacet
facet normal -30.0000 -4.2611 -10.0000
    outer loop
        vertex -13.2694 -1.6000 -3.0259
        vertex -13.1314 -1.6000 -2.8686
        vertex -13.6970 -1.6000 -2.3030
    endloop
endfacet
facet normal -30.0000 -4.3916 -10.0000
    outer loop
        vertex -13.9042 -1.6000 -2.5389
        vertex -14.0784 -1.6000 -2.8000
        vertex -13.3856 -1.6000 -3.2000
    endloop
endfacet
facet normal -30.0000 -4.2610 -10.0000
    outer loop
        vertex -13.3856 -1.6000 -3.2000
        vertex -13.2694 -1.6000 -3.0259
        vertex -13.9042 -1.6000 -2.5389
    endloop
endfacet
facet normal -30.0000 -4.3916 -10.0000
    outer loop
        vertex -14.0784 -1.6000 -2.8000
        vertex -14.2174 -1.6000 -3.0815
        vertex -13.4782 -1.6000 -3.3877
    endloop
endfacet
facet normal -30.0000 -4.2611 -10.0000
    outer loop
        vertex -13.4782 -1.6000 -3.3877
        vertex -13.3856 -1.6000 -3.2000
        vertex -14.0784 -1.6000 -2.8000
    endloop
endfacet
facet normal -30.0000 -4.3916 -10.0000
    outer loop
        vertex -14.2174 -1.6000 -3.0815
        vertex -14.3182 -1.6000 -3.3789
        vertex -13.5454 -1.6000 -3.5859
    endloop
endfacet
facet normal -30.0000 -4.2611 -10.0000
    outer loop
        vertex -13.5454 -1.6000 -3.5859
        vertex -13.4782 -1.6000 -3.3877
        vertex -14.2174 -1.6000 -3.0815
    endloop
endfacet
facet normal -30.0000 -4.3916 -10.0000
    outer loop
        vertex -14.3182 -1.6000 -3.3789
        vertex -14.3794 -1.6000 -3.6868
        vertex -13.5862 -1.6000 -3.7912
    endloop
endfacet
facet normal -30.0000 -4.2610 -10.0000
    outer loop
        vertex -13.5862 -1.6000 -3.7912
        vertex -13.5454 -1.6000 -3.5859
        vertex -14.3182 -1.6000 -3.3789
    endloop
endfacet
facet normal -30.0000 -4.3915 -10.0000
    outer loop
        vertex -14.3794 -1.6000 -3.6868
        vertex -14.4000 -1.6000 -4.0000
        vertex -13.6000 -1.6000 -4.0000
    endloop
endfacet
facet normal -30.0000 -4.2610 -10.0000
    outer loop
        vertex -13.6000 -1.6000 -4.0000
        vertex -13.5862 -1.6000 -3.7912
        vertex -14.3794 -1.6000 -3.6868
    endloop
endfacet
facet normal -30.0000 -4.3915 -10.0000
    outer loop
        vertex -14.4000 -1.6000 -4.0000
        vertex -14.3794 -1.6000 -4.3132
        vertex -13.5862 -1.6000 -4.2088
    endloop
endfacet
facet normal -30.0000 -4.2610 -10.0000
    outer loop
        vertex -13.5862 -1.6000 -4.2088
        vertex -13.6000 -1.6000 -4.0000
        vertex -14.4000 -1.6000 -4.0000
    endloop
endfacet
facet normal -30.0000 -4.3916 -10.0000
    outer loop
        vertex -14.3794 -1.6000 -4.3132
        vertex -14.3182 -1.6000 -4.6211
        vertex -13.5454 -1.6000 -4.4141
    endloop
endfacet
facet normal -30.0000 -4.2610 -10.0000
    outer loop
        vertex -13.5454 -1.6000 -4.4141
        vertex -13.5862 -1.6000 -4.2088
        vertex -14.3794 -1.6000 -4.3132
    endloop
endfacet
facet normal -30.0000 -4.3916 -10.0000
    outer loop
        vertex -14.3182 -1.6000 -4.6211
        vertex -14.2174 -1.6000 -4.9185
        vertex -13.4782 -1.6000 -4.6123
    endloop
endfacet
facet normal -30.0000 -4.2611 -10.0000
    outer loop
        vertex -13.4782 -1.6000 -4.6123
        vertex -13.5454 -1.6000 -4.4141
        vertex -14.3182 -1.6000 -4.6211
    endloop
endfacet
facet normal -30.0000 -4.3916 -10.0000
    outer loop
        vertex -14.2174 -1.6000 -4.9185
        vertex -14.0784 -1.6000 -5.2000
        vertex -13.3856 -1.6000 -4.8000
    endloop
endfacet
facet normal -30.0000 -4.2611 -10.0000
    outer loop
        vertex -13.3856 -1.6000 -4.8000
        vertex -13.4782 -1.6000 -4.6123
        vertex -14.2174 -1.6000 -4.9185
    endloop
endfacet
facet normal -30.0000 -4.3916 -10.0000
    outer loop
        vertex -14.0784 -1.6000 -5.2000
        vertex -13.9042 -1.6000 -5.4611
        vertex -13.2694 -1.6000 -4.9741
    endloop
endfacet
facet normal -30.0000 -4.2610 -10.0000
    outer loop
        vertex -13.2694 -1.6000 -4.9741
        vertex -13.3856 -1.6000 -4.8000
        vertex -14.0784 -1.6000 -5.2000
    endloop
endfacet
facet normal -30.0000 -4.3916 -10.0000
    outer loop
        vertex -13.9042 -1.6000 -5.4611
        vertex -13.6970 -1.6000 -5.6970
        vertex -13.1314 -1.6000 -5.1314
    endloop
endfacet
facet normal -30.0000 -4.2611 -10.0000
    outer loop
        vertex -13.1314 -1.6000 -5.1314
        vertex -13.2694 -1.6000 -4.9741
        vertex -13.9042 -1.6000 -5.4611
    endloop
endfacet
facet normal -30.0000 -4.3916 -10.0000
    outer loop
        vertex -13.6970 -1.6000 -5.6970
        vertex -13.4611 -1.6000 -5.9042
        vertex -12.9741 -1.6000 -5.2694
    endloop
endfacet
facet normal -30.0000 -4.2611 -10.0000
    outer loop
        vertex -12.9741 -1.6000 -5.2694
        vertex -13.1314 -1.6000 -5.1314
        vertex -13.6970 -1.6000 -5.6970
    endloop
endfacet
facet normal -30.0000 -4.3916 -10.0000
    outer loop
        vertex -13.4611 -1.6000 -5.9042
        vertex -13.2000 -1.6000 -6.0784
        vertex -12.8000 -1.6000 -5.3856
    endloop
endfacet
facet normal -30.0000 -4.2610 -10.0000
    outer loop
        vertex -12.8000 -1.6000 -5.3856
        vertex -12.9741 -1.6000 -5.2694
        vertex -13.4611 -1.6000 -5.9042
    endloop
endfacet
facet normal -30.0000 -4.3916 -10.0000
    outer loop
        vertex -13.2000 -1.6000 -6.0784
        vertex -12.9185 -1.6000 -6.2174
        vertex -12.6123 -1.6000 -5.4782
    endloop
endfacet
facet normal -30.0000 -4.2611 -10.0000
    outer loop
        vertex -12.6123 -1.6000 -5.4782
        vertex -12.8000 -1.6000 -5.3856
        vertex -13.2000 -1.6000 -6.0784
    endloop
endfacet
facet normal -30.0000 -4.3916 -10.0000
    outer loop
        vertex -12.9185 -1.6000 -6.2174
        vertex -12.6211 -1.6000 -6.3182
        vertex -12.4141 -1.6000 -5.5454
    endloop
endfacet
facet normal -30.0000 -4.2611 -10.0000
    outer loop
        vertex -12.4141 -1.6000 -5.5454
        vertex -12.6123 -1.6000 -5.4782
        vertex -12.9185 -1.6000 -6.2174
    endloop
endfacet
facet normal -30.0000 -4.3916 -10.0000
    outer loop
        vertex -12.6211 -1.6000 -6.3182
        vertex -12.3132 -1.6000 -6.3794
        vertex -12.2088 -1.6000 -5.5862
    endloop
endfacet
facet normal -30.0000 -4.2610 -10.0000
    outer loop
        vertex -12.2088 -1.6000 -5.5862
        vertex -12.4141 -1.6000 -5.5454
        vertex -12.6211 -1.6000 -6.3182
    endloop
endfacet
facet normal -30.0000 -4.3915 -10.0000
    outer loop
        vertex -12.3132 -1.6000 -6.3794
        vertex -12.0000 -1.6000 -6.4000
        vertex -12.0000 -1.6000 -5.6000
    endloop
endfacet
facet normal -30.0000 -4.2610 -10.0000
    outer loop
        vertex -12.0000 -1.6000 -5.6000
        vertex -12.2088 -1.6000 -5.5862
        vertex -12.3132 -1.6000 -6.3794
    endloop
endfacet
facet normal -30.0000 -4.3915 -10.0000
    outer loop
        vertex -12.0000 -1.6000 -6.4000
        vertex -11.6868 -1.6000 -6.3794
        vertex -11.7912 -1.6000 -5.5862
    endloop
endfacet
facet normal -30.0000 -4.2610 -10.0000
    outer loop
        vertex -11.7912 -1.6000 -5.5862
        vertex -12.0000 -1.6000 -5.6000
        vertex -12.0000 -1.6000 -6.4000
    endloop
endfacet
facet normal -30.0000 -4.3916 -10.0000
    outer loop
        vertex -11.6868 -1.6000 -6.3794
        vertex -11.3789 -1.6000 -6.3182
        vertex -11.5859 -1.6000 -5.5454
    endloop
endfacet
facet normal -30.0000 -4.2610 -10.0000
    outer loop
        vertex -11.5859 -1.6000 -5.5454
        vertex -11.7912 -1.6000 -5.5862
        vertex -11.6868 -1.6000 -6.3794
    endloop
endfacet
facet normal -30.0000 -4.3916 -10.0000
    outer loop
        vertex -11.3789 -1.6000 -6.3182
        vertex -11.0815 -1.6000 -6.2174
        vertex -11.3877 -1.6000 -5.4782
    endloop
endfacet
facet normal -30.0000 -4.2611 -10.0000
    outer loop
        vertex -11.3877 -1.6000 -5.4782
        vertex -11.5859 -1.6000 -5.5454
        vertex -11.3789 -1.6000 -6.3182
    endloop
endfacet
facet normal -30.0000 -4.3916 -10.0000
    outer loop
        vertex -11.0815 -1.6000 -6.2174
        vertex -10.8000 -1.6000 -6.0784
        vertex -11.2000 -1.6000 -5.3856
    endloop
endfacet
facet normal -30.0000 -4.2611 -10.0000
    outer loop
        vertex -11.2000 -1.6000 -5.3856
        vertex -11.3877 -1.6000 -5.4782
        vertex -11.0815 -1.6000 -6.2174
    endloop
endfacet
facet normal -30.0000 -4.3916 -10.0000
    outer loop
        vertex -10.8000 -1.6000 -6.0784
        vertex -10.5389 -1.6000 -5.9042
        vertex -11.0259 -1.6000 -5.2694
    endloop
endfacet
facet normal -30.0000 -4.2610 -10.0000
    outer loop
        vertex -11.0259 -1.6000 -5.2694
        vertex -11.2000 -1.6000 -5.3856
        vertex -10.8000 -1.6000 -6.0784
    endloop
endfacet
facet normal -30.0000 -4.3916 -10.0000
    outer loop
        vertex -10.5389 -1.6000 -5.9042
        vertex -10.3030 -1.6000 -5.6970
        vertex -10.8686 -1.6000 -5.1314
    endloop
endfacet
facet normal -30.0000 -4.2611 -10.0000
    outer loop
        vertex -10.8686 -1.6000 -5.1314
        vertex -11.0259 -1.6000 -5.2694
        vertex -10.5389 -1.6000 -5.9042
    endloop
endfacet
facet normal -30.0000 -4.3916 -10.0000
    outer loop
        vertex -10.3030 -1.6000 -5.6970
        vertex -10.0958 -1.6000 -5.4611
        vertex -10.7306 -1.6000 -4.9741
    endloop
endfacet
facet normal -30.0000 -4.2611 -10.0000
    outer loop
        vertex -10.7306 -1.6000 -4.9741
        vertex -10.8686 -1.6000 -5.1314
        vertex -10.3030 -1.6000 -5.6970
    endloop
endfacet
facet normal -30.0000 -4.3916 -10.0000
    outer loop
        vertex -10.0958 -1.6000 -5.4611
        vertex -9.9216 -1.6000 -5.2000
        vertex -10.6144 -1.6000 -4.8000
    endloop
endfacet
facet normal -30.0000 -4.2610 -10.0000
    outer loop
        vertex -10.6144 -1.6000 -4.8000
        vertex -10.7306 -1.6000 -4.9741
        vertex -10.0958 -1.6000 -5.4611
    endloop
endfacet
facet normal -30.0000 -4.3916 -10.0000
    outer loop
        vertex -9.9216 -1.6000 -5.2000
        vertex -9.7826 -1.6000 -4.9185
        vertex -10.5218 -1.6000 -4.6123
    endloop
endfacet
facet normal -30.0000 -4.2611 -10.0000
    outer loop
        vertex -10.5218 -1.6000 -4.6123
        vertex -10.6144 -1.6000 -4.8000
        vertex -9.9216 -1.6000 -5.2000
    endloop
endfacet
facet normal -30.0000 -4.3916 -10.0000
    outer loop
        vertex -9.7826 -1.6000 -4.9185
        vertex -9.6818 -1.6000 -4.6211
        vertex -10.4546 -1.6000 -4.4141
    endloop
endfacet
facet normal -30.0000 -4.2611 -10.0000
    outer loop
        vertex -10.4546 -1.6000 -4.4141
        vertex -10.5218 -1.6000 -4.6123
        vertex -9.7826 -1.6000 -4.9185
    endloop
endfacet
facet normal -30.0000 -4.3916 -10.0000
    outer loop
        vertex -9.6818 -1.6000 -4.6211
        vertex -9.6206 -1.6000 -4.3132
        vertex -10.4138 -1.6000 -4.2088
    endloop
endfacet
facet normal -30.0000 -4.2610 -10.0000
    outer loop
        vertex -10.4138 -1.6000 -4.2088
        vertex -10.4546 -1.6000 -4.4141
        vertex -9.6818 -1.6000 -4.6211
    endloop
endfacet
facet normal -30.0000 -4.3915 -10.0000
    outer loop
        vertex -9.6206 -1.6000 -4.3132
        vertex -9.6000 -1.6000 -4.0000
        vertex -10.4000 -1.6000 -4.0000
    endloop
endfacet
facet normal -30.0000 -4.2610 -10.0000
    outer loop
        vertex -10.4000 -1.6000 -4.0000
        vertex -10.4138 -1.6000 -4.2088
        vertex -9.6206 -1.6000 -4.3132
    endloop
endfacet
facet normal -10.5220 -4.0000 -10.0344
    outer loop
        vertex -2.4138 -1.6000 -3.7912
        vertex -2.4000 0.0000 -4.0000
        vertex -2.4000 -1.6000 -4.0000
    endloop
endfacet
facet normal -10.5220 -4.0000 -10.0344
    outer loop
        vertex -2.4000 0.0000 -4.0000
        vertex -2.4138 -1.6000 -3.7912
        vertex -2.4138 0.0000 -3.7912
    endloop
endfacet
facet normal -10.5132 -4.0000 -10.1020
    outer loop
        vertex -2.4546 -1.6000 -3.5859
        vertex -2.4138 0.0000 -3.7912
        vertex -2.4138 -1.6000 -3.7912
    endloop
endfacet
facet normal -10.5132 -4.0000 -10.1020
    outer loop
        vertex -2.4138 0.0000 -3.7912
        vertex -2.4546 -1.6000 -3.5859
        vertex -2.4546 0.0000 -3.5859
    endloop
endfacet
facet normal -10.4956 -4.0000 -10.1680
    outer loop
        vertex -2.5218 -1.6000 -3.3877
        vertex -2.4546 0.0000 -3.5859
        vertex -2.4546 -1.6000 -3.5859
    endloop
endfacet
facet normal -10.4956 -4.0000 -10.1680
    outer loop
        vertex -2.4546 0.0000 -3.5859
        vertex -2.5218 -1.6000 -3.3877
        vertex -2.5218 0.0000 -3.3877
    endloop
endfacet
facet normal -10.4692 -4.0000 -10.2316
    outer loop
        vertex -2.6144 -1.6000 -3.2000
        vertex -2.5218 0.0000 -3.3877
        vertex -2.5218 -1.6000 -3.3877
    endloop
endfacet
facet normal -10.4692 -4.0000 -10.2316
    outer loop
        vertex -2.5218 0.0000 -3.3877
        vertex -2.6144 -1.6000 -3.2000
        vertex -2.6144 0.0000 -3.2000
    endloop
endfacet
facet normal -10.4352 -4.0000 -10.2904
    outer loop
        vertex -2.7306 -1.6000 -3.0259
        vertex -2.6144 0.0000 -3.2000
        vertex -2.6144 -1.6000 -3.2000
    endloop
endfacet
facet normal -10.4352 -4.0000 -10.2904
    outer loop
        vertex -2.6144 0.0000 -3.2000
        vertex -2.7306 -1.6000 -3.0259
        vertex -2.7306 0.0000 -3.0259
    endloop
endfacet
facet normal -10.3932 -4.0000 -10.3452
    outer loop
        vertex -2.8686 -1.6000 -2.8686
        vertex -2.7306 0.0000 -3.0259
        vertex -2.7306 -1.6000 -3.0259
    endloop
endfacet
facet normal -10.3932 -4.0000 -10.3452
    outer loop
        vertex -2.7306 0.0000 -3.0259
        vertex -2.8686 -1.6000 -2.8686
        vertex -2.8686 0.0000 -2.8686
    endloop
endfacet
facet normal -10.3452 -4.0000 -10.3932
    outer loop
        vertex -3.0259 -1.6000 -2.7306
        vertex -2.8686 0.0000 -2.8686
        vertex -2.8686 -1.6000 -2.8686
    endloop
endfacet
facet normal -10.3452 -4.0000 -10.3932
    outer loop
        vertex -2.8686 0.0000 -2.8686
        vertex -3.0259 -1.6000 -2.7306
        vertex -3.0259 0.0000 -2.7306
    endloop
endfacet
facet normal -10.2904 -4.0000 -10.4352
    outer loop
        vertex -3.2000 -1.6000 -2.6144
        vertex -3.0259 0.0000 -2.7306
        vertex -3.0259 -1.6000 -2.7306
    endloop
endfacet
facet normal -10.2904 -4.0000 -10.4352
    outer loop
        vertex -3.0259 0.0000 -2.7306
        vertex -3.2000 -1.6000 -2.6144
        vertex -3.2000 0.0000 -2.6144
    endloop
endfacet
facet normal -10.2316 -4.0000 -10.4692
    outer loop
        vertex -3.3877 -1.6000 -2.5218
        vertex -3.2000 0.0000 -2.6144
        vertex -3.2000 -1.6000 -2.6144
    endloop
endfacet
facet normal -10.2316 -4.0000 -10.4692
    outer loop
        vertex -3.2000 0.0000 -2.6144
        vertex -3.3877 -1.6000 -2.5218
        vertex -3.3877 0.0000 -2.5218
    endloop
endfacet
facet normal -10.1680 -4.0000 -10.4956
    outer loop
        vertex -3.5859 -1.6000 -2.4546
        vertex -3.3877 0.0000 -2.5218
        vertex -3.3877 -1.6000 -2.5218
    endloop
endfacet
facet normal -10.1680 -4.0000 -10.4956
    outer loop
        vertex -3.3877 0.0000 -2.5218
        vertex -3.5859 -1.6000 -2.4546
        vertex -3.5859 0.0000 -2.4546
    endloop
endfacet
facet normal -10.1020 -4.0000 -10.5132
    outer loop
        vertex -3.7912 -1.6000 -2.4138
        vertex -3.5859 0.0000 -2.4546
        vertex -3.5859 -1.6000 -2.4546
    endloop
endfacet
facet normal -10.1020 -4.0000 -10.5132
    outer loop
        vertex -3.5859 0.0000 -2.4546
        vertex -3.7912 -1.6000 -2.4138
        vertex -3.7912 0.0000 -2.4138
    endloop
endfacet
facet normal -10.0344 -4.0000 -10.5220
    outer loop
        vertex -4.0000 -1.6000 -2.4000
        vertex -3.7912 0.0000 -2.4138
        vertex -3.7912 -1.6000 -2.4138
    endloop
endfacet
facet normal -10.0344 -4.0000 -10.5220
    outer loop
        vertex -3.7912 0.0000 -2.4138
        vertex -4.0000 -1.6000 -2.4000
        vertex -4.0000 0.0000 -2.4000
    endloop
endfacet
facet normal -9.9656 -4.0000 -10.5220
    outer loop
        vertex -4.2088 -1.6000 -2.4138
        vertex -4.0000 0.0000 -2.4000
        vertex -4.0000 -1.6000 -2.4000
    endloop
endfacet
facet normal -9.9656 -4.0000 -10.5220
    outer loop
        vertex -4.0000 0.0000 -2.4000
        vertex -4.2088 -1.6000 -2.4138
        vertex -4.2088 0.0000 -2.4138
    endloop
endfacet
facet normal -9.8980 -4.0000 -10.5132
    outer loop
        vertex -4.4141 -1.6000 -2.4546
        vertex -4.2088 0.0000 -2.4138
        vertex -4.2088 -1.6000 -2.4138
    endloop
endfacet
facet normal -9.8980 -4.0000 -10.5132
    outer loop
        vertex -4.2088 0.0000 -2.4138
        vertex -4.4141 -1.6000 -2.4546
        vertex -4.4141 0.0000 -2.4546
    endloop
endfacet
facet normal -9.8320 -4.0000 -10.4956
    outer loop
        vertex -4.6123 -1.6000 -2.5218
        vertex -4.4141 0.0000 -2.4546
        vertex -4.4141 -1.6000 -2.4546
    endloop
endfacet
facet normal -9.8320 -4.0000 -10.4956
    outer loop
        vertex -4.4141 0.0000 -2.4546
        vertex -4.6123 -1.6000 -2.5218
        vertex -4.6123 0.0000 -2.5218
    endloop
endfacet
facet normal -9.7684 -4.0000 -10.4692
    outer loop
        vertex -4.8000 -1.6000 -2.6144
        vertex -4.6123 0.0000 -2.5218
        vertex -4.6123 -1.6000 -2.5218
    endloop
endfacet
facet normal -9.7684 -4.0000 -10.4692
    outer loop
        vertex -4.6123 0.0000 -2.5218
        vertex -4.8000 -1.6000 -2.6144
        vertex -4.8000 0.0000 -2.6144
    endloop
endfacet
facet normal -9.7096 -4.0000 -10.4352
    outer loop
        vertex -4.9741 -1.6000 -2.7306
        vertex -4.8000 0.0000 -2.6144
        vertex -4.8000 -1.6000 -2.6144
    endloop
endfacet
facet normal -9.7096 -4.0000 -10.4352
    outer loop
        vertex -4.8000 0.0000 -2.6144
        vertex -4.9741 -1.6000 -2.7306
        vertex -4.9741 0.0000 -2.7306
    endloop
endfacet
facet normal -9.6548 -4.0000 -10.3932
    outer loop
        vertex -5.1314 -1.6000 -2.8686
        vertex -4.9741 0.0000 -2.7306
        vertex -4.9741 -1.6000 -2.7306
    endloop
endfacet
facet normal -9.6548 -4.0000 -10.3932
    outer loop
        vertex -4.9741 0.0000 -2.7306
        vertex -5.1314 -1.6000 -2.8686
        vertex -5.1314 0.0000 -2.8686
    endloop
endfacet
facet normal -9.6068 -4.0000 -10.3452
    outer loop
        vertex -5.2694 -1.6000 -3.0259
        vertex -5.1314 0.0000 -2.8686
        vertex -5.1314 -1.6000 -2.8686
    endloop
endfacet
facet normal -9.6068 -4.0000 -10.3452
    outer loop
        vertex -5.1314 0.0000 -2.8686
        vertex -5.2694 -1.6000 -3.0259
        vertex -5.2694 0.0000 -3.0259
    endloop
endfacet
facet normal -9.5648 -4.0000 -10.2904
    outer loop
        vertex -5.3856 -1.6000 -3.2000
        vertex -5.2694 0.0000 -3.0259
        vertex -5.2694 -1.6000 -3.0259
    endloop
endfacet
facet normal -9.5648 -4.0000 -10.2904
    outer loop
        vertex -5.2694 0.0000 -3.0259
        vertex -5.3856 -1.6000 -3.2000
        vertex -5.3856 0.0000 -3.2000
    endloop
endfacet
facet normal -9.5308 -4.0000 -10.2316
    outer loop
        vertex -5.4782 -1.6000 -3.3877
        vertex -5.3856 0.0000 -3.2000
        vertex -5.3856 -1.6000 -3.2000
    endloop
endfacet
facet normal -9.5308 -4.0000 -10.2316
    outer loop
        vertex -5.3856 0.0000 -3.2000
        vertex -5.4782 -1.6000 -3.3877
        vertex -5.4782 0.0000 -3.3877
    endloop
endfacet
facet normal -9.5044 -4.0000 -10.1680
    outer loop
        vertex -5.5454 -1.6000 -3.5859
        vertex -5.4782 0.0000 -3.3877
        vertex -5.4782 -1.6000 -3.3877
    endloop
endfacet
facet normal -9.5044 -4.0000 -10.1680
    outer loop
        vertex -5.4782 0.0000 -3.3877
        vertex -5.5454 -1.6000 -3.5859
        vertex -5.5454 0.0000 -3.5859
    endloop
endfacet
facet normal -9.4868 -4.0000 -10.1020
    outer loop
        vertex -5.5862 -1.6000 -3.7912
        vertex -5.5454 0.0000 -3.5859
        vertex -5.5454 -1.6000 -3.5859
    endloop
endfacet
facet normal -9.4868 -4.0000 -10.1020
    outer loop
        vertex -5.5454 0.0000 -3.5859
        vertex -5.5862 -1.6000 -3.7912
        vertex -5.5862 0.0000 -3.7912
    endloop
endfacet
facet normal -9.4780 -4.0000 -10.0344
    outer loop
        vertex -5.6000 -1.6000 -4.0000
        vertex -5.5862 0.0000 -3.7912
        vertex -5.5862 -1.6000 -3.7912
    endloop
endfacet
facet normal -9.4780 -4.0000 -10.0344
    outer loop
        vertex -5.5862 0.0000 -3.7912
        vertex -5.6000 -1.6000 -4.0000
        vertex -5.6000 0.0000 -4.0000
    endloop
endfacet
facet normal -9.4780 -4.0000 -9.9656
    outer loop
        vertex -5.5862 -1.6000 -4.2088
        vertex -5.6000 0.0000 -4.0000
        vertex -5.6000 -1.6000 -4.0000
    endloop
endfacet
facet normal -9.4780 -4.0000 -9.9656
    outer loop
        vertex -5.6000 0.0000 -4.0000
        vertex -5.5862 -1.6000 -4.2088
        vertex -5.5862 0.0000 -4.2088
    endloop
endfacet
facet normal -9.4868 -4.0000 -9.8980
    outer loop
        vertex -5.5454 -1.6000 -4.4141
        vertex -5.5862 0.0000 -4.2088
        vertex -5.5862 -1.6000 -4.2088
    endloop
endfacet
facet normal -9.4868 -4.0000 -9.8980
    outer loop
        vertex -5.5862 0.0000 -4.2088
        vertex -5.5454 -1.6000 -4.4141
        vertex -5.5454 0.0000 -4.4141
    endloop
endfacet
facet normal -9.5044 -4.0000 -9.8320
    outer loop
        vertex -5.4782 -1.6000 -4.6123
        vertex -5.5454 0.0000 -4.4141
        vertex -5.5454 -1.6000 -4.4141
    endloop
endfacet
facet normal -9.5044 -4.0000 -9.8320
    outer loop
        vertex -5.5454 0.0000 -4.4141
        vertex -5.4782 -1.6000 -4.6123
        vertex -5.4782 0.0000 -4.6123
    endloop
endfacet
facet normal -9.5308 -4.0000 -9.7684
    outer loop
        vertex -5.3856 -1.6000 -4.8000
        vertex -5.4782 0.0000 -4.6123
        vertex -5.4782 -1.6000 -4.6123
    endloop
endfacet
facet normal -9.5308 -4.0000 -9.7684
    outer loop
        vertex -5.4782 0.0000 -4.6123
        vertex -5.3856 -1.6000 -4.8000
        vertex -5.3856 0.0000 -4.8000
    endloop
endfacet
facet normal -9.5648 -4.0000 -9.7096
    outer loop
        vertex -5.2694 -1.6000 -4.9741
        vertex -5.3856 0.0000 -4.8000
        vertex -5.3856 -1.6000 -4.8000
    endloop
endfacet
facet normal -9.5648 -4.0000 -9.7096
    outer loop
        vertex -5.3856 0.0000 -4.8000
        vertex -5.2694 -1.6000 -4.9741
        vertex -5.2694 0.0000 -4.9741
    endloop
endfacet
facet normal -9.6068 -4.0000 -9.6548
    outer loop
        vertex -5.1314 -1.6000 -5.1314
        vertex -5.2694 0.0000 -4.9741
        vertex -5.2694 -1.6000 -4.9741
    endloop
endfacet
facet normal -9.6068 -4.0000 -9.6548
    outer loop
        vertex -5.2694 0.0000 -4.9741
        vertex -5.1314 -1.6000 -5.1314
        vertex -5.1314 0.0000 -5.1314
    endloop
endfacet
facet normal -9.6548 -4.0000 -9.6068
    outer loop
        vertex -4.9741 -1.6000 -5.2694
        vertex -5.1314 0.0000 -5.1314
        vertex -5.1314 -1.6000 -5.1314
    endloop
endfacet
facet normal -9.6548 -4.0000 -9.6068
    outer loop
        vertex -5.1314 0.0000 -5.1314
        vertex -4.9741 -1.6000 -5.2694
        vertex -4.9741 0.0000 -5.2694
    endloop
endfacet
facet normal -9.7096 -4.0000 -9.5648
    outer loop
        vertex -4.8000 -1.6000 -5.3856
        vertex -4.9741 0.0000 -5.2694
        vertex -4.9741 -1.6000 -5.2694
    endloop
endfacet
facet normal -9.7096 -4.0000 -9.5648
    outer loop
        vertex -4.9741 0.0000 -5.2694
        vertex -4.8000 -1.6000 -5.3856
        vertex -4.8000 0.0000 -5.3856
    endloop
endfacet
facet normal -9.7684 -4.0000 -9.5308
    outer loop
        vertex -4.6123 -1.6000 -5.4782
        vertex -4.8000 0.0000 -5.3856
        vertex -4.8000 -1.6000 -5.3856
    endloop
endfacet
facet normal -9.7684 -4.0000 -9.5308
    outer loop
        vertex -4.8000 0.0000 -5.3856
        vertex -4.6123 -1.6000 -5.4782
        vertex -4.6123 0.0000 -5.4782
    endloop
endfacet
facet normal -9.8320 -4.0000 -9.5044
    outer loop
        vertex -4.4141 -1.6000 -5.5454
        vertex -4.6123 0.0000 -5.4782
        vertex -4.6123 -1.6000 -5.4782
    endloop
endfacet
facet normal -9.8320 -4.0000 -9.5044
    outer loop
        vertex -4.6123 0.0000 -5.4782
        vertex -4.4141 -1.6000 -5.5454
        vertex -4.4141 0.0000 -5.5454
    endloop
endfacet
facet normal -9.8980 -4.0000 -9.4868
    outer loop
        vertex -4.2088 -1.6000 -5.5862
        vertex -4.4141 0.0000 -5.5454
        vertex -4.4141 -1.6000 -5.5454
    endloop
endfacet
facet normal -9.8980 -4.0000 -9.4868
    outer loop
        vertex -4.4141 0.0000 -5.5454
        vertex -4.2088 -1.6000 -5.5862
        vertex -4.2088 0.0000 -5.5862
    endloop
endfacet
facet normal -9.9656 -4.0000 -9.4780
    outer loop
        vertex -4.0000 -1.6000 -5.6000
        vertex -4.2088 0.0000 -5.5862
        vertex -4.2088 -1.6000 -5.5862
    endloop
endfacet
facet normal -9.9656 -4.0000 -9.4780
    outer loop
        vertex -4.2088 0.0000 -5.5862
        vertex -4.0000 -1.6000 -5.6000
        vertex -4.0000 0.0000 -5.6000
    endloop
endfacet
facet normal -10.0344 -4.0000 -9.4780
    outer loop
        vertex -3.7912 -1.6000 -5.5862
        vertex -4.0000 0.0000 -5.6000
        vertex -4.0000 -1.6000 -5.6000
    endloop
endfacet
facet normal -10.0344 -4.0000 -9.4780
    outer loop
        vertex -4.0000 0.0000 -5.6000
        vertex -3.7912 -1.6000 -5.5862
        vertex -3.7912 0.0000 -5.5862
    endloop
endfacet
facet normal -10.1020 -4.0000 -9.4868
    outer loop
        vertex -3.5859 -1.6000 -5.5454
        vertex -3.7912 0.0000 -5.5862
        vertex -3.7912 -1.6000 -5.5862
    endloop
endfacet
facet normal -10.1020 -4.0000 -9.4868
    outer loop
        vertex -3.7912 0.0000 -5.5862
        vertex -3.5859 -1.6000 -5.5454
        vertex -3.5859 0.0000 -5.5454
    endloop
endfacet
facet normal -10.1680 -4.0000 -9.5044
    outer loop
        vertex -3.3877 -1.6000 -5.4782
        vertex -3.5859 0.0000 -5.5454
        vertex -3.5859 -1.6000 -5.5454
    endloop
endfacet
facet normal -10.1680 -4.0000 -9.5044
    outer loop
        vertex -3.5859 0.0000 -5.5454
        vertex -3.3877 -1.6000 -5.4782
        vertex -3.3877 0.0000 -5.4782
    endloop
endfacet
facet normal -10.2316 -4.0000 -9.5308
    outer loop
        vertex -3.2000 -1.6000 -5.3856
        vertex -3.3877 0.0000 -5.4782
        vertex -3.3877 -1.6000 -5.4782
    endloop
endfacet
facet normal -10.2316 -4.0000 -9.5308
    outer loop
        vertex -3.3877 0.0000 -5.4782
        vertex -3.2000 -1.6000 -5.3856
        vertex -3.2000 0.0000 -5.3856
    endloop
endfacet
facet normal -10.2904 -4.0000 -9.5648
    outer loop
        vertex -3.0259 -1.6000 -5.2694
        vertex -3.2000 0.0000 -5.3856
        vertex -3.2000 -1.6000 -5.3856
    endloop
endfacet
facet normal -10.2904 -4.0000 -9.5648
    outer loop
        vertex -3.2000 0.0000 -5.3856
        vertex -3.0259 -1.6000 -5.2694
        vertex -3.0259 0.0000 -5.2694
    endloop
endfacet
facet normal -10.3452 -4.0000 -9.6068
    outer loop
        vertex -2.8686 -1.6000 -5.1314
        vertex -3.0259 0.0000 -5.2694
        vertex -3.0259 -1.6000 -5.2694
    endloop
endfacet
facet normal -10.3452 -4.0000 -9.6068
    outer loop
        vertex -3.0259 0.0000 -5.2694
        vertex -2.8686 -1.6000 -5.1314
        vertex -2.8686 0.0000 -5.1314
    endloop
endfacet
facet normal -10.3932 -4.0000 -9.6548
    outer loop
        vertex -2.7306 -1.6000 -4.9741
        vertex -2.8686 0.0000 -5.1314
        vertex -2.8686 -1.6000 -5.1314
    endloop
endfacet
facet normal -10.3932 -4.0000 -9.6548
    outer loop
        vertex -2.8686 0.0000 -5.1314
        vertex -2.7306 -1.6000 -4.9741
        vertex -2.7306 0.0000 -4.9741
    endloop
endfacet
facet normal -10.4352 -4.0000 -9.7096
    outer loop
        vertex -2.6144 -1.6000 -4.8000
        vertex -2.7306 0.0000 -4.9741
        vertex -2.7306 -1.6000 -4.9741
    endloop
endfacet
facet normal -10.4352 -4.0000 -9.7096
    outer loop
        vertex -2.7306 0.0000 -4.9741
        vertex -2.6144 -1.6000 -4.8000
        vertex -2.6144 0.0000 -4.8000
    endloop
endfacet
facet normal -10.4692 -4.0000 -9.7684
    outer loop
        vertex -2.5218 -1.6000 -4.6123
        vertex -2.6144 0.0000 -4.8000
        vertex -2.6144 -1.6000 -4.8000
    endloop
endfacet
facet normal -10.4692 -4.0000 -9.7684
    outer loop
        vertex -2.6144 0.0000 -4.8000
        vertex -2.5218 -1.6000 -4.6123
        vertex -2.5218 0.0000 -4.6123
    endloop
endfacet
facet normal -10.4956 -4.0000 -9.8320
    outer loop
        vertex -2.4546 -1.6000 -4.4141
        vertex -2.5218 0.0000 -4.6123
        vertex -2.5218 -1.6000 -4.6123
    endloop
endfacet
facet normal -10.4956 -4.0000 -9.8320
    outer loop
        vertex -2.5218 0.0000 -4.6123
        vertex -2.4546 -1.6000 -4.4141
        vertex -2.4546 0.0000 -4.4141
    endloop
endfacet
facet normal -10.5132 -4.0000 -9.8980
    outer loop
        vertex -2.4138 -1.6000 -4.2088
        vertex -2.4546 0.0000 -4.4141
        vertex -2.4546 -1.6000 -4.4141
    endloop
endfacet
facet normal -10.5132 -4.0000 -9.8980
    outer loop
        vertex -2.4546 0.0000 -4.4141
        vertex -2.4138 -1.6000 -4.2088
        vertex -2.4138 0.0000 -4.2088
    endloop
endfacet
facet normal -10.5220 -4.0000 -9.9656
    outer loop
        vertex -2.4000 -1.6000 -4.0000
        vertex -2.4138 0.0000 -4.2088
        vertex -2.4138 -1.6000 -4.2088
    endloop
endfacet
facet normal -10.5220 -4.0000 -9.9656
    outer loop
        vertex -2.4138 0.0000 -4.2088
        vertex -2.4000 -1.6000 -4.0000
        vertex -2.4000 0.0000 -4.0000
    endloop
endfacet
facet normal -9.2170 -4.0000 -9.9484
    outer loop
        vertex -1.6206 -1.6000 -3.6868
        vertex -1.6000 -1.6000 -4.0000
        vertex -1.6000 0.0000 -4.0000
    endloop
endfacet
facet normal -9.2170 -4.0000 -9.9484
    outer loop
        vertex -1.6000 0.0000 -4.0000
        vertex -1.6206 0.0000 -3.6868
        vertex -1.6206 -1.6000 -3.6868
    endloop
endfacet
facet normal -9.2302 -4.0000 -9.8470
    outer loop
        vertex -1.6818 -1.6000 -3.3789
        vertex -1.6206 -1.6000 -3.6868
        vertex -1.6206 0.0000 -3.6868
    endloop
endfacet
facet normal -9.2302 -4.0000 -9.8470
    outer loop
        vertex -1.6206 0.0000 -3.6868
        vertex -1.6818 0.0000 -3.3789
        vertex -1.6818 -1.6000 -3.3789
    endloop
endfacet
facet normal -9.2566 -4.0000 -9.7480
    outer loop
        vertex -1.7826 -1.6000 -3.0815
        vertex -1.6818 -1.6000 -3.3789
        vertex -1.6818 0.0000 -3.3789
    endloop
endfacet
facet normal -9.2566 -4.0000 -9.7480
    outer loop
        vertex -1.6818 0.0000 -3.3789
        vertex -1.7826 0.0000 -3.0815
        vertex -1.7826 -1.6000 -3.0815
    endloop
endfacet
facet normal -9.2962 -4.0000 -9.6526
    outer loop
        vertex -1.9216 -1.6000 -2.8000
        vertex -1.7826 -1.6000 -3.0815
        vertex -1.7826 0.0000 -3.0815
    endloop
endfacet
facet normal -9.2962 -4.0000 -9.6526
    outer loop
        vertex -1.7826 0.0000 -3.0815
        vertex -1.9216 0.0000 -2.8000
        vertex -1.9216 -1.6000 -2.8000
    endloop
endfacet
facet normal -9.3472 -4.0000 -9.5644
    outer loop
        vertex -2.0958 -1.6000 -2.5389
        vertex -1.9216 -1.6000 -2.8000
        vertex -1.9216 0.0000 -2.8000
    endloop
endfacet
facet normal -9.3472 -4.0000 -9.5644
    outer loop
        vertex -1.9216 0.0000 -2.8000
        vertex -2.0958 0.0000 -2.5389
        vertex -2.0958 -1.6000 -2.5389
    endloop
endfacet
facet normal -9.4102 -4.0000 -9.4822
    outer loop
        vertex -2.3030 -1.6000 -2.3030
        vertex -2.0958 -1.6000 -2.5389
        vertex -2.0958 0.0000 -2.5389
    endloop
endfacet
facet normal -9.4102 -4.0000 -9.4822
    outer loop
        vertex -2.0958 0.0000 -2.5389
        vertex -2.3030 0.0000 -2.3030
        vertex -2.3030 -1.6000 -2.3030
    endloop
endfacet
facet normal -9.4822 -4.0000 -9.4102
    outer loop
        vertex -2.5389 -1.6000 -2.0958
        vertex -2.3030 -1.6000 -2.3030
        vertex -2.3030 0.0000 -2.3030
    endloop
endfacet
facet normal -9.4822 -4.0000 -9.4102
    outer loop
        vertex -2.3030 0.0000 -2.3030
        vertex -2.5389 0.0000 -2.0958
        vertex -2.5389 -1.6000 -2.0958
    endloop
endfacet
facet normal -9.5644 -4.0000 -9.3472
    outer loop
        vertex -2.8000 -1.6000 -1.9216
        vertex -2.5389 -1.6000 -2.0958
        vertex -2.5389 0.0000 -2.0958
    endloop
endfacet
facet normal -9.5644 -4.0000 -9.3472
    outer loop
        vertex -2.5389 0.0000 -2.0958
        vertex -2.8000 0.0000 -1.9216
        vertex -2.8000 -1.6000 -1.9216
    endloop
endfacet
facet normal -9.6526 -4.0000 -9.2962
    outer loop
        vertex -3.0815 -1.6000 -1.7826
        vertex -2.8000 -1.6000 -1.9216
        vertex -2.8000 0.0000 -1.9216
    endloop
endfacet
facet normal -9.6526 -4.0000 -9.2962
    outer loop
        vertex -2.8000 0.0000 -1.9216
        vertex -3.0815 0.0000 -1.7826
        vertex -3.0815 -1.6000 -1.7826
    endloop
endfacet
facet normal -9.7480 -4.0000 -9.2566
    outer loop
        vertex -3.3789 -1.6000 -1.6818
        vertex -3.0815 -1.6000 -1.7826
        vertex -3.0815 0.0000 -1.7826
    endloop
endfacet
facet normal -9.7480 -4.0000 -9.2566
    outer loop
        vertex -3.0815 0.0000 -1.7826
        vertex -3.3789 0.0000 -1.6818
        vertex -3.3789 -1.6000 -1.6818
    endloop
endfacet
facet normal -9.8470 -4.0000 -9.2302
    outer loop
        vertex -3.6868 -1.6000 -1.6206
        vertex -3.3789 -1.6000 -1.6818
        vertex -3.3789 0.0000 -1.6818
    endloop
endfacet
facet normal -9.8470 -4.0000 -9.2302
    outer loop
        vertex -3.3789 0.0000 -1.6818
        vertex -3.6868 0.0000 -1.6206
        vertex -3.6868 -1.6000 -1.6206
    endloop
endfacet
facet normal -9.9484 -4.0000 -9.2170
    outer loop
        vertex -4.0000 -1.6000 -1.6000
        vertex -3.6868 -1.6000 -1.6206
        vertex -3.6868 0.0000 -1.6206
    endloop
endfacet
facet normal -9.9484 -4.0000 -9.2170
    outer loop
        vertex -3.6868 0.0000 -1.6206
        vertex -4.0000 0.0000 -1.6000
        vertex -4.0000 -1.6000 -1.6000
    endloop
endfacet
facet normal -10.0516 -4.0000 -9.2170
    outer loop
        vertex -4.3132 -1.6000 -1.6206
        vertex -4.0000 -1.6000 -1.6000
        vertex -4.0000 0.0000 -1.6000
    endloop
endfacet
facet normal -10.0516 -4.0000 -9.2170
    outer loop
        vertex -4.0000 0.0000 -1.6000
        vertex -4.3132 0.0000 -1.6206
        vertex -4.3132 -1.6000 -1.6206
    endloop
endfacet
facet normal -10.1530 -4.0000 -9.2302
    outer loop
        vertex -4.6211 -1.6000 -1.6818
        vertex -4.3132 -1.6000 -1.6206
        vertex -4.3132 0.0000 -1.6206
    endloop
endfacet
facet normal -10.1530 -4.0000 -9.2302
    outer loop
        vertex -4.3132 0.0000 -1.6206
        vertex -4.6211 0.0000 -1.6818
        vertex -4.6211 -1.6000 -1.6818
    endloop
endfacet
facet normal -10.2520 -4.0000 -9.2566
    outer loop
        vertex -4.9185 -1.6000 -1.7826
        vertex -4.6211 -1.6000 -1.6818
        vertex -4.6211 0.0000 -1.6818
    endloop
endfacet
facet normal -10.2520 -4.0000 -9.2566
    outer loop
        vertex -4.6211 0.0000 -1.6818
        vertex -4.9185 0.0000 -1.7826
        vertex -4.9185 -1.6000 -1.7826
    endloop
endfacet
facet normal -10.3474 -4.0000 -9.2962
    outer loop
        vertex -5.2000 -1.6000 -1.9216
        vertex -4.9185 -1.6000 -1.7826
        vertex -4.9185 0.0000 -1.7826
    endloop
endfacet
facet normal -10.3474 -4.0000 -9.2962
    outer loop
        vertex -4.9185 0.0000 -1.7826
        vertex -5.2000 0.0000 -1.9216
        vertex -5.2000 -1.6000 -1.9216
    endloop
endfacet
facet normal -10.4356 -4.0000 -9.3472
    outer loop
        vertex -5.4611 -1.6000 -2.0958
        vertex -5.2000 -1.6000 -1.9216
        vertex -5.2000 0.0000 -1.9216
    endloop
endfacet
facet normal -10.4356 -4.0000 -9.3472
    outer loop
        vertex -5.2000 0.0000 -1.9216
        vertex -5.4611 0.0000 -2.0958
        vertex -5.4611 -1.6000 -2.0958
    endloop
endfacet
facet normal -10.5178 -4.0000 -9.4102
    outer loop
        vertex -5.6970 -1.6000 -2.3030
        vertex -5.4611 -1.6000 -2.0958
        vertex -5.4611 0.0000 -2.0958
    endloop
endfacet
facet normal -10.5178 -4.0000 -9.4102
    outer loop
        vertex -5.4611 0.0000 -2.0958
        vertex -5.6970 0.0000 -2.3030
        vertex -5.6970 -1.6000 -2.3030
    endloop
endfacet
facet normal -10.5898 -4.0000 -9.4822
    outer loop
        vertex -5.9042 -1.6000 -2.5389
        vertex -5.6970 -1.6000 -2.3030
        vertex -5.6970 0.0000 -2.3030
    endloop
endfacet
facet normal -10.5898 -4.0000 -9.4822
    outer loop
        vertex -5.6970 0.0000 -2.3030
        vertex -5.9042 0.0000 -2.5389
        vertex -5.9042 -1.6000 -2.5389
    endloop
endfacet
facet normal -10.6528 -4.0000 -9.5644
    outer loop
        vertex -6.0784 -1.6000 -2.8000
        vertex -5.9042 -1.6000 -2.5389
        vertex -5.9042 0.0000 -2.5389
    endloop
endfacet
facet normal -10.6528 -4.0000 -9.5644
    outer loop
        vertex -5.9042 0.0000 -2.5389
        vertex -6.0784 0.0000 -2.8000
        vertex -6.0784 -1.6000 -2.8000
    endloop
endfacet
facet normal -10.7038 -4.0000 -9.6526
    outer loop
        vertex -6.2174 -1.6000 -3.0815
        vertex -6.0784 -1.6000 -2.8000
        vertex -6.0784 0.0000 -2.8000
    endloop
endfacet
facet normal -10.7038 -4.0000 -9.6526
    outer loop
        vertex -6.0784 0.0000 -2.8000
        vertex -6.2174 0.0000 -3.0815
        vertex -6.2174 -1.6000 -3.0815
    endloop
endfacet
facet normal -10.7434 -4.0000 -9.7480
    outer loop
        vertex -6.3182 -1.6000 -3.3789
        vertex -6.2174 -1.6000 -3.0815
        vertex -6.2174 0.0000 -3.0815
    endloop
endfacet
facet normal -10.7434 -4.0000 -9.7480
    outer loop
        vertex -6.2174 0.0000 -3.0815
        vertex -6.3182 0.0000 -3.3789
        vertex -6.3182 -1.6000 -3.3789
    endloop
endfacet
facet normal -10.7698 -4.0000 -9.8470
    outer loop
        vertex -6.3794 -1.6000 -3.6868
        vertex -6.3182 -1.6000 -3.3789
        vertex -6.3182 0.0000 -3.3789
    endloop
endfacet
facet normal -10.7698 -4.0000 -9.8470
    outer loop
        vertex -6.3182 0.0000 -3.3789
        vertex -6.3794 0.0000 -3.6868
        vertex -6.3794 -1.6000 -3.6868
    endloop
endfacet
facet normal -10.7830 -4.0000 -9.9484
    outer loop
        vertex -6.4000 -1.6000 -4.0000
        vertex -6.3794 -1.6000 -3.6868
        vertex -6.3794 0.0000 -3.6868
    endloop
endfacet
facet normal -10.7830 -4.0000 -9.9484
    outer loop
        vertex -6.3794 0.0000 -3.6868
        vertex -6.4000 0.0000 -4.0000
        vertex -6.4000 -1.6000 -4.0000
    endloop
endfacet
facet normal -10.7830 -4.0000 -10.0516
    outer loop
        vertex -6.3794 -1.6000 -4.3132
        vertex -6.4000 -1.6000 -4.0000
        vertex -6.4000 0.0000 -4.0000
    endloop
endfacet
facet normal -10.7830 -4.0000 -10.0516
    outer loop
        vertex -6.4000 0.0000 -4.0000
        vertex -6.3794 0.0000 -4.3132
        vertex -6.3794 -1.6000 -4.3132
    endloop
endfacet
facet normal -10.7698 -4.0000 -10.1530
    outer loop
        vertex -6.3182 -1.6000 -4.6211
        vertex -6.3794 -1.6000 -4.3132
        vertex -6.3794 0.0000 -4.3132
    endloop
endfacet
facet normal -10.7698 -4.0000 -10.1530
    outer loop
        vertex -6.3794 0.0000 -4.3132
        vertex -6.3182 0.0000 -4.6211
        vertex -6.3182 -1.6000 -4.6211
    endloop
endfacet
facet normal -10.7434 -4.0000 -10.2520
    outer loop
        vertex -6.2174 -1.6000 -4.9185
        vertex -6.3182 -1.6000 -4.6211
        vertex -6.3182 0.0000 -4.6211
    endloop
endfacet
facet normal -10.7434 -4.0000 -10.2520
    outer loop
        vertex -6.3182 0.0000 -4.6211
        vertex -6.2174 0.0000 -4.9185
        vertex -6.2174 -1.6000 -4.9185
    endloop
endfacet
facet normal -10.7038 -4.0000 -10.3474
    outer loop
        vertex -6.0784 -1.6000 -5.2000
        vertex -6.2174 -1.6000 -4.9185
        vertex -6.2174 0.0000 -4.9185
    endloop
endfacet
facet normal -10.7038 -4.0000 -10.3474
    outer loop
        vertex -6.2174 0.0000 -4.9185
        vertex -6.0784 0.0000 -5.2000
        vertex -6.0784 -1.6000 -5.2000
    endloop
endfacet
facet normal -10.6528 -4.0000 -10.4356
    outer loop
        vertex -5.9042 -1.6000 -5.4611
        vertex -6.0784 -1.6000 -5.2000
        vertex -6.0784 0.0000 -5.2000
    endloop
endfacet
facet normal -10.6528 -4.0000 -10.4356
    outer loop
        vertex -6.0784 0.0000 -5.2000
        vertex -5.9042 0.0000 -5.4611
        vertex -5.9042 -1.6000 -5.4611
    endloop
endfacet
facet normal -10.5898 -4.0000 -10.5178
    outer loop
        vertex -5.6970 -1.6000 -5.6970
        vertex -5.9042 -1.6000 -5.4611
        vertex -5.9042 0.0000 -5.4611
    endloop
endfacet
facet normal -10.5898 -4.0000 -10.5178
    outer loop
        vertex -5.9042 0.0000 -5.4611
        vertex -5.6970 0.0000 -5.6970
        vertex -5.6970 -1.6000 -5.6970
    endloop
endfacet
facet normal -10.5178 -4.0000 -10.5898
    outer loop
        vertex -5.4611 -1.6000 -5.9042
        vertex -5.6970 -1.6000 -5.6970
        vertex -5.6970 0.0000 -5.6970
    endloop
endfacet
facet normal -10.5178 -4.0000 -10.5898
    outer loop
        vertex -5.6970 0.0000 -5.6970
        vertex -5.4611 0.0000 -5.9042
        vertex -5.4611 -1.6000 -5.9042
    endloop
endfacet
facet normal -10.4356 -4.0000 -10.6528
    outer loop
        vertex -5.2000 -1.6000 -6.0784
        vertex -5.4611 -1.6000 -5.9042
        vertex -5.4611 0.0000 -5.9042
    endloop
endfacet
facet normal -10.4356 -4.0000 -10.6528
    outer loop
        vertex -5.4611 0.0000 -5.9042
        vertex -5.2000 0.0000 -6.0784
        vertex -5.2000 -1.6000 -6.0784
    endloop
endfacet
facet normal -10.3474 -4.0000 -10.7038
    outer loop
        vertex -4.9185 -1.6000 -6.2174
        vertex -5.2000 -1.6000 -6.0784
        vertex -5.2000 0.0000 -6.0784
    endloop
endfacet
facet normal -10.3474 -4.0000 -10.7038
    outer loop
        vertex -5.2000 0.0000 -6.0784
        vertex -4.9185 0.0000 -6.2174
        vertex -4.9185 -1.6000 -6.2174
    endloop
endfacet
facet normal -10.2520 -4.0000 -10.7434
    outer loop
        vertex -4.6211 -1.6000 -6.3182
        vertex -4.9185 -1.6000 -6.2174
        vertex -4.9185 0.0000 -6.2174
    endloop
endfacet
facet normal -10.2520 -4.0000 -10.7434
    outer loop
        vertex -4.9185 0.0000 -6.2174
        vertex -4.6211 0.0000 -6.3182
        vertex -4.6211 -1.6000 -6.3182
    endloop
endfacet
facet normal -10.1530 -4.0000 -10.7698
    outer loop
        vertex -4.3132 -1.6000 -6.3794
        vertex -4.6211 -1.6000 -6.3182
        vertex -4.6211 0.0000 -6.3182
    endloop
endfacet
facet normal -10.1530 -4.0000 -10.7698
    outer loop
        vertex -4.6211 0.0000 -6.3182
        vertex -4.3132 0.0000 -6.3794
        vertex -4.3132 -1.6000 -6.3794
    endloop
endfacet
facet normal -10.0516 -4.0000 -10.7830
    outer loop
        vertex -4.0000 -1.6000 -6.4000
        vertex -4.3132 -1.6000 -6.3794
        vertex -4.3132 0.0000 -6.3794
    endloop
endfacet
facet normal -10.0516 -4.0000 -10.7830
    outer loop
        vertex -4.3132 0.0000 -6.3794
        vertex -4.0000 0.0000 -6.4000
        vertex -4.0000 -1.6000 -6.4000
    endloop
endfacet
facet normal -9.9484 -4.0000 -10.7830
    outer loop
        vertex -3.6868 -1.6000 -6.3794
        vertex -4.0000 -1.6000 -6.4000
        vertex -4.0000 0.0000 -6.4000
    endloop
endfacet
facet normal -9.9484 -4.0000 -10.7830
    outer loop
        vertex -4.0000 0.0000 -6.4000
        vertex -3.6868 0.0000 -6.3794
        vertex -3.6868 -1.6000 -6.3794
    endloop
endfacet
facet normal -9.8470 -4.0000 -10.7698
    outer loop
        vertex -3.3789 -1.6000 -6.3182
        vertex -3.6868 -1.6000 -6.3794
        vertex -3.6868 0.0000 -6.3794
    endloop
endfacet
facet normal -9.8470 -4.0000 -10.7698
    outer loop
        vertex -3.6868 0.0000 -6.3794
        vertex -3.3789 0.0000 -6.3182
        vertex -3.3789 -1.6000 -6.3182
    endloop
endfacet
facet normal -9.7480 -4.0000 -10.7434
    outer loop
        vertex -3.0815 -1.6000 -6.2174
        vertex -3.3789 -1.6000 -6.3182
        vertex -3.3789 0.0000 -6.3182
    endloop
endfacet
facet normal -9.7480 -4.0000 -10.7434
    outer loop
        vertex -3.3789 0.0000 -6.3182
        vertex -3.0815 0.0000 -6.2174
        vertex -3.0815 -1.6000 -6.2174
    endloop
endfacet
facet normal -9.6526 -4.0000 -10.7038
    outer loop
        vertex -2.8000 -1.6000 -6.0784
        vertex -3.0815 -1.6000 -6.2174
        vertex -3.0815 0.0000 -6.2174
    endloop
endfacet
facet normal -9.6526 -4.0000 -10.7038
    outer loop
        vertex -3.0815 0.0000 -6.2174
        vertex -2.8000 0.0000 -6.0784
        vertex -2.8000 -1.6000 -6.0784
    endloop
endfacet
facet normal -9.5644 -4.0000 -10.6528
    outer loop
        vertex -2.5389 -1.6000 -5.9042
        vertex -2.8000 -1.6000 -6.0784
        vertex -2.8000 0.0000 -6.0784
    endloop
endfacet
facet normal -9.5644 -4.0000 -10.6528
    outer loop
        vertex -2.8000 0.0000 -6.0784
        vertex -2.5389 0.0000 -5.9042
        vertex -2.5389 -1.6000 -5.9042
    endloop
endfacet
facet normal -9.4822 -4.0000 -10.5898
    outer loop
        vertex -2.3030 -1.6000 -5.6970
        vertex -2.5389 -1.6000 -5.9042
        vertex -2.5389 0.0000 -5.9042
    endloop
endfacet
facet normal -9.4822 -4.0000 -10.5898
    outer loop
        vertex -2.5389 0.0000 -5.9042
        vertex -2.3030 0.0000 -5.6970
        vertex -2.3030 -1.6000 -5.6970
    endloop
endfacet
facet normal -9.4102 -4.0000 -10.5178
    outer loop
        vertex -2.0958 -1.6000 -5.4611
        vertex -2.3030 -1.6000 -5.6970
        vertex -2.3030 0.0000 -5.6970
    endloop
endfacet
facet normal -9.4102 -4.0000 -10.5178
    outer loop
        vertex -2.3030 0.0000 -5.6970
        vertex -2.0958 0.0000 -5.4611
        vertex -2.0958 -1.6000 -5.4611
    endloop
endfacet
facet normal -9.3472 -4.0000 -10.4356
    outer loop
        vertex -1.9216 -1.6000 -5.2000
        vertex -2.0958 -1.6000 -5.4611
        vertex -2.0958 0.0000 -5.4611
    endloop
endfacet
facet normal -9.3472 -4.0000 -10.4356
    outer loop
        vertex -2.0958 0.0000 -5.4611
        vertex -1.9216 0.0000 -5.2000
        vertex -1.9216 -1.6000 -5.2000
    endloop
endfacet
facet normal -9.2962 -4.0000 -10.3474
    outer loop
        vertex -1.7826 -1.6000 -4.9185
        vertex -1.9216 -1.6000 -5.2000
        vertex -1.9216 0.0000 -5.2000
    endloop
endfacet
facet normal -9.2962 -4.0000 -10.3474
    outer loop
        vertex -1.9216 0.0000 -5.2000
        vertex -1.7826 0.0000 -4.9185
        vertex -1.7826 -1.6000 -4.9185
    endloop
endfacet
facet normal -9.2566 -4.0000 -10.2520
    outer loop
        vertex -1.6818 -1.6000 -4.6211
        vertex -1.7826 -1.6000 -4.9185
        vertex -1.7826 0.0000 -4.9185
    endloop
endfacet
facet normal -9.2566 -4.0000 -10.2520
    outer loop
        vertex -1.7826 0.0000 -4.9185
        vertex -1.6818 0.0000 -4.6211
        vertex -1.6818 -1.6000 -4.6211
    endloop
endfacet
facet normal -9.2302 -4.0000 -10.1530
    outer loop
        vertex -1.6206 -1.6000 -4.3132
        vertex -1.6818 -1.6000 -4.6211
        vertex -1.6818 0.0000 -4.6211
    endloop
endfacet
facet normal -9.2302 -4.0000 -10.1530
    outer loop
        vertex -1.6818 0.0000 -4.6211
        vertex -1.6206 0.0000 -4.3132
        vertex -1.6206 -1.6000 -4.3132
    endloop
endfacet
facet normal -9.2170 -4.0000 -10.0516
    outer loop
        vertex -1.6000 -1.6000 -4.0000
        vertex -1.6206 -1.6000 -4.3132
        vertex -1.6206 0.0000 -4.3132
    endloop
endfacet
facet normal -9.2170 -4.0000 -10.0516
    outer loop
        vertex -1.6206 0.0000 -4.3132
        vertex -1.6000 0.0000 -4.0000
        vertex -1.6000 -1.6000 -4.0000
    endloop
endfacet
facet normal -10.0000 -4.3915 -10.0000
    outer loop
        vertex -1.6000 -1.6000 -4.0000
        vertex -1.6206 -1.6000 -3.6868
        vertex -2.4138 -1.6000 -3.7912
    endloop
endfacet
facet normal -10.0000 -4.2610 -10.0000
    outer loop
        vertex -2.4138 -1.6000 -3.7912
        vertex -2.4000 -1.6000 -4.0000
        vertex -1.6000 -1.6000 -4.0000
    endloop
endfacet
facet normal -10.0000 -4.3916 -10.0000
    outer loop
        vertex -1.6206 -1.6000 -3.6868
        vertex -1.6818 -1.6000 -3.3789
        vertex -2.4546 -1.6000 -3.5859
    endloop
endfacet
facet normal -10.0000 -4.2610 -10.0000
    outer loop
        vertex -2.4546 -1.6000 -3.5859
        vertex -2.4138 -1.6000 -3.7912
        vertex -1.6206 -1.6000 -3.6868
    endloop
endfacet
facet normal -10.0000 -4.3916 -10.0000
    outer loop
        vertex -1.6818 -1.6000 -3.3789
        vertex -1.7826 -1.6000 -3.0815
        vertex -2.5218 -1.6000 -3.3877
    endloop
endfacet
facet normal -10.0000 -4.2611 -10.0000
    outer loop
        vertex -2.5218 -1.6000 -3.3877
        vertex -2.4546 -1.6000 -3.5859
        vertex -1.6818 -1.6000 -3.3789
    endloop
endfacet
facet normal -10.0000 -4.3916 -10.0000
    outer loop
        vertex -1.7826 -1.6000 -3.0815
        vertex -1.9216 -1.6000 -2.8000
        vertex -2.6144 -1.6000 -3.2000
    endloop
endfacet
facet normal -10.0000 -4.2611 -10.0000
    outer loop
        vertex -2.6144 -1.6000 -3.2000
        vertex -2.5218 -1.6000 -3.3877
        vertex -1.7826 -1.6000 -3.0815
    endloop
endfacet
facet normal -10.0000 -4.3916 -10.0000
    outer loop
        vertex -1.9216 -1.6000 -2.8000
        vertex -2.0958 -1.6000 -2.5389
        vertex -2.7306 -1.6000 -3.0259
    endloop
endfacet
facet normal -10.0000 -4.2610 -10.0000
    outer loop
        vertex -2.7306 -1.6000 -3.0259
        vertex -2.6144 -1.6000 -3.2000
        vertex -1.9216 -1.6000 -2.8000
    endloop
endfacet
facet normal -10.0000 -4.3916 -10.0000
    outer loop
        vertex -2.0958 -1.6000 -2.5389
        vertex -2.3030 -1.6000 -2.3030
        vertex -2.8686 -1.6000 -2.8686
    endloop
endfacet
facet normal -10.0000 -4.2611 -10.0000
    outer loop
        vertex -2.8686 -1.6000 -2.8686
        vertex -2.7306 -1.6000 -3.0259
        vertex -2.0958 -1.6000 -2.5389
    endloop
endfacet
facet normal -10.0000 -4.3916 -10.0000
    outer loop
        vertex -2.3030 -1.6000 -2.3030
        vertex -2.5389 -1.6000 -2.0958
        vertex -3.0259 -1.6000 -2.7306
    endloop
endfacet
facet normal -10.0000 -4.2611 -10.0000
    outer loop
        vertex -3.0259 -1.6000 -2.7306
        vertex -2.8686 -1.6000 -2.8686
        vertex -2.3030 -1.6000 -2.3030
    endloop
endfacet
facet normal -10.0000 -4.3916 -10.0000
    outer loop
        vertex -2.5389 -1.6000 -2.0958
        vertex -2.8000 -1.6000 -1.9216
        vertex -3.2000 -1.6000 -2.6144
    endloop
endfacet
facet normal -10.0000 -4.2610 -10.0000
    outer loop
        vertex -3.2000 -1.6000 -2.6144
        vertex -3.0259 -1.6000 -2.7306
        vertex -2.5389 -1.6000 -2.0958
    endloop
endfacet
facet normal -10.0000 -4.3916 -10.0000
    outer loop
        vertex -2.8000 -1.6000 -1.9216
        vertex -3.0815 -1.6000 -1.7826
        vertex -3.3877 -1.6000 -2.5218
    endloop
endfacet
facet normal -10.0000 -4.2611 -10.0000
    outer loop
        vertex -3.3877 -1.6000 -2.5218
        vertex -3.2000 -1.6000 -2.6144
        vertex -2.8000 -1.6000 -1.9216
    endloop
endfacet
facet normal -10.0000 -4.3916 -10.0000
    outer loop
        vertex -3.0815 -1.6000 -1.7826
        vertex -3.3789 -1.6000 -1.6818
        vertex -3.5859 -1.6000 -2.4546
    endloop
endfacet
facet normal -10.0000 -4.2611 -10.0000
    outer loop
        vertex -3.5859 -1.6000 -2.4546
        vertex -3.3877 -1.6000 -2.5218
        vertex -3.0815 -1.6000 -1.7826
    endloop
endfacet
facet normal -10.0000 -4.3916 -10.0000
    outer loop
        vertex -3.3789 -1.6000 -1.6818
        vertex -3.6868 -1.6000 -1.6206
        vertex -3.7912 -1.6000 -2.4138
    endloop
endfacet
facet normal -10.0000 -4.2610 -10.0000
    outer loop
        vertex -3.7912 -1.6000 -2.4138
        vertex -3.5859 -1.6000 -2.4546
        vertex -3.3789 -1.6000 -1.6818
    endloop
endfacet
facet normal -10.0000 -4.3915 -10.0000
    outer loop
        vertex -3.6868 -1.6000 -1.6206
        vertex -4.0000 -1.6000 -1.6000
        vertex -4.0000 -1.6000 -2.4000
    endloop
endfacet
facet normal -10.0000 -4.2610 -10.0000
    outer loop
        vertex -4.0000 -1.6000 -2.4000
        vertex -3.7912 -1.6000 -2.4138
        vertex -3.6868 -1.6000 -1.6206
    endloop
endfacet
facet normal -10.0000 -4.3915 -10.0000
    outer loop
        vertex -4.0000 -1.6000 -1.6000
        vertex -4.3132 -1.6000 -1.6206
        vertex -4.2088 -1.6000 -2.4138
    endloop
endfacet
facet normal -10.0000 -4.2610 -10.0000
    outer loop
        vertex -4.2088 -1.6000 -2.4138
        vertex -4.0000 -1.6000 -2.4000
        vertex -4.0000 -1.6000 -1.6000
    endloop
endfacet
facet normal -10.0000 -4.3916 -10.0000
    outer loop
        vertex -4.3132 -1.6000 -1.6206
        vertex -4.6211 -1.6000 -1.6818
        vertex -4.4141 -1.6000 -2.4546
    endloop
endfacet
facet normal -10.0000 -4.2610 -10.0000
    outer loop
        vertex -4.4141 -1.6000 -2.4546
        vertex -4.2088 -1.6000 -2.4138
        vertex -4.3132 -1.6000 -1.6206
    endloop
endfacet
facet normal -10.0000 -4.3916 -10.0000
    outer loop
        vertex -4.6211 -1.6000 -1.6818
        vertex -4.9185 -1.6000 -1.7826
        vertex -4.6123 -1.6000 -2.5218
    endloop
endfacet
facet normal -10.0000 -4.2611 -10.0000
    outer loop
        vertex -4.6123 -1.6000 -2.5218
        vertex -4.4141 -1.6000 -2.4546
        vertex -4.6211 -1.6000 -1.6818
    endloop
endfacet
facet normal -10.0000 -4.3916 -10.0000
    outer loop
        vertex -4.9185 -1.6000 -1.7826
        vertex -5.2000 -1.6000 -1.9216
        vertex -4.8000 -1.6000 -2.6144
    endloop
endfacet
facet normal -10.0000 -4.2611 -10.0000
    outer loop
        vertex -4.8000 -1.6000 -2.6144
        vertex -4.6123 -1.6000 -2.5218
        vertex -4.9185 -1.6000 -1.7826
    endloop
endfacet
facet normal -10.0000 -4.3916 -10.0000
    outer loop
        vertex -5.2000 -1.6000 -1.9216
        vertex -5.4611 -1.6000 -2.0958
        vertex -4.9741 -1.6000 -2.7306
    endloop
endfacet
facet normal -10.0000 -4.2610 -10.0000
    outer loop
        vertex -4.9741 -1.6000 -2.7306
        vertex -4.8000 -1.6000 -2.6144
        vertex -5.2000 -1.6000 -1.9216
    endloop
endfacet
facet normal -10.0000 -4.3916 -10.0000
    outer loop
        vertex -5.4611 -1.6000 -2.0958
        vertex -5.6970 -1.6000 -2.3030
        vertex -5.1314 -1.6000 -2.8686
    endloop
endfacet
facet normal -10.0000 -4.2611 -10.0000
    outer loop
        vertex -5.1314 -1.6000 -2.8686
        vertex -4.9741 -1.6000 -2.7306
        vertex -5.4611 -1.6000 -2.0958
    endloop
endfacet
facet normal -10.0000 -4.3916 -10.0000
    outer loop
        vertex -5.6970 -1.6000 -2.3030
        vertex -5.9042 -1.6000 -2.5389
        vertex -5.2694 -1.6000 -3.0259
    endloop
endfacet
facet normal -10.0000 -4.2611 -10.0000
    outer loop
        vertex -5.2694 -1.6000 -3.0259
        vertex -5.1314 -1.6000 -2.8686
        vertex -5.6970 -1.6000 -2.3030
    endloop
endfacet
facet normal -10.0000 -4.3916 -10.0000
    outer loop
        vertex -5.9042 -1.6000 -2.5389
        vertex -6.0784 -1.6000 -2.8000
        vertex -5.3856 -1.6000 -3.2000
    endloop
endfacet
facet normal -10.0000 -4.2610 -10.0000
    outer loop
        vertex -5.3856 -1.6000 -3.2000
        vertex -5.2694 -1.6000 -3.0259
        vertex -5.9042 -1.6000 -2.5389
    endloop
endfacet
facet normal -10.0000 -4.3916 -10.0000
    outer loop
        vertex -6.0784 -1.6000 -2.8000
        vertex -6.2174 -1.6000 -3.0815
        vertex -5.4782 -1.6000 -3.3877
    endloop
endfacet
facet normal -10.0000 -4.2611 -10.0000
    outer loop
        vertex -5.4782 -1.6000 -3.3877
        vertex -5.3856 -1.6000 -3.2000
        vertex -6.0784 -1.6000 -2.8000
    endloop
endfacet
facet normal -10.0000 -4.3916 -10.0000
    outer loop
        vertex -6.2174 -1.6000 -3.0815
        vertex -6.3182 -1.6000 -3.3789
        vertex -5.5454 -1.6000 -3.5859
    endloop
endfacet
facet normal -10.0000 -4.2611 -10.0000
    outer loop
        vertex -5.5454 -1.6000 -3.5859
        vertex -5.4782 -1.6000 -3.3877
        vertex -6.2174 -1.6000 -3.0815
    endloop
endfacet
facet normal -10.0000 -4.3916 -10.0000
    outer loop
        vertex -6.3182 -1.6000 -3.3789
        vertex -6.3794 -1.6000 -3.6868
        vertex -5.5862 -1.6000 -3.7912
    endloop
endfacet
facet normal -10.0000 -4.2610 -10.0000
    outer loop
        vertex -5.5862 -1.6000 -3.7912
        vertex -5.5454 -1.6000 -3.5859
        vertex -6.3182 -1.6000 -3.3789
    endloop
endfacet
facet normal -10.0000 -4.3915 -10.0000
    outer loop
        vertex -6.3794 -1.6000 -3.6868
        vertex -6.4000 -1.6000 -4.0000
        vertex -5.6000 -1.6000 -4.0000
    endloop
endfacet
facet normal -10.0000 -4.2610 -10.0000
    outer loop
        vertex -5.6000 -1.6000 -4.0000
        vertex -5.5862 -1.6000 -3.7912
        vertex -6.3794 -1.6000 -3.6868
    endloop
endfacet
facet normal -10.0000 -4.3915 -10.0000
    outer loop
        vertex -6.4000 -1.6000 -4.0000
        vertex -6.3794 -1.6000 -4.3132
        vertex -5.5862 -1.6000 -4.2088
    endloop
endfacet
facet normal -10.0000 -4.2610 -10.0000
    outer loop
        vertex -5.5862 -1.6000 -4.2088
        vertex -5.6000 -1.6000 -4.0000
        vertex -6.4000 -1.6000 -4.0000
    endloop
endfacet
facet normal -10.0000 -4.3916 -10.0000
    outer loop
        vertex -6.3794 -1.6000 -4.3132
        vertex -6.3182 -1.6000 -4.6211
        vertex -5.5454 -1.6000 -4.4141
    endloop
endfacet
facet normal -10.0000 -4.2610 -10.0000
    outer loop
        vertex -5.5454 -1.6000 -4.4141
        vertex -5.5862 -1.6000 -4.2088
        vertex -6.3794 -1.6000 -4.3132
    endloop
endfacet
facet normal -10.0000 -4.3916 -10.0000
    outer loop
        vertex -6.3182 -1.6000 -4.6211
        vertex -6.2174 -1.6000 -4.9185
        vertex -5.4782 -1.6000 -4.6123
    endloop
endfacet
facet normal -10.0000 -4.2611 -10.0000
    outer loop
        vertex -5.4782 -1.6000 -4.6123
        vertex -5.5454 -1.6000 -4.4141
        vertex -6.3182 -1.6000 -4.6211
    endloop
endfacet
facet normal -10.0000 -4.3916 -10.0000
    outer loop
        vertex -6.2174 -1.6000 -4.9185
        vertex -6.0784 -1.6000 -5.2000
        vertex -5.3856 -1.6000 -4.8000
    endloop
endfacet
facet normal -10.0000 -4.2611 -10.0000
    outer loop
        vertex -5.3856 -1.6000 -4.8000
        vertex -5.4782 -1.6000 -4.6123
        vertex -6.2174 -1.6000 -4.9185
    endloop
endfacet
facet normal -10.0000 -4.3916 -10.0000
    outer loop
        vertex -6.0784 -1.6000 -5.2000
        vertex -5.9042 -1.6000 -5.4611
        vertex -5.2694 -1.6000 -4.9741
    endloop
endfacet
facet normal -10.0000 -4.2610 -10.0000
    outer loop
        vertex -5.2694 -1.6000 -4.9741
        vertex -5.3856 -1.6000 -4.8000
        vertex -6.0784 -1.6000 -5.2000
    endloop
endfacet
facet normal -10.0000 -4.3916 -10.0000
    outer loop
        vertex -5.9042 -1.6000 -5.4611
        vertex -5.6970 -1.6000 -5.6970
        vertex -5.1314 -1.6000 -5.1314
    endloop
endfacet
facet normal -10.0000 -4.2611 -10.0000
    outer loop
        vertex -5.1314 -1.6000 -5.1314
        vertex -5.2694 -1.6000 -4.9741
        vertex -5.9042 -1.6000 -5.4611
    endloop
endfacet
facet normal -10.0000 -4.3916 -10.0000
    outer loop
        vertex -5.6970 -1.6000 -5.6970
        vertex -5.4611 -1.6000 -5.9042
        vertex -4.9741 -1.6000 -5.2694
    endloop
endfacet
facet normal -10.0000 -4.2611 -10.0000
    outer loop
        vertex -4.9741 -1.6000 -5.2694
        vertex -5.1314 -1.6000 -5.1314
        vertex -5.6970 -1.6000 -5.6970
    endloop
endfacet
facet normal -10.0000 -4.3916 -10.0000
    outer loop
        vertex -5.4611 -1.6000 -5.9042
        vertex -5.2000 -1.6000 -6.0784
        vertex -4.8000 -1.6000 -5.3856
    endloop
endfacet
facet normal -10.0000 -4.2610 -10.0000
    outer loop
        vertex -4.8000 -1.6000 -5.3856
        vertex -4.9741 -1.6000 -5.2694
        vertex -5.4611 -1.6000 -5.9042
    endloop
endfacet
facet normal -10.0000 -4.3916 -10.0000
    outer loop
        vertex -5.2000 -1.6000 -6.0784
        vertex -4.9185 -1.6000 -6.2174
        vertex -4.6123 -1.6000 -5.4782
    endloop
endfacet
facet normal -10.0000 -4.2611 -10.0000
    outer loop
        vertex -4.6123 -1.6000 -5.4782
        vertex -4.8000 -1.6000 -5.3856
        vertex -5.2000 -1.6000 -6.0784
    endloop
endfacet
facet normal -10.0000 -4.3916 -10.0000
    outer loop
        vertex -4.9185 -1.6000 -6.2174
        vertex -4.6211 -1.6000 -6.3182
        vertex -4.4141 -1.6000 -5.5454
    endloop
endfacet
facet normal -10.0000 -4.2611 -10.0000
    outer loop
        vertex -4.4141 -1.6000 -5.5454
        vertex -4.6123 -1.6000 -5.4782
        vertex -4.9185 -1.6000 -6.2174
    endloop
endfacet
facet normal -10.0000 -4.3916 -10.0000
    outer loop
        vertex -4.6211 -1.6000 -6.3182
        vertex -4.3132 -1.6000 -6.3794
        vertex -4.2088 -1.6000 -5.5862
    endloop
endfacet
facet normal -10.0000 -4.2610 -10.0000
    outer loop
        vertex -4.2088 -1.6000 -5.5862
        vertex -4.4141 -1.6000 -5.5454
        vertex -4.6211 -1.6000 -6.3182
    endloop
endfacet
facet normal -10.0000 -4.3915 -10.0000
    outer loop
        vertex -4.3132 -1.6000 -6.3794
        vertex -4.0000 -1.6000 -6.4000
        vertex -4.0000 -1.6000 -5.6000
    endloop
endfacet
facet normal -10.0000 -4.2610 -10.0000
    outer loop
        vertex -4.0000 -1.6000 -5.6000
        vertex -4.2088 -1.6000 -5.5862
        vertex -4.3132 -1.6000 -6.3794
    endloop
endfacet
facet normal -10.0000 -4.3915 -10.0000
    outer loop
        vertex -4.0000 -1.6000 -6.4000
        vertex -3.6868 -1.6000 -6.3794
        vertex -3.7912 -1.6000 -5.5862
    endloop
endfacet
facet normal -10.0000 -4.2610 -10.0000
    outer loop
        vertex -3.7912 -1.6000 -5.5862
        vertex -4.0000 -1.6000 -5.6000
        vertex -4.0000 -1.6000 -6.4000
    endloop
endfacet
facet normal -10.0000 -4.3916 -10.0000
    outer loop
        vertex -3.6868 -1.6000 -6.3794
        vertex -3.3789 -1.6000 -6.3182
        vertex -3.5859 -1.6000 -5.5454
    endloop
endfacet
facet normal -10.0000 -4.2610 -10.0000
    outer loop
        vertex -3.5859 -1.6000 -5.5454
        vertex -3.7912 -1.6000 -5.5862
        vertex -3.6868 -1.6000 -6.3794
    endloop
endfacet
facet normal -10.0000 -4.3916 -10.0000
    outer loop
        vertex -3.3789 -1.6000 -6.3182
        vertex -3.0815 -1.6000 -6.2174
        vertex -3.3877 -1.6000 -5.4782
    endloop
endfacet
facet normal -10.0000 -4.2611 -10.0000
    outer loop
        vertex -3.3877 -1.6000 -5.4782
        vertex -3.5859 -1.6000 -5.5454
        vertex -3.3789 -1.6000 -6.3182
    endloop
endfacet
facet normal -10.0000 -4.3916 -10.0000
    outer loop
        vertex -3.0815 -1.6000 -6.2174
        vertex -2.8000 -1.6000 -6.0784
        vertex -3.2000 -1.6000 -5.3856
    endloop
endfacet
facet normal -10.0000 -4.2611 -10.0000
    outer loop
        vertex -3.2000 -1.6000 -5.3856
        vertex -3.3877 -1.6000 -5.4782
        vertex -3.0815 -1.6000 -6.2174
    endloop
endfacet
facet normal -10.0000 -4.3916 -10.0000
    outer loop
        vertex -2.8000 -1.6000 -6.0784
        vertex -2.5389 -1.6000 -5.9042
        vertex -3.0259 -1.6000 -5.2694
    endloop
endfacet
facet normal -10.0000 -4.2610 -10.0000
    outer loop
        vertex -3.0259 -1.6000 -5.2694
        vertex -3.2000 -1.6000 -5.3856
        vertex -2.8000 -1.6000 -6.0784
    endloop
endfacet
facet normal -10.0000 -4.3916 -10.0000
    outer loop
        vertex -2.5389 -1.6000 -5.9042
        vertex -2.3030 -1.6000 -5.6970
        vertex -2.8686 -1.6000 -5.1314
    endloop
endfacet
facet normal -10.0000 -4.2611 -10.0000
    outer loop
        vertex -2.8686 -1.6000 -5.1314
        vertex -3.0259 -1.6000 -5.2694
        vertex -2.5389 -1.6000 -5.9042
    endloop
endfacet
facet normal -10.0000 -4.3916 -10.0000
    outer loop
        vertex -2.3030 -1.6000 -5.6970
        vertex -2.0958 -1.6000 -5.4611
        vertex -2.7306 -1.6000 -4.9741
    endloop
endfacet
facet normal -10.0000 -4.2611 -10.0000
    outer loop
        vertex -2.7306 -1.6000 -4.9741
        vertex -2.8686 -1.6000 -5.1314
        vertex -2.3030 -1.6000 -5.6970
    endloop
endfacet
facet normal -10.0000 -4.3916 -10.0000
    outer loop
        vertex -2.0958 -1.6000 -5.4611
        vertex -1.9216 -1.6000 -5.2000
        vertex -2.6144 -1.6000 -4.8000
    endloop
endfacet
facet normal -10.0000 -4.2610 -10.0000
    outer loop
        vertex -2.6144 -1.6000 -4.8000
        vertex -2.7306 -1.6000 -4.9741
        vertex -2.0958 -1.6000 -5.4611
    endloop
endfacet
facet normal -10.0000 -4.3916 -10.0000
    outer loop
        vertex -1.9216 -1.6000 -5.2000
        vertex -1.7826 -1.6000 -4.9185
        vertex -2.5218 -1.6000 -4.6123
    endloop
endfacet
facet normal -10.0000 -4.2611 -10.0000
    outer loop
        vertex -2.5218 -1.6000 -4.6123
        vertex -2.6144 -1.6000 -4.8000
        vertex -1.9216 -1.6000 -5.2000
    endloop
endfacet
facet normal -10.0000 -4.3916 -10.0000
    outer loop
        vertex -1.7826 -1.6000 -4.9185
        vertex -1.6818 -1.6000 -4.6211
        vertex -2.4546 -1.6000 -4.4141
    endloop
endfacet
facet normal -10.0000 -4.2611 -10.0000
    outer loop
        vertex -2.4546 -1.6000 -4.4141
        vertex -2.5218 -1.6000 -4.6123
        vertex -1.7826 -1.6000 -4.9185
    endloop
endfacet
facet normal -10.0000 -4.3916 -10.0000
    outer loop
        vertex -1.6818 -1.6000 -4.6211
        vertex -1.6206 -1.6000 -4.3132
        vertex -2.4138 -1.6000 -4.2088
    endloop
endfacet
facet normal -10.0000 -4.2610 -10.0000
    outer loop
        vertex -2.4138 -1.6000 -4.2088
        vertex -2.4546 -1.6000 -4.4141
        vertex -1.6818 -1.6000 -4.6211
    endloop
endfacet
facet normal -10.0000 -4.3915 -10.0000
    outer loop
        vertex -1.6206 -1.6000 -4.3132
        vertex -1.6000 -1.6000 -4.0000
        vertex -2.4000 -1.6000 -4.0000
    endloop
endfacet
facet normal -10.0000 -4.2610 -10.0000
    outer loop
        vertex -2.4000 -1.6000 -4.0000
        vertex -2.4138 -1.6000 -4.2088
        vertex -1.6206 -1.6000 -4.3132
    endloop
endfacet
facet normal 9.4780 -4.0000 -10.0344
    outer loop
        vertex 5.5862 -1.6000 -3.7912
        vertex 5.6000 0.0000 -4.0000
        vertex 5.6000 -1.6000 -4.0000
    endloop
endfacet
facet normal 9.4780 -4.0000 -10.0344
    outer loop
        vertex 5.6000 0.0000 -4.0000
        vertex 5.5862 -1.6000 -3.7912
        vertex 5.5862 0.0000 -3.7912
    endloop
endfacet
facet normal 9.4868 -4.0000 -10.1020
    outer loop
        vertex 5.5454 -1.6000 -3.5859
        vertex 5.5862 0.0000 -3.7912
        vertex 5.5862 -1.6000 -3.7912
    endloop
endfacet
facet normal 9.4868 -4.0000 -10.1020
    outer loop
        vertex 5.5862 0.0000 -3.7912
        vertex 5.5454 -1.6000 -3.5859
        vertex 5.5454 0.0000 -3.5859
    endloop
endfacet
facet normal 9.5044 -4.0000 -10.1680
    outer loop
        vertex 5.4782 -1.6000 -3.3877
        vertex 5.5454 0.0000 -3.5859
        vertex 5.5454 -1.6000 -3.5859
    endloop
endfacet
facet normal 9.5044 -4.0000 -10.1680
    outer loop
        vertex 5.5454 0.0000 -3.5859
        vertex 5.4782 -1.6000 -3.3877
        vertex 5.4782 0.0000 -3.3877
    endloop
endfacet
facet normal 9.5308 -4.0000 -10.2316
    outer loop
        vertex 5.3856 -1.6000 -3.2000
        vertex 5.4782 0.0000 -3.3877
        vertex 5.4782 -1.6000 -3.3877
    endloop
endfacet
facet normal 9.5308 -4.0000 -10.2316
    outer loop
        vertex 5.4782 0.0000 -3.3877
        vertex 5.3856 -1.6000 -3.2000
        vertex 5.3856 0.0000 -3.2000
    endloop
endfacet
facet normal 9.5648 -4.0000 -10.2904
    outer loop
        vertex 5.2694 -1.6000 -3.0259
        vertex 5.3856 0.0000 -3.2000
        vertex 5.3856 -1.6000 -3.2000
    endloop
endfacet
facet normal 9.5648 -4.0000 -10.2904
    outer loop
        vertex 5.3856 0.0000 -3.2000
        vertex 5.2694 -1.6000 -3.0259
        vertex 5.2694 0.0000 -3.0259
    endloop
endfacet
facet normal 9.6068 -4.0000 -10.3452
    outer loop
        vertex 5.1314 -1.6000 -2.8686
        vertex 5.2694 0.0000 -3.0259
        vertex 5.2694 -1.6000 -3.0259
    endloop
endfacet
facet normal 9.6068 -4.0000 -10.3452
    outer loop
        vertex 5.2694 0.0000 -3.0259
        vertex 5.1314 -1.6000 -2.8686
        vertex 5.1314 0.0000 -2.8686
    endloop
endfacet
facet normal 9.6548 -4.0000 -10.3932
    outer loop
        vertex 4.9741 -1.6000 -2.7306
        vertex 5.1314 0.0000 -2.8686
        vertex 5.1314 -1.6000 -2.8686
    endloop
endfacet
facet normal 9.6548 -4.0000 -10.3932
    outer loop
        vertex 5.1314 0.0000 -2.8686
        vertex 4.9741 -1.6000 -2.7306
        vertex 4.9741 0.0000 -2.7306
    endloop
endfacet
facet normal 9.7096 -4.0000 -10.4352
    outer loop
        vertex 4.8000 -1.6000 -2.6144
        vertex 4.9741 0.0000 -2.7306
        vertex 4.9741 -1.6000 -2.7306
    endloop
endfacet
facet normal 9.7096 -4.0000 -10.4352
    outer loop
        vertex 4.9741 0.0000 -2.7306
        vertex 4.8000 -1.6000 -2.6144
        vertex 4.8000 0.0000 -2.6144
    endloop
endfacet
facet normal 9.7684 -4.0000 -10.4692
    outer loop
        vertex 4.6123 -1.6000 -2.5218
        vertex 4.8000 0.0000 -2.6144
        vertex 4.8000 -1.6000 -2.6144
    endloop
endfacet
facet normal 9.7684 -4.0000 -10.4692
    outer loop
        vertex 4.8000 0.0000 -2.6144
        vertex 4.6123 -1.6000 -2.5218
        vertex 4.6123 0.0000 -2.5218
    endloop
endfacet
facet normal 9.8320 -4.0000 -10.4956
    outer loop
        vertex 4.4141 -1.6000 -2.4546
        vertex 4.6123 0.0000 -2.5218
        vertex 4.6123 -1.6000 -2.5218
    endloop
endfacet
facet normal 9.8320 -4.0000 -10.4956
    outer loop
        vertex 4.6123 0.0000 -2.5218
        vertex 4.4141 -1.6000 -2.4546
        vertex 4.4141 0.0000 -2.4546
    endloop
endfacet
facet normal 9.8980 -4.0000 -10.5132
    outer loop
        vertex 4.2088 -1.6000 -2.4138
        vertex 4.4141 0.0000 -2.4546
        vertex 4.4141 -1.6000 -2.4546
    endloop
endfacet
facet normal 9.8980 -4.0000 -10.5132
    outer loop
        vertex 4.4141 0.0000 -2.4546
        vertex 4.2088 -1.6000 -2.4138
        vertex 4.2088 0.0000 -2.4138
    endloop
endfacet
facet normal 9.9656 -4.0000 -10.5220
    outer loop
        vertex 4.0000 -1.6000 -2.4000
        vertex 4.2088 0.0000 -2.4138
        vertex 4.2088 -1.6000 -2.4138
    endloop
endfacet
facet normal 9.9656 -4.0000 -10.5220
    outer loop
        vertex 4.2088 0.0000 -2.4138
        vertex 4.0000 -1.6000 -2.4000
        vertex 4.0000 0.0000 -2.4000
    endloop
endfacet
facet normal 10.0344 -4.0000 -10.5220
    outer loop
        vertex 3.7912 -1.6000 -2.4138
        vertex 4.0000 0.0000 -2.4000
        vertex 4.0000 -1.6000 -2.4000
    endloop
endfacet
facet normal 10.0344 -4.0000 -10.5220
    outer loop
        vertex 4.0000 0.0000 -2.4000
        vertex 3.7912 -1.6000 -2.4138
        vertex 3.7912 0.0000 -2.4138
    endloop
endfacet
facet normal 10.1020 -4.0000 -10.5132
    outer loop
        vertex 3.5859 -1.6000 -2.4546
        vertex 3.7912 0.0000 -2.4138
        vertex 3.7912 -1.6000 -2.4138
    endloop
endfacet
facet normal 10.1020 -4.0000 -10.5132
    outer loop
        vertex 3.7912 0.0000 -2.4138
        vertex 3.5859 -1.6000 -2.4546
        vertex 3.5859 0.0000 -2.4546
    endloop
endfacet
facet normal 10.1680 -4.0000 -10.4956
    outer loop
        vertex 3.3877 -1.6000 -2.5218
        vertex 3.5859 0.0000 -2.4546
        vertex 3.5859 -1.6000 -2.4546
    endloop
endfacet
facet normal 10.1680 -4.0000 -10.4956
    outer loop
        vertex 3.5859 0.0000 -2.4546
        vertex 3.3877 -1.6000 -2.5218
        vertex 3.3877 0.0000 -2.5218
    endloop
endfacet
facet normal 10.2316 -4.0000 -10.4692
    outer loop
        vertex 3.2000 -1.6000 -2.6144
        vertex 3.3877 0.0000 -2.5218
        vertex 3.3877 -1.6000 -2.5218
    endloop
endfacet
facet normal 10.2316 -4.0000 -10.4692
    outer loop
        vertex 3.3877 0.0000 -2.5218
        vertex 3.2000 -1.6000 -2.6144
        vertex 3.2000 0.0000 -2.6144
    endloop
endfacet
facet normal 10.2904 -4.0000 -10.4352
    outer loop
        vertex 3.0259 -1.6000 -2.7306
        vertex 3.2000 0.0000 -2.6144
        vertex 3.2000 -1.6000 -2.6144
    endloop
endfacet
facet normal 10.2904 -4.0000 -10.4352
    outer loop
        vertex 3.2000 0.0000 -2.6144
        vertex 3.0259 -1.6000 -2.7306
        vertex 3.0259 0.0000 -2.7306
    endloop
endfacet
facet normal 10.3452 -4.0000 -10.3932
    outer loop
        vertex 2.8686 -1.6000 -2.8686
        vertex 3.0259 0.0000 -2.7306
        vertex 3.0259 -1.6000 -2.7306
    endloop
endfacet
facet normal 10.3452 -4.0000 -10.3932
    outer loop
        vertex 3.0259 0.0000 -2.7306
        vertex 2.8686 -1.6000 -2.8686
        vertex 2.8686 0.0000 -2.8686
    endloop
endfacet
facet normal 10.3932 -4.0000 -10.3452
    outer loop
        vertex 2.7306 -1.6000 -3.0259
        vertex 2.8686 0.0000 -2.8686
        vertex 2.8686 -1.6000 -2.8686
    endloop
endfacet
facet normal 10.3932 -4.0000 -10.3452
    outer loop
        vertex 2.8686 0.0000 -2.8686
        vertex 2.7306 -1.6000 -3.0259
        vertex 2.7306 0.0000 -3.0259
    endloop
endfacet
facet normal 10.4352 -4.0000 -10.2904
    outer loop
        vertex 2.6144 -1.6000 -3.2000
        vertex 2.7306 0.0000 -3.0259
        vertex 2.7306 -1.6000 -3.0259
    endloop
endfacet
facet normal 10.4352 -4.0000 -10.2904
    outer loop
        vertex 2.7306 0.0000 -3.0259
        vertex 2.6144 -1.6000 -3.2000
        vertex 2.6144 0.0000 -3.2000
    endloop
endfacet
facet normal 10.4692 -4.0000 -10.2316
    outer loop
        vertex 2.5218 -1.6000 -3.3877
        vertex 2.6144 0.0000 -3.2000
        vertex 2.6144 -1.6000 -3.2000
    endloop
endfacet
facet normal 10.4692 -4.0000 -10.2316
    outer loop
        vertex 2.6144 0.0000 -3.2000
        vertex 2.5218 -1.6000 -3.3877
        vertex 2.5218 0.0000 -3.3877
    endloop
endfacet
facet normal 10.4956 -4.0000 -10.1680
    outer loop
        vertex 2.4546 -1.6000 -3.5859
        vertex 2.5218 0.0000 -3.3877
        vertex 2.5218 -1.6000 -3.3877
    endloop
endfacet
facet normal 10.4956 -4.0000 -10.1680
    outer loop
        vertex 2.5218 0.0000 -3.3877
        vertex 2.4546 -1.6000 -3.5859
        vertex 2.4546 0.0000 -3.5859
    endloop
endfacet
facet normal 10.5132 -4.0000 -10.1020
    outer loop
        vertex 2.4138 -1.6000 -3.7912
        vertex 2.4546 0.0000 -3.5859
        vertex 2.4546 -1.6000 -3.5859
    endloop
endfacet
facet normal 10.5132 -4.0000 -10.1020
    outer loop
        vertex 2.4546 0.0000 -3.5859
        vertex 2.4138 -1.6000 -3.7912
        vertex 2.4138 0.0000 -3.7912
    endloop
endfacet
facet normal 10.5220 -4.0000 -10.0344
    outer loop
        vertex 2.4000 -1.6000 -4.0000
        vertex 2.4138 0.0000 -3.7912
        vertex 2.4138 -1.6000 -3.7912
    endloop
endfacet
facet normal 10.5220 -4.0000 -10.0344
    outer loop
        vertex 2.4138 0.0000 -3.7912
        vertex 2.4000 -1.6000 -4.0000
        vertex 2.4000 0.0000 -4.0000
    endloop
endfacet
facet normal 10.5220 -4.0000 -9.9656
    outer loop
        vertex 2.4138 -1.6000 -4.2088
        vertex 2.4000 0.0000 -4.0000
        vertex 2.4000 -1.6000 -4.0000
    endloop
endfacet
facet normal 10.5220 -4.0000 -9.9656
    outer loop
        vertex 2.4000 0.0000 -4.0000
        vertex 2.4138 -1.6000 -4.2088
        vertex 2.4138 0.0000 -4.2088
    endloop
endfacet
facet normal 10.5132 -4.0000 -9.8980
    outer loop
        vertex 2.4546 -1.6000 -4.4141
        vertex 2.4138 0.0000 -4.2088
        vertex 2.4138 -1.6000 -4.2088
    endloop
endfacet
facet normal 10.5132 -4.0000 -9.8980
    outer loop
        vertex 2.4138 0.0000 -4.2088
        vertex 2.4546 -1.6000 -4.4141
        vertex 2.4546 0.0000 -4.4141
    endloop
endfacet
facet normal 10.4956 -4.0000 -9.8320
    outer loop
        vertex 2.5218 -1.6000 -4.6123
        vertex 2.4546 0.0000 -4.4141
        vertex 2.4546 -1.6000 -4.4141
    endloop
endfacet
facet normal 10.4956 -4.0000 -9.8320
    outer loop
        vertex 2.4546 0.0000 -4.4141
        vertex 2.5218 -1.6000 -4.6123
        vertex 2.5218 0.0000 -4.6123
    endloop
endfacet
facet normal 10.4692 -4.0000 -9.7684
    outer loop
        vertex 2.6144 -1.6000 -4.8000
        vertex 2.5218 0.0000 -4.6123
        vertex 2.5218 -1.6000 -4.6123
    endloop
endfacet
facet normal 10.4692 -4.0000 -9.7684
    outer loop
        vertex 2.5218 0.0000 -4.6123
        vertex 2.6144 -1.6000 -4.8000
        vertex 2.6144 0.0000 -4.8000
    endloop
endfacet
facet normal 10.4352 -4.0000 -9.7096
    outer loop
        vertex 2.7306 -1.6000 -4.9741
        vertex 2.6144 0.0000 -4.8000
        vertex 2.6144 -1.6000 -4.8000
    endloop
endfacet
facet normal 10.4352 -4.0000 -9.7096
    outer loop
        vertex 2.6144 0.0000 -4.8000
        vertex 2.7306 -1.6000 -4.9741
        vertex 2.7306 0.0000 -4.9741
    endloop
endfacet
facet normal 10.3932 -4.0000 -9.6548
    outer loop
        vertex 2.8686 -1.6000 -5.1314
        vertex 2.7306 0.0000 -4.9741
        vertex 2.7306 -1.6000 -4.9741
    endloop
endfacet
facet normal 10.3932 -4.0000 -9.6548
    outer loop
        vertex 2.7306 0.0000 -4.9741
        vertex 2.8686 -1.6000 -5.1314
        vertex 2.8686 0.0000 -5.1314
    endloop
endfacet
facet normal 10.3452 -4.0000 -9.6068
    outer loop
        vertex 3.0259 -1.6000 -5.2694
        vertex 2.8686 0.0000 -5.1314
        vertex 2.8686 -1.6000 -5.1314
    endloop
endfacet
facet normal 10.3452 -4.0000 -9.6068
    outer loop
        vertex 2.8686 0.0000 -5.1314
        vertex 3.0259 -1.6000 -5.2694
        vertex 3.0259 0.0000 -5.2694
    endloop
endfacet
facet normal 10.2904 -4.0000 -9.5648
    outer loop
        vertex 3.2000 -1.6000 -5.3856
        vertex 3.0259 0.0000 -5.2694
        vertex 3.0259 -1.6000 -5.2694
    endloop
endfacet
facet normal 10.2904 -4.0000 -9.5648
    outer loop
        vertex 3.0259 0.0000 -5.2694
        vertex 3.2000 -1.6000 -5.3856
        vertex 3.2000 0.0000 -5.3856
    endloop
endfacet
facet normal 10.2316 -4.0000 -9.5308
    outer loop
        vertex 3.3877 -1.6000 -5.4782
        vertex 3.2000 0.0000 -5.3856
        vertex 3.2000 -1.6000 -5.3856
    endloop
endfacet
facet normal 10.2316 -4.0000 -9.5308
    outer loop
        vertex 3.2000 0.0000 -5.3856
        vertex 3.3877 -1.6000 -5.4782
        vertex 3.3877 0.0000 -5.4782
    endloop
endfacet
facet normal 10.1680 -4.0000 -9.5044
    outer loop
        vertex 3.5859 -1.6000 -5.5454
        vertex 3.3877 0.0000 -5.4782
        vertex 3.3877 -1.6000 -5.4782
    endloop
endfacet
facet normal 10.1680 -4.0000 -9.5044
    outer loop
        vertex 3.3877 0.0000 -5.4782
        vertex 3.5859 -1.6000 -5.5454
        vertex 3.5859 0.0000 -5.5454
    endloop
endfacet
facet normal 10.1020 -4.0000 -9.4868
    outer loop
        vertex 3.7912 -1.6000 -5.5862
        vertex 3.5859 0.0000 -5.5454
        vertex 3.5859 -1.6000 -5.5454
    endloop
endfacet
facet normal 10.1020 -4.0000 -9.4868
    outer loop
        vertex 3.5859 0.0000 -5.5454
        vertex 3.7912 -1.6000 -5.5862
        vertex 3.7912 0.0000 -5.5862
    endloop
endfacet
facet normal 10.0344 -4.0000 -9.4780
    outer loop
        vertex 4.0000 -1.6000 -5.6000
        vertex 3.7912 0.0000 -5.5862
        vertex 3.7912 -1.6000 -5.5862
    endloop
endfacet
facet normal 10.0344 -4.0000 -9.4780
    outer loop
        vertex 3.7912 0.0000 -5.5862
        vertex 4.0000 -1.6000 -5.6000
        vertex 4.0000 0.0000 -5.6000
    endloop
endfacet
facet normal 9.9656 -4.0000 -9.4780
    outer loop
        vertex 4.2088 -1.6000 -5.5862
        vertex 4.0000 0.0000 -5.6000
        vertex 4.0000 -1.6000 -5.6000
    endloop
endfacet
facet normal 9.9656 -4.0000 -9.4780
    outer loop
        vertex 4.0000 0.0000 -5.6000
        vertex 4.2088 -1.6000 -5.5862
        vertex 4.2088 0.0000 -5.5862
    endloop
endfacet
facet normal 9.8980 -4.0000 -9.4868
    outer loop
        vertex 4.4141 -1.6000 -5.5454
        vertex 4.2088 0.0000 -5.5862
        vertex 4.2088 -1.6000 -5.5862
    endloop
endfacet
facet normal 9.8980 -4.0000 -9.4868
    outer loop
        vertex 4.2088 0.0000 -5.5862
        vertex 4.4141 -1.6000 -5.5454
        vertex 4.4141 0.0000 -5.5454
    endloop
endfacet
facet normal 9.8320 -4.0000 -9.5044
    outer loop
        vertex 4.6123 -1.6000 -5.4782
        vertex 4.4141 0.0000 -5.5454
        vertex 4.4141 -1.6000 -5.5454
    endloop
endfacet
facet normal 9.8320 -4.0000 -9.5044
    outer loop
        vertex 4.4141 0.0000 -5.5454
        vertex 4.6123 -1.6000 -5.4782
        vertex 4.6123 0.0000 -5.4782
    endloop
endfacet
facet normal 9.7684 -4.0000 -9.5308
    outer loop
        vertex 4.8000 -1.6000 -5.3856
        vertex 4.6123 0.0000 -5.4782
        vertex 4.6123 -1.6000 -5.4782
    endloop
endfacet
facet normal 9.7684 -4.0000 -9.5308
    outer loop
        vertex 4.6123 0.0000 -5.4782
        vertex 4.8000 -1.6000 -5.3856
        vertex 4.8000 0.0000 -5.3856
    endloop
endfacet
facet normal 9.7096 -4.0000 -9.5648
    outer loop
        vertex 4.9741 -1.6000 -5.2694
        vertex 4.8000 0.0000 -5.3856
        vertex 4.8000 -1.6000 -5.3856
    endloop
endfacet
facet normal 9.7096 -4.0000 -9.5648
    outer loop
        vertex 4.8000 0.0000 -5.3856
        vertex 4.9741 -1.6000 -5.2694
        vertex 4.9741 0.0000 -5.2694
    endloop
endfacet
facet normal 9.6548 -4.0000 -9.6068
    outer loop
        vertex 5.1314 -1.6000 -5.1314
        vertex 4.9741 0.0000 -5.2694
        vertex 4.9741 -1.6000 -5.2694
    endloop
endfacet
facet normal 9.6548 -4.0000 -9.6068
    outer loop
        vertex 4.9741 0.0000 -5.2694
        vertex 5.1314 -1.6000 -5.1314
        vertex 5.1314 0.0000 -5.1314
    endloop
endfacet
facet normal 9.6068 -4.0000 -9.6548
    outer loop
        vertex 5.2694 -1.6000 -4.9741
        vertex 5.1314 0.0000 -5.1314
        vertex 5.1314 -1.6000 -5.1314
    endloop
endfacet
facet normal 9.6068 -4.0000 -9.6548
    outer loop
        vertex 5.1314 0.0000 -5.1314
        vertex 5.2694 -1.6000 -4.9741
        vertex 5.2694 0.0000 -4.9741
    endloop
endfacet
facet normal 9.5648 -4.0000 -9.7096
    outer loop
        vertex 5.3856 -1.6000 -4.8000
        vertex 5.2694 0.0000 -4.9741
        vertex 5.2694 -1.6000 -4.9741
    endloop
endfacet
facet normal 9.5648 -4.0000 -9.7096
    outer loop
        vertex 5.2694 0.0000 -4.9741
        vertex 5.3856 -1.6000 -4.8000
        vertex 5.3856 0.0000 -4.8000
    endloop
endfacet
facet normal 9.5308 -4.0000 -9.7684
    outer loop
        vertex 5.4782 -1.6000 -4.6123
        vertex 5.3856 0.0000 -4.8000
        vertex 5.3856 -1.6000 -4.8000
    endloop
endfacet
facet normal 9.5308 -4.0000 -9.7684
    outer loop
        vertex 5.3856 0.0000 -4.8000
        vertex 5.4782 -1.6000 -4.6123
        vertex 5.4782 0.0000 -4.6123
    endloop
endfacet
facet normal 9.5044 -4.0000 -9.8320
    outer loop
        vertex 5.5454 -1.6000 -4.4141
        vertex 5.4782 0.0000 -4.6123
        vertex 5.4782 -1.6000 -4.6123
    endloop
endfacet
facet normal 9.5044 -4.0000 -9.8320
    outer loop
        vertex 5.4782 0.0000 -4.6123
        vertex 5.5454 -1.6000 -4.4141
        vertex 5.5454 0.0000 -4.4141
    endloop
endfacet
facet normal 9.4868 -4.0000 -9.8980
    outer loop
        vertex 5.5862 -1.6000 -4.2088
        vertex 5.5454 0.0000 -4.4141
        vertex 5.5454 -1.6000 -4.4141
    endloop
endfacet
facet normal 9.4868 -4.0000 -9.8980
    outer loop
        vertex 5.5454 0.0000 -4.4141
        vertex 5.5862 -1.6000 -4.2088
        vertex 5.5862 0.0000 -4.2088
    endloop
endfacet
facet normal 9.4780 -4.0000 -9.9656
    outer loop
        vertex 5.6000 -1.6000 -4.0000
        vertex 5.5862 0.0000 -4.2088
        vertex 5.5862 -1.6000 -4.2088
    endloop
endfacet
facet normal 9.4780 -4.0000 -9.9656
    outer loop
        vertex 5.5862 0.0000 -4.2088
        vertex 5.6000 -1.6000 -4.0000
        vertex 5.6000 0.0000 -4.0000
    endloop
endfacet
facet normal 10.7830 -4.0000 -9.9484
    outer loop
        vertex 6.3794 -1.6000 -3.6868
        vertex 6.4000 -1.6000 -4.0000
        vertex 6.4000 0.0000 -4.0000
    endloop
endfacet
facet normal 10.7830 -4.0000 -9.9484
    outer loop
        vertex 6.4000 0.0000 -4.0000
        vertex 6.3794 0.0000 -3.6868
        vertex 6.3794 -1.6000 -3.6868
    endloop
endfacet
facet normal 10.7698 -4.0000 -9.8470
    outer loop
        vertex 6.3182 -1.6000 -3.3789
        vertex 6.3794 -1.6000 -3.6868
        vertex 6.3794 0.0000 -3.6868
    endloop
endfacet
facet normal 10.7698 -4.0000 -9.8470
    outer loop
        vertex 6.3794 0.0000 -3.6868
        vertex 6.3182 0.0000 -3.3789
        vertex 6.3182 -1.6000 -3.3789
    endloop
endfacet
facet normal 10.7434 -4.0000 -9.7480
    outer loop
        vertex 6.2174 -1.6000 -3.0815
        vertex 6.3182 -1.6000 -3.3789
        vertex 6.3182 0.0000 -3.3789
    endloop
endfacet
facet normal 10.7434 -4.0000 -9.7480
    outer loop
        vertex 6.3182 0.0000 -3.3789
        vertex 6.2174 0.0000 -3.0815
        vertex 6.2174 -1.6000 -3.0815
    endloop
endfacet
facet normal 10.7038 -4.0000 -9.6526
    outer loop
        vertex 6.0784 -1.6000 -2.8000
        vertex 6.2174 -1.6000 -3.0815
        vertex 6.2174 0.0000 -3.0815
    endloop
endfacet
facet normal 10.7038 -4.0000 -9.6526
    outer loop
        vertex 6.2174 0.0000 -3.0815
        vertex 6.0784 0.0000 -2.8000
        vertex 6.0784 -1.6000 -2.8000
    endloop
endfacet
facet normal 10.6528 -4.0000 -9.5644
    outer loop
        vertex 5.9042 -1.6000 -2.5389
        vertex 6.0784 -1.6000 -2.8000
        vertex 6.0784 0.0000 -2.8000
    endloop
endfacet
facet normal 10.6528 -4.0000 -9.5644
    outer loop
        vertex 6.0784 0.0000 -2.8000
        vertex 5.9042 0.0000 -2.5389
        vertex 5.9042 -1.6000 -2.5389
    endloop
endfacet
facet normal 10.5898 -4.0000 -9.4822
    outer loop
        vertex 5.6970 -1.6000 -2.3030
        vertex 5.9042 -1.6000 -2.5389
        vertex 5.9042 0.0000 -2.5389
    endloop
endfacet
facet normal 10.5898 -4.0000 -9.4822
    outer loop
        vertex 5.9042 0.0000 -2.5389
        vertex 5.6970 0.0000 -2.3030
        vertex 5.6970 -1.6000 -2.3030
    endloop
endfacet
facet normal 10.5178 -4.0000 -9.4102
    outer loop
        vertex 5.4611 -1.6000 -2.0958
        vertex 5.6970 -1.6000 -2.3030
        vertex 5.6970 0.0000 -2.3030
    endloop
endfacet
facet normal 10.5178 -4.0000 -9.4102
    outer loop
        vertex 5.6970 0.0000 -2.3030
        vertex 5.4611 0.0000 -2.0958
        vertex 5.4611 -1.6000 -2.0958
    endloop
endfacet
facet normal 10.4356 -4.0000 -9.3472
    outer loop
        vertex 5.2000 -1.6000 -1.9216
        vertex 5.4611 -1.6000 -2.0958
        vertex 5.4611 0.0000 -2.0958
    endloop
endfacet
facet normal 10.4356 -4.0000 -9.3472
    outer loop
        vertex 5.4611 0.0000 -2.0958
        vertex 5.2000 0.0000 -1.9216
        vertex 5.2000 -1.6000 -1.9216
    endloop
endfacet
facet normal 10.3474 -4.0000 -9.2962
    outer loop
        vertex 4.9185 -1.6000 -1.7826
        vertex 5.2000 -1.6000 -1.9216
        vertex 5.2000 0.0000 -1.9216
    endloop
endfacet
facet normal 10.3474 -4.0000 -9.2962
    outer loop
        vertex 5.2000 0.0000 -1.9216
        vertex 4.9185 0.0000 -1.7826
        vertex 4.9185 -1.6000 -1.7826
    endloop
endfacet
facet normal 10.2520 -4.0000 -9.2566
    outer loop
        vertex 4.6211 -1.6000 -1.6818
        vertex 4.9185 -1.6000 -1.7826
        vertex 4.9185 0.0000 -1.7826
    endloop
endfacet
facet normal 10.2520 -4.0000 -9.2566
    outer loop
        vertex 4.9185 0.0000 -1.7826
        vertex 4.6211 0.0000 -1.6818
        vertex 4.6211 -1.6000 -1.6818
    endloop
endfacet
facet normal 10.1530 -4.0000 -9.2302
    outer loop
        vertex 4.3132 -1.6000 -1.6206
        vertex 4.6211 -1.6000 -1.6818
        vertex 4.6211 0.0000 -1.6818
    endloop
endfacet
facet normal 10.1530 -4.0000 -9.2302
    outer loop
        vertex 4.6211 0.0000 -1.6818
        vertex 4.3132 0.0000 -1.6206
        vertex 4.3132 -1.6000 -1.6206
    endloop
endfacet
facet normal 10.0516 -4.0000 -9.2170
    outer loop
        vertex 4.0000 -1.6000 -1.6000
        vertex 4.3132 -1.6000 -1.6206
        vertex 4.3132 0.0000 -1.6206
    endloop
endfacet
facet normal 10.0516 -4.0000 -9.2170
    outer loop
        vertex 4.3132 0.0000 -1.6206
        vertex 4.0000 0.0000 -1.6000
        vertex 4.0000 -1.6000 -1.6000
    endloop
endfacet
facet normal 9.9484 -4.0000 -9.2170
    outer loop
        vertex 3.6868 -1.6000 -1.6206
        vertex 4.0000 -1.6000 -1.6000
        vertex 4.0000 0.0000 -1.6000
    endloop
endfacet
facet normal 9.9484 -4.0000 -9.2170
    outer loop
        vertex 4.0000 0.0000 -1.6000
        vertex 3.6868 0.0000 -1.6206
        vertex 3.6868 -1.6000 -1.6206
    endloop
endfacet
facet normal 9.8470 -4.0000 -9.2302
    outer loop
        vertex 3.3789 -1.6000 -1.6818
        vertex 3.6868 -1.6000 -1.6206
        vertex 3.6868 0.0000 -1.6206
    endloop
endfacet
facet normal 9.8470 -4.0000 -9.2302
    outer loop
        vertex 3.6868 0.0000 -1.6206
        vertex 3.3789 0.0000 -1.6818
        vertex 3.3789 -1.6000 -1.6818
    endloop
endfacet
facet normal 9.7480 -4.0000 -9.2566
    outer loop
        vertex 3.0815 -1.6000 -1.7826
        vertex 3.3789 -1.6000 -1.6818
        vertex 3.3789 0.0000 -1.6818
    endloop
endfacet
facet normal 9.7480 -4.0000 -9.2566
    outer loop
        vertex 3.3789 0.0000 -1.6818
        vertex 3.0815 0.0000 -1.7826
        vertex 3.0815 -1.6000 -1.7826
    endloop
endfacet
facet normal 9.6526 -4.0000 -9.2962
    outer loop
        vertex 2.8000 -1.6000 -1.9216
        vertex 3.0815 -1.6000 -1.7826
        vertex 3.0815 0.0000 -1.7826
    endloop
endfacet
facet normal 9.6526 -4.0000 -9.2962
    outer loop
        vertex 3.0815 0.0000 -1.7826
        vertex 2.8000 0.0000 -1.9216
        vertex 2.8000 -1.6000 -1.9216
    endloop
endfacet
facet normal 9.5644 -4.0000 -9.3472
    outer loop
        vertex 2.5389 -1.6000 -2.0958
        vertex 2.8000 -1.6000 -1.9216
        vertex 2.8000 0.0000 -1.9216
    endloop
endfacet
facet normal 9.5644 -4.0000 -9.3472
    outer loop
        vertex 2.8000 0.0000 -1.9216
        vertex 2.5389 0.0000 -2.0958
        vertex 2.5389 -1.6000 -2.0958
    endloop
endfacet
facet normal 9.4822 -4.0000 -9.4102
    outer loop
        vertex 2.3030 -1.6000 -2.3030
        vertex 2.5389 -1.6000 -2.0958
        vertex 2.5389 0.0000 -2.0958
    endloop
endfacet
facet normal 9.4822 -4.0000 -9.4102
    outer loop
        vertex 2.5389 0.0000 -2.0958
        vertex 2.3030 0.0000 -2.3030
        vertex 2.3030 -1.6000 -2.3030
    endloop
endfacet
facet normal 9.4102 -4.0000 -9.4822
    outer loop
        vertex 2.0958 -1.6000 -2.5389
        vertex 2.3030 -1.6000 -2.3030
        vertex 2.3030 0.0000 -2.3030
    endloop
endfacet
facet normal 9.4102 -4.0000 -9.4822
    outer loop
        vertex 2.3030 0.0000 -2.3030
        vertex 2.0958 0.0000 -2.5389
        vertex 2.0958 -1.6000 -2.5389
    endloop
endfacet
facet normal 9.3472 -4.0000 -9.5644
    outer loop
        vertex 1.9216 -1.6000 -2.8000
        vertex 2.0958 -1.6000 -2.5389
        vertex 2.0958 0.0000 -2.5389
    endloop
endfacet
facet normal 9.3472 -4.0000 -9.5644
    outer loop
        vertex 2.0958 0.0000 -2.5389
        vertex 1.9216 0.0000 -2.8000
        vertex 1.9216 -1.6000 -2.8000
    endloop
endfacet
facet normal 9.2962 -4.0000 -9.6526
    outer loop
        vertex 1.7826 -1.6000 -3.0815
        vertex 1.9216 -1.6000 -2.8000
        vertex 1.9216 0.0000 -2.8000
    endloop
endfacet
facet normal 9.2962 -4.0000 -9.6526
    outer loop
        vertex 1.9216 0.0000 -2.8000
        vertex 1.7826 0.0000 -3.0815
        vertex 1.7826 -1.6000 -3.0815
    endloop
endfacet
facet normal 9.2566 -4.0000 -9.7480
    outer loop
        vertex 1.6818 -1.6000 -3.3789
        vertex 1.7826 -1.6000 -3.0815
        vertex 1.7826 0.0000 -3.0815
    endloop
endfacet
facet normal 9.2566 -4.0000 -9.7480
    outer loop
        vertex 1.7826 0.0000 -3.0815
        vertex 1.6818 0.0000 -3.3789
        vertex 1.6818 -1.6000 -3.3789
    endloop
endfacet
facet normal 9.2302 -4.0000 -9.8470
    outer loop
        vertex 1.6206 -1.6000 -3.6868
        vertex 1.6818 -1.6000 -3.3789
        vertex 1.6818 0.0000 -3.3789
    endloop
endfacet
facet normal 9.2302 -4.0000 -9.8470
    outer loop
        vertex 1.6818 0.0000 -3.3789
        vertex 1.6206 0.0000 -3.6868
        vertex 1.6206 -1.6000 -3.6868
    endloop
endfacet
facet normal 9.2170 -4.0000 -9.9484
    outer loop
        vertex 1.6000 -1.6000 -4.0000
        vertex 1.6206 -1.6000 -3.6868
        vertex 1.6206 0.0000 -3.6868
    endloop
endfacet
facet normal 9.2170 -4.0000 -9.9484
    outer loop
        vertex 1.6206 0.0000 -3.6868
        vertex 1.6000 0.0000 -4.0000
        vertex 1.6000 -1.6000 -4.0000
    endloop
endfacet
facet normal 9.2170 -4.0000 -10.0516
    outer loop
        vertex 1.6206 -1.6000 -4.3132
        vertex 1.6000 -1.6000 -4.0000
        vertex 1.6000 0.0000 -4.0000
    endloop
endfacet
facet normal 9.2170 -4.0000 -10.0516
    outer loop
        vertex 1.6000 0.0000 -4.0000
        vertex 1.6206 0.0000 -4.3132
        vertex 1.6206 -1.6000 -4.3132
    endloop
endfacet
facet normal 9.2302 -4.0000 -10.1530
    outer loop
        vertex 1.6818 -1.6000 -4.6211
        vertex 1.6206 -1.6000 -4.3132
        vertex 1.6206 0.0000 -4.3132
    endloop
endfacet
facet normal 9.2302 -4.0000 -10.1530
    outer loop
        vertex 1.6206 0.0000 -4.3132
        vertex 1.6818 0.0000 -4.6211
        vertex 1.6818 -1.6000 -4.6211
    endloop
endfacet
facet normal 9.2566 -4.0000 -10.2520
    outer loop
        vertex 1.7826 -1.6000 -4.9185
        vertex 1.6818 -1.6000 -4.6211
        vertex 1.6818 0.0000 -4.6211
    endloop
endfacet
facet normal 9.2566 -4.0000 -10.2520
    outer loop
        vertex 1.6818 0.0000 -4.6211
        vertex 1.7826 0.0000 -4.9185
        vertex 1.7826 -1.6000 -4.9185
    endloop
endfacet
facet normal 9.2962 -4.0000 -10.3474
    outer loop
        vertex 1.9216 -1.6000 -5.2000
        vertex 1.7826 -1.6000 -4.9185
        vertex 1.7826 0.0000 -4.9185
    endloop
endfacet
facet normal 9.2962 -4.0000 -10.3474
    outer loop
        vertex 1.7826 0.0000 -4.9185
        vertex 1.9216 0.0000 -5.2000
        vertex 1.9216 -1.6000 -5.2000
    endloop
endfacet
facet normal 9.3472 -4.0000 -10.4356
    outer loop
        vertex 2.0958 -1.6000 -5.4611
        vertex 1.9216 -1.6000 -5.2000
        vertex 1.9216 0.0000 -5.2000
    endloop
endfacet
facet normal 9.3472 -4.0000 -10.4356
    outer loop
        vertex 1.9216 0.0000 -5.2000
        vertex 2.0958 0.0000 -5.4611
        vertex 2.0958 -1.6000 -5.4611
    endloop
endfacet
facet normal 9.4102 -4.0000 -10.5178
    outer loop
        vertex 2.3030 -1.6000 -5.6970
        vertex 2.0958 -1.6000 -5.4611
        vertex 2.0958 0.0000 -5.4611
    endloop
endfacet
facet normal 9.4102 -4.0000 -10.5178
    outer loop
        vertex 2.0958 0.0000 -5.4611
        vertex 2.3030 0.0000 -5.6970
        vertex 2.3030 -1.6000 -5.6970
    endloop
endfacet
facet normal 9.4822 -4.0000 -10.5898
    outer loop
        vertex 2.5389 -1.6000 -5.9042
        vertex 2.3030 -1.6000 -5.6970
        vertex 2.3030 0.0000 -5.6970
    endloop
endfacet
facet normal 9.4822 -4.0000 -10.5898
    outer loop
        vertex 2.3030 0.0000 -5.6970
        vertex 2.5389 0.0000 -5.9042
        vertex 2.5389 -1.6000 -5.9042
    endloop
endfacet
facet normal 9.5644 -4.0000 -10.6528
    outer loop
        vertex 2.8000 -1.6000 -6.0784
        vertex 2.5389 -1.6000 -5.9042
        vertex 2.5389 0.0000 -5.9042
    endloop
endfacet
facet normal 9.5644 -4.0000 -10.6528
    outer loop
        vertex 2.5389 0.0000 -5.9042
        vertex 2.8000 0.0000 -6.0784
        vertex 2.8000 -1.6000 -6.0784
    endloop
endfacet
facet normal 9.6526 -4.0000 -10.7038
    outer loop
        vertex 3.0815 -1.6000 -6.2174
        vertex 2.8000 -1.6000 -6.0784
        vertex 2.8000 0.0000 -6.0784
    endloop
endfacet
facet normal 9.6526 -4.0000 -10.7038
    outer loop
        vertex 2.8000 0.0000 -6.0784
        vertex 3.0815 0.0000 -6.2174
        vertex 3.0815 -1.6000 -6.2174
    endloop
endfacet
facet normal 9.7480 -4.0000 -10.7434
    outer loop
        vertex 3.3789 -1.6000 -6.3182
        vertex 3.0815 -1.6000 -6.2174
        vertex 3.0815 0.0000 -6.2174
    endloop
endfacet
facet normal 9.7480 -4.0000 -10.7434
    outer loop
        vertex 3.0815 0.0000 -6.2174
        vertex 3.3789 0.0000 -6.3182
        vertex 3.3789 -1.6000 -6.3182
    endloop
endfacet
facet normal 9.8470 -4.0000 -10.7698
    outer loop
        vertex 3.6868 -1.6000 -6.3794
        vertex 3.3789 -1.6000 -6.3182
        vertex 3.3789 0.0000 -6.3182
    endloop
endfacet
facet normal 9.8470 -4.0000 -10.7698
    outer loop
        vertex 3.3789 0.0000 -6.3182
        vertex 3.6868 0.0000 -6.3794
        vertex 3.6868 -1.6000 -6.3794
    endloop
endfacet
facet normal 9.9484 -4.0000 -10.7830
    outer loop
        vertex 4.0000 -1.6000 -6.4000
        vertex 3.6868 -1.6000 -6.3794
        vertex 3.6868 0.0000 -6.3794
    endloop
endfacet
facet normal 9.9484 -4.0000 -10.7830
    outer loop
        vertex 3.6868 0.0000 -6.3794
        vertex 4.0000 0.0000 -6.4000
        vertex 4.0000 -1.6000 -6.4000
    endloop
endfacet
facet normal 10.0516 -4.0000 -10.7830
    outer loop
        vertex 4.3132 -1.6000 -6.3794
        vertex 4.0000 -1.6000 -6.4000
        vertex 4.0000 0.0000 -6.4000
    endloop
endfacet
facet normal 10.0516 -4.0000 -10.7830
    outer loop
        vertex 4.0000 0.0000 -6.4000
        vertex 4.3132 0.0000 -6.3794
        vertex 4.3132 -1.6000 -6.3794
    endloop
endfacet
facet normal 10.1530 -4.0000 -10.7698
    outer loop
        vertex 4.6211 -1.6000 -6.3182
        vertex 4.3132 -1.6000 -6.3794
        vertex 4.3132 0.0000 -6.3794
    endloop
endfacet
facet normal 10.1530 -4.0000 -10.7698
    outer loop
        vertex 4.3132 0.0000 -6.3794
        vertex 4.6211 0.0000 -6.3182
        vertex 4.6211 -1.6000 -6.3182
    endloop
endfacet
facet normal 10.2520 -4.0000 -10.7434
    outer loop
        vertex 4.9185 -1.6000 -6.2174
        vertex 4.6211 -1.6000 -6.3182
        vertex 4.6211 0.0000 -6.3182
    endloop
endfacet
facet normal 10.2520 -4.0000 -10.7434
    outer loop
        vertex 4.6211 0.0000 -6.3182
        vertex 4.9185 0.0000 -6.2174
        vertex 4.9185 -1.6000 -6.2174
    endloop
endfacet
facet normal 10.3474 -4.0000 -10.7038
    outer loop
        vertex 5.2000 -1.6000 -6.0784
        vertex 4.9185 -1.6000 -6.2174
        vertex 4.9185 0.0000 -6.2174
    endloop
endfacet
facet normal 10.3474 -4.0000 -10.7038
    outer loop
        vertex 4.9185 0.0000 -6.2174
        vertex 5.2000 0.0000 -6.0784
        vertex 5.2000 -1.6000 -6.0784
    endloop
endfacet
facet normal 10.4356 -4.0000 -10.6528
    outer loop
        vertex 5.4611 -1.6000 -5.9042
        vertex 5.2000 -1.6000 -6.0784
        vertex 5.2000 0.0000 -6.0784
    endloop
endfacet
facet normal 10.4356 -4.0000 -10.6528
    outer loop
        vertex 5.2000 0.0000 -6.0784
        vertex 5.4611 0.0000 -5.9042
        vertex 5.4611 -1.6000 -5.9042
    endloop
endfacet
facet normal 10.5178 -4.0000 -10.5898
    outer loop
        vertex 5.6970 -1.6000 -5.6970
        vertex 5.4611 -1.6000 -5.9042
        vertex 5.4611 0.0000 -5.9042
    endloop
endfacet
facet normal 10.5178 -4.0000 -10.5898
    outer loop
        vertex 5.4611 0.0000 -5.9042
        vertex 5.6970 0.0000 -5.6970
        vertex 5.6970 -1.6000 -5.6970
    endloop
endfacet
facet normal 10.5898 -4.0000 -10.5178
    outer loop
        vertex 5.9042 -1.6000 -5.4611
        vertex 5.6970 -1.6000 -5.6970
        vertex 5.6970 0.0000 -5.6970
    endloop
endfacet
facet normal 10.5898 -4.0000 -10.5178
    outer loop
        vertex 5.6970 0.0000 -5.6970
        vertex 5.9042 0.0000 -5.4611
        vertex 5.9042 -1.6000 -5.4611
    endloop
endfacet
facet normal 10.6528 -4.0000 -10.4356
    outer loop
        vertex 6.0784 -1.6000 -5.2000
        vertex 5.9042 -1.6000 -5.4611
        vertex 5.9042 0.0000 -5.4611
    endloop
endfacet
facet normal 10.6528 -4.0000 -10.4356
    outer loop
        vertex 5.9042 0.0000 -5.4611
        vertex 6.0784 0.0000 -5.2000
        vertex 6.0784 -1.6000 -5.2000
    endloop
endfacet
facet normal 10.7038 -4.0000 -10.3474
    outer loop
        vertex 6.2174 -1.6000 -4.9185
        vertex 6.0784 -1.6000 -5.2000
        vertex 6.0784 0.0000 -5.2000
    endloop
endfacet
facet normal 10.7038 -4.0000 -10.3474
    outer loop
        vertex 6.0784 0.0000 -5.2000
        vertex 6.2174 0.0000 -4.9185
        vertex 6.2174 -1.6000 -4.9185
    endloop
endfacet
facet normal 10.7434 -4.0000 -10.2520
    outer loop
        vertex 6.3182 -1.6000 -4.6211
        vertex 6.2174 -1.6000 -4.9185
        vertex 6.2174 0.0000 -4.9185
    endloop
endfacet
facet normal 10.7434 -4.0000 -10.2520
    outer loop
        vertex 6.2174 0.0000 -4.9185
        vertex 6.3182 0.0000 -4.6211
        vertex 6.3182 -1.6000 -4.6211
    endloop
endfacet
facet normal 10.7698 -4.0000 -10.1530
    outer loop
        vertex 6.3794 -1.6000 -4.3132
        vertex 6.3182 -1.6000 -4.6211
        vertex 6.3182 0.0000 -4.6211
    endloop
endfacet
facet normal 10.7698 -4.0000 -10.1530
    outer loop
        vertex 6.3182 0.0000 -4.6211
        vertex 6.3794 0.0000 -4.3132
        vertex 6.3794 -1.6000 -4.3132
    endloop
endfacet
facet normal 10.7830 -4.0000 -10.0516
    outer loop
        vertex 6.4000 -1.6000 -4.0000
        vertex 6.3794 -1.6000 -4.3132
        vertex 6.3794 0.0000 -4.3132
    endloop
endfacet
facet normal 10.7830 -4.0000 -10.0516
    outer loop
        vertex 6.3794 0.0000 -4.3132
        vertex 6.4000 0.0000 -4.0000
        vertex 6.4000 -1.6000 -4.0000
    endloop
endfacet
facet normal 10.0000 -4.3915 -10.0000
    outer loop
        vertex 6.4000 -1.6000 -4.0000
        vertex 6.3794 -1.6000 -3.6868
        vertex 5.5862 -1.6000 -3.7912
    endloop
endfacet
facet normal 10.0000 -4.2610 -10.0000
    outer loop
        vertex 5.5862 -1.6000 -3.7912
        vertex 5.6000 -1.6000 -4.0000
        vertex 6.4000 -1.6000 -4.0000
    endloop
endfacet
facet normal 10.0000 -4.3916 -10.0000
    outer loop
        vertex 6.3794 -1.6000 -3.6868
        vertex 6.3182 -1.6000 -3.3789
        vertex 5.5454 -1.6000 -3.5859
    endloop
endfacet
facet normal 10.0000 -4.2610 -10.0000
    outer loop
        vertex 5.5454 -1.6000 -3.5859
        vertex 5.5862 -1.6000 -3.7912
        vertex 6.3794 -1.6000 -3.6868
    endloop
endfacet
facet normal 10.0000 -4.3916 -10.0000
    outer loop
        vertex 6.3182 -1.6000 -3.3789
        vertex 6.2174 -1.6000 -3.0815
        vertex 5.4782 -1.6000 -3.3877
    endloop
endfacet
facet normal 10.0000 -4.2611 -10.0000
    outer loop
        vertex 5.4782 -1.6000 -3.3877
        vertex 5.5454 -1.6000 -3.5859
        vertex 6.3182 -1.6000 -3.3789
    endloop
endfacet
facet normal 10.0000 -4.3916 -10.0000
    outer loop
        vertex 6.2174 -1.6000 -3.0815
        vertex 6.0784 -1.6000 -2.8000
        vertex 5.3856 -1.6000 -3.2000
    endloop
endfacet
facet normal 10.0000 -4.2611 -10.0000
    outer loop
        vertex 5.3856 -1.6000 -3.2000
        vertex 5.4782 -1.6000 -3.3877
        vertex 6.2174 -1.6000 -3.0815
    endloop
endfacet
facet normal 10.0000 -4.3916 -10.0000
    outer loop
        vertex 6.0784 -1.6000 -2.8000
        vertex 5.9042 -1.6000 -2.5389
        vertex 5.2694 -1.6000 -3.0259
    endloop
endfacet
facet normal 10.0000 -4.2610 -10.0000
    outer loop
        vertex 5.2694 -1.6000 -3.0259
        vertex 5.3856 -1.6000 -3.2000
        vertex 6.0784 -1.6000 -2.8000
    endloop
endfacet
facet normal 10.0000 -4.3916 -10.0000
    outer loop
        vertex 5.9042 -1.6000 -2.5389
        vertex 5.6970 -1.6000 -2.3030
        vertex 5.1314 -1.6000 -2.8686
    endloop
endfacet
facet normal 10.0000 -4.2611 -10.0000
    outer loop
        vertex 5.1314 -1.6000 -2.8686
        vertex 5.2694 -1.6000 -3.0259
        vertex 5.9042 -1.6000 -2.5389
    endloop
endfacet
facet normal 10.0000 -4.3916 -10.0000
    outer loop
        vertex 5.6970 -1.6000 -2.3030
        vertex 5.4611 -1.6000 -2.0958
        vertex 4.9741 -1.6000 -2.7306
    endloop
endfacet
facet normal 10.0000 -4.2611 -10.0000
    outer loop
        vertex 4.9741 -1.6000 -2.7306
        vertex 5.1314 -1.6000 -2.8686
        vertex 5.6970 -1.6000 -2.3030
    endloop
endfacet
facet normal 10.0000 -4.3916 -10.0000
    outer loop
        vertex 5.4611 -1.6000 -2.0958
        vertex 5.2000 -1.6000 -1.9216
        vertex 4.8000 -1.6000 -2.6144
    endloop
endfacet
facet normal 10.0000 -4.2610 -10.0000
    outer loop
        vertex 4.8000 -1.6000 -2.6144
        vertex 4.9741 -1.6000 -2.7306
        vertex 5.4611 -1.6000 -2.0958
    endloop
endfacet
facet normal 10.0000 -4.3916 -10.0000
    outer loop
        vertex 5.2000 -1.6000 -1.9216
        vertex 4.9185 -1.6000 -1.7826
        vertex 4.6123 -1.6000 -2.5218
    endloop
endfacet
facet normal 10.0000 -4.2611 -10.0000
    outer loop
        vertex 4.6123 -1.6000 -2.5218
        vertex 4.8000 -1.6000 -2.6144
        vertex 5.2000 -1.6000 -1.9216
    endloop
endfacet
facet normal 10.0000 -4.3916 -10.0000
    outer loop
        vertex 4.9185 -1.6000 -1.7826
        vertex 4.6211 -1.6000 -1.6818
        vertex 4.4141 -1.6000 -2.4546
    endloop
endfacet
facet normal 10.0000 -4.2611 -10.0000
    outer loop
        vertex 4.4141 -1.6000 -2.4546
        vertex 4.6123 -1.6000 -2.5218
        vertex 4.9185 -1.6000 -1.7826
    endloop
endfacet
facet normal 10.0000 -4.3916 -10.0000
    outer loop
        vertex 4.6211 -1.6000 -1.6818
        vertex 4.3132 -1.6000 -1.6206
        vertex 4.2088 -1.6000 -2.4138
    endloop
endfacet
facet normal 10.0000 -4.2610 -10.0000
    outer loop
        vertex 4.2088 -1.6000 -2.4138
        vertex 4.4141 -1.6000 -2.4546
        vertex 4.6211 -1.6000 -1.6818
    endloop
endfacet
facet normal 10.0000 -4.3915 -10.0000
    outer loop
        vertex 4.3132 -1.6000 -1.6206
        vertex 4.0000 -1.6000 -1.6000
        vertex 4.0000 -1.6000 -2.4000
    endloop
endfacet
facet normal 10.0000 -4.2610 -10.0000
    outer loop
        vertex 4.0000 -1.6000 -2.4000
        vertex 4.2088 -1.6000 -2.4138
        vertex 4.3132 -1.6000 -1.6206
    endloop
endfacet
facet normal 10.0000 -4.3915 -10.0000
    outer loop
        vertex 4.0000 -1.6000 -1.6000
        vertex 3.6868 -1.6000 -1.6206
        vertex 3.7912 -1.6000 -2.4138
    endloop
endfacet
facet normal 10.0000 -4.2610 -10.0000
    outer loop
        vertex 3.7912 -1.6000 -2.4138
        vertex 4.0000 -1.6000 -2.4000
        vertex 4.0000 -1.6000 -1.6000
    endloop
endfacet
facet normal 10.0000 -4.3916 -10.0000
    outer loop
        vertex 3.6868 -1.6000 -1.6206
        vertex 3.3789 -1.6000 -1.6818
        vertex 3.5859 -1.6000 -2.4546
    endloop
endfacet
facet normal 10.0000 -4.2610 -10.0000
    outer loop
        vertex 3.5859 -1.6000 -2.4546
        vertex 3.7912 -1.6000 -2.4138
        vertex 3.6868 -1.6000 -1.6206
    endloop
endfacet
facet normal 10.0000 -4.3916 -10.0000
    outer loop
        vertex 3.3789 -1.6000 -1.6818
        vertex 3.0815 -1.6000 -1.7826
        vertex 3.3877 -1.6000 -2.5218
    endloop
endfacet
facet normal 10.0000 -4.2611 -10.0000
    outer loop
        vertex 3.3877 -1.6000 -2.5218
        vertex 3.5859 -1.6000 -2.4546
        vertex 3.3789 -1.6000 -1.6818
    endloop
endfacet
facet normal 10.0000 -4.3916 -10.0000
    outer loop
        vertex 3.0815 -1.6000 -1.7826
        vertex 2.8000 -1.6000 -1.9216
        vertex 3.2000 -1.6000 -2.6144
    endloop
endfacet
facet normal 10.0000 -4.2611 -10.0000
    outer loop
        vertex 3.2000 -1.6000 -2.6144
        vertex 3.3877 -1.6000 -2.5218
        vertex 3.0815 -1.6000 -1.7826
    endloop
endfacet
facet normal 10.0000 -4.3916 -10.0000
    outer loop
        vertex 2.8000 -1.6000 -1.9216
        vertex 2.5389 -1.6000 -2.0958
        vertex 3.0259 -1.6000 -2.7306
    endloop
endfacet
facet normal 10.0000 -4.2610 -10.0000
    outer loop
        vertex 3.0259 -1.6000 -2.7306
        vertex 3.2000 -1.6000 -2.6144
        vertex 2.8000 -1.6000 -1.9216
    endloop
endfacet
facet normal 10.0000 -4.3916 -10.0000
    outer loop
        vertex 2.5389 -1.6000 -2.0958
        vertex 2.3030 -1.6000 -2.3030
        vertex 2.8686 -1.6000 -2.8686
    endloop
endfacet
facet normal 10.0000 -4.2611 -10.0000
    outer loop
        vertex 2.8686 -1.6000 -2.8686
        vertex 3.0259 -1.6000 -2.7306
        vertex 2.5389 -1.6000 -2.0958
    endloop
endfacet
facet normal 10.0000 -4.3916 -10.0000
    outer loop
        vertex 2.3030 -1.6000 -2.3030
        vertex 2.0958 -1.6000 -2.5389
        vertex 2.7306 -1.6000 -3.0259
    endloop
endfacet
facet normal 10.0000 -4.2611 -10.0000
    outer loop
        vertex 2.7306 -1.6000 -3.0259
        vertex 2.8686 -1.6000 -2.8686
        vertex 2.3030 -1.6000 -2.3030
    endloop
endfacet
facet normal 10.0000 -4.3916 -10.0000
    outer loop
        vertex 2.0958 -1.6000 -2.5389
        vertex 1.9216 -1.6000 -2.8000
        vertex 2.6144 -1.6000 -3.2000
    endloop
endfacet
facet normal 10.0000 -4.2610 -10.0000
    outer loop
        vertex 2.6144 -1.6000 -3.2000
        vertex 2.7306 -1.6000 -3.0259
        vertex 2.0958 -1.6000 -2.5389
    endloop
endfacet
facet normal 10.0000 -4.3916 -10.0000
    outer loop
        vertex 1.9216 -1.6000 -2.8000
        vertex 1.7826 -1.6000 -3.0815
        vertex 2.5218 -1.6000 -3.3877
    endloop
endfacet
facet normal 10.0000 -4.2611 -10.0000
    outer loop
        vertex 2.5218 -1.6000 -3.3877
        vertex 2.6144 -1.6000 -3.2000
        vertex 1.9216 -1.6000 -2.8000
    endloop
endfacet
facet normal 10.0000 -4.3916 -10.0000
    outer loop
        vertex 1.7826 -1.6000 -3.0815
        vertex 1.6818 -1.6000 -3.3789
        vertex 2.4546 -1.6000 -3.5859
    endloop
endfacet
facet normal 10.0000 -4.2611 -10.0000
    outer loop
        vertex 2.4546 -1.6000 -3.5859
        vertex 2.5218 -1.6000 -3.3877
        vertex 1.7826 -1.6000 -3.0815
    endloop
endfacet
facet normal 10.0000 -4.3916 -10.0000
    outer loop
        vertex 1.6818 -1.6000 -3.3789
        vertex 1.6206 -1.6000 -3.6868
        vertex 2.4138 -1.6000 -3.7912
    endloop
endfacet
facet normal 10.0000 -4.2610 -10.0000
    outer loop
        vertex 2.4138 -1.6000 -3.7912
        vertex 2.4546 -1.6000 -3.5859
        vertex 1.6818 -1.6000 -3.3789
    endloop
endfacet
facet normal 10.0000 -4.3915 -10.0000
    outer loop
        vertex 1.6206 -1.6000 -3.6868
        vertex 1.6000 -1.6000 -4.0000
        vertex 2.4000 -1.6000 -4.0000
    endloop
endfacet
facet normal 10.0000 -4.2610 -10.0000
    outer loop
        vertex 2.4000 -1.6000 -4.0000
        vertex 2.4138 -1.6000 -3.7912
        vertex 1.6206 -1.6000 -3.6868
    endloop
endfacet
facet normal 10.0000 -4.3915 -10.0000
    outer loop
        vertex 1.6000 -1.6000 -4.0000
        vertex 1.6206 -1.6000 -4.3132
        vertex 2.4138 -1.6000 -4.2088
    endloop
endfacet
facet normal 10.0000 -4.2610 -10.0000
    outer loop
        vertex 2.4138 -1.6000 -4.2088
        vertex 2.4000 -1.6000 -4.0000
        vertex 1.6000 -1.6000 -4.0000
    endloop
endfacet
facet normal 10.0000 -4.3916 -10.0000
    outer loop
        vertex 1.6206 -1.6000 -4.3132
        vertex 1.6818 -1.6000 -4.6211
        vertex 2.4546 -1.6000 -4.4141
    endloop
endfacet
facet normal 10.0000 -4.2610 -10.0000
    outer loop
        vertex 2.4546 -1.6000 -4.4141
        vertex 2.4138 -1.6000 -4.2088
        vertex 1.6206 -1.6000 -4.3132
    endloop
endfacet
facet normal 10.0000 -4.3916 -10.0000
    outer loop
        vertex 1.6818 -1.6000 -4.6211
        vertex 1.7826 -1.6000 -4.9185
        vertex 2.5218 -1.6000 -4.6123
    endloop
endfacet
facet normal 10.0000 -4.2611 -10.0000
    outer loop
        vertex 2.5218 -1.6000 -4.6123
        vertex 2.4546 -1.6000 -4.4141
        vertex 1.6818 -1.6000 -4.6211
    endloop
endfacet
facet normal 10.0000 -4.3916 -10.0000
    outer loop
        vertex 1.7826 -1.6000 -4.9185
        vertex 1.9216 -1.6000 -5.2000
        vertex 2.6144 -1.6000 -4.8000
    endloop
endfacet
facet normal 10.0000 -4.2611 -10.0000
    outer loop
        vertex 2.6144 -1.6000 -4.8000
        vertex 2.5218 -1.6000 -4.6123
        vertex 1.7826 -1.6000 -4.9185
    endloop
endfacet
facet normal 10.0000 -4.3916 -10.0000
    outer loop
        vertex 1.9216 -1.6000 -5.2000
        vertex 2.0958 -1.6000 -5.4611
        vertex 2.7306 -1.6000 -4.9741
    endloop
endfacet
facet normal 10.0000 -4.2610 -10.0000
    outer loop
        vertex 2.7306 -1.6000 -4.9741
        vertex 2.6144 -1.6000 -4.8000
        vertex 1.9216 -1.6000 -5.2000
    endloop
endfacet
facet normal 10.0000 -4.3916 -10.0000
    outer loop
        vertex 2.0958 -1.6000 -5.4611
        vertex 2.3030 -1.6000 -5.6970
        vertex 2.8686 -1.6000 -5.1314
    endloop
endfacet
facet normal 10.0000 -4.2611 -10.0000
    outer loop
        vertex 2.8686 -1.6000 -5.1314
        vertex 2.7306 -1.6000 -4.9741
        vertex 2.0958 -1.6000 -5.4611
    endloop
endfacet
facet normal 10.0000 -4.3916 -10.0000
    outer loop
        vertex 2.3030 -1.6000 -5.6970
        vertex 2.5389 -1.6000 -5.9042
        vertex 3.0259 -1.6000 -5.2694
    endloop
endfacet
facet normal 10.0000 -4.2611 -10.0000
    outer loop
        vertex 3.0259 -1.6000 -5.2694
        vertex 2.8686 -1.6000 -5.1314
        vertex 2.3030 -1.6000 -5.6970
    endloop
endfacet
facet normal 10.0000 -4.3916 -10.0000
    outer loop
        vertex 2.5389 -1.6000 -5.9042
        vertex 2.8000 -1.6000 -6.0784
        vertex 3.2000 -1.6000 -5.3856
    endloop
endfacet
facet normal 10.0000 -4.2610 -10.0000
    outer loop
        vertex 3.2000 -1.6000 -5.3856
        vertex 3.0259 -1.6000 -5.2694
        vertex 2.5389 -1.6000 -5.9042
    endloop
endfacet
facet normal 10.0000 -4.3916 -10.0000
    outer loop
        vertex 2.8000 -1.6000 -6.0784
        vertex 3.0815 -1.6000 -6.2174
        vertex 3.3877 -1.6000 -5.4782
    endloop
endfacet
facet normal 10.0000 -4.2611 -10.0000
    outer loop
        vertex 3.3877 -1.6000 -5.4782
        vertex 3.2000 -1.6000 -5.3856
        vertex 2.8000 -1.6000 -6.0784
    endloop
endfacet
facet normal 10.0000 -4.3916 -10.0000
    outer loop
        vertex 3.0815 -1.6000 -6.2174
        vertex 3.3789 -1.6000 -6.3182
        vertex 3.5859 -1.6000 -5.5454
    endloop
endfacet
facet normal 10.0000 -4.2611 -10.0000
    outer loop
        vertex 3.5859 -1.6000 -5.5454
        vertex 3.3877 -1.6000 -5.4782
        vertex 3.0815 -1.6000 -6.2174
    endloop
endfacet
facet normal 10.0000 -4.3916 -10.0000
    outer loop
        vertex 3.3789 -1.6000 -6.3182
        vertex 3.6868 -1.6000 -6.3794
        vertex 3.7912 -1.6000 -5.5862
    endloop
endfacet
facet normal 10.0000 -4.2610 -10.0000
    outer loop
        vertex 3.7912 -1.6000 -5.5862
        vertex 3.5859 -1.6000 -5.5454
        vertex 3.3789 -1.6000 -6.3182
    endloop
endfacet
facet normal 10.0000 -4.3915 -10.0000
    outer loop
        vertex 3.6868 -1.6000 -6.3794
        vertex 4.0000 -1.6000 -6.4000
        vertex 4.0000 -1.6000 -5.6000
    endloop
endfacet
facet normal 10.0000 -4.2610 -10.0000
    outer loop
        vertex 4.0000 -1.6000 -5.6000
        vertex 3.7912 -1.6000 -5.5862
        vertex 3.6868 -1.6000 -6.3794
    endloop
endfacet
facet normal 10.0000 -4.3915 -10.0000
    outer loop
        vertex 4.0000 -1.6000 -6.4000
        vertex 4.3132 -1.6000 -6.3794
        vertex 4.2088 -1.6000 -5.5862
    endloop
endfacet
facet normal 10.0000 -4.2610 -10.0000
    outer loop
        vertex 4.2088 -1.6000 -5.5862
        vertex 4.0000 -1.6000 -5.6000
        vertex 4.0000 -1.6000 -6.4000
    endloop
endfacet
facet normal 10.0000 -4.3916 -10.0000
    outer loop
        vertex 4.3132 -1.6000 -6.3794
        vertex 4.6211 -1.6000 -6.3182
        vertex 4.4141 -1.6000 -5.5454
    endloop
endfacet
facet normal 10.0000 -4.2610 -10.0000
    outer loop
        vertex 4.4141 -1.6000 -5.5454
        vertex 4.2088 -1.6000 -5.5862
        vertex 4.3132 -1.6000 -6.3794
    endloop
endfacet
facet normal 10.0000 -4.3916 -10.0000
    outer loop
        vertex 4.6211 -1.6000 -6.3182
        vertex 4.9185 -1.6000 -6.2174
        vertex 4.6123 -1.6000 -5.4782
    endloop
endfacet
facet normal 10.0000 -4.2611 -10.0000
    outer loop
        vertex 4.6123 -1.6000 -5.4782
        vertex 4.4141 -1.6000 -5.5454
        vertex 4.6211 -1.6000 -6.3182
    endloop
endfacet
facet normal 10.0000 -4.3916 -10.0000
    outer loop
        vertex 4.9185 -1.6000 -6.2174
        vertex 5.2000 -1.6000 -6.0784
        vertex 4.8000 -1.6000 -5.3856
    endloop
endfacet
facet normal 10.0000 -4.2611 -10.0000
    outer loop
        vertex 4.8000 -1.6000 -5.3856
        vertex 4.6123 -1.6000 -5.4782
        vertex 4.9185 -1.6000 -6.2174
    endloop
endfacet
facet normal 10.0000 -4.3916 -10.0000
    outer loop
        vertex 5.2000 -1.6000 -6.0784
        vertex 5.4611 -1.6000 -5.9042
        vertex 4.9741 -1.6000 -5.2694
    endloop
endfacet
facet normal 10.0000 -4.2610 -10.0000
    outer loop
        vertex 4.9741 -1.6000 -5.2694
        vertex 4.8000 -1.6000 -5.3856
        vertex 5.2000 -1.6000 -6.0784
    endloop
endfacet
facet normal 10.0000 -4.3916 -10.0000
    outer loop
        vertex 5.4611 -1.6000 -5.9042
        vertex 5.6970 -1.6000 -5.6970
        vertex 5.1314 -1.6000 -5.1314
    endloop
endfacet
facet normal 10.0000 -4.2611 -10.0000
    outer loop
        vertex 5.1314 -1.6000 -5.1314
        vertex 4.9741 -1.6000 -5.2694
        vertex 5.4611 -1.6000 -5.9042
    endloop
endfacet
facet normal 10.0000 -4.3916 -10.0000
    outer loop
        vertex 5.6970 -1.6000 -5.6970
        vertex 5.9042 -1.6000 -5.4611
        vertex 5.2694 -1.6000 -4.9741
    endloop
endfacet
facet normal 10.0000 -4.2611 -10.0000
    outer loop
        vertex 5.2694 -1.6000 -4.9741
        vertex 5.1314 -1.6000 -5.1314
        vertex 5.6970 -1.6000 -5.6970
    endloop
endfacet
facet normal 10.0000 -4.3916 -10.0000
    outer loop
        vertex 5.9042 -1.6000 -5.4611
        vertex 6.0784 -1.6000 -5.2000
        vertex 5.3856 -1.6000 -4.8000
    endloop
endfacet
facet normal 10.0000 -4.2610 -10.0000
    outer loop
        vertex 5.3856 -1.6000 -4.8000
        vertex 5.2694 -1.6000 -4.9741
        vertex 5.9042 -1.6000 -5.4611
    endloop
endfacet
facet normal 10.0000 -4.3916 -10.0000
    outer loop
        vertex 6.0784 -1.6000 -5.2000
        vertex 6.2174 -1.6000 -4.9185
        vertex 5.4782 -1.6000 -4.6123
    endloop
endfacet
facet normal 10.0000 -4.2611 -10.0000
    outer loop
        vertex 5.4782 -1.6000 -4.6123
        vertex 5.3856 -1.6000 -4.8000
        vertex 6.0784 -1.6000 -5.2000
    endloop
endfacet
facet normal 10.0000 -4.3916 -10.0000
    outer loop
        vertex 6.2174 -1.6000 -4.9185
        vertex 6.3182 -1.6000 -4.6211
        vertex 5.5454 -1.6000 -4.4141
    endloop
endfacet
facet normal 10.0000 -4.2611 -10.0000
    outer loop
        vertex 5.5454 -1.6000 -4.4141
        vertex 5.4782 -1.6000 -4.6123
        vertex 6.2174 -1.6000 -4.9185
    endloop
endfacet
facet normal 10.0000 -4.3916 -10.0000
    outer loop
        vertex 6.3182 -1.6000 -4.6211
        vertex 6.3794 -1.6000 -4.3132
        vertex 5.5862 -1.6000 -4.2088
    endloop
endfacet
facet normal 10.0000 -4.2610 -10.0000
    outer loop
        vertex 5.5862 -1.6000 -4.2088
        vertex 5.5454 -1.6000 -4.4141
        vertex 6.3182 -1.6000 -4.6211
    endloop
endfacet
facet normal 10.0000 -4.3915 -10.0000
    outer loop
        vertex 6.3794 -1.6000 -4.3132
        vertex 6.4000 -1.6000 -4.0000
        vertex 5.6000 -1.6000 -4.0000
    endloop
endfacet
facet normal 10.0000 -4.2610 -10.0000
    outer loop
        vertex 5.6000 -1.6000 -4.0000
        vertex 5.5862 -1.6000 -4.2088
        vertex 6.3794 -1.6000 -4.3132
    endloop
endfacet
facet normal 29.4780 -4.0000 -10.0344
    outer loop
        vertex 13.5862 -1.6000 -3.7912
        vertex 13.6000 0.0000 -4.0000
        vertex 13.6000 -1.6000 -4.0000
    endloop
endfacet
facet normal 29.4780 -4.0000 -10.0344
    outer loop
        vertex 13.6000 0.0000 -4.0000
        vertex 13.5862 -1.6000 -3.7912
        vertex 13.5862 0.0000 -3.7912
    endloop
endfacet
facet normal 29.4868 -4.0000 -10.1020
    outer loop
        vertex 13.5454 -1.6000 -3.5859
        vertex 13.5862 0.0000 -3.7912
        vertex 13.5862 -1.6000 -3.7912
    endloop
endfacet
facet normal 29.4868 -4.0000 -10.1020
    outer loop
        vertex 13.5862 0.0000 -3.7912
        vertex 13.5454 -1.6000 -3.5859
        vertex 13.5454 0.0000 -3.5859
    endloop
endfacet
facet normal 29.5044 -4.0000 -10.1680
    outer loop
        vertex 13.4782 -1.6000 -3.3877
        vertex 13.5454 0.0000 -3.5859
        vertex 13.5454 -1.6000 -3.5859
    endloop
endfacet
facet normal 29.5044 -4.0000 -10.1680
    outer loop
        vertex 13.5454 0.0000 -3.5859
        vertex 13.4782 -1.6000 -3.3877
        vertex 13.4782 0.0000 -3.3877
    endloop
endfacet
facet normal 29.5308 -4.0000 -10.2316
    outer loop
        vertex 13.3856 -1.6000 -3.2000
        vertex 13.4782 0.0000 -3.3877
        vertex 13.4782 -1.6000 -3.3877
    endloop
endfacet
facet normal 29.5308 -4.0000 -10.2316
    outer loop
        vertex 13.4782 0.0000 -3.3877
        vertex 13.3856 -1.6000 -3.2000
        vertex 13.3856 0.0000 -3.2000
    endloop
endfacet
facet normal 29.5648 -4.0000 -10.2904
    outer loop
        vertex 13.2694 -1.6000 -3.0259
        vertex 13.3856 0.0000 -3.2000
        vertex 13.3856 -1.6000 -3.2000
    endloop
endfacet
facet normal 29.5648 -4.0000 -10.2904
    outer loop
        vertex 13.3856 0.0000 -3.2000
        vertex 13.2694 -1.6000 -3.0259
        vertex 13.2694 0.0000 -3.0259
    endloop
endfacet
facet normal 29.6068 -4.0000 -10.3452
    outer loop
        vertex 13.1314 -1.6000 -2.8686
        vertex 13.2694 0.0000 -3.0259
        vertex 13.2694 -1.6000 -3.0259
    endloop
endfacet
facet normal 29.6068 -4.0000 -10.3452
    outer loop
        vertex 13.2694 0.0000 -3.0259
        vertex 13.1314 -1.6000 -2.8686
        vertex 13.1314 0.0000 -2.8686
    endloop
endfacet
facet normal 29.6548 -4.0000 -10.3932
    outer loop
        vertex 12.9741 -1.6000 -2.7306
        vertex 13.1314 0.0000 -2.8686
        vertex 13.1314 -1.6000 -2.8686
    endloop
endfacet
facet normal 29.6548 -4.0000 -10.3932
    outer loop
        vertex 13.1314 0.0000 -2.8686
        vertex 12.9741 -1.6000 -2.7306
        vertex 12.9741 0.0000 -2.7306
    endloop
endfacet
facet normal 29.7096 -4.0000 -10.4352
    outer loop
        vertex 12.8000 -1.6000 -2.6144
        vertex 12.9741 0.0000 -2.7306
        vertex 12.9741 -1.6000 -2.7306
    endloop
endfacet
facet normal 29.7096 -4.0000 -10.4352
    outer loop
        vertex 12.9741 0.0000 -2.7306
        vertex 12.8000 -1.6000 -2.6144
        vertex 12.8000 0.0000 -2.6144
    endloop
endfacet
facet normal 29.7684 -4.0000 -10.4692
    outer loop
        vertex 12.6123 -1.6000 -2.5218
        vertex 12.8000 0.0000 -2.6144
        vertex 12.8000 -1.6000 -2.6144
    endloop
endfacet
facet normal 29.7684 -4.0000 -10.4692
    outer loop
        vertex 12.8000 0.0000 -2.6144
        vertex 12.6123 -1.6000 -2.5218
        vertex 12.6123 0.0000 -2.5218
    endloop
endfacet
facet normal 29.8320 -4.0000 -10.4956
    outer loop
        vertex 12.4141 -1.6000 -2.4546
        vertex 12.6123 0.0000 -2.5218
        vertex 12.6123 -1.6000 -2.5218
    endloop
endfacet
facet normal 29.8320 -4.0000 -10.4956
    outer loop
        vertex 12.6123 0.0000 -2.5218
        vertex 12.4141 -1.6000 -2.4546
        vertex 12.4141 0.0000 -2.4546
    endloop
endfacet
facet normal 29.8980 -4.0000 -10.5132
    outer loop
        vertex 12.2088 -1.6000 -2.4138
        vertex 12.4141 0.0000 -2.4546
        vertex 12.4141 -1.6000 -2.4546
    endloop
endfacet
facet normal 29.8980 -4.0000 -10.5132
    outer loop
        vertex 12.4141 0.0000 -2.4546
        vertex 12.2088 -1.6000 -2.4138
        vertex 12.2088 0.0000 -2.4138
    endloop
endfacet
facet normal 29.9656 -4.0000 -10.5220
    outer loop
        vertex 12.0000 -1.6000 -2.4000
        vertex 12.2088 0.0000 -2.4138
        vertex 12.2088 -1.6000 -2.4138
    endloop
endfacet
facet normal 29.9656 -4.0000 -10.5220
    outer loop
        vertex 12.2088 0.0000 -2.4138
        vertex 12.0000 -1.6000 -2.4000
        vertex 12.0000 0.0000 -2.4000
    endloop
endfacet
facet normal 30.0344 -4.0000 -10.5220
    outer loop
        vertex 11.7912 -1.6000 -2.4138
        vertex 12.0000 0.0000 -2.4000
        vertex 12.0000 -1.6000 -2.4000
    endloop
endfacet
facet normal 30.0344 -4.0000 -10.5220
    outer loop
        vertex 12.0000 0.0000 -2.4000
        vertex 11.7912 -1.6000 -2.4138
        vertex 11.7912 0.0000 -2.4138
    endloop
endfacet
facet normal 30.1020 -4.0000 -10.5132
    outer loop
        vertex 11.5859 -1.6000 -2.4546
        vertex 11.7912 0.0000 -2.4138
        vertex 11.7912 -1.6000 -2.4138
    endloop
endfacet
facet normal 30.1020 -4.0000 -10.5132
    outer loop
        vertex 11.7912 0.0000 -2.4138
        vertex 11.5859 -1.6000 -2.4546
        vertex 11.5859 0.0000 -2.4546
    endloop
endfacet
facet normal 30.1680 -4.0000 -10.4956
    outer loop
        vertex 11.3877 -1.6000 -2.5218
        vertex 11.5859 0.0000 -2.4546
        vertex 11.5859 -1.6000 -2.4546
    endloop
endfacet
facet normal 30.1680 -4.0000 -10.4956
    outer loop
        vertex 11.5859 0.0000 -2.4546
        vertex 11.3877 -1.6000 -2.5218
        vertex 11.3877 0.0000 -2.5218
    endloop
endfacet
facet normal 30.2316 -4.0000 -10.4692
    outer loop
        vertex 11.2000 -1.6000 -2.6144
        vertex 11.3877 0.0000 -2.5218
        vertex 11.3877 -1.6000 -2.5218
    endloop
endfacet
facet normal 30.2316 -4.0000 -10.4692
    outer loop
        vertex 11.3877 0.0000 -2.5218
        vertex 11.2000 -1.6000 -2.6144
        vertex 11.2000 0.0000 -2.6144
    endloop
endfacet
facet normal 30.2904 -4.0000 -10.4352
    outer loop
        vertex 11.0259 -1.6000 -2.7306
        vertex 11.2000 0.0000 -2.6144
        vertex 11.2000 -1.6000 -2.6144
    endloop
endfacet
facet normal 30.2904 -4.0000 -10.4352
    outer loop
        vertex 11.2000 0.0000 -2.6144
        vertex 11.0259 -1.6000 -2.7306
        vertex 11.0259 0.0000 -2.7306
    endloop
endfacet
facet normal 30.3452 -4.0000 -10.3932
    outer loop
        vertex 10.8686 -1.6000 -2.8686
        vertex 11.0259 0.0000 -2.7306
        vertex 11.0259 -1.6000 -2.7306
    endloop
endfacet
facet normal 30.3452 -4.0000 -10.3932
    outer loop
        vertex 11.0259 0.0000 -2.7306
        vertex 10.8686 -1.6000 -2.8686
        vertex 10.8686 0.0000 -2.8686
    endloop
endfacet
facet normal 30.3932 -4.0000 -10.3452
    outer loop
        vertex 10.7306 -1.6000 -3.0259
        vertex 10.8686 0.0000 -2.8686
        vertex 10.8686 -1.6000 -2.8686
    endloop
endfacet
facet normal 30.3932 -4.0000 -10.3452
    outer loop
        vertex 10.8686 0.0000 -2.8686
        vertex 10.7306 -1.6000 -3.0259
        vertex 10.7306 0.0000 -3.0259
    endloop
endfacet
facet normal 30.4352 -4.0000 -10.2904
    outer loop
        vertex 10.6144 -1.6000 -3.2000
        vertex 10.7306 0.0000 -3.0259
        vertex 10.7306 -1.6000 -3.0259
    endloop
endfacet
facet normal 30.4352 -4.0000 -10.2904
    outer loop
        vertex 10.7306 0.0000 -3.0259
        vertex 10.6144 -1.6000 -3.2000
        vertex 10.6144 0.0000 -3.2000
    endloop
endfacet
facet normal 30.4692 -4.0000 -10.2316
    outer loop
        vertex 10.5218 -1.6000 -3.3877
        vertex 10.6144 0.0000 -3.2000
        vertex 10.6144 -1.6000 -3.2000
    endloop
endfacet
facet normal 30.4692 -4.0000 -10.2316
    outer loop
        vertex 10.6144 0.0000 -3.2000
        vertex 10.5218 -1.6000 -3.3877
        vertex 10.5218 0.0000 -3.3877
    endloop
endfacet
facet normal 30.4956 -4.0000 -10.1680
    outer loop
        vertex 10.4546 -1.6000 -3.5859
        vertex 10.5218 0.0000 -3.3877
        vertex 10.5218 -1.6000 -3.3877
    endloop
endfacet
facet normal 30.4956 -4.0000 -10.1680
    outer loop
        vertex 10.5218 0.0000 -3.3877
        vertex 10.4546 -1.6000 -3.5859
        vertex 10.4546 0.0000 -3.5859
    endloop
endfacet
facet normal 30.5132 -4.0000 -10.1020
    outer loop
        vertex 10.4138 -1.6000 -3.7912
        vertex 10.4546 0.0000 -3.5859
        vertex 10.4546 -1.6000 -3.5859
    endloop
endfacet
facet normal 30.5132 -4.0000 -10.1020
    outer loop
        vertex 10.4546 0.0000 -3.5859
        vertex 10.4138 -1.6000 -3.7912
        vertex 10.4138 0.0000 -3.7912
    endloop
endfacet
facet normal 30.5220 -4.0000 -10.0344
    outer loop
        vertex 10.4000 -1.6000 -4.0000
        vertex 10.4138 0.0000 -3.7912
        vertex 10.4138 -1.6000 -3.7912
    endloop
endfacet
facet normal 30.5220 -4.0000 -10.0344
    outer loop
        vertex 10.4138 0.0000 -3.7912
        vertex 10.4000 -1.6000 -4.0000
        vertex 10.4000 0.0000 -4.0000
    endloop
endfacet
facet normal 30.5220 -4.0000 -9.9656
    outer loop
        vertex 10.4138 -1.6000 -4.2088
        vertex 10.4000 0.0000 -4.0000
        vertex 10.4000 -1.6000 -4.0000
    endloop
endfacet
facet normal 30.5220 -4.0000 -9.9656
    outer loop
        vertex 10.4000 0.0000 -4.0000
        vertex 10.4138 -1.6000 -4.2088
        vertex 10.4138 0.0000 -4.2088
    endloop
endfacet
facet normal 30.5132 -4.0000 -9.8980
    outer loop
        vertex 10.4546 -1.6000 -4.4141
        vertex 10.4138 0.0000 -4.2088
        vertex 10.4138 -1.6000 -4.2088
    endloop
endfacet
facet normal 30.5132 -4.0000 -9.8980
    outer loop
        vertex 10.4138 0.0000 -4.2088
        vertex 10.4546 -1.6000 -4.4141
        vertex 10.4546 0.0000 -4.4141
    endloop
endfacet
facet normal 30.4956 -4.0000 -9.8320
    outer loop
        vertex 10.5218 -1.6000 -4.6123
        vertex 10.4546 0.0000 -4.4141
        vertex 10.4546 -1.6000 -4.4141
    endloop
endfacet
facet normal 30.4956 -4.0000 -9.8320
    outer loop
        vertex 10.4546 0.0000 -4.4141
        vertex 10.5218 -1.6000 -4.6123
        vertex 10.5218 0.0000 -4.6123
    endloop
endfacet
facet normal 30.4692 -4.0000 -9.7684
    outer loop
        vertex 10.6144 -1.6000 -4.8000
        vertex 10.5218 0.0000 -4.6123
        vertex 10.5218 -1.6000 -4.6123
    endloop
endfacet
facet normal 30.4692 -4.0000 -9.7684
    outer loop
        vertex 10.5218 0.0000 -4.6123
        vertex 10.6144 -1.6000 -4.8000
        vertex 10.6144 0.0000 -4.8000
    endloop
endfacet
facet normal 30.4352 -4.0000 -9.7096
    outer loop
        vertex 10.7306 -1.6000 -4.9741
        vertex 10.6144 0.0000 -4.8000
        vertex 10.6144 -1.6000 -4.8000
    endloop
endfacet
facet normal 30.4352 -4.0000 -9.7096
    outer loop
        vertex 10.6144 0.0000 -4.8000
        vertex 10.7306 -1.6000 -4.9741
        vertex 10.7306 0.0000 -4.9741
    endloop
endfacet
facet normal 30.3932 -4.0000 -9.6548
    outer loop
        vertex 10.8686 -1.6000 -5.1314
        vertex 10.7306 0.0000 -4.9741
        vertex 10.7306 -1.6000 -4.9741
    endloop
endfacet
facet normal 30.3932 -4.0000 -9.6548
    outer loop
        vertex 10.7306 0.0000 -4.9741
        vertex 10.8686 -1.6000 -5.1314
        vertex 10.8686 0.0000 -5.1314
    endloop
endfacet
facet normal 30.3452 -4.0000 -9.6068
    outer loop
        vertex 11.0259 -1.6000 -5.2694
        vertex 10.8686 0.0000 -5.1314
        vertex 10.8686 -1.6000 -5.1314
    endloop
endfacet
facet normal 30.3452 -4.0000 -9.6068
    outer loop
        vertex 10.8686 0.0000 -5.1314
        vertex 11.0259 -1.6000 -5.2694
        vertex 11.0259 0.0000 -5.2694
    endloop
endfacet
facet normal 30.2904 -4.0000 -9.5648
    outer loop
        vertex 11.2000 -1.6000 -5.3856
        vertex 11.0259 0.0000 -5.2694
        vertex 11.0259 -1.6000 -5.2694
    endloop
endfacet
facet normal 30.2904 -4.0000 -9.5648
    outer loop
        vertex 11.0259 0.0000 -5.2694
        vertex 11.2000 -1.6000 -5.3856
        vertex 11.2000 0.0000 -5.3856
    endloop
endfacet
facet normal 30.2316 -4.0000 -9.5308
    outer loop
        vertex 11.3877 -1.6000 -5.4782
        vertex 11.2000 0.0000 -5.3856
        vertex 11.2000 -1.6000 -5.3856
    endloop
endfacet
facet normal 30.2316 -4.0000 -9.5308
    outer loop
        vertex 11.2000 0.0000 -5.3856
        vertex 11.3877 -1.6000 -5.4782
        vertex 11.3877 0.0000 -5.4782
    endloop
endfacet
facet normal 30.1680 -4.0000 -9.5044
    outer loop
        vertex 11.5859 -1.6000 -5.5454
        vertex 11.3877 0.0000 -5.4782
        vertex 11.3877 -1.6000 -5.4782
    endloop
endfacet
facet normal 30.1680 -4.0000 -9.5044
    outer loop
        vertex 11.3877 0.0000 -5.4782
        vertex 11.5859 -1.6000 -5.5454
        vertex 11.5859 0.0000 -5.5454
    endloop
endfacet
facet normal 30.1020 -4.0000 -9.4868
    outer loop
        vertex 11.7912 -1.6000 -5.5862
        vertex 11.5859 0.0000 -5.5454
        vertex 11.5859 -1.6000 -5.5454
    endloop
endfacet
facet normal 30.1020 -4.0000 -9.4868
    outer loop
        vertex 11.5859 0.0000 -5.5454
        vertex 11.7912 -1.6000 -5.5862
        vertex 11.7912 0.0000 -5.5862
    endloop
endfacet
facet normal 30.0344 -4.0000 -9.4780
    outer loop
        vertex 12.0000 -1.6000 -5.6000
        vertex 11.7912 0.0000 -5.5862
        vertex 11.7912 -1.6000 -5.5862
    endloop
endfacet
facet normal 30.0344 -4.0000 -9.4780
    outer loop
        vertex 11.7912 0.0000 -5.5862
        vertex 12.0000 -1.6000 -5.6000
        vertex 12.0000 0.0000 -5.6000
    endloop
endfacet
facet normal 29.9656 -4.0000 -9.4780
    outer loop
        vertex 12.2088 -1.6000 -5.5862
        vertex 12.0000 0.0000 -5.6000
        vertex 12.0000 -1.6000 -5.6000
    endloop
endfacet
facet normal 29.9656 -4.0000 -9.4780
    outer loop
        vertex 12.0000 0.0000 -5.6000
        vertex 12.2088 -1.6000 -5.5862
        vertex 12.2088 0.0000 -5.5862
    endloop
endfacet
facet normal 29.8980 -4.0000 -9.4868
    outer loop
        vertex 12.4141 -1.6000 -5.5454
        vertex 12.2088 0.0000 -5.5862
        vertex 12.2088 -1.6000 -5.5862
    endloop
endfacet
facet normal 29.8980 -4.0000 -9.4868
    outer loop
        vertex 12.2088 0.0000 -5.5862
        vertex 12.4141 -1.6000 -5.5454
        vertex 12.4141 0.0000 -5.5454
    endloop
endfacet
facet normal 29.8320 -4.0000 -9.5044
    outer loop
        vertex 12.6123 -1.6000 -5.4782
        vertex 12.4141 0.0000 -5.5454
        vertex 12.4141 -1.6000 -5.5454
    endloop
endfacet
facet normal 29.8320 -4.0000 -9.5044
    outer loop
        vertex 12.4141 0.0000 -5.5454
        vertex 12.6123 -1.6000 -5.4782
        vertex 12.6123 0.0000 -5.4782
    endloop
endfacet
facet normal 29.7684 -4.0000 -9.5308
    outer loop
        vertex 12.8000 -1.6000 -5.3856
        vertex 12.6123 0.0000 -5.4782
        vertex 12.6123 -1.6000 -5.4782
    endloop
endfacet
facet normal 29.7684 -4.0000 -9.5308
    outer loop
        vertex 12.6123 0.0000 -5.4782
        vertex 12.8000 -1.6000 -5.3856
        vertex 12.8000 0.0000 -5.3856
    endloop
endfacet
facet normal 29.7096 -4.0000 -9.5648
    outer loop
        vertex 12.9741 -1.6000 -5.2694
        vertex 12.8000 0.0000 -5.3856
        vertex 12.8000 -1.6000 -5.3856
    endloop
endfacet
facet normal 29.7096 -4.0000 -9.5648
    outer loop
        vertex 12.8000 0.0000 -5.3856
        vertex 12.9741 -1.6000 -5.2694
        vertex 12.9741 0.0000 -5.2694
    endloop
endfacet
facet normal 29.6548 -4.0000 -9.6068
    outer loop
        vertex 13.1314 -1.6000 -5.1314
        vertex 12.9741 0.0000 -5.2694
        vertex 12.9741 -1.6000 -5.2694
    endloop
endfacet
facet normal 29.6548 -4.0000 -9.6068
    outer loop
        vertex 12.9741 0.0000 -5.2694
        vertex 13.1314 -1.6000 -5.1314
        vertex 13.1314 0.0000 -5.1314
    endloop
endfacet
facet normal 29.6068 -4.0000 -9.6548
    outer loop
        vertex 13.2694 -1.6000 -4.9741
        vertex 13.1314 0.0000 -5.1314
        vertex 13.1314 -1.6000 -5.1314
    endloop
endfacet
facet normal 29.6068 -4.0000 -9.6548
    outer loop
        vertex 13.1314 0.0000 -5.1314
        vertex 13.2694 -1.6000 -4.9741
        vertex 13.2694 0.0000 -4.9741
    endloop
endfacet
facet normal 29.5648 -4.0000 -9.7096
    outer loop
        vertex 13.3856 -1.6000 -4.8000
        vertex 13.2694 0.0000 -4.9741
        vertex 13.2694 -1.6000 -4.9741
    endloop
endfacet
facet normal 29.5648 -4.0000 -9.7096
    outer loop
        vertex 13.2694 0.0000 -4.9741
        vertex 13.3856 -1.6000 -4.8000
        vertex 13.3856 0.0000 -4.8000
    endloop
endfacet
facet normal 29.5308 -4.0000 -9.7684
    outer loop
        vertex 13.4782 -1.6000 -4.6123
        vertex 13.3856 0.0000 -4.8000
        vertex 13.3856 -1.6000 -4.8000
    endloop
endfacet
facet normal 29.5308 -4.0000 -9.7684
    outer loop
        vertex 13.3856 0.0000 -4.8000
        vertex 13.4782 -1.6000 -4.6123
        vertex 13.4782 0.0000 -4.6123
    endloop
endfacet
facet normal 29.5044 -4.0000 -9.8320
    outer loop
        vertex 13.5454 -1.6000 -4.4141
        vertex 13.4782 0.0000 -4.6123
        vertex 13.4782 -1.6000 -4.6123
    endloop
endfacet
facet normal 29.5044 -4.0000 -9.8320
    outer loop
        vertex 13.4782 0.0000 -4.6123
        vertex 13.5454 -1.6000 -4.4141
        vertex 13.5454 0.0000 -4.4141
    endloop
endfacet
facet normal 29.4868 -4.0000 -9.8980
    outer loop
        vertex 13.5862 -1.6000 -4.2088
        vertex 13.5454 0.0000 -4.4141
        vertex 13.5454 -1.6000 -4.4141
    endloop
endfacet
facet normal 29.4868 -4.0000 -9.8980
    outer loop
        vertex 13.5454 0.0000 -4.4141
        vertex 13.5862 -1.6000 -4.2088
        vertex 13.5862 0.0000 -4.2088
    endloop
endfacet
facet normal 29.4780 -4.0000 -9.9656
    outer loop
        vertex 13.6000 -1.6000 -4.0000
        vertex 13.5862 0.0000 -4.2088
        vertex 13.5862 -1.6000 -4.2088
    endloop
endfacet
facet normal 29.4780 -4.0000 -9.9656
    outer loop
        vertex 13.5862 0.0000 -4.2088
        vertex 13.6000 -1.6000 -4.0000
        vertex 13.6000 0.0000 -4.0000
    endloop
endfacet
facet normal 30.7830 -4.0000 -9.9484
    outer loop
        vertex 14.3794 -1.6000 -3.6868
        vertex 14.4000 -1.6000 -4.0000
        vertex 14.4000 0.0000 -4.0000
    endloop
endfacet
facet normal 30.7830 -4.0000 -9.9484
    outer loop
        vertex 14.4000 0.0000 -4.0000
        vertex 14.3794 0.0000 -3.6868
        vertex 14.3794 -1.6000 -3.6868
    endloop
endfacet
facet normal 30.7698 -4.0000 -9.8470
    outer loop
        vertex 14.3182 -1.6000 -3.3789
        vertex 14.3794 -1.6000 -3.6868
        vertex 14.3794 0.0000 -3.6868
    endloop
endfacet
facet normal 30.7698 -4.0000 -9.8470
    outer loop
        vertex 14.3794 0.0000 -3.6868
        vertex 14.3182 0.0000 -3.3789
        vertex 14.3182 -1.6000 -3.3789
    endloop
endfacet
facet normal 30.7434 -4.0000 -9.7480
    outer loop
        vertex 14.2174 -1.6000 -3.0815
        vertex 14.3182 -1.6000 -3.3789
        vertex 14.3182 0.0000 -3.3789
    endloop
endfacet
facet normal 30.7434 -4.0000 -9.7480
    outer loop
        vertex 14.3182 0.0000 -3.3789
        vertex 14.2174 0.0000 -3.0815
        vertex 14.2174 -1.6000 -3.0815
    endloop
endfacet
facet normal 30.7038 -4.0000 -9.6526
    outer loop
        vertex 14.0784 -1.6000 -2.8000
        vertex 14.2174 -1.6000 -3.0815
        vertex 14.2174 0.0000 -3.0815
    endloop
endfacet
facet normal 30.7038 -4.0000 -9.6526
    outer loop
        vertex 14.2174 0.0000 -3.0815
        vertex 14.0784 0.0000 -2.8000
        vertex 14.0784 -1.6000 -2.8000
    endloop
endfacet
facet normal 30.6528 -4.0000 -9.5644
    outer loop
        vertex 13.9042 -1.6000 -2.5389
        vertex 14.0784 -1.6000 -2.8000
        vertex 14.0784 0.0000 -2.8000
    endloop
endfacet
facet normal 30.6528 -4.0000 -9.5644
    outer loop
        vertex 14.0784 0.0000 -2.8000
        vertex 13.9042 0.0000 -2.5389
        vertex 13.9042 -1.6000 -2.5389
    endloop
endfacet
facet normal 30.5898 -4.0000 -9.4822
    outer loop
        vertex 13.6970 -1.6000 -2.3030
        vertex 13.9042 -1.6000 -2.5389
        vertex 13.9042 0.0000 -2.5389
    endloop
endfacet
facet normal 30.5898 -4.0000 -9.4822
    outer loop
        vertex 13.9042 0.0000 -2.5389
        vertex 13.6970 0.0000 -2.3030
        vertex 13.6970 -1.6000 -2.3030
    endloop
endfacet
facet normal 30.5178 -4.0000 -9.4102
    outer loop
        vertex 13.4611 -1.6000 -2.0958
        vertex 13.6970 -1.6000 -2.3030
        vertex 13.6970 0.0000 -2.3030
    endloop
endfacet
facet normal 30.5178 -4.0000 -9.4102
    outer loop
        vertex 13.6970 0.0000 -2.3030
        vertex 13.4611 0.0000 -2.0958
        vertex 13.4611 -1.6000 -2.0958
    endloop
endfacet
facet normal 30.4356 -4.0000 -9.3472
    outer loop
        vertex 13.2000 -1.6000 -1.9216
        vertex 13.4611 -1.6000 -2.0958
        vertex 13.4611 0.0000 -2.0958
    endloop
endfacet
facet normal 30.4356 -4.0000 -9.3472
    outer loop
        vertex 13.4611 0.0000 -2.0958
        vertex 13.2000 0.0000 -1.9216
        vertex 13.2000 -1.6000 -1.9216
    endloop
endfacet
facet normal 30.3474 -4.0000 -9.2962
    outer loop
        vertex 12.9185 -1.6000 -1.7826
        vertex 13.2000 -1.6000 -1.9216
        vertex 13.2000 0.0000 -1.9216
    endloop
endfacet
facet normal 30.3474 -4.0000 -9.2962
    outer loop
        vertex 13.2000 0.0000 -1.9216
        vertex 12.9185 0.0000 -1.7826
        vertex 12.9185 -1.6000 -1.7826
    endloop
endfacet
facet normal 30.2520 -4.0000 -9.2566
    outer loop
        vertex 12.6211 -1.6000 -1.6818
        vertex 12.9185 -1.6000 -1.7826
        vertex 12.9185 0.0000 -1.7826
    endloop
endfacet
facet normal 30.2520 -4.0000 -9.2566
    outer loop
        vertex 12.9185 0.0000 -1.7826
        vertex 12.6211 0.0000 -1.6818
        vertex 12.6211 -1.6000 -1.6818
    endloop
endfacet
facet normal 30.1530 -4.0000 -9.2302
    outer loop
        vertex 12.3132 -1.6000 -1.6206
        vertex 12.6211 -1.6000 -1.6818
        vertex 12.6211 0.0000 -1.6818
    endloop
endfacet
facet normal 30.1530 -4.0000 -9.2302
    outer loop
        vertex 12.6211 0.0000 -1.6818
        vertex 12.3132 0.0000 -1.6206
        vertex 12.3132 -1.6000 -1.6206
    endloop
endfacet
facet normal 30.0516 -4.0000 -9.2170
    outer loop
        vertex 12.0000 -1.6000 -1.6000
        vertex 12.3132 -1.6000 -1.6206
        vertex 12.3132 0.0000 -1.6206
    endloop
endfacet
facet normal 30.0516 -4.0000 -9.2170
    outer loop
        vertex 12.3132 0.0000 -1.6206
        vertex 12.0000 0.0000 -1.6000
        vertex 12.0000 -1.6000 -1.6000
    endloop
endfacet
facet normal 29.9484 -4.0000 -9.2170
    outer loop
        vertex 11.6868 -1.6000 -1.6206
        vertex 12.0000 -1.6000 -1.6000
        vertex 12.0000 0.0000 -1.6000
    endloop
endfacet
facet normal 29.9484 -4.0000 -9.2170
    outer loop
        vertex 12.0000 0.0000 -1.6000
        vertex 11.6868 0.0000 -1.6206
        vertex 11.6868 -1.6000 -1.6206
    endloop
endfacet
facet normal 29.8470 -4.0000 -9.2302
    outer loop
        vertex 11.3789 -1.6000 -1.6818
        vertex 11.6868 -1.6000 -1.6206
        vertex 11.6868 0.0000 -1.6206
    endloop
endfacet
facet normal 29.8470 -4.0000 -9.2302
    outer loop
        vertex 11.6868 0.0000 -1.6206
        vertex 11.3789 0.0000 -1.6818
        vertex 11.3789 -1.6000 -1.6818
    endloop
endfacet
facet normal 29.7480 -4.0000 -9.2566
    outer loop
        vertex 11.0815 -1.6000 -1.7826
        vertex 11.3789 -1.6000 -1.6818
        vertex 11.3789 0.0000 -1.6818
    endloop
endfacet
facet normal 29.7480 -4.0000 -9.2566
    outer loop
        vertex 11.3789 0.0000 -1.6818
        vertex 11.0815 0.0000 -1.7826
        vertex 11.0815 -1.6000 -1.7826
    endloop
endfacet
facet normal 29.6526 -4.0000 -9.2962
    outer loop
        vertex 10.8000 -1.6000 -1.9216
        vertex 11.0815 -1.6000 -1.7826
        vertex 11.0815 0.0000 -1.7826
    endloop
endfacet
facet normal 29.6526 -4.0000 -9.2962
    outer loop
        vertex 11.0815 0.0000 -1.7826
        vertex 10.8000 0.0000 -1.9216
        vertex 10.8000 -1.6000 -1.9216
    endloop
endfacet
facet normal 29.5644 -4.0000 -9.3472
    outer loop
        vertex 10.5389 -1.6000 -2.0958
        vertex 10.8000 -1.6000 -1.9216
        vertex 10.8000 0.0000 -1.9216
    endloop
endfacet
facet normal 29.5644 -4.0000 -9.3472
    outer loop
        vertex 10.8000 0.0000 -1.9216
        vertex 10.5389 0.0000 -2.0958
        vertex 10.5389 -1.6000 -2.0958
    endloop
endfacet
facet normal 29.4822 -4.0000 -9.4102
    outer loop
        vertex 10.3030 -1.6000 -2.3030
        vertex 10.5389 -1.6000 -2.0958
        vertex 10.5389 0.0000 -2.0958
    endloop
endfacet
facet normal 29.4822 -4.0000 -9.4102
    outer loop
        vertex 10.5389 0.0000 -2.0958
        vertex 10.3030 0.0000 -2.3030
        vertex 10.3030 -1.6000 -2.3030
    endloop
endfacet
facet normal 29.4102 -4.0000 -9.4822
    outer loop
        vertex 10.0958 -1.6000 -2.5389
        vertex 10.3030 -1.6000 -2.3030
        vertex 10.3030 0.0000 -2.3030
    endloop
endfacet
facet normal 29.4102 -4.0000 -9.4822
    outer loop
        vertex 10.3030 0.0000 -2.3030
        vertex 10.0958 0.0000 -2.5389
        vertex 10.0958 -1.6000 -2.5389
    endloop
endfacet
facet normal 29.3472 -4.0000 -9.5644
    outer loop
        vertex 9.9216 -1.6000 -2.8000
        vertex 10.0958 -1.6000 -2.5389
        vertex 10.0958 0.0000 -2.5389
    endloop
endfacet
facet normal 29.3472 -4.0000 -9.5644
    outer loop
        vertex 10.0958 0.0000 -2.5389
        vertex 9.9216 0.0000 -2.8000
        vertex 9.9216 -1.6000 -2.8000
    endloop
endfacet
facet normal 29.2962 -4.0000 -9.6526
    outer loop
        vertex 9.7826 -1.6000 -3.0815
        vertex 9.9216 -1.6000 -2.8000
        vertex 9.9216 0.0000 -2.8000
    endloop
endfacet
facet normal 29.2962 -4.0000 -9.6526
    outer loop
        vertex 9.9216 0.0000 -2.8000
        vertex 9.7826 0.0000 -3.0815
        vertex 9.7826 -1.6000 -3.0815
    endloop
endfacet
facet normal 29.2566 -4.0000 -9.7480
    outer loop
        vertex 9.6818 -1.6000 -3.3789
        vertex 9.7826 -1.6000 -3.0815
        vertex 9.7826 0.0000 -3.0815
    endloop
endfacet
facet normal 29.2566 -4.0000 -9.7480
    outer loop
        vertex 9.7826 0.0000 -3.0815
        vertex 9.6818 0.0000 -3.3789
        vertex 9.6818 -1.6000 -3.3789
    endloop
endfacet
facet normal 29.2302 -4.0000 -9.8470
    outer loop
        vertex 9.6206 -1.6000 -3.6868
        vertex 9.6818 -1.6000 -3.3789
        vertex 9.6818 0.0000 -3.3789
    endloop
endfacet
facet normal 29.2302 -4.0000 -9.8470
    outer loop
        vertex 9.6818 0.0000 -3.3789
        vertex 9.6206 0.0000 -3.6868
        vertex 9.6206 -1.6000 -3.6868
    endloop
endfacet
facet normal 29.2170 -4.0000 -9.9484
    outer loop
        vertex 9.6000 -1.6000 -4.0000
        vertex 9.6206 -1.6000 -3.6868
        vertex 9.6206 0.0000 -3.6868
    endloop
endfacet
facet normal 29.2170 -4.0000 -9.9484
    outer loop
        vertex 9.6206 0.0000 -3.6868
        vertex 9.6000 0.0000 -4.0000
        vertex 9.6000 -1.6000 -4.0000
    endloop
endfacet
facet normal 29.2170 -4.0000 -10.0516
    outer loop
        vertex 9.6206 -1.6000 -4.3132
        vertex 9.6000 -1.6000 -4.0000
        vertex 9.6000 0.0000 -4.0000
    endloop
endfacet
facet normal 29.2170 -4.0000 -10.0516
    outer loop
        vertex 9.6000 0.0000 -4.0000
        vertex 9.6206 0.0000 -4.3132
        vertex 9.6206 -1.6000 -4.3132
    endloop
endfacet
facet normal 29.2302 -4.0000 -10.1530
    outer loop
        vertex 9.6818 -1.6000 -4.6211
        vertex 9.6206 -1.6000 -4.3132
        vertex 9.6206 0.0000 -4.3132
    endloop
endfacet
facet normal 29.2302 -4.0000 -10.1530
    outer loop
        vertex 9.6206 0.0000 -4.3132
        vertex 9.6818 0.0000 -4.6211
        vertex 9.6818 -1.6000 -4.6211
    endloop
endfacet
facet normal 29.2566 -4.0000 -10.2520
    outer loop
        vertex 9.7826 -1.6000 -4.9185
        vertex 9.6818 -1.6000 -4.6211
        vertex 9.6818 0.0000 -4.6211
    endloop
endfacet
facet normal 29.2566 -4.0000 -10.2520
    outer loop
        vertex 9.6818 0.0000 -4.6211
        vertex 9.7826 0.0000 -4.9185
        vertex 9.7826 -1.6000 -4.9185
    endloop
endfacet
facet normal 29.2962 -4.0000 -10.3474
    outer loop
        vertex 9.9216 -1.6000 -5.2000
        vertex 9.7826 -1.6000 -4.9185
        vertex 9.7826 0.0000 -4.9185
    endloop
endfacet
facet normal 29.2962 -4.0000 -10.3474
    outer loop
        vertex 9.7826 0.0000 -4.9185
        vertex 9.9216 0.0000 -5.2000
        vertex 9.9216 -1.6000 -5.2000
    endloop
endfacet
facet normal 29.3472 -4.0000 -10.4356
    outer loop
        vertex 10.0958 -1.6000 -5.4611
        vertex 9.9216 -1.6000 -5.2000
        vertex 9.9216 0.0000 -5.2000
    endloop
endfacet
facet normal 29.3472 -4.0000 -10.4356
    outer loop
        vertex 9.9216 0.0000 -5.2000
        vertex 10.0958 0.0000 -5.4611
        vertex 10.0958 -1.6000 -5.4611
    endloop
endfacet
facet normal 29.4102 -4.0000 -10.5178
    outer loop
        vertex 10.3030 -1.6000 -5.6970
        vertex 10.0958 -1.6000 -5.4611
        vertex 10.0958 0.0000 -5.4611
    endloop
endfacet
facet normal 29.4102 -4.0000 -10.5178
    outer loop
        vertex 10.0958 0.0000 -5.4611
        vertex 10.3030 0.0000 -5.6970
        vertex 10.3030 -1.6000 -5.6970
    endloop
endfacet
facet normal 29.4822 -4.0000 -10.5898
    outer loop
        vertex 10.5389 -1.6000 -5.9042
        vertex 10.3030 -1.6000 -5.6970
        vertex 10.3030 0.0000 -5.6970
    endloop
endfacet
facet normal 29.4822 -4.0000 -10.5898
    outer loop
        vertex 10.3030 0.0000 -5.6970
        vertex 10.5389 0.0000 -5.9042
        vertex 10.5389 -1.6000 -5.9042
    endloop
endfacet
facet normal 29.5644 -4.0000 -10.6528
    outer loop
        vertex 10.8000 -1.6000 -6.0784
        vertex 10.5389 -1.6000 -5.9042
        vertex 10.5389 0.0000 -5.9042
    endloop
endfacet
facet normal 29.5644 -4.0000 -10.6528
    outer loop
        vertex 10.5389 0.0000 -5.9042
        vertex 10.8000 0.0000 -6.0784
        vertex 10.8000 -1.6000 -6.0784
    endloop
endfacet
facet normal 29.6526 -4.0000 -10.7038
    outer loop
        vertex 11.0815 -1.6000 -6.2174
        vertex 10.8000 -1.6000 -6.0784
        vertex 10.8000 0.0000 -6.0784
    endloop
endfacet
facet normal 29.6526 -4.0000 -10.7038
    outer loop
        vertex 10.8000 0.0000 -6.0784
        vertex 11.0815 0.0000 -6.2174
        vertex 11.0815 -1.6000 -6.2174
    endloop
endfacet
facet normal 29.7480 -4.0000 -10.7434
    outer loop
        vertex 11.3789 -1.6000 -6.3182
        vertex 11.0815 -1.6000 -6.2174
        vertex 11.0815 0.0000 -6.2174
    endloop
endfacet
facet normal 29.7480 -4.0000 -10.7434
    outer loop
        vertex 11.0815 0.0000 -6.2174
        vertex 11.3789 0.0000 -6.3182
        vertex 11.3789 -1.6000 -6.3182
    endloop
endfacet
facet normal 29.8470 -4.0000 -10.7698
    outer loop
        vertex 11.6868 -1.6000 -6.3794
        vertex 11.3789 -1.6000 -6.3182
        vertex 11.3789 0.0000 -6.3182
    endloop
endfacet
facet normal 29.8470 -4.0000 -10.7698
    outer loop
        vertex 11.3789 0.0000 -6.3182
        vertex 11.6868 0.0000 -6.3794
        vertex 11.6868 -1.6000 -6.3794
    endloop
endfacet
facet normal 29.9484 -4.0000 -10.7830
    outer loop
        vertex 12.0000 -1.6000 -6.4000
        vertex 11.6868 -1.6000 -6.3794
        vertex 11.6868 0.0000 -6.3794
    endloop
endfacet
facet normal 29.9484 -4.0000 -10.7830
    outer loop
        vertex 11.6868 0.0000 -6.3794
        vertex 12.0000 0.0000 -6.4000
        vertex 12.0000 -1.6000 -6.4000
    endloop
endfacet
facet normal 30.0516 -4.0000 -10.7830
    outer loop
        vertex 12.3132 -1.6000 -6.3794
        vertex 12.0000 -1.6000 -6.4000
        vertex 12.0000 0.0000 -6.4000
    endloop
endfacet
facet normal 30.0516 -4.0000 -10.7830
    outer loop
        vertex 12.0000 0.0000 -6.4000
        vertex 12.3132 0.0000 -6.3794
        vertex 12.3132 -1.6000 -6.3794
    endloop
endfacet
facet normal 30.1530 -4.0000 -10.7698
    outer loop
        vertex 12.6211 -1.6000 -6.3182
        vertex 12.3132 -1.6000 -6.3794
        vertex 12.3132 0.0000 -6.3794
    endloop
endfacet
facet normal 30.1530 -4.0000 -10.7698
    outer loop
        vertex 12.3132 0.0000 -6.3794
        vertex 12.6211 0.0000 -6.3182
        vertex 12.6211 -1.6000 -6.3182
    endloop
endfacet
facet normal 30.2520 -4.0000 -10.7434
    outer loop
        vertex 12.9185 -1.6000 -6.2174
        vertex 12.6211 -1.6000 -6.3182
        vertex 12.6211 0.0000 -6.3182
    endloop
endfacet
facet normal 30.2520 -4.0000 -10.7434
    outer loop
        vertex 12.6211 0.0000 -6.3182
        vertex 12.9185 0.0000 -6.2174
        vertex 12.9185 -1.6000 -6.2174
    endloop
endfacet
facet normal 30.3474 -4.0000 -10.7038
    outer loop
        vertex 13.2000 -1.6000 -6.0784
        vertex 12.9185 -1.6000 -6.2174
        vertex 12.9185 0.0000 -6.2174
    endloop
endfacet
facet normal 30.3474 -4.0000 -10.7038
    outer loop
        vertex 12.9185 0.0000 -6.2174
        vertex 13.2000 0.0000 -6.0784
        vertex 13.2000 -1.6000 -6.0784
    endloop
endfacet
facet normal 30.4356 -4.0000 -10.6528
    outer loop
        vertex 13.4611 -1.6000 -5.9042
        vertex 13.2000 -1.6000 -6.0784
        vertex 13.2000 0.0000 -6.0784
    endloop
endfacet
facet normal 30.4356 -4.0000 -10.6528
    outer loop
        vertex 13.2000 0.0000 -6.0784
        vertex 13.4611 0.0000 -5.9042
        vertex 13.4611 -1.6000 -5.9042
    endloop
endfacet
facet normal 30.5178 -4.0000 -10.5898
    outer loop
        vertex 13.6970 -1.6000 -5.6970
        vertex 13.4611 -1.6000 -5.9042
        vertex 13.4611 0.0000 -5.9042
    endloop
endfacet
facet normal 30.5178 -4.0000 -10.5898
    outer loop
        vertex 13.4611 0.0000 -5.9042
        vertex 13.6970 0.0000 -5.6970
        vertex 13.6970 -1.6000 -5.6970
    endloop
endfacet
facet normal 30.5898 -4.0000 -10.5178
    outer loop
        vertex 13.9042 -1.6000 -5.4611
        vertex 13.6970 -1.6000 -5.6970
        vertex 13.6970 0.0000 -5.6970
    endloop
endfacet
facet normal 30.5898 -4.0000 -10.5178
    outer loop
        vertex 13.6970 0.0000 -5.6970
        vertex 13.9042 0.0000 -5.4611
        vertex 13.9042 -1.6000 -5.4611
    endloop
endfacet
facet normal 30.6528 -4.0000 -10.4356
    outer loop
        vertex 14.0784 -1.6000 -5.2000
        vertex 13.9042 -1.6000 -5.4611
        vertex 13.9042 0.0000 -5.4611
    endloop
endfacet
facet normal 30.6528 -4.0000 -10.4356
    outer loop
        vertex 13.9042 0.0000 -5.4611
        vertex 14.0784 0.0000 -5.2000
        vertex 14.0784 -1.6000 -5.2000
    endloop
endfacet
facet normal 30.7038 -4.0000 -10.3474
    outer loop
        vertex 14.2174 -1.6000 -4.9185
        vertex 14.0784 -1.6000 -5.2000
        vertex 14.0784 0.0000 -5.2000
    endloop
endfacet
facet normal 30.7038 -4.0000 -10.3474
    outer loop
        vertex 14.0784 0.0000 -5.2000
        vertex 14.2174 0.0000 -4.9185
        vertex 14.2174 -1.6000 -4.9185
    endloop
endfacet
facet normal 30.7434 -4.0000 -10.2520
    outer loop
        vertex 14.3182 -1.6000 -4.6211
        vertex 14.2174 -1.6000 -4.9185
        vertex 14.2174 0.0000 -4.9185
    endloop
endfacet
facet normal 30.7434 -4.0000 -10.2520
    outer loop
        vertex 14.2174 0.0000 -4.9185
        vertex 14.3182 0.0000 -4.6211
        vertex 14.3182 -1.6000 -4.6211
    endloop
endfacet
facet normal 30.7698 -4.0000 -10.1530
    outer loop
        vertex 14.3794 -1.6000 -4.3132
        vertex 14.3182 -1.6000 -4.6211
        vertex 14.3182 0.0000 -4.6211
    endloop
endfacet
facet normal 30.7698 -4.0000 -10.1530
    outer loop
        vertex 14.3182 0.0000 -4.6211
        vertex 14.3794 0.0000 -4.3132
        vertex 14.3794 -1.6000 -4.3132
    endloop
endfacet
facet normal 30.7830 -4.0000 -10.0516
    outer loop
        vertex 14.4000 -1.6000 -4.0000
        vertex 14.3794 -1.6000 -4.3132
        vertex 14.3794 0.0000 -4.3132
    endloop
endfacet
facet normal 30.7830 -4.0000 -10.0516
    outer loop
        vertex 14.3794 0.0000 -4.3132
        vertex 14.4000 0.0000 -4.0000
        vertex 14.4000 -1.6000 -4.0000
    endloop
endfacet
facet normal 30.0000 -4.3915 -10.0000
    outer loop
        vertex 14.4000 -1.6000 -4.0000
        vertex 14.3794 -1.6000 -3.6868
        vertex 13.5862 -1.6000 -3.7912
    endloop
endfacet
facet normal 30.0000 -4.2610 -10.0000
    outer loop
        vertex 13.5862 -1.6000 -3.7912
        vertex 13.6000 -1.6000 -4.0000
        vertex 14.4000 -1.6000 -4.0000
    endloop
endfacet
facet normal 30.0000 -4.3916 -10.0000
    outer loop
        vertex 14.3794 -1.6000 -3.6868
        vertex 14.3182 -1.6000 -3.3789
        vertex 13.5454 -1.6000 -3.5859
    endloop
endfacet
facet normal 30.0000 -4.2610 -10.0000
    outer loop
        vertex 13.5454 -1.6000 -3.5859
        vertex 13.5862 -1.6000 -3.7912
        vertex 14.3794 -1.6000 -3.6868
    endloop
endfacet
facet normal 30.0000 -4.3916 -10.0000
    outer loop
        vertex 14.3182 -1.6000 -3.3789
        vertex 14.2174 -1.6000 -3.0815
        vertex 13.4782 -1.6000 -3.3877
    endloop
endfacet
facet normal 30.0000 -4.2611 -10.0000
    outer loop
        vertex 13.4782 -1.6000 -3.3877
        vertex 13.5454 -1.6000 -3.5859
        vertex 14.3182 -1.6000 -3.3789
    endloop
endfacet
facet normal 30.0000 -4.3916 -10.0000
    outer loop
        vertex 14.2174 -1.6000 -3.0815
        vertex 14.0784 -1.6000 -2.8000
        vertex 13.3856 -1.6000 -3.2000
    endloop
endfacet
facet normal 30.0000 -4.2611 -10.0000
    outer loop
        vertex 13.3856 -1.6000 -3.2000
        vertex 13.4782 -1.6000 -3.3877
        vertex 14.2174 -1.6000 -3.0815
    endloop
endfacet
facet normal 30.0000 -4.3916 -10.0000
    outer loop
        vertex 14.0784 -1.6000 -2.8000
        vertex 13.9042 -1.6000 -2.5389
        vertex 13.2694 -1.6000 -3.0259
    endloop
endfacet
facet normal 30.0000 -4.2610 -10.0000
    outer loop
        vertex 13.2694 -1.6000 -3.0259
        vertex 13.3856 -1.6000 -3.2000
        vertex 14.0784 -1.6000 -2.8000
    endloop
endfacet
facet normal 30.0000 -4.3916 -10.0000
    outer loop
        vertex 13.9042 -1.6000 -2.5389
        vertex 13.6970 -1.6000 -2.3030
        vertex 13.1314 -1.6000 -2.8686
    endloop
endfacet
facet normal 30.0000 -4.2611 -10.0000
    outer loop
        vertex 13.1314 -1.6000 -2.8686
        vertex 13.2694 -1.6000 -3.0259
        vertex 13.9042 -1.6000 -2.5389
    endloop
endfacet
facet normal 30.0000 -4.3916 -10.0000
    outer loop
        vertex 13.6970 -1.6000 -2.3030
        vertex 13.4611 -1.6000 -2.0958
        vertex 12.9741 -1.6000 -2.7306
    endloop
endfacet
facet normal 30.0000 -4.2611 -10.0000
    outer loop
        vertex 12.9741 -1.6000 -2.7306
        vertex 13.1314 -1.6000 -2.8686
        vertex 13.6970 -1.6000 -2.3030
    endloop
endfacet
facet normal 30.0000 -4.3916 -10.0000
    outer loop
        vertex 13.4611 -1.6000 -2.0958
        vertex 13.2000 -1.6000 -1.9216
        vertex 12.8000 -1.6000 -2.6144
    endloop
endfacet
facet normal 30.0000 -4.2610 -10.0000
    outer loop
        vertex 12.8000 -1.6000 -2.6144
        vertex 12.9741 -1.6000 -2.7306
        vertex 13.4611 -1.6000 -2.0958
    endloop
endfacet
facet normal 30.0000 -4.3916 -10.0000
    outer loop
        vertex 13.2000 -1.6000 -1.9216
        vertex 12.9185 -1.6000 -1.7826
        vertex 12.6123 -1.6000 -2.5218
    endloop
endfacet
facet normal 30.0000 -4.2611 -10.0000
    outer loop
        vertex 12.6123 -1.6000 -2.5218
        vertex 12.8000 -1.6000 -2.6144
        vertex 13.2000 -1.6000 -1.9216
    endloop
endfacet
facet normal 30.0000 -4.3916 -10.0000
    outer loop
        vertex 12.9185 -1.6000 -1.7826
        vertex 12.6211 -1.6000 -1.6818
        vertex 12.4141 -1.6000 -2.4546
    endloop
endfacet
facet normal 30.0000 -4.2611 -10.0000
    outer loop
        vertex 12.4141 -1.6000 -2.4546
        vertex 12.6123 -1.6000 -2.5218
        vertex 12.9185 -1.6000 -1.7826
    endloop
endfacet
facet normal 30.0000 -4.3916 -10.0000
    outer loop
        vertex 12.6211 -1.6000 -1.6818
        vertex 12.3132 -1.6000 -1.6206
        vertex 12.2088 -1.6000 -2.4138
    endloop
endfacet
facet normal 30.0000 -4.2610 -10.0000
    outer loop
        vertex 12.2088 -1.6000 -2.4138
        vertex 12.4141 -1.6000 -2.4546
        vertex 12.6211 -1.6000 -1.6818
    endloop
endfacet
facet normal 30.0000 -4.3915 -10.0000
    outer loop
        vertex 12.3132 -1.6000 -1.6206
        vertex 12.0000 -1.6000 -1.6000
        vertex 12.0000 -1.6000 -2.4000
    endloop
endfacet
facet normal 30.0000 -4.2610 -10.0000
    outer loop
        vertex 12.0000 -1.6000 -2.4000
        vertex 12.2088 -1.6000 -2.4138
        vertex 12.3132 -1.6000 -1.6206
    endloop
endfacet
facet normal 30.0000 -4.3915 -10.0000
    outer loop
        vertex 12.0000 -1.6000 -1.6000
        vertex 11.6868 -1.6000 -1.6206
        vertex 11.7912 -1.6000 -2.4138
    endloop
endfacet
facet normal 30.0000 -4.2610 -10.0000
    outer loop
        vertex 11.7912 -1.6000 -2.4138
        vertex 12.0000 -1.6000 -2.4000
        vertex 12.0000 -1.6000 -1.6000
    endloop
endfacet
facet normal 30.0000 -4.3916 -10.0000
    outer loop
        vertex 11.6868 -1.6000 -1.6206
        vertex 11.3789 -1.6000 -1.6818
        vertex 11.5859 -1.6000 -2.4546
    endloop
endfacet
facet normal 30.0000 -4.2610 -10.0000
    outer loop
        vertex 11.5859 -1.6000 -2.4546
        vertex 11.7912 -1.6000 -2.4138
        vertex 11.6868 -1.6000 -1.6206
    endloop
endfacet
facet normal 30.0000 -4.3916 -10.0000
    outer loop
        vertex 11.3789 -1.6000 -1.6818
        vertex 11.0815 -1.6000 -1.7826
        vertex 11.3877 -1.6000 -2.5218
    endloop
endfacet
facet normal 30.0000 -4.2611 -10.0000
    outer loop
        vertex 11.3877 -1.6000 -2.5218
        vertex 11.5859 -1.6000 -2.4546
        vertex 11.3789 -1.6000 -1.6818
    endloop
endfacet
facet normal 30.0000 -4.3916 -10.0000
    outer loop
        vertex 11.0815 -1.6000 -1.7826
        vertex 10.8000 -1.6000 -1.9216
        vertex 11.2000 -1.6000 -2.6144
    endloop
endfacet
facet normal 30.0000 -4.2611 -10.0000
    outer loop
        vertex 11.2000 -1.6000 -2.6144
        vertex 11.3877 -1.6000 -2.5218
        vertex 11.0815 -1.6000 -1.7826
    endloop
endfacet
facet normal 30.0000 -4.3916 -10.0000
    outer loop
        vertex 10.8000 -1.6000 -1.9216
        vertex 10.5389 -1.6000 -2.0958
        vertex 11.0259 -1.6000 -2.7306
    endloop
endfacet
facet normal 30.0000 -4.2610 -10.0000
    outer loop
        vertex 11.0259 -1.6000 -2.7306
        vertex 11.2000 -1.6000 -2.6144
        vertex 10.8000 -1.6000 -1.9216
    endloop
endfacet
facet normal 30.0000 -4.3916 -10.0000
    outer loop
        vertex 10.5389 -1.6000 -2.0958
        vertex 10.3030 -1.6000 -2.3030
        vertex 10.8686 -1.6000 -2.8686
    endloop
endfacet
facet normal 30.0000 -4.2611 -10.0000
    outer loop
        vertex 10.8686 -1.6000 -2.8686
        vertex 11.0259 -1.6000 -2.7306
        vertex 10.5389 -1.6000 -2.0958
    endloop
endfacet
facet normal 30.0000 -4.3916 -10.0000
    outer loop
        vertex 10.3030 -1.6000 -2.3030
        vertex 10.0958 -1.6000 -2.5389
        vertex 10.7306 -1.6000 -3.0259
    endloop
endfacet
facet normal 30.0000 -4.2611 -10.0000
    outer loop
        vertex 10.7306 -1.6000 -3.0259
        vertex 10.8686 -1.6000 -2.8686
        vertex 10.3030 -1.6000 -2.3030
    endloop
endfacet
facet normal 30.0000 -4.3916 -10.0000
    outer loop
        vertex 10.0958 -1.6000 -2.5389
        vertex 9.9216 -1.6000 -2.8000
        vertex 10.6144 -1.6000 -3.2000
    endloop
endfacet
facet normal 30.0000 -4.2610 -10.0000
    outer loop
        vertex 10.6144 -1.6000 -3.2000
        vertex 10.7306 -1.6000 -3.0259
        vertex 10.0958 -1.6000 -2.5389
    endloop
endfacet
facet normal 30.0000 -4.3916 -10.0000
    outer loop
        vertex 9.9216 -1.6000 -2.8000
        vertex 9.7826 -1.6000 -3.0815
        vertex 10.5218 -1.6000 -3.3877
    endloop
endfacet
facet normal 30.0000 -4.2611 -10.0000
    outer loop
        vertex 10.5218 -1.6000 -3.3877
        vertex 10.6144 -1.6000 -3.2000
        vertex 9.9216 -1.6000 -2.8000
    endloop
endfacet
facet normal 30.0000 -4.3916 -10.0000
    outer loop
        vertex 9.7826 -1.6000 -3.0815
        vertex 9.6818 -1.6000 -3.3789
        vertex 10.4546 -1.6000 -3.5859
    endloop
endfacet
facet normal 30.0000 -4.2611 -10.0000
    outer loop
        vertex 10.4546 -1.6000 -3.5859
        vertex 10.5218 -1.6000 -3.3877
        vertex 9.7826 -1.6000 -3.0815
    endloop
endfacet
facet normal 30.0000 -4.3916 -10.0000
    outer loop
        vertex 9.6818 -1.6000 -3.3789
        vertex 9.6206 -1.6000 -3.6868
        vertex 10.4138 -1.6000 -3.7912
    endloop
endfacet
facet normal 30.0000 -4.2610 -10.0000
    outer loop
        vertex 10.4138 -1.6000 -3.7912
        vertex 10.4546 -1.6000 -3.5859
        vertex 9.6818 -1.6000 -3.3789
    endloop
endfacet
facet normal 30.0000 -4.3915 -10.0000
    outer loop
        vertex 9.6206 -1.6000 -3.6868
        vertex 9.6000 -1.6000 -4.0000
        vertex 10.4000 -1.6000 -4.0000
    endloop
endfacet
facet normal 30.0000 -4.2610 -10.0000
    outer loop
        vertex 10.4000 -1.6000 -4.0000
        vertex 10.4138 -1.6000 -3.7912
        vertex 9.6206 -1.6000 -3.6868
    endloop
endfacet
facet normal 30.0000 -4.3915 -10.0000
    outer loop
        vertex 9.6000 -1.6000 -4.0000
        vertex 9.6206 -1.6000 -4.3132
        vertex 10.4138 -1.6000 -4.2088
    endloop
endfacet
facet normal 30.0000 -4.2610 -10.0000
    outer loop
        vertex 10.4138 -1.6000 -4.2088
        vertex 10.4000 -1.6000 -4.0000
        vertex 9.6000 -1.6000 -4.0000
    endloop
endfacet
facet normal 30.0000 -4.3916 -10.0000
    outer loop
        vertex 9.6206 -1.6000 -4.3132
        vertex 9.6818 -1.6000 -4.6211
        vertex 10.4546 -1.6000 -4.4141
    endloop
endfacet
facet normal 30.0000 -4.2610 -10.0000
    outer loop
        vertex 10.4546 -1.6000 -4.4141
        vertex 10.4138 -1.6000 -4.2088
        vertex 9.6206 -1.6000 -4.3132
    endloop
endfacet
facet normal 30.0000 -4.3916 -10.0000
    outer loop
        vertex 9.6818 -1.6000 -4.6211
        vertex 9.7826 -1.6000 -4.9185
        vertex 10.5218 -1.6000 -4.6123
    endloop
endfacet
facet normal 30.0000 -4.2611 -10.0000
    outer loop
        vertex 10.5218 -1.6000 -4.6123
        vertex 10.4546 -1.6000 -4.4141
        vertex 9.6818 -1.6000 -4.6211
    endloop
endfacet
facet normal 30.0000 -4.3916 -10.0000
    outer loop
        vertex 9.7826 -1.6000 -4.9185
        vertex 9.9216 -1.6000 -5.2000
        vertex 10.6144 -1.6000 -4.8000
    endloop
endfacet
facet normal 30.0000 -4.2611 -10.0000
    outer loop
        vertex 10.6144 -1.6000 -4.8000
        vertex 10.5218 -1.6000 -4.6123
        vertex 9.7826 -1.6000 -4.9185
    endloop
endfacet
facet normal 30.0000 -4.3916 -10.0000
    outer loop
        vertex 9.9216 -1.6000 -5.2000
        vertex 10.0958 -1.6000 -5.4611
        vertex 10.7306 -1.6000 -4.9741
    endloop
endfacet
facet normal 30.0000 -4.2610 -10.0000
    outer loop
        vertex 10.7306 -1.6000 -4.9741
        vertex 10.6144 -1.6000 -4.8000
        vertex 9.9216 -1.6000 -5.2000
    endloop
endfacet
facet normal 30.0000 -4.3916 -10.0000
    outer loop
        vertex 10.0958 -1.6000 -5.4611
        vertex 10.3030 -1.6000 -5.6970
        vertex 10.8686 -1.6000 -5.1314
    endloop
endfacet
facet normal 30.0000 -4.2611 -10.0000
    outer loop
        vertex 10.8686 -1.6000 -5.1314
        vertex 10.7306 -1.6000 -4.9741
        vertex 10.0958 -1.6000 -5.4611
    endloop
endfacet
facet normal 30.0000 -4.3916 -10.0000
    outer loop
        vertex 10.3030 -1.6000 -5.6970
        vertex 10.5389 -1.6000 -5.9042
        vertex 11.0259 -1.6000 -5.2694
    endloop
endfacet
facet normal 30.0000 -4.2611 -10.0000
    outer loop
        vertex 11.0259 -1.6000 -5.2694
        vertex 10.8686 -1.6000 -5.1314
        vertex 10.3030 -1.6000 -5.6970
    endloop
endfacet
facet normal 30.0000 -4.3916 -10.0000
    outer loop
        vertex 10.5389 -1.6000 -5.9042
        vertex 10.8000 -1.6000 -6.0784
        vertex 11.2000 -1.6000 -5.3856
    endloop
endfacet
facet normal 30.0000 -4.2610 -10.0000
    outer loop
        vertex 11.2000 -1.6000 -5.3856
        vertex 11.0259 -1.6000 -5.2694
        vertex 10.5389 -1.6000 -5.9042
    endloop
endfacet
facet normal 30.0000 -4.3916 -10.0000
    outer loop
        vertex 10.8000 -1.6000 -6.0784
        vertex 11.0815 -1.6000 -6.2174
        vertex 11.3877 -1.6000 -5.4782
    endloop
endfacet
facet normal 30.0000 -4.2611 -10.0000
    outer loop
        vertex 11.3877 -1.6000 -5.4782
        vertex 11.2000 -1.6000 -5.3856
        vertex 10.8000 -1.6000 -6.0784
    endloop
endfacet
facet normal 30.0000 -4.3916 -10.0000
    outer loop
        vertex 11.0815 -1.6000 -6.2174
        vertex 11.3789 -1.6000 -6.3182
        vertex 11.5859 -1.6000 -5.5454
    endloop
endfacet
facet normal 30.0000 -4.2611 -10.0000
    outer loop
        vertex 11.5859 -1.6000 -5.5454
        vertex 11.3877 -1.6000 -5.4782
        vertex 11.0815 -1.6000 -6.2174
    endloop
endfacet
facet normal 30.0000 -4.3916 -10.0000
    outer loop
        vertex 11.3789 -1.6000 -6.3182
        vertex 11.6868 -1.6000 -6.3794
        vertex 11.7912 -1.6000 -5.5862
    endloop
endfacet
facet normal 30.0000 -4.2610 -10.0000
    outer loop
        vertex 11.7912 -1.6000 -5.5862
        vertex 11.5859 -1.6000 -5.5454
        vertex 11.3789 -1.6000 -6.3182
    endloop
endfacet
facet normal 30.0000 -4.3915 -10.0000
    outer loop
        vertex 11.6868 -1.6000 -6.3794
        vertex 12.0000 -1.6000 -6.4000
        vertex 12.0000 -1.6000 -5.6000
    endloop
endfacet
facet normal 30.0000 -4.2610 -10.0000
    outer loop
        vertex 12.0000 -1.6000 -5.6000
        vertex 11.7912 -1.6000 -5.5862
        vertex 11.6868 -1.6000 -6.3794
    endloop
endfacet
facet normal 30.0000 -4.3915 -10.0000
    outer loop
        vertex 12.0000 -1.6000 -6.4000
        vertex 12.3132 -1.6000 -6.3794
        vertex 12.2088 -1.6000 -5.5862
    endloop
endfacet
facet normal 30.0000 -4.2610 -10.0000
    outer loop
        vertex 12.2088 -1.6000 -5.5862
        vertex 12.0000 -1.6000 -5.6000
        vertex 12.0000 -1.6000 -6.4000
    endloop
endfacet
facet normal 30.0000 -4.3916 -10.0000
    outer loop
        vertex 12.3132 -1.6000 -6.3794
        vertex 12.6211 -1.6000 -6.3182
        vertex 12.4141 -1.6000 -5.5454
    endloop
endfacet
facet normal 30.0000 -4.2610 -10.0000
    outer loop
        vertex 12.4141 -1.6000 -5.5454
        vertex 12.2088 -1.6000 -5.5862
        vertex 12.3132 -1.6000 -6.3794
    endloop
endfacet
facet normal 30.0000 -4.3916 -10.0000
    outer loop
        vertex 12.6211 -1.6000 -6.3182
        vertex 12.9185 -1.6000 -6.2174
        vertex 12.6123 -1.6000 -5.4782
    endloop
endfacet
facet normal 30.0000 -4.2611 -10.0000
    outer loop
        vertex 12.6123 -1.6000 -5.4782
        vertex 12.4141 -1.6000 -5.5454
        vertex 12.6211 -1.6000 -6.3182
    endloop
endfacet
facet normal 30.0000 -4.3916 -10.0000
    outer loop
        vertex 12.9185 -1.6000 -6.2174
        vertex 13.2000 -1.6000 -6.0784
        vertex 12.8000 -1.6000 -5.3856
    endloop
endfacet
facet normal 30.0000 -4.2611 -10.0000
    outer loop
        vertex 12.8000 -1.6000 -5.3856
        vertex 12.6123 -1.6000 -5.4782
        vertex 12.9185 -1.6000 -6.2174
    endloop
endfacet
facet normal 30.0000 -4.3916 -10.0000
    outer loop
        vertex 13.2000 -1.6000 -6.0784
        vertex 13.4611 -1.6000 -5.9042
        vertex 12.9741 -1.6000 -5.2694
    endloop
endfacet
facet normal 30.0000 -4.2610 -10.0000
    outer loop
        vertex 12.9741 -1.6000 -5.2694
        vertex 12.8000 -1.6000 -5.3856
        vertex 13.2000 -1.6000 -6.0784
    endloop
endfacet
facet normal 30.0000 -4.3916 -10.0000
    outer loop
        vertex 13.4611 -1.6000 -5.9042
        vertex 13.6970 -1.6000 -5.6970
        vertex 13.1314 -1.6000 -5.1314
    endloop
endfacet
facet normal 30.0000 -4.2611 -10.0000
    outer loop
        vertex 13.1314 -1.6000 -5.1314
        vertex 12.9741 -1.6000 -5.2694
        vertex 13.4611 -1.6000 -5.9042
    endloop
endfacet
facet normal 30.0000 -4.3916 -10.0000
    outer loop
        vertex 13.6970 -1.6000 -5.6970
        vertex 13.9042 -1.6000 -5.4611
        vertex 13.2694 -1.6000 -4.9741
    endloop
endfacet
facet normal 30.0000 -4.2611 -10.0000
    outer loop
        vertex 13.2694 -1.6000 -4.9741
        vertex 13.1314 -1.6000 -5.1314
        vertex 13.6970 -1.6000 -5.6970
    endloop
endfacet
facet normal 30.0000 -4.3916 -10.0000
    outer loop
        vertex 13.9042 -1.6000 -5.4611
        vertex 14.0784 -1.6000 -5.2000
        vertex 13.3856 -1.6000 -4.8000
    endloop
endfacet
facet normal 30.0000 -4.2610 -10.0000
    outer loop
        vertex 13.3856 -1.6000 -4.8000
        vertex 13.2694 -1.6000 -4.9741
        vertex 13.9042 -1.6000 -5.4611
    endloop
endfacet
facet normal 30.0000 -4.3916 -10.0000
    outer loop
        vertex 14.0784 -1.6000 -5.2000
        vertex 14.2174 -1.6000 -4.9185
        vertex 13.4782 -1.6000 -4.6123
    endloop
endfacet
facet normal 30.0000 -4.2611 -10.0000
    outer loop
        vertex 13.4782 -1.6000 -4.6123
        vertex 13.3856 -1.6000 -4.8000
        vertex 14.0784 -1.6000 -5.2000
    endloop
endfacet
facet normal 30.0000 -4.3916 -10.0000
    outer loop
        vertex 14.2174 -1.6000 -4.9185
        vertex 14.3182 -1.6000 -4.6211
        vertex 13.5454 -1.6000 -4.4141
    endloop
endfacet
facet normal 30.0000 -4.2611 -10.0000
    outer loop
        vertex 13.5454 -1.6000 -4.4141
        vertex 13.4782 -1.6000 -4.6123
        vertex 14.2174 -1.6000 -4.9185
    endloop
endfacet
facet normal 30.0000 -4.3916 -10.0000
    outer loop
        vertex 14.3182 -1.6000 -4.6211
        vertex 14.3794 -1.6000 -4.3132
        vertex 13.5862 -1.6000 -4.2088
    endloop
endfacet
facet normal 30.0000 -4.2610 -10.0000
    outer loop
        vertex 13.5862 -1.6000 -4.2088
        vertex 13.5454 -1.6000 -4.4141
        vertex 14.3182 -1.6000 -4.6211
    endloop
endfacet
facet normal 30.0000 -4.3915 -10.0000
    outer loop
        vertex 14.3794 -1.6000 -4.3132
        vertex 14.4000 -1.6000 -4.0000
        vertex 13.6000 -1.6000 -4.0000
    endloop
endfacet
facet normal 30.0000 -4.2610 -10.0000
    outer loop
        vertex 13.6000 -1.6000 -4.0000
        vertex 13.5862 -1.6000 -4.2088
        vertex 14.3794 -1.6000 -4.3132
    endloop
endfacet
facet normal 49.4780 -4.0000 -10.0344
    outer loop
        vertex 21.5862 -1.6000 -3.7912
        vertex 21.6000 0.0000 -4.0000
        vertex 21.6000 -1.6000 -4.0000
    endloop
endfacet
facet normal 49.4780 -4.0000 -10.0344
    outer loop
        vertex 21.6000 0.0000 -4.0000
        vertex 21.5862 -1.6000 -3.7912
        vertex 21.5862 0.0000 -3.7912
    endloop
endfacet
facet normal 49.4868 -4.0000 -10.1020
    outer loop
        vertex 21.5454 -1.6000 -3.5859
        vertex 21.5862 0.0000 -3.7912
        vertex 21.5862 -1.6000 -3.7912
    endloop
endfacet
facet normal 49.4868 -4.0000 -10.1020
    outer loop
        vertex 21.5862 0.0000 -3.7912
        vertex 21.5454 -1.6000 -3.5859
        vertex 21.5454 0.0000 -3.5859
    endloop
endfacet
facet normal 49.5044 -4.0000 -10.1680
    outer loop
        vertex 21.4782 -1.6000 -3.3877
        vertex 21.5454 0.0000 -3.5859
        vertex 21.5454 -1.6000 -3.5859
    endloop
endfacet
facet normal 49.5044 -4.0000 -10.1680
    outer loop
        vertex 21.5454 0.0000 -3.5859
        vertex 21.4782 -1.6000 -3.3877
        vertex 21.4782 0.0000 -3.3877
    endloop
endfacet
facet normal 49.5308 -4.0000 -10.2316
    outer loop
        vertex 21.3856 -1.6000 -3.2000
        vertex 21.4782 0.0000 -3.3877
        vertex 21.4782 -1.6000 -3.3877
    endloop
endfacet
facet normal 49.5308 -4.0000 -10.2316
    outer loop
        vertex 21.4782 0.0000 -3.3877
        vertex 21.3856 -1.6000 -3.2000
        vertex 21.3856 0.0000 -3.2000
    endloop
endfacet
facet normal 49.5648 -4.0000 -10.2904
    outer loop
        vertex 21.2694 -1.6000 -3.0259
        vertex 21.3856 0.0000 -3.2000
        vertex 21.3856 -1.6000 -3.2000
    endloop
endfacet
facet normal 49.5648 -4.0000 -10.2904
    outer loop
        vertex 21.3856 0.0000 -3.2000
        vertex 21.2694 -1.6000 -3.0259
        vertex 21.2694 0.0000 -3.0259
    endloop
endfacet
facet normal 49.6068 -4.0000 -10.3452
    outer loop
        vertex 21.1314 -1.6000 -2.8686
        vertex 21.2694 0.0000 -3.0259
        vertex 21.2694 -1.6000 -3.0259
    endloop
endfacet
facet normal 49.6068 -4.0000 -10.3452
    outer loop
        vertex 21.2694 0.0000 -3.0259
        vertex 21.1314 -1.6000 -2.8686
        vertex 21.1314 0.0000 -2.8686
    endloop
endfacet
facet normal 49.6548 -4.0000 -10.3932
    outer loop
        vertex 20.9741 -1.6000 -2.7306
        vertex 21.1314 0.0000 -2.8686
        vertex 21.1314 -1.6000 -2.8686
    endloop
endfacet
facet normal 49.6548 -4.0000 -10.3932
    outer loop
        vertex 21.1314 0.0000 -2.8686
        vertex 20.9741 -1.6000 -2.7306
        vertex 20.9741 0.0000 -2.7306
    endloop
endfacet
facet normal 49.7096 -4.0000 -10.4352
    outer loop
        vertex 20.8000 -1.6000 -2.6144
        vertex 20.9741 0.0000 -2.7306
        vertex 20.9741 -1.6000 -2.7306
    endloop
endfacet
facet normal 49.7096 -4.0000 -10.4352
    outer loop
        vertex 20.9741 0.0000 -2.7306
        vertex 20.8000 -1.6000 -2.6144
        vertex 20.8000 0.0000 -2.6144
    endloop
endfacet
facet normal 49.7684 -4.0000 -10.4692
    outer loop
        vertex 20.6123 -1.6000 -2.5218
        vertex 20.8000 0.0000 -2.6144
        vertex 20.8000 -1.6000 -2.6144
    endloop
endfacet
facet normal 49.7684 -4.0000 -10.4692
    outer loop
        vertex 20.8000 0.0000 -2.6144
        vertex 20.6123 -1.6000 -2.5218
        vertex 20.6123 0.0000 -2.5218
    endloop
endfacet
facet normal 49.8320 -4.0000 -10.4956
    outer loop
        vertex 20.4141 -1.6000 -2.4546
        vertex 20.6123 0.0000 -2.5218
        vertex 20.6123 -1.6000 -2.5218
    endloop
endfacet
facet normal 49.8320 -4.0000 -10.4956
    outer loop
        vertex 20.6123 0.0000 -2.5218
        vertex 20.4141 -1.6000 -2.4546
        vertex 20.4141 0.0000 -2.4546
    endloop
endfacet
facet normal 49.8980 -4.0000 -10.5132
    outer loop
        vertex 20.2088 -1.6000 -2.4138
        vertex 20.4141 0.0000 -2.4546
        vertex 20.4141 -1.6000 -2.4546
    endloop
endfacet
facet normal 49.8980 -4.0000 -10.5132
    outer loop
        vertex 20.4141 0.0000 -2.4546
        vertex 20.2088 -1.6000 -2.4138
        vertex 20.2088 0.0000 -2.4138
    endloop
endfacet
facet normal 49.9656 -4.0000 -10.5220
    outer loop
        vertex 20.0000 -1.6000 -2.4000
        vertex 20.2088 0.0000 -2.4138
        vertex 20.2088 -1.6000 -2.4138
    endloop
endfacet
facet normal 49.9656 -4.0000 -10.5220
    outer loop
        vertex 20.2088 0.0000 -2.4138
        vertex 20.0000 -1.6000 -2.4000
        vertex 20.0000 0.0000 -2.4000
    endloop
endfacet
facet normal 50.0344 -4.0000 -10.5220
    outer loop
        vertex 19.7912 -1.6000 -2.4138
        vertex 20.0000 0.0000 -2.4000
        vertex 20.0000 -1.6000 -2.4000
    endloop
endfacet
facet normal 50.0344 -4.0000 -10.5220
    outer loop
        vertex 20.0000 0.0000 -2.4000
        vertex 19.7912 -1.6000 -2.4138
        vertex 19.7912 0.0000 -2.4138
    endloop
endfacet
facet normal 50.1020 -4.0000 -10.5132
    outer loop
        vertex 19.5859 -1.6000 -2.4546
        vertex 19.7912 0.0000 -2.4138
        vertex 19.7912 -1.6000 -2.4138
    endloop
endfacet
facet normal 50.1020 -4.0000 -10.5132
    outer loop
        vertex 19.7912 0.0000 -2.4138
        vertex 19.5859 -1.6000 -2.4546
        vertex 19.5859 0.0000 -2.4546
    endloop
endfacet
facet normal 50.1680 -4.0000 -10.4956
    outer loop
        vertex 19.3877 -1.6000 -2.5218
        vertex 19.5859 0.0000 -2.4546
        vertex 19.5859 -1.6000 -2.4546
    endloop
endfacet
facet normal 50.1680 -4.0000 -10.4956
    outer loop
        vertex 19.5859 0.0000 -2.4546
        vertex 19.3877 -1.6000 -2.5218
        vertex 19.3877 0.0000 -2.5218
    endloop
endfacet
facet normal 50.2316 -4.0000 -10.4692
    outer loop
        vertex 19.2000 -1.6000 -2.6144
        vertex 19.3877 0.0000 -2.5218
        vertex 19.3877 -1.6000 -2.5218
    endloop
endfacet
facet normal 50.2316 -4.0000 -10.4692
    outer loop
        vertex 19.3877 0.0000 -2.5218
        vertex 19.2000 -1.6000 -2.6144
        vertex 19.2000 0.0000 -2.6144
    endloop
endfacet
facet normal 50.2904 -4.0000 -10.4352
    outer loop
        vertex 19.0259 -1.6000 -2.7306
        vertex 19.2000 0.0000 -2.6144
        vertex 19.2000 -1.6000 -2.6144
    endloop
endfacet
facet normal 50.2904 -4.0000 -10.4352
    outer loop
        vertex 19.2000 0.0000 -2.6144
        vertex 19.0259 -1.6000 -2.7306
        vertex 19.0259 0.0000 -2.7306
    endloop
endfacet
facet normal 50.3452 -4.0000 -10.3932
    outer loop
        vertex 18.8686 -1.6000 -2.8686
        vertex 19.0259 0.0000 -2.7306
        vertex 19.0259 -1.6000 -2.7306
    endloop
endfacet
facet normal 50.3452 -4.0000 -10.3932
    outer loop
        vertex 19.0259 0.0000 -2.7306
        vertex 18.8686 -1.6000 -2.8686
        vertex 18.8686 0.0000 -2.8686
    endloop
endfacet
facet normal 50.3932 -4.0000 -10.3452
    outer loop
        vertex 18.7306 -1.6000 -3.0259
        vertex 18.8686 0.0000 -2.8686
        vertex 18.8686 -1.6000 -2.8686
    endloop
endfacet
facet normal 50.3932 -4.0000 -10.3452
    outer loop
        vertex 18.8686 0.0000 -2.8686
        vertex 18.7306 -1.6000 -3.0259
        vertex 18.7306 0.0000 -3.0259
    endloop
endfacet
facet normal 50.4352 -4.0000 -10.2904
    outer loop
        vertex 18.6144 -1.6000 -3.2000
        vertex 18.7306 0.0000 -3.0259
        vertex 18.7306 -1.6000 -3.0259
    endloop
endfacet
facet normal 50.4352 -4.0000 -10.2904
    outer loop
        vertex 18.7306 0.0000 -3.0259
        vertex 18.6144 -1.6000 -3.2000
        vertex 18.6144 0.0000 -3.2000
    endloop
endfacet
facet normal 50.4692 -4.0000 -10.2316
    outer loop
        vertex 18.5218 -1.6000 -3.3877
        vertex 18.6144 0.0000 -3.2000
        vertex 18.6144 -1.6000 -3.2000
    endloop
endfacet
facet normal 50.4692 -4.0000 -10.2316
    outer loop
        vertex 18.6144 0.0000 -3.2000
        vertex 18.5218 -1.6000 -3.3877
        vertex 18.5218 0.0000 -3.3877
    endloop
endfacet
facet normal 50.4956 -4.0000 -10.1680
    outer loop
        vertex 18.4546 -1.6000 -3.5859
        vertex 18.5218 0.0000 -3.3877
        vertex 18.5218 -1.6000 -3.3877
    endloop
endfacet
facet normal 50.4956 -4.0000 -10.1680
    outer loop
        vertex 18.5218 0.0000 -3.3877
        vertex 18.4546 -1.6000 -3.5859
        vertex 18.4546 0.0000 -3.5859
    endloop
endfacet
facet normal 50.5132 -4.0000 -10.1020
    outer loop
        vertex 18.4138 -1.6000 -3.7912
        vertex 18.4546 0.0000 -3.5859
        vertex 18.4546 -1.6000 -3.5859
    endloop
endfacet
facet normal 50.5132 -4.0000 -10.1020
    outer loop
        vertex 18.4546 0.0000 -3.5859
        vertex 18.4138 -1.6000 -3.7912
        vertex 18.4138 0.0000 -3.7912
    endloop
endfacet
facet normal 50.5220 -4.0000 -10.0344
    outer loop
        vertex 18.4000 -1.6000 -4.0000
        vertex 18.4138 0.0000 -3.7912
        vertex 18.4138 -1.6000 -3.7912
    endloop
endfacet
facet normal 50.5220 -4.0000 -10.0344
    outer loop
        vertex 18.4138 0.0000 -3.7912
        vertex 18.4000 -1.6000 -4.0000
        vertex 18.4000 0.0000 -4.0000
    endloop
endfacet
facet normal 50.5220 -4.0000 -9.9656
    outer loop
        vertex 18.4138 -1.6000 -4.2088
        vertex 18.4000 0.0000 -4.0000
        vertex 18.4000 -1.6000 -4.0000
    endloop
endfacet
facet normal 50.5220 -4.0000 -9.9656
    outer loop
        vertex 18.4000 0.0000 -4.0000
        vertex 18.4138 -1.6000 -4.2088
        vertex 18.4138 0.0000 -4.2088
    endloop
endfacet
facet normal 50.5132 -4.0000 -9.8980
    outer loop
        vertex 18.4546 -1.6000 -4.4141
        vertex 18.4138 0.0000 -4.2088
        vertex 18.4138 -1.6000 -4.2088
    endloop
endfacet
facet normal 50.5132 -4.0000 -9.8980
    outer loop
        vertex 18.4138 0.0000 -4.2088
        vertex 18.4546 -1.6000 -4.4141
        vertex 18.4546 0.0000 -4.4141
    endloop
endfacet
facet normal 50.4956 -4.0000 -9.8320
    outer loop
        vertex 18.5218 -1.6000 -4.6123
        vertex 18.4546 0.0000 -4.4141
        vertex 18.4546 -1.6000 -4.4141
    endloop
endfacet
facet normal 50.4956 -4.0000 -9.8320
    outer loop
        vertex 18.4546 0.0000 -4.4141
        vertex 18.5218 -1.6000 -4.6123
        vertex 18.5218 0.0000 -4.6123
    endloop
endfacet
facet normal 50.4692 -4.0000 -9.7684
    outer loop
        vertex 18.6144 -1.6000 -4.8000
        vertex 18.5218 0.0000 -4.6123
        vertex 18.5218 -1.6000 -4.6123
    endloop
endfacet
facet normal 50.4692 -4.0000 -9.7684
    outer loop
        vertex 18.5218 0.0000 -4.6123
        vertex 18.6144 -1.6000 -4.8000
        vertex 18.6144 0.0000 -4.8000
    endloop
endfacet
facet normal 50.4352 -4.0000 -9.7096
    outer loop
        vertex 18.7306 -1.6000 -4.9741
        vertex 18.6144 0.0000 -4.8000
        vertex 18.6144 -1.6000 -4.8000
    endloop
endfacet
facet normal 50.4352 -4.0000 -9.7096
    outer loop
        vertex 18.6144 0.0000 -4.8000
        vertex 18.7306 -1.6000 -4.9741
        vertex 18.7306 0.0000 -4.9741
    endloop
endfacet
facet normal 50.3932 -4.0000 -9.6548
    outer loop
        vertex 18.8686 -1.6000 -5.1314
        vertex 18.7306 0.0000 -4.9741
        vertex 18.7306 -1.6000 -4.9741
    endloop
endfacet
facet normal 50.3932 -4.0000 -9.6548
    outer loop
        vertex 18.7306 0.0000 -4.9741
        vertex 18.8686 -1.6000 -5.1314
        vertex 18.8686 0.0000 -5.1314
    endloop
endfacet
facet normal 50.3452 -4.0000 -9.6068
    outer loop
        vertex 19.0259 -1.6000 -5.2694
        vertex 18.8686 0.0000 -5.1314
        vertex 18.8686 -1.6000 -5.1314
    endloop
endfacet
facet normal 50.3452 -4.0000 -9.6068
    outer loop
        vertex 18.8686 0.0000 -5.1314
        vertex 19.0259 -1.6000 -5.2694
        vertex 19.0259 0.0000 -5.2694
    endloop
endfacet
facet normal 50.2904 -4.0000 -9.5648
    outer loop
        vertex 19.2000 -1.6000 -5.3856
        vertex 19.0259 0.0000 -5.2694
        vertex 19.0259 -1.6000 -5.2694
    endloop
endfacet
facet normal 50.2904 -4.0000 -9.5648
    outer loop
        vertex 19.0259 0.0000 -5.2694
        vertex 19.2000 -1.6000 -5.3856
        vertex 19.2000 0.0000 -5.3856
    endloop
endfacet
facet normal 50.2316 -4.0000 -9.5308
    outer loop
        vertex 19.3877 -1.6000 -5.4782
        vertex 19.2000 0.0000 -5.3856
        vertex 19.2000 -1.6000 -5.3856
    endloop
endfacet
facet normal 50.2316 -4.0000 -9.5308
    outer loop
        vertex 19.2000 0.0000 -5.3856
        vertex 19.3877 -1.6000 -5.4782
        vertex 19.3877 0.0000 -5.4782
    endloop
endfacet
facet normal 50.1680 -4.0000 -9.5044
    outer loop
        vertex 19.5859 -1.6000 -5.5454
        vertex 19.3877 0.0000 -5.4782
        vertex 19.3877 -1.6000 -5.4782
    endloop
endfacet
facet normal 50.1680 -4.0000 -9.5044
    outer loop
        vertex 19.3877 0.0000 -5.4782
        vertex 19.5859 -1.6000 -5.5454
        vertex 19.5859 0.0000 -5.5454
    endloop
endfacet
facet normal 50.1020 -4.0000 -9.4868
    outer loop
        vertex 19.7912 -1.6000 -5.5862
        vertex 19.5859 0.0000 -5.5454
        vertex 19.5859 -1.6000 -5.5454
    endloop
endfacet
facet normal 50.1020 -4.0000 -9.4868
    outer loop
        vertex 19.5859 0.0000 -5.5454
        vertex 19.7912 -1.6000 -5.5862
        vertex 19.7912 0.0000 -5.5862
    endloop
endfacet
facet normal 50.0344 -4.0000 -9.4780
    outer loop
        vertex 20.0000 -1.6000 -5.6000
        vertex 19.7912 0.0000 -5.5862
        vertex 19.7912 -1.6000 -5.5862
    endloop
endfacet
facet normal 50.0344 -4.0000 -9.4780
    outer loop
        vertex 19.7912 0.0000 -5.5862
        vertex 20.0000 -1.6000 -5.6000
        vertex 20.0000 0.0000 -5.6000
    endloop
endfacet
facet normal 49.9656 -4.0000 -9.4780
    outer loop
        vertex 20.2088 -1.6000 -5.5862
        vertex 20.0000 0.0000 -5.6000
        vertex 20.0000 -1.6000 -5.6000
    endloop
endfacet
facet normal 49.9656 -4.0000 -9.4780
    outer loop
        vertex 20.0000 0.0000 -5.6000
        vertex 20.2088 -1.6000 -5.5862
        vertex 20.2088 0.0000 -5.5862
    endloop
endfacet
facet normal 49.8980 -4.0000 -9.4868
    outer loop
        vertex 20.4141 -1.6000 -5.5454
        vertex 20.2088 0.0000 -5.5862
        vertex 20.2088 -1.6000 -5.5862
    endloop
endfacet
facet normal 49.8980 -4.0000 -9.4868
    outer loop
        vertex 20.2088 0.0000 -5.5862
        vertex 20.4141 -1.6000 -5.5454
        vertex 20.4141 0.0000 -5.5454
    endloop
endfacet
facet normal 49.8320 -4.0000 -9.5044
    outer loop
        vertex 20.6123 -1.6000 -5.4782
        vertex 20.4141 0.0000 -5.5454
        vertex 20.4141 -1.6000 -5.5454
    endloop
endfacet
facet normal 49.8320 -4.0000 -9.5044
    outer loop
        vertex 20.4141 0.0000 -5.5454
        vertex 20.6123 -1.6000 -5.4782
        vertex 20.6123 0.0000 -5.4782
    endloop
endfacet
facet normal 49.7684 -4.0000 -9.5308
    outer loop
        vertex 20.8000 -1.6000 -5.3856
        vertex 20.6123 0.0000 -5.4782
        vertex 20.6123 -1.6000 -5.4782
    endloop
endfacet
facet normal 49.7684 -4.0000 -9.5308
    outer loop
        vertex 20.6123 0.0000 -5.4782
        vertex 20.8000 -1.6000 -5.3856
        vertex 20.8000 0.0000 -5.3856
    endloop
endfacet
facet normal 49.7096 -4.0000 -9.5648
    outer loop
        vertex 20.9741 -1.6000 -5.2694
        vertex 20.8000 0.0000 -5.3856
        vertex 20.8000 -1.6000 -5.3856
    endloop
endfacet
facet normal 49.7096 -4.0000 -9.5648
    outer loop
        vertex 20.8000 0.0000 -5.3856
        vertex 20.9741 -1.6000 -5.2694
        vertex 20.9741 0.0000 -5.2694
    endloop
endfacet
facet normal 49.6548 -4.0000 -9.6068
    outer loop
        vertex 21.1314 -1.6000 -5.1314
        vertex 20.9741 0.0000 -5.2694
        vertex 20.9741 -1.6000 -5.2694
    endloop
endfacet
facet normal 49.6548 -4.0000 -9.6068
    outer loop
        vertex 20.9741 0.0000 -5.2694
        vertex 21.1314 -1.6000 -5.1314
        vertex 21.1314 0.0000 -5.1314
    endloop
endfacet
facet normal 49.6068 -4.0000 -9.6548
    outer loop
        vertex 21.2694 -1.6000 -4.9741
        vertex 21.1314 0.0000 -5.1314
        vertex 21.1314 -1.6000 -5.1314
    endloop
endfacet
facet normal 49.6068 -4.0000 -9.6548
    outer loop
        vertex 21.1314 0.0000 -5.1314
        vertex 21.2694 -1.6000 -4.9741
        vertex 21.2694 0.0000 -4.9741
    endloop
endfacet
facet normal 49.5648 -4.0000 -9.7096
    outer loop
        vertex 21.3856 -1.6000 -4.8000
        vertex 21.2694 0.0000 -4.9741
        vertex 21.2694 -1.6000 -4.9741
    endloop
endfacet
facet normal 49.5648 -4.0000 -9.7096
    outer loop
        vertex 21.2694 0.0000 -4.9741
        vertex 21.3856 -1.6000 -4.8000
        vertex 21.3856 0.0000 -4.8000
    endloop
endfacet
facet normal 49.5308 -4.0000 -9.7684
    outer loop
        vertex 21.4782 -1.6000 -4.6123
        vertex 21.3856 0.0000 -4.8000
        vertex 21.3856 -1.6000 -4.8000
    endloop
endfacet
facet normal 49.5308 -4.0000 -9.7684
    outer loop
        vertex 21.3856 0.0000 -4.8000
        vertex 21.4782 -1.6000 -4.6123
        vertex 21.4782 0.0000 -4.6123
    endloop
endfacet
facet normal 49.5044 -4.0000 -9.8320
    outer loop
        vertex 21.5454 -1.6000 -4.4141
        vertex 21.4782 0.0000 -4.6123
        vertex 21.4782 -1.6000 -4.6123
    endloop
endfacet
facet normal 49.5044 -4.0000 -9.8320
    outer loop
        vertex 21.4782 0.0000 -4.6123
        vertex 21.5454 -1.6000 -4.4141
        vertex 21.5454 0.0000 -4.4141
    endloop
endfacet
facet normal 49.4868 -4.0000 -9.8980
    outer loop
        vertex 21.5862 -1.6000 -4.2088
        vertex 21.5454 0.0000 -4.4141
        vertex 21.5454 -1.6000 -4.4141
    endloop
endfacet
facet normal 49.4868 -4.0000 -9.8980
    outer loop
        vertex 21.5454 0.0000 -4.4141
        vertex 21.5862 -1.6000 -4.2088
        vertex 21.5862 0.0000 -4.2088
    endloop
endfacet
facet normal 49.4780 -4.0000 -9.9656
    outer loop
        vertex 21.6000 -1.6000 -4.0000
        vertex 21.5862 0.0000 -4.2088
        vertex 21.5862 -1.6000 -4.2088
    endloop
endfacet
facet normal 49.4780 -4.0000 -9.9656
    outer loop
        vertex 21.5862 0.0000 -4.2088
        vertex 21.6000 -1.6000 -4.0000
        vertex 21.6000 0.0000 -4.0000
    endloop
endfacet
facet normal 50.7830 -4.0000 -9.9484
    outer loop
        vertex 22.3794 -1.6000 -3.6868
        vertex 22.4000 -1.6000 -4.0000
        vertex 22.4000 0.0000 -4.0000
    endloop
endfacet
facet normal 50.7830 -4.0000 -9.9484
    outer loop
        vertex 22.4000 0.0000 -4.0000
        vertex 22.3794 0.0000 -3.6868
        vertex 22.3794 -1.6000 -3.6868
    endloop
endfacet
facet normal 50.7698 -4.0000 -9.8470
    outer loop
        vertex 22.3182 -1.6000 -3.3789
        vertex 22.3794 -1.6000 -3.6868
        vertex 22.3794 0.0000 -3.6868
    endloop
endfacet
facet normal 50.7698 -4.0000 -9.8470
    outer loop
        vertex 22.3794 0.0000 -3.6868
        vertex 22.3182 0.0000 -3.3789
        vertex 22.3182 -1.6000 -3.3789
    endloop
endfacet
facet normal 50.7434 -4.0000 -9.7480
    outer loop
        vertex 22.2174 -1.6000 -3.0815
        vertex 22.3182 -1.6000 -3.3789
        vertex 22.3182 0.0000 -3.3789
    endloop
endfacet
facet normal 50.7434 -4.0000 -9.7480
    outer loop
        vertex 22.3182 0.0000 -3.3789
        vertex 22.2174 0.0000 -3.0815
        vertex 22.2174 -1.6000 -3.0815
    endloop
endfacet
facet normal 50.7038 -4.0000 -9.6526
    outer loop
        vertex 22.0784 -1.6000 -2.8000
        vertex 22.2174 -1.6000 -3.0815
        vertex 22.2174 0.0000 -3.0815
    endloop
endfacet
facet normal 50.7038 -4.0000 -9.6526
    outer loop
        vertex 22.2174 0.0000 -3.0815
        vertex 22.0784 0.0000 -2.8000
        vertex 22.0784 -1.6000 -2.8000
    endloop
endfacet
facet normal 50.6528 -4.0000 -9.5644
    outer loop
        vertex 21.9042 -1.6000 -2.5389
        vertex 22.0784 -1.6000 -2.8000
        vertex 22.0784 0.0000 -2.8000
    endloop
endfacet
facet normal 50.6528 -4.0000 -9.5644
    outer loop
        vertex 22.0784 0.0000 -2.8000
        vertex 21.9042 0.0000 -2.5389
        vertex 21.9042 -1.6000 -2.5389
    endloop
endfacet
facet normal 50.5898 -4.0000 -9.4822
    outer loop
        vertex 21.6970 -1.6000 -2.3030
        vertex 21.9042 -1.6000 -2.5389
        vertex 21.9042 0.0000 -2.5389
    endloop
endfacet
facet normal 50.5898 -4.0000 -9.4822
    outer loop
        vertex 21.9042 0.0000 -2.5389
        vertex 21.6970 0.0000 -2.3030
        vertex 21.6970 -1.6000 -2.3030
    endloop
endfacet
facet normal 50.5178 -4.0000 -9.4102
    outer loop
        vertex 21.4611 -1.6000 -2.0958
        vertex 21.6970 -1.6000 -2.3030
        vertex 21.6970 0.0000 -2.3030
    endloop
endfacet
facet normal 50.5178 -4.0000 -9.4102
    outer loop
        vertex 21.6970 0.0000 -2.3030
        vertex 21.4611 0.0000 -2.0958
        vertex 21.4611 -1.6000 -2.0958
    endloop
endfacet
facet normal 50.4356 -4.0000 -9.3472
    outer loop
        vertex 21.2000 -1.6000 -1.9216
        vertex 21.4611 -1.6000 -2.0958
        vertex 21.4611 0.0000 -2.0958
    endloop
endfacet
facet normal 50.4356 -4.0000 -9.3472
    outer loop
        vertex 21.4611 0.0000 -2.0958
        vertex 21.2000 0.0000 -1.9216
        vertex 21.2000 -1.6000 -1.9216
    endloop
endfacet
facet normal 50.3474 -4.0000 -9.2962
    outer loop
        vertex 20.9185 -1.6000 -1.7826
        vertex 21.2000 -1.6000 -1.9216
        vertex 21.2000 0.0000 -1.9216
    endloop
endfacet
facet normal 50.3474 -4.0000 -9.2962
    outer loop
        vertex 21.2000 0.0000 -1.9216
        vertex 20.9185 0.0000 -1.7826
        vertex 20.9185 -1.6000 -1.7826
    endloop
endfacet
facet normal 50.2520 -4.0000 -9.2566
    outer loop
        vertex 20.6211 -1.6000 -1.6818
        vertex 20.9185 -1.6000 -1.7826
        vertex 20.9185 0.0000 -1.7826
    endloop
endfacet
facet normal 50.2520 -4.0000 -9.2566
    outer loop
        vertex 20.9185 0.0000 -1.7826
        vertex 20.6211 0.0000 -1.6818
        vertex 20.6211 -1.6000 -1.6818
    endloop
endfacet
facet normal 50.1530 -4.0000 -9.2302
    outer loop
        vertex 20.3132 -1.6000 -1.6206
        vertex 20.6211 -1.6000 -1.6818
        vertex 20.6211 0.0000 -1.6818
    endloop
endfacet
facet normal 50.1530 -4.0000 -9.2302
    outer loop
        vertex 20.6211 0.0000 -1.6818
        vertex 20.3132 0.0000 -1.6206
        vertex 20.3132 -1.6000 -1.6206
    endloop
endfacet
facet normal 50.0516 -4.0000 -9.2170
    outer loop
        vertex 20.0000 -1.6000 -1.6000
        vertex 20.3132 -1.6000 -1.6206
        vertex 20.3132 0.0000 -1.6206
    endloop
endfacet
facet normal 50.0516 -4.0000 -9.2170
    outer loop
        vertex 20.3132 0.0000 -1.6206
        vertex 20.0000 0.0000 -1.6000
        vertex 20.0000 -1.6000 -1.6000
    endloop
endfacet
facet normal 49.9484 -4.0000 -9.2170
    outer loop
        vertex 19.6868 -1.6000 -1.6206
        vertex 20.0000 -1.6000 -1.6000
        vertex 20.0000 0.0000 -1.6000
    endloop
endfacet
facet normal 49.9484 -4.0000 -9.2170
    outer loop
        vertex 20.0000 0.0000 -1.6000
        vertex 19.6868 0.0000 -1.6206
        vertex 19.6868 -1.6000 -1.6206
    endloop
endfacet
facet normal 49.8470 -4.0000 -9.2302
    outer loop
        vertex 19.3789 -1.6000 -1.6818
        vertex 19.6868 -1.6000 -1.6206
        vertex 19.6868 0.0000 -1.6206
    endloop
endfacet
facet normal 49.8470 -4.0000 -9.2302
    outer loop
        vertex 19.6868 0.0000 -1.6206
        vertex 19.3789 0.0000 -1.6818
        vertex 19.3789 -1.6000 -1.6818
    endloop
endfacet
facet normal 49.7480 -4.0000 -9.2566
    outer loop
        vertex 19.0815 -1.6000 -1.7826
        vertex 19.3789 -1.6000 -1.6818
        vertex 19.3789 0.0000 -1.6818
    endloop
endfacet
facet normal 49.7480 -4.0000 -9.2566
    outer loop
        vertex 19.3789 0.0000 -1.6818
        vertex 19.0815 0.0000 -1.7826
        vertex 19.0815 -1.6000 -1.7826
    endloop
endfacet
facet normal 49.6526 -4.0000 -9.2962
    outer loop
        vertex 18.8000 -1.6000 -1.9216
        vertex 19.0815 -1.6000 -1.7826
        vertex 19.0815 0.0000 -1.7826
    endloop
endfacet
facet normal 49.6526 -4.0000 -9.2962
    outer loop
        vertex 19.0815 0.0000 -1.7826
        vertex 18.8000 0.0000 -1.9216
        vertex 18.8000 -1.6000 -1.9216
    endloop
endfacet
facet normal 49.5644 -4.0000 -9.3472
    outer loop
        vertex 18.5389 -1.6000 -2.0958
        vertex 18.8000 -1.6000 -1.9216
        vertex 18.8000 0.0000 -1.9216
    endloop
endfacet
facet normal 49.5644 -4.0000 -9.3472
    outer loop
        vertex 18.8000 0.0000 -1.9216
        vertex 18.5389 0.0000 -2.0958
        vertex 18.5389 -1.6000 -2.0958
    endloop
endfacet
facet normal 49.4822 -4.0000 -9.4102
    outer loop
        vertex 18.3030 -1.6000 -2.3030
        vertex 18.5389 -1.6000 -2.0958
        vertex 18.5389 0.0000 -2.0958
    endloop
endfacet
facet normal 49.4822 -4.0000 -9.4102
    outer loop
        vertex 18.5389 0.0000 -2.0958
        vertex 18.3030 0.0000 -2.3030
        vertex 18.3030 -1.6000 -2.3030
    endloop
endfacet
facet normal 49.4102 -4.0000 -9.4822
    outer loop
        vertex 18.0958 -1.6000 -2.5389
        vertex 18.3030 -1.6000 -2.3030
        vertex 18.3030 0.0000 -2.3030
    endloop
endfacet
facet normal 49.4102 -4.0000 -9.4822
    outer loop
        vertex 18.3030 0.0000 -2.3030
        vertex 18.0958 0.0000 -2.5389
        vertex 18.0958 -1.6000 -2.5389
    endloop
endfacet
facet normal 49.3472 -4.0000 -9.5644
    outer loop
        vertex 17.9216 -1.6000 -2.8000
        vertex 18.0958 -1.6000 -2.5389
        vertex 18.0958 0.0000 -2.5389
    endloop
endfacet
facet normal 49.3472 -4.0000 -9.5644
    outer loop
        vertex 18.0958 0.0000 -2.5389
        vertex 17.9216 0.0000 -2.8000
        vertex 17.9216 -1.6000 -2.8000
    endloop
endfacet
facet normal 49.2962 -4.0000 -9.6526
    outer loop
        vertex 17.7826 -1.6000 -3.0815
        vertex 17.9216 -1.6000 -2.8000
        vertex 17.9216 0.0000 -2.8000
    endloop
endfacet
facet normal 49.2962 -4.0000 -9.6526
    outer loop
        vertex 17.9216 0.0000 -2.8000
        vertex 17.7826 0.0000 -3.0815
        vertex 17.7826 -1.6000 -3.0815
    endloop
endfacet
facet normal 49.2566 -4.0000 -9.7480
    outer loop
        vertex 17.6818 -1.6000 -3.3789
        vertex 17.7826 -1.6000 -3.0815
        vertex 17.7826 0.0000 -3.0815
    endloop
endfacet
facet normal 49.2566 -4.0000 -9.7480
    outer loop
        vertex 17.7826 0.0000 -3.0815
        vertex 17.6818 0.0000 -3.3789
        vertex 17.6818 -1.6000 -3.3789
    endloop
endfacet
facet normal 49.2302 -4.0000 -9.8470
    outer loop
        vertex 17.6206 -1.6000 -3.6868
        vertex 17.6818 -1.6000 -3.3789
        vertex 17.6818 0.0000 -3.3789
    endloop
endfacet
facet normal 49.2302 -4.0000 -9.8470
    outer loop
        vertex 17.6818 0.0000 -3.3789
        vertex 17.6206 0.0000 -3.6868
        vertex 17.6206 -1.6000 -3.6868
    endloop
endfacet
facet normal 49.2170 -4.0000 -9.9484
    outer loop
        vertex 17.6000 -1.6000 -4.0000
        vertex 17.6206 -1.6000 -3.6868
        vertex 17.6206 0.0000 -3.6868
    endloop
endfacet
facet normal 49.2170 -4.0000 -9.9484
    outer loop
        vertex 17.6206 0.0000 -3.6868
        vertex 17.6000 0.0000 -4.0000
        vertex 17.6000 -1.6000 -4.0000
    endloop
endfacet
facet normal 49.2170 -4.0000 -10.0516
    outer loop
        vertex 17.6206 -1.6000 -4.3132
        vertex 17.6000 -1.6000 -4.0000
        vertex 17.6000 0.0000 -4.0000
    endloop
endfacet
facet normal 49.2170 -4.0000 -10.0516
    outer loop
        vertex 17.6000 0.0000 -4.0000
        vertex 17.6206 0.0000 -4.3132
        vertex 17.6206 -1.6000 -4.3132
    endloop
endfacet
facet normal 49.2302 -4.0000 -10.1530
    outer loop
        vertex 17.6818 -1.6000 -4.6211
        vertex 17.6206 -1.6000 -4.3132
        vertex 17.6206 0.0000 -4.3132
    endloop
endfacet
facet normal 49.2302 -4.0000 -10.1530
    outer loop
        vertex 17.6206 0.0000 -4.3132
        vertex 17.6818 0.0000 -4.6211
        vertex 17.6818 -1.6000 -4.6211
    endloop
endfacet
facet normal 49.2566 -4.0000 -10.2520
    outer loop
        vertex 17.7826 -1.6000 -4.9185
        vertex 17.6818 -1.6000 -4.6211
        vertex 17.6818 0.0000 -4.6211
    endloop
endfacet
facet normal 49.2566 -4.0000 -10.2520
    outer loop
        vertex 17.6818 0.0000 -4.6211
        vertex 17.7826 0.0000 -4.9185
        vertex 17.7826 -1.6000 -4.9185
    endloop
endfacet
facet normal 49.2962 -4.0000 -10.3474
    outer loop
        vertex 17.9216 -1.6000 -5.2000
        vertex 17.7826 -1.6000 -4.9185
        vertex 17.7826 0.0000 -4.9185
    endloop
endfacet
facet normal 49.2962 -4.0000 -10.3474
    outer loop
        vertex 17.7826 0.0000 -4.9185
        vertex 17.9216 0.0000 -5.2000
        vertex 17.9216 -1.6000 -5.2000
    endloop
endfacet
facet normal 49.3472 -4.0000 -10.4356
    outer loop
        vertex 18.0958 -1.6000 -5.4611
        vertex 17.9216 -1.6000 -5.2000
        vertex 17.9216 0.0000 -5.2000
    endloop
endfacet
facet normal 49.3472 -4.0000 -10.4356
    outer loop
        vertex 17.9216 0.0000 -5.2000
        vertex 18.0958 0.0000 -5.4611
        vertex 18.0958 -1.6000 -5.4611
    endloop
endfacet
facet normal 49.4102 -4.0000 -10.5178
    outer loop
        vertex 18.3030 -1.6000 -5.6970
        vertex 18.0958 -1.6000 -5.4611
        vertex 18.0958 0.0000 -5.4611
    endloop
endfacet
facet normal 49.4102 -4.0000 -10.5178
    outer loop
        vertex 18.0958 0.0000 -5.4611
        vertex 18.3030 0.0000 -5.6970
        vertex 18.3030 -1.6000 -5.6970
    endloop
endfacet
facet normal 49.4822 -4.0000 -10.5898
    outer loop
        vertex 18.5389 -1.6000 -5.9042
        vertex 18.3030 -1.6000 -5.6970
        vertex 18.3030 0.0000 -5.6970
    endloop
endfacet
facet normal 49.4822 -4.0000 -10.5898
    outer loop
        vertex 18.3030 0.0000 -5.6970
        vertex 18.5389 0.0000 -5.9042
        vertex 18.5389 -1.6000 -5.9042
    endloop
endfacet
facet normal 49.5644 -4.0000 -10.6528
    outer loop
        vertex 18.8000 -1.6000 -6.0784
        vertex 18.5389 -1.6000 -5.9042
        vertex 18.5389 0.0000 -5.9042
    endloop
endfacet
facet normal 49.5644 -4.0000 -10.6528
    outer loop
        vertex 18.5389 0.0000 -5.9042
        vertex 18.8000 0.0000 -6.0784
        vertex 18.8000 -1.6000 -6.0784
    endloop
endfacet
facet normal 49.6526 -4.0000 -10.7038
    outer loop
        vertex 19.0815 -1.6000 -6.2174
        vertex 18.8000 -1.6000 -6.0784
        vertex 18.8000 0.0000 -6.0784
    endloop
endfacet
facet normal 49.6526 -4.0000 -10.7038
    outer loop
        vertex 18.8000 0.0000 -6.0784
        vertex 19.0815 0.0000 -6.2174
        vertex 19.0815 -1.6000 -6.2174
    endloop
endfacet
facet normal 49.7480 -4.0000 -10.7434
    outer loop
        vertex 19.3789 -1.6000 -6.3182
        vertex 19.0815 -1.6000 -6.2174
        vertex 19.0815 0.0000 -6.2174
    endloop
endfacet
facet normal 49.7480 -4.0000 -10.7434
    outer loop
        vertex 19.0815 0.0000 -6.2174
        vertex 19.3789 0.0000 -6.3182
        vertex 19.3789 -1.6000 -6.3182
    endloop
endfacet
facet normal 49.8470 -4.0000 -10.7698
    outer loop
        vertex 19.6868 -1.6000 -6.3794
        vertex 19.3789 -1.6000 -6.3182
        vertex 19.3789 0.0000 -6.3182
    endloop
endfacet
facet normal 49.8470 -4.0000 -10.7698
    outer loop
        vertex 19.3789 0.0000 -6.3182
        vertex 19.6868 0.0000 -6.3794
        vertex 19.6868 -1.6000 -6.3794
    endloop
endfacet
facet normal 49.9484 -4.0000 -10.7830
    outer loop
        vertex 20.0000 -1.6000 -6.4000
        vertex 19.6868 -1.6000 -6.3794
        vertex 19.6868 0.0000 -6.3794
    endloop
endfacet
facet normal 49.9484 -4.0000 -10.7830
    outer loop
        vertex 19.6868 0.0000 -6.3794
        vertex 20.0000 0.0000 -6.4000
        vertex 20.0000 -1.6000 -6.4000
    endloop
endfacet
facet normal 50.0516 -4.0000 -10.7830
    outer loop
        vertex 20.3132 -1.6000 -6.3794
        vertex 20.0000 -1.6000 -6.4000
        vertex 20.0000 0.0000 -6.4000
    endloop
endfacet
facet normal 50.0516 -4.0000 -10.7830
    outer loop
        vertex 20.0000 0.0000 -6.4000
        vertex 20.3132 0.0000 -6.3794
        vertex 20.3132 -1.6000 -6.3794
    endloop
endfacet
facet normal 50.1530 -4.0000 -10.7698
    outer loop
        vertex 20.6211 -1.6000 -6.3182
        vertex 20.3132 -1.6000 -6.3794
        vertex 20.3132 0.0000 -6.3794
    endloop
endfacet
facet normal 50.1530 -4.0000 -10.7698
    outer loop
        vertex 20.3132 0.0000 -6.3794
        vertex 20.6211 0.0000 -6.3182
        vertex 20.6211 -1.6000 -6.3182
    endloop
endfacet
facet normal 50.2520 -4.0000 -10.7434
    outer loop
        vertex 20.9185 -1.6000 -6.2174
        vertex 20.6211 -1.6000 -6.3182
        vertex 20.6211 0.0000 -6.3182
    endloop
endfacet
facet normal 50.2520 -4.0000 -10.7434
    outer loop
        vertex 20.6211 0.0000 -6.3182
        vertex 20.9185 0.0000 -6.2174
        vertex 20.9185 -1.6000 -6.2174
    endloop
endfacet
facet normal 50.3474 -4.0000 -10.7038
    outer loop
        vertex 21.2000 -1.6000 -6.0784
        vertex 20.9185 -1.6000 -6.2174
        vertex 20.9185 0.0000 -6.2174
    endloop
endfacet
facet normal 50.3474 -4.0000 -10.7038
    outer loop
        vertex 20.9185 0.0000 -6.2174
        vertex 21.2000 0.0000 -6.0784
        vertex 21.2000 -1.6000 -6.0784
    endloop
endfacet
facet normal 50.4356 -4.0000 -10.6528
    outer loop
        vertex 21.4611 -1.6000 -5.9042
        vertex 21.2000 -1.6000 -6.0784
        vertex 21.2000 0.0000 -6.0784
    endloop
endfacet
facet normal 50.4356 -4.0000 -10.6528
    outer loop
        vertex 21.2000 0.0000 -6.0784
        vertex 21.4611 0.0000 -5.9042
        vertex 21.4611 -1.6000 -5.9042
    endloop
endfacet
facet normal 50.5178 -4.0000 -10.5898
    outer loop
        vertex 21.6970 -1.6000 -5.6970
        vertex 21.4611 -1.6000 -5.9042
        vertex 21.4611 0.0000 -5.9042
    endloop
endfacet
facet normal 50.5178 -4.0000 -10.5898
    outer loop
        vertex 21.4611 0.0000 -5.9042
        vertex 21.6970 0.0000 -5.6970
        vertex 21.6970 -1.6000 -5.6970
    endloop
endfacet
facet normal 50.5898 -4.0000 -10.5178
    outer loop
        vertex 21.9042 -1.6000 -5.4611
        vertex 21.6970 -1.6000 -5.6970
        vertex 21.6970 0.0000 -5.6970
    endloop
endfacet
facet normal 50.5898 -4.0000 -10.5178
    outer loop
        vertex 21.6970 0.0000 -5.6970
        vertex 21.9042 0.0000 -5.4611
        vertex 21.9042 -1.6000 -5.4611
    endloop
endfacet
facet normal 50.6528 -4.0000 -10.4356
    outer loop
        vertex 22.0784 -1.6000 -5.2000
        vertex 21.9042 -1.6000 -5.4611
        vertex 21.9042 0.0000 -5.4611
    endloop
endfacet
facet normal 50.6528 -4.0000 -10.4356
    outer loop
        vertex 21.9042 0.0000 -5.4611
        vertex 22.0784 0.0000 -5.2000
        vertex 22.0784 -1.6000 -5.2000
    endloop
endfacet
facet normal 50.7038 -4.0000 -10.3474
    outer loop
        vertex 22.2174 -1.6000 -4.9185
        vertex 22.0784 -1.6000 -5.2000
        vertex 22.0784 0.0000 -5.2000
    endloop
endfacet
facet normal 50.7038 -4.0000 -10.3474
    outer loop
        vertex 22.0784 0.0000 -5.2000
        vertex 22.2174 0.0000 -4.9185
        vertex 22.2174 -1.6000 -4.9185
    endloop
endfacet
facet normal 50.7434 -4.0000 -10.2520
    outer loop
        vertex 22.3182 -1.6000 -4.6211
        vertex 22.2174 -1.6000 -4.9185
        vertex 22.2174 0.0000 -4.9185
    endloop
endfacet
facet normal 50.7434 -4.0000 -10.2520
    outer loop
        vertex 22.2174 0.0000 -4.9185
        vertex 22.3182 0.0000 -4.6211
        vertex 22.3182 -1.6000 -4.6211
    endloop
endfacet
facet normal 50.7698 -4.0000 -10.1530
    outer loop
        vertex 22.3794 -1.6000 -4.3132
        vertex 22.3182 -1.6000 -4.6211
        vertex 22.3182 0.0000 -4.6211
    endloop
endfacet
facet normal 50.7698 -4.0000 -10.1530
    outer loop
        vertex 22.3182 0.0000 -4.6211
        vertex 22.3794 0.0000 -4.3132
        vertex 22.3794 -1.6000 -4.3132
    endloop
endfacet
facet normal 50.7830 -4.0000 -10.0516
    outer loop
        vertex 22.4000 -1.6000 -4.0000
        vertex 22.3794 -1.6000 -4.3132
        vertex 22.3794 0.0000 -4.3132
    endloop
endfacet
facet normal 50.7830 -4.0000 -10.0516
    outer loop
        vertex 22.3794 0.0000 -4.3132
        vertex 22.4000 0.0000 -4.0000
        vertex 22.4000 -1.6000 -4.0000
    endloop
endfacet
facet normal 50.0000 -4.3915 -10.0000
    outer loop
        vertex 22.4000 -1.6000 -4.0000
        vertex 22.3794 -1.6000 -3.6868
        vertex 21.5862 -1.6000 -3.7912
    endloop
endfacet
facet normal 50.0000 -4.2610 -10.0000
    outer loop
        vertex 21.5862 -1.6000 -3.7912
        vertex 21.6000 -1.6000 -4.0000
        vertex 22.4000 -1.6000 -4.0000
    endloop
endfacet
facet normal 50.0000 -4.3916 -10.0000
    outer loop
        vertex 22.3794 -1.6000 -3.6868
        vertex 22.3182 -1.6000 -3.3789
        vertex 21.5454 -1.6000 -3.5859
    endloop
endfacet
facet normal 50.0000 -4.2610 -10.0000
    outer loop
        vertex 21.5454 -1.6000 -3.5859
        vertex 21.5862 -1.6000 -3.7912
        vertex 22.3794 -1.6000 -3.6868
    endloop
endfacet
facet normal 50.0000 -4.3916 -10.0000
    outer loop
        vertex 22.3182 -1.6000 -3.3789
        vertex 22.2174 -1.6000 -3.0815
        vertex 21.4782 -1.6000 -3.3877
    endloop
endfacet
facet normal 50.0000 -4.2611 -10.0000
    outer loop
        vertex 21.4782 -1.6000 -3.3877
        vertex 21.5454 -1.6000 -3.5859
        vertex 22.3182 -1.6000 -3.3789
    endloop
endfacet
facet normal 50.0000 -4.3916 -10.0000
    outer loop
        vertex 22.2174 -1.6000 -3.0815
        vertex 22.0784 -1.6000 -2.8000
        vertex 21.3856 -1.6000 -3.2000
    endloop
endfacet
facet normal 50.0000 -4.2611 -10.0000
    outer loop
        vertex 21.3856 -1.6000 -3.2000
        vertex 21.4782 -1.6000 -3.3877
        vertex 22.2174 -1.6000 -3.0815
    endloop
endfacet
facet normal 50.0000 -4.3916 -10.0000
    outer loop
        vertex 22.0784 -1.6000 -2.8000
        vertex 21.9042 -1.6000 -2.5389
        vertex 21.2694 -1.6000 -3.0259
    endloop
endfacet
facet normal 50.0000 -4.2610 -10.0000
    outer loop
        vertex 21.2694 -1.6000 -3.0259
        vertex 21.3856 -1.6000 -3.2000
        vertex 22.0784 -1.6000 -2.8000
    endloop
endfacet
facet normal 50.0000 -4.3916 -10.0000
    outer loop
        vertex 21.9042 -1.6000 -2.5389
        vertex 21.6970 -1.6000 -2.3030
        vertex 21.1314 -1.6000 -2.8686
    endloop
endfacet
facet normal 50.0000 -4.2611 -10.0000
    outer loop
        vertex 21.1314 -1.6000 -2.8686
        vertex 21.2694 -1.6000 -3.0259
        vertex 21.9042 -1.6000 -2.5389
    endloop
endfacet
facet normal 50.0000 -4.3916 -10.0000
    outer loop
        vertex 21.6970 -1.6000 -2.3030
        vertex 21.4611 -1.6000 -2.0958
        vertex 20.9741 -1.6000 -2.7306
    endloop
endfacet
facet normal 50.0000 -4.2611 -10.0000
    outer loop
        vertex 20.9741 -1.6000 -2.7306
        vertex 21.1314 -1.6000 -2.8686
        vertex 21.6970 -1.6000 -2.3030
    endloop
endfacet
facet normal 50.0000 -4.3916 -10.0000
    outer loop
        vertex 21.4611 -1.6000 -2.0958
        vertex 21.2000 -1.6000 -1.9216
        vertex 20.8000 -1.6000 -2.6144
    endloop
endfacet
facet normal 50.0000 -4.2610 -10.0000
    outer loop
        vertex 20.8000 -1.6000 -2.6144
        vertex 20.9741 -1.6000 -2.7306
        vertex 21.4611 -1.6000 -2.0958
    endloop
endfacet
facet normal 50.0000 -4.3916 -10.0000
    outer loop
        vertex 21.2000 -1.6000 -1.9216
        vertex 20.9185 -1.6000 -1.7826
        vertex 20.6123 -1.6000 -2.5218
    endloop
endfacet
facet normal 50.0000 -4.2611 -10.0000
    outer loop
        vertex 20.6123 -1.6000 -2.5218
        vertex 20.8000 -1.6000 -2.6144
        vertex 21.2000 -1.6000 -1.9216
    endloop
endfacet
facet normal 50.0000 -4.3916 -10.0000
    outer loop
        vertex 20.9185 -1.6000 -1.7826
        vertex 20.6211 -1.6000 -1.6818
        vertex 20.4141 -1.6000 -2.4546
    endloop
endfacet
facet normal 50.0000 -4.2611 -10.0000
    outer loop
        vertex 20.4141 -1.6000 -2.4546
        vertex 20.6123 -1.6000 -2.5218
        vertex 20.9185 -1.6000 -1.7826
    endloop
endfacet
facet normal 50.0000 -4.3916 -10.0000
    outer loop
        vertex 20.6211 -1.6000 -1.6818
        vertex 20.3132 -1.6000 -1.6206
        vertex 20.2088 -1.6000 -2.4138
    endloop
endfacet
facet normal 50.0000 -4.2610 -10.0000
    outer loop
        vertex 20.2088 -1.6000 -2.4138
        vertex 20.4141 -1.6000 -2.4546
        vertex 20.6211 -1.6000 -1.6818
    endloop
endfacet
facet normal 50.0000 -4.3915 -10.0000
    outer loop
        vertex 20.3132 -1.6000 -1.6206
        vertex 20.0000 -1.6000 -1.6000
        vertex 20.0000 -1.6000 -2.4000
    endloop
endfacet
facet normal 50.0000 -4.2610 -10.0000
    outer loop
        vertex 20.0000 -1.6000 -2.4000
        vertex 20.2088 -1.6000 -2.4138
        vertex 20.3132 -1.6000 -1.6206
    endloop
endfacet
facet normal 50.0000 -4.3915 -10.0000
    outer loop
        vertex 20.0000 -1.6000 -1.6000
        vertex 19.6868 -1.6000 -1.6206
        vertex 19.7912 -1.6000 -2.4138
    endloop
endfacet
facet normal 50.0000 -4.2610 -10.0000
    outer loop
        vertex 19.7912 -1.6000 -2.4138
        vertex 20.0000 -1.6000 -2.4000
        vertex 20.0000 -1.6000 -1.6000
    endloop
endfacet
facet normal 50.0000 -4.3916 -10.0000
    outer loop
        vertex 19.6868 -1.6000 -1.6206
        vertex 19.3789 -1.6000 -1.6818
        vertex 19.5859 -1.6000 -2.4546
    endloop
endfacet
facet normal 50.0000 -4.2610 -10.0000
    outer loop
        vertex 19.5859 -1.6000 -2.4546
        vertex 19.7912 -1.6000 -2.4138
        vertex 19.6868 -1.6000 -1.6206
    endloop
endfacet
facet normal 50.0000 -4.3916 -10.0000
    outer loop
        vertex 19.3789 -1.6000 -1.6818
        vertex 19.0815 -1.6000 -1.7826
        vertex 19.3877 -1.6000 -2.5218
    endloop
endfacet
facet normal 50.0000 -4.2611 -10.0000
    outer loop
        vertex 19.3877 -1.6000 -2.5218
        vertex 19.5859 -1.6000 -2.4546
        vertex 19.3789 -1.6000 -1.6818
    endloop
endfacet
facet normal 50.0000 -4.3916 -10.0000
    outer loop
        vertex 19.0815 -1.6000 -1.7826
        vertex 18.8000 -1.6000 -1.9216
        vertex 19.2000 -1.6000 -2.6144
    endloop
endfacet
facet normal 50.0000 -4.2611 -10.0000
    outer loop
        vertex 19.2000 -1.6000 -2.6144
        vertex 19.3877 -1.6000 -2.5218
        vertex 19.0815 -1.6000 -1.7826
    endloop
endfacet
facet normal 50.0000 -4.3916 -10.0000
    outer loop
        vertex 18.8000 -1.6000 -1.9216
        vertex 18.5389 -1.6000 -2.0958
        vertex 19.0259 -1.6000 -2.7306
    endloop
endfacet
facet normal 50.0000 -4.2610 -10.0000
    outer loop
        vertex 19.0259 -1.6000 -2.7306
        vertex 19.2000 -1.6000 -2.6144
        vertex 18.8000 -1.6000 -1.9216
    endloop
endfacet
facet normal 50.0000 -4.3916 -10.0000
    outer loop
        vertex 18.5389 -1.6000 -2.0958
        vertex 18.3030 -1.6000 -2.3030
        vertex 18.8686 -1.6000 -2.8686
    endloop
endfacet
facet normal 50.0000 -4.2611 -10.0000
    outer loop
        vertex 18.8686 -1.6000 -2.8686
        vertex 19.0259 -1.6000 -2.7306
        vertex 18.5389 -1.6000 -2.0958
    endloop
endfacet
facet normal 50.0000 -4.3916 -10.0000
    outer loop
        vertex 18.3030 -1.6000 -2.3030
        vertex 18.0958 -1.6000 -2.5389
        vertex 18.7306 -1.6000 -3.0259
    endloop
endfacet
facet normal 50.0000 -4.2611 -10.0000
    outer loop
        vertex 18.7306 -1.6000 -3.0259
        vertex 18.8686 -1.6000 -2.8686
        vertex 18.3030 -1.6000 -2.3030
    endloop
endfacet
facet normal 50.0000 -4.3916 -10.0000
    outer loop
        vertex 18.0958 -1.6000 -2.5389
        vertex 17.9216 -1.6000 -2.8000
        vertex 18.6144 -1.6000 -3.2000
    endloop
endfacet
facet normal 50.0000 -4.2610 -10.0000
    outer loop
        vertex 18.6144 -1.6000 -3.2000
        vertex 18.7306 -1.6000 -3.0259
        vertex 18.0958 -1.6000 -2.5389
    endloop
endfacet
facet normal 50.0000 -4.3916 -10.0000
    outer loop
        vertex 17.9216 -1.6000 -2.8000
        vertex 17.7826 -1.6000 -3.0815
        vertex 18.5218 -1.6000 -3.3877
    endloop
endfacet
facet normal 50.0000 -4.2611 -10.0000
    outer loop
        vertex 18.5218 -1.6000 -3.3877
        vertex 18.6144 -1.6000 -3.2000
        vertex 17.9216 -1.6000 -2.8000
    endloop
endfacet
facet normal 50.0000 -4.3916 -10.0000
    outer loop
        vertex 17.7826 -1.6000 -3.0815
        vertex 17.6818 -1.6000 -3.3789
        vertex 18.4546 -1.6000 -3.5859
    endloop
endfacet
facet normal 50.0000 -4.2611 -10.0000
    outer loop
        vertex 18.4546 -1.6000 -3.5859
        vertex 18.5218 -1.6000 -3.3877
        vertex 17.7826 -1.6000 -3.0815
    endloop
endfacet
facet normal 50.0000 -4.3916 -10.0000
    outer loop
        vertex 17.6818 -1.6000 -3.3789
        vertex 17.6206 -1.6000 -3.6868
        vertex 18.4138 -1.6000 -3.7912
    endloop
endfacet
facet normal 50.0000 -4.2610 -10.0000
    outer loop
        vertex 18.4138 -1.6000 -3.7912
        vertex 18.4546 -1.6000 -3.5859
        vertex 17.6818 -1.6000 -3.3789
    endloop
endfacet
facet normal 50.0000 -4.3915 -10.0000
    outer loop
        vertex 17.6206 -1.6000 -3.6868
        vertex 17.6000 -1.6000 -4.0000
        vertex 18.4000 -1.6000 -4.0000
    endloop
endfacet
facet normal 50.0000 -4.2610 -10.0000
    outer loop
        vertex 18.4000 -1.6000 -4.0000
        vertex 18.4138 -1.6000 -3.7912
        vertex 17.6206 -1.6000 -3.6868
    endloop
endfacet
facet normal 50.0000 -4.3915 -10.0000
    outer loop
        vertex 17.6000 -1.6000 -4.0000
        vertex 17.6206 -1.6000 -4.3132
        vertex 18.4138 -1.6000 -4.2088
    endloop
endfacet
facet normal 50.0000 -4.2610 -10.0000
    outer loop
        vertex 18.4138 -1.6000 -4.2088
        vertex 18.4000 -1.6000 -4.0000
        vertex 17.6000 -1.6000 -4.0000
    endloop
endfacet
facet normal 50.0000 -4.3916 -10.0000
    outer loop
        vertex 17.6206 -1.6000 -4.3132
        vertex 17.6818 -1.6000 -4.6211
        vertex 18.4546 -1.6000 -4.4141
    endloop
endfacet
facet normal 50.0000 -4.2610 -10.0000
    outer loop
        vertex 18.4546 -1.6000 -4.4141
        vertex 18.4138 -1.6000 -4.2088
        vertex 17.6206 -1.6000 -4.3132
    endloop
endfacet
facet normal 50.0000 -4.3916 -10.0000
    outer loop
        vertex 17.6818 -1.6000 -4.6211
        vertex 17.7826 -1.6000 -4.9185
        vertex 18.5218 -1.6000 -4.6123
    endloop
endfacet
facet normal 50.0000 -4.2611 -10.0000
    outer loop
        vertex 18.5218 -1.6000 -4.6123
        vertex 18.4546 -1.6000 -4.4141
        vertex 17.6818 -1.6000 -4.6211
    endloop
endfacet
facet normal 50.0000 -4.3916 -10.0000
    outer loop
        vertex 17.7826 -1.6000 -4.9185
        vertex 17.9216 -1.6000 -5.2000
        vertex 18.6144 -1.6000 -4.8000
    endloop
endfacet
facet normal 50.0000 -4.2611 -10.0000
    outer loop
        vertex 18.6144 -1.6000 -4.8000
        vertex 18.5218 -1.6000 -4.6123
        vertex 17.7826 -1.6000 -4.9185
    endloop
endfacet
facet normal 50.0000 -4.3916 -10.0000
    outer loop
        vertex 17.9216 -1.6000 -5.2000
        vertex 18.0958 -1.6000 -5.4611
        vertex 18.7306 -1.6000 -4.9741
    endloop
endfacet
facet normal 50.0000 -4.2610 -10.0000
    outer loop
        vertex 18.7306 -1.6000 -4.9741
        vertex 18.6144 -1.6000 -4.8000
        vertex 17.9216 -1.6000 -5.2000
    endloop
endfacet
facet normal 50.0000 -4.3916 -10.0000
    outer loop
        vertex 18.0958 -1.6000 -5.4611
        vertex 18.3030 -1.6000 -5.6970
        vertex 18.8686 -1.6000 -5.1314
    endloop
endfacet
facet normal 50.0000 -4.2611 -10.0000
    outer loop
        vertex 18.8686 -1.6000 -5.1314
        vertex 18.7306 -1.6000 -4.9741
        vertex 18.0958 -1.6000 -5.4611
    endloop
endfacet
facet normal 50.0000 -4.3916 -10.0000
    outer loop
        vertex 18.3030 -1.6000 -5.6970
        vertex 18.5389 -1.6000 -5.9042
        vertex 19.0259 -1.6000 -5.2694
    endloop
endfacet
facet normal 50.0000 -4.2611 -10.0000
    outer loop
        vertex 19.0259 -1.6000 -5.2694
        vertex 18.8686 -1.6000 -5.1314
        vertex 18.3030 -1.6000 -5.6970
    endloop
endfacet
facet normal 50.0000 -4.3916 -10.0000
    outer loop
        vertex 18.5389 -1.6000 -5.9042
        vertex 18.8000 -1.6000 -6.0784
        vertex 19.2000 -1.6000 -5.3856
    endloop
endfacet
facet normal 50.0000 -4.2610 -10.0000
    outer loop
        vertex 19.2000 -1.6000 -5.3856
        vertex 19.0259 -1.6000 -5.2694
        vertex 18.5389 -1.6000 -5.9042
    endloop
endfacet
facet normal 50.0000 -4.3916 -10.0000
    outer loop
        vertex 18.8000 -1.6000 -6.0784
        vertex 19.0815 -1.6000 -6.2174
        vertex 19.3877 -1.6000 -5.4782
    endloop
endfacet
facet normal 50.0000 -4.2611 -10.0000
    outer loop
        vertex 19.3877 -1.6000 -5.4782
        vertex 19.2000 -1.6000 -5.3856
        vertex 18.8000 -1.6000 -6.0784
    endloop
endfacet
facet normal 50.0000 -4.3916 -10.0000
    outer loop
        vertex 19.0815 -1.6000 -6.2174
        vertex 19.3789 -1.6000 -6.3182
        vertex 19.5859 -1.6000 -5.5454
    endloop
endfacet
facet normal 50.0000 -4.2611 -10.0000
    outer loop
        vertex 19.5859 -1.6000 -5.5454
        vertex 19.3877 -1.6000 -5.4782
        vertex 19.0815 -1.6000 -6.2174
    endloop
endfacet
facet normal 50.0000 -4.3916 -10.0000
    outer loop
        vertex 19.3789 -1.6000 -6.3182
        vertex 19.6868 -1.6000 -6.3794
        vertex 19.7912 -1.6000 -5.5862
    endloop
endfacet
facet normal 50.0000 -4.2610 -10.0000
    outer loop
        vertex 19.7912 -1.6000 -5.5862
        vertex 19.5859 -1.6000 -5.5454
        vertex 19.3789 -1.6000 -6.3182
    endloop
endfacet
facet normal 50.0000 -4.3915 -10.0000
    outer loop
        vertex 19.6868 -1.6000 -6.3794
        vertex 20.0000 -1.6000 -6.4000
        vertex 20.0000 -1.6000 -5.6000
    endloop
endfacet
facet normal 50.0000 -4.2610 -10.0000
    outer loop
        vertex 20.0000 -1.6000 -5.6000
        vertex 19.7912 -1.6000 -5.5862
        vertex 19.6868 -1.6000 -6.3794
    endloop
endfacet
facet normal 50.0000 -4.3915 -10.0000
    outer loop
        vertex 20.0000 -1.6000 -6.4000
        vertex 20.3132 -1.6000 -6.3794
        vertex 20.2088 -1.6000 -5.5862
    endloop
endfacet
facet normal 50.0000 -4.2610 -10.0000
    outer loop
        vertex 20.2088 -1.6000 -5.5862
        vertex 20.0000 -1.6000 -5.6000
        vertex 20.0000 -1.6000 -6.4000
    endloop
endfacet
facet normal 50.0000 -4.3916 -10.0000
    outer loop
        vertex 20.3132 -1.6000 -6.3794
        vertex 20.6211 -1.6000 -6.3182
        vertex 20.4141 -1.6000 -5.5454
    endloop
endfacet
facet normal 50.0000 -4.2610 -10.0000
    outer loop
        vertex 20.4141 -1.6000 -5.5454
        vertex 20.2088 -1.6000 -5.5862
        vertex 20.3132 -1.6000 -6.3794
    endloop
endfacet
facet normal 50.0000 -4.3916 -10.0000
    outer loop
        vertex 20.6211 -1.6000 -6.3182
        vertex 20.9185 -1.6000 -6.2174
        vertex 20.6123 -1.6000 -5.4782
    endloop
endfacet
facet normal 50.0000 -4.2611 -10.0000
    outer loop
        vertex 20.6123 -1.6000 -5.4782
        vertex 20.4141 -1.6000 -5.5454
        vertex 20.6211 -1.6000 -6.3182
    endloop
endfacet
facet normal 50.0000 -4.3916 -10.0000
    outer loop
        vertex 20.9185 -1.6000 -6.2174
        vertex 21.2000 -1.6000 -6.0784
        vertex 20.8000 -1.6000 -5.3856
    endloop
endfacet
facet normal 50.0000 -4.2611 -10.0000
    outer loop
        vertex 20.8000 -1.6000 -5.3856
        vertex 20.6123 -1.6000 -5.4782
        vertex 20.9185 -1.6000 -6.2174
    endloop
endfacet
facet normal 50.0000 -4.3916 -10.0000
    outer loop
        vertex 21.2000 -1.6000 -6.0784
        vertex 21.4611 -1.6000 -5.9042
        vertex 20.9741 -1.6000 -5.2694
    endloop
endfacet
facet normal 50.0000 -4.2610 -10.0000
    outer loop
        vertex 20.9741 -1.6000 -5.2694
        vertex 20.8000 -1.6000 -5.3856
        vertex 21.2000 -1.6000 -6.0784
    endloop
endfacet
facet normal 50.0000 -4.3916 -10.0000
    outer loop
        vertex 21.4611 -1.6000 -5.9042
        vertex 21.6970 -1.6000 -5.6970
        vertex 21.1314 -1.6000 -5.1314
    endloop
endfacet
facet normal 50.0000 -4.2611 -10.0000
    outer loop
        vertex 21.1314 -1.6000 -5.1314
        vertex 20.9741 -1.6000 -5.2694
        vertex 21.4611 -1.6000 -5.9042
    endloop
endfacet
facet normal 50.0000 -4.3916 -10.0000
    outer loop
        vertex 21.6970 -1.6000 -5.6970
        vertex 21.9042 -1.6000 -5.4611
        vertex 21.2694 -1.6000 -4.9741
    endloop
endfacet
facet normal 50.0000 -4.2611 -10.0000
    outer loop
        vertex 21.2694 -1.6000 -4.9741
        vertex 21.1314 -1.6000 -5.1314
        vertex 21.6970 -1.6000 -5.6970
    endloop
endfacet
facet normal 50.0000 -4.3916 -10.0000
    outer loop
        vertex 21.9042 -1.6000 -5.4611
        vertex 22.0784 -1.6000 -5.2000
        vertex 21.3856 -1.6000 -4.8000
    endloop
endfacet
facet normal 50.0000 -4.2610 -10.0000
    outer loop
        vertex 21.3856 -1.6000 -4.8000
        vertex 21.2694 -1.6000 -4.9741
        vertex 21.9042 -1.6000 -5.4611
    endloop
endfacet
facet normal 50.0000 -4.3916 -10.0000
    outer loop
        vertex 22.0784 -1.6000 -5.2000
        vertex 22.2174 -1.6000 -4.9185
        vertex 21.4782 -1.6000 -4.6123
    endloop
endfacet
facet normal 50.0000 -4.2611 -10.0000
    outer loop
        vertex 21.4782 -1.6000 -4.6123
        vertex 21.3856 -1.6000 -4.8000
        vertex 22.0784 -1.6000 -5.2000
    endloop
endfacet
facet normal 50.0000 -4.3916 -10.0000
    outer loop
        vertex 22.2174 -1.6000 -4.9185
        vertex 22.3182 -1.6000 -4.6211
        vertex 21.5454 -1.6000 -4.4141
    endloop
endfacet
facet normal 50.0000 -4.2611 -10.0000
    outer loop
        vertex 21.5454 -1.6000 -4.4141
        vertex 21.4782 -1.6000 -4.6123
        vertex 22.2174 -1.6000 -4.9185
    endloop
endfacet
facet normal 50.0000 -4.3916 -10.0000
    outer loop
        vertex 22.3182 -1.6000 -4.6211
        vertex 22.3794 -1.6000 -4.3132
        vertex 21.5862 -1.6000 -4.2088
    endloop
endfacet
facet normal 50.0000 -4.2610 -10.0000
    outer loop
        vertex 21.5862 -1.6000 -4.2088
        vertex 21.5454 -1.6000 -4.4141
        vertex 22.3182 -1.6000 -4.6211
    endloop
endfacet
facet normal 50.0000 -4.3915 -10.0000
    outer loop
        vertex 22.3794 -1.6000 -4.3132
        vertex 22.4000 -1.6000 -4.0000
        vertex 21.6000 -1.6000 -4.0000
    endloop
endfacet
facet normal 50.0000 -4.2610 -10.0000
    outer loop
        vertex 21.6000 -1.6000 -4.0000
        vertex 21.5862 -1.6000 -4.2088
        vertex 22.3794 -1.6000 -4.3132
    endloop
endfacet
facet normal 0.0000 24.0000 -19.2500
    outer loop
        vertex 7.6000 2.0000 -8.0000
        vertex 7.6000 17.2000 -8.0000
        vertex -7.6000 17.2000 -8.0000
    endloop
endfacet
facet normal 0.0000 24.0000 -19.2500
    outer loop
        vertex -7.6000 17.2000 -8.0000
        vertex -7.6000 2.0000 -8.0000
        vertex 7.6000 2.0000 -8.0000
    endloop
endfacet
facet normal 0.0000 -14.0000 -20.2500
    outer loop
        vertex -7.6000 2.0000 -8.1000
        vertex 7.6000 2.0000 -8.1000
        vertex 7.6000 2.0000 -8.0000
    endloop
endfacet
facet normal 0.0000 -14.0000 -20.2500
    outer loop
        vertex 7.6000 2.0000 -8.0000
        vertex -7.6000 2.0000 -8.0000
        vertex -7.6000 2.0000 -8.1000
    endloop
endfacet
facet normal -38.0000 24.0000 -20.2500
    outer loop
        vertex -7.6000 17.2000 -8.1000
        vertex -7.6000 2.0000 -8.1000
        vertex -7.6000 2.0000 -8.0000
    endloop
endfacet
facet normal -38.0000 24.0000 -20.2500
    outer loop
        vertex -7.6000 2.0000 -8.0000
        vertex -7.6000 17.2000 -8.0000
        vertex -7.6000 17.2000 -8.1000
    endloop
endfacet
facet normal 0.0000 62.0000 -20.2500
    outer loop
        vertex 7.6000 17.2000 -8.1000
        vertex -7.6000 17.2000 -8.1000
        vertex -7.6000 17.2000 -8.0000
    endloop
endfacet
facet normal 0.0000 62.0000 -20.2500
    outer loop
        vertex -7.6000 17.2000 -8.0000
        vertex 7.6000 17.2000 -8.0000
        vertex 7.6000 17.2000 -8.1000
    endloop
endfacet
facet normal 38.0000 24.0000 -20.2500
    outer loop
        vertex 7.6000 2.0000 -8.1000
        vertex 7.6000 17.2000 -8.1000
        vertex 7.6000 17.2000 -8.0000
    endloop
endfacet
facet normal 38.0000 24.0000 -20.2500
    outer loop
        vertex 7.6000 17.2000 -8.0000
        vertex 7.6000 2.0000 -8.0000
        vertex 7.6000 2.0000 -8.1000
    endloop
endfacet
facet normal 0.0000 24.0000 -21.3890
    outer loop
        vertex -6.3600 6.2080 -8.1000
        vertex -6.2400 6.5680 -8.1000
        vertex -5.7080 6.3120 -8.1000
    endloop
endfacet
facet normal 0.0000 24.0000 -20.9338
    outer loop
        vertex -5.7080 6.3120 -8.1000
        vertex -5.7760 6.0720 -8.1000
        vertex -6.3600 6.2080 -8.1000
    endloop
endfacet
facet normal 0.0000 24.0000 -21.5558
    outer loop
        vertex -6.4040 5.7920 -8.1000
        vertex -6.3600 6.2080 -8.1000
        vertex -5.7760 6.0720 -8.1000
    endloop
endfacet
facet normal 0.0000 24.0000 -21.0727
    outer loop
        vertex -5.7760 6.0720 -8.1000
        vertex -5.8000 5.7880 -8.1000
        vertex -6.4040 5.7920 -8.1000
    endloop
endfacet
facet normal 0.0000 24.0000 -21.3239
    outer loop
        vertex -5.7080 6.3120 -8.1000
        vertex -6.2400 6.5680 -8.1000
        vertex -6.0360 6.8680 -8.1000
    endloop
endfacet
facet normal 0.0000 24.0000 -20.8188
    outer loop
        vertex -6.0360 6.8680 -8.1000
        vertex -5.5880 6.5080 -8.1000
        vertex -5.7080 6.3120 -8.1000
    endloop
endfacet
facet normal 0.0000 24.0000 -21.1558
    outer loop
        vertex -5.3400 6.7000 -8.1000
        vertex -5.7680 7.0960 -8.1000
        vertex -5.4480 7.2320 -8.1000
    endloop
endfacet
facet normal 0.0000 24.0000 -21.2560
    outer loop
        vertex -5.4480 7.2320 -8.1000
        vertex -5.0800 7.2800 -8.1000
        vertex -5.3400 6.7000 -8.1000
    endloop
endfacet
facet normal 0.0000 24.0000 -21.1274
    outer loop
        vertex -5.7680 7.0960 -8.1000
        vertex -5.3400 6.7000 -8.1000
        vertex -5.5880 6.5080 -8.1000
    endloop
endfacet
facet normal 0.0000 24.0000 -21.2414
    outer loop
        vertex -5.5880 6.5080 -8.1000
        vertex -6.0360 6.8680 -8.1000
        vertex -5.7680 7.0960 -8.1000
    endloop
endfacet
facet normal 0.0000 24.0000 -21.5704
    outer loop
        vertex -5.7760 5.5080 -8.1000
        vertex -6.3600 5.3720 -8.1000
        vertex -6.4040 5.7920 -8.1000
    endloop
endfacet
facet normal 0.0000 24.0000 -21.0564
    outer loop
        vertex -6.4040 5.7920 -8.1000
        vertex -5.8000 5.7880 -8.1000
        vertex -5.7760 5.5080 -8.1000
    endloop
endfacet
facet normal 0.0000 24.0000 -21.3638
    outer loop
        vertex -5.7120 5.2680 -8.1000
        vertex -6.2400 5.0160 -8.1000
        vertex -6.3600 5.3720 -8.1000
    endloop
endfacet
facet normal 0.0000 24.0000 -20.9304
    outer loop
        vertex -6.3600 5.3720 -8.1000
        vertex -5.7760 5.5080 -8.1000
        vertex -5.7120 5.2680 -8.1000
    endloop
endfacet
facet normal 0.0000 24.0000 -21.2714
    outer loop
        vertex -6.0360 4.7160 -8.1000
        vertex -6.2400 5.0160 -8.1000
        vertex -5.6000 5.0720 -8.1000
    endloop
endfacet
facet normal 0.0000 24.0000 -21.2067
    outer loop
        vertex -5.6000 5.0720 -8.1000
        vertex -5.7680 4.4920 -8.1000
        vertex -6.0360 4.7160 -8.1000
    endloop
endfacet
facet normal 0.0000 24.0000 -21.1223
    outer loop
        vertex -5.3600 4.8800 -8.1000
        vertex -5.4440 4.3600 -8.1000
        vertex -5.7680 4.4920 -8.1000
    endloop
endfacet
facet normal 0.0000 24.0000 -21.0716
    outer loop
        vertex -5.7680 4.4920 -8.1000
        vertex -5.6000 5.0720 -8.1000
        vertex -5.3600 4.8800 -8.1000
    endloop
endfacet
facet normal 0.0000 24.0000 -21.2030
    outer loop
        vertex -5.0440 4.8160 -8.1000
        vertex -5.0640 4.3120 -8.1000
        vertex -5.4440 4.3600 -8.1000
    endloop
endfacet
facet normal 0.0000 24.0000 -21.0606
    outer loop
        vertex -5.4440 4.3600 -8.1000
        vertex -5.3600 4.8800 -8.1000
        vertex -5.0440 4.8160 -8.1000
    endloop
endfacet
facet normal 0.0000 24.0000 -21.0292
    outer loop
        vertex -4.7360 4.3440 -8.1000
        vertex -5.0640 4.3120 -8.1000
        vertex -5.0440 4.8160 -8.1000
    endloop
endfacet
facet normal 0.0000 24.0000 -20.7619
    outer loop
        vertex -5.0440 4.8160 -8.1000
        vertex -4.8040 4.8440 -8.1000
        vertex -4.7360 4.3440 -8.1000
    endloop
endfacet
facet normal 0.0000 24.0000 -20.8232
    outer loop
        vertex -6.2400 5.0160 -8.1000
        vertex -5.7120 5.2680 -8.1000
        vertex -5.6000 5.0720 -8.1000
    endloop
endfacet
facet normal 0.0000 24.0000 -21.0785
    outer loop
        vertex -5.0120 6.7680 -8.1000
        vertex -5.3400 6.7000 -8.1000
        vertex -5.0800 7.2800 -8.1000
    endloop
endfacet
facet normal 0.0000 24.0000 -20.7945
    outer loop
        vertex -5.0800 7.2800 -8.1000
        vertex -4.8280 7.2520 -8.1000
        vertex -5.0120 6.7680 -8.1000
    endloop
endfacet
facet normal 0.0000 24.0000 -20.8083
    outer loop
        vertex -4.7600 6.7280 -8.1000
        vertex -5.0120 6.7680 -8.1000
        vertex -4.8280 7.2520 -8.1000
    endloop
endfacet
facet normal 0.0000 24.0000 -20.6768
    outer loop
        vertex -4.8280 7.2520 -8.1000
        vertex -4.6120 7.1800 -8.1000
        vertex -4.7600 6.7280 -8.1000
    endloop
endfacet
facet normal 0.0000 24.0000 -20.6816
    outer loop
        vertex -4.4240 7.0520 -8.1000
        vertex -4.5520 6.6040 -8.1000
        vertex -4.7600 6.7280 -8.1000
    endloop
endfacet
facet normal 0.0000 24.0000 -20.6495
    outer loop
        vertex -4.7600 6.7280 -8.1000
        vertex -4.6120 7.1800 -8.1000
        vertex -4.4240 7.0520 -8.1000
    endloop
endfacet
facet normal 0.0000 24.0000 -20.8051
    outer loop
        vertex -4.2560 6.8680 -8.1000
        vertex -4.1840 7.2000 -8.1000
        vertex -3.7960 7.2000 -8.1000
    endloop
endfacet
facet normal 0.0000 24.0000 -21.8944
    outer loop
        vertex -3.7960 7.2000 -8.1000
        vertex -4.3240 6.1600 -8.1000
        vertex -4.2560 6.8680 -8.1000
    endloop
endfacet
facet normal 0.0000 24.0000 -20.4611
    outer loop
        vertex -4.3240 6.1600 -8.1000
        vertex -4.4040 6.4120 -8.1000
        vertex -4.2560 6.8680 -8.1000
    endloop
endfacet
facet normal 0.0000 24.0000 -20.5994
    outer loop
        vertex -4.2560 6.8680 -8.1000
        vertex -4.4040 6.4120 -8.1000
        vertex -4.5520 6.6040 -8.1000
    endloop
endfacet
facet normal 0.0000 24.0000 -20.6176
    outer loop
        vertex -4.5520 6.6040 -8.1000
        vertex -4.4240 7.0520 -8.1000
        vertex -4.2560 6.8680 -8.1000
    endloop
endfacet
facet normal 0.0000 24.0000 -25.0292
    outer loop
        vertex -3.7960 5.6760 -8.1000
        vertex -4.3240 6.1600 -8.1000
        vertex -3.7960 7.2000 -8.1000
    endloop
endfacet
facet normal 0.0000 24.0000 -21.9360
    outer loop
        vertex -4.9640 5.6760 -8.1000
        vertex -4.9640 6.1600 -8.1000
        vertex -4.3240 6.1600 -8.1000
    endloop
endfacet
facet normal 0.0000 24.0000 -23.5332
    outer loop
        vertex -4.3240 6.1600 -8.1000
        vertex -3.7960 5.6760 -8.1000
        vertex -4.9640 5.6760 -8.1000
    endloop
endfacet
facet normal 0.0000 24.0000 -20.9095
    outer loop
        vertex -4.6160 4.9280 -8.1000
        vertex -4.2040 4.5680 -8.1000
        vertex -4.4480 4.4280 -8.1000
    endloop
endfacet
facet normal 0.0000 24.0000 -20.6757
    outer loop
        vertex -4.4480 4.4280 -8.1000
        vertex -4.8040 4.8440 -8.1000
        vertex -4.6160 4.9280 -8.1000
    endloop
endfacet
facet normal 0.0000 24.0000 -20.9357
    outer loop
        vertex -4.7360 4.3440 -8.1000
        vertex -4.8040 4.8440 -8.1000
        vertex -4.4480 4.4280 -8.1000
    endloop
endfacet
facet normal 0.0000 24.0000 -20.6858
    outer loop
        vertex -4.2040 4.5680 -8.1000
        vertex -4.6160 4.9280 -8.1000
        vertex -4.4760 5.0720 -8.1000
    endloop
endfacet
facet normal 0.0000 24.0000 -20.9244
    outer loop
        vertex -4.4760 5.0720 -8.1000
        vertex -4.0120 4.7560 -8.1000
        vertex -4.2040 4.5680 -8.1000
    endloop
endfacet
facet normal 0.0000 24.0000 -21.0143
    outer loop
        vertex -4.3960 5.2640 -8.1000
        vertex -3.8080 5.2640 -8.1000
        vertex -3.8800 4.9880 -8.1000
    endloop
endfacet
facet normal 0.0000 24.0000 -20.7572
    outer loop
        vertex -3.8800 4.9880 -8.1000
        vertex -4.4760 5.0720 -8.1000
        vertex -4.3960 5.2640 -8.1000
    endloop
endfacet
facet normal 0.0000 24.0000 -20.9335
    outer loop
        vertex -4.0120 4.7560 -8.1000
        vertex -4.4760 5.0720 -8.1000
        vertex -3.8800 4.9880 -8.1000
    endloop
endfacet
facet normal 0.0000 24.0000 -22.0592
    outer loop
        vertex -3.2640 6.6240 -8.1000
        vertex -3.2640 7.2000 -8.1000
        vertex -2.6920 7.2000 -8.1000
    endloop
endfacet
facet normal 0.0000 24.0000 -22.0592
    outer loop
        vertex -2.6920 7.2000 -8.1000
        vertex -2.6920 6.6240 -8.1000
        vertex -3.2640 6.6240 -8.1000
    endloop
endfacet
facet normal 0.0000 24.0000 -21.4098
    outer loop
        vertex 2.0160 6.6120 -8.1000
        vertex 2.5480 6.6120 -8.1000
        vertex 2.0240 6.1880 -8.1000
    endloop
endfacet
facet normal 0.0000 24.0000 -21.9610
    outer loop
        vertex 2.0240 6.1880 -8.1000
        vertex 1.2840 6.1880 -8.1000
        vertex 2.0160 6.6120 -8.1000
    endloop
endfacet
facet normal 0.0000 24.0000 -23.0634
    outer loop
        vertex 0.8600 6.6120 -8.1000
        vertex 2.0160 6.6120 -8.1000
        vertex 1.2840 6.1880 -8.1000
    endloop
endfacet
facet normal 0.0000 24.0000 -21.2826
    outer loop
        vertex 1.2840 6.1880 -8.1000
        vertex 0.8600 6.1280 -8.1000
        vertex 0.8600 6.6120 -8.1000
    endloop
endfacet
facet normal 0.0000 24.0000 -24.5180
    outer loop
        vertex 2.0240 5.0160 -8.1000
        vertex 1.8680 4.5440 -8.1000
        vertex 0.8600 6.1280 -8.1000
    endloop
endfacet
facet normal 0.0000 24.0000 -23.3833
    outer loop
        vertex 0.8600 6.1280 -8.1000
        vertex 1.2840 6.1880 -8.1000
        vertex 2.0240 5.0160 -8.1000
    endloop
endfacet
facet normal 0.0000 24.0000 -21.9551
    outer loop
        vertex 2.0160 6.6120 -8.1000
        vertex 2.0160 7.2000 -8.1000
        vertex 2.5480 7.2000 -8.1000
    endloop
endfacet
facet normal 0.0000 24.0000 -21.9551
    outer loop
        vertex 2.5480 7.2000 -8.1000
        vertex 2.5480 6.6120 -8.1000
        vertex 2.0160 6.6120 -8.1000
    endloop
endfacet
facet normal 0.0000 24.0000 -20.8611
    outer loop
        vertex 2.5480 6.6120 -8.1000
        vertex 2.8640 6.6120 -8.1000
        vertex 2.8640 6.1760 -8.1000
    endloop
endfacet
facet normal 0.0000 24.0000 -20.8611
    outer loop
        vertex 2.8640 6.1760 -8.1000
        vertex 2.5480 6.1760 -8.1000
        vertex 2.5480 6.6120 -8.1000
    endloop
endfacet
facet normal 0.0000 24.0000 -21.4279
    outer loop
        vertex 2.0240 6.1880 -8.1000
        vertex 2.5480 6.6120 -8.1000
        vertex 2.5480 6.1760 -8.1000
    endloop
endfacet
facet normal 0.0000 24.0000 -23.8383
    outer loop
        vertex 2.5480 6.1760 -8.1000
        vertex 2.0240 5.0160 -8.1000
        vertex 2.0240 6.1880 -8.1000
    endloop
endfacet
facet normal 0.0000 24.0000 -25.3448
    outer loop
        vertex 2.0240 5.0160 -8.1000
        vertex 2.5480 6.1760 -8.1000
        vertex 2.5480 4.5440 -8.1000
    endloop
endfacet
facet normal 0.0000 24.0000 -22.0060
    outer loop
        vertex 2.5480 4.5440 -8.1000
        vertex 1.8680 4.5440 -8.1000
        vertex 2.0240 5.0160 -8.1000
    endloop
endfacet
facet normal 0.0000 24.0000 -20.4569
    outer loop
        vertex 3.3560 7.0600 -8.1000
        vertex 3.7440 6.7440 -8.1000
        vertex 3.6600 6.6240 -8.1000
    endloop
endfacet
facet normal 0.0000 24.0000 -20.6975
    outer loop
        vertex 3.6600 6.6240 -8.1000
        vertex 3.2116 6.9000 -8.1000
        vertex 3.3560 7.0600 -8.1000
    endloop
endfacet
facet normal 0.0000 24.0000 -20.7116
    outer loop
        vertex 3.1240 6.7000 -8.1000
        vertex 3.2116 6.9000 -8.1000
        vertex 3.6600 6.6240 -8.1000
    endloop
endfacet
facet normal 0.0000 24.0000 -20.5531
    outer loop
        vertex 3.6600 6.6240 -8.1000
        vertex 3.6240 6.4640 -8.1000
        vertex 3.1240 6.7000 -8.1000
    endloop
endfacet
facet normal 0.0000 24.0000 -20.6544
    outer loop
        vertex 3.7440 6.7440 -8.1000
        vertex 3.3560 7.0600 -8.1000
        vertex 3.5400 7.1800 -8.1000
    endloop
endfacet
facet normal 0.0000 24.0000 -20.4297
    outer loop
        vertex 3.5400 7.1800 -8.1000
        vertex 3.8680 6.8160 -8.1000
        vertex 3.7440 6.7440 -8.1000
    endloop
endfacet
facet normal 0.0000 24.0000 -20.7260
    outer loop
        vertex 3.7640 7.2560 -8.1000
        vertex 4.0280 7.2800 -8.1000
        vertex 4.0280 6.8400 -8.1000
    endloop
endfacet
facet normal 0.0000 24.0000 -20.4556
    outer loop
        vertex 4.0280 6.8400 -8.1000
        vertex 3.8680 6.8160 -8.1000
        vertex 3.7640 7.2560 -8.1000
    endloop
endfacet
facet normal 0.0000 24.0000 -20.6654
    outer loop
        vertex 3.8680 6.8160 -8.1000
        vertex 3.5400 7.1800 -8.1000
        vertex 3.7640 7.2560 -8.1000
    endloop
endfacet
facet normal 0.0000 24.0000 -20.7906
    outer loop
        vertex 3.6240 6.4640 -8.1000
        vertex 3.0880 6.4640 -8.1000
        vertex 3.1240 6.7000 -8.1000
    endloop
endfacet
facet normal 0.0000 24.0000 -24.0081
    outer loop
        vertex 3.6720 5.5520 -8.1000
        vertex 3.3560 4.5440 -8.1000
        vertex 3.1800 6.0120 -8.1000
    endloop
endfacet
facet normal 0.0000 24.0000 -21.5006
    outer loop
        vertex 3.1800 6.0120 -8.1000
        vertex 3.6720 6.0400 -8.1000
        vertex 3.6720 5.5520 -8.1000
    endloop
endfacet
facet normal 0.0000 24.0000 -20.5460
    outer loop
        vertex 3.8240 5.8960 -8.1000
        vertex 3.8800 5.4480 -8.1000
        vertex 3.6720 5.5520 -8.1000
    endloop
endfacet
facet normal 0.0000 24.0000 -20.4636
    outer loop
        vertex 3.6720 5.5520 -8.1000
        vertex 3.6720 6.0400 -8.1000
        vertex 3.8240 5.8960 -8.1000
    endloop
endfacet
facet normal 0.0000 24.0000 -20.5656
    outer loop
        vertex 3.8800 5.4480 -8.1000
        vertex 3.8240 5.8960 -8.1000
        vertex 4.0320 5.8480 -8.1000
    endloop
endfacet
facet normal 0.0000 24.0000 -20.3266
    outer loop
        vertex 4.0320 5.8480 -8.1000
        vertex 4.0000 5.4200 -8.1000
        vertex 3.8800 5.4480 -8.1000
    endloop
endfacet
facet normal 0.0000 24.0000 -20.3761
    outer loop
        vertex 4.1400 5.4120 -8.1000
        vertex 4.0000 5.4200 -8.1000
        vertex 4.0320 5.8480 -8.1000
    endloop
endfacet
facet normal 0.0000 24.0000 -20.5366
    outer loop
        vertex 4.0320 5.8480 -8.1000
        vertex 4.2200 5.8840 -8.1000
        vertex 4.1400 5.4120 -8.1000
    endloop
endfacet
facet normal 0.0000 24.0000 -21.5359
    outer loop
        vertex 3.3560 4.5440 -8.1000
        vertex 3.6720 5.5520 -8.1000
        vertex 3.7440 5.0040 -8.1000
    endloop
endfacet
facet normal 0.0000 24.0000 -24.5195
    outer loop
        vertex 4.9280 4.5440 -8.1000
        vertex 3.3560 4.5440 -8.1000
        vertex 3.7440 5.0040 -8.1000
    endloop
endfacet
facet normal 0.0000 24.0000 -23.4040
    outer loop
        vertex 3.7440 5.0040 -8.1000
        vertex 4.9280 5.0040 -8.1000
        vertex 4.9280 4.5440 -8.1000
    endloop
endfacet
facet normal 0.0000 24.0000 -20.8030
    outer loop
        vertex 4.0280 6.8400 -8.1000
        vertex 4.0280 7.2800 -8.1000
        vertex 4.3200 7.2480 -8.1000
    endloop
endfacet
facet normal 0.0000 24.0000 -20.5582
    outer loop
        vertex 4.3200 7.2480 -8.1000
        vertex 4.2240 6.8080 -8.1000
        vertex 4.0280 6.8400 -8.1000
    endloop
endfacet
facet normal 0.0000 24.0000 -20.5232
    outer loop
        vertex 4.5680 7.1600 -8.1000
        vertex 4.3680 6.7120 -8.1000
        vertex 4.2240 6.8080 -8.1000
    endloop
endfacet
facet normal 0.0000 24.0000 -20.7348
    outer loop
        vertex 4.2240 6.8080 -8.1000
        vertex 4.3200 7.2480 -8.1000
        vertex 4.5680 7.1600 -8.1000
    endloop
endfacet
facet normal 0.0000 24.0000 -20.5712
    outer loop
        vertex 4.4560 6.5520 -8.1000
        vertex 4.3680 6.7120 -8.1000
        vertex 4.7720 7.0160 -8.1000
    endloop
endfacet
facet normal 0.0000 24.0000 -20.8279
    outer loop
        vertex 4.7720 7.0160 -8.1000
        vertex 4.9240 6.8200 -8.1000
        vertex 4.4560 6.5520 -8.1000
    endloop
endfacet
facet normal 0.0000 24.0000 -20.7483
    outer loop
        vertex 4.4840 6.3400 -8.1000
        vertex 4.4560 6.5520 -8.1000
        vertex 5.0160 6.5880 -8.1000
    endloop
endfacet
facet normal 0.0000 24.0000 -20.9673
    outer loop
        vertex 5.0160 6.5880 -8.1000
        vertex 5.0480 6.3120 -8.1000
        vertex 4.4840 6.3400 -8.1000
    endloop
endfacet
facet normal 0.0000 24.0000 -20.8327
    outer loop
        vertex 4.4560 6.5520 -8.1000
        vertex 4.9240 6.8200 -8.1000
        vertex 5.0160 6.5880 -8.1000
    endloop
endfacet
facet normal 0.0000 24.0000 -20.7512
    outer loop
        vertex 4.3680 6.7120 -8.1000
        vertex 4.5680 7.1600 -8.1000
        vertex 4.7720 7.0160 -8.1000
    endloop
endfacet
facet normal 0.0000 24.0000 -20.8932
    outer loop
        vertex 4.4840 6.3400 -8.1000
        vertex 5.0480 6.3120 -8.1000
        vertex 5.0200 6.0600 -8.1000
    endloop
endfacet
facet normal 0.0000 24.0000 -20.7324
    outer loop
        vertex 5.0200 6.0600 -8.1000
        vertex 4.4560 6.1360 -8.1000
        vertex 4.4840 6.3400 -8.1000
    endloop
endfacet
facet normal 0.0000 24.0000 -20.5592
    outer loop
        vertex 4.2200 5.8840 -8.1000
        vertex 4.3640 5.9800 -8.1000
        vertex 4.6120 5.5240 -8.1000
    endloop
endfacet
facet normal 0.0000 24.0000 -20.7008
    outer loop
        vertex 4.6120 5.5240 -8.1000
        vertex 4.3920 5.4400 -8.1000
        vertex 4.2200 5.8840 -8.1000
    endloop
endfacet
facet normal 0.0000 24.0000 -20.7294
    outer loop
        vertex 4.1400 5.4120 -8.1000
        vertex 4.2200 5.8840 -8.1000
        vertex 4.3920 5.4400 -8.1000
    endloop
endfacet
facet normal 0.0000 24.0000 -20.6359
    outer loop
        vertex 4.3640 5.9800 -8.1000
        vertex 4.4560 6.1360 -8.1000
        vertex 4.9360 5.8440 -8.1000
    endloop
endfacet
facet normal 0.0000 24.0000 -20.7768
    outer loop
        vertex 4.9360 5.8440 -8.1000
        vertex 4.7960 5.6600 -8.1000
        vertex 4.3640 5.9800 -8.1000
    endloop
endfacet
facet normal 0.0000 24.0000 -20.7352
    outer loop
        vertex 4.6120 5.5240 -8.1000
        vertex 4.3640 5.9800 -8.1000
        vertex 4.7960 5.6600 -8.1000
    endloop
endfacet
facet normal 0.0000 24.0000 -20.8013
    outer loop
        vertex 4.9360 5.8440 -8.1000
        vertex 4.4560 6.1360 -8.1000
        vertex 5.0200 6.0600 -8.1000
    endloop
endfacet
facet normal 0.0000 24.0000 -21.0018
    outer loop
        vertex 6.0520 6.6640 -8.1000
        vertex 5.5000 6.6360 -8.1000
        vertex 5.5320 6.9280 -8.1000
    endloop
endfacet
facet normal 0.0000 24.0000 -20.4104
    outer loop
        vertex 5.5320 6.9280 -8.1000
        vertex 6.0880 6.7720 -8.1000
        vertex 6.0520 6.6640 -8.1000
    endloop
endfacet
facet normal 0.0000 24.0000 -20.7113
    outer loop
        vertex 6.0880 6.7720 -8.1000
        vertex 5.5320 6.9280 -8.1000
        vertex 5.6200 7.1080 -8.1000
    endloop
endfacet
facet normal 0.0000 24.0000 -20.6102
    outer loop
        vertex 5.6200 7.1080 -8.1000
        vertex 5.7880 7.1960 -8.1000
        vertex 6.0880 6.7720 -8.1000
    endloop
endfacet
facet normal 0.0000 24.0000 -23.8778
    outer loop
        vertex 6.0520 5.5120 -8.1000
        vertex 5.5000 5.5120 -8.1000
        vertex 5.5000 6.6360 -8.1000
    endloop
endfacet
facet normal 0.0000 24.0000 -23.9744
    outer loop
        vertex 5.5000 6.6360 -8.1000
        vertex 6.0520 6.6640 -8.1000
        vertex 6.0520 5.5120 -8.1000
    endloop
endfacet
facet normal 0.0000 24.0000 -20.6693
    outer loop
        vertex 5.2240 5.1240 -8.1000
        vertex 5.2240 5.5120 -8.1000
        vertex 5.5000 5.5120 -8.1000
    endloop
endfacet
facet normal 0.0000 24.0000 -20.6693
    outer loop
        vertex 5.5000 5.5120 -8.1000
        vertex 5.5000 5.1240 -8.1000
        vertex 5.2240 5.1240 -8.1000
    endloop
endfacet
facet normal 0.0000 24.0000 -21.3386
    outer loop
        vertex 5.5000 5.1240 -8.1000
        vertex 5.5000 5.5120 -8.1000
        vertex 6.0520 5.5120 -8.1000
    endloop
endfacet
facet normal 0.0000 24.0000 -21.3386
    outer loop
        vertex 6.0520 5.5120 -8.1000
        vertex 6.0520 5.1240 -8.1000
        vertex 5.5000 5.1240 -8.1000
    endloop
endfacet
facet normal 0.0000 24.0000 -21.9596
    outer loop
        vertex 5.5000 4.5560 -8.1000
        vertex 5.5000 5.1240 -8.1000
        vertex 6.0520 5.1240 -8.1000
    endloop
endfacet
facet normal 0.0000 24.0000 -21.9596
    outer loop
        vertex 6.0520 5.1240 -8.1000
        vertex 6.0520 4.5560 -8.1000
        vertex 5.5000 4.5560 -8.1000
    endloop
endfacet
facet normal 0.0000 24.0000 -20.3746
    outer loop
        vertex 6.0880 6.7720 -8.1000
        vertex 6.0560 7.2280 -8.1000
        vertex 6.1880 7.2200 -8.1000
    endloop
endfacet
facet normal 0.0000 24.0000 -20.3994
    outer loop
        vertex 6.1880 7.2200 -8.1000
        vertex 6.2360 6.7960 -8.1000
        vertex 6.0880 6.7720 -8.1000
    endloop
endfacet
facet normal 0.0000 24.0000 -20.3570
    outer loop
        vertex 6.3720 7.2160 -8.1000
        vertex 6.3720 6.7960 -8.1000
        vertex 6.2360 6.7960 -8.1000
    endloop
endfacet
facet normal 0.0000 24.0000 -20.4864
    outer loop
        vertex 6.2360 6.7960 -8.1000
        vertex 6.1880 7.2200 -8.1000
        vertex 6.3720 7.2160 -8.1000
    endloop
endfacet
facet normal 0.0000 24.0000 -20.7760
    outer loop
        vertex 6.0520 5.1240 -8.1000
        vertex 6.0520 5.5120 -8.1000
        vertex 6.3720 5.5120 -8.1000
    endloop
endfacet
facet normal 0.0000 24.0000 -20.7760
    outer loop
        vertex 6.3720 5.5120 -8.1000
        vertex 6.3720 5.1240 -8.1000
        vertex 6.0520 5.1240 -8.1000
    endloop
endfacet
facet normal 0.0000 24.0000 -20.7702
    outer loop
        vertex 6.0880 6.7720 -8.1000
        vertex 5.7880 7.1960 -8.1000
        vertex 6.0560 7.2280 -8.1000
    endloop
endfacet
facet normal 0.0000 24.0000 -22.8359
    outer loop
        vertex -5.6000 11.0000 -8.1000
        vertex -5.0520 11.0000 -8.1000
        vertex -5.3280 10.1720 -8.1000
    endloop
endfacet
facet normal 0.0000 24.0000 -28.9618
    outer loop
        vertex -5.3280 10.1720 -8.1000
        vertex -6.4080 8.1880 -8.1000
        vertex -5.6000 11.0000 -8.1000
    endloop
endfacet
facet normal 0.0000 24.0000 -25.4920
    outer loop
        vertex -4.6120 8.8440 -8.1000
        vertex -4.9200 8.1880 -8.1000
        vertex -5.3280 10.1720 -8.1000
    endloop
endfacet
facet normal 0.0000 24.0000 -25.9961
    outer loop
        vertex -5.3280 10.1720 -8.1000
        vertex -5.0520 11.0000 -8.1000
        vertex -4.6120 8.8440 -8.1000
    endloop
endfacet
facet normal 0.0000 24.0000 -27.4400
    outer loop
        vertex -5.8080 8.1880 -8.1000
        vertex -6.4080 8.1880 -8.1000
        vertex -5.3280 10.1720 -8.1000
    endloop
endfacet
facet normal 0.0000 24.0000 -22.8566
    outer loop
        vertex -3.9000 10.1720 -8.1000
        vertex -4.1800 11.0000 -8.1000
        vertex -3.6280 11.0000 -8.1000
    endloop
endfacet
facet normal 0.0000 24.0000 -28.9411
    outer loop
        vertex -3.6280 11.0000 -8.1000
        vertex -2.8240 8.1880 -8.1000
        vertex -3.9000 10.1720 -8.1000
    endloop
endfacet
facet normal 0.0000 24.0000 -22.5256
    outer loop
        vertex -4.3040 8.1880 -8.1000
        vertex -4.9200 8.1880 -8.1000
        vertex -4.6120 8.8440 -8.1000
    endloop
endfacet
facet normal 0.0000 24.0000 -25.4756
    outer loop
        vertex -4.6120 8.8440 -8.1000
        vertex -3.9000 10.1720 -8.1000
        vertex -4.3040 8.1880 -8.1000
    endloop
endfacet
facet normal 0.0000 24.0000 -27.3408
    outer loop
        vertex -2.8240 8.1880 -8.1000
        vertex -3.4160 8.1880 -8.1000
        vertex -3.9000 10.1720 -8.1000
    endloop
endfacet
facet normal 0.0000 24.0000 -26.0086
    outer loop
        vertex -4.6120 8.8440 -8.1000
        vertex -4.1800 11.0000 -8.1000
        vertex -3.9000 10.1720 -8.1000
    endloop
endfacet
facet normal 0.0000 24.0000 -22.0736
    outer loop
        vertex -2.5200 10.4240 -8.1000
        vertex -2.5200 11.0000 -8.1000
        vertex -1.9440 11.0000 -8.1000
    endloop
endfacet
facet normal 0.0000 24.0000 -22.0736
    outer loop
        vertex -1.9440 11.0000 -8.1000
        vertex -1.9440 10.4240 -8.1000
        vertex -2.5200 10.4240 -8.1000
    endloop
endfacet
facet normal 0.0000 24.0000 -21.0202
    outer loop
        vertex -0.0760 10.3800 -8.1000
        vertex -0.1920 10.6600 -8.1000
        vertex 0.4440 10.5320 -8.1000
    endloop
endfacet
facet normal 0.0000 24.0000 -20.6806
    outer loop
        vertex 0.4440 10.5320 -8.1000
        vertex 0.0520 10.2080 -8.1000
        vertex -0.0760 10.3800 -8.1000
    endloop
endfacet
facet normal 0.0000 24.0000 -21.3195
    outer loop
        vertex 0.4440 10.5320 -8.1000
        vertex -0.1920 10.6600 -8.1000
        vertex -0.2320 11.0000 -8.1000
    endloop
endfacet
facet normal 0.0000 24.0000 -25.6043
    outer loop
        vertex -0.2320 11.0000 -8.1000
        vertex 1.6840 11.0000 -8.1000
        vertex 0.4440 10.5320 -8.1000
    endloop
endfacet
facet normal 0.0000 24.0000 -20.7527
    outer loop
        vertex 0.2320 10.0360 -8.1000
        vertex 0.0520 10.2080 -8.1000
        vertex 0.5680 10.3840 -8.1000
    endloop
endfacet
facet normal 0.0000 24.0000 -20.8829
    outer loop
        vertex 0.5680 10.3840 -8.1000
        vertex 0.4680 9.8600 -8.1000
        vertex 0.2320 10.0360 -8.1000
    endloop
endfacet
facet normal 0.0000 24.0000 -23.6270
    outer loop
        vertex 1.6840 10.5320 -8.1000
        vertex 0.4440 10.5320 -8.1000
        vertex 1.6840 11.0000 -8.1000
    endloop
endfacet
facet normal 0.0000 24.0000 -20.6048
    outer loop
        vertex 0.8480 10.1840 -8.1000
        vertex 0.6400 9.7520 -8.1000
        vertex 0.4680 9.8600 -8.1000
    endloop
endfacet
facet normal 0.0000 24.0000 -21.0420
    outer loop
        vertex 0.4680 9.8600 -8.1000
        vertex 0.5680 10.3840 -8.1000
        vertex 0.8480 10.1840 -8.1000
    endloop
endfacet
facet normal 0.0000 24.0000 -20.6137
    outer loop
        vertex 0.0520 10.2080 -8.1000
        vertex 0.4440 10.5320 -8.1000
        vertex 0.5680 10.3840 -8.1000
    endloop
endfacet
facet normal 0.0000 24.0000 -20.7914
    outer loop
        vertex 0.3480 9.0080 -8.1000
        vertex -0.0760 8.7120 -8.1000
        vertex -0.1600 8.9520 -8.1000
    endloop
endfacet
facet normal 0.0000 24.0000 -20.7591
    outer loop
        vertex -0.1600 8.9520 -8.1000
        vertex 0.3200 9.2440 -8.1000
        vertex 0.3480 9.0080 -8.1000
    endloop
endfacet
facet normal 0.0000 24.0000 -20.7273
    outer loop
        vertex 0.0640 8.5200 -8.1000
        vertex -0.0760 8.7120 -8.1000
        vertex 0.4280 8.8520 -8.1000
    endloop
endfacet
facet normal 0.0000 24.0000 -20.7169
    outer loop
        vertex 0.4280 8.8520 -8.1000
        vertex 0.2560 8.3800 -8.1000
        vertex 0.0640 8.5200 -8.1000
    endloop
endfacet
facet normal 0.0000 24.0000 -20.9271
    outer loop
        vertex -0.1600 8.9520 -8.1000
        vertex -0.1880 9.2440 -8.1000
        vertex 0.3200 9.2440 -8.1000
    endloop
endfacet
facet normal 0.0000 24.0000 -20.5044
    outer loop
        vertex 0.2560 8.3800 -8.1000
        vertex 0.4280 8.8520 -8.1000
        vertex 0.5640 8.7560 -8.1000
    endloop
endfacet
facet normal 0.0000 24.0000 -20.7334
    outer loop
        vertex 0.5640 8.7560 -8.1000
        vertex 0.4960 8.2920 -8.1000
        vertex 0.2560 8.3800 -8.1000
    endloop
endfacet
facet normal 0.0000 24.0000 -20.5472
    outer loop
        vertex 0.4960 8.2920 -8.1000
        vertex 0.5640 8.7560 -8.1000
        vertex 0.7480 8.7240 -8.1000
    endloop
endfacet
facet normal 0.0000 24.0000 -20.8217
    outer loop
        vertex 0.7480 8.7240 -8.1000
        vertex 0.7840 8.2640 -8.1000
        vertex 0.4960 8.2920 -8.1000
    endloop
endfacet
facet normal 0.0000 24.0000 -20.5614
    outer loop
        vertex -0.0760 8.7120 -8.1000
        vertex 0.3480 9.0080 -8.1000
        vertex 0.4280 8.8520 -8.1000
    endloop
endfacet
facet normal 0.0000 24.0000 -20.3416
    outer loop
        vertex 0.6400 9.7520 -8.1000
        vertex 0.9720 10.1000 -8.1000
        vertex 1.0680 10.0360 -8.1000
    endloop
endfacet
facet normal 0.0000 24.0000 -21.0926
    outer loop
        vertex 1.0680 10.0360 -8.1000
        vertex 0.9240 9.5320 -8.1000
        vertex 0.6400 9.7520 -8.1000
    endloop
endfacet
facet normal 0.0000 24.0000 -20.8933
    outer loop
        vertex 1.3840 9.7960 -8.1000
        vertex 1.0960 9.3200 -8.1000
        vertex 0.9240 9.5320 -8.1000
    endloop
endfacet
facet normal 0.0000 24.0000 -21.2114
    outer loop
        vertex 0.9240 9.5320 -8.1000
        vertex 1.0680 10.0360 -8.1000
        vertex 1.3840 9.7960 -8.1000
    endloop
endfacet
facet normal 0.0000 24.0000 -20.8105
    outer loop
        vertex 1.5760 9.5800 -8.1000
        vertex 1.6760 9.3640 -8.1000
        vertex 1.0960 9.3200 -8.1000
    endloop
endfacet
facet normal 0.0000 24.0000 -20.9600
    outer loop
        vertex 1.0960 9.3200 -8.1000
        vertex 1.3840 9.7960 -8.1000
        vertex 1.5760 9.5800 -8.1000
    endloop
endfacet
facet normal 0.0000 24.0000 -20.7560
    outer loop
        vertex 1.1560 9.1160 -8.1000
        vertex 1.0960 9.3200 -8.1000
        vertex 1.6760 9.3640 -8.1000
    endloop
endfacet
facet normal 0.0000 24.0000 -20.8816
    outer loop
        vertex 1.6760 9.3640 -8.1000
        vertex 1.7080 9.1080 -8.1000
        vertex 1.1560 9.1160 -8.1000
    endloop
endfacet
facet normal 0.0000 24.0000 -20.4820
    outer loop
        vertex 0.9160 8.7480 -8.1000
        vertex 1.0440 8.8280 -8.1000
        vertex 1.2720 8.3680 -8.1000
    endloop
endfacet
facet normal 0.0000 24.0000 -20.7011
    outer loop
        vertex 1.2720 8.3680 -8.1000
        vertex 1.0480 8.2920 -8.1000
        vertex 0.9160 8.7480 -8.1000
    endloop
endfacet
facet normal 0.0000 24.0000 -20.7755
    outer loop
        vertex 0.9160 8.7480 -8.1000
        vertex 1.0480 8.2920 -8.1000
        vertex 0.7840 8.2640 -8.1000
    endloop
endfacet
facet normal 0.0000 24.0000 -20.4884
    outer loop
        vertex 0.7840 8.2640 -8.1000
        vertex 0.7480 8.7240 -8.1000
        vertex 0.9160 8.7480 -8.1000
    endloop
endfacet
facet normal 0.0000 24.0000 -20.4936
    outer loop
        vertex 1.0440 8.8280 -8.1000
        vertex 1.1280 8.9520 -8.1000
        vertex 1.4560 8.4960 -8.1000
    endloop
endfacet
facet normal 0.0000 24.0000 -20.7114
    outer loop
        vertex 1.4560 8.4960 -8.1000
        vertex 1.2720 8.3680 -8.1000
        vertex 1.0440 8.8280 -8.1000
    endloop
endfacet
facet normal 0.0000 24.0000 -20.8294
    outer loop
        vertex 1.1560 9.1160 -8.1000
        vertex 1.7080 9.1080 -8.1000
        vertex 1.6800 8.8680 -8.1000
    endloop
endfacet
facet normal 0.0000 24.0000 -20.5805
    outer loop
        vertex 1.6800 8.8680 -8.1000
        vertex 1.1280 8.9520 -8.1000
        vertex 1.1560 9.1160 -8.1000
    endloop
endfacet
facet normal 0.0000 24.0000 -20.7479
    outer loop
        vertex 1.1280 8.9520 -8.1000
        vertex 1.6800 8.8680 -8.1000
        vertex 1.5960 8.6640 -8.1000
    endloop
endfacet
facet normal 0.0000 24.0000 -20.7434
    outer loop
        vertex 1.5960 8.6640 -8.1000
        vertex 1.4560 8.4960 -8.1000
        vertex 1.1280 8.9520 -8.1000
    endloop
endfacet
facet normal 0.0000 24.0000 -20.4440
    outer loop
        vertex 0.6400 9.7520 -8.1000
        vertex 0.8480 10.1840 -8.1000
        vertex 0.9720 10.1000 -8.1000
    endloop
endfacet
facet normal 0.0000 24.0000 -20.3528
    outer loop
        vertex 2.1600 11.4360 -8.1000
        vertex 2.1600 11.6600 -8.1000
        vertex 2.4120 11.5800 -8.1000
    endloop
endfacet
facet normal 0.0000 24.0000 -20.2142
    outer loop
        vertex 2.4120 11.5800 -8.1000
        vertex 2.3000 11.3800 -8.1000
        vertex 2.1600 11.4360 -8.1000
    endloop
endfacet
facet normal 0.0000 24.0000 -21.1232
    outer loop
        vertex 2.1600 10.4240 -8.1000
        vertex 2.1600 11.0000 -8.1000
        vertex 2.4720 11.0000 -8.1000
    endloop
endfacet
facet normal 0.0000 24.0000 -22.0880
    outer loop
        vertex 2.4720 11.0000 -8.1000
        vertex 2.7400 10.4240 -8.1000
        vertex 2.1600 10.4240 -8.1000
    endloop
endfacet
facet normal 0.0000 24.0000 -20.1788
    outer loop
        vertex 2.3960 11.2960 -8.1000
        vertex 2.3000 11.3800 -8.1000
        vertex 2.4120 11.5800 -8.1000
    endloop
endfacet
facet normal 0.0000 24.0000 -20.3339
    outer loop
        vertex 2.4120 11.5800 -8.1000
        vertex 2.5920 11.4360 -8.1000
        vertex 2.3960 11.2960 -8.1000
    endloop
endfacet
facet normal 0.0000 24.0000 -20.3424
    outer loop
        vertex 2.5920 11.4360 -8.1000
        vertex 2.7000 11.2360 -8.1000
        vertex 2.4520 11.1880 -8.1000
    endloop
endfacet
facet normal 0.0000 24.0000 -20.1813
    outer loop
        vertex 2.4520 11.1880 -8.1000
        vertex 2.3960 11.2960 -8.1000
        vertex 2.5920 11.4360 -8.1000
    endloop
endfacet
facet normal 0.0000 24.0000 -20.2230
    outer loop
        vertex 2.4720 11.0480 -8.1000
        vertex 2.4520 11.1880 -8.1000
        vertex 2.7000 11.2360 -8.1000
    endloop
endfacet
facet normal 0.0000 24.0000 -20.4175
    outer loop
        vertex 2.7000 11.2360 -8.1000
        vertex 2.7400 10.9760 -8.1000
        vertex 2.4720 11.0480 -8.1000
    endloop
endfacet
facet normal 0.0000 24.0000 -20.0804
    outer loop
        vertex 2.4720 11.0000 -8.1000
        vertex 2.4720 11.0480 -8.1000
        vertex 2.7400 10.9760 -8.1000
    endloop
endfacet
facet normal 0.0000 24.0000 -20.9246
    outer loop
        vertex 2.7400 10.9760 -8.1000
        vertex 2.7400 10.4240 -8.1000
        vertex 2.4720 11.0000 -8.1000
    endloop
endfacet
facet normal 0.0000 24.0000 -20.7796
    outer loop
        vertex 3.7120 10.3840 -8.1000
        vertex 3.1600 10.4720 -8.1000
        vertex 3.2476 10.6840 -8.1000
    endloop
endfacet
facet normal 0.0000 24.0000 -20.7509
    outer loop
        vertex 3.2476 10.6840 -8.1000
        vertex 3.3880 10.8520 -8.1000
        vertex 3.7120 10.3840 -8.1000
    endloop
endfacet
facet normal 0.0000 24.0000 -20.8591
    outer loop
        vertex 3.1320 10.2240 -8.1000
        vertex 3.1600 10.4720 -8.1000
        vertex 3.6840 10.2040 -8.1000
    endloop
endfacet
facet normal 0.0000 24.0000 -20.7422
    outer loop
        vertex 3.6840 10.2040 -8.1000
        vertex 3.1560 10.0080 -8.1000
        vertex 3.1320 10.2240 -8.1000
    endloop
endfacet
facet normal 0.0000 24.0000 -20.6286
    outer loop
        vertex 3.2280 9.8320 -8.1000
        vertex 3.1560 10.0080 -8.1000
        vertex 3.7160 10.0360 -8.1000
    endloop
endfacet
facet normal 0.0000 24.0000 -20.6095
    outer loop
        vertex 3.7160 10.0360 -8.1000
        vertex 3.3520 9.6840 -8.1000
        vertex 3.2280 9.8320 -8.1000
    endloop
endfacet
facet normal 0.0000 24.0000 -20.7380
    outer loop
        vertex 3.7960 10.5160 -8.1000
        vertex 3.3880 10.8520 -8.1000
        vertex 3.5840 10.9800 -8.1000
    endloop
endfacet
facet normal 0.0000 24.0000 -20.5004
    outer loop
        vertex 3.5840 10.9800 -8.1000
        vertex 3.9320 10.5960 -8.1000
        vertex 3.7960 10.5160 -8.1000
    endloop
endfacet
facet normal 0.0000 24.0000 -20.5130
    outer loop
        vertex 3.7120 10.3840 -8.1000
        vertex 3.3880 10.8520 -8.1000
        vertex 3.7960 10.5160 -8.1000
    endloop
endfacet
facet normal 0.0000 24.0000 -20.8397
    outer loop
        vertex 3.8240 11.0520 -8.1000
        vertex 4.1120 11.0800 -8.1000
        vertex 3.9320 10.5960 -8.1000
    endloop
endfacet
facet normal 0.0000 24.0000 -20.7326
    outer loop
        vertex 3.9320 10.5960 -8.1000
        vertex 3.5840 10.9800 -8.1000
        vertex 3.8240 11.0520 -8.1000
    endloop
endfacet
facet normal 0.0000 24.0000 -20.6364
    outer loop
        vertex 3.6840 10.2040 -8.1000
        vertex 3.1600 10.4720 -8.1000
        vertex 3.7120 10.3840 -8.1000
    endloop
endfacet
facet normal 0.0000 24.0000 -20.5865
    outer loop
        vertex 3.8040 9.9040 -8.1000
        vertex 3.5320 9.5640 -8.1000
        vertex 3.3520 9.6840 -8.1000
    endloop
endfacet
facet normal 0.0000 24.0000 -20.4939
    outer loop
        vertex 3.3520 9.6840 -8.1000
        vertex 3.7160 10.0360 -8.1000
        vertex 3.8040 9.9040 -8.1000
    endloop
endfacet
facet normal 0.0000 24.0000 -20.5936
    outer loop
        vertex 3.1560 10.0080 -8.1000
        vertex 3.6840 10.2040 -8.1000
        vertex 3.7160 10.0360 -8.1000
    endloop
endfacet
facet normal 0.0000 24.0000 -20.5110
    outer loop
        vertex 3.9440 9.8160 -8.1000
        vertex 4.1160 9.7880 -8.1000
        vertex 3.9480 9.3400 -8.1000
    endloop
endfacet
facet normal 0.0000 24.0000 -21.2320
    outer loop
        vertex 3.9480 9.3400 -8.1000
        vertex 3.5320 9.5640 -8.1000
        vertex 3.9440 9.8160 -8.1000
    endloop
endfacet
facet normal 0.0000 24.0000 -20.4471
    outer loop
        vertex 3.5320 9.5640 -8.1000
        vertex 3.8040 9.9040 -8.1000
        vertex 3.9440 9.8160 -8.1000
    endloop
endfacet
facet normal 0.0000 24.0000 -20.4662
    outer loop
        vertex 3.7560 9.1720 -8.1000
        vertex 3.7280 9.0320 -8.1000
        vertex 3.2280 9.1960 -8.1000
    endloop
endfacet
facet normal 0.0000 24.0000 -20.4836
    outer loop
        vertex 3.2280 9.1960 -8.1000
        vertex 3.2840 9.3400 -8.1000
        vertex 3.7560 9.1720 -8.1000
    endloop
endfacet
facet normal 0.0000 24.0000 -20.4590
    outer loop
        vertex 3.7560 9.1720 -8.1000
        vertex 3.2840 9.3400 -8.1000
        vertex 3.3840 9.4600 -8.1000
    endloop
endfacet
facet normal 0.0000 24.0000 -20.5082
    outer loop
        vertex 3.3840 9.4600 -8.1000
        vertex 3.5320 9.5640 -8.1000
        vertex 3.7560 9.1720 -8.1000
    endloop
endfacet
facet normal 0.0000 24.0000 -21.0266
    outer loop
        vertex 3.2680 8.7000 -8.1000
        vertex 3.2080 9.0120 -8.1000
        vertex 3.7560 8.9000 -8.1000
    endloop
endfacet
facet normal 0.0000 24.0000 -20.9570
    outer loop
        vertex 3.7560 8.9000 -8.1000
        vertex 3.4480 8.4600 -8.1000
        vertex 3.2680 8.7000 -8.1000
    endloop
endfacet
facet normal 0.0000 24.0000 -20.6327
    outer loop
        vertex 3.6280 8.3520 -8.1000
        vertex 3.4480 8.4600 -8.1000
        vertex 3.8320 8.7920 -8.1000
    endloop
endfacet
facet normal 0.0000 24.0000 -20.4226
    outer loop
        vertex 3.8320 8.7920 -8.1000
        vertex 3.9560 8.7280 -8.1000
        vertex 3.6280 8.3520 -8.1000
    endloop
endfacet
facet normal 0.0000 24.0000 -20.4325
    outer loop
        vertex 3.7280 9.0320 -8.1000
        vertex 3.7560 8.9000 -8.1000
        vertex 3.2080 9.0120 -8.1000
    endloop
endfacet
facet normal 0.0000 24.0000 -20.5955
    outer loop
        vertex 3.2080 9.0120 -8.1000
        vertex 3.2280 9.1960 -8.1000
        vertex 3.7280 9.0320 -8.1000
    endloop
endfacet
facet normal 0.0000 24.0000 -20.3220
    outer loop
        vertex 3.7560 9.1720 -8.1000
        vertex 3.5320 9.5640 -8.1000
        vertex 3.8280 9.2760 -8.1000
    endloop
endfacet
facet normal 0.0000 24.0000 -20.3344
    outer loop
        vertex 3.8280 9.2760 -8.1000
        vertex 3.5320 9.5640 -8.1000
        vertex 3.9480 9.3400 -8.1000
    endloop
endfacet
facet normal 0.0000 24.0000 -20.7371
    outer loop
        vertex 3.9560 8.7280 -8.1000
        vertex 4.1120 8.2600 -8.1000
        vertex 3.8520 8.2840 -8.1000
    endloop
endfacet
facet normal 0.0000 24.0000 -20.6658
    outer loop
        vertex 3.8520 8.2840 -8.1000
        vertex 3.6280 8.3520 -8.1000
        vertex 3.9560 8.7280 -8.1000
    endloop
endfacet
facet normal 0.0000 24.0000 -20.4329
    outer loop
        vertex 4.1120 8.2600 -8.1000
        vertex 3.9560 8.7280 -8.1000
        vertex 4.1120 8.7040 -8.1000
    endloop
endfacet
facet normal 0.0000 24.0000 -20.4169
    outer loop
        vertex 3.4480 8.4600 -8.1000
        vertex 3.7560 8.9000 -8.1000
        vertex 3.8320 8.7920 -8.1000
    endloop
endfacet
facet normal 0.0000 24.0000 -20.4382
    outer loop
        vertex 3.9480 9.3400 -8.1000
        vertex 4.1160 9.7880 -8.1000
        vertex 4.1120 9.3600 -8.1000
    endloop
endfacet
facet normal 0.0000 24.0000 -20.5251
    outer loop
        vertex 4.1160 10.6240 -8.1000
        vertex 3.9320 10.5960 -8.1000
        vertex 4.1120 11.0800 -8.1000
    endloop
endfacet
facet normal 0.0000 24.0000 -20.8201
    outer loop
        vertex 4.1120 11.0800 -8.1000
        vertex 4.4000 11.0520 -8.1000
        vertex 4.1160 10.6240 -8.1000
    endloop
endfacet
facet normal 0.0000 24.0000 -20.5312
    outer loop
        vertex 4.2960 10.5960 -8.1000
        vertex 4.1160 10.6240 -8.1000
        vertex 4.4000 11.0520 -8.1000
    endloop
endfacet
facet normal 0.0000 24.0000 -20.7334
    outer loop
        vertex 4.4000 11.0520 -8.1000
        vertex 4.6400 10.9760 -8.1000
        vertex 4.2960 10.5960 -8.1000
    endloop
endfacet
facet normal 0.0000 24.0000 -20.4941
    outer loop
        vertex 4.4280 10.5120 -8.1000
        vertex 4.2960 10.5960 -8.1000
        vertex 4.6400 10.9760 -8.1000
    endloop
endfacet
facet normal 0.0000 24.0000 -20.7327
    outer loop
        vertex 4.6400 10.9760 -8.1000
        vertex 4.8360 10.8520 -8.1000
        vertex 4.4280 10.5120 -8.1000
    endloop
endfacet
facet normal 0.0000 24.0000 -20.5208
    outer loop
        vertex 4.1160 9.7880 -8.1000
        vertex 4.2920 9.8160 -8.1000
        vertex 4.2760 9.3400 -8.1000
    endloop
endfacet
facet normal 0.0000 24.0000 -20.4392
    outer loop
        vertex 4.2760 9.3400 -8.1000
        vertex 4.1120 9.3600 -8.1000
        vertex 4.1160 9.7880 -8.1000
    endloop
endfacet
facet normal 0.0000 24.0000 -20.5006
    outer loop
        vertex 4.8720 9.6760 -8.1000
        vertex 4.4280 9.9000 -8.1000
        vertex 4.5160 10.0360 -8.1000
    endloop
endfacet
facet normal 0.0000 24.0000 -20.6083
    outer loop
        vertex 4.5160 10.0360 -8.1000
        vertex 4.9960 9.8240 -8.1000
        vertex 4.8720 9.6760 -8.1000
    endloop
endfacet
facet normal 0.0000 24.0000 -20.4263
    outer loop
        vertex 4.2920 9.8160 -8.1000
        vertex 4.4280 9.9000 -8.1000
        vertex 4.6960 9.5640 -8.1000
    endloop
endfacet
facet normal 0.0000 24.0000 -21.2271
    outer loop
        vertex 4.6960 9.5640 -8.1000
        vertex 4.2760 9.3400 -8.1000
        vertex 4.2920 9.8160 -8.1000
    endloop
endfacet
facet normal 0.0000 24.0000 -20.5236
    outer loop
        vertex 4.5160 10.3800 -8.1000
        vertex 4.4280 10.5120 -8.1000
        vertex 4.8360 10.8520 -8.1000
    endloop
endfacet
facet normal 0.0000 24.0000 -20.7806
    outer loop
        vertex 4.8360 10.8520 -8.1000
        vertex 4.9840 10.6800 -8.1000
        vertex 4.5160 10.3800 -8.1000
    endloop
endfacet
facet normal 0.0000 24.0000 -20.7659
    outer loop
        vertex 4.5160 10.3800 -8.1000
        vertex 4.9840 10.6800 -8.1000
        vertex 5.0680 10.4720 -8.1000
    endloop
endfacet
facet normal 0.0000 24.0000 -20.6233
    outer loop
        vertex 5.0680 10.4720 -8.1000
        vertex 4.5440 10.2040 -8.1000
        vertex 4.5160 10.3800 -8.1000
    endloop
endfacet
facet normal 0.0000 24.0000 -20.6407
    outer loop
        vertex 5.0720 10.0040 -8.1000
        vertex 4.9960 9.8240 -8.1000
        vertex 4.5160 10.0360 -8.1000
    endloop
endfacet
facet normal 0.0000 24.0000 -20.5894
    outer loop
        vertex 4.5160 10.0360 -8.1000
        vertex 4.5440 10.2040 -8.1000
        vertex 5.0720 10.0040 -8.1000
    endloop
endfacet
facet normal 0.0000 24.0000 -20.7610
    outer loop
        vertex 5.1000 10.2240 -8.1000
        vertex 5.0720 10.0040 -8.1000
        vertex 4.5440 10.2040 -8.1000
    endloop
endfacet
facet normal 0.0000 24.0000 -20.8658
    outer loop
        vertex 4.5440 10.2040 -8.1000
        vertex 5.0680 10.4720 -8.1000
        vertex 5.1000 10.2240 -8.1000
    endloop
endfacet
facet normal 0.0000 24.0000 -20.3416
    outer loop
        vertex 4.4000 9.2760 -8.1000
        vertex 4.2760 9.3400 -8.1000
        vertex 4.6960 9.5640 -8.1000
    endloop
endfacet
facet normal 0.0000 24.0000 -20.4644
    outer loop
        vertex 5.0040 9.1880 -8.1000
        vertex 4.5000 9.0320 -8.1000
        vertex 4.4760 9.1720 -8.1000
    endloop
endfacet
facet normal 0.0000 24.0000 -20.5076
    outer loop
        vertex 4.4760 9.1720 -8.1000
        vertex 4.9440 9.3400 -8.1000
        vertex 5.0040 9.1880 -8.1000
    endloop
endfacet
facet normal 0.0000 24.0000 -20.3292
    outer loop
        vertex 4.4760 9.1720 -8.1000
        vertex 4.4000 9.2760 -8.1000
        vertex 4.6960 9.5640 -8.1000
    endloop
endfacet
facet normal 0.0000 24.0000 -20.4903
    outer loop
        vertex 4.6960 9.5640 -8.1000
        vertex 4.8400 9.4640 -8.1000
        vertex 4.4760 9.1720 -8.1000
    endloop
endfacet
facet normal 0.0000 24.0000 -20.7526
    outer loop
        vertex 4.2760 8.7240 -8.1000
        vertex 4.3800 8.2840 -8.1000
        vertex 4.1120 8.2600 -8.1000
    endloop
endfacet
facet normal 0.0000 24.0000 -20.4551
    outer loop
        vertex 4.1120 8.2600 -8.1000
        vertex 4.1120 8.7040 -8.1000
        vertex 4.2760 8.7240 -8.1000
    endloop
endfacet
facet normal 0.0000 24.0000 -20.4197
    outer loop
        vertex 4.2760 8.7240 -8.1000
        vertex 4.3960 8.7920 -8.1000
        vertex 4.6000 8.3480 -8.1000
    endloop
endfacet
facet normal 0.0000 24.0000 -20.6466
    outer loop
        vertex 4.6000 8.3480 -8.1000
        vertex 4.3800 8.2840 -8.1000
        vertex 4.2760 8.7240 -8.1000
    endloop
endfacet
facet normal 0.0000 24.0000 -20.4099
    outer loop
        vertex 4.3960 8.7920 -8.1000
        vertex 4.4720 8.8960 -8.1000
        vertex 4.7840 8.4600 -8.1000
    endloop
endfacet
facet normal 0.0000 24.0000 -20.6534
    outer loop
        vertex 4.7840 8.4600 -8.1000
        vertex 4.6000 8.3480 -8.1000
        vertex 4.3960 8.7920 -8.1000
    endloop
endfacet
facet normal 0.0000 24.0000 -20.4489
    outer loop
        vertex 4.4720 8.8960 -8.1000
        vertex 4.5000 9.0320 -8.1000
        vertex 5.0240 9.0120 -8.1000
    endloop
endfacet
facet normal 0.0000 24.0000 -21.0329
    outer loop
        vertex 5.0240 9.0120 -8.1000
        vertex 4.9640 8.7000 -8.1000
        vertex 4.4720 8.8960 -8.1000
    endloop
endfacet
facet normal 0.0000 24.0000 -20.4719
    outer loop
        vertex 4.4760 9.1720 -8.1000
        vertex 4.8400 9.4640 -8.1000
        vertex 4.9440 9.3400 -8.1000
    endloop
endfacet
facet normal 0.0000 24.0000 -20.9585
    outer loop
        vertex 4.7840 8.4600 -8.1000
        vertex 4.4720 8.8960 -8.1000
        vertex 4.9640 8.7000 -8.1000
    endloop
endfacet
facet normal 0.0000 24.0000 -20.5739
    outer loop
        vertex 5.0240 9.0120 -8.1000
        vertex 4.5000 9.0320 -8.1000
        vertex 5.0040 9.1880 -8.1000
    endloop
endfacet
facet normal 0.0000 24.0000 -20.5572
    outer loop
        vertex 4.6960 9.5640 -8.1000
        vertex 4.4280 9.9000 -8.1000
        vertex 4.8720 9.6760 -8.1000
    endloop
endfacet
facet normal 0.0000 24.0000 -21.0018
    outer loop
        vertex 6.0680 10.4640 -8.1000
        vertex 5.5160 10.4360 -8.1000
        vertex 5.5480 10.7280 -8.1000
    endloop
endfacet
facet normal 0.0000 24.0000 -20.4104
    outer loop
        vertex 5.5480 10.7280 -8.1000
        vertex 6.1040 10.5720 -8.1000
        vertex 6.0680 10.4640 -8.1000
    endloop
endfacet
facet normal 0.0000 24.0000 -20.7113
    outer loop
        vertex 6.1040 10.5720 -8.1000
        vertex 5.5480 10.7280 -8.1000
        vertex 5.6360 10.9080 -8.1000
    endloop
endfacet
facet normal 0.0000 24.0000 -20.6102
    outer loop
        vertex 5.6360 10.9080 -8.1000
        vertex 5.8040 10.9960 -8.1000
        vertex 6.1040 10.5720 -8.1000
    endloop
endfacet
facet normal 0.0000 24.0000 -23.8778
    outer loop
        vertex 6.0680 9.3120 -8.1000
        vertex 5.5160 9.3120 -8.1000
        vertex 5.5160 10.4360 -8.1000
    endloop
endfacet
facet normal 0.0000 24.0000 -23.9744
    outer loop
        vertex 5.5160 10.4360 -8.1000
        vertex 6.0680 10.4640 -8.1000
        vertex 6.0680 9.3120 -8.1000
    endloop
endfacet
facet normal 0.0000 24.0000 -20.6693
    outer loop
        vertex 5.2400 8.9240 -8.1000
        vertex 5.2400 9.3120 -8.1000
        vertex 5.5160 9.3120 -8.1000
    endloop
endfacet
facet normal 0.0000 24.0000 -20.6693
    outer loop
        vertex 5.5160 9.3120 -8.1000
        vertex 5.5160 8.9240 -8.1000
        vertex 5.2400 8.9240 -8.1000
    endloop
endfacet
facet normal 0.0000 24.0000 -21.3386
    outer loop
        vertex 5.5160 8.9240 -8.1000
        vertex 5.5160 9.3120 -8.1000
        vertex 6.0680 9.3120 -8.1000
    endloop
endfacet
facet normal 0.0000 24.0000 -21.3386
    outer loop
        vertex 6.0680 9.3120 -8.1000
        vertex 6.0680 8.9240 -8.1000
        vertex 5.5160 8.9240 -8.1000
    endloop
endfacet
facet normal 0.0000 24.0000 -21.9596
    outer loop
        vertex 5.5160 8.3560 -8.1000
        vertex 5.5160 8.9240 -8.1000
        vertex 6.0680 8.9240 -8.1000
    endloop
endfacet
facet normal 0.0000 24.0000 -21.9596
    outer loop
        vertex 6.0680 8.9240 -8.1000
        vertex 6.0680 8.3560 -8.1000
        vertex 5.5160 8.3560 -8.1000
    endloop
endfacet
facet normal 0.0000 24.0000 -20.3746
    outer loop
        vertex 6.1040 10.5720 -8.1000
        vertex 6.0720 11.0280 -8.1000
        vertex 6.2040 11.0200 -8.1000
    endloop
endfacet
facet normal 0.0000 24.0000 -20.3994
    outer loop
        vertex 6.2040 11.0200 -8.1000
        vertex 6.2520 10.5960 -8.1000
        vertex 6.1040 10.5720 -8.1000
    endloop
endfacet
facet normal 0.0000 24.0000 -20.3570
    outer loop
        vertex 6.3880 11.0160 -8.1000
        vertex 6.3880 10.5960 -8.1000
        vertex 6.2520 10.5960 -8.1000
    endloop
endfacet
facet normal 0.0000 24.0000 -20.4864
    outer loop
        vertex 6.2520 10.5960 -8.1000
        vertex 6.2040 11.0200 -8.1000
        vertex 6.3880 11.0160 -8.1000
    endloop
endfacet
facet normal 0.0000 24.0000 -20.7760
    outer loop
        vertex 6.0680 8.9240 -8.1000
        vertex 6.0680 9.3120 -8.1000
        vertex 6.3880 9.3120 -8.1000
    endloop
endfacet
facet normal 0.0000 24.0000 -20.7760
    outer loop
        vertex 6.3880 9.3120 -8.1000
        vertex 6.3880 8.9240 -8.1000
        vertex 6.0680 8.9240 -8.1000
    endloop
endfacet
facet normal 0.0000 24.0000 -20.7702
    outer loop
        vertex 6.1040 10.5720 -8.1000
        vertex 5.8040 10.9960 -8.1000
        vertex 6.0720 11.0280 -8.1000
    endloop
endfacet
facet normal 0.0000 24.0000 -23.5568
    outer loop
        vertex -5.8360 13.6120 -8.1000
        vertex -6.4120 14.6000 -8.1000
        vertex -5.8360 14.6000 -8.1000
    endloop
endfacet
facet normal 0.0000 24.0000 -22.4048
    outer loop
        vertex -6.4120 14.6000 -8.1000
        vertex -5.8360 13.6120 -8.1000
        vertex -5.8360 12.9440 -8.1000
    endloop
endfacet
facet normal 0.0000 24.0000 -30.1232
    outer loop
        vertex -5.8360 12.9440 -8.1000
        vertex -6.4120 11.7880 -8.1000
        vertex -6.4120 14.6000 -8.1000
    endloop
endfacet
facet normal 0.0000 24.0000 -24.1616
    outer loop
        vertex -5.8360 11.7880 -8.1000
        vertex -6.4120 11.7880 -8.1000
        vertex -5.8360 12.9440 -8.1000
    endloop
endfacet
facet normal 0.0000 24.0000 -24.9200
    outer loop
        vertex -4.7360 11.7880 -8.1000
        vertex -5.8360 12.9440 -8.1000
        vertex -5.1360 12.9240 -8.1000
    endloop
endfacet
facet normal 0.0000 24.0000 -25.1404
    outer loop
        vertex -5.1360 12.9240 -8.1000
        vertex -4.0120 11.7880 -8.1000
        vertex -4.7360 11.7880 -8.1000
    endloop
endfacet
facet normal 0.0000 24.0000 -21.2525
    outer loop
        vertex -5.8360 12.9440 -8.1000
        vertex -5.8360 13.6120 -8.1000
        vertex -5.5360 13.3120 -8.1000
    endloop
endfacet
facet normal 0.0000 24.0000 -25.4413
    outer loop
        vertex -5.1360 12.9240 -8.1000
        vertex -5.5360 13.3120 -8.1000
        vertex -4.6200 14.6000 -8.1000
    endloop
endfacet
facet normal 0.0000 24.0000 -27.4163
    outer loop
        vertex -4.6200 14.6000 -8.1000
        vertex -3.9120 14.6000 -8.1000
        vertex -5.1360 12.9240 -8.1000
    endloop
endfacet
facet normal 0.0000 24.0000 -21.6475
    outer loop
        vertex -5.1360 12.9240 -8.1000
        vertex -5.8360 12.9440 -8.1000
        vertex -5.5360 13.3120 -8.1000
    endloop
endfacet
facet normal 0.0000 24.0000 -22.0736
    outer loop
        vertex -3.6880 14.0240 -8.1000
        vertex -3.6880 14.6000 -8.1000
        vertex -3.1120 14.6000 -8.1000
    endloop
endfacet
facet normal 0.0000 24.0000 -22.0736
    outer loop
        vertex -3.1120 14.6000 -8.1000
        vertex -3.1120 14.0240 -8.1000
        vertex -3.6880 14.0240 -8.1000
    endloop
endfacet
facet normal 0.0000 24.0000 -20.8352
    outer loop
        vertex 3.6480 12.3200 -8.1000
        vertex 3.3000 12.3480 -8.1000
        vertex 3.3000 12.7320 -8.1000
    endloop
endfacet
facet normal 0.0000 24.0000 -21.6702
    outer loop
        vertex 3.3000 12.7320 -8.1000
        vertex 3.9520 12.7280 -8.1000
        vertex 3.6480 12.3200 -8.1000
    endloop
endfacet
facet normal 0.0000 24.0000 -20.7002
    outer loop
        vertex 3.8600 12.2360 -8.1000
        vertex 3.6480 12.3200 -8.1000
        vertex 3.9520 12.7280 -8.1000
    endloop
endfacet
facet normal 0.0000 24.0000 -26.3180
    outer loop
        vertex 3.9520 12.7280 -8.1000
        vertex 3.9520 14.6000 -8.1000
        vertex 4.4920 14.6000 -8.1000
    endloop
endfacet
facet normal 0.0000 24.0000 -29.2340
    outer loop
        vertex 4.4920 14.6000 -8.1000
        vertex 4.4920 11.8640 -8.1000
        vertex 3.9520 12.7280 -8.1000
    endloop
endfacet
facet normal 0.0000 24.0000 -20.6160
    outer loop
        vertex 4.4920 11.8640 -8.1000
        vertex 4.0520 11.8640 -8.1000
        vertex 3.9920 12.0880 -8.1000
    endloop
endfacet
facet normal 0.0000 24.0000 -21.9440
    outer loop
        vertex 3.9920 12.0880 -8.1000
        vertex 3.9520 12.7280 -8.1000
        vertex 4.4920 11.8640 -8.1000
    endloop
endfacet
facet normal 0.0000 24.0000 -20.4910
    outer loop
        vertex 3.9920 12.0880 -8.1000
        vertex 3.8600 12.2360 -8.1000
        vertex 3.9520 12.7280 -8.1000
    endloop
endfacet
facet normal 0.0000 24.0000 -21.0018
    outer loop
        vertex 6.0520 14.0640 -8.1000
        vertex 5.5000 14.0360 -8.1000
        vertex 5.5320 14.3280 -8.1000
    endloop
endfacet
facet normal 0.0000 24.0000 -20.4104
    outer loop
        vertex 5.5320 14.3280 -8.1000
        vertex 6.0880 14.1720 -8.1000
        vertex 6.0520 14.0640 -8.1000
    endloop
endfacet
facet normal 0.0000 24.0000 -20.7113
    outer loop
        vertex 6.0880 14.1720 -8.1000
        vertex 5.5320 14.3280 -8.1000
        vertex 5.6200 14.5080 -8.1000
    endloop
endfacet
facet normal 0.0000 24.0000 -20.6102
    outer loop
        vertex 5.6200 14.5080 -8.1000
        vertex 5.7880 14.5960 -8.1000
        vertex 6.0880 14.1720 -8.1000
    endloop
endfacet
facet normal 0.0000 24.0000 -23.8778
    outer loop
        vertex 6.0520 12.9120 -8.1000
        vertex 5.5000 12.9120 -8.1000
        vertex 5.5000 14.0360 -8.1000
    endloop
endfacet
facet normal 0.0000 24.0000 -23.9744
    outer loop
        vertex 5.5000 14.0360 -8.1000
        vertex 6.0520 14.0640 -8.1000
        vertex 6.0520 12.9120 -8.1000
    endloop
endfacet
facet normal 0.0000 24.0000 -20.6693
    outer loop
        vertex 5.2240 12.5240 -8.1000
        vertex 5.2240 12.9120 -8.1000
        vertex 5.5000 12.9120 -8.1000
    endloop
endfacet
facet normal 0.0000 24.0000 -20.6693
    outer loop
        vertex 5.5000 12.9120 -8.1000
        vertex 5.5000 12.5240 -8.1000
        vertex 5.2240 12.5240 -8.1000
    endloop
endfacet
facet normal 0.0000 24.0000 -21.3386
    outer loop
        vertex 5.5000 12.5240 -8.1000
        vertex 5.5000 12.9120 -8.1000
        vertex 6.0520 12.9120 -8.1000
    endloop
endfacet
facet normal 0.0000 24.0000 -21.3386
    outer loop
        vertex 6.0520 12.9120 -8.1000
        vertex 6.0520 12.5240 -8.1000
        vertex 5.5000 12.5240 -8.1000
    endloop
endfacet
facet normal 0.0000 24.0000 -21.9596
    outer loop
        vertex 5.5000 11.9560 -8.1000
        vertex 5.5000 12.5240 -8.1000
        vertex 6.0520 12.5240 -8.1000
    endloop
endfacet
facet normal 0.0000 24.0000 -21.9596
    outer loop
        vertex 6.0520 12.5240 -8.1000
        vertex 6.0520 11.9560 -8.1000
        vertex 5.5000 11.9560 -8.1000
    endloop
endfacet
facet normal 0.0000 24.0000 -20.3746
    outer loop
        vertex 6.0880 14.1720 -8.1000
        vertex 6.0560 14.6280 -8.1000
        vertex 6.1880 14.6200 -8.1000
    endloop
endfacet
facet normal 0.0000 24.0000 -20.3994
    outer loop
        vertex 6.1880 14.6200 -8.1000
        vertex 6.2360 14.1960 -8.1000
        vertex 6.0880 14.1720 -8.1000
    endloop
endfacet
facet normal 0.0000 24.0000 -20.3570
    outer loop
        vertex 6.3720 14.6160 -8.1000
        vertex 6.3720 14.1960 -8.1000
        vertex 6.2360 14.1960 -8.1000
    endloop
endfacet
facet normal 0.0000 24.0000 -20.4864
    outer loop
        vertex 6.2360 14.1960 -8.1000
        vertex 6.1880 14.6200 -8.1000
        vertex 6.3720 14.6160 -8.1000
    endloop
endfacet
facet normal 0.0000 24.0000 -20.7760
    outer loop
        vertex 6.0520 12.5240 -8.1000
        vertex 6.0520 12.9120 -8.1000
        vertex 6.3720 12.9120 -8.1000
    endloop
endfacet
facet normal 0.0000 24.0000 -20.7760
    outer loop
        vertex 6.3720 12.9120 -8.1000
        vertex 6.3720 12.5240 -8.1000
        vertex 6.0520 12.5240 -8.1000
    endloop
endfacet
facet normal 0.0000 24.0000 -20.7702
    outer loop
        vertex 6.0880 14.1720 -8.1000
        vertex 5.7880 14.5960 -8.1000
        vertex 6.0560 14.6280 -8.1000
    endloop
endfacet
facet normal 0.0000 24.0000 -25.4205
    outer loop
        vertex 2.0240 5.0160 -8.1000
        vertex 1.2840 6.1880 -8.1000
        vertex 2.0240 6.1880 -8.1000
    endloop
endfacet
facet normal 0.0000 24.0000 -20.4074
    outer loop
        vertex 3.6840 10.2040 -8.1000
        vertex 3.9320 10.5960 -8.1000
        vertex 4.1160 10.6240 -8.1000
    endloop
endfacet
facet normal 0.0000 24.0000 -22.2572
    outer loop
        vertex 4.1160 10.6240 -8.1000
        vertex 4.1160 9.7880 -8.1000
        vertex 3.6840 10.2040 -8.1000
    endloop
endfacet
facet normal 0.0000 24.0000 -20.0702
    outer loop
        vertex 3.7120 10.3840 -8.1000
        vertex 3.7960 10.5160 -8.1000
        vertex 3.9320 10.5960 -8.1000
    endloop
endfacet
facet normal 0.0000 24.0000 -20.2104
    outer loop
        vertex 3.9320 10.5960 -8.1000
        vertex 3.6840 10.2040 -8.1000
        vertex 3.7120 10.3840 -8.1000
    endloop
endfacet
facet normal 0.0000 24.0000 -20.3716
    outer loop
        vertex 3.6840 10.2040 -8.1000
        vertex 4.1160 9.7880 -8.1000
        vertex 3.9440 9.8160 -8.1000
    endloop
endfacet
facet normal 0.0000 24.0000 -20.1954
    outer loop
        vertex 3.9440 9.8160 -8.1000
        vertex 3.7160 10.0360 -8.1000
        vertex 3.6840 10.2040 -8.1000
    endloop
endfacet
facet normal 0.0000 24.0000 -20.3976
    outer loop
        vertex 4.1160 10.6240 -8.1000
        vertex 4.2960 10.5960 -8.1000
        vertex 4.5440 10.2040 -8.1000
    endloop
endfacet
facet normal 0.0000 24.0000 -22.2363
    outer loop
        vertex 4.5440 10.2040 -8.1000
        vertex 4.1160 9.7880 -8.1000
        vertex 4.1160 10.6240 -8.1000
    endloop
endfacet
facet normal 0.0000 24.0000 -20.0671
    outer loop
        vertex 3.9440 9.8160 -8.1000
        vertex 3.8040 9.9040 -8.1000
        vertex 3.7160 10.0360 -8.1000
    endloop
endfacet
facet normal 0.0000 24.0000 -20.0694
    outer loop
        vertex 4.5160 10.0360 -8.1000
        vertex 4.4280 9.9000 -8.1000
        vertex 4.2920 9.8160 -8.1000
    endloop
endfacet
facet normal 0.0000 24.0000 -20.1967
    outer loop
        vertex 4.2920 9.8160 -8.1000
        vertex 4.5440 10.2040 -8.1000
        vertex 4.5160 10.0360 -8.1000
    endloop
endfacet
facet normal 0.0000 24.0000 -20.3827
    outer loop
        vertex 4.1160 9.7880 -8.1000
        vertex 4.5440 10.2040 -8.1000
        vertex 4.2920 9.8160 -8.1000
    endloop
endfacet
facet normal 0.0000 24.0000 -20.0627
    outer loop
        vertex 4.2960 10.5960 -8.1000
        vertex 4.4280 10.5120 -8.1000
        vertex 4.5160 10.3800 -8.1000
    endloop
endfacet
facet normal 0.0000 24.0000 -20.2042
    outer loop
        vertex 4.5160 10.3800 -8.1000
        vertex 4.5440 10.2040 -8.1000
        vertex 4.2960 10.5960 -8.1000
    endloop
endfacet
facet normal 0.0000 24.0000 -20.8569
    outer loop
        vertex 3.9480 9.3400 -8.1000
        vertex 3.9560 8.7280 -8.1000
        vertex 3.7280 9.0320 -8.1000
    endloop
endfacet
facet normal 0.0000 24.0000 -20.1386
    outer loop
        vertex 3.7280 9.0320 -8.1000
        vertex 3.7560 9.1720 -8.1000
        vertex 3.9480 9.3400 -8.1000
    endloop
endfacet
facet normal 0.0000 24.0000 -20.6314
    outer loop
        vertex 4.2760 8.7240 -8.1000
        vertex 4.1120 9.3600 -8.1000
        vertex 4.2760 9.3400 -8.1000
    endloop
endfacet
facet normal 0.0000 24.0000 -20.8624
    outer loop
        vertex 4.2760 9.3400 -8.1000
        vertex 4.5000 9.0320 -8.1000
        vertex 4.2760 8.7240 -8.1000
    endloop
endfacet
facet normal 0.0000 24.0000 -20.0492
    outer loop
        vertex 3.7560 9.1720 -8.1000
        vertex 3.8280 9.2760 -8.1000
        vertex 3.9480 9.3400 -8.1000
    endloop
endfacet
facet normal 0.0000 24.0000 -20.1498
    outer loop
        vertex 4.4760 9.1720 -8.1000
        vertex 4.5000 9.0320 -8.1000
        vertex 4.2760 9.3400 -8.1000
    endloop
endfacet
facet normal 0.0000 24.0000 -20.0502
    outer loop
        vertex 4.2760 9.3400 -8.1000
        vertex 4.4000 9.2760 -8.1000
        vertex 4.4760 9.1720 -8.1000
    endloop
endfacet
facet normal 0.0000 24.0000 -20.6283
    outer loop
        vertex 3.9560 8.7280 -8.1000
        vertex 3.9480 9.3400 -8.1000
        vertex 4.1120 9.3600 -8.1000
    endloop
endfacet
facet normal 0.0000 24.0000 -20.6396
    outer loop
        vertex 4.1120 9.3600 -8.1000
        vertex 4.1120 8.7040 -8.1000
        vertex 3.9560 8.7280 -8.1000
    endloop
endfacet
facet normal 0.0000 24.0000 -20.0438
    outer loop
        vertex 3.8320 8.7920 -8.1000
        vertex 3.7560 8.9000 -8.1000
        vertex 3.7280 9.0320 -8.1000
    endloop
endfacet
facet normal 0.0000 24.0000 -20.1444
    outer loop
        vertex 3.7280 9.0320 -8.1000
        vertex 3.9560 8.7280 -8.1000
        vertex 3.8320 8.7920 -8.1000
    endloop
endfacet
facet normal 0.0000 24.0000 -20.1358
    outer loop
        vertex 4.3960 8.7920 -8.1000
        vertex 4.2760 8.7240 -8.1000
        vertex 4.5000 9.0320 -8.1000
    endloop
endfacet
facet normal 0.0000 24.0000 -20.0464
    outer loop
        vertex 4.5000 9.0320 -8.1000
        vertex 4.4720 8.8960 -8.1000
        vertex 4.3960 8.7920 -8.1000
    endloop
endfacet
facet normal 0.0000 24.0000 -20.6724
    outer loop
        vertex 4.1120 8.7040 -8.1000
        vertex 4.1120 9.3600 -8.1000
        vertex 4.2760 8.7240 -8.1000
    endloop
endfacet
facet normal 0.0000 24.0000 -261.6800
    outer loop
        vertex 1.8680 4.5440 -8.1000
        vertex 7.6000 2.0000 -8.1000
        vertex -7.6000 2.0000 -8.1000
    endloop
endfacet
facet normal 0.0000 24.0000 -113.5601
    outer loop
        vertex -7.6000 2.0000 -8.1000
        vertex -4.4480 4.4280 -8.1000
        vertex 1.8680 4.5440 -8.1000
    endloop
endfacet
facet normal 0.0000 24.0000 -22.7156
    outer loop
        vertex -7.6000 2.0000 -8.1000
        vertex -4.7360 4.3440 -8.1000
        vertex -4.4480 4.4280 -8.1000
    endloop
endfacet
facet normal 0.0000 24.0000 -24.2324
    outer loop
        vertex -7.6000 2.0000 -8.1000
        vertex -5.0640 4.3120 -8.1000
        vertex -4.7360 4.3440 -8.1000
    endloop
endfacet
facet normal 0.0000 24.0000 -26.2518
    outer loop
        vertex -7.6000 2.0000 -8.1000
        vertex -5.4440 4.3600 -8.1000
        vertex -5.0640 4.3120 -8.1000
    endloop
endfacet
facet normal 0.0000 24.0000 -26.5577
    outer loop
        vertex -7.6000 2.0000 -8.1000
        vertex -5.7680 4.4920 -8.1000
        vertex -5.4440 4.3600 -8.1000
    endloop
endfacet
facet normal 0.0000 24.0000 -26.7389
    outer loop
        vertex -7.6000 2.0000 -8.1000
        vertex -6.0360 4.7160 -8.1000
        vertex -5.7680 4.4920 -8.1000
    endloop
endfacet
facet normal 0.0000 24.0000 -26.3954
    outer loop
        vertex -7.6000 2.0000 -8.1000
        vertex -6.2400 5.0160 -8.1000
        vertex -6.0360 4.7160 -8.1000
    endloop
endfacet
facet normal 0.0000 24.0000 -25.2880
    outer loop
        vertex -7.6000 2.0000 -8.1000
        vertex -6.3600 5.3720 -8.1000
        vertex -6.2400 5.0160 -8.1000
    endloop
endfacet
facet normal 0.0000 24.0000 -24.1823
    outer loop
        vertex -6.4040 5.7920 -8.1000
        vertex -6.3600 5.3720 -8.1000
        vertex -7.6000 2.0000 -8.1000
    endloop
endfacet
facet normal 0.0000 24.0000 -76.8100
    outer loop
        vertex -7.6000 2.0000 -8.1000
        vertex -7.6000 9.6000 -8.1000
        vertex -6.4040 5.7920 -8.1000
    endloop
endfacet
facet normal 0.0000 24.0000 -24.1568
    outer loop
        vertex -6.4040 5.7920 -8.1000
        vertex -7.6000 9.6000 -8.1000
        vertex -6.3600 6.2080 -8.1000
    endloop
endfacet
facet normal 0.0000 24.0000 -25.3340
    outer loop
        vertex -6.3600 6.2080 -8.1000
        vertex -7.6000 9.6000 -8.1000
        vertex -6.2400 6.5680 -8.1000
    endloop
endfacet
facet normal 0.0000 24.0000 -26.4158
    outer loop
        vertex -6.0360 6.8680 -8.1000
        vertex -6.2400 6.5680 -8.1000
        vertex -7.6000 9.6000 -8.1000
    endloop
endfacet
facet normal 0.0000 24.0000 -26.5511
    outer loop
        vertex -7.6000 9.6000 -8.1000
        vertex -6.4080 8.1880 -8.1000
        vertex -6.0360 6.8680 -8.1000
    endloop
endfacet
facet normal 0.0000 24.0000 -48.0800
    outer loop
        vertex -5.6000 11.0000 -8.1000
        vertex -6.4080 8.1880 -8.1000
        vertex -7.6000 9.6000 -8.1000
    endloop
endfacet
facet normal 0.0000 24.0000 -31.9150
    outer loop
        vertex -7.6000 9.6000 -8.1000
        vertex -5.8360 11.7880 -8.1000
        vertex -5.6000 11.0000 -8.1000
    endloop
endfacet
facet normal 0.0000 24.0000 -27.8768
    outer loop
        vertex -7.6000 9.6000 -8.1000
        vertex -6.4120 11.7880 -8.1000
        vertex -5.8360 11.7880 -8.1000
    endloop
endfacet
facet normal 0.0000 24.0000 -40.8791
    outer loop
        vertex -6.4120 14.6000 -8.1000
        vertex -6.4120 11.7880 -8.1000
        vertex -7.6000 9.6000 -8.1000
    endloop
endfacet
facet normal 0.0000 24.0000 -76.4300
    outer loop
        vertex -7.6000 9.6000 -8.1000
        vertex -7.6000 17.2000 -8.1000
        vertex -6.4120 14.6000 -8.1000
    endloop
endfacet
facet normal 0.0000 24.0000 -29.3600
    outer loop
        vertex -5.8360 14.6000 -8.1000
        vertex -6.4120 14.6000 -8.1000
        vertex -7.6000 17.2000 -8.1000
    endloop
endfacet
facet normal 0.0000 24.0000 -39.7600
    outer loop
        vertex -4.6200 14.6000 -8.1000
        vertex -5.8360 14.6000 -8.1000
        vertex -7.6000 17.2000 -8.1000
    endloop
endfacet
facet normal 0.0000 24.0000 -29.7888
    outer loop
        vertex -5.8360 14.6000 -8.1000
        vertex -4.6200 14.6000 -8.1000
        vertex -5.5360 13.3120 -8.1000
    endloop
endfacet
facet normal 0.0000 24.0000 -21.8525
    outer loop
        vertex -5.5360 13.3120 -8.1000
        vertex -5.8360 13.6120 -8.1000
        vertex -5.8360 14.6000 -8.1000
    endloop
endfacet
facet normal 0.0000 24.0000 -31.5050
    outer loop
        vertex -3.9120 14.6000 -8.1000
        vertex -4.6200 14.6000 -8.1000
        vertex -7.6000 17.2000 -8.1000
    endloop
endfacet
facet normal 0.0000 24.0000 -23.6400
    outer loop
        vertex -3.6880 14.6000 -8.1000
        vertex -3.9120 14.6000 -8.1000
        vertex -7.6000 17.2000 -8.1000
    endloop
endfacet
facet normal 0.0000 24.0000 -29.3600
    outer loop
        vertex -3.1120 14.6000 -8.1000
        vertex -3.6880 14.6000 -8.1000
        vertex -7.6000 17.2000 -8.1000
    endloop
endfacet
facet normal 0.0000 24.0000 -134.7900
    outer loop
        vertex 3.9520 14.6000 -8.1000
        vertex -3.1120 14.6000 -8.1000
        vertex -7.6000 17.2000 -8.1000
    endloop
endfacet
facet normal 0.0000 24.0000 -267.0000
    outer loop
        vertex -7.6000 17.2000 -8.1000
        vertex 7.6000 17.2000 -8.1000
        vertex 3.9520 14.6000 -8.1000
    endloop
endfacet
facet normal 0.0000 24.0000 -28.7750
    outer loop
        vertex 4.4920 14.6000 -8.1000
        vertex 3.9520 14.6000 -8.1000
        vertex 7.6000 17.2000 -8.1000
    endloop
endfacet
facet normal 0.0000 24.0000 -41.1377
    outer loop
        vertex 5.7880 14.5960 -8.1000
        vertex 4.4920 14.6000 -8.1000
        vertex 7.6000 17.2000 -8.1000
    endloop
endfacet
facet normal 0.0000 24.0000 -23.9993
    outer loop
        vertex 7.6000 17.2000 -8.1000
        vertex 6.0560 14.6280 -8.1000
        vertex 5.7880 14.5960 -8.1000
    endloop
endfacet
facet normal 0.0000 24.0000 -22.1991
    outer loop
        vertex 6.1880 14.6200 -8.1000
        vertex 6.0560 14.6280 -8.1000
        vertex 7.6000 17.2000 -8.1000
    endloop
endfacet
facet normal 0.0000 24.0000 -23.0023
    outer loop
        vertex 7.6000 17.2000 -8.1000
        vertex 6.3720 14.6160 -8.1000
        vertex 6.1880 14.6200 -8.1000
    endloop
endfacet
facet normal 0.0000 24.0000 -23.2235
    outer loop
        vertex 6.3720 14.1960 -8.1000
        vertex 6.3720 14.6160 -8.1000
        vertex 7.6000 17.2000 -8.1000
    endloop
endfacet
facet normal 0.0000 24.0000 -29.8547
    outer loop
        vertex 6.3720 14.1960 -8.1000
        vertex 7.6000 17.2000 -8.1000
        vertex 6.3720 12.9120 -8.1000
    endloop
endfacet
facet normal 0.0000 24.0000 -22.5680
    outer loop
        vertex 6.3720 12.9120 -8.1000
        vertex 6.0520 12.9120 -8.1000
        vertex 6.3720 14.1960 -8.1000
    endloop
endfacet
facet normal 0.0000 24.0000 -21.0914
    outer loop
        vertex 6.2360 14.1960 -8.1000
        vertex 6.3720 14.1960 -8.1000
        vertex 6.0520 12.9120 -8.1000
    endloop
endfacet
facet normal 0.0000 24.0000 -21.3248
    outer loop
        vertex 6.0520 12.9120 -8.1000
        vertex 6.0520 14.0640 -8.1000
        vertex 6.2360 14.1960 -8.1000
    endloop
endfacet
facet normal 0.0000 24.0000 -20.0945
    outer loop
        vertex 6.0520 14.0640 -8.1000
        vertex 6.0880 14.1720 -8.1000
        vertex 6.2360 14.1960 -8.1000
    endloop
endfacet
facet normal 0.0000 24.0000 -78.3300
    outer loop
        vertex 6.3720 12.9120 -8.1000
        vertex 7.6000 17.2000 -8.1000
        vertex 7.6000 9.6000 -8.1000
    endloop
endfacet
facet normal 0.0000 24.0000 -22.9779
    outer loop
        vertex 7.6000 9.6000 -8.1000
        vertex 6.3720 12.5240 -8.1000
        vertex 6.3720 12.9120 -8.1000
    endloop
endfacet
facet normal 0.0000 24.0000 -31.2815
    outer loop
        vertex 6.3720 12.5240 -8.1000
        vertex 7.6000 9.6000 -8.1000
        vertex 6.3880 11.0160 -8.1000
    endloop
endfacet
facet normal 0.0000 24.0000 -23.0728
    outer loop
        vertex 6.3880 11.0160 -8.1000
        vertex 6.0520 11.9560 -8.1000
        vertex 6.3720 12.5240 -8.1000
    endloop
endfacet
facet normal 0.0000 24.0000 -23.1815
    outer loop
        vertex 7.6000 9.6000 -8.1000
        vertex 6.3880 10.5960 -8.1000
        vertex 6.3880 11.0160 -8.1000
    endloop
endfacet
facet normal 0.0000 24.0000 -29.7263
    outer loop
        vertex 6.3880 10.5960 -8.1000
        vertex 7.6000 9.6000 -8.1000
        vertex 6.3880 9.3120 -8.1000
    endloop
endfacet
facet normal 0.0000 24.0000 -22.5680
    outer loop
        vertex 6.3880 9.3120 -8.1000
        vertex 6.0680 9.3120 -8.1000
        vertex 6.3880 10.5960 -8.1000
    endloop
endfacet
facet normal 0.0000 24.0000 -21.0914
    outer loop
        vertex 6.2520 10.5960 -8.1000
        vertex 6.3880 10.5960 -8.1000
        vertex 6.0680 9.3120 -8.1000
    endloop
endfacet
facet normal 0.0000 24.0000 -21.3248
    outer loop
        vertex 6.0680 9.3120 -8.1000
        vertex 6.0680 10.4640 -8.1000
        vertex 6.2520 10.5960 -8.1000
    endloop
endfacet
facet normal 0.0000 24.0000 -20.0945
    outer loop
        vertex 6.0680 10.4640 -8.1000
        vertex 6.1040 10.5720 -8.1000
        vertex 6.2520 10.5960 -8.1000
    endloop
endfacet
facet normal 0.0000 24.0000 -22.9391
    outer loop
        vertex 6.3880 8.9240 -8.1000
        vertex 6.3880 9.3120 -8.1000
        vertex 7.6000 9.6000 -8.1000
    endloop
endfacet
facet normal 0.0000 24.0000 -32.8705
    outer loop
        vertex 6.3720 7.2160 -8.1000
        vertex 6.3880 8.9240 -8.1000
        vertex 7.6000 9.6000 -8.1000
    endloop
endfacet
facet normal 0.0000 24.0000 -23.2235
    outer loop
        vertex 7.6000 9.6000 -8.1000
        vertex 6.3720 6.7960 -8.1000
        vertex 6.3720 7.2160 -8.1000
    endloop
endfacet
facet normal 0.0000 24.0000 -29.8547
    outer loop
        vertex 6.3720 6.7960 -8.1000
        vertex 7.6000 9.6000 -8.1000
        vertex 6.3720 5.5120 -8.1000
    endloop
endfacet
facet normal 0.0000 24.0000 -22.5680
    outer loop
        vertex 6.3720 5.5120 -8.1000
        vertex 6.0520 5.5120 -8.1000
        vertex 6.3720 6.7960 -8.1000
    endloop
endfacet
facet normal 0.0000 24.0000 -21.0914
    outer loop
        vertex 6.2360 6.7960 -8.1000
        vertex 6.3720 6.7960 -8.1000
        vertex 6.0520 5.5120 -8.1000
    endloop
endfacet
facet normal 0.0000 24.0000 -21.3248
    outer loop
        vertex 6.0520 5.5120 -8.1000
        vertex 6.0520 6.6640 -8.1000
        vertex 6.2360 6.7960 -8.1000
    endloop
endfacet
facet normal 0.0000 24.0000 -20.0945
    outer loop
        vertex 6.0520 6.6640 -8.1000
        vertex 6.0880 6.7720 -8.1000
        vertex 6.2360 6.7960 -8.1000
    endloop
endfacet
facet normal 0.0000 24.0000 -78.3300
    outer loop
        vertex 6.3720 5.5120 -8.1000
        vertex 7.6000 9.6000 -8.1000
        vertex 7.6000 2.0000 -8.1000
    endloop
endfacet
facet normal 0.0000 24.0000 -22.9779
    outer loop
        vertex 7.6000 2.0000 -8.1000
        vertex 6.3720 5.1240 -8.1000
        vertex 6.3720 5.5120 -8.1000
    endloop
endfacet
facet normal 0.0000 24.0000 -26.2480
    outer loop
        vertex 6.0520 5.1240 -8.1000
        vertex 6.3720 5.1240 -8.1000
        vertex 7.6000 2.0000 -8.1000
    endloop
endfacet
facet normal 0.0000 24.0000 -25.4954
    outer loop
        vertex 7.6000 2.0000 -8.1000
        vertex 6.0520 4.5560 -8.1000
        vertex 6.0520 5.1240 -8.1000
    endloop
endfacet
facet normal 0.0000 24.0000 -28.8182
    outer loop
        vertex 5.5000 4.5560 -8.1000
        vertex 6.0520 4.5560 -8.1000
        vertex 7.6000 2.0000 -8.1000
    endloop
endfacet
facet normal 0.0000 24.0000 -29.2952
    outer loop
        vertex 7.6000 2.0000 -8.1000
        vertex 4.9280 4.5440 -8.1000
        vertex 5.5000 4.5560 -8.1000
    endloop
endfacet
facet normal 0.0000 24.0000 -44.9948
    outer loop
        vertex 7.6000 2.0000 -8.1000
        vertex 3.3560 4.5440 -8.1000
        vertex 4.9280 4.5440 -8.1000
    endloop
endfacet
facet normal 0.0000 24.0000 -32.8472
    outer loop
        vertex 7.6000 2.0000 -8.1000
        vertex 2.5480 4.5440 -8.1000
        vertex 3.3560 4.5440 -8.1000
    endloop
endfacet
facet normal 0.0000 24.0000 -30.8120
    outer loop
        vertex 7.6000 2.0000 -8.1000
        vertex 1.8680 4.5440 -8.1000
        vertex 2.5480 4.5440 -8.1000
    endloop
endfacet
facet normal 0.0000 24.0000 -25.3496
    outer loop
        vertex -4.4480 4.4280 -8.1000
        vertex -4.2040 4.5680 -8.1000
        vertex 1.8680 4.5440 -8.1000
    endloop
endfacet
facet normal 0.0000 24.0000 -27.1634
    outer loop
        vertex 1.8680 4.5440 -8.1000
        vertex -4.2040 4.5680 -8.1000
        vertex -4.0120 4.7560 -8.1000
    endloop
endfacet
facet normal 0.0000 24.0000 -28.7009
    outer loop
        vertex 1.8680 4.5440 -8.1000
        vertex -4.0120 4.7560 -8.1000
        vertex -3.8800 4.9880 -8.1000
    endloop
endfacet
facet normal 0.0000 24.0000 -30.1151
    outer loop
        vertex 1.8680 4.5440 -8.1000
        vertex -3.8800 4.9880 -8.1000
        vertex -3.8080 5.2640 -8.1000
    endloop
endfacet
facet normal 0.0000 24.0000 -71.6564
    outer loop
        vertex -3.8080 5.2640 -8.1000
        vertex 0.8600 6.1280 -8.1000
        vertex 1.8680 4.5440 -8.1000
    endloop
endfacet
facet normal 0.0000 24.0000 -31.9553
    outer loop
        vertex -3.7960 5.6760 -8.1000
        vertex 0.8600 6.1280 -8.1000
        vertex -3.8080 5.2640 -8.1000
    endloop
endfacet
facet normal 0.0000 24.0000 -21.5141
    outer loop
        vertex -3.8080 5.2640 -8.1000
        vertex -4.3960 5.2640 -8.1000
        vertex -3.7960 5.6760 -8.1000
    endloop
endfacet
facet normal 0.0000 24.0000 -23.0076
    outer loop
        vertex -4.3960 5.2640 -8.1000
        vertex -4.9640 5.6760 -8.1000
        vertex -3.7960 5.6760 -8.1000
    endloop
endfacet
facet normal 0.0000 24.0000 -20.8876
    outer loop
        vertex -4.9640 5.6760 -8.1000
        vertex -4.3960 5.2640 -8.1000
        vertex -4.4760 5.0720 -8.1000
    endloop
endfacet
facet normal 0.0000 24.0000 -20.9677
    outer loop
        vertex -4.4760 5.0720 -8.1000
        vertex -4.6160 4.9280 -8.1000
        vertex -4.9640 5.6760 -8.1000
    endloop
endfacet
facet normal 0.0000 24.0000 -21.0616
    outer loop
        vertex -4.9640 5.6760 -8.1000
        vertex -4.6160 4.9280 -8.1000
        vertex -4.8040 4.8440 -8.1000
    endloop
endfacet
facet normal 0.0000 24.0000 -21.2760
    outer loop
        vertex -4.8040 4.8440 -8.1000
        vertex -5.0440 4.8160 -8.1000
        vertex -4.9640 5.6760 -8.1000
    endloop
endfacet
facet normal 0.0000 24.0000 -21.7305
    outer loop
        vertex -4.9640 5.6760 -8.1000
        vertex -5.0440 4.8160 -8.1000
        vertex -5.3600 4.8800 -8.1000
    endloop
endfacet
facet normal 0.0000 24.0000 -21.6692
    outer loop
        vertex -5.3600 4.8800 -8.1000
        vertex -5.6000 5.0720 -8.1000
        vertex -4.9640 5.6760 -8.1000
    endloop
endfacet
facet normal 0.0000 24.0000 -21.2019
    outer loop
        vertex -4.9640 5.6760 -8.1000
        vertex -5.6000 5.0720 -8.1000
        vertex -5.7120 5.2680 -8.1000
    endloop
endfacet
facet normal 0.0000 24.0000 -21.2852
    outer loop
        vertex -5.7120 5.2680 -8.1000
        vertex -5.7760 5.5080 -8.1000
        vertex -4.9640 5.6760 -8.1000
    endloop
endfacet
facet normal 0.0000 24.0000 -21.4462
    outer loop
        vertex -4.9640 5.6760 -8.1000
        vertex -5.7760 5.5080 -8.1000
        vertex -5.8000 5.7880 -8.1000
    endloop
endfacet
facet normal 0.0000 24.0000 -22.5289
    outer loop
        vertex -5.8000 5.7880 -8.1000
        vertex -4.9640 6.1600 -8.1000
        vertex -4.9640 5.6760 -8.1000
    endloop
endfacet
facet normal 0.0000 24.0000 -21.4281
    outer loop
        vertex -4.9640 6.1600 -8.1000
        vertex -5.8000 5.7880 -8.1000
        vertex -5.7760 6.0720 -8.1000
    endloop
endfacet
facet normal 0.0000 24.0000 -21.1806
    outer loop
        vertex -5.7760 6.0720 -8.1000
        vertex -5.7080 6.3120 -8.1000
        vertex -4.9640 6.1600 -8.1000
    endloop
endfacet
facet normal 0.0000 24.0000 -21.0254
    outer loop
        vertex -4.9640 6.1600 -8.1000
        vertex -5.7080 6.3120 -8.1000
        vertex -5.5880 6.5080 -8.1000
    endloop
endfacet
facet normal 0.0000 24.0000 -21.2882
    outer loop
        vertex -5.5880 6.5080 -8.1000
        vertex -5.3400 6.7000 -8.1000
        vertex -4.9640 6.1600 -8.1000
    endloop
endfacet
facet normal 0.0000 24.0000 -21.2668
    outer loop
        vertex -4.9640 6.1600 -8.1000
        vertex -5.3400 6.7000 -8.1000
        vertex -5.0120 6.7680 -8.1000
    endloop
endfacet
facet normal 0.0000 24.0000 -20.9456
    outer loop
        vertex -5.0120 6.7680 -8.1000
        vertex -4.7600 6.7280 -8.1000
        vertex -4.9640 6.1600 -8.1000
    endloop
endfacet
facet normal 0.0000 24.0000 -20.8965
    outer loop
        vertex -4.9640 6.1600 -8.1000
        vertex -4.7600 6.7280 -8.1000
        vertex -4.5520 6.6040 -8.1000
    endloop
endfacet
facet normal 0.0000 24.0000 -20.9051
    outer loop
        vertex -4.5520 6.6040 -8.1000
        vertex -4.4040 6.4120 -8.1000
        vertex -4.9640 6.1600 -8.1000
    endloop
endfacet
facet normal 0.0000 24.0000 -21.0080
    outer loop
        vertex -4.3240 6.1600 -8.1000
        vertex -4.9640 6.1600 -8.1000
        vertex -4.4040 6.4120 -8.1000
    endloop
endfacet
facet normal 0.0000 24.0000 -34.0844
    outer loop
        vertex 0.8600 6.6120 -8.1000
        vertex 0.8600 6.1280 -8.1000
        vertex -3.7960 5.6760 -8.1000
    endloop
endfacet
facet normal 0.0000 24.0000 -41.1284
    outer loop
        vertex -3.7960 5.6760 -8.1000
        vertex -2.6920 6.6240 -8.1000
        vertex 0.8600 6.6120 -8.1000
    endloop
endfacet
facet normal 0.0000 24.0000 -23.3891
    outer loop
        vertex -3.7960 5.6760 -8.1000
        vertex -3.2640 6.6240 -8.1000
        vertex -2.6920 6.6240 -8.1000
    endloop
endfacet
facet normal 0.0000 24.0000 -25.0673
    outer loop
        vertex -3.2640 6.6240 -8.1000
        vertex -3.7960 5.6760 -8.1000
        vertex -3.7960 7.2000 -8.1000
    endloop
endfacet
facet normal 0.0000 24.0000 -21.9152
    outer loop
        vertex -3.7960 7.2000 -8.1000
        vertex -3.2640 7.2000 -8.1000
        vertex -3.2640 6.6240 -8.1000
    endloop
endfacet
facet normal 0.0000 24.0000 -23.2851
    outer loop
        vertex -3.4160 8.1880 -8.1000
        vertex -3.2640 7.2000 -8.1000
        vertex -3.7960 7.2000 -8.1000
    endloop
endfacet
facet normal 0.0000 24.0000 -25.4834
    outer loop
        vertex -3.7960 7.2000 -8.1000
        vertex -4.3040 8.1880 -8.1000
        vertex -3.4160 8.1880 -8.1000
    endloop
endfacet
facet normal 0.0000 24.0000 -31.0112
    outer loop
        vertex -3.4160 8.1880 -8.1000
        vertex -4.3040 8.1880 -8.1000
        vertex -3.9000 10.1720 -8.1000
    endloop
endfacet
facet normal 0.0000 24.0000 -22.3959
    outer loop
        vertex -4.3040 8.1880 -8.1000
        vertex -3.7960 7.2000 -8.1000
        vertex -4.1840 7.2000 -8.1000
    endloop
endfacet
facet normal 0.0000 24.0000 -23.8038
    outer loop
        vertex -4.1840 7.2000 -8.1000
        vertex -4.9200 8.1880 -8.1000
        vertex -4.3040 8.1880 -8.1000
    endloop
endfacet
facet normal 0.0000 24.0000 -22.7349
    outer loop
        vertex -4.6120 7.1800 -8.1000
        vertex -4.9200 8.1880 -8.1000
        vertex -4.1840 7.2000 -8.1000
    endloop
endfacet
facet normal 0.0000 24.0000 -20.3659
    outer loop
        vertex -4.1840 7.2000 -8.1000
        vertex -4.4240 7.0520 -8.1000
        vertex -4.6120 7.1800 -8.1000
    endloop
endfacet
facet normal 0.0000 24.0000 -20.4314
    outer loop
        vertex -4.2560 6.8680 -8.1000
        vertex -4.4240 7.0520 -8.1000
        vertex -4.1840 7.2000 -8.1000
    endloop
endfacet
facet normal 0.0000 24.0000 -21.2222
    outer loop
        vertex -4.6120 7.1800 -8.1000
        vertex -4.8280 7.2520 -8.1000
        vertex -4.9200 8.1880 -8.1000
    endloop
endfacet
facet normal 0.0000 24.0000 -21.4581
    outer loop
        vertex -4.9200 8.1880 -8.1000
        vertex -4.8280 7.2520 -8.1000
        vertex -5.0800 7.2800 -8.1000
    endloop
endfacet
facet normal 0.0000 24.0000 -25.0394
    outer loop
        vertex -5.0800 7.2800 -8.1000
        vertex -5.8080 8.1880 -8.1000
        vertex -4.9200 8.1880 -8.1000
    endloop
endfacet
facet normal 0.0000 24.0000 -22.3068
    outer loop
        vertex -5.4480 7.2320 -8.1000
        vertex -5.8080 8.1880 -8.1000
        vertex -5.0800 7.2800 -8.1000
    endloop
endfacet
facet normal 0.0000 24.0000 -22.2180
    outer loop
        vertex -5.8080 8.1880 -8.1000
        vertex -5.4480 7.2320 -8.1000
        vertex -5.7680 7.0960 -8.1000
    endloop
endfacet
facet normal 0.0000 24.0000 -24.0950
    outer loop
        vertex -5.7680 7.0960 -8.1000
        vertex -6.4080 8.1880 -8.1000
        vertex -5.8080 8.1880 -8.1000
    endloop
endfacet
facet normal 0.0000 24.0000 -22.7411
    outer loop
        vertex -6.0360 6.8680 -8.1000
        vertex -6.4080 8.1880 -8.1000
        vertex -5.7680 7.0960 -8.1000
    endloop
endfacet
facet normal 0.0000 24.0000 -31.0112
    outer loop
        vertex -4.9200 8.1880 -8.1000
        vertex -5.8080 8.1880 -8.1000
        vertex -5.3280 10.1720 -8.1000
    endloop
endfacet
facet normal 0.0000 24.0000 -23.5321
    outer loop
        vertex -2.6920 7.2000 -8.1000
        vertex -3.2640 7.2000 -8.1000
        vertex -3.4160 8.1880 -8.1000
    endloop
endfacet
facet normal 0.0000 24.0000 -23.6556
    outer loop
        vertex -3.4160 8.1880 -8.1000
        vertex -2.8240 8.1880 -8.1000
        vertex -2.6920 7.2000 -8.1000
    endloop
endfacet
facet normal 0.0000 24.0000 -37.4012
    outer loop
        vertex -2.6920 7.2000 -8.1000
        vertex -2.8240 8.1880 -8.1000
        vertex -0.0760 8.7120 -8.1000
    endloop
endfacet
facet normal 0.0000 24.0000 -24.4622
    outer loop
        vertex -0.0760 8.7120 -8.1000
        vertex 0.0640 8.5200 -8.1000
        vertex -2.6920 7.2000 -8.1000
    endloop
endfacet
facet normal 0.0000 24.0000 -23.9955
    outer loop
        vertex -2.6920 7.2000 -8.1000
        vertex 0.0640 8.5200 -8.1000
        vertex 0.2560 8.3800 -8.1000
    endloop
endfacet
facet normal 0.0000 24.0000 -23.3914
    outer loop
        vertex -2.6920 7.2000 -8.1000
        vertex 0.2560 8.3800 -8.1000
        vertex 0.4960 8.2920 -8.1000
    endloop
endfacet
facet normal 0.0000 24.0000 -31.4768
    outer loop
        vertex 0.4960 8.2920 -8.1000
        vertex -2.6920 6.6240 -8.1000
        vertex -2.6920 7.2000 -8.1000
    endloop
endfacet
facet normal 0.0000 24.0000 -57.2687
    outer loop
        vertex 0.8600 6.6120 -8.1000
        vertex -2.6920 6.6240 -8.1000
        vertex 0.4960 8.2920 -8.1000
    endloop
endfacet
facet normal 0.0000 24.0000 -22.9603
    outer loop
        vertex 0.4960 8.2920 -8.1000
        vertex 0.7840 8.2640 -8.1000
        vertex 0.8600 6.6120 -8.1000
    endloop
endfacet
facet normal 0.0000 24.0000 -22.7391
    outer loop
        vertex 0.8600 6.6120 -8.1000
        vertex 0.7840 8.2640 -8.1000
        vertex 1.0480 8.2920 -8.1000
    endloop
endfacet
facet normal 0.0000 24.0000 -22.2627
    outer loop
        vertex 0.8600 6.6120 -8.1000
        vertex 1.0480 8.2920 -8.1000
        vertex 1.2720 8.3680 -8.1000
    endloop
endfacet
facet normal 0.0000 24.0000 -31.1730
    outer loop
        vertex 1.2720 8.3680 -8.1000
        vertex 2.0160 7.2000 -8.1000
        vertex 0.8600 6.6120 -8.1000
    endloop
endfacet
facet normal 0.0000 24.0000 -24.2483
    outer loop
        vertex 2.0160 6.6120 -8.1000
        vertex 0.8600 6.6120 -8.1000
        vertex 2.0160 7.2000 -8.1000
    endloop
endfacet
facet normal 0.0000 24.0000 -21.9384
    outer loop
        vertex 2.0160 7.2000 -8.1000
        vertex 1.2720 8.3680 -8.1000
        vertex 1.4560 8.4960 -8.1000
    endloop
endfacet
facet normal 0.0000 24.0000 -21.7220
    outer loop
        vertex 2.0160 7.2000 -8.1000
        vertex 1.4560 8.4960 -8.1000
        vertex 1.5960 8.6640 -8.1000
    endloop
endfacet
facet normal 0.0000 24.0000 -35.3933
    outer loop
        vertex 1.5960 8.6640 -8.1000
        vertex 3.2680 8.7000 -8.1000
        vertex 2.0160 7.2000 -8.1000
    endloop
endfacet
facet normal 0.0000 24.0000 -23.5655
    outer loop
        vertex 2.0160 7.2000 -8.1000
        vertex 3.2680 8.7000 -8.1000
        vertex 3.4480 8.4600 -8.1000
    endloop
endfacet
facet normal 0.0000 24.0000 -24.1895
    outer loop
        vertex 3.4480 8.4600 -8.1000
        vertex 2.5480 7.2000 -8.1000
        vertex 2.0160 7.2000 -8.1000
    endloop
endfacet
facet normal 0.0000 24.0000 -27.1505
    outer loop
        vertex 2.5480 7.2000 -8.1000
        vertex 3.4480 8.4600 -8.1000
        vertex 3.3560 7.0600 -8.1000
    endloop
endfacet
facet normal 0.0000 24.0000 -20.9344
    outer loop
        vertex 3.3560 7.0600 -8.1000
        vertex 3.2116 6.9000 -8.1000
        vertex 2.5480 7.2000 -8.1000
    endloop
endfacet
facet normal 0.0000 24.0000 -21.8462
    outer loop
        vertex 2.5480 7.2000 -8.1000
        vertex 3.2116 6.9000 -8.1000
        vertex 2.8640 6.6120 -8.1000
    endloop
endfacet
facet normal 0.0000 24.0000 -21.1613
    outer loop
        vertex 2.8640 6.6120 -8.1000
        vertex 2.5480 6.6120 -8.1000
        vertex 2.5480 7.2000 -8.1000
    endloop
endfacet
facet normal 0.0000 24.0000 -20.2768
    outer loop
        vertex 2.8640 6.6120 -8.1000
        vertex 3.2116 6.9000 -8.1000
        vertex 3.1240 6.7000 -8.1000
    endloop
endfacet
facet normal 0.0000 24.0000 -20.3637
    outer loop
        vertex 2.8640 6.6120 -8.1000
        vertex 3.1240 6.7000 -8.1000
        vertex 3.0880 6.4640 -8.1000
    endloop
endfacet
facet normal 0.0000 24.0000 -20.6104
    outer loop
        vertex 3.0880 6.4640 -8.1000
        vertex 2.8640 6.1760 -8.1000
        vertex 2.8640 6.6120 -8.1000
    endloop
endfacet
facet normal 0.0000 24.0000 -20.7984
    outer loop
        vertex 2.8640 6.1760 -8.1000
        vertex 3.0880 6.4640 -8.1000
        vertex 3.1800 6.0120 -8.1000
    endloop
endfacet
facet normal 0.0000 24.0000 -23.5471
    outer loop
        vertex 3.1800 6.0120 -8.1000
        vertex 2.5480 4.5440 -8.1000
        vertex 2.8640 6.1760 -8.1000
    endloop
endfacet
facet normal 0.0000 24.0000 -23.2232
    outer loop
        vertex 2.5480 4.5440 -8.1000
        vertex 2.5480 6.1760 -8.1000
        vertex 2.8640 6.1760 -8.1000
    endloop
endfacet
facet normal 0.0000 24.0000 -27.4134
    outer loop
        vertex 3.3560 4.5440 -8.1000
        vertex 2.5480 4.5440 -8.1000
        vertex 3.1800 6.0120 -8.1000
    endloop
endfacet
facet normal 0.0000 24.0000 -21.5142
    outer loop
        vertex 3.1800 6.0120 -8.1000
        vertex 3.0880 6.4640 -8.1000
        vertex 3.6240 6.4640 -8.1000
    endloop
endfacet
facet normal 0.0000 24.0000 -21.3122
    outer loop
        vertex 3.6240 6.4640 -8.1000
        vertex 3.6720 6.0400 -8.1000
        vertex 3.1800 6.0120 -8.1000
    endloop
endfacet
facet normal 0.0000 24.0000 -20.1434
    outer loop
        vertex 3.6720 6.0400 -8.1000
        vertex 3.6240 6.4640 -8.1000
        vertex 3.6600 6.6240 -8.1000
    endloop
endfacet
facet normal 0.0000 24.0000 -20.5440
    outer loop
        vertex 3.6600 6.6240 -8.1000
        vertex 3.8240 5.8960 -8.1000
        vertex 3.6720 6.0400 -8.1000
    endloop
endfacet
facet normal 0.0000 24.0000 -20.5052
    outer loop
        vertex 3.8240 5.8960 -8.1000
        vertex 3.6600 6.6240 -8.1000
        vertex 3.7440 6.7440 -8.1000
    endloop
endfacet
facet normal 0.0000 24.0000 -21.0784
    outer loop
        vertex 3.7440 6.7440 -8.1000
        vertex 4.0320 5.8480 -8.1000
        vertex 3.8240 5.8960 -8.1000
    endloop
endfacet
facet normal 0.0000 24.0000 -20.8240
    outer loop
        vertex 4.0320 5.8480 -8.1000
        vertex 3.7440 6.7440 -8.1000
        vertex 3.8680 6.8160 -8.1000
    endloop
endfacet
facet normal 0.0000 24.0000 -21.1743
    outer loop
        vertex 3.8680 6.8160 -8.1000
        vertex 4.2200 5.8840 -8.1000
        vertex 4.0320 5.8480 -8.1000
    endloop
endfacet
facet normal 0.0000 24.0000 -20.9848
    outer loop
        vertex 4.2200 5.8840 -8.1000
        vertex 3.8680 6.8160 -8.1000
        vertex 4.0280 6.8400 -8.1000
    endloop
endfacet
facet normal 0.0000 24.0000 -20.9756
    outer loop
        vertex 4.0280 6.8400 -8.1000
        vertex 4.3640 5.9800 -8.1000
        vertex 4.2200 5.8840 -8.1000
    endloop
endfacet
facet normal 0.0000 24.0000 -20.9863
    outer loop
        vertex 4.3640 5.9800 -8.1000
        vertex 4.0280 6.8400 -8.1000
        vertex 4.2240 6.8080 -8.1000
    endloop
endfacet
facet normal 0.0000 24.0000 -20.6126
    outer loop
        vertex 4.2240 6.8080 -8.1000
        vertex 4.4560 6.1360 -8.1000
        vertex 4.3640 5.9800 -8.1000
    endloop
endfacet
facet normal 0.0000 24.0000 -20.4656
    outer loop
        vertex 4.4560 6.1360 -8.1000
        vertex 4.2240 6.8080 -8.1000
        vertex 4.3680 6.7120 -8.1000
    endloop
endfacet
facet normal 0.0000 24.0000 -20.2130
    outer loop
        vertex 4.3680 6.7120 -8.1000
        vertex 4.4840 6.3400 -8.1000
        vertex 4.4560 6.1360 -8.1000
    endloop
endfacet
facet normal 0.0000 24.0000 -20.0886
    outer loop
        vertex 4.4840 6.3400 -8.1000
        vertex 4.3680 6.7120 -8.1000
        vertex 4.4560 6.5520 -8.1000
    endloop
endfacet
facet normal 0.0000 24.0000 -21.6371
    outer loop
        vertex 3.3560 7.0600 -8.1000
        vertex 3.4480 8.4600 -8.1000
        vertex 3.6280 8.3520 -8.1000
    endloop
endfacet
facet normal 0.0000 24.0000 -21.2818
    outer loop
        vertex 3.6280 8.3520 -8.1000
        vertex 3.5400 7.1800 -8.1000
        vertex 3.3560 7.0600 -8.1000
    endloop
endfacet
facet normal 0.0000 24.0000 -21.6782
    outer loop
        vertex 3.5400 7.1800 -8.1000
        vertex 3.6280 8.3520 -8.1000
        vertex 3.8520 8.2840 -8.1000
    endloop
endfacet
facet normal 0.0000 24.0000 -21.3974
    outer loop
        vertex 3.8520 8.2840 -8.1000
        vertex 3.7640 7.2560 -8.1000
        vertex 3.5400 7.1800 -8.1000
    endloop
endfacet
facet normal 0.0000 24.0000 -21.6837
    outer loop
        vertex 3.7640 7.2560 -8.1000
        vertex 3.8520 8.2840 -8.1000
        vertex 4.1120 8.2600 -8.1000
    endloop
endfacet
facet normal 0.0000 24.0000 -21.6044
    outer loop
        vertex 4.1120 8.2600 -8.1000
        vertex 4.0280 7.2800 -8.1000
        vertex 3.7640 7.2560 -8.1000
    endloop
endfacet
facet normal 0.0000 24.0000 -21.6289
    outer loop
        vertex 4.0280 7.2800 -8.1000
        vertex 4.1120 8.2600 -8.1000
        vertex 4.3800 8.2840 -8.1000
    endloop
endfacet
facet normal 0.0000 24.0000 -21.9027
    outer loop
        vertex 4.3800 8.2840 -8.1000
        vertex 4.3200 7.2480 -8.1000
        vertex 4.0280 7.2800 -8.1000
    endloop
endfacet
facet normal 0.0000 24.0000 -21.4005
    outer loop
        vertex 4.3200 7.2480 -8.1000
        vertex 4.3800 8.2840 -8.1000
        vertex 4.6000 8.3480 -8.1000
    endloop
endfacet
facet normal 0.0000 24.0000 -21.8590
    outer loop
        vertex 4.6000 8.3480 -8.1000
        vertex 4.5680 7.1600 -8.1000
        vertex 4.3200 7.2480 -8.1000
    endloop
endfacet
facet normal 0.0000 24.0000 -21.3438
    outer loop
        vertex 4.5680 7.1600 -8.1000
        vertex 4.6000 8.3480 -8.1000
        vertex 4.7840 8.4600 -8.1000
    endloop
endfacet
facet normal 0.0000 24.0000 -21.8519
    outer loop
        vertex 4.7840 8.4600 -8.1000
        vertex 4.7720 7.0160 -8.1000
        vertex 4.5680 7.1600 -8.1000
    endloop
endfacet
facet normal 0.0000 24.0000 -21.6065
    outer loop
        vertex 4.7720 7.0160 -8.1000
        vertex 4.7840 8.4600 -8.1000
        vertex 4.9640 8.7000 -8.1000
    endloop
endfacet
facet normal 0.0000 24.0000 -21.8350
    outer loop
        vertex 4.9640 8.7000 -8.1000
        vertex 4.9240 6.8200 -8.1000
        vertex 4.7720 7.0160 -8.1000
    endloop
endfacet
facet normal 0.0000 24.0000 -26.5720
    outer loop
        vertex 4.9240 6.8200 -8.1000
        vertex 4.9640 8.7000 -8.1000
        vertex 5.5160 8.3560 -8.1000
    endloop
endfacet
facet normal 0.0000 24.0000 -25.6160
    outer loop
        vertex 5.5160 8.3560 -8.1000
        vertex 5.6200 7.1080 -8.1000
        vertex 4.9240 6.8200 -8.1000
    endloop
endfacet
facet normal 0.0000 24.0000 -20.6246
    outer loop
        vertex 4.9240 6.8200 -8.1000
        vertex 5.6200 7.1080 -8.1000
        vertex 5.5320 6.9280 -8.1000
    endloop
endfacet
facet normal 0.0000 24.0000 -20.9437
    outer loop
        vertex 5.5320 6.9280 -8.1000
        vertex 5.0160 6.5880 -8.1000
        vertex 4.9240 6.8200 -8.1000
    endloop
endfacet
facet normal 0.0000 24.0000 -20.8737
    outer loop
        vertex 5.0160 6.5880 -8.1000
        vertex 5.5320 6.9280 -8.1000
        vertex 5.5000 6.6360 -8.1000
    endloop
endfacet
facet normal 0.0000 24.0000 -20.8445
    outer loop
        vertex 5.5000 6.6360 -8.1000
        vertex 5.0480 6.3120 -8.1000
        vertex 5.0160 6.5880 -8.1000
    endloop
endfacet
facet normal 0.0000 24.0000 -23.1753
    outer loop
        vertex 5.0480 6.3120 -8.1000
        vertex 5.5000 6.6360 -8.1000
        vertex 5.5000 5.5120 -8.1000
    endloop
endfacet
facet normal 0.0000 24.0000 -20.8519
    outer loop
        vertex 5.5000 5.5120 -8.1000
        vertex 5.0200 6.0600 -8.1000
        vertex 5.0480 6.3120 -8.1000
    endloop
endfacet
facet normal 0.0000 24.0000 -20.9453
    outer loop
        vertex 5.0200 6.0600 -8.1000
        vertex 5.5000 5.5120 -8.1000
        vertex 5.2240 5.5120 -8.1000
    endloop
endfacet
facet normal 0.0000 24.0000 -20.5631
    outer loop
        vertex 5.2240 5.5120 -8.1000
        vertex 4.9360 5.8440 -8.1000
        vertex 5.0200 6.0600 -8.1000
    endloop
endfacet
facet normal 0.0000 24.0000 -20.6217
    outer loop
        vertex 4.7960 5.6600 -8.1000
        vertex 4.9360 5.8440 -8.1000
        vertex 5.2240 5.5120 -8.1000
    endloop
endfacet
facet normal 0.0000 24.0000 -21.0379
    outer loop
        vertex 5.2240 5.5120 -8.1000
        vertex 5.2240 5.1240 -8.1000
        vertex 4.7960 5.6600 -8.1000
    endloop
endfacet
facet normal 0.0000 24.0000 -21.3126
    outer loop
        vertex 4.7960 5.6600 -8.1000
        vertex 5.2240 5.1240 -8.1000
        vertex 4.9280 5.0040 -8.1000
    endloop
endfacet
facet normal 0.0000 24.0000 -20.8666
    outer loop
        vertex 4.9280 5.0040 -8.1000
        vertex 4.6120 5.5240 -8.1000
        vertex 4.7960 5.6600 -8.1000
    endloop
endfacet
facet normal 0.0000 24.0000 -20.8809
    outer loop
        vertex 4.9280 5.0040 -8.1000
        vertex 4.3920 5.4400 -8.1000
        vertex 4.6120 5.5240 -8.1000
    endloop
endfacet
facet normal 0.0000 24.0000 -20.7805
    outer loop
        vertex 4.1400 5.4120 -8.1000
        vertex 4.3920 5.4400 -8.1000
        vertex 4.9280 5.0040 -8.1000
    endloop
endfacet
facet normal 0.0000 24.0000 -23.0192
    outer loop
        vertex 4.9280 5.0040 -8.1000
        vertex 3.7440 5.0040 -8.1000
        vertex 4.1400 5.4120 -8.1000
    endloop
endfacet
facet normal 0.0000 24.0000 -20.3768
    outer loop
        vertex 3.7440 5.0040 -8.1000
        vertex 4.0000 5.4200 -8.1000
        vertex 4.1400 5.4120 -8.1000
    endloop
endfacet
facet normal 0.0000 24.0000 -20.3568
    outer loop
        vertex 3.7440 5.0040 -8.1000
        vertex 3.8800 5.4480 -8.1000
        vertex 4.0000 5.4200 -8.1000
    endloop
endfacet
facet normal 0.0000 24.0000 -20.6656
    outer loop
        vertex 3.7440 5.0040 -8.1000
        vertex 3.6720 5.5520 -8.1000
        vertex 3.8800 5.4480 -8.1000
    endloop
endfacet
facet normal 0.0000 24.0000 -20.8510
    outer loop
        vertex 4.9280 4.5440 -8.1000
        vertex 4.9280 5.0040 -8.1000
        vertex 5.2240 5.1240 -8.1000
    endloop
endfacet
facet normal 0.0000 24.0000 -22.0513
    outer loop
        vertex 5.2240 5.1240 -8.1000
        vertex 5.5000 4.5560 -8.1000
        vertex 4.9280 4.5440 -8.1000
    endloop
endfacet
facet normal 0.0000 24.0000 -20.9798
    outer loop
        vertex 5.5000 4.5560 -8.1000
        vertex 5.2240 5.1240 -8.1000
        vertex 5.5000 5.1240 -8.1000
    endloop
endfacet
facet normal 0.0000 24.0000 -21.3676
    outer loop
        vertex 5.7880 7.1960 -8.1000
        vertex 5.6200 7.1080 -8.1000
        vertex 5.5160 8.3560 -8.1000
    endloop
endfacet
facet normal 0.0000 24.0000 -24.0020
    outer loop
        vertex 5.5160 8.3560 -8.1000
        vertex 6.0680 8.3560 -8.1000
        vertex 5.7880 7.1960 -8.1000
    endloop
endfacet
facet normal 0.0000 24.0000 -21.8870
    outer loop
        vertex 5.7880 7.1960 -8.1000
        vertex 6.0680 8.3560 -8.1000
        vertex 6.0560 7.2280 -8.1000
    endloop
endfacet
facet normal 0.0000 24.0000 -20.9312
    outer loop
        vertex 6.1880 7.2200 -8.1000
        vertex 6.0560 7.2280 -8.1000
        vertex 6.0680 8.3560 -8.1000
    endloop
endfacet
facet normal 0.0000 24.0000 -21.3034
    outer loop
        vertex 6.0680 8.3560 -8.1000
        vertex 6.3720 7.2160 -8.1000
        vertex 6.1880 7.2200 -8.1000
    endloop
endfacet
facet normal 0.0000 24.0000 -23.3592
    outer loop
        vertex 6.3880 8.9240 -8.1000
        vertex 6.3720 7.2160 -8.1000
        vertex 6.0680 8.3560 -8.1000
    endloop
endfacet
facet normal 0.0000 24.0000 -21.1360
    outer loop
        vertex 6.0680 8.3560 -8.1000
        vertex 6.0680 8.9240 -8.1000
        vertex 6.3880 8.9240 -8.1000
    endloop
endfacet
facet normal 0.0000 24.0000 -21.9596
    outer loop
        vertex 5.5160 8.9240 -8.1000
        vertex 5.5160 8.3560 -8.1000
        vertex 4.9640 8.7000 -8.1000
    endloop
endfacet
facet normal 0.0000 24.0000 -20.3864
    outer loop
        vertex 4.9640 8.7000 -8.1000
        vertex 5.2400 8.9240 -8.1000
        vertex 5.5160 8.9240 -8.1000
    endloop
endfacet
facet normal 0.0000 24.0000 -20.4542
    outer loop
        vertex 5.2400 8.9240 -8.1000
        vertex 4.9640 8.7000 -8.1000
        vertex 5.0240 9.0120 -8.1000
    endloop
endfacet
facet normal 0.0000 24.0000 -20.5238
    outer loop
        vertex 5.0240 9.0120 -8.1000
        vertex 5.2400 9.3120 -8.1000
        vertex 5.2400 8.9240 -8.1000
    endloop
endfacet
facet normal 0.0000 24.0000 -20.2751
    outer loop
        vertex 5.0240 9.0120 -8.1000
        vertex 5.0040 9.1880 -8.1000
        vertex 5.2400 9.3120 -8.1000
    endloop
endfacet
facet normal 0.0000 24.0000 -20.2707
    outer loop
        vertex 5.2400 9.3120 -8.1000
        vertex 5.0040 9.1880 -8.1000
        vertex 4.9440 9.3400 -8.1000
    endloop
endfacet
facet normal 0.0000 24.0000 -20.9045
    outer loop
        vertex 4.9440 9.3400 -8.1000
        vertex 4.9960 9.8240 -8.1000
        vertex 5.2400 9.3120 -8.1000
    endloop
endfacet
facet normal 0.0000 24.0000 -20.3549
    outer loop
        vertex 4.9960 9.8240 -8.1000
        vertex 4.9440 9.3400 -8.1000
        vertex 4.8400 9.4640 -8.1000
    endloop
endfacet
facet normal 0.0000 24.0000 -20.1347
    outer loop
        vertex 4.8400 9.4640 -8.1000
        vertex 4.8720 9.6760 -8.1000
        vertex 4.9960 9.8240 -8.1000
    endloop
endfacet
facet normal 0.0000 24.0000 -20.2108
    outer loop
        vertex 4.8400 9.4640 -8.1000
        vertex 4.6960 9.5640 -8.1000
        vertex 4.8720 9.6760 -8.1000
    endloop
endfacet
facet normal 0.0000 24.0000 -20.8832
    outer loop
        vertex 5.5160 9.3120 -8.1000
        vertex 5.2400 9.3120 -8.1000
        vertex 4.9960 9.8240 -8.1000
    endloop
endfacet
facet normal 0.0000 24.0000 -20.8282
    outer loop
        vertex 4.9960 9.8240 -8.1000
        vertex 5.0720 10.0040 -8.1000
        vertex 5.5160 9.3120 -8.1000
    endloop
endfacet
facet normal 0.0000 24.0000 -23.1191
    outer loop
        vertex 5.5160 10.4360 -8.1000
        vertex 5.5160 9.3120 -8.1000
        vertex 5.0720 10.0040 -8.1000
    endloop
endfacet
facet normal 0.0000 24.0000 -20.5349
    outer loop
        vertex 5.0720 10.0040 -8.1000
        vertex 5.1000 10.2240 -8.1000
        vertex 5.5160 10.4360 -8.1000
    endloop
endfacet
facet normal 0.0000 24.0000 -20.6872
    outer loop
        vertex 5.1000 10.2240 -8.1000
        vertex 5.0680 10.4720 -8.1000
        vertex 5.5160 10.4360 -8.1000
    endloop
endfacet
facet normal 0.0000 24.0000 -20.5635
    outer loop
        vertex 5.5160 10.4360 -8.1000
        vertex 5.0680 10.4720 -8.1000
        vertex 4.9840 10.6800 -8.1000
    endloop
endfacet
facet normal 0.0000 24.0000 -21.0197
    outer loop
        vertex 4.9840 10.6800 -8.1000
        vertex 5.5480 10.7280 -8.1000
        vertex 5.5160 10.4360 -8.1000
    endloop
endfacet
facet normal 0.0000 24.0000 -20.6507
    outer loop
        vertex 5.5480 10.7280 -8.1000
        vertex 4.9840 10.6800 -8.1000
        vertex 4.8360 10.8520 -8.1000
    endloop
endfacet
facet normal 0.0000 24.0000 -20.8692
    outer loop
        vertex 4.8360 10.8520 -8.1000
        vertex 5.6360 10.9080 -8.1000
        vertex 5.5480 10.7280 -8.1000
    endloop
endfacet
facet normal 0.0000 24.0000 -20.6886
    outer loop
        vertex 5.6360 10.9080 -8.1000
        vertex 4.8360 10.8520 -8.1000
        vertex 4.6400 10.9760 -8.1000
    endloop
endfacet
facet normal 0.0000 24.0000 -20.6192
    outer loop
        vertex 4.6400 10.9760 -8.1000
        vertex 5.8040 10.9960 -8.1000
        vertex 5.6360 10.9080 -8.1000
    endloop
endfacet
facet normal 0.0000 24.0000 -20.5829
    outer loop
        vertex 5.8040 10.9960 -8.1000
        vertex 4.6400 10.9760 -8.1000
        vertex 4.4000 11.0520 -8.1000
    endloop
endfacet
facet normal 0.0000 24.0000 -28.3176
    outer loop
        vertex 4.4000 11.0520 -8.1000
        vertex 5.5000 11.9560 -8.1000
        vertex 5.8040 10.9960 -8.1000
    endloop
endfacet
facet normal 0.0000 24.0000 -21.6688
    outer loop
        vertex 6.0720 11.0280 -8.1000
        vertex 5.8040 10.9960 -8.1000
        vertex 5.5000 11.9560 -8.1000
    endloop
endfacet
facet normal 0.0000 24.0000 -23.2016
    outer loop
        vertex 5.5000 11.9560 -8.1000
        vertex 6.0520 11.9560 -8.1000
        vertex 6.0720 11.0280 -8.1000
    endloop
endfacet
facet normal 0.0000 24.0000 -20.7646
    outer loop
        vertex 6.2040 11.0200 -8.1000
        vertex 6.0720 11.0280 -8.1000
        vertex 6.0520 11.9560 -8.1000
    endloop
endfacet
facet normal 0.0000 24.0000 -21.0726
    outer loop
        vertex 6.0520 11.9560 -8.1000
        vertex 6.3880 11.0160 -8.1000
        vertex 6.2040 11.0200 -8.1000
    endloop
endfacet
facet normal 0.0000 24.0000 -21.1360
    outer loop
        vertex 6.0520 11.9560 -8.1000
        vertex 6.0520 12.5240 -8.1000
        vertex 6.3720 12.5240 -8.1000
    endloop
endfacet
facet normal 0.0000 24.0000 -25.0627
    outer loop
        vertex 5.5000 11.9560 -8.1000
        vertex 4.4000 11.0520 -8.1000
        vertex 4.4920 11.8640 -8.1000
    endloop
endfacet
facet normal 0.0000 24.0000 -23.5784
    outer loop
        vertex 4.4920 11.8640 -8.1000
        vertex 5.5000 12.5240 -8.1000
        vertex 5.5000 11.9560 -8.1000
    endloop
endfacet
facet normal 0.0000 24.0000 -21.1385
    outer loop
        vertex 4.4920 11.8640 -8.1000
        vertex 5.2240 12.5240 -8.1000
        vertex 5.5000 12.5240 -8.1000
    endloop
endfacet
facet normal 0.0000 24.0000 -21.7751
    outer loop
        vertex 5.2240 12.9120 -8.1000
        vertex 5.2240 12.5240 -8.1000
        vertex 4.4920 11.8640 -8.1000
    endloop
endfacet
facet normal 0.0000 24.0000 -32.5172
    outer loop
        vertex 4.4920 11.8640 -8.1000
        vertex 4.4920 14.6000 -8.1000
        vertex 5.2240 12.9120 -8.1000
    endloop
endfacet
facet normal 0.0000 24.0000 -22.9118
    outer loop
        vertex 5.5000 12.9120 -8.1000
        vertex 5.2240 12.9120 -8.1000
        vertex 4.4920 14.6000 -8.1000
    endloop
endfacet
facet normal 0.0000 24.0000 -27.0812
    outer loop
        vertex 4.4920 14.6000 -8.1000
        vertex 5.5000 14.0360 -8.1000
        vertex 5.5000 12.9120 -8.1000
    endloop
endfacet
facet normal 0.0000 24.0000 -21.9524
    outer loop
        vertex 5.5000 14.0360 -8.1000
        vertex 4.4920 14.6000 -8.1000
        vertex 5.5320 14.3280 -8.1000
    endloop
endfacet
facet normal 0.0000 24.0000 -21.3196
    outer loop
        vertex 5.5320 14.3280 -8.1000
        vertex 4.4920 14.6000 -8.1000
        vertex 5.6200 14.5080 -8.1000
    endloop
endfacet
facet normal 0.0000 24.0000 -20.7170
    outer loop
        vertex 5.6200 14.5080 -8.1000
        vertex 4.4920 14.6000 -8.1000
        vertex 5.7880 14.5960 -8.1000
    endloop
endfacet
facet normal 0.0000 24.0000 -22.2330
    outer loop
        vertex 4.0520 11.8640 -8.1000
        vertex 4.4920 11.8640 -8.1000
        vertex 4.4000 11.0520 -8.1000
    endloop
endfacet
facet normal 0.0000 24.0000 -21.4007
    outer loop
        vertex 4.4000 11.0520 -8.1000
        vertex 4.1120 11.0800 -8.1000
        vertex 4.0520 11.8640 -8.1000
    endloop
endfacet
facet normal 0.0000 24.0000 -20.2100
    outer loop
        vertex 3.9920 12.0880 -8.1000
        vertex 4.0520 11.8640 -8.1000
        vertex 4.1120 11.0800 -8.1000
    endloop
endfacet
facet normal 0.0000 24.0000 -21.8354
    outer loop
        vertex 4.1120 11.0800 -8.1000
        vertex 3.8240 11.0520 -8.1000
        vertex 3.9920 12.0880 -8.1000
    endloop
endfacet
facet normal 0.0000 24.0000 -21.0101
    outer loop
        vertex 3.8600 12.2360 -8.1000
        vertex 3.9920 12.0880 -8.1000
        vertex 3.8240 11.0520 -8.1000
    endloop
endfacet
facet normal 0.0000 24.0000 -21.7598
    outer loop
        vertex 3.8240 11.0520 -8.1000
        vertex 3.5840 10.9800 -8.1000
        vertex 3.8600 12.2360 -8.1000
    endloop
endfacet
facet normal 0.0000 24.0000 -21.8091
    outer loop
        vertex 3.6480 12.3200 -8.1000
        vertex 3.8600 12.2360 -8.1000
        vertex 3.5840 10.9800 -8.1000
    endloop
endfacet
facet normal 0.0000 24.0000 -21.5903
    outer loop
        vertex 3.5840 10.9800 -8.1000
        vertex 3.3880 10.8520 -8.1000
        vertex 3.6480 12.3200 -8.1000
    endloop
endfacet
facet normal 0.0000 24.0000 -23.2384
    outer loop
        vertex 3.3000 12.3480 -8.1000
        vertex 3.6480 12.3200 -8.1000
        vertex 3.3880 10.8520 -8.1000
    endloop
endfacet
facet normal 0.0000 24.0000 -26.2216
    outer loop
        vertex 3.3880 10.8520 -8.1000
        vertex 2.7000 11.2360 -8.1000
        vertex 3.3000 12.3480 -8.1000
    endloop
endfacet
facet normal 0.0000 24.0000 -21.0220
    outer loop
        vertex 2.7400 10.9760 -8.1000
        vertex 2.7000 11.2360 -8.1000
        vertex 3.3880 10.8520 -8.1000
    endloop
endfacet
facet normal 0.0000 24.0000 -20.7892
    outer loop
        vertex 3.3880 10.8520 -8.1000
        vertex 3.2476 10.6840 -8.1000
        vertex 2.7400 10.9760 -8.1000
    endloop
endfacet
facet normal 0.0000 24.0000 -21.7512
    outer loop
        vertex 2.7400 10.4240 -8.1000
        vertex 2.7400 10.9760 -8.1000
        vertex 3.2476 10.6840 -8.1000
    endloop
endfacet
facet normal 0.0000 24.0000 -20.5302
    outer loop
        vertex 3.2476 10.6840 -8.1000
        vertex 3.1600 10.4720 -8.1000
        vertex 2.7400 10.4240 -8.1000
    endloop
endfacet
facet normal 0.0000 24.0000 -20.6426
    outer loop
        vertex 3.1320 10.2240 -8.1000
        vertex 2.7400 10.4240 -8.1000
        vertex 3.1600 10.4720 -8.1000
    endloop
endfacet
facet normal 0.0000 24.0000 -20.4992
    outer loop
        vertex 2.7400 10.4240 -8.1000
        vertex 3.1320 10.2240 -8.1000
        vertex 3.1560 10.0080 -8.1000
    endloop
endfacet
facet normal 0.0000 24.0000 -21.5080
    outer loop
        vertex 3.1560 10.0080 -8.1000
        vertex 2.1600 10.4240 -8.1000
        vertex 2.7400 10.4240 -8.1000
    endloop
endfacet
facet normal 0.0000 24.0000 -27.8569
    outer loop
        vertex 1.6760 9.3640 -8.1000
        vertex 2.1600 10.4240 -8.1000
        vertex 3.1560 10.0080 -8.1000
    endloop
endfacet
facet normal 0.0000 24.0000 -21.9178
    outer loop
        vertex 3.1560 10.0080 -8.1000
        vertex 3.2280 9.8320 -8.1000
        vertex 1.6760 9.3640 -8.1000
    endloop
endfacet
facet normal 0.0000 24.0000 -26.1692
    outer loop
        vertex 3.2280 9.1960 -8.1000
        vertex 1.6760 9.3640 -8.1000
        vertex 3.2280 9.8320 -8.1000
    endloop
endfacet
facet normal 0.0000 24.0000 -20.2226
    outer loop
        vertex 3.2280 9.8320 -8.1000
        vertex 3.2840 9.3400 -8.1000
        vertex 3.2280 9.1960 -8.1000
    endloop
endfacet
facet normal 0.0000 24.0000 -20.3295
    outer loop
        vertex 3.2840 9.3400 -8.1000
        vertex 3.2280 9.8320 -8.1000
        vertex 3.3520 9.6840 -8.1000
    endloop
endfacet
facet normal 0.0000 24.0000 -20.1640
    outer loop
        vertex 3.3520 9.6840 -8.1000
        vertex 3.3840 9.4600 -8.1000
        vertex 3.2840 9.3400 -8.1000
    endloop
endfacet
facet normal 0.0000 24.0000 -20.2280
    outer loop
        vertex 3.3840 9.4600 -8.1000
        vertex 3.3520 9.6840 -8.1000
        vertex 3.5320 9.5640 -8.1000
    endloop
endfacet
facet normal 0.0000 24.0000 -22.4496
    outer loop
        vertex 1.7080 9.1080 -8.1000
        vertex 1.6760 9.3640 -8.1000
        vertex 3.2280 9.1960 -8.1000
    endloop
endfacet
facet normal 0.0000 24.0000 -21.7370
    outer loop
        vertex 3.2280 9.1960 -8.1000
        vertex 3.2080 9.0120 -8.1000
        vertex 1.7080 9.1080 -8.1000
    endloop
endfacet
facet normal 0.0000 24.0000 -22.2668
    outer loop
        vertex 1.6800 8.8680 -8.1000
        vertex 1.7080 9.1080 -8.1000
        vertex 3.2080 9.0120 -8.1000
    endloop
endfacet
facet normal 0.0000 24.0000 -23.0336
    outer loop
        vertex 3.2080 9.0120 -8.1000
        vertex 3.2680 8.7000 -8.1000
        vertex 1.6800 8.8680 -8.1000
    endloop
endfacet
facet normal 0.0000 24.0000 -22.1129
    outer loop
        vertex 1.5960 8.6640 -8.1000
        vertex 1.6800 8.8680 -8.1000
        vertex 3.2680 8.7000 -8.1000
    endloop
endfacet
facet normal 0.0000 24.0000 -21.3159
    outer loop
        vertex 2.1600 10.4240 -8.1000
        vertex 1.6760 9.3640 -8.1000
        vertex 1.5760 9.5800 -8.1000
    endloop
endfacet
facet normal 0.0000 24.0000 -22.9051
    outer loop
        vertex 1.5760 9.5800 -8.1000
        vertex 1.6840 10.5320 -8.1000
        vertex 2.1600 10.4240 -8.1000
    endloop
endfacet
facet normal 0.0000 24.0000 -21.2882
    outer loop
        vertex 1.5760 9.5800 -8.1000
        vertex 1.3840 9.7960 -8.1000
        vertex 1.6840 10.5320 -8.1000
    endloop
endfacet
facet normal 0.0000 24.0000 -21.9036
    outer loop
        vertex 1.3840 9.7960 -8.1000
        vertex 1.0680 10.0360 -8.1000
        vertex 1.6840 10.5320 -8.1000
    endloop
endfacet
facet normal 0.0000 24.0000 -20.5440
    outer loop
        vertex 1.6840 10.5320 -8.1000
        vertex 1.0680 10.0360 -8.1000
        vertex 0.9720 10.1000 -8.1000
    endloop
endfacet
facet normal 0.0000 24.0000 -20.7086
    outer loop
        vertex 0.9720 10.1000 -8.1000
        vertex 0.8480 10.1840 -8.1000
        vertex 1.6840 10.5320 -8.1000
    endloop
endfacet
facet normal 0.0000 24.0000 -21.6540
    outer loop
        vertex 1.6840 10.5320 -8.1000
        vertex 0.8480 10.1840 -8.1000
        vertex 0.5680 10.3840 -8.1000
    endloop
endfacet
facet normal 0.0000 24.0000 -21.1470
    outer loop
        vertex 0.5680 10.3840 -8.1000
        vertex 0.4440 10.5320 -8.1000
        vertex 1.6840 10.5320 -8.1000
    endloop
endfacet
facet normal 0.0000 24.0000 -21.7136
    outer loop
        vertex 2.1600 11.0000 -8.1000
        vertex 2.1600 10.4240 -8.1000
        vertex 1.6840 10.5320 -8.1000
    endloop
endfacet
facet normal 0.0000 24.0000 -21.3923
    outer loop
        vertex 1.6840 10.5320 -8.1000
        vertex 1.6840 11.0000 -8.1000
        vertex 2.1600 11.0000 -8.1000
    endloop
endfacet
facet normal 0.0000 24.0000 -21.2971
    outer loop
        vertex 2.1600 11.0000 -8.1000
        vertex 1.6840 11.0000 -8.1000
        vertex 2.1600 11.4360 -8.1000
    endloop
endfacet
facet normal 0.0000 24.0000 -20.8502
    outer loop
        vertex 2.4720 11.0000 -8.1000
        vertex 2.1600 11.0000 -8.1000
        vertex 2.1600 11.4360 -8.1000
    endloop
endfacet
facet normal 0.0000 24.0000 -20.0936
    outer loop
        vertex 2.1600 11.4360 -8.1000
        vertex 2.4720 11.0480 -8.1000
        vertex 2.4720 11.0000 -8.1000
    endloop
endfacet
facet normal 0.0000 24.0000 -20.2303
    outer loop
        vertex 2.4720 11.0480 -8.1000
        vertex 2.1600 11.4360 -8.1000
        vertex 2.3000 11.3800 -8.1000
    endloop
endfacet
facet normal 0.0000 24.0000 -20.1090
    outer loop
        vertex 2.3000 11.3800 -8.1000
        vertex 2.4520 11.1880 -8.1000
        vertex 2.4720 11.0480 -8.1000
    endloop
endfacet
facet normal 0.0000 24.0000 -20.0354
    outer loop
        vertex 2.4520 11.1880 -8.1000
        vertex 2.3000 11.3800 -8.1000
        vertex 2.3960 11.2960 -8.1000
    endloop
endfacet
facet normal 0.0000 24.0000 -20.6664
    outer loop
        vertex 2.1600 11.6600 -8.1000
        vertex 2.1600 11.4360 -8.1000
        vertex 1.6840 11.0000 -8.1000
    endloop
endfacet
facet normal 0.0000 24.0000 -27.9035
    outer loop
        vertex 1.6840 11.0000 -8.1000
        vertex -0.2320 11.0000 -8.1000
        vertex 2.1600 11.6600 -8.1000
    endloop
endfacet
facet normal 0.0000 24.0000 -77.0888
    outer loop
        vertex 2.1600 11.6600 -8.1000
        vertex -0.2320 11.0000 -8.1000
        vertex -3.1120 14.0240 -8.1000
    endloop
endfacet
facet normal 0.0000 24.0000 -59.5131
    outer loop
        vertex -3.1120 14.0240 -8.1000
        vertex 3.3000 12.3480 -8.1000
        vertex 2.1600 11.6600 -8.1000
    endloop
endfacet
facet normal 0.0000 24.0000 -21.6536
    outer loop
        vertex 2.4120 11.5800 -8.1000
        vertex 2.1600 11.6600 -8.1000
        vertex 3.3000 12.3480 -8.1000
    endloop
endfacet
facet normal 0.0000 24.0000 -21.6632
    outer loop
        vertex 2.5920 11.4360 -8.1000
        vertex 2.4120 11.5800 -8.1000
        vertex 3.3000 12.3480 -8.1000
    endloop
endfacet
facet normal 0.0000 24.0000 -21.5006
    outer loop
        vertex 2.7000 11.2360 -8.1000
        vertex 2.5920 11.4360 -8.1000
        vertex 3.3000 12.3480 -8.1000
    endloop
endfacet
facet normal 0.0000 24.0000 -35.3888
    outer loop
        vertex 3.3000 12.7320 -8.1000
        vertex 3.3000 12.3480 -8.1000
        vertex -3.1120 14.0240 -8.1000
    endloop
endfacet
facet normal 0.0000 24.0000 -43.0832
    outer loop
        vertex -3.1120 14.0240 -8.1000
        vertex -3.1120 14.6000 -8.1000
        vertex 3.3000 12.7320 -8.1000
    endloop
endfacet
facet normal 0.0000 24.0000 -27.4518
    outer loop
        vertex 3.9520 12.7280 -8.1000
        vertex 3.3000 12.7320 -8.1000
        vertex -3.1120 14.6000 -8.1000
    endloop
endfacet
facet normal 0.0000 24.0000 -102.6488
    outer loop
        vertex -3.1120 14.6000 -8.1000
        vertex 3.9520 14.6000 -8.1000
        vertex 3.9520 12.7280 -8.1000
    endloop
endfacet
facet normal 0.0000 24.0000 -52.3568
    outer loop
        vertex -1.9440 11.0000 -8.1000
        vertex -3.1120 14.0240 -8.1000
        vertex -0.2320 11.0000 -8.1000
    endloop
endfacet
facet normal 0.0000 24.0000 -23.6380
    outer loop
        vertex -0.2320 11.0000 -8.1000
        vertex -0.1920 10.6600 -8.1000
        vertex -1.9440 11.0000 -8.1000
    endloop
endfacet
facet normal 0.0000 24.0000 -26.3072
    outer loop
        vertex -1.9440 10.4240 -8.1000
        vertex -1.9440 11.0000 -8.1000
        vertex -0.1920 10.6600 -8.1000
    endloop
endfacet
facet normal 0.0000 24.0000 -23.2371
    outer loop
        vertex -0.1920 10.6600 -8.1000
        vertex -0.0760 10.3800 -8.1000
        vertex -1.9440 10.4240 -8.1000
    endloop
endfacet
facet normal 0.0000 24.0000 -33.2936
    outer loop
        vertex -0.1880 9.2440 -8.1000
        vertex -1.9440 10.4240 -8.1000
        vertex -0.0760 10.3800 -8.1000
    endloop
endfacet
facet normal 0.0000 24.0000 -21.0292
    outer loop
        vertex -0.0760 10.3800 -8.1000
        vertex 0.0520 10.2080 -8.1000
        vertex -0.1880 9.2440 -8.1000
    endloop
endfacet
facet normal 0.0000 24.0000 -23.0607
    outer loop
        vertex 0.3200 9.2440 -8.1000
        vertex -0.1880 9.2440 -8.1000
        vertex 0.0520 10.2080 -8.1000
    endloop
endfacet
facet normal 0.0000 24.0000 -20.7964
    outer loop
        vertex 0.0520 10.2080 -8.1000
        vertex 0.2320 10.0360 -8.1000
        vertex 0.3200 9.2440 -8.1000
    endloop
endfacet
facet normal 0.0000 24.0000 -21.0714
    outer loop
        vertex 0.3200 9.2440 -8.1000
        vertex 0.2320 10.0360 -8.1000
        vertex 0.4680 9.8600 -8.1000
    endloop
endfacet
facet normal 0.0000 24.0000 -20.3261
    outer loop
        vertex 0.4680 9.8600 -8.1000
        vertex 0.3480 9.0080 -8.1000
        vertex 0.3200 9.2440 -8.1000
    endloop
endfacet
facet normal 0.0000 24.0000 -20.9969
    outer loop
        vertex 0.3480 9.0080 -8.1000
        vertex 0.4680 9.8600 -8.1000
        vertex 0.6400 9.7520 -8.1000
    endloop
endfacet
facet normal 0.0000 24.0000 -20.6567
    outer loop
        vertex 0.6400 9.7520 -8.1000
        vertex 0.4280 8.8520 -8.1000
        vertex 0.3480 9.0080 -8.1000
    endloop
endfacet
facet normal 0.0000 24.0000 -21.8890
    outer loop
        vertex 0.4280 8.8520 -8.1000
        vertex 0.6400 9.7520 -8.1000
        vertex 0.9240 9.5320 -8.1000
    endloop
endfacet
facet normal 0.0000 24.0000 -20.8756
    outer loop
        vertex 0.9240 9.5320 -8.1000
        vertex 0.5640 8.7560 -8.1000
        vertex 0.4280 8.8520 -8.1000
    endloop
endfacet
facet normal 0.0000 24.0000 -21.3112
    outer loop
        vertex 0.5640 8.7560 -8.1000
        vertex 0.9240 9.5320 -8.1000
        vertex 1.0960 9.3200 -8.1000
    endloop
endfacet
facet normal 0.0000 24.0000 -20.7550
    outer loop
        vertex 1.0960 9.3200 -8.1000
        vertex 0.7480 8.7240 -8.1000
        vertex 0.5640 8.7560 -8.1000
    endloop
endfacet
facet normal 0.0000 24.0000 -20.6672
    outer loop
        vertex 0.7480 8.7240 -8.1000
        vertex 1.0960 9.3200 -8.1000
        vertex 1.1560 9.1160 -8.1000
    endloop
endfacet
facet normal 0.0000 24.0000 -20.3504
    outer loop
        vertex 1.1560 9.1160 -8.1000
        vertex 0.9160 8.7480 -8.1000
        vertex 0.7480 8.7240 -8.1000
    endloop
endfacet
facet normal 0.0000 24.0000 -20.1816
    outer loop
        vertex 0.9160 8.7480 -8.1000
        vertex 1.1560 9.1160 -8.1000
        vertex 1.1280 8.9520 -8.1000
    endloop
endfacet
facet normal 0.0000 24.0000 -20.0572
    outer loop
        vertex 1.1280 8.9520 -8.1000
        vertex 1.0440 8.8280 -8.1000
        vertex 0.9160 8.7480 -8.1000
    endloop
endfacet
facet normal 0.0000 24.0000 -24.2480
    outer loop
        vertex -2.5200 10.4240 -8.1000
        vertex -1.9440 10.4240 -8.1000
        vertex -0.1880 9.2440 -8.1000
    endloop
endfacet
facet normal 0.0000 24.0000 -54.8317
    outer loop
        vertex -0.1880 9.2440 -8.1000
        vertex -2.8240 8.1880 -8.1000
        vertex -2.5200 10.4240 -8.1000
    endloop
endfacet
facet normal 0.0000 24.0000 -24.9955
    outer loop
        vertex -2.8240 8.1880 -8.1000
        vertex -0.1880 9.2440 -8.1000
        vertex -0.1600 8.9520 -8.1000
    endloop
endfacet
facet normal 0.0000 24.0000 -24.3971
    outer loop
        vertex -2.8240 8.1880 -8.1000
        vertex -0.1600 8.9520 -8.1000
        vertex -0.0760 8.7120 -8.1000
    endloop
endfacet
facet normal 0.0000 24.0000 -36.5787
    outer loop
        vertex -2.5200 10.4240 -8.1000
        vertex -2.8240 8.1880 -8.1000
        vertex -3.6280 11.0000 -8.1000
    endloop
endfacet
facet normal 0.0000 24.0000 -23.9888
    outer loop
        vertex -3.6280 11.0000 -8.1000
        vertex -2.5200 11.0000 -8.1000
        vertex -2.5200 10.4240 -8.1000
    endloop
endfacet
facet normal 0.0000 24.0000 -25.4569
    outer loop
        vertex -2.5200 11.0000 -8.1000
        vertex -3.6280 11.0000 -8.1000
        vertex -4.0120 11.7880 -8.1000
    endloop
endfacet
facet normal 0.0000 24.0000 -22.8368
    outer loop
        vertex -1.9440 11.0000 -8.1000
        vertex -2.5200 11.0000 -8.1000
        vertex -4.0120 11.7880 -8.1000
    endloop
endfacet
facet normal 0.0000 24.0000 -53.3328
    outer loop
        vertex -4.0120 11.7880 -8.1000
        vertex -3.1120 14.0240 -8.1000
        vertex -1.9440 11.0000 -8.1000
    endloop
endfacet
facet normal 0.0000 24.0000 -28.0496
    outer loop
        vertex -3.6880 14.0240 -8.1000
        vertex -3.1120 14.0240 -8.1000
        vertex -4.0120 11.7880 -8.1000
    endloop
endfacet
facet normal 0.0000 24.0000 -38.0083
    outer loop
        vertex -4.0120 11.7880 -8.1000
        vertex -5.1360 12.9240 -8.1000
        vertex -3.6880 14.0240 -8.1000
    endloop
endfacet
facet normal 0.0000 24.0000 -26.7528
    outer loop
        vertex -3.6880 14.0240 -8.1000
        vertex -5.1360 12.9240 -8.1000
        vertex -3.9120 14.6000 -8.1000
    endloop
endfacet
facet normal 0.0000 24.0000 -20.8064
    outer loop
        vertex -3.9120 14.6000 -8.1000
        vertex -3.6880 14.6000 -8.1000
        vertex -3.6880 14.0240 -8.1000
    endloop
endfacet
facet normal 0.0000 24.0000 -22.7186
    outer loop
        vertex -4.0120 11.7880 -8.1000
        vertex -3.6280 11.0000 -8.1000
        vertex -4.1800 11.0000 -8.1000
    endloop
endfacet
facet normal 0.0000 24.0000 -23.5657
    outer loop
        vertex -4.1800 11.0000 -8.1000
        vertex -4.7360 11.7880 -8.1000
        vertex -4.0120 11.7880 -8.1000
    endloop
endfacet
facet normal 0.0000 24.0000 -24.2946
    outer loop
        vertex -5.0520 11.0000 -8.1000
        vertex -4.7360 11.7880 -8.1000
        vertex -4.1800 11.0000 -8.1000
    endloop
endfacet
facet normal 0.0000 24.0000 -31.7502
    outer loop
        vertex -4.1800 11.0000 -8.1000
        vertex -4.6120 8.8440 -8.1000
        vertex -5.0520 11.0000 -8.1000
    endloop
endfacet
facet normal 0.0000 24.0000 -22.6989
    outer loop
        vertex -4.7360 11.7880 -8.1000
        vertex -5.0520 11.0000 -8.1000
        vertex -5.6000 11.0000 -8.1000
    endloop
endfacet
facet normal 0.0000 24.0000 -25.4175
    outer loop
        vertex -5.6000 11.0000 -8.1000
        vertex -5.8360 11.7880 -8.1000
        vertex -4.7360 11.7880 -8.1000
    endloop
endfacet
facet normal 0.0000 24.0000 -27.9475
    outer loop
        vertex -4.7360 11.7880 -8.1000
        vertex -5.8360 11.7880 -8.1000
        vertex -5.8360 12.9440 -8.1000
    endloop
endfacet
endsolid GiantLegoRocks
