solid GiantLegoRocks
facet normal -7.3900 0.0000 9.8280
    outer loop
        vertex 3.9312 0.0000 2.9560
        vertex 4.0000 0.0000 4.0000
        vertex 4.0000 9.6000 4.0000
    endloop
endfacet
facet normal -7.3900 0.0000 9.8280
    outer loop
        vertex 4.0000 9.6000 4.0000
        vertex 3.9312 9.6000 2.9560
        vertex 3.9312 0.0000 2.9560
    endloop
endfacet
facet normal -7.4340 0.0000 9.4900
    outer loop
        vertex 3.7272 0.0000 1.9296
        vertex 3.9312 0.0000 2.9560
        vertex 3.9312 9.6000 2.9560
    endloop
endfacet
facet normal -7.4340 0.0000 9.4900
    outer loop
        vertex 3.9312 9.6000 2.9560
        vertex 3.7272 9.6000 1.9296
        vertex 3.7272 0.0000 1.9296
    endloop
endfacet
facet normal -7.5220 0.0000 9.1600
    outer loop
        vertex 3.3912 0.0000 0.9384
        vertex 3.7272 0.0000 1.9296
        vertex 3.7272 9.6000 1.9296
    endloop
endfacet
facet normal -7.5220 0.0000 9.1600
    outer loop
        vertex 3.7272 9.6000 1.9296
        vertex 3.3912 9.6000 0.9384
        vertex 3.3912 0.0000 0.9384
    endloop
endfacet
facet normal -7.6540 0.0000 8.8420
    outer loop
        vertex 2.9280 0.0000 0.0000
        vertex 3.3912 0.0000 0.9384
        vertex 3.3912 9.6000 0.9384
    endloop
endfacet
facet normal -7.6540 0.0000 8.8420
    outer loop
        vertex 3.3912 9.6000 0.9384
        vertex 2.9280 9.6000 0.0000
        vertex 2.9280 0.0000 0.0000
    endloop
endfacet
facet normal -7.8240 0.0000 8.5480
    outer loop
        vertex 2.3472 0.0000 -0.8704
        vertex 2.9280 0.0000 0.0000
        vertex 2.9280 9.6000 0.0000
    endloop
endfacet
facet normal -7.8240 0.0000 8.5480
    outer loop
        vertex 2.9280 9.6000 0.0000
        vertex 2.3472 9.6000 -0.8704
        vertex 2.3472 0.0000 -0.8704
    endloop
endfacet
facet normal -8.0340 0.0000 8.2740
    outer loop
        vertex 1.6568 0.0000 -1.6568
        vertex 2.3472 0.0000 -0.8704
        vertex 2.3472 9.6000 -0.8704
    endloop
endfacet
facet normal -8.0340 0.0000 8.2740
    outer loop
        vertex 2.3472 9.6000 -0.8704
        vertex 1.6568 9.6000 -1.6568
        vertex 1.6568 0.0000 -1.6568
    endloop
endfacet
facet normal -8.2740 0.0000 8.0340
    outer loop
        vertex 0.8704 0.0000 -2.3472
        vertex 1.6568 0.0000 -1.6568
        vertex 1.6568 9.6000 -1.6568
    endloop
endfacet
facet normal -8.2740 0.0000 8.0340
    outer loop
        vertex 1.6568 9.6000 -1.6568
        vertex 0.8704 9.6000 -2.3472
        vertex 0.8704 0.0000 -2.3472
    endloop
endfacet
facet normal -8.5480 0.0000 7.8240
    outer loop
        vertex 0.0000 0.0000 -2.9280
        vertex 0.8704 0.0000 -2.3472
        vertex 0.8704 9.6000 -2.3472
    endloop
endfacet
facet normal -8.5480 0.0000 7.8240
    outer loop
        vertex 0.8704 9.6000 -2.3472
        vertex 0.0000 9.6000 -2.9280
        vertex 0.0000 0.0000 -2.9280
    endloop
endfacet
facet normal -8.8420 0.0000 7.6540
    outer loop
        vertex -0.9384 0.0000 -3.3912
        vertex 0.0000 0.0000 -2.9280
        vertex 0.0000 9.6000 -2.9280
    endloop
endfacet
facet normal -8.8420 0.0000 7.6540
    outer loop
        vertex 0.0000 9.6000 -2.9280
        vertex -0.9384 9.6000 -3.3912
        vertex -0.9384 0.0000 -3.3912
    endloop
endfacet
facet normal -9.1600 0.0000 7.5220
    outer loop
        vertex -1.9296 0.0000 -3.7272
        vertex -0.9384 0.0000 -3.3912
        vertex -0.9384 9.6000 -3.3912
    endloop
endfacet
facet normal -9.1600 0.0000 7.5220
    outer loop
        vertex -0.9384 9.6000 -3.3912
        vertex -1.9296 9.6000 -3.7272
        vertex -1.9296 0.0000 -3.7272
    endloop
endfacet
facet normal -9.4900 0.0000 7.4340
    outer loop
        vertex -2.9560 0.0000 -3.9312
        vertex -1.9296 0.0000 -3.7272
        vertex -1.9296 9.6000 -3.7272
    endloop
endfacet
facet normal -9.4900 0.0000 7.4340
    outer loop
        vertex -1.9296 9.6000 -3.7272
        vertex -2.9560 9.6000 -3.9312
        vertex -2.9560 0.0000 -3.9312
    endloop
endfacet
facet normal -9.8280 0.0000 7.3900
    outer loop
        vertex -4.0000 0.0000 -4.0000
        vertex -2.9560 0.0000 -3.9312
        vertex -2.9560 9.6000 -3.9312
    endloop
endfacet
facet normal -9.8280 0.0000 7.3900
    outer loop
        vertex -2.9560 9.6000 -3.9312
        vertex -4.0000 9.6000 -4.0000
        vertex -4.0000 0.0000 -4.0000
    endloop
endfacet
facet normal -15.2200 0.0000 10.3440
    outer loop
        vertex 11.8624 0.0000 1.9120
        vertex 12.0000 9.6000 4.0000
        vertex 12.0000 0.0000 4.0000
    endloop
endfacet
facet normal -15.2200 0.0000 10.3440
    outer loop
        vertex 12.0000 9.6000 4.0000
        vertex 11.8624 0.0000 1.9120
        vertex 11.8624 9.6000 1.9120
    endloop
endfacet
facet normal -15.1320 0.0000 11.0200
    outer loop
        vertex 11.4544 0.0000 -0.1408
        vertex 11.8624 9.6000 1.9120
        vertex 11.8624 0.0000 1.9120
    endloop
endfacet
facet normal -15.1320 0.0000 11.0200
    outer loop
        vertex 11.8624 9.6000 1.9120
        vertex 11.4544 0.0000 -0.1408
        vertex 11.4544 9.6000 -0.1408
    endloop
endfacet
facet normal -14.9560 0.0000 11.6800
    outer loop
        vertex 10.7824 0.0000 -2.1232
        vertex 11.4544 9.6000 -0.1408
        vertex 11.4544 0.0000 -0.1408
    endloop
endfacet
facet normal -14.9560 0.0000 11.6800
    outer loop
        vertex 11.4544 9.6000 -0.1408
        vertex 10.7824 0.0000 -2.1232
        vertex 10.7824 9.6000 -2.1232
    endloop
endfacet
facet normal -14.6920 0.0000 12.3160
    outer loop
        vertex 9.8560 0.0000 -4.0000
        vertex 10.7824 9.6000 -2.1232
        vertex 10.7824 0.0000 -2.1232
    endloop
endfacet
facet normal -14.6920 0.0000 12.3160
    outer loop
        vertex 10.7824 9.6000 -2.1232
        vertex 9.8560 0.0000 -4.0000
        vertex 9.8560 9.6000 -4.0000
    endloop
endfacet
facet normal 13.9178 0.0000 -9.2870
    outer loop
        vertex 9.8560 9.6000 -4.0000
        vertex 8.9273 8.0000 -5.3918
        vertex 8.9273 9.6000 -5.3918
    endloop
endfacet
facet normal 83.5066 0.0000 -55.7222
    outer loop
        vertex 9.8560 9.6000 -4.0000
        vertex 9.8560 0.0000 -4.0000
        vertex 8.9273 0.0000 -5.3918
    endloop
endfacet
facet normal 69.5888 0.0000 -46.4352
    outer loop
        vertex 8.9273 0.0000 -5.3918
        vertex 8.9273 8.0000 -5.3918
        vertex 9.8560 9.6000 -4.0000
    endloop
endfacet
facet normal 17.4132 0.0000 -11.7068
    outer loop
        vertex 8.9273 8.0000 -5.3918
        vertex 8.9273 0.0000 -5.3918
        vertex 8.6932 0.0000 -5.7400
    endloop
endfacet
facet normal 17.4132 0.0000 -11.7068
    outer loop
        vertex 8.6932 0.0000 -5.7400
        vertex 8.6932 8.0000 -5.7400
        vertex 8.9273 8.0000 -5.3918
    endloop
endfacet
facet normal -6.5494 0.0000 6.0681
    outer loop
        vertex 5.7402 8.0000 -8.6937
        vertex 7.3129 8.0000 -7.3134
        vertex 7.3129 0.0000 -7.3134
    endloop
endfacet
facet normal -6.5494 0.0000 6.0681
    outer loop
        vertex 7.3129 0.0000 -7.3134
        vertex 5.7402 0.0000 -8.6937
        vertex 5.7402 8.0000 -8.6937
    endloop
endfacet
facet normal -6.0666 0.0000 6.5494
    outer loop
        vertex 7.3129 8.0000 -7.3134
        vertex 8.6932 8.0000 -5.7400
        vertex 8.6932 0.0000 -5.7400
    endloop
endfacet
facet normal -6.0666 0.0000 6.5494
    outer loop
        vertex 8.6932 0.0000 -5.7400
        vertex 7.3129 0.0000 -7.3134
        vertex 7.3129 8.0000 -7.3134
    endloop
endfacet
facet normal 11.6822 0.0000 -17.4204
    outer loop
        vertex 5.7402 8.0000 -8.6937
        vertex 5.7402 0.0000 -8.6937
        vertex 5.3918 0.0000 -8.9273
    endloop
endfacet
facet normal 11.6822 0.0000 -17.4204
    outer loop
        vertex 5.3918 0.0000 -8.9273
        vertex 5.3918 8.0000 -8.9273
        vertex 5.7402 8.0000 -8.6937
    endloop
endfacet
facet normal 55.7222 0.0000 -83.5066
    outer loop
        vertex 4.0000 0.0000 -9.8560
        vertex 4.0000 9.6000 -9.8560
        vertex 5.3918 8.0000 -8.9273
    endloop
endfacet
facet normal 46.4352 0.0000 -69.5888
    outer loop
        vertex 5.3918 8.0000 -8.9273
        vertex 5.3918 0.0000 -8.9273
        vertex 4.0000 0.0000 -9.8560
    endloop
endfacet
facet normal 9.2870 0.0000 -13.9178
    outer loop
        vertex 4.0000 9.6000 -9.8560
        vertex 5.3918 9.6000 -8.9273
        vertex 5.3918 8.0000 -8.9273
    endloop
endfacet
facet normal -9.6560 0.0000 4.7800
    outer loop
        vertex -1.9120 0.0000 -11.8624
        vertex -4.0000 0.0000 -12.0000
        vertex -4.0000 9.6000 -12.0000
    endloop
endfacet
facet normal -9.6560 0.0000 4.7800
    outer loop
        vertex -4.0000 9.6000 -12.0000
        vertex -1.9120 9.6000 -11.8624
        vertex -1.9120 0.0000 -11.8624
    endloop
endfacet
facet normal -8.9800 0.0000 4.8680
    outer loop
        vertex 0.1408 0.0000 -11.4544
        vertex -1.9120 0.0000 -11.8624
        vertex -1.9120 9.6000 -11.8624
    endloop
endfacet
facet normal -8.9800 0.0000 4.8680
    outer loop
        vertex -1.9120 9.6000 -11.8624
        vertex 0.1408 9.6000 -11.4544
        vertex 0.1408 0.0000 -11.4544
    endloop
endfacet
facet normal -8.3200 0.0000 5.0440
    outer loop
        vertex 2.1232 0.0000 -10.7824
        vertex 0.1408 0.0000 -11.4544
        vertex 0.1408 9.6000 -11.4544
    endloop
endfacet
facet normal -8.3200 0.0000 5.0440
    outer loop
        vertex 0.1408 9.6000 -11.4544
        vertex 2.1232 9.6000 -10.7824
        vertex 2.1232 0.0000 -10.7824
    endloop
endfacet
facet normal -7.6840 0.0000 5.3080
    outer loop
        vertex 4.0000 0.0000 -9.8560
        vertex 2.1232 0.0000 -10.7824
        vertex 2.1232 9.6000 -10.7824
    endloop
endfacet
facet normal -7.6840 0.0000 5.3080
    outer loop
        vertex 2.1232 9.6000 -10.7824
        vertex 4.0000 9.6000 -9.8560
        vertex 4.0000 0.0000 -9.8560
    endloop
endfacet
facet normal 20.0000 12.0000 14.0000
    outer loop
        vertex 4.0000 9.6000 4.0000
        vertex 4.0000 0.0000 4.0000
        vertex 12.0000 0.0000 4.0000
    endloop
endfacet
facet normal 20.0000 12.0000 14.0000
    outer loop
        vertex 12.0000 0.0000 4.0000
        vertex 12.0000 9.6000 4.0000
        vertex 4.0000 9.6000 4.0000
    endloop
endfacet
facet normal -6.0000 12.0000 -20.0000
    outer loop
        vertex -4.0000 9.6000 -4.0000
        vertex -4.0000 0.0000 -12.0000
        vertex -4.0000 0.0000 -4.0000
    endloop
endfacet
facet normal -6.0000 12.0000 -20.0000
    outer loop
        vertex -4.0000 0.0000 -12.0000
        vertex -4.0000 9.6000 -4.0000
        vertex -4.0000 9.6000 -12.0000
    endloop
endfacet
facet normal -10.0000 -0.2610 10.0000
    outer loop
        vertex -4.0000 0.0000 -12.0000
        vertex -1.9120 0.0000 -11.8624
        vertex -2.9560 0.0000 -3.9312
    endloop
endfacet
facet normal -10.0000 -0.1305 10.0000
    outer loop
        vertex -2.9560 0.0000 -3.9312
        vertex -4.0000 0.0000 -4.0000
        vertex -4.0000 0.0000 -12.0000
    endloop
endfacet
facet normal -10.0000 -0.2610 10.0000
    outer loop
        vertex -1.9120 0.0000 -11.8624
        vertex 0.1408 0.0000 -11.4544
        vertex -1.9296 0.0000 -3.7272
    endloop
endfacet
facet normal -10.0000 -0.1305 10.0000
    outer loop
        vertex -1.9296 0.0000 -3.7272
        vertex -2.9560 0.0000 -3.9312
        vertex -1.9120 0.0000 -11.8624
    endloop
endfacet
facet normal -10.0000 -0.2611 10.0000
    outer loop
        vertex 0.1408 0.0000 -11.4544
        vertex 2.1232 0.0000 -10.7824
        vertex -0.9384 0.0000 -3.3912
    endloop
endfacet
facet normal -10.0000 -0.1305 10.0000
    outer loop
        vertex -0.9384 0.0000 -3.3912
        vertex -1.9296 0.0000 -3.7272
        vertex 0.1408 0.0000 -11.4544
    endloop
endfacet
facet normal -10.0000 -0.2611 10.0000
    outer loop
        vertex 2.1232 0.0000 -10.7824
        vertex 4.0000 0.0000 -9.8560
        vertex 0.0000 0.0000 -2.9280
    endloop
endfacet
facet normal -10.0000 -0.1305 10.0000
    outer loop
        vertex 0.0000 0.0000 -2.9280
        vertex -0.9384 0.0000 -3.3912
        vertex 2.1232 0.0000 -10.7824
    endloop
endfacet
facet normal -10.0000 -0.2610 10.0000
    outer loop
        vertex 4.0000 0.0000 -9.8560
        vertex 5.7408 0.0000 -8.6944
        vertex 0.8704 0.0000 -2.3472
    endloop
endfacet
facet normal -10.0000 -0.1305 10.0000
    outer loop
        vertex 0.8704 0.0000 -2.3472
        vertex 0.0000 0.0000 -2.9280
        vertex 4.0000 0.0000 -9.8560
    endloop
endfacet
facet normal -10.0000 -0.2611 10.0000
    outer loop
        vertex 5.7408 0.0000 -8.6944
        vertex 7.3136 0.0000 -7.3136
        vertex 1.6568 0.0000 -1.6568
    endloop
endfacet
facet normal -10.0000 -0.1305 10.0000
    outer loop
        vertex 1.6568 0.0000 -1.6568
        vertex 0.8704 0.0000 -2.3472
        vertex 5.7408 0.0000 -8.6944
    endloop
endfacet
facet normal -10.0000 -0.2611 10.0000
    outer loop
        vertex 7.3136 0.0000 -7.3136
        vertex 8.6944 0.0000 -5.7408
        vertex 2.3472 0.0000 -0.8704
    endloop
endfacet
facet normal -10.0000 -0.1305 10.0000
    outer loop
        vertex 2.3472 0.0000 -0.8704
        vertex 1.6568 0.0000 -1.6568
        vertex 7.3136 0.0000 -7.3136
    endloop
endfacet
facet normal -10.0000 -0.2610 10.0000
    outer loop
        vertex 8.6944 0.0000 -5.7408
        vertex 9.8560 0.0000 -4.0000
        vertex 2.9280 0.0000 0.0000
    endloop
endfacet
facet normal -10.0000 -0.1305 10.0000
    outer loop
        vertex 2.9280 0.0000 0.0000
        vertex 2.3472 0.0000 -0.8704
        vertex 8.6944 0.0000 -5.7408
    endloop
endfacet
facet normal -10.0000 -0.2611 10.0000
    outer loop
        vertex 9.8560 0.0000 -4.0000
        vertex 10.7824 0.0000 -2.1232
        vertex 3.3912 0.0000 0.9384
    endloop
endfacet
facet normal -10.0000 -0.1305 10.0000
    outer loop
        vertex 3.3912 0.0000 0.9384
        vertex 2.9280 0.0000 0.0000
        vertex 9.8560 0.0000 -4.0000
    endloop
endfacet
facet normal -10.0000 -0.2611 10.0000
    outer loop
        vertex 10.7824 0.0000 -2.1232
        vertex 11.4544 0.0000 -0.1408
        vertex 3.7272 0.0000 1.9296
    endloop
endfacet
facet normal -10.0000 -0.1305 10.0000
    outer loop
        vertex 3.7272 0.0000 1.9296
        vertex 3.3912 0.0000 0.9384
        vertex 10.7824 0.0000 -2.1232
    endloop
endfacet
facet normal -10.0000 -0.2610 10.0000
    outer loop
        vertex 11.4544 0.0000 -0.1408
        vertex 11.8624 0.0000 1.9120
        vertex 3.9312 0.0000 2.9560
    endloop
endfacet
facet normal -10.0000 -0.1305 10.0000
    outer loop
        vertex 3.9312 0.0000 2.9560
        vertex 3.7272 0.0000 1.9296
        vertex 11.4544 0.0000 -0.1408
    endloop
endfacet
facet normal -10.0000 -0.2610 10.0000
    outer loop
        vertex 11.8624 0.0000 1.9120
        vertex 12.0000 0.0000 4.0000
        vertex 4.0000 0.0000 4.0000
    endloop
endfacet
facet normal -10.0000 -0.1305 10.0000
    outer loop
        vertex 4.0000 0.0000 4.0000
        vertex 3.9312 0.0000 2.9560
        vertex 11.8624 0.0000 1.9120
    endloop
endfacet
facet normal -10.0000 -0.0066 10.0000
    outer loop
        vertex 2.1232 0.0000 -10.7824
        vertex -4.0000 0.0000 -12.0000
        vertex -1.9120 0.0000 -11.8624
    endloop
endfacet
facet normal -10.0000 -0.0022 10.0000
    outer loop
        vertex -1.9120 0.0000 -11.8624
        vertex 0.1408 0.0000 -11.4544
        vertex 2.1232 0.0000 -10.7824
    endloop
endfacet
facet normal -10.0000 -0.0066 10.0000
    outer loop
        vertex 7.3136 0.0000 -7.3136
        vertex 2.1232 0.0000 -10.7824
        vertex 4.0000 0.0000 -9.8560
    endloop
endfacet
facet normal -10.0000 -0.0023 10.0000
    outer loop
        vertex 4.0000 0.0000 -9.8560
        vertex 5.7408 0.0000 -8.6944
        vertex 7.3136 0.0000 -7.3136
    endloop
endfacet
facet normal -10.0000 -0.0067 10.0000
    outer loop
        vertex 10.7824 0.0000 -2.1232
        vertex 7.3136 0.0000 -7.3136
        vertex 8.6944 0.0000 -5.7408
    endloop
endfacet
facet normal -10.0000 -0.0022 10.0000
    outer loop
        vertex 8.6944 0.0000 -5.7408
        vertex 9.8560 0.0000 -4.0000
        vertex 10.7824 0.0000 -2.1232
    endloop
endfacet
facet normal -10.0000 -0.0066 10.0000
    outer loop
        vertex 12.0000 0.0000 4.0000
        vertex 10.7824 0.0000 -2.1232
        vertex 11.4544 0.0000 -0.1408
    endloop
endfacet
facet normal -10.0000 -0.0022 10.0000
    outer loop
        vertex 11.4544 0.0000 -0.1408
        vertex 11.8624 0.0000 1.9120
        vertex 12.0000 0.0000 4.0000
    endloop
endfacet
facet normal 0.0000 19.5040 0.0000
    outer loop
        vertex -1.9120 9.6000 -11.8624
        vertex -4.0000 9.6000 -12.0000
        vertex -2.4000 9.6000 -10.4000
    endloop
endfacet
facet normal 0.0000 20.0070 0.0000
    outer loop
        vertex 0.1408 9.6000 -11.4544
        vertex -1.9120 9.6000 -11.8624
        vertex -2.4000 9.6000 -10.4000
    endloop
endfacet
facet normal 0.0000 15.8160 0.0000
    outer loop
        vertex -2.4000 9.6000 -10.4000
        vertex 0.0000 9.6000 -10.4000
        vertex 0.1408 9.6000 -11.4544
    endloop
endfacet
facet normal 0.0000 13.6554 0.0000
    outer loop
        vertex 2.1232 9.6000 -10.7824
        vertex 0.1408 9.6000 -11.4544
        vertex 0.0000 9.6000 -10.4000
    endloop
endfacet
facet normal 0.0000 5.7360 0.0000
    outer loop
        vertex 0.0000 9.6000 -10.4000
        vertex 2.4000 9.6000 -10.4000
        vertex 2.1232 9.6000 -10.7824
    endloop
endfacet
facet normal 0.0000 2.8829 0.0000
    outer loop
        vertex 4.0000 9.6000 -9.8560
        vertex 2.1232 9.6000 -10.7824
        vertex 2.4000 9.6000 -10.4000
    endloop
endfacet
facet normal 0.0000 16.6962 0.0000
    outer loop
        vertex 5.3918 9.6000 -8.9273
        vertex 4.0000 9.6000 -9.8560
        vertex 3.6000 9.6000 -8.2035
    endloop
endfacet
facet normal 0.0000 7.6843 0.0000
    outer loop
        vertex 3.6000 9.6000 -8.2035
        vertex 4.2405 9.6000 -7.7761
        vertex 5.3918 9.6000 -8.9273
    endloop
endfacet
facet normal 8.0404 22.0000 -20.8792
    outer loop
        vertex 5.3918 8.0000 -8.9273
        vertex 4.2405 9.6000 -7.7761
        vertex 4.2405 8.0000 -7.7761
    endloop
endfacet
facet normal 8.0404 22.0000 -20.8792
    outer loop
        vertex 4.2405 9.6000 -7.7761
        vertex 5.3918 8.0000 -8.9273
        vertex 5.3918 9.6000 -8.9273
    endloop
endfacet
facet normal 0.0000 6.3112 0.0000
    outer loop
        vertex 4.2405 8.0000 -7.7761
        vertex 4.7661 8.0000 -7.4243
        vertex 5.7402 8.0000 -8.6937
    endloop
endfacet
facet normal 0.0000 4.1876 0.0000
    outer loop
        vertex 5.7402 8.0000 -8.6937
        vertex 5.3918 8.0000 -8.9273
        vertex 4.2405 8.0000 -7.7761
    endloop
endfacet
facet normal 0.0000 11.8850 0.0000
    outer loop
        vertex 2.4000 9.6000 -8.0000
        vertex 3.6000 9.6000 -8.2035
        vertex 4.0000 9.6000 -9.8560
    endloop
endfacet
facet normal 0.0000 24.0000 0.0000
    outer loop
        vertex 4.0000 9.6000 -9.8560
        vertex 2.4000 9.6000 -10.4000
        vertex 2.4000 9.6000 -8.0000
    endloop
endfacet
facet normal 0.0000 37.1428 0.0000
    outer loop
        vertex 2.4000 9.6000 -8.0000
        vertex 2.4000 9.6000 -3.0476
        vertex 3.6000 9.6000 -3.6000
    endloop
endfacet
facet normal 0.0000 34.5262 0.0000
    outer loop
        vertex 3.6000 9.6000 -3.6000
        vertex 3.6000 9.6000 -8.2035
        vertex 2.4000 9.6000 -8.0000
    endloop
endfacet
facet normal 0.0000 30.6156 0.0000
    outer loop
        vertex -0.9384 9.6000 -3.3912
        vertex 1.6568 9.6000 -1.6568
        vertex 2.4000 9.6000 -3.0476
    endloop
endfacet
facet normal 0.0000 21.2296 0.0000
    outer loop
        vertex 2.4000 9.6000 -3.0476
        vertex 0.6000 9.6000 -4.2504
        vertex -0.9384 9.6000 -3.3912
    endloop
endfacet
facet normal 0.0000 12.9179 0.0000
    outer loop
        vertex 0.6000 9.6000 -4.2504
        vertex -0.6000 9.6000 -4.9237
        vertex -0.9384 9.6000 -3.3912
    endloop
endfacet
facet normal 0.0000 5.0722 0.0000
    outer loop
        vertex 0.6000 9.6000 -5.6000
        vertex -0.6000 9.6000 -5.6000
        vertex -0.6000 9.6000 -4.9237
    endloop
endfacet
facet normal 0.0000 10.1224 0.0000
    outer loop
        vertex -0.6000 9.6000 -4.9237
        vertex 0.6000 9.6000 -4.2504
        vertex 0.6000 9.6000 -5.6000
    endloop
endfacet
facet normal 0.0000 30.6120 0.0000
    outer loop
        vertex -4.0000 9.6000 -4.0000
        vertex -0.9384 9.6000 -3.3912
        vertex -0.6000 9.6000 -4.9237
    endloop
endfacet
facet normal 0.0000 18.0001 0.0000
    outer loop
        vertex -0.6000 9.6000 -4.9237
        vertex -2.4000 9.6000 -5.2817
        vertex -4.0000 9.6000 -4.0000
    endloop
endfacet
facet normal 0.0000 51.1826 0.0000
    outer loop
        vertex -2.4000 9.6000 -5.2817
        vertex -2.4000 9.6000 -10.4000
        vertex -4.0000 9.6000 -12.0000
    endloop
endfacet
facet normal 0.0000 80.0000 0.0000
    outer loop
        vertex -4.0000 9.6000 -12.0000
        vertex -4.0000 9.6000 -4.0000
        vertex -2.4000 9.6000 -5.2817
    endloop
endfacet
facet normal 0.0000 23.9914 -20.0000
    outer loop
        vertex 0.3132 9.6000 -10.3794
        vertex 2.4000 9.6000 -10.4000
        vertex 0.0000 9.6000 -10.4000
    endloop
endfacet
facet normal 0.0000 23.9767 -20.0000
    outer loop
        vertex 0.6211 9.6000 -10.3182
        vertex 2.4000 9.6000 -10.4000
        vertex 0.3132 9.6000 -10.3794
    endloop
endfacet
facet normal 0.0000 23.9646 -20.0000
    outer loop
        vertex 0.9185 9.6000 -10.2174
        vertex 2.4000 9.6000 -10.4000
        vertex 0.6211 9.6000 -10.3182
    endloop
endfacet
facet normal 0.0000 23.9553 -20.0000
    outer loop
        vertex 1.2000 9.6000 -10.0784
        vertex 2.4000 9.6000 -10.4000
        vertex 0.9185 9.6000 -10.2174
    endloop
endfacet
facet normal 0.0000 23.9491 -20.0000
    outer loop
        vertex 1.4611 9.6000 -9.9042
        vertex 2.4000 9.6000 -10.4000
        vertex 1.2000 9.6000 -10.0784
    endloop
endfacet
facet normal 0.0000 23.9459 -20.0000
    outer loop
        vertex 1.6970 9.6000 -9.6970
        vertex 2.4000 9.6000 -10.4000
        vertex 1.4611 9.6000 -9.9042
    endloop
endfacet
facet normal 0.0000 23.9459 -20.0000
    outer loop
        vertex 1.9042 9.6000 -9.4611
        vertex 2.4000 9.6000 -10.4000
        vertex 1.6970 9.6000 -9.6970
    endloop
endfacet
facet normal 0.0000 23.9491 -20.0000
    outer loop
        vertex 2.0784 9.6000 -9.2000
        vertex 2.4000 9.6000 -10.4000
        vertex 1.9042 9.6000 -9.4611
    endloop
endfacet
facet normal 0.0000 23.9553 -20.0000
    outer loop
        vertex 2.2174 9.6000 -8.9185
        vertex 2.4000 9.6000 -10.4000
        vertex 2.0784 9.6000 -9.2000
    endloop
endfacet
facet normal 0.0000 23.9646 -20.0000
    outer loop
        vertex 2.3182 9.6000 -8.6211
        vertex 2.4000 9.6000 -10.4000
        vertex 2.2174 9.6000 -8.9185
    endloop
endfacet
facet normal 0.0000 23.9767 -20.0000
    outer loop
        vertex 2.3794 9.6000 -8.3132
        vertex 2.4000 9.6000 -10.4000
        vertex 2.3182 9.6000 -8.6211
    endloop
endfacet
facet normal 0.0000 23.9914 -20.0000
    outer loop
        vertex 2.4000 9.6000 -8.0000
        vertex 2.4000 9.6000 -10.4000
        vertex 2.3794 9.6000 -8.3132
    endloop
endfacet
facet normal -10.0000 18.6950 10.0000
    outer loop
        vertex 5.7402 8.0000 -8.6937
        vertex 6.1816 8.0000 -6.1821
        vertex 7.3129 8.0000 -7.3134
    endloop
endfacet
facet normal -10.0000 18.8255 10.0000
    outer loop
        vertex 6.1816 8.0000 -6.1821
        vertex 5.7402 8.0000 -8.6937
        vertex 4.7661 8.0000 -7.4243
    endloop
endfacet
facet normal -10.0000 18.6948 10.0000
    outer loop
        vertex 7.3129 8.0000 -7.3134
        vertex 7.4238 8.0000 -4.7661
        vertex 8.6931 8.0000 -5.7401
    endloop
endfacet
facet normal -10.0000 18.8253 10.0000
    outer loop
        vertex 7.4238 8.0000 -4.7661
        vertex 7.3129 8.0000 -7.3134
        vertex 6.1816 8.0000 -6.1821
    endloop
endfacet
facet normal 0.0000 7.8655 0.0000
    outer loop
        vertex 1.6568 9.6000 -1.6568
        vertex 3.0476 9.6000 -2.4000
        vertex 3.6000 9.6000 -3.6000
    endloop
endfacet
facet normal 0.0000 7.8655 0.0000
    outer loop
        vertex 3.6000 9.6000 -3.6000
        vertex 2.4000 9.6000 -3.0476
        vertex 1.6568 9.6000 -1.6568
    endloop
endfacet
facet normal 0.0000 19.5040 0.0000
    outer loop
        vertex 10.4000 9.6000 2.4000
        vertex 12.0000 9.6000 4.0000
        vertex 11.8624 9.6000 1.9120
    endloop
endfacet
facet normal 0.0000 21.9360 0.0000
    outer loop
        vertex 10.4000 9.6000 0.0000
        vertex 10.4000 9.6000 2.4000
        vertex 11.8624 9.6000 1.9120
    endloop
endfacet
facet normal 0.0000 13.8870 0.0000
    outer loop
        vertex 11.8624 9.6000 1.9120
        vertex 11.4544 9.6000 -0.1408
        vertex 10.4000 9.6000 0.0000
    endloop
endfacet
facet normal 0.0000 15.8160 0.0000
    outer loop
        vertex 10.4000 9.6000 -2.4000
        vertex 10.4000 9.6000 0.0000
        vertex 11.4544 9.6000 -0.1408
    endloop
endfacet
facet normal 0.0000 3.5754 0.0000
    outer loop
        vertex 11.4544 9.6000 -0.1408
        vertex 10.7824 9.6000 -2.1232
        vertex 10.4000 9.6000 -2.4000
    endloop
endfacet
facet normal 0.0000 2.8829 0.0000
    outer loop
        vertex 10.4000 9.6000 -2.4000
        vertex 10.7824 9.6000 -2.1232
        vertex 9.8560 9.6000 -4.0000
    endloop
endfacet
facet normal 0.0000 7.6842 0.0000
    outer loop
        vertex 7.7761 9.6000 -4.2405
        vertex 8.2035 9.6000 -3.6000
        vertex 9.8560 9.6000 -4.0000
    endloop
endfacet
facet normal 0.0000 16.6963 0.0000
    outer loop
        vertex 9.8560 9.6000 -4.0000
        vertex 8.9273 9.6000 -5.3918
        vertex 7.7761 9.6000 -4.2405
    endloop
endfacet
facet normal 20.8792 22.0000 -16.0404
    outer loop
        vertex 8.9273 8.0000 -5.3918
        vertex 7.7761 8.0000 -4.2405
        vertex 7.7761 9.6000 -4.2405
    endloop
endfacet
facet normal 20.8792 22.0000 -16.0404
    outer loop
        vertex 7.7761 9.6000 -4.2405
        vertex 8.9273 9.6000 -5.3918
        vertex 8.9273 8.0000 -5.3918
    endloop
endfacet
facet normal 0.0000 4.1885 0.0000
    outer loop
        vertex 8.9273 8.0000 -5.3918
        vertex 8.6931 8.0000 -5.7401
        vertex 7.4238 8.0000 -4.7661
    endloop
endfacet
facet normal 0.0000 6.3156 0.0000
    outer loop
        vertex 7.4238 8.0000 -4.7661
        vertex 7.7761 8.0000 -4.2405
        vertex 8.9273 8.0000 -5.3918
    endloop
endfacet
facet normal 0.0000 17.8850 0.0000
    outer loop
        vertex 10.4000 9.6000 -2.4000
        vertex 9.8560 9.6000 -4.0000
        vertex 8.2035 9.6000 -3.6000
    endloop
endfacet
facet normal 0.0000 18.0000 0.0000
    outer loop
        vertex 8.2035 9.6000 -3.6000
        vertex 8.0000 9.6000 -2.4000
        vertex 10.4000 9.6000 -2.4000
    endloop
endfacet
facet normal 0.0000 34.5262 0.0000
    outer loop
        vertex 8.2035 9.6000 -3.6000
        vertex 3.6000 9.6000 -3.6000
        vertex 3.0476 9.6000 -2.4000
    endloop
endfacet
facet normal 0.0000 37.1428 0.0000
    outer loop
        vertex 3.0476 9.6000 -2.4000
        vertex 8.0000 9.6000 -2.4000
        vertex 8.2035 9.6000 -3.6000
    endloop
endfacet
facet normal 0.0000 21.2335 0.0000
    outer loop
        vertex 4.2504 9.6000 -0.6000
        vertex 3.0476 9.6000 -2.4000
        vertex 1.6568 9.6000 -1.6568
    endloop
endfacet
facet normal 0.0000 30.6117 0.0000
    outer loop
        vertex 1.6568 9.6000 -1.6568
        vertex 3.3912 9.6000 0.9384
        vertex 4.2504 9.6000 -0.6000
    endloop
endfacet
facet normal 0.0000 12.9179 0.0000
    outer loop
        vertex 3.3912 9.6000 0.9384
        vertex 4.9237 9.6000 0.6000
        vertex 4.2504 9.6000 -0.6000
    endloop
endfacet
facet normal 0.0000 5.0722 0.0000
    outer loop
        vertex 4.2504 9.6000 -0.6000
        vertex 4.9237 9.6000 0.6000
        vertex 5.6000 9.6000 0.6000
    endloop
endfacet
facet normal 0.0000 10.1224 0.0000
    outer loop
        vertex 5.6000 9.6000 0.6000
        vertex 5.6000 9.6000 -0.6000
        vertex 4.2504 9.6000 -0.6000
    endloop
endfacet
facet normal 0.0000 17.9979 0.0000
    outer loop
        vertex 5.2817 9.6000 2.4000
        vertex 4.9237 9.6000 0.6000
        vertex 3.3912 9.6000 0.9384
    endloop
endfacet
facet normal 0.0000 30.6142 0.0000
    outer loop
        vertex 3.3912 9.6000 0.9384
        vertex 4.0000 9.6000 4.0000
        vertex 5.2817 9.6000 2.4000
    endloop
endfacet
facet normal 0.0000 80.0000 0.0000
    outer loop
        vertex 4.0000 9.6000 4.0000
        vertex 12.0000 9.6000 4.0000
        vertex 10.4000 9.6000 2.4000
    endloop
endfacet
facet normal 0.0000 51.1826 0.0000
    outer loop
        vertex 10.4000 9.6000 2.4000
        vertex 5.2817 9.6000 2.4000
        vertex 4.0000 9.6000 4.0000
    endloop
endfacet
facet normal 20.0000 24.0086 0.0000
    outer loop
        vertex 10.3794 9.6000 -0.3132
        vertex 10.4000 9.6000 0.0000
        vertex 10.4000 9.6000 -2.4000
    endloop
endfacet
facet normal 20.0000 24.0233 0.0000
    outer loop
        vertex 10.3182 9.6000 -0.6211
        vertex 10.3794 9.6000 -0.3132
        vertex 10.4000 9.6000 -2.4000
    endloop
endfacet
facet normal 20.0000 24.0354 0.0000
    outer loop
        vertex 10.2174 9.6000 -0.9185
        vertex 10.3182 9.6000 -0.6211
        vertex 10.4000 9.6000 -2.4000
    endloop
endfacet
facet normal 20.0000 24.0447 0.0000
    outer loop
        vertex 10.0784 9.6000 -1.2000
        vertex 10.2174 9.6000 -0.9185
        vertex 10.4000 9.6000 -2.4000
    endloop
endfacet
facet normal 20.0000 24.0509 0.0000
    outer loop
        vertex 9.9042 9.6000 -1.4611
        vertex 10.0784 9.6000 -1.2000
        vertex 10.4000 9.6000 -2.4000
    endloop
endfacet
facet normal 20.0000 24.0541 0.0000
    outer loop
        vertex 9.6970 9.6000 -1.6970
        vertex 9.9042 9.6000 -1.4611
        vertex 10.4000 9.6000 -2.4000
    endloop
endfacet
facet normal 20.0000 24.0541 0.0000
    outer loop
        vertex 9.4611 9.6000 -1.9042
        vertex 9.6970 9.6000 -1.6970
        vertex 10.4000 9.6000 -2.4000
    endloop
endfacet
facet normal 20.0000 24.0509 0.0000
    outer loop
        vertex 9.2000 9.6000 -2.0784
        vertex 9.4611 9.6000 -1.9042
        vertex 10.4000 9.6000 -2.4000
    endloop
endfacet
facet normal 20.0000 24.0447 0.0000
    outer loop
        vertex 8.9185 9.6000 -2.2174
        vertex 9.2000 9.6000 -2.0784
        vertex 10.4000 9.6000 -2.4000
    endloop
endfacet
facet normal 20.0000 24.0354 0.0000
    outer loop
        vertex 8.6211 9.6000 -2.3182
        vertex 8.9185 9.6000 -2.2174
        vertex 10.4000 9.6000 -2.4000
    endloop
endfacet
facet normal 20.0000 24.0233 0.0000
    outer loop
        vertex 8.3132 9.6000 -2.3794
        vertex 8.6211 9.6000 -2.3182
        vertex 10.4000 9.6000 -2.4000
    endloop
endfacet
facet normal 20.0000 24.0086 0.0000
    outer loop
        vertex 8.0000 9.6000 -2.4000
        vertex 8.3132 9.6000 -2.3794
        vertex 10.4000 9.6000 -2.4000
    endloop
endfacet
facet normal -15.0000 14.0000 -19.6022
    outer loop
        vertex -2.4000 1.6000 -10.4000
        vertex -2.4000 9.6000 -10.4000
        vertex -2.4000 9.6000 -5.2817
    endloop
endfacet
facet normal -15.0000 14.0000 -19.6022
    outer loop
        vertex -2.4000 9.6000 -5.2817
        vertex -2.4000 1.6000 -5.2817
        vertex -2.4000 1.6000 -10.4000
    endloop
endfacet
facet normal -3.0000 14.0000 -45.1935
    outer loop
        vertex 0.0000 9.6000 -10.4000
        vertex -2.4000 9.6000 -10.4000
        vertex -2.4000 1.6000 -10.4000
    endloop
endfacet
facet normal -3.0000 14.0000 -45.1935
    outer loop
        vertex -2.4000 1.6000 -10.4000
        vertex 0.0000 1.6000 -10.4000
        vertex 0.0000 9.6000 -10.4000
    endloop
endfacet
facet normal 5.2500 14.0000 -11.8120
    outer loop
        vertex -0.6000 9.6000 -4.9237
        vertex -0.6000 9.6000 -5.6000
        vertex -0.6000 1.6000 -5.6000
    endloop
endfacet
facet normal 5.2500 14.0000 -11.8120
    outer loop
        vertex -0.6000 1.6000 -5.6000
        vertex -0.6000 1.6000 -4.9237
        vertex -0.6000 9.6000 -4.9237
    endloop
endfacet
facet normal -3.7500 14.0000 -10.2207
    outer loop
        vertex -0.6000 9.6000 -4.9237
        vertex -0.6000 1.6000 -4.9237
        vertex -2.4000 1.6000 -5.2817
    endloop
endfacet
facet normal -3.7500 14.0000 -10.2207
    outer loop
        vertex -2.4000 1.6000 -5.2817
        vertex -2.4000 9.6000 -5.2817
        vertex -0.6000 9.6000 -4.9237
    endloop
endfacet
facet normal 6.0000 14.0000 -12.3129
    outer loop
        vertex 0.6000 1.6000 -5.6000
        vertex 0.6000 9.6000 -5.6000
        vertex 0.6000 9.6000 -4.2504
    endloop
endfacet
facet normal 6.0000 14.0000 -12.3129
    outer loop
        vertex 0.6000 9.6000 -4.2504
        vertex 0.6000 1.6000 -4.2504
        vertex 0.6000 1.6000 -5.6000
    endloop
endfacet
facet normal 0.0000 14.0000 -19.0612
    outer loop
        vertex -0.6000 9.6000 -5.6000
        vertex 0.6000 9.6000 -5.6000
        vertex 0.6000 1.6000 -5.6000
    endloop
endfacet
facet normal 0.0000 14.0000 -19.0612
    outer loop
        vertex 0.6000 1.6000 -5.6000
        vertex -0.6000 1.6000 -5.6000
        vertex -0.6000 9.6000 -5.6000
    endloop
endfacet
facet normal 12.7500 14.0000 -9.2993
    outer loop
        vertex 2.4000 1.6000 -3.0476
        vertex 2.4000 9.6000 -3.0476
        vertex 2.4000 9.6000 -8.0000
    endloop
endfacet
facet normal 12.7500 14.0000 -9.2993
    outer loop
        vertex 2.4000 9.6000 -8.0000
        vertex 2.4000 1.6000 -8.0000
        vertex 2.4000 1.6000 -3.0476
    endloop
endfacet
facet normal 3.7500 14.0000 9.4489
    outer loop
        vertex 0.6000 9.6000 -4.2504
        vertex 2.4000 9.6000 -3.0476
        vertex 2.4000 1.6000 -3.0476
    endloop
endfacet
facet normal 3.7500 14.0000 9.4489
    outer loop
        vertex 2.4000 1.6000 -3.0476
        vertex 0.6000 1.6000 -4.2504
        vertex 0.6000 9.6000 -4.2504
    endloop
endfacet
facet normal 0.0000 6.6100 -20.0000
    outer loop
        vertex 0.0000 1.6000 -8.0000
        vertex 0.3132 1.6000 -10.3794
        vertex 0.0000 1.6000 -10.4000
    endloop
endfacet
facet normal 0.0000 6.6105 -20.0000
    outer loop
        vertex 0.0000 1.6000 -8.0000
        vertex 0.6211 1.6000 -10.3182
        vertex 0.3132 1.6000 -10.3794
    endloop
endfacet
facet normal 0.0000 6.6109 -20.0000
    outer loop
        vertex 0.0000 1.6000 -8.0000
        vertex 0.9185 1.6000 -10.2174
        vertex 0.6211 1.6000 -10.3182
    endloop
endfacet
facet normal 0.0000 6.6106 -20.0000
    outer loop
        vertex 0.0000 1.6000 -8.0000
        vertex 1.2000 1.6000 -10.0784
        vertex 0.9185 1.6000 -10.2174
    endloop
endfacet
facet normal 0.0000 6.6104 -20.0000
    outer loop
        vertex 0.0000 1.6000 -8.0000
        vertex 1.4611 1.6000 -9.9042
        vertex 1.2000 1.6000 -10.0784
    endloop
endfacet
facet normal 0.0000 6.6106 -20.0000
    outer loop
        vertex 0.0000 1.6000 -8.0000
        vertex 1.6970 1.6000 -9.6970
        vertex 1.4611 1.6000 -9.9042
    endloop
endfacet
facet normal 0.0000 6.6106 -20.0000
    outer loop
        vertex 0.0000 1.6000 -8.0000
        vertex 1.9042 1.6000 -9.4611
        vertex 1.6970 1.6000 -9.6970
    endloop
endfacet
facet normal 0.0000 6.6104 -20.0000
    outer loop
        vertex 0.0000 1.6000 -8.0000
        vertex 2.0784 1.6000 -9.2000
        vertex 1.9042 1.6000 -9.4611
    endloop
endfacet
facet normal 0.0000 6.6106 -20.0000
    outer loop
        vertex 0.0000 1.6000 -8.0000
        vertex 2.2174 1.6000 -8.9185
        vertex 2.0784 1.6000 -9.2000
    endloop
endfacet
facet normal 0.0000 6.6109 -20.0000
    outer loop
        vertex 0.0000 1.6000 -8.0000
        vertex 2.3182 1.6000 -8.6211
        vertex 2.2174 1.6000 -8.9185
    endloop
endfacet
facet normal 0.0000 6.6105 -20.0000
    outer loop
        vertex 0.0000 1.6000 -8.0000
        vertex 2.3794 1.6000 -8.3132
        vertex 2.3182 1.6000 -8.6211
    endloop
endfacet
facet normal 0.0000 6.6100 -20.0000
    outer loop
        vertex 0.0000 1.6000 -8.0000
        vertex 2.4000 1.6000 -8.0000
        vertex 2.3794 1.6000 -8.3132
    endloop
endfacet
facet normal -0.0516 4.0000 -19.2170
    outer loop
        vertex 0.3132 1.6000 -10.3794
        vertex 0.0000 9.6000 -10.4000
        vertex 0.0000 1.6000 -10.4000
    endloop
endfacet
facet normal -0.0516 4.0000 -19.2170
    outer loop
        vertex 0.0000 9.6000 -10.4000
        vertex 0.3132 1.6000 -10.3794
        vertex 0.3132 9.6000 -10.3794
    endloop
endfacet
facet normal -0.1530 4.0000 -19.2302
    outer loop
        vertex 0.6211 1.6000 -10.3182
        vertex 0.3132 9.6000 -10.3794
        vertex 0.3132 1.6000 -10.3794
    endloop
endfacet
facet normal -0.1530 4.0000 -19.2302
    outer loop
        vertex 0.3132 9.6000 -10.3794
        vertex 0.6211 1.6000 -10.3182
        vertex 0.6211 9.6000 -10.3182
    endloop
endfacet
facet normal -0.2520 4.0000 -19.2566
    outer loop
        vertex 0.9185 1.6000 -10.2174
        vertex 0.6211 9.6000 -10.3182
        vertex 0.6211 1.6000 -10.3182
    endloop
endfacet
facet normal -0.2520 4.0000 -19.2566
    outer loop
        vertex 0.6211 9.6000 -10.3182
        vertex 0.9185 1.6000 -10.2174
        vertex 0.9185 9.6000 -10.2174
    endloop
endfacet
facet normal -0.3474 4.0000 -19.2962
    outer loop
        vertex 1.2000 1.6000 -10.0784
        vertex 0.9185 9.6000 -10.2174
        vertex 0.9185 1.6000 -10.2174
    endloop
endfacet
facet normal -0.3474 4.0000 -19.2962
    outer loop
        vertex 0.9185 9.6000 -10.2174
        vertex 1.2000 1.6000 -10.0784
        vertex 1.2000 9.6000 -10.0784
    endloop
endfacet
facet normal -0.4356 4.0000 -19.3472
    outer loop
        vertex 1.4611 1.6000 -9.9042
        vertex 1.2000 9.6000 -10.0784
        vertex 1.2000 1.6000 -10.0784
    endloop
endfacet
facet normal -0.4356 4.0000 -19.3472
    outer loop
        vertex 1.2000 9.6000 -10.0784
        vertex 1.4611 1.6000 -9.9042
        vertex 1.4611 9.6000 -9.9042
    endloop
endfacet
facet normal -0.5178 4.0000 -19.4102
    outer loop
        vertex 1.6970 1.6000 -9.6970
        vertex 1.4611 9.6000 -9.9042
        vertex 1.4611 1.6000 -9.9042
    endloop
endfacet
facet normal -0.5178 4.0000 -19.4102
    outer loop
        vertex 1.4611 9.6000 -9.9042
        vertex 1.6970 1.6000 -9.6970
        vertex 1.6970 9.6000 -9.6970
    endloop
endfacet
facet normal -0.5898 4.0000 -19.4822
    outer loop
        vertex 1.9042 1.6000 -9.4611
        vertex 1.6970 9.6000 -9.6970
        vertex 1.6970 1.6000 -9.6970
    endloop
endfacet
facet normal -0.5898 4.0000 -19.4822
    outer loop
        vertex 1.6970 9.6000 -9.6970
        vertex 1.9042 1.6000 -9.4611
        vertex 1.9042 9.6000 -9.4611
    endloop
endfacet
facet normal -0.6528 4.0000 -19.5644
    outer loop
        vertex 2.0784 1.6000 -9.2000
        vertex 1.9042 9.6000 -9.4611
        vertex 1.9042 1.6000 -9.4611
    endloop
endfacet
facet normal -0.6528 4.0000 -19.5644
    outer loop
        vertex 1.9042 9.6000 -9.4611
        vertex 2.0784 1.6000 -9.2000
        vertex 2.0784 9.6000 -9.2000
    endloop
endfacet
facet normal -0.7038 4.0000 -19.6526
    outer loop
        vertex 2.2174 1.6000 -8.9185
        vertex 2.0784 9.6000 -9.2000
        vertex 2.0784 1.6000 -9.2000
    endloop
endfacet
facet normal -0.7038 4.0000 -19.6526
    outer loop
        vertex 2.0784 9.6000 -9.2000
        vertex 2.2174 1.6000 -8.9185
        vertex 2.2174 9.6000 -8.9185
    endloop
endfacet
facet normal -0.7434 4.0000 -19.7480
    outer loop
        vertex 2.3182 1.6000 -8.6211
        vertex 2.2174 9.6000 -8.9185
        vertex 2.2174 1.6000 -8.9185
    endloop
endfacet
facet normal -0.7434 4.0000 -19.7480
    outer loop
        vertex 2.2174 9.6000 -8.9185
        vertex 2.3182 1.6000 -8.6211
        vertex 2.3182 9.6000 -8.6211
    endloop
endfacet
facet normal -0.7698 4.0000 -19.8470
    outer loop
        vertex 2.3794 1.6000 -8.3132
        vertex 2.3182 9.6000 -8.6211
        vertex 2.3182 1.6000 -8.6211
    endloop
endfacet
facet normal -0.7698 4.0000 -19.8470
    outer loop
        vertex 2.3182 9.6000 -8.6211
        vertex 2.3794 1.6000 -8.3132
        vertex 2.3794 9.6000 -8.3132
    endloop
endfacet
facet normal -0.7830 4.0000 -19.9484
    outer loop
        vertex 2.4000 1.6000 -8.0000
        vertex 2.3794 9.6000 -8.3132
        vertex 2.3794 1.6000 -8.3132
    endloop
endfacet
facet normal -0.7830 4.0000 -19.9484
    outer loop
        vertex 2.3794 9.6000 -8.3132
        vertex 2.4000 1.6000 -8.0000
        vertex 2.4000 9.6000 -8.0000
    endloop
endfacet
facet normal 19.6022 14.0000 -9.0000
    outer loop
        vertex 10.4000 1.6000 2.4000
        vertex 5.2817 9.6000 2.4000
        vertex 10.4000 9.6000 2.4000
    endloop
endfacet
facet normal 19.6022 14.0000 -9.0000
    outer loop
        vertex 5.2817 9.6000 2.4000
        vertex 10.4000 1.6000 2.4000
        vertex 5.2817 1.6000 2.4000
    endloop
endfacet
facet normal -5.9891 14.0000 3.0000
    outer loop
        vertex 10.4000 9.6000 0.0000
        vertex 10.4000 1.6000 2.4000
        vertex 10.4000 9.6000 2.4000
    endloop
endfacet
facet normal -5.9891 14.0000 3.0000
    outer loop
        vertex 10.4000 1.6000 2.4000
        vertex 10.4000 9.6000 0.0000
        vertex 10.4000 1.6000 0.0000
    endloop
endfacet
facet normal 15.3924 14.0000 12.7500
    outer loop
        vertex 4.9237 9.6000 0.6000
        vertex 5.6000 1.6000 0.6000
        vertex 5.6000 9.6000 0.6000
    endloop
endfacet
facet normal 15.3924 14.0000 12.7500
    outer loop
        vertex 5.6000 1.6000 0.6000
        vertex 4.9237 9.6000 0.6000
        vertex 4.9237 1.6000 0.6000
    endloop
endfacet
facet normal 16.9837 14.0000 3.7500
    outer loop
        vertex 4.9237 9.6000 0.6000
        vertex 5.2817 1.6000 2.4000
        vertex 4.9237 1.6000 0.6000
    endloop
endfacet
facet normal 16.9837 14.0000 3.7500
    outer loop
        vertex 5.2817 1.6000 2.4000
        vertex 4.9237 9.6000 0.6000
        vertex 5.2817 9.6000 2.4000
    endloop
endfacet
facet normal 12.3129 14.0000 6.0000
    outer loop
        vertex 5.6000 1.6000 -0.6000
        vertex 4.2504 9.6000 -0.6000
        vertex 5.6000 9.6000 -0.6000
    endloop
endfacet
facet normal 12.3129 14.0000 6.0000
    outer loop
        vertex 4.2504 9.6000 -0.6000
        vertex 5.6000 1.6000 -0.6000
        vertex 4.2504 1.6000 -0.6000
    endloop
endfacet
facet normal 5.5647 14.0000 0.0000
    outer loop
        vertex 5.6000 9.6000 0.6000
        vertex 5.6000 1.6000 -0.6000
        vertex 5.6000 9.6000 -0.6000
    endloop
endfacet
facet normal 5.5647 14.0000 0.0000
    outer loop
        vertex 5.6000 1.6000 -0.6000
        vertex 5.6000 9.6000 0.6000
        vertex 5.6000 1.6000 0.6000
    endloop
endfacet
facet normal 21.3265 14.0000 5.2500
    outer loop
        vertex 3.0476 1.6000 -2.4000
        vertex 8.0000 9.6000 -2.4000
        vertex 3.0476 9.6000 -2.4000
    endloop
endfacet
facet normal 21.3265 14.0000 5.2500
    outer loop
        vertex 8.0000 9.6000 -2.4000
        vertex 3.0476 1.6000 -2.4000
        vertex 8.0000 1.6000 -2.4000
    endloop
endfacet
facet normal 40.0748 14.0000 -3.7500
    outer loop
        vertex 4.2504 9.6000 -0.6000
        vertex 3.0476 1.6000 -2.4000
        vertex 3.0476 9.6000 -2.4000
    endloop
endfacet
facet normal 40.0748 14.0000 -3.7500
    outer loop
        vertex 3.0476 1.6000 -2.4000
        vertex 4.2504 9.6000 -0.6000
        vertex 4.2504 1.6000 -0.6000
    endloop
endfacet
facet normal 20.0000 1.3900 0.0000
    outer loop
        vertex 8.0000 1.6000 0.0000
        vertex 10.4000 1.6000 0.0000
        vertex 10.3794 1.6000 -0.3132
    endloop
endfacet
facet normal 20.0000 1.3895 0.0000
    outer loop
        vertex 8.0000 1.6000 0.0000
        vertex 10.3794 1.6000 -0.3132
        vertex 10.3182 1.6000 -0.6211
    endloop
endfacet
facet normal 20.0000 1.3891 0.0000
    outer loop
        vertex 8.0000 1.6000 0.0000
        vertex 10.3182 1.6000 -0.6211
        vertex 10.2174 1.6000 -0.9185
    endloop
endfacet
facet normal 20.0000 1.3894 0.0000
    outer loop
        vertex 8.0000 1.6000 0.0000
        vertex 10.2174 1.6000 -0.9185
        vertex 10.0784 1.6000 -1.2000
    endloop
endfacet
facet normal 20.0000 1.3896 0.0000
    outer loop
        vertex 8.0000 1.6000 0.0000
        vertex 10.0784 1.6000 -1.2000
        vertex 9.9042 1.6000 -1.4611
    endloop
endfacet
facet normal 20.0000 1.3894 0.0000
    outer loop
        vertex 8.0000 1.6000 0.0000
        vertex 9.9042 1.6000 -1.4611
        vertex 9.6970 1.6000 -1.6970
    endloop
endfacet
facet normal 20.0000 1.3894 0.0000
    outer loop
        vertex 8.0000 1.6000 0.0000
        vertex 9.6970 1.6000 -1.6970
        vertex 9.4611 1.6000 -1.9042
    endloop
endfacet
facet normal 20.0000 1.3896 0.0000
    outer loop
        vertex 8.0000 1.6000 0.0000
        vertex 9.4611 1.6000 -1.9042
        vertex 9.2000 1.6000 -2.0784
    endloop
endfacet
facet normal 20.0000 1.3894 0.0000
    outer loop
        vertex 8.0000 1.6000 0.0000
        vertex 9.2000 1.6000 -2.0784
        vertex 8.9185 1.6000 -2.2174
    endloop
endfacet
facet normal 20.0000 1.3891 0.0000
    outer loop
        vertex 8.0000 1.6000 0.0000
        vertex 8.9185 1.6000 -2.2174
        vertex 8.6211 1.6000 -2.3182
    endloop
endfacet
facet normal 20.0000 1.3895 0.0000
    outer loop
        vertex 8.0000 1.6000 0.0000
        vertex 8.6211 1.6000 -2.3182
        vertex 8.3132 1.6000 -2.3794
    endloop
endfacet
facet normal 20.0000 1.3900 0.0000
    outer loop
        vertex 8.0000 1.6000 0.0000
        vertex 8.3132 1.6000 -2.3794
        vertex 8.0000 1.6000 -2.4000
    endloop
endfacet
facet normal 20.7830 4.0000 -0.0516
    outer loop
        vertex 10.3794 1.6000 -0.3132
        vertex 10.4000 1.6000 0.0000
        vertex 10.4000 9.6000 0.0000
    endloop
endfacet
facet normal 20.7830 4.0000 -0.0516
    outer loop
        vertex 10.4000 9.6000 0.0000
        vertex 10.3794 9.6000 -0.3132
        vertex 10.3794 1.6000 -0.3132
    endloop
endfacet
facet normal 20.7698 4.0000 -0.1530
    outer loop
        vertex 10.3182 1.6000 -0.6211
        vertex 10.3794 1.6000 -0.3132
        vertex 10.3794 9.6000 -0.3132
    endloop
endfacet
facet normal 20.7698 4.0000 -0.1530
    outer loop
        vertex 10.3794 9.6000 -0.3132
        vertex 10.3182 9.6000 -0.6211
        vertex 10.3182 1.6000 -0.6211
    endloop
endfacet
facet normal 20.7434 4.0000 -0.2520
    outer loop
        vertex 10.2174 1.6000 -0.9185
        vertex 10.3182 1.6000 -0.6211
        vertex 10.3182 9.6000 -0.6211
    endloop
endfacet
facet normal 20.7434 4.0000 -0.2520
    outer loop
        vertex 10.3182 9.6000 -0.6211
        vertex 10.2174 9.6000 -0.9185
        vertex 10.2174 1.6000 -0.9185
    endloop
endfacet
facet normal 20.7038 4.0000 -0.3474
    outer loop
        vertex 10.0784 1.6000 -1.2000
        vertex 10.2174 1.6000 -0.9185
        vertex 10.2174 9.6000 -0.9185
    endloop
endfacet
facet normal 20.7038 4.0000 -0.3474
    outer loop
        vertex 10.2174 9.6000 -0.9185
        vertex 10.0784 9.6000 -1.2000
        vertex 10.0784 1.6000 -1.2000
    endloop
endfacet
facet normal 20.6528 4.0000 -0.4356
    outer loop
        vertex 9.9042 1.6000 -1.4611
        vertex 10.0784 1.6000 -1.2000
        vertex 10.0784 9.6000 -1.2000
    endloop
endfacet
facet normal 20.6528 4.0000 -0.4356
    outer loop
        vertex 10.0784 9.6000 -1.2000
        vertex 9.9042 9.6000 -1.4611
        vertex 9.9042 1.6000 -1.4611
    endloop
endfacet
facet normal 20.5898 4.0000 -0.5178
    outer loop
        vertex 9.6970 1.6000 -1.6970
        vertex 9.9042 1.6000 -1.4611
        vertex 9.9042 9.6000 -1.4611
    endloop
endfacet
facet normal 20.5898 4.0000 -0.5178
    outer loop
        vertex 9.9042 9.6000 -1.4611
        vertex 9.6970 9.6000 -1.6970
        vertex 9.6970 1.6000 -1.6970
    endloop
endfacet
facet normal 20.5178 4.0000 -0.5898
    outer loop
        vertex 9.4611 1.6000 -1.9042
        vertex 9.6970 1.6000 -1.6970
        vertex 9.6970 9.6000 -1.6970
    endloop
endfacet
facet normal 20.5178 4.0000 -0.5898
    outer loop
        vertex 9.6970 9.6000 -1.6970
        vertex 9.4611 9.6000 -1.9042
        vertex 9.4611 1.6000 -1.9042
    endloop
endfacet
facet normal 20.4356 4.0000 -0.6528
    outer loop
        vertex 9.2000 1.6000 -2.0784
        vertex 9.4611 1.6000 -1.9042
        vertex 9.4611 9.6000 -1.9042
    endloop
endfacet
facet normal 20.4356 4.0000 -0.6528
    outer loop
        vertex 9.4611 9.6000 -1.9042
        vertex 9.2000 9.6000 -2.0784
        vertex 9.2000 1.6000 -2.0784
    endloop
endfacet
facet normal 20.3474 4.0000 -0.7038
    outer loop
        vertex 8.9185 1.6000 -2.2174
        vertex 9.2000 1.6000 -2.0784
        vertex 9.2000 9.6000 -2.0784
    endloop
endfacet
facet normal 20.3474 4.0000 -0.7038
    outer loop
        vertex 9.2000 9.6000 -2.0784
        vertex 8.9185 9.6000 -2.2174
        vertex 8.9185 1.6000 -2.2174
    endloop
endfacet
facet normal 20.2520 4.0000 -0.7434
    outer loop
        vertex 8.6211 1.6000 -2.3182
        vertex 8.9185 1.6000 -2.2174
        vertex 8.9185 9.6000 -2.2174
    endloop
endfacet
facet normal 20.2520 4.0000 -0.7434
    outer loop
        vertex 8.9185 9.6000 -2.2174
        vertex 8.6211 9.6000 -2.3182
        vertex 8.6211 1.6000 -2.3182
    endloop
endfacet
facet normal 20.1530 4.0000 -0.7698
    outer loop
        vertex 8.3132 1.6000 -2.3794
        vertex 8.6211 1.6000 -2.3182
        vertex 8.6211 9.6000 -2.3182
    endloop
endfacet
facet normal 20.1530 4.0000 -0.7698
    outer loop
        vertex 8.6211 9.6000 -2.3182
        vertex 8.3132 9.6000 -2.3794
        vertex 8.3132 1.6000 -2.3794
    endloop
endfacet
facet normal 20.0516 4.0000 -0.7830
    outer loop
        vertex 8.0000 1.6000 -2.4000
        vertex 8.3132 1.6000 -2.3794
        vertex 8.3132 9.6000 -2.3794
    endloop
endfacet
facet normal 20.0516 4.0000 -0.7830
    outer loop
        vertex 8.3132 9.6000 -2.3794
        vertex 8.0000 9.6000 -2.4000
        vertex 8.0000 1.6000 -2.4000
    endloop
endfacet
facet normal -13.1056 4.0000 13.5387
    outer loop
        vertex 4.7662 8.0000 -7.4243
        vertex 6.1816 1.6000 -6.1821
        vertex 6.1816 8.0000 -6.1821
    endloop
endfacet
facet normal -13.1056 4.0000 13.5387
    outer loop
        vertex 6.1816 1.6000 -6.1821
        vertex 4.7662 8.0000 -7.4243
        vertex 4.7662 1.6000 -7.4243
    endloop
endfacet
facet normal -13.5400 4.0000 13.1055
    outer loop
        vertex 6.1816 8.0000 -6.1821
        vertex 7.4238 1.6000 -4.7660
        vertex 7.4238 8.0000 -4.7660
    endloop
endfacet
facet normal -13.5400 4.0000 13.1055
    outer loop
        vertex 7.4238 1.6000 -4.7660
        vertex 6.1816 8.0000 -6.1821
        vertex 6.1816 1.6000 -6.1821
    endloop
endfacet
facet normal -4.2743 0.0000 6.4054
    outer loop
        vertex 4.2405 8.0000 -7.7761
        vertex 4.2405 9.6000 -7.7761
        vertex 3.6000 9.6000 -8.2035
    endloop
endfacet
facet normal -21.3716 0.0000 32.0272
    outer loop
        vertex 3.6000 9.6000 -8.2035
        vertex 3.6000 1.6000 -8.2035
        vertex 4.2405 1.6000 -7.7761
    endloop
endfacet
facet normal -17.0973 0.0000 25.6218
    outer loop
        vertex 4.2405 1.6000 -7.7761
        vertex 4.2405 8.0000 -7.7761
        vertex 3.6000 9.6000 -8.2035
    endloop
endfacet
facet normal -14.0701 0.0000 21.0240
    outer loop
        vertex 4.7662 1.6000 -7.4243
        vertex 4.7661 8.0000 -7.4243
        vertex 4.2405 8.0000 -7.7761
    endloop
endfacet
facet normal -14.0710 0.0000 21.0248
    outer loop
        vertex 4.2405 8.0000 -7.7761
        vertex 4.2405 1.6000 -7.7761
        vertex 4.7662 1.6000 -7.4243
    endloop
endfacet
facet normal -21.0197 0.0000 14.0888
    outer loop
        vertex 7.4238 8.0000 -4.7661
        vertex 7.4238 1.6000 -4.7660
        vertex 7.7761 1.6000 -4.2405
    endloop
endfacet
facet normal -21.0208 0.0000 14.0893
    outer loop
        vertex 7.7761 1.6000 -4.2405
        vertex 7.7761 8.0000 -4.2405
        vertex 7.4238 8.0000 -4.7661
    endloop
endfacet
facet normal -32.0272 0.0000 21.3716
    outer loop
        vertex 8.2035 1.6000 -3.6000
        vertex 8.2035 9.6000 -3.6000
        vertex 7.7761 8.0000 -4.2405
    endloop
endfacet
facet normal -25.6218 0.0000 17.0973
    outer loop
        vertex 7.7761 8.0000 -4.2405
        vertex 7.7761 1.6000 -4.2405
        vertex 8.2035 1.6000 -3.6000
    endloop
endfacet
facet normal -6.4054 0.0000 4.2743
    outer loop
        vertex 7.7761 9.6000 -4.2405
        vertex 7.7761 8.0000 -4.2405
        vertex 8.2035 9.6000 -3.6000
    endloop
endfacet
facet normal 37.7719 14.0000 -14.7544
    outer loop
        vertex 3.6000 9.6000 -3.6000
        vertex 3.6000 1.6000 -8.2035
        vertex 3.6000 9.6000 -8.2035
    endloop
endfacet
facet normal 37.7719 14.0000 -14.7544
    outer loop
        vertex 3.6000 1.6000 -8.2035
        vertex 3.6000 9.6000 -3.6000
        vertex 3.6000 1.6000 -3.6000
    endloop
endfacet
facet normal 14.7544 14.0000 -37.7719
    outer loop
        vertex 3.6000 9.6000 -3.6000
        vertex 8.2035 1.6000 -3.6000
        vertex 3.6000 1.6000 -3.6000
    endloop
endfacet
facet normal 14.7544 14.0000 -37.7719
    outer loop
        vertex 8.2035 1.6000 -3.6000
        vertex 3.6000 9.6000 -3.6000
        vertex 8.2035 9.6000 -3.6000
    endloop
endfacet
facet normal 0.0000 57.5804 0.0000
    outer loop
        vertex -2.4000 1.6000 -10.4000
        vertex -2.4000 1.6000 -5.2817
        vertex -0.6000 1.6000 -4.9237
    endloop
endfacet
facet normal 0.0000 7.6084 0.0000
    outer loop
        vertex -0.6000 1.6000 -4.9237
        vertex -0.6000 1.6000 -5.6000
        vertex -2.4000 1.6000 -10.4000
    endloop
endfacet
facet normal 0.0000 72.0000 0.0000
    outer loop
        vertex 0.0000 1.6000 -10.4000
        vertex -2.4000 1.6000 -10.4000
        vertex -0.6000 1.6000 -5.6000
    endloop
endfacet
facet normal 0.0000 9.0000 0.0000
    outer loop
        vertex -0.6000 1.6000 -5.6000
        vertex 0.0000 1.6000 -8.0000
        vertex 0.0000 1.6000 -10.4000
    endloop
endfacet
facet normal 0.0000 18.0000 0.0000
    outer loop
        vertex 0.0000 1.6000 -8.0000
        vertex -0.6000 1.6000 -5.6000
        vertex 0.6000 1.6000 -5.6000
    endloop
endfacet
facet normal 0.0000 36.0000 0.0000
    outer loop
        vertex 0.6000 1.6000 -5.6000
        vertex 2.4000 1.6000 -8.0000
        vertex 0.0000 1.6000 -8.0000
    endloop
endfacet
facet normal 0.0000 15.1835 0.0000
    outer loop
        vertex 2.4000 1.6000 -8.0000
        vertex 0.6000 1.6000 -5.6000
        vertex 0.6000 1.6000 -4.2504
    endloop
endfacet
facet normal 0.0000 55.7141 0.0000
    outer loop
        vertex 0.6000 1.6000 -4.2504
        vertex 2.4000 1.6000 -3.0476
        vertex 2.4000 1.6000 -8.0000
    endloop
endfacet
facet normal 0.0000 7.6084 0.0000
    outer loop
        vertex 5.6000 1.6000 0.6000
        vertex 4.9237 1.6000 0.6000
        vertex 5.2817 1.6000 2.4000
    endloop
endfacet
facet normal 0.0000 57.5804 0.0000
    outer loop
        vertex 5.2817 1.6000 2.4000
        vertex 10.4000 1.6000 2.4000
        vertex 5.6000 1.6000 0.6000
    endloop
endfacet
facet normal 0.0000 45.0000 0.0000
    outer loop
        vertex 8.0000 1.6000 0.0000
        vertex 5.6000 1.6000 0.6000
        vertex 10.4000 1.6000 2.4000
    endloop
endfacet
facet normal 0.0000 36.0000 0.0000
    outer loop
        vertex 10.4000 1.6000 2.4000
        vertex 10.4000 1.6000 0.0000
        vertex 8.0000 1.6000 0.0000
    endloop
endfacet
facet normal 0.0000 18.0000 0.0000
    outer loop
        vertex 8.0000 1.6000 -2.4000
        vertex 5.6000 1.6000 -0.6000
        vertex 5.6000 1.6000 0.6000
    endloop
endfacet
facet normal 0.0000 36.0000 0.0000
    outer loop
        vertex 5.6000 1.6000 0.6000
        vertex 8.0000 1.6000 0.0000
        vertex 8.0000 1.6000 -2.4000
    endloop
endfacet
facet normal 0.0000 15.1835 0.0000
    outer loop
        vertex 3.0476 1.6000 -2.4000
        vertex 4.2504 1.6000 -0.6000
        vertex 5.6000 1.6000 -0.6000
    endloop
endfacet
facet normal 0.0000 55.7141 0.0000
    outer loop
        vertex 5.6000 1.6000 -0.6000
        vertex 8.0000 1.6000 -2.4000
        vertex 3.0476 1.6000 -2.4000
    endloop
endfacet
facet normal 0.0000 33.5490 0.0000
    outer loop
        vertex 3.6000 1.6000 -3.6000
        vertex 8.2035 1.6000 -3.6000
        vertex 7.4238 1.6000 -4.7660
    endloop
endfacet
facet normal 0.0000 42.8943 0.0000
    outer loop
        vertex 7.4238 1.6000 -4.7660
        vertex 6.1816 1.6000 -6.1821
        vertex 3.6000 1.6000 -3.6000
    endloop
endfacet
facet normal 0.0000 2.1528 0.0000
    outer loop
        vertex 6.1821 1.6000 -6.1816
        vertex 4.7660 1.6000 -7.4238
        vertex 3.6000 1.6000 -8.2035
    endloop
endfacet
facet normal 0.0000 74.2905 0.0000
    outer loop
        vertex 3.6000 1.6000 -8.2035
        vertex 3.6000 1.6000 -3.6000
        vertex 6.1821 1.6000 -6.1816
    endloop
endfacet
facet normal 19.9484 0.0000 0.7830
    outer loop
        vertex 8.3132 0.0000 -2.3794
        vertex 8.0000 -1.6000 -2.4000
        vertex 8.0000 0.0000 -2.4000
    endloop
endfacet
facet normal 19.9484 0.0000 0.7830
    outer loop
        vertex 8.0000 -1.6000 -2.4000
        vertex 8.3132 0.0000 -2.3794
        vertex 8.3132 -1.6000 -2.3794
    endloop
endfacet
facet normal 19.8470 0.0000 0.7698
    outer loop
        vertex 8.6211 0.0000 -2.3182
        vertex 8.3132 -1.6000 -2.3794
        vertex 8.3132 0.0000 -2.3794
    endloop
endfacet
facet normal 19.8470 0.0000 0.7698
    outer loop
        vertex 8.3132 -1.6000 -2.3794
        vertex 8.6211 0.0000 -2.3182
        vertex 8.6211 -1.6000 -2.3182
    endloop
endfacet
facet normal 19.7480 0.0000 0.7434
    outer loop
        vertex 8.9185 0.0000 -2.2174
        vertex 8.6211 -1.6000 -2.3182
        vertex 8.6211 0.0000 -2.3182
    endloop
endfacet
facet normal 19.7480 0.0000 0.7434
    outer loop
        vertex 8.6211 -1.6000 -2.3182
        vertex 8.9185 0.0000 -2.2174
        vertex 8.9185 -1.6000 -2.2174
    endloop
endfacet
facet normal 19.6526 0.0000 0.7038
    outer loop
        vertex 9.2000 0.0000 -2.0784
        vertex 8.9185 -1.6000 -2.2174
        vertex 8.9185 0.0000 -2.2174
    endloop
endfacet
facet normal 19.6526 0.0000 0.7038
    outer loop
        vertex 8.9185 -1.6000 -2.2174
        vertex 9.2000 0.0000 -2.0784
        vertex 9.2000 -1.6000 -2.0784
    endloop
endfacet
facet normal 19.5644 0.0000 0.6528
    outer loop
        vertex 9.4611 0.0000 -1.9042
        vertex 9.2000 -1.6000 -2.0784
        vertex 9.2000 0.0000 -2.0784
    endloop
endfacet
facet normal 19.5644 0.0000 0.6528
    outer loop
        vertex 9.2000 -1.6000 -2.0784
        vertex 9.4611 0.0000 -1.9042
        vertex 9.4611 -1.6000 -1.9042
    endloop
endfacet
facet normal 19.4822 0.0000 0.5898
    outer loop
        vertex 9.6970 0.0000 -1.6970
        vertex 9.4611 -1.6000 -1.9042
        vertex 9.4611 0.0000 -1.9042
    endloop
endfacet
facet normal 19.4822 0.0000 0.5898
    outer loop
        vertex 9.4611 -1.6000 -1.9042
        vertex 9.6970 0.0000 -1.6970
        vertex 9.6970 -1.6000 -1.6970
    endloop
endfacet
facet normal 19.4102 0.0000 0.5178
    outer loop
        vertex 9.9042 0.0000 -1.4611
        vertex 9.6970 -1.6000 -1.6970
        vertex 9.6970 0.0000 -1.6970
    endloop
endfacet
facet normal 19.4102 0.0000 0.5178
    outer loop
        vertex 9.6970 -1.6000 -1.6970
        vertex 9.9042 0.0000 -1.4611
        vertex 9.9042 -1.6000 -1.4611
    endloop
endfacet
facet normal 19.3472 0.0000 0.4356
    outer loop
        vertex 10.0784 0.0000 -1.2000
        vertex 9.9042 -1.6000 -1.4611
        vertex 9.9042 0.0000 -1.4611
    endloop
endfacet
facet normal 19.3472 0.0000 0.4356
    outer loop
        vertex 9.9042 -1.6000 -1.4611
        vertex 10.0784 0.0000 -1.2000
        vertex 10.0784 -1.6000 -1.2000
    endloop
endfacet
facet normal 19.2962 0.0000 0.3474
    outer loop
        vertex 10.2174 0.0000 -0.9185
        vertex 10.0784 -1.6000 -1.2000
        vertex 10.0784 0.0000 -1.2000
    endloop
endfacet
facet normal 19.2962 0.0000 0.3474
    outer loop
        vertex 10.0784 -1.6000 -1.2000
        vertex 10.2174 0.0000 -0.9185
        vertex 10.2174 -1.6000 -0.9185
    endloop
endfacet
facet normal 19.2566 0.0000 0.2520
    outer loop
        vertex 10.3182 0.0000 -0.6211
        vertex 10.2174 -1.6000 -0.9185
        vertex 10.2174 0.0000 -0.9185
    endloop
endfacet
facet normal 19.2566 0.0000 0.2520
    outer loop
        vertex 10.2174 -1.6000 -0.9185
        vertex 10.3182 0.0000 -0.6211
        vertex 10.3182 -1.6000 -0.6211
    endloop
endfacet
facet normal 19.2302 0.0000 0.1530
    outer loop
        vertex 10.3794 0.0000 -0.3132
        vertex 10.3182 -1.6000 -0.6211
        vertex 10.3182 0.0000 -0.6211
    endloop
endfacet
facet normal 19.2302 0.0000 0.1530
    outer loop
        vertex 10.3182 -1.6000 -0.6211
        vertex 10.3794 0.0000 -0.3132
        vertex 10.3794 -1.6000 -0.3132
    endloop
endfacet
facet normal 19.2170 0.0000 0.0516
    outer loop
        vertex 10.4000 0.0000 0.0000
        vertex 10.3794 -1.6000 -0.3132
        vertex 10.3794 0.0000 -0.3132
    endloop
endfacet
facet normal 19.2170 0.0000 0.0516
    outer loop
        vertex 10.3794 -1.6000 -0.3132
        vertex 10.4000 0.0000 0.0000
        vertex 10.4000 -1.6000 0.0000
    endloop
endfacet
facet normal 19.2170 0.0000 -0.0516
    outer loop
        vertex 10.3794 0.0000 0.3132
        vertex 10.4000 -1.6000 0.0000
        vertex 10.4000 0.0000 0.0000
    endloop
endfacet
facet normal 19.2170 0.0000 -0.0516
    outer loop
        vertex 10.4000 -1.6000 0.0000
        vertex 10.3794 0.0000 0.3132
        vertex 10.3794 -1.6000 0.3132
    endloop
endfacet
facet normal 19.2302 0.0000 -0.1530
    outer loop
        vertex 10.3182 0.0000 0.6211
        vertex 10.3794 -1.6000 0.3132
        vertex 10.3794 0.0000 0.3132
    endloop
endfacet
facet normal 19.2302 0.0000 -0.1530
    outer loop
        vertex 10.3794 -1.6000 0.3132
        vertex 10.3182 0.0000 0.6211
        vertex 10.3182 -1.6000 0.6211
    endloop
endfacet
facet normal 19.2566 0.0000 -0.2520
    outer loop
        vertex 10.2174 0.0000 0.9185
        vertex 10.3182 -1.6000 0.6211
        vertex 10.3182 0.0000 0.6211
    endloop
endfacet
facet normal 19.2566 0.0000 -0.2520
    outer loop
        vertex 10.3182 -1.6000 0.6211
        vertex 10.2174 0.0000 0.9185
        vertex 10.2174 -1.6000 0.9185
    endloop
endfacet
facet normal 19.2962 0.0000 -0.3474
    outer loop
        vertex 10.0784 0.0000 1.2000
        vertex 10.2174 -1.6000 0.9185
        vertex 10.2174 0.0000 0.9185
    endloop
endfacet
facet normal 19.2962 0.0000 -0.3474
    outer loop
        vertex 10.2174 -1.6000 0.9185
        vertex 10.0784 0.0000 1.2000
        vertex 10.0784 -1.6000 1.2000
    endloop
endfacet
facet normal 19.3472 0.0000 -0.4356
    outer loop
        vertex 9.9042 0.0000 1.4611
        vertex 10.0784 -1.6000 1.2000
        vertex 10.0784 0.0000 1.2000
    endloop
endfacet
facet normal 19.3472 0.0000 -0.4356
    outer loop
        vertex 10.0784 -1.6000 1.2000
        vertex 9.9042 0.0000 1.4611
        vertex 9.9042 -1.6000 1.4611
    endloop
endfacet
facet normal 19.4102 0.0000 -0.5178
    outer loop
        vertex 9.6970 0.0000 1.6970
        vertex 9.9042 -1.6000 1.4611
        vertex 9.9042 0.0000 1.4611
    endloop
endfacet
facet normal 19.4102 0.0000 -0.5178
    outer loop
        vertex 9.9042 -1.6000 1.4611
        vertex 9.6970 0.0000 1.6970
        vertex 9.6970 -1.6000 1.6970
    endloop
endfacet
facet normal 19.4822 0.0000 -0.5898
    outer loop
        vertex 9.4611 0.0000 1.9042
        vertex 9.6970 -1.6000 1.6970
        vertex 9.6970 0.0000 1.6970
    endloop
endfacet
facet normal 19.4822 0.0000 -0.5898
    outer loop
        vertex 9.6970 -1.6000 1.6970
        vertex 9.4611 0.0000 1.9042
        vertex 9.4611 -1.6000 1.9042
    endloop
endfacet
facet normal 19.5644 0.0000 -0.6528
    outer loop
        vertex 9.2000 0.0000 2.0784
        vertex 9.4611 -1.6000 1.9042
        vertex 9.4611 0.0000 1.9042
    endloop
endfacet
facet normal 19.5644 0.0000 -0.6528
    outer loop
        vertex 9.4611 -1.6000 1.9042
        vertex 9.2000 0.0000 2.0784
        vertex 9.2000 -1.6000 2.0784
    endloop
endfacet
facet normal 19.6526 0.0000 -0.7038
    outer loop
        vertex 8.9185 0.0000 2.2174
        vertex 9.2000 -1.6000 2.0784
        vertex 9.2000 0.0000 2.0784
    endloop
endfacet
facet normal 19.6526 0.0000 -0.7038
    outer loop
        vertex 9.2000 -1.6000 2.0784
        vertex 8.9185 0.0000 2.2174
        vertex 8.9185 -1.6000 2.2174
    endloop
endfacet
facet normal 19.7480 0.0000 -0.7434
    outer loop
        vertex 8.6211 0.0000 2.3182
        vertex 8.9185 -1.6000 2.2174
        vertex 8.9185 0.0000 2.2174
    endloop
endfacet
facet normal 19.7480 0.0000 -0.7434
    outer loop
        vertex 8.9185 -1.6000 2.2174
        vertex 8.6211 0.0000 2.3182
        vertex 8.6211 -1.6000 2.3182
    endloop
endfacet
facet normal 19.8470 0.0000 -0.7698
    outer loop
        vertex 8.3132 0.0000 2.3794
        vertex 8.6211 -1.6000 2.3182
        vertex 8.6211 0.0000 2.3182
    endloop
endfacet
facet normal 19.8470 0.0000 -0.7698
    outer loop
        vertex 8.6211 -1.6000 2.3182
        vertex 8.3132 0.0000 2.3794
        vertex 8.3132 -1.6000 2.3794
    endloop
endfacet
facet normal 19.9484 0.0000 -0.7830
    outer loop
        vertex 8.0000 0.0000 2.4000
        vertex 8.3132 -1.6000 2.3794
        vertex 8.3132 0.0000 2.3794
    endloop
endfacet
facet normal 19.9484 0.0000 -0.7830
    outer loop
        vertex 8.3132 -1.6000 2.3794
        vertex 8.0000 0.0000 2.4000
        vertex 8.0000 -1.6000 2.4000
    endloop
endfacet
facet normal 20.0516 0.0000 -0.7830
    outer loop
        vertex 7.6868 0.0000 2.3794
        vertex 8.0000 -1.6000 2.4000
        vertex 8.0000 0.0000 2.4000
    endloop
endfacet
facet normal 20.0516 0.0000 -0.7830
    outer loop
        vertex 8.0000 -1.6000 2.4000
        vertex 7.6868 0.0000 2.3794
        vertex 7.6868 -1.6000 2.3794
    endloop
endfacet
facet normal 20.1530 0.0000 -0.7698
    outer loop
        vertex 7.3789 0.0000 2.3182
        vertex 7.6868 -1.6000 2.3794
        vertex 7.6868 0.0000 2.3794
    endloop
endfacet
facet normal 20.1530 0.0000 -0.7698
    outer loop
        vertex 7.6868 -1.6000 2.3794
        vertex 7.3789 0.0000 2.3182
        vertex 7.3789 -1.6000 2.3182
    endloop
endfacet
facet normal 20.2520 0.0000 -0.7434
    outer loop
        vertex 7.0815 0.0000 2.2174
        vertex 7.3789 -1.6000 2.3182
        vertex 7.3789 0.0000 2.3182
    endloop
endfacet
facet normal 20.2520 0.0000 -0.7434
    outer loop
        vertex 7.3789 -1.6000 2.3182
        vertex 7.0815 0.0000 2.2174
        vertex 7.0815 -1.6000 2.2174
    endloop
endfacet
facet normal 20.3474 0.0000 -0.7038
    outer loop
        vertex 6.8000 0.0000 2.0784
        vertex 7.0815 -1.6000 2.2174
        vertex 7.0815 0.0000 2.2174
    endloop
endfacet
facet normal 20.3474 0.0000 -0.7038
    outer loop
        vertex 7.0815 -1.6000 2.2174
        vertex 6.8000 0.0000 2.0784
        vertex 6.8000 -1.6000 2.0784
    endloop
endfacet
facet normal 20.4356 0.0000 -0.6528
    outer loop
        vertex 6.5389 0.0000 1.9042
        vertex 6.8000 -1.6000 2.0784
        vertex 6.8000 0.0000 2.0784
    endloop
endfacet
facet normal 20.4356 0.0000 -0.6528
    outer loop
        vertex 6.8000 -1.6000 2.0784
        vertex 6.5389 0.0000 1.9042
        vertex 6.5389 -1.6000 1.9042
    endloop
endfacet
facet normal 20.5178 0.0000 -0.5898
    outer loop
        vertex 6.3030 0.0000 1.6970
        vertex 6.5389 -1.6000 1.9042
        vertex 6.5389 0.0000 1.9042
    endloop
endfacet
facet normal 20.5178 0.0000 -0.5898
    outer loop
        vertex 6.5389 -1.6000 1.9042
        vertex 6.3030 0.0000 1.6970
        vertex 6.3030 -1.6000 1.6970
    endloop
endfacet
facet normal 20.5898 0.0000 -0.5178
    outer loop
        vertex 6.0958 0.0000 1.4611
        vertex 6.3030 -1.6000 1.6970
        vertex 6.3030 0.0000 1.6970
    endloop
endfacet
facet normal 20.5898 0.0000 -0.5178
    outer loop
        vertex 6.3030 -1.6000 1.6970
        vertex 6.0958 0.0000 1.4611
        vertex 6.0958 -1.6000 1.4611
    endloop
endfacet
facet normal 20.6528 0.0000 -0.4356
    outer loop
        vertex 5.9216 0.0000 1.2000
        vertex 6.0958 -1.6000 1.4611
        vertex 6.0958 0.0000 1.4611
    endloop
endfacet
facet normal 20.6528 0.0000 -0.4356
    outer loop
        vertex 6.0958 -1.6000 1.4611
        vertex 5.9216 0.0000 1.2000
        vertex 5.9216 -1.6000 1.2000
    endloop
endfacet
facet normal 20.7038 0.0000 -0.3474
    outer loop
        vertex 5.7826 0.0000 0.9185
        vertex 5.9216 -1.6000 1.2000
        vertex 5.9216 0.0000 1.2000
    endloop
endfacet
facet normal 20.7038 0.0000 -0.3474
    outer loop
        vertex 5.9216 -1.6000 1.2000
        vertex 5.7826 0.0000 0.9185
        vertex 5.7826 -1.6000 0.9185
    endloop
endfacet
facet normal 20.7434 0.0000 -0.2520
    outer loop
        vertex 5.6818 0.0000 0.6211
        vertex 5.7826 -1.6000 0.9185
        vertex 5.7826 0.0000 0.9185
    endloop
endfacet
facet normal 20.7434 0.0000 -0.2520
    outer loop
        vertex 5.7826 -1.6000 0.9185
        vertex 5.6818 0.0000 0.6211
        vertex 5.6818 -1.6000 0.6211
    endloop
endfacet
facet normal 20.7698 0.0000 -0.1530
    outer loop
        vertex 5.6206 0.0000 0.3132
        vertex 5.6818 -1.6000 0.6211
        vertex 5.6818 0.0000 0.6211
    endloop
endfacet
facet normal 20.7698 0.0000 -0.1530
    outer loop
        vertex 5.6818 -1.6000 0.6211
        vertex 5.6206 0.0000 0.3132
        vertex 5.6206 -1.6000 0.3132
    endloop
endfacet
facet normal 20.7830 0.0000 -0.0516
    outer loop
        vertex 5.6000 0.0000 0.0000
        vertex 5.6206 -1.6000 0.3132
        vertex 5.6206 0.0000 0.3132
    endloop
endfacet
facet normal 20.7830 0.0000 -0.0516
    outer loop
        vertex 5.6206 -1.6000 0.3132
        vertex 5.6000 0.0000 0.0000
        vertex 5.6000 -1.6000 0.0000
    endloop
endfacet
facet normal 20.7830 0.0000 0.0516
    outer loop
        vertex 5.6206 0.0000 -0.3132
        vertex 5.6000 -1.6000 0.0000
        vertex 5.6000 0.0000 0.0000
    endloop
endfacet
facet normal 20.7830 0.0000 0.0516
    outer loop
        vertex 5.6000 -1.6000 0.0000
        vertex 5.6206 0.0000 -0.3132
        vertex 5.6206 -1.6000 -0.3132
    endloop
endfacet
facet normal 20.7698 0.0000 0.1530
    outer loop
        vertex 5.6818 0.0000 -0.6211
        vertex 5.6206 -1.6000 -0.3132
        vertex 5.6206 0.0000 -0.3132
    endloop
endfacet
facet normal 20.7698 0.0000 0.1530
    outer loop
        vertex 5.6206 -1.6000 -0.3132
        vertex 5.6818 0.0000 -0.6211
        vertex 5.6818 -1.6000 -0.6211
    endloop
endfacet
facet normal 20.7434 0.0000 0.2520
    outer loop
        vertex 5.7826 0.0000 -0.9185
        vertex 5.6818 -1.6000 -0.6211
        vertex 5.6818 0.0000 -0.6211
    endloop
endfacet
facet normal 20.7434 0.0000 0.2520
    outer loop
        vertex 5.6818 -1.6000 -0.6211
        vertex 5.7826 0.0000 -0.9185
        vertex 5.7826 -1.6000 -0.9185
    endloop
endfacet
facet normal 20.7038 0.0000 0.3474
    outer loop
        vertex 5.9216 0.0000 -1.2000
        vertex 5.7826 -1.6000 -0.9185
        vertex 5.7826 0.0000 -0.9185
    endloop
endfacet
facet normal 20.7038 0.0000 0.3474
    outer loop
        vertex 5.7826 -1.6000 -0.9185
        vertex 5.9216 0.0000 -1.2000
        vertex 5.9216 -1.6000 -1.2000
    endloop
endfacet
facet normal 20.6528 0.0000 0.4356
    outer loop
        vertex 6.0958 0.0000 -1.4611
        vertex 5.9216 -1.6000 -1.2000
        vertex 5.9216 0.0000 -1.2000
    endloop
endfacet
facet normal 20.6528 0.0000 0.4356
    outer loop
        vertex 5.9216 -1.6000 -1.2000
        vertex 6.0958 0.0000 -1.4611
        vertex 6.0958 -1.6000 -1.4611
    endloop
endfacet
facet normal 20.5898 0.0000 0.5178
    outer loop
        vertex 6.3030 0.0000 -1.6970
        vertex 6.0958 -1.6000 -1.4611
        vertex 6.0958 0.0000 -1.4611
    endloop
endfacet
facet normal 20.5898 0.0000 0.5178
    outer loop
        vertex 6.0958 -1.6000 -1.4611
        vertex 6.3030 0.0000 -1.6970
        vertex 6.3030 -1.6000 -1.6970
    endloop
endfacet
facet normal 20.5178 0.0000 0.5898
    outer loop
        vertex 6.5389 0.0000 -1.9042
        vertex 6.3030 -1.6000 -1.6970
        vertex 6.3030 0.0000 -1.6970
    endloop
endfacet
facet normal 20.5178 0.0000 0.5898
    outer loop
        vertex 6.3030 -1.6000 -1.6970
        vertex 6.5389 0.0000 -1.9042
        vertex 6.5389 -1.6000 -1.9042
    endloop
endfacet
facet normal 20.4356 0.0000 0.6528
    outer loop
        vertex 6.8000 0.0000 -2.0784
        vertex 6.5389 -1.6000 -1.9042
        vertex 6.5389 0.0000 -1.9042
    endloop
endfacet
facet normal 20.4356 0.0000 0.6528
    outer loop
        vertex 6.5389 -1.6000 -1.9042
        vertex 6.8000 0.0000 -2.0784
        vertex 6.8000 -1.6000 -2.0784
    endloop
endfacet
facet normal 20.3474 0.0000 0.7038
    outer loop
        vertex 7.0815 0.0000 -2.2174
        vertex 6.8000 -1.6000 -2.0784
        vertex 6.8000 0.0000 -2.0784
    endloop
endfacet
facet normal 20.3474 0.0000 0.7038
    outer loop
        vertex 6.8000 -1.6000 -2.0784
        vertex 7.0815 0.0000 -2.2174
        vertex 7.0815 -1.6000 -2.2174
    endloop
endfacet
facet normal 20.2520 0.0000 0.7434
    outer loop
        vertex 7.3789 0.0000 -2.3182
        vertex 7.0815 -1.6000 -2.2174
        vertex 7.0815 0.0000 -2.2174
    endloop
endfacet
facet normal 20.2520 0.0000 0.7434
    outer loop
        vertex 7.0815 -1.6000 -2.2174
        vertex 7.3789 0.0000 -2.3182
        vertex 7.3789 -1.6000 -2.3182
    endloop
endfacet
facet normal 20.1530 0.0000 0.7698
    outer loop
        vertex 7.6868 0.0000 -2.3794
        vertex 7.3789 -1.6000 -2.3182
        vertex 7.3789 0.0000 -2.3182
    endloop
endfacet
facet normal 20.1530 0.0000 0.7698
    outer loop
        vertex 7.3789 -1.6000 -2.3182
        vertex 7.6868 0.0000 -2.3794
        vertex 7.6868 -1.6000 -2.3794
    endloop
endfacet
facet normal 20.0516 0.0000 0.7830
    outer loop
        vertex 8.0000 0.0000 -2.4000
        vertex 7.6868 -1.6000 -2.3794
        vertex 7.6868 0.0000 -2.3794
    endloop
endfacet
facet normal 20.0516 0.0000 0.7830
    outer loop
        vertex 7.6868 -1.6000 -2.3794
        vertex 8.0000 0.0000 -2.4000
        vertex 8.0000 -1.6000 -2.4000
    endloop
endfacet
facet normal 20.0000 -4.1305 0.0000
    outer loop
        vertex 8.0000 -1.6000 0.0000
        vertex 8.0000 -1.6000 -2.4000
        vertex 8.3132 -1.6000 -2.3794
    endloop
endfacet
facet normal 20.0000 -4.1305 0.0000
    outer loop
        vertex 8.0000 -1.6000 0.0000
        vertex 8.3132 -1.6000 -2.3794
        vertex 8.6211 -1.6000 -2.3182
    endloop
endfacet
facet normal 20.0000 -4.1305 0.0000
    outer loop
        vertex 8.0000 -1.6000 0.0000
        vertex 8.6211 -1.6000 -2.3182
        vertex 8.9185 -1.6000 -2.2174
    endloop
endfacet
facet normal 20.0000 -4.1305 0.0000
    outer loop
        vertex 8.0000 -1.6000 0.0000
        vertex 8.9185 -1.6000 -2.2174
        vertex 9.2000 -1.6000 -2.0784
    endloop
endfacet
facet normal 20.0000 -4.1305 0.0000
    outer loop
        vertex 8.0000 -1.6000 0.0000
        vertex 9.2000 -1.6000 -2.0784
        vertex 9.4611 -1.6000 -1.9042
    endloop
endfacet
facet normal 20.0000 -4.1305 0.0000
    outer loop
        vertex 8.0000 -1.6000 0.0000
        vertex 9.4611 -1.6000 -1.9042
        vertex 9.6970 -1.6000 -1.6970
    endloop
endfacet
facet normal 20.0000 -4.1305 0.0000
    outer loop
        vertex 8.0000 -1.6000 0.0000
        vertex 9.6970 -1.6000 -1.6970
        vertex 9.9042 -1.6000 -1.4611
    endloop
endfacet
facet normal 20.0000 -4.1305 0.0000
    outer loop
        vertex 8.0000 -1.6000 0.0000
        vertex 9.9042 -1.6000 -1.4611
        vertex 10.0784 -1.6000 -1.2000
    endloop
endfacet
facet normal 20.0000 -4.1305 0.0000
    outer loop
        vertex 8.0000 -1.6000 0.0000
        vertex 10.0784 -1.6000 -1.2000
        vertex 10.2174 -1.6000 -0.9185
    endloop
endfacet
facet normal 20.0000 -4.1305 0.0000
    outer loop
        vertex 8.0000 -1.6000 0.0000
        vertex 10.2174 -1.6000 -0.9185
        vertex 10.3182 -1.6000 -0.6211
    endloop
endfacet
facet normal 20.0000 -4.1305 0.0000
    outer loop
        vertex 8.0000 -1.6000 0.0000
        vertex 10.3182 -1.6000 -0.6211
        vertex 10.3794 -1.6000 -0.3132
    endloop
endfacet
facet normal 20.0000 -4.1305 0.0000
    outer loop
        vertex 8.0000 -1.6000 0.0000
        vertex 10.3794 -1.6000 -0.3132
        vertex 10.4000 -1.6000 0.0000
    endloop
endfacet
facet normal 20.0000 -4.1305 0.0000
    outer loop
        vertex 8.0000 -1.6000 0.0000
        vertex 10.4000 -1.6000 0.0000
        vertex 10.3794 -1.6000 0.3132
    endloop
endfacet
facet normal 20.0000 -4.1305 0.0000
    outer loop
        vertex 8.0000 -1.6000 0.0000
        vertex 10.3794 -1.6000 0.3132
        vertex 10.3182 -1.6000 0.6211
    endloop
endfacet
facet normal 20.0000 -4.1305 0.0000
    outer loop
        vertex 8.0000 -1.6000 0.0000
        vertex 10.3182 -1.6000 0.6211
        vertex 10.2174 -1.6000 0.9185
    endloop
endfacet
facet normal 20.0000 -4.1305 0.0000
    outer loop
        vertex 8.0000 -1.6000 0.0000
        vertex 10.2174 -1.6000 0.9185
        vertex 10.0784 -1.6000 1.2000
    endloop
endfacet
facet normal 20.0000 -4.1305 0.0000
    outer loop
        vertex 8.0000 -1.6000 0.0000
        vertex 10.0784 -1.6000 1.2000
        vertex 9.9042 -1.6000 1.4611
    endloop
endfacet
facet normal 20.0000 -4.1305 0.0000
    outer loop
        vertex 8.0000 -1.6000 0.0000
        vertex 9.9042 -1.6000 1.4611
        vertex 9.6970 -1.6000 1.6970
    endloop
endfacet
facet normal 20.0000 -4.1305 0.0000
    outer loop
        vertex 8.0000 -1.6000 0.0000
        vertex 9.6970 -1.6000 1.6970
        vertex 9.4611 -1.6000 1.9042
    endloop
endfacet
facet normal 20.0000 -4.1305 0.0000
    outer loop
        vertex 8.0000 -1.6000 0.0000
        vertex 9.4611 -1.6000 1.9042
        vertex 9.2000 -1.6000 2.0784
    endloop
endfacet
facet normal 20.0000 -4.1305 0.0000
    outer loop
        vertex 8.0000 -1.6000 0.0000
        vertex 9.2000 -1.6000 2.0784
        vertex 8.9185 -1.6000 2.2174
    endloop
endfacet
facet normal 20.0000 -4.1305 0.0000
    outer loop
        vertex 8.0000 -1.6000 0.0000
        vertex 8.9185 -1.6000 2.2174
        vertex 8.6211 -1.6000 2.3182
    endloop
endfacet
facet normal 20.0000 -4.1305 0.0000
    outer loop
        vertex 8.0000 -1.6000 0.0000
        vertex 8.6211 -1.6000 2.3182
        vertex 8.3132 -1.6000 2.3794
    endloop
endfacet
facet normal 20.0000 -4.1305 0.0000
    outer loop
        vertex 8.0000 -1.6000 0.0000
        vertex 8.3132 -1.6000 2.3794
        vertex 8.0000 -1.6000 2.4000
    endloop
endfacet
facet normal 20.0000 -4.1305 0.0000
    outer loop
        vertex 8.0000 -1.6000 0.0000
        vertex 8.0000 -1.6000 2.4000
        vertex 7.6868 -1.6000 2.3794
    endloop
endfacet
facet normal 20.0000 -4.1305 0.0000
    outer loop
        vertex 8.0000 -1.6000 0.0000
        vertex 7.6868 -1.6000 2.3794
        vertex 7.3789 -1.6000 2.3182
    endloop
endfacet
facet normal 20.0000 -4.1305 0.0000
    outer loop
        vertex 8.0000 -1.6000 0.0000
        vertex 7.3789 -1.6000 2.3182
        vertex 7.0815 -1.6000 2.2174
    endloop
endfacet
facet normal 20.0000 -4.1305 0.0000
    outer loop
        vertex 8.0000 -1.6000 0.0000
        vertex 7.0815 -1.6000 2.2174
        vertex 6.8000 -1.6000 2.0784
    endloop
endfacet
facet normal 20.0000 -4.1305 0.0000
    outer loop
        vertex 8.0000 -1.6000 0.0000
        vertex 6.8000 -1.6000 2.0784
        vertex 6.5389 -1.6000 1.9042
    endloop
endfacet
facet normal 20.0000 -4.1305 0.0000
    outer loop
        vertex 8.0000 -1.6000 0.0000
        vertex 6.5389 -1.6000 1.9042
        vertex 6.3030 -1.6000 1.6970
    endloop
endfacet
facet normal 20.0000 -4.1305 0.0000
    outer loop
        vertex 8.0000 -1.6000 0.0000
        vertex 6.3030 -1.6000 1.6970
        vertex 6.0958 -1.6000 1.4611
    endloop
endfacet
facet normal 20.0000 -4.1305 0.0000
    outer loop
        vertex 8.0000 -1.6000 0.0000
        vertex 6.0958 -1.6000 1.4611
        vertex 5.9216 -1.6000 1.2000
    endloop
endfacet
facet normal 20.0000 -4.1305 0.0000
    outer loop
        vertex 8.0000 -1.6000 0.0000
        vertex 5.9216 -1.6000 1.2000
        vertex 5.7826 -1.6000 0.9185
    endloop
endfacet
facet normal 20.0000 -4.1305 0.0000
    outer loop
        vertex 8.0000 -1.6000 0.0000
        vertex 5.7826 -1.6000 0.9185
        vertex 5.6818 -1.6000 0.6211
    endloop
endfacet
facet normal 20.0000 -4.1305 0.0000
    outer loop
        vertex 8.0000 -1.6000 0.0000
        vertex 5.6818 -1.6000 0.6211
        vertex 5.6206 -1.6000 0.3132
    endloop
endfacet
facet normal 20.0000 -4.1305 0.0000
    outer loop
        vertex 8.0000 -1.6000 0.0000
        vertex 5.6206 -1.6000 0.3132
        vertex 5.6000 -1.6000 0.0000
    endloop
endfacet
facet normal 20.0000 -4.1305 0.0000
    outer loop
        vertex 8.0000 -1.6000 0.0000
        vertex 5.6000 -1.6000 0.0000
        vertex 5.6206 -1.6000 -0.3132
    endloop
endfacet
facet normal 20.0000 -4.1305 0.0000
    outer loop
        vertex 8.0000 -1.6000 0.0000
        vertex 5.6206 -1.6000 -0.3132
        vertex 5.6818 -1.6000 -0.6211
    endloop
endfacet
facet normal 20.0000 -4.1305 0.0000
    outer loop
        vertex 8.0000 -1.6000 0.0000
        vertex 5.6818 -1.6000 -0.6211
        vertex 5.7826 -1.6000 -0.9185
    endloop
endfacet
facet normal 20.0000 -4.1305 0.0000
    outer loop
        vertex 8.0000 -1.6000 0.0000
        vertex 5.7826 -1.6000 -0.9185
        vertex 5.9216 -1.6000 -1.2000
    endloop
endfacet
facet normal 20.0000 -4.1305 0.0000
    outer loop
        vertex 8.0000 -1.6000 0.0000
        vertex 5.9216 -1.6000 -1.2000
        vertex 6.0958 -1.6000 -1.4611
    endloop
endfacet
facet normal 20.0000 -4.1305 0.0000
    outer loop
        vertex 8.0000 -1.6000 0.0000
        vertex 6.0958 -1.6000 -1.4611
        vertex 6.3030 -1.6000 -1.6970
    endloop
endfacet
facet normal 20.0000 -4.1305 0.0000
    outer loop
        vertex 8.0000 -1.6000 0.0000
        vertex 6.3030 -1.6000 -1.6970
        vertex 6.5389 -1.6000 -1.9042
    endloop
endfacet
facet normal 20.0000 -4.1305 0.0000
    outer loop
        vertex 8.0000 -1.6000 0.0000
        vertex 6.5389 -1.6000 -1.9042
        vertex 6.8000 -1.6000 -2.0784
    endloop
endfacet
facet normal 20.0000 -4.1305 0.0000
    outer loop
        vertex 8.0000 -1.6000 0.0000
        vertex 6.8000 -1.6000 -2.0784
        vertex 7.0815 -1.6000 -2.2174
    endloop
endfacet
facet normal 20.0000 -4.1305 0.0000
    outer loop
        vertex 8.0000 -1.6000 0.0000
        vertex 7.0815 -1.6000 -2.2174
        vertex 7.3789 -1.6000 -2.3182
    endloop
endfacet
facet normal 20.0000 -4.1305 0.0000
    outer loop
        vertex 8.0000 -1.6000 0.0000
        vertex 7.3789 -1.6000 -2.3182
        vertex 7.6868 -1.6000 -2.3794
    endloop
endfacet
facet normal 20.0000 -4.1305 0.0000
    outer loop
        vertex 8.0000 -1.6000 0.0000
        vertex 7.6868 -1.6000 -2.3794
        vertex 8.0000 -1.6000 -2.4000
    endloop
endfacet
facet normal -0.0516 0.0000 -19.2170
    outer loop
        vertex 0.3132 0.0000 -10.3794
        vertex 0.0000 -1.6000 -10.4000
        vertex 0.0000 0.0000 -10.4000
    endloop
endfacet
facet normal -0.0516 0.0000 -19.2170
    outer loop
        vertex 0.0000 -1.6000 -10.4000
        vertex 0.3132 0.0000 -10.3794
        vertex 0.3132 -1.6000 -10.3794
    endloop
endfacet
facet normal -0.1530 0.0000 -19.2302
    outer loop
        vertex 0.6211 0.0000 -10.3182
        vertex 0.3132 -1.6000 -10.3794
        vertex 0.3132 0.0000 -10.3794
    endloop
endfacet
facet normal -0.1530 0.0000 -19.2302
    outer loop
        vertex 0.3132 -1.6000 -10.3794
        vertex 0.6211 0.0000 -10.3182
        vertex 0.6211 -1.6000 -10.3182
    endloop
endfacet
facet normal -0.2520 0.0000 -19.2566
    outer loop
        vertex 0.9185 0.0000 -10.2174
        vertex 0.6211 -1.6000 -10.3182
        vertex 0.6211 0.0000 -10.3182
    endloop
endfacet
facet normal -0.2520 0.0000 -19.2566
    outer loop
        vertex 0.6211 -1.6000 -10.3182
        vertex 0.9185 0.0000 -10.2174
        vertex 0.9185 -1.6000 -10.2174
    endloop
endfacet
facet normal -0.3474 0.0000 -19.2962
    outer loop
        vertex 1.2000 0.0000 -10.0784
        vertex 0.9185 -1.6000 -10.2174
        vertex 0.9185 0.0000 -10.2174
    endloop
endfacet
facet normal -0.3474 0.0000 -19.2962
    outer loop
        vertex 0.9185 -1.6000 -10.2174
        vertex 1.2000 0.0000 -10.0784
        vertex 1.2000 -1.6000 -10.0784
    endloop
endfacet
facet normal -0.4356 0.0000 -19.3472
    outer loop
        vertex 1.4611 0.0000 -9.9042
        vertex 1.2000 -1.6000 -10.0784
        vertex 1.2000 0.0000 -10.0784
    endloop
endfacet
facet normal -0.4356 0.0000 -19.3472
    outer loop
        vertex 1.2000 -1.6000 -10.0784
        vertex 1.4611 0.0000 -9.9042
        vertex 1.4611 -1.6000 -9.9042
    endloop
endfacet
facet normal -0.5178 0.0000 -19.4102
    outer loop
        vertex 1.6970 0.0000 -9.6970
        vertex 1.4611 -1.6000 -9.9042
        vertex 1.4611 0.0000 -9.9042
    endloop
endfacet
facet normal -0.5178 0.0000 -19.4102
    outer loop
        vertex 1.4611 -1.6000 -9.9042
        vertex 1.6970 0.0000 -9.6970
        vertex 1.6970 -1.6000 -9.6970
    endloop
endfacet
facet normal -0.5898 0.0000 -19.4822
    outer loop
        vertex 1.9042 0.0000 -9.4611
        vertex 1.6970 -1.6000 -9.6970
        vertex 1.6970 0.0000 -9.6970
    endloop
endfacet
facet normal -0.5898 0.0000 -19.4822
    outer loop
        vertex 1.6970 -1.6000 -9.6970
        vertex 1.9042 0.0000 -9.4611
        vertex 1.9042 -1.6000 -9.4611
    endloop
endfacet
facet normal -0.6528 0.0000 -19.5644
    outer loop
        vertex 2.0784 0.0000 -9.2000
        vertex 1.9042 -1.6000 -9.4611
        vertex 1.9042 0.0000 -9.4611
    endloop
endfacet
facet normal -0.6528 0.0000 -19.5644
    outer loop
        vertex 1.9042 -1.6000 -9.4611
        vertex 2.0784 0.0000 -9.2000
        vertex 2.0784 -1.6000 -9.2000
    endloop
endfacet
facet normal -0.7038 0.0000 -19.6526
    outer loop
        vertex 2.2174 0.0000 -8.9185
        vertex 2.0784 -1.6000 -9.2000
        vertex 2.0784 0.0000 -9.2000
    endloop
endfacet
facet normal -0.7038 0.0000 -19.6526
    outer loop
        vertex 2.0784 -1.6000 -9.2000
        vertex 2.2174 0.0000 -8.9185
        vertex 2.2174 -1.6000 -8.9185
    endloop
endfacet
facet normal -0.7434 0.0000 -19.7480
    outer loop
        vertex 2.3182 0.0000 -8.6211
        vertex 2.2174 -1.6000 -8.9185
        vertex 2.2174 0.0000 -8.9185
    endloop
endfacet
facet normal -0.7434 0.0000 -19.7480
    outer loop
        vertex 2.2174 -1.6000 -8.9185
        vertex 2.3182 0.0000 -8.6211
        vertex 2.3182 -1.6000 -8.6211
    endloop
endfacet
facet normal -0.7698 0.0000 -19.8470
    outer loop
        vertex 2.3794 0.0000 -8.3132
        vertex 2.3182 -1.6000 -8.6211
        vertex 2.3182 0.0000 -8.6211
    endloop
endfacet
facet normal -0.7698 0.0000 -19.8470
    outer loop
        vertex 2.3182 -1.6000 -8.6211
        vertex 2.3794 0.0000 -8.3132
        vertex 2.3794 -1.6000 -8.3132
    endloop
endfacet
facet normal -0.7830 0.0000 -19.9484
    outer loop
        vertex 2.4000 0.0000 -8.0000
        vertex 2.3794 -1.6000 -8.3132
        vertex 2.3794 0.0000 -8.3132
    endloop
endfacet
facet normal -0.7830 0.0000 -19.9484
    outer loop
        vertex 2.3794 -1.6000 -8.3132
        vertex 2.4000 0.0000 -8.0000
        vertex 2.4000 -1.6000 -8.0000
    endloop
endfacet
facet normal -0.7830 0.0000 -20.0516
    outer loop
        vertex 2.3794 0.0000 -7.6868
        vertex 2.4000 -1.6000 -8.0000
        vertex 2.4000 0.0000 -8.0000
    endloop
endfacet
facet normal -0.7830 0.0000 -20.0516
    outer loop
        vertex 2.4000 -1.6000 -8.0000
        vertex 2.3794 0.0000 -7.6868
        vertex 2.3794 -1.6000 -7.6868
    endloop
endfacet
facet normal -0.7698 0.0000 -20.1530
    outer loop
        vertex 2.3182 0.0000 -7.3789
        vertex 2.3794 -1.6000 -7.6868
        vertex 2.3794 0.0000 -7.6868
    endloop
endfacet
facet normal -0.7698 0.0000 -20.1530
    outer loop
        vertex 2.3794 -1.6000 -7.6868
        vertex 2.3182 0.0000 -7.3789
        vertex 2.3182 -1.6000 -7.3789
    endloop
endfacet
facet normal -0.7434 0.0000 -20.2520
    outer loop
        vertex 2.2174 0.0000 -7.0815
        vertex 2.3182 -1.6000 -7.3789
        vertex 2.3182 0.0000 -7.3789
    endloop
endfacet
facet normal -0.7434 0.0000 -20.2520
    outer loop
        vertex 2.3182 -1.6000 -7.3789
        vertex 2.2174 0.0000 -7.0815
        vertex 2.2174 -1.6000 -7.0815
    endloop
endfacet
facet normal -0.7038 0.0000 -20.3474
    outer loop
        vertex 2.0784 0.0000 -6.8000
        vertex 2.2174 -1.6000 -7.0815
        vertex 2.2174 0.0000 -7.0815
    endloop
endfacet
facet normal -0.7038 0.0000 -20.3474
    outer loop
        vertex 2.2174 -1.6000 -7.0815
        vertex 2.0784 0.0000 -6.8000
        vertex 2.0784 -1.6000 -6.8000
    endloop
endfacet
facet normal -0.6528 0.0000 -20.4356
    outer loop
        vertex 1.9042 0.0000 -6.5389
        vertex 2.0784 -1.6000 -6.8000
        vertex 2.0784 0.0000 -6.8000
    endloop
endfacet
facet normal -0.6528 0.0000 -20.4356
    outer loop
        vertex 2.0784 -1.6000 -6.8000
        vertex 1.9042 0.0000 -6.5389
        vertex 1.9042 -1.6000 -6.5389
    endloop
endfacet
facet normal -0.5898 0.0000 -20.5178
    outer loop
        vertex 1.6970 0.0000 -6.3030
        vertex 1.9042 -1.6000 -6.5389
        vertex 1.9042 0.0000 -6.5389
    endloop
endfacet
facet normal -0.5898 0.0000 -20.5178
    outer loop
        vertex 1.9042 -1.6000 -6.5389
        vertex 1.6970 0.0000 -6.3030
        vertex 1.6970 -1.6000 -6.3030
    endloop
endfacet
facet normal -0.5178 0.0000 -20.5898
    outer loop
        vertex 1.4611 0.0000 -6.0958
        vertex 1.6970 -1.6000 -6.3030
        vertex 1.6970 0.0000 -6.3030
    endloop
endfacet
facet normal -0.5178 0.0000 -20.5898
    outer loop
        vertex 1.6970 -1.6000 -6.3030
        vertex 1.4611 0.0000 -6.0958
        vertex 1.4611 -1.6000 -6.0958
    endloop
endfacet
facet normal -0.4356 0.0000 -20.6528
    outer loop
        vertex 1.2000 0.0000 -5.9216
        vertex 1.4611 -1.6000 -6.0958
        vertex 1.4611 0.0000 -6.0958
    endloop
endfacet
facet normal -0.4356 0.0000 -20.6528
    outer loop
        vertex 1.4611 -1.6000 -6.0958
        vertex 1.2000 0.0000 -5.9216
        vertex 1.2000 -1.6000 -5.9216
    endloop
endfacet
facet normal -0.3474 0.0000 -20.7038
    outer loop
        vertex 0.9185 0.0000 -5.7826
        vertex 1.2000 -1.6000 -5.9216
        vertex 1.2000 0.0000 -5.9216
    endloop
endfacet
facet normal -0.3474 0.0000 -20.7038
    outer loop
        vertex 1.2000 -1.6000 -5.9216
        vertex 0.9185 0.0000 -5.7826
        vertex 0.9185 -1.6000 -5.7826
    endloop
endfacet
facet normal -0.2520 0.0000 -20.7434
    outer loop
        vertex 0.6211 0.0000 -5.6818
        vertex 0.9185 -1.6000 -5.7826
        vertex 0.9185 0.0000 -5.7826
    endloop
endfacet
facet normal -0.2520 0.0000 -20.7434
    outer loop
        vertex 0.9185 -1.6000 -5.7826
        vertex 0.6211 0.0000 -5.6818
        vertex 0.6211 -1.6000 -5.6818
    endloop
endfacet
facet normal -0.1530 0.0000 -20.7698
    outer loop
        vertex 0.3132 0.0000 -5.6206
        vertex 0.6211 -1.6000 -5.6818
        vertex 0.6211 0.0000 -5.6818
    endloop
endfacet
facet normal -0.1530 0.0000 -20.7698
    outer loop
        vertex 0.6211 -1.6000 -5.6818
        vertex 0.3132 0.0000 -5.6206
        vertex 0.3132 -1.6000 -5.6206
    endloop
endfacet
facet normal -0.0516 0.0000 -20.7830
    outer loop
        vertex 0.0000 0.0000 -5.6000
        vertex 0.3132 -1.6000 -5.6206
        vertex 0.3132 0.0000 -5.6206
    endloop
endfacet
facet normal -0.0516 0.0000 -20.7830
    outer loop
        vertex 0.3132 -1.6000 -5.6206
        vertex 0.0000 0.0000 -5.6000
        vertex 0.0000 -1.6000 -5.6000
    endloop
endfacet
facet normal 0.0516 0.0000 -20.7830
    outer loop
        vertex -0.3132 0.0000 -5.6206
        vertex 0.0000 -1.6000 -5.6000
        vertex 0.0000 0.0000 -5.6000
    endloop
endfacet
facet normal 0.0516 0.0000 -20.7830
    outer loop
        vertex 0.0000 -1.6000 -5.6000
        vertex -0.3132 0.0000 -5.6206
        vertex -0.3132 -1.6000 -5.6206
    endloop
endfacet
facet normal 0.1530 0.0000 -20.7698
    outer loop
        vertex -0.6211 0.0000 -5.6818
        vertex -0.3132 -1.6000 -5.6206
        vertex -0.3132 0.0000 -5.6206
    endloop
endfacet
facet normal 0.1530 0.0000 -20.7698
    outer loop
        vertex -0.3132 -1.6000 -5.6206
        vertex -0.6211 0.0000 -5.6818
        vertex -0.6211 -1.6000 -5.6818
    endloop
endfacet
facet normal 0.2520 0.0000 -20.7434
    outer loop
        vertex -0.9185 0.0000 -5.7826
        vertex -0.6211 -1.6000 -5.6818
        vertex -0.6211 0.0000 -5.6818
    endloop
endfacet
facet normal 0.2520 0.0000 -20.7434
    outer loop
        vertex -0.6211 -1.6000 -5.6818
        vertex -0.9185 0.0000 -5.7826
        vertex -0.9185 -1.6000 -5.7826
    endloop
endfacet
facet normal 0.3474 0.0000 -20.7038
    outer loop
        vertex -1.2000 0.0000 -5.9216
        vertex -0.9185 -1.6000 -5.7826
        vertex -0.9185 0.0000 -5.7826
    endloop
endfacet
facet normal 0.3474 0.0000 -20.7038
    outer loop
        vertex -0.9185 -1.6000 -5.7826
        vertex -1.2000 0.0000 -5.9216
        vertex -1.2000 -1.6000 -5.9216
    endloop
endfacet
facet normal 0.4356 0.0000 -20.6528
    outer loop
        vertex -1.4611 0.0000 -6.0958
        vertex -1.2000 -1.6000 -5.9216
        vertex -1.2000 0.0000 -5.9216
    endloop
endfacet
facet normal 0.4356 0.0000 -20.6528
    outer loop
        vertex -1.2000 -1.6000 -5.9216
        vertex -1.4611 0.0000 -6.0958
        vertex -1.4611 -1.6000 -6.0958
    endloop
endfacet
facet normal 0.5178 0.0000 -20.5898
    outer loop
        vertex -1.6970 0.0000 -6.3030
        vertex -1.4611 -1.6000 -6.0958
        vertex -1.4611 0.0000 -6.0958
    endloop
endfacet
facet normal 0.5178 0.0000 -20.5898
    outer loop
        vertex -1.4611 -1.6000 -6.0958
        vertex -1.6970 0.0000 -6.3030
        vertex -1.6970 -1.6000 -6.3030
    endloop
endfacet
facet normal 0.5898 0.0000 -20.5178
    outer loop
        vertex -1.9042 0.0000 -6.5389
        vertex -1.6970 -1.6000 -6.3030
        vertex -1.6970 0.0000 -6.3030
    endloop
endfacet
facet normal 0.5898 0.0000 -20.5178
    outer loop
        vertex -1.6970 -1.6000 -6.3030
        vertex -1.9042 0.0000 -6.5389
        vertex -1.9042 -1.6000 -6.5389
    endloop
endfacet
facet normal 0.6528 0.0000 -20.4356
    outer loop
        vertex -2.0784 0.0000 -6.8000
        vertex -1.9042 -1.6000 -6.5389
        vertex -1.9042 0.0000 -6.5389
    endloop
endfacet
facet normal 0.6528 0.0000 -20.4356
    outer loop
        vertex -1.9042 -1.6000 -6.5389
        vertex -2.0784 0.0000 -6.8000
        vertex -2.0784 -1.6000 -6.8000
    endloop
endfacet
facet normal 0.7038 0.0000 -20.3474
    outer loop
        vertex -2.2174 0.0000 -7.0815
        vertex -2.0784 -1.6000 -6.8000
        vertex -2.0784 0.0000 -6.8000
    endloop
endfacet
facet normal 0.7038 0.0000 -20.3474
    outer loop
        vertex -2.0784 -1.6000 -6.8000
        vertex -2.2174 0.0000 -7.0815
        vertex -2.2174 -1.6000 -7.0815
    endloop
endfacet
facet normal 0.7434 0.0000 -20.2520
    outer loop
        vertex -2.3182 0.0000 -7.3789
        vertex -2.2174 -1.6000 -7.0815
        vertex -2.2174 0.0000 -7.0815
    endloop
endfacet
facet normal 0.7434 0.0000 -20.2520
    outer loop
        vertex -2.2174 -1.6000 -7.0815
        vertex -2.3182 0.0000 -7.3789
        vertex -2.3182 -1.6000 -7.3789
    endloop
endfacet
facet normal 0.7698 0.0000 -20.1530
    outer loop
        vertex -2.3794 0.0000 -7.6868
        vertex -2.3182 -1.6000 -7.3789
        vertex -2.3182 0.0000 -7.3789
    endloop
endfacet
facet normal 0.7698 0.0000 -20.1530
    outer loop
        vertex -2.3182 -1.6000 -7.3789
        vertex -2.3794 0.0000 -7.6868
        vertex -2.3794 -1.6000 -7.6868
    endloop
endfacet
facet normal 0.7830 0.0000 -20.0516
    outer loop
        vertex -2.4000 0.0000 -8.0000
        vertex -2.3794 -1.6000 -7.6868
        vertex -2.3794 0.0000 -7.6868
    endloop
endfacet
facet normal 0.7830 0.0000 -20.0516
    outer loop
        vertex -2.3794 -1.6000 -7.6868
        vertex -2.4000 0.0000 -8.0000
        vertex -2.4000 -1.6000 -8.0000
    endloop
endfacet
facet normal 0.7830 0.0000 -19.9484
    outer loop
        vertex -2.3794 0.0000 -8.3132
        vertex -2.4000 -1.6000 -8.0000
        vertex -2.4000 0.0000 -8.0000
    endloop
endfacet
facet normal 0.7830 0.0000 -19.9484
    outer loop
        vertex -2.4000 -1.6000 -8.0000
        vertex -2.3794 0.0000 -8.3132
        vertex -2.3794 -1.6000 -8.3132
    endloop
endfacet
facet normal 0.7698 0.0000 -19.8470
    outer loop
        vertex -2.3182 0.0000 -8.6211
        vertex -2.3794 -1.6000 -8.3132
        vertex -2.3794 0.0000 -8.3132
    endloop
endfacet
facet normal 0.7698 0.0000 -19.8470
    outer loop
        vertex -2.3794 -1.6000 -8.3132
        vertex -2.3182 0.0000 -8.6211
        vertex -2.3182 -1.6000 -8.6211
    endloop
endfacet
facet normal 0.7434 0.0000 -19.7480
    outer loop
        vertex -2.2174 0.0000 -8.9185
        vertex -2.3182 -1.6000 -8.6211
        vertex -2.3182 0.0000 -8.6211
    endloop
endfacet
facet normal 0.7434 0.0000 -19.7480
    outer loop
        vertex -2.3182 -1.6000 -8.6211
        vertex -2.2174 0.0000 -8.9185
        vertex -2.2174 -1.6000 -8.9185
    endloop
endfacet
facet normal 0.7038 0.0000 -19.6526
    outer loop
        vertex -2.0784 0.0000 -9.2000
        vertex -2.2174 -1.6000 -8.9185
        vertex -2.2174 0.0000 -8.9185
    endloop
endfacet
facet normal 0.7038 0.0000 -19.6526
    outer loop
        vertex -2.2174 -1.6000 -8.9185
        vertex -2.0784 0.0000 -9.2000
        vertex -2.0784 -1.6000 -9.2000
    endloop
endfacet
facet normal 0.6528 0.0000 -19.5644
    outer loop
        vertex -1.9042 0.0000 -9.4611
        vertex -2.0784 -1.6000 -9.2000
        vertex -2.0784 0.0000 -9.2000
    endloop
endfacet
facet normal 0.6528 0.0000 -19.5644
    outer loop
        vertex -2.0784 -1.6000 -9.2000
        vertex -1.9042 0.0000 -9.4611
        vertex -1.9042 -1.6000 -9.4611
    endloop
endfacet
facet normal 0.5898 0.0000 -19.4822
    outer loop
        vertex -1.6970 0.0000 -9.6970
        vertex -1.9042 -1.6000 -9.4611
        vertex -1.9042 0.0000 -9.4611
    endloop
endfacet
facet normal 0.5898 0.0000 -19.4822
    outer loop
        vertex -1.9042 -1.6000 -9.4611
        vertex -1.6970 0.0000 -9.6970
        vertex -1.6970 -1.6000 -9.6970
    endloop
endfacet
facet normal 0.5178 0.0000 -19.4102
    outer loop
        vertex -1.4611 0.0000 -9.9042
        vertex -1.6970 -1.6000 -9.6970
        vertex -1.6970 0.0000 -9.6970
    endloop
endfacet
facet normal 0.5178 0.0000 -19.4102
    outer loop
        vertex -1.6970 -1.6000 -9.6970
        vertex -1.4611 0.0000 -9.9042
        vertex -1.4611 -1.6000 -9.9042
    endloop
endfacet
facet normal 0.4356 0.0000 -19.3472
    outer loop
        vertex -1.2000 0.0000 -10.0784
        vertex -1.4611 -1.6000 -9.9042
        vertex -1.4611 0.0000 -9.9042
    endloop
endfacet
facet normal 0.4356 0.0000 -19.3472
    outer loop
        vertex -1.4611 -1.6000 -9.9042
        vertex -1.2000 0.0000 -10.0784
        vertex -1.2000 -1.6000 -10.0784
    endloop
endfacet
facet normal 0.3474 0.0000 -19.2962
    outer loop
        vertex -0.9185 0.0000 -10.2174
        vertex -1.2000 -1.6000 -10.0784
        vertex -1.2000 0.0000 -10.0784
    endloop
endfacet
facet normal 0.3474 0.0000 -19.2962
    outer loop
        vertex -1.2000 -1.6000 -10.0784
        vertex -0.9185 0.0000 -10.2174
        vertex -0.9185 -1.6000 -10.2174
    endloop
endfacet
facet normal 0.2520 0.0000 -19.2566
    outer loop
        vertex -0.6211 0.0000 -10.3182
        vertex -0.9185 -1.6000 -10.2174
        vertex -0.9185 0.0000 -10.2174
    endloop
endfacet
facet normal 0.2520 0.0000 -19.2566
    outer loop
        vertex -0.9185 -1.6000 -10.2174
        vertex -0.6211 0.0000 -10.3182
        vertex -0.6211 -1.6000 -10.3182
    endloop
endfacet
facet normal 0.1530 0.0000 -19.2302
    outer loop
        vertex -0.3132 0.0000 -10.3794
        vertex -0.6211 -1.6000 -10.3182
        vertex -0.6211 0.0000 -10.3182
    endloop
endfacet
facet normal 0.1530 0.0000 -19.2302
    outer loop
        vertex -0.6211 -1.6000 -10.3182
        vertex -0.3132 0.0000 -10.3794
        vertex -0.3132 -1.6000 -10.3794
    endloop
endfacet
facet normal 0.0516 0.0000 -19.2170
    outer loop
        vertex 0.0000 0.0000 -10.4000
        vertex -0.3132 -1.6000 -10.3794
        vertex -0.3132 0.0000 -10.3794
    endloop
endfacet
facet normal 0.0516 0.0000 -19.2170
    outer loop
        vertex -0.3132 -1.6000 -10.3794
        vertex 0.0000 0.0000 -10.4000
        vertex 0.0000 -1.6000 -10.4000
    endloop
endfacet
facet normal 0.0000 -4.1305 -20.0000
    outer loop
        vertex 0.0000 -1.6000 -8.0000
        vertex 0.0000 -1.6000 -10.4000
        vertex 0.3132 -1.6000 -10.3794
    endloop
endfacet
facet normal 0.0000 -4.1305 -20.0000
    outer loop
        vertex 0.0000 -1.6000 -8.0000
        vertex 0.3132 -1.6000 -10.3794
        vertex 0.6211 -1.6000 -10.3182
    endloop
endfacet
facet normal 0.0000 -4.1305 -20.0000
    outer loop
        vertex 0.0000 -1.6000 -8.0000
        vertex 0.6211 -1.6000 -10.3182
        vertex 0.9185 -1.6000 -10.2174
    endloop
endfacet
facet normal 0.0000 -4.1305 -20.0000
    outer loop
        vertex 0.0000 -1.6000 -8.0000
        vertex 0.9185 -1.6000 -10.2174
        vertex 1.2000 -1.6000 -10.0784
    endloop
endfacet
facet normal 0.0000 -4.1305 -20.0000
    outer loop
        vertex 0.0000 -1.6000 -8.0000
        vertex 1.2000 -1.6000 -10.0784
        vertex 1.4611 -1.6000 -9.9042
    endloop
endfacet
facet normal 0.0000 -4.1305 -20.0000
    outer loop
        vertex 0.0000 -1.6000 -8.0000
        vertex 1.4611 -1.6000 -9.9042
        vertex 1.6970 -1.6000 -9.6970
    endloop
endfacet
facet normal 0.0000 -4.1305 -20.0000
    outer loop
        vertex 0.0000 -1.6000 -8.0000
        vertex 1.6970 -1.6000 -9.6970
        vertex 1.9042 -1.6000 -9.4611
    endloop
endfacet
facet normal 0.0000 -4.1305 -20.0000
    outer loop
        vertex 0.0000 -1.6000 -8.0000
        vertex 1.9042 -1.6000 -9.4611
        vertex 2.0784 -1.6000 -9.2000
    endloop
endfacet
facet normal 0.0000 -4.1305 -20.0000
    outer loop
        vertex 0.0000 -1.6000 -8.0000
        vertex 2.0784 -1.6000 -9.2000
        vertex 2.2174 -1.6000 -8.9185
    endloop
endfacet
facet normal 0.0000 -4.1305 -20.0000
    outer loop
        vertex 0.0000 -1.6000 -8.0000
        vertex 2.2174 -1.6000 -8.9185
        vertex 2.3182 -1.6000 -8.6211
    endloop
endfacet
facet normal 0.0000 -4.1305 -20.0000
    outer loop
        vertex 0.0000 -1.6000 -8.0000
        vertex 2.3182 -1.6000 -8.6211
        vertex 2.3794 -1.6000 -8.3132
    endloop
endfacet
facet normal 0.0000 -4.1305 -20.0000
    outer loop
        vertex 0.0000 -1.6000 -8.0000
        vertex 2.3794 -1.6000 -8.3132
        vertex 2.4000 -1.6000 -8.0000
    endloop
endfacet
facet normal 0.0000 -4.1305 -20.0000
    outer loop
        vertex 0.0000 -1.6000 -8.0000
        vertex 2.4000 -1.6000 -8.0000
        vertex 2.3794 -1.6000 -7.6868
    endloop
endfacet
facet normal 0.0000 -4.1305 -20.0000
    outer loop
        vertex 0.0000 -1.6000 -8.0000
        vertex 2.3794 -1.6000 -7.6868
        vertex 2.3182 -1.6000 -7.3789
    endloop
endfacet
facet normal 0.0000 -4.1305 -20.0000
    outer loop
        vertex 0.0000 -1.6000 -8.0000
        vertex 2.3182 -1.6000 -7.3789
        vertex 2.2174 -1.6000 -7.0815
    endloop
endfacet
facet normal 0.0000 -4.1305 -20.0000
    outer loop
        vertex 0.0000 -1.6000 -8.0000
        vertex 2.2174 -1.6000 -7.0815
        vertex 2.0784 -1.6000 -6.8000
    endloop
endfacet
facet normal 0.0000 -4.1305 -20.0000
    outer loop
        vertex 0.0000 -1.6000 -8.0000
        vertex 2.0784 -1.6000 -6.8000
        vertex 1.9042 -1.6000 -6.5389
    endloop
endfacet
facet normal 0.0000 -4.1305 -20.0000
    outer loop
        vertex 0.0000 -1.6000 -8.0000
        vertex 1.9042 -1.6000 -6.5389
        vertex 1.6970 -1.6000 -6.3030
    endloop
endfacet
facet normal 0.0000 -4.1305 -20.0000
    outer loop
        vertex 0.0000 -1.6000 -8.0000
        vertex 1.6970 -1.6000 -6.3030
        vertex 1.4611 -1.6000 -6.0958
    endloop
endfacet
facet normal 0.0000 -4.1305 -20.0000
    outer loop
        vertex 0.0000 -1.6000 -8.0000
        vertex 1.4611 -1.6000 -6.0958
        vertex 1.2000 -1.6000 -5.9216
    endloop
endfacet
facet normal 0.0000 -4.1305 -20.0000
    outer loop
        vertex 0.0000 -1.6000 -8.0000
        vertex 1.2000 -1.6000 -5.9216
        vertex 0.9185 -1.6000 -5.7826
    endloop
endfacet
facet normal 0.0000 -4.1305 -20.0000
    outer loop
        vertex 0.0000 -1.6000 -8.0000
        vertex 0.9185 -1.6000 -5.7826
        vertex 0.6211 -1.6000 -5.6818
    endloop
endfacet
facet normal 0.0000 -4.1305 -20.0000
    outer loop
        vertex 0.0000 -1.6000 -8.0000
        vertex 0.6211 -1.6000 -5.6818
        vertex 0.3132 -1.6000 -5.6206
    endloop
endfacet
facet normal 0.0000 -4.1305 -20.0000
    outer loop
        vertex 0.0000 -1.6000 -8.0000
        vertex 0.3132 -1.6000 -5.6206
        vertex 0.0000 -1.6000 -5.6000
    endloop
endfacet
facet normal 0.0000 -4.1305 -20.0000
    outer loop
        vertex 0.0000 -1.6000 -8.0000
        vertex 0.0000 -1.6000 -5.6000
        vertex -0.3132 -1.6000 -5.6206
    endloop
endfacet
facet normal 0.0000 -4.1305 -20.0000
    outer loop
        vertex 0.0000 -1.6000 -8.0000
        vertex -0.3132 -1.6000 -5.6206
        vertex -0.6211 -1.6000 -5.6818
    endloop
endfacet
facet normal 0.0000 -4.1305 -20.0000
    outer loop
        vertex 0.0000 -1.6000 -8.0000
        vertex -0.6211 -1.6000 -5.6818
        vertex -0.9185 -1.6000 -5.7826
    endloop
endfacet
facet normal 0.0000 -4.1305 -20.0000
    outer loop
        vertex 0.0000 -1.6000 -8.0000
        vertex -0.9185 -1.6000 -5.7826
        vertex -1.2000 -1.6000 -5.9216
    endloop
endfacet
facet normal 0.0000 -4.1305 -20.0000
    outer loop
        vertex 0.0000 -1.6000 -8.0000
        vertex -1.2000 -1.6000 -5.9216
        vertex -1.4611 -1.6000 -6.0958
    endloop
endfacet
facet normal 0.0000 -4.1305 -20.0000
    outer loop
        vertex 0.0000 -1.6000 -8.0000
        vertex -1.4611 -1.6000 -6.0958
        vertex -1.6970 -1.6000 -6.3030
    endloop
endfacet
facet normal 0.0000 -4.1305 -20.0000
    outer loop
        vertex 0.0000 -1.6000 -8.0000
        vertex -1.6970 -1.6000 -6.3030
        vertex -1.9042 -1.6000 -6.5389
    endloop
endfacet
facet normal 0.0000 -4.1305 -20.0000
    outer loop
        vertex 0.0000 -1.6000 -8.0000
        vertex -1.9042 -1.6000 -6.5389
        vertex -2.0784 -1.6000 -6.8000
    endloop
endfacet
facet normal 0.0000 -4.1305 -20.0000
    outer loop
        vertex 0.0000 -1.6000 -8.0000
        vertex -2.0784 -1.6000 -6.8000
        vertex -2.2174 -1.6000 -7.0815
    endloop
endfacet
facet normal 0.0000 -4.1305 -20.0000
    outer loop
        vertex 0.0000 -1.6000 -8.0000
        vertex -2.2174 -1.6000 -7.0815
        vertex -2.3182 -1.6000 -7.3789
    endloop
endfacet
facet normal 0.0000 -4.1305 -20.0000
    outer loop
        vertex 0.0000 -1.6000 -8.0000
        vertex -2.3182 -1.6000 -7.3789
        vertex -2.3794 -1.6000 -7.6868
    endloop
endfacet
facet normal 0.0000 -4.1305 -20.0000
    outer loop
        vertex 0.0000 -1.6000 -8.0000
        vertex -2.3794 -1.6000 -7.6868
        vertex -2.4000 -1.6000 -8.0000
    endloop
endfacet
facet normal 0.0000 -4.1305 -20.0000
    outer loop
        vertex 0.0000 -1.6000 -8.0000
        vertex -2.4000 -1.6000 -8.0000
        vertex -2.3794 -1.6000 -8.3132
    endloop
endfacet
facet normal 0.0000 -4.1305 -20.0000
    outer loop
        vertex 0.0000 -1.6000 -8.0000
        vertex -2.3794 -1.6000 -8.3132
        vertex -2.3182 -1.6000 -8.6211
    endloop
endfacet
facet normal 0.0000 -4.1305 -20.0000
    outer loop
        vertex 0.0000 -1.6000 -8.0000
        vertex -2.3182 -1.6000 -8.6211
        vertex -2.2174 -1.6000 -8.9185
    endloop
endfacet
facet normal 0.0000 -4.1305 -20.0000
    outer loop
        vertex 0.0000 -1.6000 -8.0000
        vertex -2.2174 -1.6000 -8.9185
        vertex -2.0784 -1.6000 -9.2000
    endloop
endfacet
facet normal 0.0000 -4.1305 -20.0000
    outer loop
        vertex 0.0000 -1.6000 -8.0000
        vertex -2.0784 -1.6000 -9.2000
        vertex -1.9042 -1.6000 -9.4611
    endloop
endfacet
facet normal 0.0000 -4.1305 -20.0000
    outer loop
        vertex 0.0000 -1.6000 -8.0000
        vertex -1.9042 -1.6000 -9.4611
        vertex -1.6970 -1.6000 -9.6970
    endloop
endfacet
facet normal 0.0000 -4.1305 -20.0000
    outer loop
        vertex 0.0000 -1.6000 -8.0000
        vertex -1.6970 -1.6000 -9.6970
        vertex -1.4611 -1.6000 -9.9042
    endloop
endfacet
facet normal 0.0000 -4.1305 -20.0000
    outer loop
        vertex 0.0000 -1.6000 -8.0000
        vertex -1.4611 -1.6000 -9.9042
        vertex -1.2000 -1.6000 -10.0784
    endloop
endfacet
facet normal 0.0000 -4.1305 -20.0000
    outer loop
        vertex 0.0000 -1.6000 -8.0000
        vertex -1.2000 -1.6000 -10.0784
        vertex -0.9185 -1.6000 -10.2174
    endloop
endfacet
facet normal 0.0000 -4.1305 -20.0000
    outer loop
        vertex 0.0000 -1.6000 -8.0000
        vertex -0.9185 -1.6000 -10.2174
        vertex -0.6211 -1.6000 -10.3182
    endloop
endfacet
facet normal 0.0000 -4.1305 -20.0000
    outer loop
        vertex 0.0000 -1.6000 -8.0000
        vertex -0.6211 -1.6000 -10.3182
        vertex -0.3132 -1.6000 -10.3794
    endloop
endfacet
facet normal 0.0000 -4.1305 -20.0000
    outer loop
        vertex 0.0000 -1.6000 -8.0000
        vertex -0.3132 -1.6000 -10.3794
        vertex 0.0000 -1.6000 -10.4000
    endloop
endfacet
facet normal 29.8977 3.5000 6.4991
    outer loop
        vertex 12.0472 1.4000 3.1951
        vertex 12.0129 0.8052 2.6746
        vertex 12.0077 0.8000 2.5964
    endloop
endfacet
facet normal 29.9146 3.5000 6.4980
    outer loop
        vertex 12.0129 0.8052 2.6746
        vertex 12.0472 1.4000 3.1951
        vertex 12.0468 1.3217 3.1900
    endloop
endfacet
facet normal 29.9310 3.5000 6.4969
    outer loop
        vertex 12.0468 1.3217 3.1900
        vertex 12.0179 0.8205 2.7514
        vertex 12.0129 0.8052 2.6746
    endloop
endfacet
facet normal 29.9468 3.5000 6.4959
    outer loop
        vertex 12.0179 0.8205 2.7514
        vertex 12.0468 1.3217 3.1900
        vertex 12.0458 1.2447 3.1747
    endloop
endfacet
facet normal 29.9615 3.5000 6.4949
    outer loop
        vertex 12.0458 1.2447 3.1747
        vertex 12.0228 0.8457 2.8256
        vertex 12.0179 0.8205 2.7514
    endloop
endfacet
facet normal 29.9751 3.5000 6.4940
    outer loop
        vertex 12.0228 0.8457 2.8256
        vertex 12.0458 1.2447 3.1747
        vertex 12.0442 1.1704 3.1496
    endloop
endfacet
facet normal 29.9872 3.5000 6.4932
    outer loop
        vertex 12.0442 1.1704 3.1496
        vertex 12.0274 0.8804 2.8958
        vertex 12.0228 0.8457 2.8256
    endloop
endfacet
facet normal 29.9976 3.5000 6.4925
    outer loop
        vertex 12.0274 0.8804 2.8958
        vertex 12.0442 1.1704 3.1496
        vertex 12.0419 1.1000 3.1149
    endloop
endfacet
facet normal 30.0061 3.5000 6.4920
    outer loop
        vertex 12.0419 1.1000 3.1149
        vertex 12.0317 0.9240 2.9609
        vertex 12.0274 0.8804 2.8958
    endloop
endfacet
facet normal 30.0126 3.5000 6.4916
    outer loop
        vertex 12.0317 0.9240 2.9609
        vertex 12.0419 1.1000 3.1149
        vertex 12.0390 1.0347 3.0715
    endloop
endfacet
facet normal 30.0171 3.5000 6.4913
    outer loop
        vertex 12.0390 1.0347 3.0715
        vertex 12.0356 0.9757 3.0198
        vertex 12.0317 0.9240 2.9609
    endloop
endfacet
facet normal 30.1409 16.5000 6.4831
    outer loop
        vertex 12.0472 6.6000 3.1951
        vertex 12.0077 7.2000 2.5964
        vertex 12.0129 7.1948 2.6746
    endloop
endfacet
facet normal 30.1240 16.5000 6.4842
    outer loop
        vertex 12.0129 7.1948 2.6746
        vertex 12.0468 6.6783 3.1900
        vertex 12.0472 6.6000 3.1951
    endloop
endfacet
facet normal 30.1076 16.5000 6.4853
    outer loop
        vertex 12.0468 6.6783 3.1900
        vertex 12.0129 7.1948 2.6746
        vertex 12.0179 7.1795 2.7514
    endloop
endfacet
facet normal 30.0918 16.5000 6.4863
    outer loop
        vertex 12.0179 7.1795 2.7514
        vertex 12.0458 6.7553 3.1747
        vertex 12.0468 6.6783 3.1900
    endloop
endfacet
facet normal 30.0771 16.5000 6.4873
    outer loop
        vertex 12.0458 6.7553 3.1747
        vertex 12.0179 7.1795 2.7514
        vertex 12.0228 7.1543 2.8256
    endloop
endfacet
facet normal 30.0635 16.5000 6.4882
    outer loop
        vertex 12.0228 7.1543 2.8256
        vertex 12.0442 6.8296 3.1496
        vertex 12.0458 6.7553 3.1747
    endloop
endfacet
facet normal 30.0514 16.5000 6.4890
    outer loop
        vertex 12.0442 6.8296 3.1496
        vertex 12.0228 7.1543 2.8256
        vertex 12.0274 7.1196 2.8958
    endloop
endfacet
facet normal 30.0410 16.5000 6.4897
    outer loop
        vertex 12.0274 7.1196 2.8958
        vertex 12.0419 6.9000 3.1149
        vertex 12.0442 6.8296 3.1496
    endloop
endfacet
facet normal 30.0325 16.5000 6.4902
    outer loop
        vertex 12.0419 6.9000 3.1149
        vertex 12.0274 7.1196 2.8958
        vertex 12.0317 7.0760 2.9609
    endloop
endfacet
facet normal 30.0260 16.5000 6.4907
    outer loop
        vertex 12.0317 7.0760 2.9609
        vertex 12.0390 6.9653 3.0715
        vertex 12.0419 6.9000 3.1149
    endloop
endfacet
facet normal 30.0215 16.5000 6.4910
    outer loop
        vertex 12.0390 6.9653 3.0715
        vertex 12.0317 7.0760 2.9609
        vertex 12.0356 7.0243 3.0198
    endloop
endfacet
facet normal 53.6041 10.0000 3.2018
    outer loop
        vertex 12.0077 0.8000 2.5964
        vertex 12.0077 7.2000 2.5964
        vertex 12.0472 6.6000 3.1951
    endloop
endfacet
facet normal 49.1138 10.0000 3.4977
    outer loop
        vertex 12.0472 6.6000 3.1951
        vertex 12.0472 1.4000 3.1951
        vertex 12.0077 0.8000 2.5964
    endloop
endfacet
facet normal 57.5571 10.0000 2.9413
    outer loop
        vertex 12.0077 0.8000 2.5964
        vertex 11.9618 0.8000 1.8989
        vertex 11.9618 7.2000 1.8989
    endloop
endfacet
facet normal 57.5571 10.0000 2.9413
    outer loop
        vertex 11.9618 7.2000 1.8989
        vertex 12.0077 7.2000 2.5964
        vertex 12.0077 0.8000 2.5964
    endloop
endfacet
facet normal 112.2799 10.0000 -11.6417
    outer loop
        vertex 11.5512 3.9661 -0.1667
        vertex 11.9618 7.2000 1.8989
        vertex 11.9618 0.8000 1.8989
    endloop
endfacet
facet normal 32.1861 10.0000 4.2771
    outer loop
        vertex 11.9618 0.8000 1.8989
        vertex 11.9363 0.8000 1.7710
        vertex 11.5512 3.9661 -0.1667
    endloop
endfacet
facet normal 71.4058 10.0000 -3.5179
    outer loop
        vertex 11.5512 3.9661 -0.1667
        vertex 11.5512 7.2000 -0.1667
        vertex 11.9618 7.2000 1.8989
    endloop
endfacet
facet normal 67.9999 10.0000 -2.8410
    outer loop
        vertex 11.5512 3.9661 -0.1667
        vertex 11.9363 0.8000 1.7710
        vertex 11.5512 0.8000 -0.1667
    endloop
endfacet
facet normal 48.8615 10.0000 -12.7336
    outer loop
        vertex 11.1838 5.8000 -1.2505
        vertex 11.5512 7.2000 -0.1667
        vertex 11.5512 3.9661 -0.1667
    endloop
endfacet
facet normal 34.9279 10.0000 -8.0103
    outer loop
        vertex 11.1838 5.8000 -1.2505
        vertex 10.8750 5.8000 -2.1616
        vertex 10.8750 7.2000 -2.1616
    endloop
endfacet
facet normal 44.4110 10.0000 -11.2250
    outer loop
        vertex 10.8750 7.2000 -2.1616
        vertex 11.5512 7.2000 -0.1667
        vertex 11.1838 5.8000 -1.2505
    endloop
endfacet
facet normal 39.1047 10.0000 -9.4262
    outer loop
        vertex 11.5512 0.8000 -0.1667
        vertex 10.8750 0.8000 -2.1616
        vertex 10.8750 1.7744 -2.1616
    endloop
endfacet
facet normal 35.0644 10.0000 -8.0566
    outer loop
        vertex 10.8750 1.7744 -2.1616
        vertex 11.3263 1.7744 -0.8301
        vertex 11.5512 0.8000 -0.1667
    endloop
endfacet
facet normal 38.7785 10.0000 -9.3156
    outer loop
        vertex 11.5512 0.8000 -0.1667
        vertex 11.3263 1.7744 -0.8301
        vertex 11.3263 4.6256 -0.8301
    endloop
endfacet
facet normal 40.0841 10.0000 -9.7582
    outer loop
        vertex 11.3263 4.6256 -0.8301
        vertex 11.5512 3.9661 -0.1667
        vertex 11.5512 0.8000 -0.1667
    endloop
endfacet
facet normal 30.0930 10.0000 -6.3714
    outer loop
        vertex 11.1838 5.8000 -1.2505
        vertex 11.5512 3.9661 -0.1667
        vertex 11.3263 4.6256 -0.8301
    endloop
endfacet
facet normal 36.7286 10.0000 -8.6208
    outer loop
        vertex 11.1838 5.8000 -1.2505
        vertex 11.3263 4.6256 -0.8301
        vertex 10.8750 4.6256 -2.1616
    endloop
endfacet
facet normal 33.6433 10.0000 -7.5749
    outer loop
        vertex 10.8750 4.6256 -2.1616
        vertex 10.8750 5.8000 -2.1616
        vertex 11.1838 5.8000 -1.2505
    endloop
endfacet
facet normal 38.1122 10.0000 -9.0898
    outer loop
        vertex 11.3263 4.6256 -0.8301
        vertex 11.3263 1.7744 -0.8301
        vertex 11.1141 2.4418 -1.4562
    endloop
endfacet
facet normal 37.8749 10.0000 -9.0093
    outer loop
        vertex 11.1141 2.4418 -1.4562
        vertex 10.9661 3.7090 -1.8929
        vertex 11.3263 4.6256 -0.8301
    endloop
endfacet
facet normal 28.4951 10.0000 -5.8297
    outer loop
        vertex 11.3263 4.6256 -0.8301
        vertex 10.9661 3.7090 -1.8929
        vertex 10.8750 3.7090 -2.1616
    endloop
endfacet
facet normal 34.5834 10.0000 -7.8936
    outer loop
        vertex 10.8750 3.7090 -2.1616
        vertex 10.8750 4.6256 -2.1616
        vertex 11.3263 4.6256 -0.8301
    endloop
endfacet
facet normal 28.9584 10.0000 -5.9868
    outer loop
        vertex 10.8750 1.7744 -2.1616
        vertex 10.9514 2.4418 -1.9362
        vertex 11.1141 2.4418 -1.4562
    endloop
endfacet
facet normal 32.5097 10.0000 -7.1906
    outer loop
        vertex 11.1141 2.4418 -1.4562
        vertex 11.3263 1.7744 -0.8301
        vertex 10.8750 1.7744 -2.1616
    endloop
endfacet
facet normal 28.8165 10.0000 -5.9387
    outer loop
        vertex 10.8750 1.7744 -2.1616
        vertex 10.8750 3.0955 -2.1616
        vertex 10.9514 2.4418 -1.9362
    endloop
endfacet
facet normal 30.7580 10.0000 -6.5968
    outer loop
        vertex 10.9661 3.7090 -1.8929
        vertex 11.1141 2.4418 -1.4562
        vertex 10.9514 2.4418 -1.9362
    endloop
endfacet
facet normal 28.9176 10.0000 -5.9730
    outer loop
        vertex 10.9514 2.4418 -1.9362
        vertex 10.8750 3.0955 -2.1616
        vertex 10.9661 3.7090 -1.8929
    endloop
endfacet
facet normal 27.9862 10.0000 -5.6572
    outer loop
        vertex 10.9661 3.7090 -1.8929
        vertex 10.8750 3.0955 -2.1616
        vertex 10.8750 3.7090 -2.1616
    endloop
endfacet
facet normal 43.4807 10.0000 -13.4647
    outer loop
        vertex 10.8750 5.8000 -2.1615
        vertex 9.9428 5.8000 -4.0501
        vertex 9.9428 7.2000 -4.0501
    endloop
endfacet
facet normal 43.4807 10.0000 -13.4647
    outer loop
        vertex 9.9428 7.2000 -4.0501
        vertex 10.8750 7.2000 -2.1615
        vertex 10.8750 5.8000 -2.1615
    endloop
endfacet
facet normal 38.4572 10.0000 -10.9851
    outer loop
        vertex 10.8750 0.8000 -2.1615
        vertex 9.9428 0.8000 -4.0501
        vertex 9.9428 1.7744 -4.0501
    endloop
endfacet
facet normal 38.4572 10.0000 -10.9851
    outer loop
        vertex 9.9428 1.7744 -4.0501
        vertex 10.8750 1.7744 -2.1615
        vertex 10.8750 0.8000 -2.1615
    endloop
endfacet
facet normal 40.8179 10.0000 -12.1503
    outer loop
        vertex 10.8750 5.8000 -2.1615
        vertex 10.8750 4.6256 -2.1615
        vertex 9.9428 4.6256 -4.0501
    endloop
endfacet
facet normal 40.8179 10.0000 -12.1503
    outer loop
        vertex 9.9428 4.6256 -4.0501
        vertex 9.9428 5.8000 -4.0501
        vertex 10.8750 5.8000 -2.1615
    endloop
endfacet
facet normal 27.0011 10.0000 -5.3302
    outer loop
        vertex 10.8750 1.7744 -2.1615
        vertex 10.8537 2.6092 -2.2047
        vertex 10.8560 2.6882 -2.2001
    endloop
endfacet
facet normal 27.2744 10.0000 -5.4651
    outer loop
        vertex 10.8560 2.6882 -2.2001
        vertex 10.8750 3.0955 -2.1615
        vertex 10.8750 1.7744 -2.1615
    endloop
endfacet
facet normal 27.0934 10.0000 -5.3758
    outer loop
        vertex 10.8750 1.7744 -2.1615
        vertex 10.8426 2.5341 -2.2271
        vertex 10.8537 2.6092 -2.2047
    endloop
endfacet
facet normal 27.1884 10.0000 -5.4227
    outer loop
        vertex 10.8750 1.7744 -2.1615
        vertex 10.8211 2.4716 -2.2707
        vertex 10.8426 2.5341 -2.2271
    endloop
endfacet
facet normal 27.2630 10.0000 -5.4595
    outer loop
        vertex 10.8750 1.7744 -2.1615
        vertex 10.7887 2.4418 -2.3364
        vertex 10.8211 2.4716 -2.2707
    endloop
endfacet
facet normal 29.6682 10.0000 -6.6468
    outer loop
        vertex 10.8750 1.7744 -2.1615
        vertex 10.4677 2.4418 -2.9867
        vertex 10.7887 2.4418 -2.3364
    endloop
endfacet
facet normal 34.8336 10.0000 -9.1964
    outer loop
        vertex 10.8750 1.7744 -2.1615
        vertex 9.9428 1.7744 -4.0501
        vertex 10.3119 2.4418 -3.3023
    endloop
endfacet
facet normal 28.2726 10.0000 -5.9579
    outer loop
        vertex 10.3119 2.4418 -3.3023
        vertex 10.4677 2.4418 -2.9867
        vertex 10.8750 1.7744 -2.1615
    endloop
endfacet
facet normal 27.1759 10.0000 -5.4166
    outer loop
        vertex 10.8750 3.0955 -2.1615
        vertex 10.8560 2.6882 -2.2001
        vertex 10.8419 3.3007 -2.2285
    endloop
endfacet
facet normal 29.9470 10.0000 -6.7844
    outer loop
        vertex 10.8750 4.6256 -2.1615
        vertex 10.8750 3.7090 -2.1615
        vertex 10.6173 3.7090 -2.6836
    endloop
endfacet
facet normal 28.4026 10.0000 -6.0220
    outer loop
        vertex 10.8750 4.6256 -2.1615
        vertex 10.6173 3.7090 -2.6836
        vertex 10.4926 3.7090 -2.9362
    endloop
endfacet
facet normal 29.6141 10.0000 -6.6201
    outer loop
        vertex 10.8750 4.6256 -2.1615
        vertex 10.4926 3.7090 -2.9362
        vertex 10.2636 3.7090 -3.4002
    endloop
endfacet
facet normal 28.7642 10.0000 -6.2006
    outer loop
        vertex 10.8750 4.6256 -2.1615
        vertex 10.2636 3.7090 -3.4002
        vertex 10.1078 3.7090 -3.7158
    endloop
endfacet
facet normal 31.1290 10.0000 -7.3678
    outer loop
        vertex 10.1078 3.7090 -3.7158
        vertex 10.0487 4.0680 -3.8355
        vertex 10.8750 4.6256 -2.1615
    endloop
endfacet
facet normal 28.9962 10.0000 -6.3151
    outer loop
        vertex 10.8750 4.6256 -2.1615
        vertex 10.0487 4.0680 -3.8355
        vertex 10.0206 4.2440 -3.8926
    endloop
endfacet
facet normal 27.3317 10.0000 -5.4935
    outer loop
        vertex 10.8750 4.6256 -2.1615
        vertex 10.0206 4.2440 -3.8926
        vertex 9.9428 4.2440 -4.0501
    endloop
endfacet
facet normal 31.4602 10.0000 -7.5313
    outer loop
        vertex 9.9428 4.2440 -4.0501
        vertex 9.9428 4.6256 -4.0501
        vertex 10.8750 4.6256 -2.1615
    endloop
endfacet
facet normal 28.4004 10.0000 -6.0210
    outer loop
        vertex 10.6400 2.7938 -2.6376
        vertex 10.4926 3.7090 -2.9362
        vertex 10.6173 3.7090 -2.6836
    endloop
endfacet
facet normal 29.4559 10.0000 -6.5420
    outer loop
        vertex 10.1078 3.7090 -3.7158
        vertex 10.2636 3.7090 -3.4002
        vertex 10.4677 2.4418 -2.9867
    endloop
endfacet
facet normal 29.4559 10.0000 -6.5420
    outer loop
        vertex 10.4677 2.4418 -2.9867
        vertex 10.3119 2.4418 -3.3023
        vertex 10.1078 3.7090 -3.7158
    endloop
endfacet
facet normal 27.7061 10.0000 -5.6782
    outer loop
        vertex 10.1078 3.7090 -3.7158
        vertex 9.9428 3.7090 -4.0501
        vertex 9.9428 4.0680 -4.0501
    endloop
endfacet
facet normal 27.4375 10.0000 -5.5457
    outer loop
        vertex 9.9428 4.0680 -4.0501
        vertex 10.0487 4.0680 -3.8355
        vertex 10.1078 3.7090 -3.7158
    endloop
endfacet
facet normal 29.2733 10.0000 -6.4518
    outer loop
        vertex 9.9428 1.7744 -4.0501
        vertex 10.0377 2.4418 -3.8578
        vertex 10.3119 2.4418 -3.3023
    endloop
endfacet
facet normal 28.4658 10.0000 -6.0533
    outer loop
        vertex 9.9428 1.7744 -4.0501
        vertex 9.9428 3.0309 -4.0501
        vertex 10.0377 2.4418 -3.8578
    endloop
endfacet
facet normal 27.1921 10.0000 -5.4245
    outer loop
        vertex 10.0487 4.0680 -3.8355
        vertex 9.9428 4.0680 -4.0501
        vertex 9.9428 4.2440 -4.0501
    endloop
endfacet
facet normal 27.1293 10.0000 -5.3935
    outer loop
        vertex 9.9428 4.2440 -4.0501
        vertex 10.0206 4.2440 -3.8926
        vertex 10.0487 4.0680 -3.8355
    endloop
endfacet
facet normal 27.2128 10.0000 -5.4347
    outer loop
        vertex 10.8750 3.7090 -2.1615
        vertex 10.8750 3.0955 -2.1615
        vertex 10.8419 3.3007 -2.2285
    endloop
endfacet
facet normal 28.2884 10.0000 -5.9657
    outer loop
        vertex 10.8750 3.7090 -2.1615
        vertex 10.8419 3.3007 -2.2285
        vertex 10.6173 3.7090 -2.6836
    endloop
endfacet
facet normal 29.4418 10.0000 -6.5350
    outer loop
        vertex 10.6400 2.7938 -2.6376
        vertex 10.6173 3.7090 -2.6836
        vertex 10.8419 3.3007 -2.2285
    endloop
endfacet
facet normal 28.6119 10.0000 -6.1254
    outer loop
        vertex 10.8419 3.3007 -2.2285
        vertex 10.8560 2.6882 -2.2001
        vertex 10.6400 2.7938 -2.6376
    endloop
endfacet
facet normal 27.1750 10.0000 -5.4161
    outer loop
        vertex 10.6400 2.7938 -2.6376
        vertex 10.8560 2.6882 -2.2001
        vertex 10.8537 2.6092 -2.2047
    endloop
endfacet
facet normal 27.1852 10.0000 -5.4211
    outer loop
        vertex 10.8537 2.6092 -2.2047
        vertex 10.8426 2.5341 -2.2271
        vertex 10.6400 2.7938 -2.6376
    endloop
endfacet
facet normal 27.1870 10.0000 -5.4220
    outer loop
        vertex 10.6400 2.7938 -2.6376
        vertex 10.8426 2.5341 -2.2271
        vertex 10.8211 2.4716 -2.2707
    endloop
endfacet
facet normal 27.1568 10.0000 -5.4071
    outer loop
        vertex 10.8211 2.4716 -2.2707
        vertex 10.7887 2.4418 -2.3364
        vertex 10.6400 2.7938 -2.6376
    endloop
endfacet
facet normal 28.3865 10.0000 -6.0141
    outer loop
        vertex 10.6400 2.7938 -2.6376
        vertex 10.7887 2.4418 -2.3364
        vertex 10.4677 2.4418 -2.9867
    endloop
endfacet
facet normal 30.6303 10.0000 -7.1217
    outer loop
        vertex 10.6400 2.7938 -2.6376
        vertex 10.4677 2.4418 -2.9867
        vertex 10.2636 3.7090 -3.4002
    endloop
endfacet
facet normal 29.6100 10.0000 -6.6181
    outer loop
        vertex 10.2636 3.7090 -3.4002
        vertex 10.4926 3.7090 -2.9362
        vertex 10.6400 2.7938 -2.6376
    endloop
endfacet
facet normal 29.0015 10.0000 -6.3177
    outer loop
        vertex 9.9428 3.0309 -4.0501
        vertex 10.3119 2.4418 -3.3023
        vertex 10.0377 2.4418 -3.8578
    endloop
endfacet
facet normal 28.3727 10.0000 -6.0073
    outer loop
        vertex 9.9428 3.0309 -4.0501
        vertex 9.9428 3.7090 -4.0501
        vertex 10.1078 3.7090 -3.7158
    endloop
endfacet
facet normal 31.3560 10.0000 -7.4799
    outer loop
        vertex 10.1078 3.7090 -3.7158
        vertex 10.3119 2.4418 -3.3023
        vertex 9.9428 3.0309 -4.0501
    endloop
endfacet
facet normal 37.0634 10.0000 -24.5797
    outer loop
        vertex 9.9428 5.8000 -4.0501
        vertex 8.7739 5.8000 -5.8018
        vertex 8.7739 7.2000 -5.8018
    endloop
endfacet
facet normal 37.0634 10.0000 -24.5797
    outer loop
        vertex 8.7739 7.2000 -5.8018
        vertex 9.9428 7.2000 -4.0501
        vertex 9.9428 5.8000 -4.0501
    endloop
endfacet
facet normal 32.4039 10.0000 -21.4705
    outer loop
        vertex 9.9428 0.8000 -4.0501
        vertex 8.7739 0.8000 -5.8018
        vertex 8.7739 1.7744 -5.8018
    endloop
endfacet
facet normal 32.4039 10.0000 -21.4705
    outer loop
        vertex 8.7739 1.7744 -5.8018
        vertex 9.9428 1.7744 -4.0501
        vertex 9.9428 0.8000 -4.0501
    endloop
endfacet
facet normal 34.5935 10.0000 -22.9316
    outer loop
        vertex 9.9428 5.8000 -4.0501
        vertex 9.9428 4.6256 -4.0501
        vertex 8.7739 4.6256 -5.8018
    endloop
endfacet
facet normal 34.5935 10.0000 -22.9316
    outer loop
        vertex 8.7739 4.6256 -5.8018
        vertex 8.7739 5.8000 -5.8018
        vertex 9.9428 5.8000 -4.0501
    endloop
endfacet
facet normal 26.4839 10.0000 -17.5202
    outer loop
        vertex 9.9428 1.7744 -4.0501
        vertex 9.4546 3.3007 -4.7818
        vertex 9.7867 3.3007 -4.2840
    endloop
endfacet
facet normal 23.5732 10.0000 -15.5779
    outer loop
        vertex 9.7867 3.3007 -4.2840
        vertex 9.9428 3.0309 -4.0501
        vertex 9.9428 1.7744 -4.0501
    endloop
endfacet
facet normal 23.1834 10.0000 -15.3179
    outer loop
        vertex 9.9428 1.7744 -4.0501
        vertex 9.6281 2.4418 -4.5218
        vertex 9.4546 3.3007 -4.7818
    endloop
endfacet
facet normal 29.0428 10.0000 -19.2277
    outer loop
        vertex 9.9428 1.7744 -4.0501
        vertex 8.7739 1.7744 -5.8018
        vertex 9.2959 2.4418 -5.0195
    endloop
endfacet
facet normal 23.8123 10.0000 -15.7375
    outer loop
        vertex 9.2959 2.4418 -5.0195
        vertex 9.6281 2.4418 -4.5218
        vertex 9.9428 1.7744 -4.0501
    endloop
endfacet
facet normal 25.9138 10.0000 -17.1398
    outer loop
        vertex 9.9428 4.2440 -4.0501
        vertex 8.7739 4.2440 -5.8018
        vertex 8.7739 4.6256 -5.8018
    endloop
endfacet
facet normal 25.9138 10.0000 -17.1398
    outer loop
        vertex 8.7739 4.6256 -5.8018
        vertex 9.9428 4.6256 -4.0501
        vertex 9.9428 4.2440 -4.0501
    endloop
endfacet
facet normal 22.1965 10.0000 -14.6593
    outer loop
        vertex 9.8059 3.7090 -4.2553
        vertex 9.9428 4.0680 -4.0501
        vertex 9.9428 3.7090 -4.0501
    endloop
endfacet
facet normal 22.3814 10.0000 -14.7827
    outer loop
        vertex 9.8059 3.7090 -4.2553
        vertex 9.9428 3.0309 -4.0501
        vertex 9.7867 3.3007 -4.2840
    endloop
endfacet
facet normal 22.1246 10.0000 -14.6113
    outer loop
        vertex 9.7867 3.3007 -4.2840
        vertex 9.7043 3.7090 -4.4076
        vertex 9.8059 3.7090 -4.2553
    endloop
endfacet
facet normal 22.0776 10.0000 -14.5800
    outer loop
        vertex 9.8059 3.7090 -4.2553
        vertex 9.7043 3.7090 -4.4076
        vertex 9.9428 4.0680 -4.0501
    endloop
endfacet
facet normal 22.2650 10.0000 -14.7050
    outer loop
        vertex 9.0576 2.7703 -5.3766
        vertex 9.2959 2.4418 -5.0195
        vertex 9.1240 2.4418 -5.2772
    endloop
endfacet
facet normal 21.9116 10.0000 -14.4692
    outer loop
        vertex 9.0576 2.7703 -5.3766
        vertex 9.0125 2.9111 -5.4442
        vertex 9.2959 2.4418 -5.0195
    endloop
endfacet
facet normal 22.1101 10.0000 -14.6017
    outer loop
        vertex 9.0576 2.7703 -5.3766
        vertex 8.7739 2.7703 -5.8018
        vertex 8.7739 2.9111 -5.8018
    endloop
endfacet
facet normal 22.0507 10.0000 -14.5620
    outer loop
        vertex 8.7739 2.9111 -5.8018
        vertex 9.0125 2.9111 -5.4442
        vertex 9.0576 2.7703 -5.3766
    endloop
endfacet
facet normal 23.9742 10.0000 -15.8455
    outer loop
        vertex 9.0400 3.7090 -5.4031
        vertex 9.2959 2.4418 -5.0195
        vertex 9.0125 2.9111 -5.4442
    endloop
endfacet
facet normal 22.3163 10.0000 -14.7392
    outer loop
        vertex 9.0125 2.9111 -5.4442
        vertex 8.9462 3.2397 -5.5436
        vertex 9.0400 3.7090 -5.4031
    endloop
endfacet
facet normal 21.9116 10.0000 -14.4692
    outer loop
        vertex 9.0400 3.7090 -5.4031
        vertex 8.9462 3.2397 -5.5436
        vertex 8.9344 3.3805 -5.5613
    endloop
endfacet
facet normal 22.2650 10.0000 -14.7050
    outer loop
        vertex 9.0400 3.7090 -5.4031
        vertex 8.9344 3.3805 -5.5613
        vertex 8.8680 3.7090 -5.6608
    endloop
endfacet
facet normal 22.3141 10.0000 -14.7378
    outer loop
        vertex 9.0400 3.7090 -5.4031
        vertex 8.8680 3.7090 -5.6608
        vertex 8.7739 4.0680 -5.8018
    endloop
endfacet
facet normal 25.6664 10.0000 -16.9747
    outer loop
        vertex 9.0400 3.7090 -5.4031
        vertex 8.7739 4.0680 -5.8018
        vertex 9.9428 4.0680 -4.0501
    endloop
endfacet
facet normal 23.9697 10.0000 -15.8425
    outer loop
        vertex 9.9428 4.0680 -4.0501
        vertex 9.7043 3.7090 -4.4076
        vertex 9.0400 3.7090 -5.4031
    endloop
endfacet
facet normal 22.8108 10.0000 -15.0692
    outer loop
        vertex 8.7739 1.7744 -5.8018
        vertex 9.1240 2.4418 -5.2772
        vertex 9.2959 2.4418 -5.0195
    endloop
endfacet
facet normal 23.9243 10.0000 -15.8122
    outer loop
        vertex 8.7739 1.7744 -5.8018
        vertex 8.7739 2.4418 -5.8018
        vertex 9.1240 2.4418 -5.2772
    endloop
endfacet
facet normal 21.9476 10.0000 -14.4932
    outer loop
        vertex 8.7739 3.2397 -5.8018
        vertex 8.7739 3.3805 -5.8018
        vertex 8.9344 3.3805 -5.5613
    endloop
endfacet
facet normal 21.9632 10.0000 -14.5036
    outer loop
        vertex 8.9344 3.3805 -5.5613
        vertex 8.9462 3.2397 -5.5436
        vertex 8.7739 3.2397 -5.8018
    endloop
endfacet
facet normal 22.0525 10.0000 -14.5632
    outer loop
        vertex 8.7739 4.0680 -5.8018
        vertex 8.8680 3.7090 -5.6608
        vertex 8.7739 3.7090 -5.8018
    endloop
endfacet
facet normal 23.6629 10.0000 -15.6378
    outer loop
        vertex 9.9428 4.0680 -4.0501
        vertex 8.7739 4.0680 -5.8018
        vertex 8.7739 4.2440 -5.8018
    endloop
endfacet
facet normal 23.6629 10.0000 -15.6378
    outer loop
        vertex 8.7739 4.2440 -5.8018
        vertex 9.9428 4.2440 -4.0501
        vertex 9.9428 4.0680 -4.0501
    endloop
endfacet
facet normal 22.6057 10.0000 -14.9324
    outer loop
        vertex 9.8059 3.7090 -4.2553
        vertex 9.9428 3.7090 -4.0501
        vertex 9.9428 3.0309 -4.0501
    endloop
endfacet
facet normal 24.2766 10.0000 -16.0473
    outer loop
        vertex 9.4546 3.3007 -4.7818
        vertex 9.0400 3.7090 -5.4031
        vertex 9.7043 3.7090 -4.4076
    endloop
endfacet
facet normal 23.0062 10.0000 -15.1996
    outer loop
        vertex 9.7043 3.7090 -4.4076
        vertex 9.7867 3.3007 -4.2840
        vertex 9.4546 3.3007 -4.7818
    endloop
endfacet
facet normal 24.4080 10.0000 -16.1350
    outer loop
        vertex 9.4546 3.3007 -4.7818
        vertex 9.6281 2.4418 -4.5218
        vertex 9.2959 2.4418 -5.0195
    endloop
endfacet
facet normal 25.6781 10.0000 -16.9825
    outer loop
        vertex 9.2959 2.4418 -5.0195
        vertex 9.0400 3.7090 -5.4031
        vertex 9.4546 3.3007 -4.7818
    endloop
endfacet
facet normal 22.6090 10.0000 -14.9345
    outer loop
        vertex 8.7739 2.4418 -5.8018
        vertex 8.7739 2.7703 -5.8018
        vertex 9.0576 2.7703 -5.3766
    endloop
endfacet
facet normal 22.8132 10.0000 -15.0708
    outer loop
        vertex 9.0576 2.7703 -5.3766
        vertex 9.1240 2.4418 -5.2772
        vertex 8.7739 2.4418 -5.8018
    endloop
endfacet
facet normal 22.2661 10.0000 -14.7057
    outer loop
        vertex 8.7739 2.9111 -5.8018
        vertex 8.7739 3.2397 -5.8018
        vertex 8.9462 3.2397 -5.5436
    endloop
endfacet
facet normal 22.4704 10.0000 -14.8420
    outer loop
        vertex 8.9462 3.2397 -5.5436
        vertex 9.0125 2.9111 -5.4442
        vertex 8.7739 2.9111 -5.8018
    endloop
endfacet
facet normal 22.0256 10.0000 -14.5452
    outer loop
        vertex 8.7739 3.3805 -5.8018
        vertex 8.7739 3.7090 -5.8018
        vertex 8.8680 3.7090 -5.6608
    endloop
endfacet
facet normal 22.2297 10.0000 -14.6815
    outer loop
        vertex 8.8680 3.7090 -5.6608
        vertex 8.9344 3.3805 -5.5613
        vertex 8.7739 3.3805 -5.8018
    endloop
endfacet
facet normal 35.5843 10.0000 -26.5098
    outer loop
        vertex 8.7739 5.8000 -5.8018
        vertex 7.3844 5.8000 -7.3845
        vertex 7.3844 7.2000 -7.3845
    endloop
endfacet
facet normal 35.5843 10.0000 -26.5098
    outer loop
        vertex 7.3844 7.2000 -7.3845
        vertex 8.7739 7.2000 -5.8018
        vertex 8.7739 5.8000 -5.8018
    endloop
endfacet
facet normal 31.3744 10.0000 -22.8138
    outer loop
        vertex 8.7739 0.8000 -5.8018
        vertex 7.3844 0.8000 -7.3845
        vertex 7.3844 1.7744 -7.3845
    endloop
endfacet
facet normal 31.3744 10.0000 -22.8138
    outer loop
        vertex 7.3844 1.7744 -7.3845
        vertex 8.7739 1.7744 -5.8018
        vertex 8.7739 0.8000 -5.8018
    endloop
endfacet
facet normal 33.3527 10.0000 -24.5506
    outer loop
        vertex 8.7739 5.8000 -5.8018
        vertex 8.7739 4.6256 -5.8018
        vertex 7.3844 4.6256 -7.3845
    endloop
endfacet
facet normal 33.3527 10.0000 -24.5506
    outer loop
        vertex 7.3844 4.6256 -7.3845
        vertex 7.3844 5.8000 -7.3845
        vertex 8.7739 5.8000 -5.8018
    endloop
endfacet
facet normal 23.7313 10.0000 -16.1037
    outer loop
        vertex 8.7739 1.7744 -5.8018
        vertex 8.3540 2.4418 -6.2802
        vertex 8.7739 2.4418 -5.8018
    endloop
endfacet
facet normal 22.8835 10.0000 -15.3594
    outer loop
        vertex 8.7739 1.7744 -5.8018
        vertex 8.1124 2.4418 -6.5553
        vertex 8.3540 2.4418 -6.2802
    endloop
endfacet
facet normal 28.3377 10.0000 -20.1478
    outer loop
        vertex 8.7739 1.7744 -5.8018
        vertex 7.3844 1.7744 -7.3845
        vertex 7.7316 2.4418 -6.9891
    endloop
endfacet
facet normal 23.5456 10.0000 -15.9407
    outer loop
        vertex 7.7316 2.4418 -6.9891
        vertex 8.1124 2.4418 -6.5553
        vertex 8.7739 1.7744 -5.8018
    endloop
endfacet
facet normal 21.8636 10.0000 -14.4640
    outer loop
        vertex 8.7739 2.7703 -5.8018
        vertex 8.6467 2.7703 -5.9468
        vertex 8.6128 2.9111 -5.9853
    endloop
endfacet
facet normal 21.8974 10.0000 -14.4937
    outer loop
        vertex 8.6128 2.9111 -5.9853
        vertex 8.7739 2.9111 -5.8018
        vertex 8.7739 2.7703 -5.8018
    endloop
endfacet
facet normal 21.9765 10.0000 -14.5631
    outer loop
        vertex 8.7739 3.2397 -5.8018
        vertex 8.5340 3.2397 -6.0751
        vertex 8.5002 3.3805 -6.1136
    endloop
endfacet
facet normal 22.0104 10.0000 -14.5929
    outer loop
        vertex 8.5002 3.3805 -6.1136
        vertex 8.7739 3.3805 -5.8018
        vertex 8.7739 3.2397 -5.8018
    endloop
endfacet
facet normal 25.5106 10.0000 -17.6659
    outer loop
        vertex 8.7739 4.2440 -5.8018
        vertex 7.3844 4.2440 -7.3845
        vertex 7.3844 4.6256 -7.3845
    endloop
endfacet
facet normal 25.5106 10.0000 -17.6659
    outer loop
        vertex 7.3844 4.6256 -7.3845
        vertex 8.7739 4.6256 -5.8018
        vertex 8.7739 4.2440 -5.8018
    endloop
endfacet
facet normal 23.5868 10.0000 -15.9768
    outer loop
        vertex 8.0497 3.7090 -6.6267
        vertex 8.7739 4.0680 -5.8018
        vertex 8.7739 3.7090 -5.8018
    endloop
endfacet
facet normal 23.9148 10.0000 -16.2648
    outer loop
        vertex 8.0497 3.7090 -6.6267
        vertex 8.3540 2.4418 -6.2802
        vertex 8.1124 2.4418 -6.5553
    endloop
endfacet
facet normal 23.9148 10.0000 -16.2648
    outer loop
        vertex 8.1124 2.4418 -6.5553
        vertex 7.8082 3.7090 -6.9018
        vertex 8.0497 3.7090 -6.6267
    endloop
endfacet
facet normal 22.3533 10.0000 -14.8939
    outer loop
        vertex 8.0497 3.7090 -6.6267
        vertex 7.8082 3.7090 -6.9018
        vertex 8.7739 4.0680 -5.8018
    endloop
endfacet
facet normal 22.3715 10.0000 -14.9099
    outer loop
        vertex 7.5365 2.4418 -7.2113
        vertex 7.4266 2.8994 -7.3364
        vertex 7.6217 2.8994 -7.1142
    endloop
endfacet
facet normal 22.3715 10.0000 -14.9099
    outer loop
        vertex 7.6217 2.8994 -7.1142
        vertex 7.7316 2.4418 -6.9891
        vertex 7.5365 2.4418 -7.2113
    endloop
endfacet
facet normal 22.6628 10.0000 -15.1657
    outer loop
        vertex 7.5365 2.4418 -7.2113
        vertex 7.7316 2.4418 -6.9891
        vertex 7.3844 1.7744 -7.3845
    endloop
endfacet
facet normal 22.4585 10.0000 -14.9863
    outer loop
        vertex 7.5365 2.4418 -7.2113
        vertex 7.3844 1.7744 -7.3845
        vertex 7.3844 2.4418 -7.3845
    endloop
endfacet
facet normal 25.2871 10.0000 -17.4696
    outer loop
        vertex 7.4274 3.7090 -7.3356
        vertex 7.3844 4.0680 -7.3845
        vertex 8.7739 4.0680 -5.8018
    endloop
endfacet
facet normal 22.7094 10.0000 -15.2066
    outer loop
        vertex 8.7739 4.0680 -5.8018
        vertex 7.8082 3.7090 -6.9018
        vertex 7.4274 3.7090 -7.3356
    endloop
endfacet
facet normal 22.1699 10.0000 -14.7330
    outer loop
        vertex 7.4274 3.7090 -7.3356
        vertex 7.5287 3.2866 -7.2201
        vertex 7.3844 3.2866 -7.3845
    endloop
endfacet
facet normal 21.9747 10.0000 -14.5616
    outer loop
        vertex 7.4274 3.7090 -7.3356
        vertex 7.3844 3.2866 -7.3845
        vertex 7.3844 4.0680 -7.3845
    endloop
endfacet
facet normal 23.4769 10.0000 -15.8804
    outer loop
        vertex 8.7739 4.0680 -5.8018
        vertex 7.3844 4.0680 -7.3845
        vertex 7.3844 4.2440 -7.3845
    endloop
endfacet
facet normal 23.4769 10.0000 -15.8804
    outer loop
        vertex 7.3844 4.2440 -7.3845
        vertex 8.7739 4.2440 -5.8018
        vertex 8.7739 4.0680 -5.8018
    endloop
endfacet
facet normal 22.1127 10.0000 -14.6827
    outer loop
        vertex 8.7739 2.9111 -5.8018
        vertex 8.6128 2.9111 -5.9853
        vertex 8.5340 3.2397 -6.0751
    endloop
endfacet
facet normal 22.2972 10.0000 -14.8447
    outer loop
        vertex 8.5340 3.2397 -6.0751
        vertex 8.7739 3.2397 -5.8018
        vertex 8.7739 2.9111 -5.8018
    endloop
endfacet
facet normal 22.0336 10.0000 -14.6133
    outer loop
        vertex 8.3540 2.4418 -6.2802
        vertex 8.6467 2.7703 -5.9468
        vertex 8.7739 2.7703 -5.8018
    endloop
endfacet
facet normal 22.7181 10.0000 -15.2142
    outer loop
        vertex 8.7739 2.7703 -5.8018
        vertex 8.7739 2.4418 -5.8018
        vertex 8.3540 2.4418 -6.2802
    endloop
endfacet
facet normal 22.1084 10.0000 -14.6790
    outer loop
        vertex 8.3540 2.4418 -6.2802
        vertex 8.6128 2.9111 -5.9853
        vertex 8.6467 2.7703 -5.9468
    endloop
endfacet
facet normal 25.0879 10.0000 -17.2947
    outer loop
        vertex 8.3540 2.4418 -6.2802
        vertex 8.0497 3.7090 -6.6267
        vertex 8.5340 3.2397 -6.0751
    endloop
endfacet
facet normal 22.6051 10.0000 -15.1150
    outer loop
        vertex 8.5340 3.2397 -6.0751
        vertex 8.6128 2.9111 -5.9853
        vertex 8.3540 2.4418 -6.2802
    endloop
endfacet
facet normal 23.4296 10.0000 -15.8389
    outer loop
        vertex 8.0497 3.7090 -6.6267
        vertex 8.7739 3.7090 -5.8018
        vertex 8.7739 3.3805 -5.8018
    endloop
endfacet
facet normal 22.3762 10.0000 -14.9141
    outer loop
        vertex 8.7739 3.3805 -5.8018
        vertex 8.5002 3.3805 -6.1136
        vertex 8.0497 3.7090 -6.6267
    endloop
endfacet
facet normal 22.1084 10.0000 -14.6790
    outer loop
        vertex 8.0497 3.7090 -6.6267
        vertex 8.5002 3.3805 -6.1136
        vertex 8.5340 3.2397 -6.0751
    endloop
endfacet
facet normal 25.1718 10.0000 -17.3684
    outer loop
        vertex 7.8082 3.7090 -6.9018
        vertex 8.1124 2.4418 -6.5553
        vertex 7.7316 2.4418 -6.9891
    endloop
endfacet
facet normal 22.9767 10.0000 -15.4413
    outer loop
        vertex 7.7316 2.4418 -6.9891
        vertex 7.6217 2.8994 -7.1142
        vertex 7.8082 3.7090 -6.9018
    endloop
endfacet
facet normal 22.8603 10.0000 -15.3391
    outer loop
        vertex 7.8082 3.7090 -6.9018
        vertex 7.6217 2.8994 -7.1142
        vertex 7.4266 2.8994 -7.3364
    endloop
endfacet
facet normal 22.1993 10.0000 -14.7588
    outer loop
        vertex 7.4266 2.8994 -7.3364
        vertex 7.5287 3.2866 -7.2201
        vertex 7.8082 3.7090 -6.9018
    endloop
endfacet
facet normal 22.8813 10.0000 -15.3575
    outer loop
        vertex 7.8082 3.7090 -6.9018
        vertex 7.5287 3.2866 -7.2201
        vertex 7.4274 3.7090 -7.3356
    endloop
endfacet
facet normal 22.2314 10.0000 -14.7869
    outer loop
        vertex 7.4266 2.8994 -7.3364
        vertex 7.5365 2.4418 -7.2113
        vertex 7.3844 2.4418 -7.3845
    endloop
endfacet
facet normal 21.9898 10.0000 -14.5748
    outer loop
        vertex 7.4266 2.8994 -7.3364
        vertex 7.3844 2.4418 -7.3845
        vertex 7.3844 3.2866 -7.3845
    endloop
endfacet
facet normal 22.1338 10.0000 -14.7012
    outer loop
        vertex 7.4266 2.8994 -7.3364
        vertex 7.3844 3.2866 -7.3845
        vertex 7.5287 3.2866 -7.2201
    endloop
endfacet
facet normal 26.5098 10.0000 -35.5843
    outer loop
        vertex 7.3845 5.8000 -7.3844
        vertex 5.8018 5.8000 -8.7739
        vertex 5.8018 7.2000 -8.7739
    endloop
endfacet
facet normal 26.5098 10.0000 -35.5843
    outer loop
        vertex 5.8018 7.2000 -8.7739
        vertex 7.3845 7.2000 -7.3844
        vertex 7.3845 5.8000 -7.3844
    endloop
endfacet
facet normal 22.8138 10.0000 -31.3744
    outer loop
        vertex 7.3845 0.8000 -7.3844
        vertex 5.8018 0.8000 -8.7739
        vertex 5.8018 1.7744 -8.7739
    endloop
endfacet
facet normal 22.8138 10.0000 -31.3744
    outer loop
        vertex 5.8018 1.7744 -8.7739
        vertex 7.3845 1.7744 -7.3844
        vertex 7.3845 0.8000 -7.3844
    endloop
endfacet
facet normal 24.5506 10.0000 -33.3527
    outer loop
        vertex 7.3845 5.8000 -7.3844
        vertex 7.3845 4.6256 -7.3844
        vertex 5.8018 4.6256 -8.7739
    endloop
endfacet
facet normal 24.5506 10.0000 -33.3527
    outer loop
        vertex 5.8018 4.6256 -8.7739
        vertex 5.8018 5.8000 -8.7739
        vertex 7.3845 5.8000 -7.3844
    endloop
endfacet
facet normal 14.6000 10.0000 -22.0184
    outer loop
        vertex 7.3845 4.0680 -7.3844
        vertex 7.3845 3.2866 -7.3844
        vertex 7.3266 3.2866 -7.4352
    endloop
endfacet
facet normal 14.9812 10.0000 -22.4527
    outer loop
        vertex 7.3266 3.2866 -7.4352
        vertex 7.2112 3.7090 -7.5366
        vertex 7.3845 4.0680 -7.3844
    endloop
endfacet
facet normal 15.2066 10.0000 -22.7094
    outer loop
        vertex 7.3845 4.0680 -7.3844
        vertex 7.2112 3.7090 -7.5366
        vertex 6.7773 3.7090 -7.9175
    endloop
endfacet
facet normal 14.7195 10.0000 -22.1546
    outer loop
        vertex 7.3845 4.0680 -7.3844
        vertex 6.7773 3.7090 -7.9175
        vertex 6.5550 3.6879 -8.1126
    endloop
endfacet
facet normal 14.7417 10.0000 -22.1799
    outer loop
        vertex 6.5550 3.6879 -8.1126
        vertex 6.4364 3.7191 -8.2168
        vertex 7.3845 4.0680 -7.3844
    endloop
endfacet
facet normal 14.6797 10.0000 -22.1093
    outer loop
        vertex 7.3845 4.0680 -7.3844
        vertex 6.4364 3.7191 -8.2168
        vertex 6.3163 3.7379 -8.3223
    endloop
endfacet
facet normal 17.2185 10.0000 -25.0010
    outer loop
        vertex 6.3163 3.7379 -8.3223
        vertex 5.8018 4.0680 -8.7739
        vertex 7.3845 4.0680 -7.3844
    endloop
endfacet
facet normal 17.6659 10.0000 -25.5106
    outer loop
        vertex 7.3845 4.2440 -7.3844
        vertex 5.8018 4.2440 -8.7739
        vertex 5.8018 4.6256 -8.7739
    endloop
endfacet
facet normal 17.6659 10.0000 -25.5106
    outer loop
        vertex 5.8018 4.6256 -8.7739
        vertex 7.3845 4.6256 -7.3844
        vertex 7.3845 4.2440 -7.3844
    endloop
endfacet
facet normal 15.3064 10.0000 -22.8231
    outer loop
        vertex 7.1239 2.4418 -7.6132
        vertex 7.3845 2.4418 -7.3844
        vertex 7.3845 1.7744 -7.3844
    endloop
endfacet
facet normal 15.8236 10.0000 -23.4123
    outer loop
        vertex 7.1239 2.4418 -7.6132
        vertex 7.3845 1.7744 -7.3844
        vertex 6.7303 2.4206 -7.9588
    endloop
endfacet
facet normal 14.4249 10.0000 -21.8190
    outer loop
        vertex 6.7303 2.4206 -7.9588
        vertex 6.8900 2.4629 -7.8185
        vertex 7.1239 2.4418 -7.6132
    endloop
endfacet
facet normal 14.9158 10.0000 -22.3782
    outer loop
        vertex 7.1239 2.4418 -7.6132
        vertex 6.8900 2.4629 -7.8185
        vertex 6.7668 2.9135 -7.9267
    endloop
endfacet
facet normal 14.8366 10.0000 -22.2879
    outer loop
        vertex 7.1239 2.4418 -7.6132
        vertex 6.7668 2.9135 -7.9267
        vertex 6.6609 3.3007 -8.0197
    endloop
endfacet
facet normal 15.9377 10.0000 -23.5421
    outer loop
        vertex 6.6609 3.3007 -8.0197
        vertex 6.7773 3.7090 -7.9175
        vertex 7.1239 2.4418 -7.6132
    endloop
endfacet
facet normal 14.8365 10.0000 -22.2879
    outer loop
        vertex 6.6609 3.3007 -8.0197
        vertex 6.5550 3.6879 -8.1126
        vertex 6.7773 3.7090 -7.9175
    endloop
endfacet
facet normal 14.4539 10.0000 -21.8520
    outer loop
        vertex 6.6609 3.3007 -8.0197
        vertex 6.7668 2.9135 -7.9267
        vertex 6.7365 2.8489 -7.9533
    endloop
endfacet
facet normal 14.5467 10.0000 -21.9578
    outer loop
        vertex 6.7365 2.8489 -7.9533
        vertex 6.5777 3.3286 -8.0927
        vertex 6.6609 3.3007 -8.0197
    endloop
endfacet
facet normal 14.5616 10.0000 -21.9748
    outer loop
        vertex 6.4927 3.3447 -8.1673
        vertex 6.5777 3.3286 -8.0927
        vertex 6.7365 2.8489 -7.9533
    endloop
endfacet
facet normal 14.5379 10.0000 -21.9478
    outer loop
        vertex 6.7365 2.8489 -7.9533
        vertex 6.6880 2.8085 -7.9959
        vertex 6.4927 3.3447 -8.1673
    endloop
endfacet
facet normal 14.5366 10.0000 -21.9463
    outer loop
        vertex 6.4927 3.3447 -8.1673
        vertex 6.6880 2.8085 -7.9959
        vertex 6.6332 2.7867 -8.0440
    endloop
endfacet
facet normal 14.6105 10.0000 -22.0304
    outer loop
        vertex 6.6332 2.7867 -8.0440
        vertex 6.4070 3.3500 -8.2426
        vertex 6.4927 3.3447 -8.1673
    endloop
endfacet
facet normal 14.5411 10.0000 -21.9513
    outer loop
        vertex 6.3479 3.3449 -8.2945
        vertex 6.4070 3.3500 -8.2426
        vertex 6.6332 2.7867 -8.0440
    endloop
endfacet
facet normal 14.5373 10.0000 -21.9470
    outer loop
        vertex 6.6332 2.7867 -8.0440
        vertex 6.5763 2.7797 -8.0940
        vertex 6.3479 3.3449 -8.2945
    endloop
endfacet
facet normal 14.6799 10.0000 -22.1095
    outer loop
        vertex 6.3479 3.3449 -8.2945
        vertex 6.5763 2.7797 -8.0940
        vertex 6.4645 2.7947 -8.1921
    endloop
endfacet
facet normal 14.5373 10.0000 -21.9471
    outer loop
        vertex 6.4645 2.7947 -8.1921
        vertex 6.2898 3.3291 -8.3455
        vertex 6.3479 3.3449 -8.2945
    endloop
endfacet
facet normal 14.5412 10.0000 -21.9515
    outer loop
        vertex 6.2347 3.3003 -8.3939
        vertex 6.2898 3.3291 -8.3455
        vertex 6.4645 2.7947 -8.1921
    endloop
endfacet
facet normal 14.5907 10.0000 -22.0079
    outer loop
        vertex 6.4645 2.7947 -8.1921
        vertex 6.3576 2.8407 -8.2860
        vertex 6.2347 3.3003 -8.3939
    endloop
endfacet
facet normal 14.5381 10.0000 -21.9479
    outer loop
        vertex 6.2347 3.3003 -8.3939
        vertex 6.3576 2.8407 -8.2860
        vertex 6.2625 2.9204 -8.3695
    endloop
endfacet
facet normal 14.4584 10.0000 -21.8572
    outer loop
        vertex 6.2625 2.9204 -8.3695
        vertex 6.1871 3.2534 -8.4357
        vertex 6.2347 3.3003 -8.3939
    endloop
endfacet
facet normal 14.4248 10.0000 -21.8189
    outer loop
        vertex 6.1636 3.1810 -8.4562
        vertex 6.1871 3.2534 -8.4357
        vertex 6.2625 2.9204 -8.3695
    endloop
endfacet
facet normal 14.3908 10.0000 -21.7802
    outer loop
        vertex 6.2625 2.9204 -8.3695
        vertex 6.1914 3.0362 -8.4318
        vertex 6.1636 3.1810 -8.4562
    endloop
endfacet
facet normal 14.8571 10.0000 -22.3114
    outer loop
        vertex 5.8018 1.7744 -8.7739
        vertex 6.5678 2.4066 -8.1015
        vertex 6.7303 2.4206 -7.9588
    endloop
endfacet
facet normal 19.9633 10.0000 -28.1276
    outer loop
        vertex 6.7303 2.4206 -7.9588
        vertex 7.3845 1.7744 -7.3844
        vertex 5.8018 1.7744 -8.7739
    endloop
endfacet
facet normal 14.9510 10.0000 -22.4183
    outer loop
        vertex 5.8018 1.7744 -8.7739
        vertex 6.4108 2.4196 -8.2392
        vertex 6.5678 2.4066 -8.1015
    endloop
endfacet
facet normal 15.0304 10.0000 -22.5087
    outer loop
        vertex 5.8018 1.7744 -8.7739
        vertex 6.2564 2.4590 -8.3748
        vertex 6.4108 2.4196 -8.2392
    endloop
endfacet
facet normal 15.0784 10.0000 -22.5634
    outer loop
        vertex 5.8018 1.7744 -8.7739
        vertex 6.1074 2.5258 -8.5056
        vertex 6.2564 2.4590 -8.3748
    endloop
endfacet
facet normal 15.0888 10.0000 -22.5753
    outer loop
        vertex 5.8018 1.7744 -8.7739
        vertex 5.9677 2.6216 -8.6283
        vertex 6.1074 2.5258 -8.5056
    endloop
endfacet
facet normal 15.0493 10.0000 -22.5302
    outer loop
        vertex 5.8018 1.7744 -8.7739
        vertex 5.8424 2.7481 -8.7383
        vertex 5.9677 2.6216 -8.6283
    endloop
endfacet
facet normal 14.5829 10.0000 -21.9990
    outer loop
        vertex 5.8018 1.7744 -8.7739
        vertex 5.8018 2.8107 -8.7739
        vertex 5.8424 2.7481 -8.7383
    endloop
endfacet
facet normal 14.5532 10.0000 -21.9652
    outer loop
        vertex 5.8018 4.0680 -8.7739
        vertex 6.3163 3.7379 -8.3223
        vertex 6.1954 3.7442 -8.4284
    endloop
endfacet
facet normal 14.5812 10.0000 -21.9971
    outer loop
        vertex 5.8018 4.0680 -8.7739
        vertex 6.1954 3.7442 -8.4284
        vertex 6.0787 3.7341 -8.5309
    endloop
endfacet
facet normal 14.6091 10.0000 -22.0288
    outer loop
        vertex 5.8018 4.0680 -8.7739
        vertex 6.0787 3.7341 -8.5309
        vertex 5.9640 3.7031 -8.6315
    endloop
endfacet
facet normal 14.6199 10.0000 -22.0411
    outer loop
        vertex 5.8018 4.0680 -8.7739
        vertex 5.9640 3.7031 -8.6315
        vertex 5.8544 3.6488 -8.7277
    endloop
endfacet
facet normal 14.4856 10.0000 -21.8881
    outer loop
        vertex 5.8018 4.0680 -8.7739
        vertex 5.8544 3.6488 -8.7277
        vertex 5.8018 3.6053 -8.7739
    endloop
endfacet
facet normal 15.8804 10.0000 -23.4769
    outer loop
        vertex 7.3845 4.0680 -7.3844
        vertex 5.8018 4.0680 -8.7739
        vertex 5.8018 4.2440 -8.7739
    endloop
endfacet
facet normal 15.8804 10.0000 -23.4769
    outer loop
        vertex 5.8018 4.2440 -8.7739
        vertex 7.3845 4.2440 -7.3844
        vertex 7.3845 4.0680 -7.3844
    endloop
endfacet
facet normal 14.6201 10.0000 -22.0414
    outer loop
        vertex 7.3266 3.2866 -7.4352
        vertex 7.3845 3.2866 -7.3844
        vertex 7.3845 2.4418 -7.3844
    endloop
endfacet
facet normal 15.5601 10.0000 -23.1120
    outer loop
        vertex 7.3845 2.4418 -7.3844
        vertex 7.1239 2.4418 -7.6132
        vertex 7.3266 3.2866 -7.4352
    endloop
endfacet
facet normal 17.3683 10.0000 -25.1717
    outer loop
        vertex 7.3266 3.2866 -7.4352
        vertex 7.1239 2.4418 -7.6132
        vertex 6.7773 3.7090 -7.9175
    endloop
endfacet
facet normal 15.3575 10.0000 -22.8813
    outer loop
        vertex 6.7773 3.7090 -7.9175
        vertex 7.2112 3.7090 -7.5366
        vertex 7.3266 3.2866 -7.4352
    endloop
endfacet
facet normal 14.4706 10.0000 -21.8710
    outer loop
        vertex 6.7365 2.8489 -7.9533
        vertex 6.7668 2.9135 -7.9267
        vertex 6.8900 2.4629 -7.8185
    endloop
endfacet
facet normal 14.7260 10.0000 -22.1620
    outer loop
        vertex 6.7365 2.8489 -7.9533
        vertex 6.8900 2.4629 -7.8185
        vertex 6.7303 2.4206 -7.9588
    endloop
endfacet
facet normal 14.4646 10.0000 -21.8642
    outer loop
        vertex 6.7303 2.4206 -7.9588
        vertex 6.6880 2.8085 -7.9959
        vertex 6.7365 2.8489 -7.9533
    endloop
endfacet
facet normal 14.4737 10.0000 -21.8746
    outer loop
        vertex 6.6332 2.7867 -8.0440
        vertex 6.6880 2.8085 -7.9959
        vertex 6.7303 2.4206 -7.9588
    endloop
endfacet
facet normal 14.6859 10.0000 -22.1164
    outer loop
        vertex 6.7303 2.4206 -7.9588
        vertex 6.5678 2.4066 -8.1015
        vertex 6.6332 2.7867 -8.0440
    endloop
endfacet
facet normal 14.6840 10.0000 -22.1141
    outer loop
        vertex 6.6332 2.7867 -8.0440
        vertex 6.5678 2.4066 -8.1015
        vertex 6.4108 2.4196 -8.2392
    endloop
endfacet
facet normal 14.4582 10.0000 -21.8569
    outer loop
        vertex 6.4108 2.4196 -8.2392
        vertex 6.5763 2.7797 -8.0940
        vertex 6.6332 2.7867 -8.0440
    endloop
endfacet
facet normal 14.5821 10.0000 -21.9981
    outer loop
        vertex 6.5777 3.3286 -8.0927
        vertex 6.4364 3.7191 -8.2168
        vertex 6.5550 3.6879 -8.1126
    endloop
endfacet
facet normal 14.5126 10.0000 -21.9189
    outer loop
        vertex 6.5550 3.6879 -8.1126
        vertex 6.6609 3.3007 -8.0197
        vertex 6.5777 3.3286 -8.0927
    endloop
endfacet
facet normal 14.5197 10.0000 -21.9271
    outer loop
        vertex 6.5777 3.3286 -8.0927
        vertex 6.4927 3.3447 -8.1673
        vertex 6.3163 3.7379 -8.3223
    endloop
endfacet
facet normal 14.5948 10.0000 -22.0126
    outer loop
        vertex 6.3163 3.7379 -8.3223
        vertex 6.4364 3.7191 -8.2168
        vertex 6.5777 3.3286 -8.0927
    endloop
endfacet
facet normal 14.5865 10.0000 -22.0031
    outer loop
        vertex 6.4645 2.7947 -8.1921
        vertex 6.5763 2.7797 -8.0940
        vertex 6.4108 2.4196 -8.2392
    endloop
endfacet
facet normal 14.6814 10.0000 -22.1112
    outer loop
        vertex 6.4108 2.4196 -8.2392
        vertex 6.2564 2.4590 -8.3748
        vertex 6.4645 2.7947 -8.1921
    endloop
endfacet
facet normal 14.7027 10.0000 -22.1355
    outer loop
        vertex 6.4645 2.7947 -8.1921
        vertex 6.2564 2.4590 -8.3748
        vertex 6.1074 2.5258 -8.5056
    endloop
endfacet
facet normal 14.5998 10.0000 -22.0183
    outer loop
        vertex 6.1074 2.5258 -8.5056
        vertex 6.3576 2.8407 -8.2860
        vertex 6.4645 2.7947 -8.1921
    endloop
endfacet
facet normal 14.6062 10.0000 -22.0255
    outer loop
        vertex 6.4070 3.3500 -8.2426
        vertex 6.1954 3.7442 -8.4284
        vertex 6.3163 3.7379 -8.3223
    endloop
endfacet
facet normal 14.5319 10.0000 -21.9409
    outer loop
        vertex 6.3163 3.7379 -8.3223
        vertex 6.4927 3.3447 -8.1673
        vertex 6.4070 3.3500 -8.2426
    endloop
endfacet
facet normal 14.4858 10.0000 -21.8884
    outer loop
        vertex 6.4070 3.3500 -8.2426
        vertex 6.3479 3.3449 -8.2945
        vertex 6.0787 3.7341 -8.5309
    endloop
endfacet
facet normal 14.6162 10.0000 -22.0370
    outer loop
        vertex 6.0787 3.7341 -8.5309
        vertex 6.1954 3.7442 -8.4284
        vertex 6.4070 3.3500 -8.2426
    endloop
endfacet
facet normal 14.6426 10.0000 -22.0670
    outer loop
        vertex 6.2898 3.3291 -8.3455
        vertex 5.9640 3.7031 -8.6315
        vertex 6.0787 3.7341 -8.5309
    endloop
endfacet
facet normal 14.4993 10.0000 -21.9038
    outer loop
        vertex 6.0787 3.7341 -8.5309
        vertex 6.3479 3.3449 -8.2945
        vertex 6.2898 3.3291 -8.3455
    endloop
endfacet
facet normal 14.5174 10.0000 -21.9244
    outer loop
        vertex 6.2898 3.3291 -8.3455
        vertex 6.2347 3.3003 -8.3939
        vertex 5.8544 3.6488 -8.7277
    endloop
endfacet
facet normal 14.6741 10.0000 -22.1029
    outer loop
        vertex 5.8544 3.6488 -8.7277
        vertex 5.9640 3.7031 -8.6315
        vertex 6.2898 3.3291 -8.3455
    endloop
endfacet
facet normal 14.6256 10.0000 -22.0477
    outer loop
        vertex 6.2625 2.9204 -8.3695
        vertex 6.3576 2.8407 -8.2860
        vertex 6.1074 2.5258 -8.5056
    endloop
endfacet
facet normal 14.7360 10.0000 -22.1734
    outer loop
        vertex 6.1074 2.5258 -8.5056
        vertex 5.9677 2.6216 -8.6283
        vertex 6.2625 2.9204 -8.3695
    endloop
endfacet
facet normal 14.7621 10.0000 -22.2031
    outer loop
        vertex 6.2625 2.9204 -8.3695
        vertex 5.9677 2.6216 -8.6283
        vertex 5.8424 2.7481 -8.7383
    endloop
endfacet
facet normal 14.6861 10.0000 -22.1165
    outer loop
        vertex 5.8424 2.7481 -8.7383
        vertex 6.1914 3.0362 -8.4318
        vertex 6.2625 2.9204 -8.3695
    endloop
endfacet
facet normal 14.5455 10.0000 -21.9564
    outer loop
        vertex 6.1871 3.2534 -8.4357
        vertex 5.8018 3.6053 -8.7739
        vertex 5.8544 3.6488 -8.7277
    endloop
endfacet
facet normal 14.5410 10.0000 -21.9513
    outer loop
        vertex 5.8544 3.6488 -8.7277
        vertex 6.2347 3.3003 -8.3939
        vertex 6.1871 3.2534 -8.4357
    endloop
endfacet
facet normal 14.6733 10.0000 -22.1020
    outer loop
        vertex 6.1636 3.1810 -8.4562
        vertex 6.1914 3.0362 -8.4318
        vertex 5.8424 2.7481 -8.7383
    endloop
endfacet
facet normal 14.5588 10.0000 -21.9715
    outer loop
        vertex 5.8424 2.7481 -8.7383
        vertex 5.8018 2.8107 -8.7739
        vertex 6.1636 3.1810 -8.4562
    endloop
endfacet
facet normal 15.9295 10.0000 -23.5328
    outer loop
        vertex 6.1636 3.1810 -8.4562
        vertex 5.8018 2.8107 -8.7739
        vertex 5.8018 3.6053 -8.7739
    endloop
endfacet
facet normal 14.5502 10.0000 -21.9618
    outer loop
        vertex 5.8018 3.6053 -8.7739
        vertex 6.1871 3.2534 -8.4357
        vertex 6.1636 3.1810 -8.4562
    endloop
endfacet
facet normal 24.5797 10.0000 -37.0634
    outer loop
        vertex 5.8018 5.8000 -8.7739
        vertex 4.0501 5.8000 -9.9428
        vertex 4.0501 7.2000 -9.9428
    endloop
endfacet
facet normal 24.5797 10.0000 -37.0634
    outer loop
        vertex 4.0501 7.2000 -9.9428
        vertex 5.8018 7.2000 -8.7739
        vertex 5.8018 5.8000 -8.7739
    endloop
endfacet
facet normal 21.4705 10.0000 -32.4039
    outer loop
        vertex 5.8018 0.8000 -8.7739
        vertex 4.0501 0.8000 -9.9428
        vertex 4.0501 1.7744 -9.9428
    endloop
endfacet
facet normal 21.4705 10.0000 -32.4039
    outer loop
        vertex 4.0501 1.7744 -9.9428
        vertex 5.8018 1.7744 -8.7739
        vertex 5.8018 0.8000 -8.7739
    endloop
endfacet
facet normal 22.9316 10.0000 -34.5935
    outer loop
        vertex 5.8018 5.8000 -8.7739
        vertex 5.8018 4.6256 -8.7739
        vertex 4.0501 4.6256 -9.9428
    endloop
endfacet
facet normal 22.9316 10.0000 -34.5935
    outer loop
        vertex 4.0501 4.6256 -9.9428
        vertex 4.0501 5.8000 -9.9428
        vertex 5.8018 5.8000 -8.7739
    endloop
endfacet
facet normal 15.1236 10.0000 -22.8923
    outer loop
        vertex 5.8018 4.0680 -8.7739
        vertex 5.2595 3.7090 -9.1358
        vertex 4.7442 3.7090 -9.4797
    endloop
endfacet
facet normal 14.7816 10.0000 -22.3798
    outer loop
        vertex 5.8018 4.0680 -8.7739
        vertex 4.7442 3.7090 -9.4797
        vertex 4.4572 3.7090 -9.6711
    endloop
endfacet
facet normal 16.9747 10.0000 -25.6664
    outer loop
        vertex 4.4572 3.7090 -9.6711
        vertex 4.0501 4.0680 -9.9428
        vertex 5.8018 4.0680 -8.7739
    endloop
endfacet
facet normal 17.1398 10.0000 -25.9138
    outer loop
        vertex 5.8018 4.2440 -8.7739
        vertex 4.0501 4.2440 -9.9428
        vertex 4.0501 4.6256 -9.9428
    endloop
endfacet
facet normal 17.1398 10.0000 -25.9138
    outer loop
        vertex 4.0501 4.6256 -9.9428
        vertex 5.8018 4.6256 -8.7739
        vertex 5.8018 4.2440 -8.7739
    endloop
endfacet
facet normal 15.7864 10.0000 -23.8856
    outer loop
        vertex 5.6431 2.4418 -8.8798
        vertex 5.8018 1.7744 -8.7739
        vertex 5.1277 2.4418 -9.2237
    endloop
endfacet
facet normal 14.5212 10.0000 -21.9896
    outer loop
        vertex 5.6431 2.4418 -8.8798
        vertex 5.7330 2.9065 -8.8198
        vertex 5.8018 2.8107 -8.7739
    endloop
endfacet
facet normal 15.0381 10.0000 -22.7642
    outer loop
        vertex 5.8018 2.8107 -8.7739
        vertex 5.8018 1.7744 -8.7739
        vertex 5.6431 2.4418 -8.8798
    endloop
endfacet
facet normal 14.5716 10.0000 -22.0651
    outer loop
        vertex 5.6431 2.4418 -8.8798
        vertex 5.6560 3.0941 -8.8712
        vertex 5.7330 2.9065 -8.8198
    endloop
endfacet
facet normal 15.6486 10.0000 -23.6790
    outer loop
        vertex 5.6431 2.4418 -8.8798
        vertex 5.2595 3.7090 -9.1358
        vertex 5.6284 3.3007 -8.8896
    endloop
endfacet
facet normal 14.4383 10.0000 -21.8653
    outer loop
        vertex 5.6284 3.3007 -8.8896
        vertex 5.6560 3.0941 -8.8712
        vertex 5.6431 2.4418 -8.8798
    endloop
endfacet
facet normal 14.6429 10.0000 -22.1720
    outer loop
        vertex 5.2595 3.7090 -9.1358
        vertex 5.6641 3.4503 -8.8658
        vertex 5.6284 3.3007 -8.8896
    endloop
endfacet
facet normal 14.6411 10.0000 -22.1693
    outer loop
        vertex 5.2595 3.7090 -9.1358
        vertex 5.7501 3.5666 -8.8084
        vertex 5.6641 3.4503 -8.8658
    endloop
endfacet
facet normal 15.3985 10.0000 -23.3044
    outer loop
        vertex 5.2595 3.7090 -9.1358
        vertex 5.8018 4.0680 -8.7739
        vertex 5.8018 3.6053 -8.7739
    endloop
endfacet
facet normal 14.4618 10.0000 -21.9005
    outer loop
        vertex 5.8018 3.6053 -8.7739
        vertex 5.7501 3.5666 -8.8084
        vertex 5.2595 3.7090 -9.1358
    endloop
endfacet
facet normal 15.8685 10.0000 -24.0086
    outer loop
        vertex 4.4572 3.7090 -9.6711
        vertex 4.7442 3.7090 -9.4797
        vertex 5.1277 2.4418 -9.2237
    endloop
endfacet
facet normal 15.8685 10.0000 -24.0086
    outer loop
        vertex 5.1277 2.4418 -9.2237
        vertex 4.8408 2.4418 -9.4152
        vertex 4.4572 3.7090 -9.6711
    endloop
endfacet
facet normal 14.9615 10.0000 -22.6495
    outer loop
        vertex 4.4572 3.7090 -9.6711
        vertex 4.0501 3.7090 -9.9428
        vertex 4.0501 4.0680 -9.9428
    endloop
endfacet
facet normal 15.1507 10.0000 -22.9329
    outer loop
        vertex 4.0501 1.7744 -9.9428
        vertex 4.8408 2.4418 -9.4152
        vertex 5.1277 2.4418 -9.2237
    endloop
endfacet
facet normal 19.2277 10.0000 -29.0428
    outer loop
        vertex 5.1277 2.4418 -9.2237
        vertex 5.8018 1.7744 -8.7739
        vertex 4.0501 1.7744 -9.9428
    endloop
endfacet
facet normal 16.3487 10.0000 -24.7283
    outer loop
        vertex 4.0501 1.7744 -9.9428
        vertex 4.1234 2.4418 -9.8939
        vertex 4.8408 2.4418 -9.4152
    endloop
endfacet
facet normal 14.5970 10.0000 -22.1031
    outer loop
        vertex 4.0501 1.7744 -9.9428
        vertex 4.0501 2.5754 -9.9428
        vertex 4.1234 2.4418 -9.8939
    endloop
endfacet
facet normal 14.6374 10.0000 -22.1637
    outer loop
        vertex 4.0501 3.1889 -9.9428
        vertex 4.0501 3.5062 -9.9428
        vertex 4.2657 2.7938 -9.7989
    endloop
endfacet
facet normal 15.6378 10.0000 -23.6629
    outer loop
        vertex 5.8018 4.0680 -8.7739
        vertex 4.0501 4.0680 -9.9428
        vertex 4.0501 4.2440 -9.9428
    endloop
endfacet
facet normal 15.6378 10.0000 -23.6629
    outer loop
        vertex 4.0501 4.2440 -9.9428
        vertex 5.8018 4.2440 -8.7739
        vertex 5.8018 4.0680 -8.7739
    endloop
endfacet
facet normal 14.5799 10.0000 -22.0775
    outer loop
        vertex 5.8018 3.6053 -8.7739
        vertex 5.8018 2.8107 -8.7739
        vertex 5.7330 2.9065 -8.8198
    endloop
endfacet
facet normal 14.6302 10.0000 -22.1529
    outer loop
        vertex 5.7330 2.9065 -8.8198
        vertex 5.6560 3.0941 -8.8712
        vertex 5.8018 3.6053 -8.7739
    endloop
endfacet
facet normal 14.5364 10.0000 -22.0124
    outer loop
        vertex 5.8018 3.6053 -8.7739
        vertex 5.6560 3.0941 -8.8712
        vertex 5.6284 3.3007 -8.8896
    endloop
endfacet
facet normal 14.4149 10.0000 -21.8302
    outer loop
        vertex 5.8018 3.6053 -8.7739
        vertex 5.6284 3.3007 -8.8896
        vertex 5.6641 3.4503 -8.8658
    endloop
endfacet
facet normal 14.3633 10.0000 -21.7529
    outer loop
        vertex 5.6641 3.4503 -8.8658
        vertex 5.7501 3.5666 -8.8084
        vertex 5.8018 3.6053 -8.7739
    endloop
endfacet
facet normal 17.0754 10.0000 -25.8174
    outer loop
        vertex 5.6431 2.4418 -8.8798
        vertex 5.1277 2.4418 -9.2237
        vertex 4.7442 3.7090 -9.4797
    endloop
endfacet
facet normal 17.0754 10.0000 -25.8174
    outer loop
        vertex 4.7442 3.7090 -9.4797
        vertex 5.2595 3.7090 -9.1358
        vertex 5.6431 2.4418 -8.8798
    endloop
endfacet
facet normal 14.5343 10.0000 -22.0093
    outer loop
        vertex 4.2657 2.7938 -9.7989
        vertex 4.0501 3.5062 -9.9428
        vertex 4.0501 3.7090 -9.9428
    endloop
endfacet
facet normal 15.9059 10.0000 -24.0647
    outer loop
        vertex 4.0501 3.7090 -9.9428
        vertex 4.4572 3.7090 -9.6711
        vertex 4.2657 2.7938 -9.7989
    endloop
endfacet
facet normal 16.8280 10.0000 -25.4466
    outer loop
        vertex 4.2657 2.7938 -9.7989
        vertex 4.4572 3.7090 -9.6711
        vertex 4.8408 2.4418 -9.4152
    endloop
endfacet
facet normal 15.4051 10.0000 -23.3142
    outer loop
        vertex 4.2657 2.7938 -9.7989
        vertex 4.8408 2.4418 -9.4152
        vertex 4.1234 2.4418 -9.8939
    endloop
endfacet
facet normal 14.5389 10.0000 -22.0162
    outer loop
        vertex 4.2657 2.7938 -9.7989
        vertex 4.1234 2.4418 -9.8939
        vertex 4.0501 2.5754 -9.9428
    endloop
endfacet
facet normal 14.9037 10.0000 -22.5628
    outer loop
        vertex 4.0501 2.5754 -9.9428
        vertex 4.0501 3.1889 -9.9428
        vertex 4.2657 2.7938 -9.7989
    endloop
endfacet
facet normal 13.4647 10.0000 -43.4807
    outer loop
        vertex 4.0501 5.8000 -9.9428
        vertex 2.1615 5.8000 -10.8750
        vertex 2.1615 7.2000 -10.8750
    endloop
endfacet
facet normal 13.4647 10.0000 -43.4807
    outer loop
        vertex 2.1615 7.2000 -10.8750
        vertex 4.0501 7.2000 -9.9428
        vertex 4.0501 5.8000 -9.9428
    endloop
endfacet
facet normal 10.9851 10.0000 -38.4572
    outer loop
        vertex 4.0501 0.8000 -9.9428
        vertex 2.1615 0.8000 -10.8750
        vertex 2.1615 1.7744 -10.8750
    endloop
endfacet
facet normal 10.9851 10.0000 -38.4572
    outer loop
        vertex 2.1615 1.7744 -10.8750
        vertex 4.0501 1.7744 -9.9428
        vertex 4.0501 0.8000 -9.9428
    endloop
endfacet
facet normal 11.6500 10.0000 -39.8043
    outer loop
        vertex 4.0501 5.8000 -9.9428
        vertex 4.0501 4.6256 -9.9428
        vertex 2.2996 4.6256 -10.8068
    endloop
endfacet
facet normal 12.1503 10.0000 -40.8179
    outer loop
        vertex 2.2996 4.6256 -10.8068
        vertex 2.1615 5.8000 -10.8750
        vertex 4.0501 5.8000 -9.9428
    endloop
endfacet
facet normal 5.6433 10.0000 -27.6352
    outer loop
        vertex 2.1615 5.8000 -10.8750
        vertex 2.2996 4.6256 -10.8068
        vertex 2.2071 4.6256 -10.8525
    endloop
endfacet
facet normal 5.5091 10.0000 -27.3634
    outer loop
        vertex 2.1615 5.8000 -10.8750
        vertex 2.2071 4.6256 -10.8525
        vertex 2.1615 4.3689 -10.8750
    endloop
endfacet
facet normal 5.3311 10.0000 -27.0029
    outer loop
        vertex 2.2019 4.4356 -10.8551
        vertex 2.2733 4.3615 -10.8198
        vertex 2.2327 4.2985 -10.8399
    endloop
endfacet
facet normal 5.3201 10.0000 -26.9806
    outer loop
        vertex 2.2327 4.2985 -10.8399
        vertex 2.1821 4.3960 -10.8648
        vertex 2.2019 4.4356 -10.8551
    endloop
endfacet
facet normal 5.3268 10.0000 -26.9940
    outer loop
        vertex 2.2180 4.5694 -10.8471
        vertex 2.3110 4.5542 -10.8012
        vertex 2.3105 4.4889 -10.8015
    endloop
endfacet
facet normal 5.3212 10.0000 -26.9828
    outer loop
        vertex 2.3105 4.4889 -10.8015
        vertex 2.2198 4.5215 -10.8463
        vertex 2.2180 4.5694 -10.8471
    endloop
endfacet
facet normal 5.3290 10.0000 -26.9986
    outer loop
        vertex 2.2998 4.4296 -10.8068
        vertex 2.2733 4.3615 -10.8198
        vertex 2.2019 4.4356 -10.8551
    endloop
endfacet
facet normal 5.3209 10.0000 -26.9822
    outer loop
        vertex 2.2019 4.4356 -10.8551
        vertex 2.2144 4.4777 -10.8489
        vertex 2.2998 4.4296 -10.8068
    endloop
endfacet
facet normal 5.3236 10.0000 -26.9877
    outer loop
        vertex 2.3110 4.5542 -10.8012
        vertex 2.2180 4.5694 -10.8471
        vertex 2.2071 4.6256 -10.8525
    endloop
endfacet
facet normal 5.3284 10.0000 -26.9973
    outer loop
        vertex 2.2071 4.6256 -10.8525
        vertex 2.2996 4.6256 -10.8068
        vertex 2.3110 4.5542 -10.8012
    endloop
endfacet
facet normal 5.3257 10.0000 -26.9918
    outer loop
        vertex 2.2198 4.5215 -10.8463
        vertex 2.3105 4.4889 -10.8015
        vertex 2.2998 4.4296 -10.8068
    endloop
endfacet
facet normal 5.3203 10.0000 -26.9810
    outer loop
        vertex 2.2998 4.4296 -10.8068
        vertex 2.2144 4.4777 -10.8489
        vertex 2.2198 4.5215 -10.8463
    endloop
endfacet
facet normal 5.3149 10.0000 -26.9699
    outer loop
        vertex 2.1821 4.3960 -10.8648
        vertex 2.1773 4.2440 -10.8672
        vertex 2.1615 4.2090 -10.8750
    endloop
endfacet
facet normal 5.3182 10.0000 -26.9766
    outer loop
        vertex 2.1615 4.2090 -10.8750
        vertex 2.1615 4.3689 -10.8750
        vertex 2.1821 4.3960 -10.8648
    endloop
endfacet
facet normal 5.3332 10.0000 -27.0070
    outer loop
        vertex 2.1773 4.2440 -10.8672
        vertex 2.1821 4.3960 -10.8648
        vertex 2.2327 4.2985 -10.8399
    endloop
endfacet
facet normal 5.6086 10.0000 -27.5650
    outer loop
        vertex 4.0501 1.7744 -9.9428
        vertex 3.7597 2.6812 -10.0861
        vertex 3.7251 3.1247 -10.1032
    endloop
endfacet
facet normal 6.1110 10.0000 -28.5829
    outer loop
        vertex 3.7251 3.1247 -10.1032
        vertex 4.0501 2.5754 -9.9428
        vertex 4.0501 1.7744 -9.9428
    endloop
endfacet
facet normal 5.3827 10.0000 -27.1073
    outer loop
        vertex 4.0501 1.7744 -9.9428
        vertex 3.7573 2.6052 -10.0873
        vertex 3.7597 2.6812 -10.0861
    endloop
endfacet
facet normal 5.4251 10.0000 -27.1933
    outer loop
        vertex 4.0501 1.7744 -9.9428
        vertex 3.7372 2.5326 -10.0972
        vertex 3.7573 2.6052 -10.0873
    endloop
endfacet
facet normal 5.4627 10.0000 -27.2694
    outer loop
        vertex 4.0501 1.7744 -9.9428
        vertex 3.6961 2.4720 -10.1175
        vertex 3.7372 2.5326 -10.0972
    endloop
endfacet
facet normal 5.4755 10.0000 -27.2953
    outer loop
        vertex 4.0501 1.7744 -9.9428
        vertex 3.6336 2.4418 -10.1484
        vertex 3.6961 2.4720 -10.1175
    endloop
endfacet
facet normal 9.1964 10.0000 -34.8336
    outer loop
        vertex 4.0501 1.7744 -9.9428
        vertex 2.1615 1.7744 -10.8750
        vertex 2.9707 2.4418 -10.4756
    endloop
endfacet
facet normal 6.6728 10.0000 -29.7209
    outer loop
        vertex 2.9707 2.4418 -10.4756
        vertex 3.6336 2.4418 -10.1484
        vertex 4.0501 1.7744 -9.9428
    endloop
endfacet
facet normal 5.6076 10.0000 -27.5630
    outer loop
        vertex 4.0501 3.5062 -9.9428
        vertex 4.0501 3.1889 -9.9428
        vertex 3.7441 3.7090 -10.0939
    endloop
endfacet
facet normal 5.4581 10.0000 -27.2600
    outer loop
        vertex 3.7441 3.7090 -10.0939
        vertex 3.9839 3.7090 -9.9754
        vertex 4.0501 3.5062 -9.9428
    endloop
endfacet
facet normal 5.3813 10.0000 -27.1044
    outer loop
        vertex 4.0501 4.0680 -9.9428
        vertex 4.0501 3.7090 -9.9428
        vertex 3.9839 3.7090 -9.9754
    endloop
endfacet
facet normal 5.5737 10.0000 -27.4942
    outer loop
        vertex 4.0501 4.0680 -9.9428
        vertex 3.9839 3.7090 -9.9754
        vertex 3.7441 3.7090 -10.0939
    endloop
endfacet
facet normal 5.8114 10.0000 -27.9758
    outer loop
        vertex 4.0501 4.0680 -9.9428
        vertex 3.7441 3.7090 -10.0939
        vertex 3.2895 3.7090 -10.3182
    endloop
endfacet
facet normal 5.5597 10.0000 -27.4659
    outer loop
        vertex 4.0501 4.0680 -9.9428
        vertex 3.2895 3.7090 -10.3182
        vertex 3.0623 3.7090 -10.4304
    endloop
endfacet
facet normal 7.3996 10.0000 -31.1934
    outer loop
        vertex 3.0623 3.7090 -10.4304
        vertex 2.1615 4.0680 -10.8750
        vertex 4.0501 4.0680 -9.9428
    endloop
endfacet
facet normal 5.9497 10.0000 -28.2559
    outer loop
        vertex 3.3609 2.7938 -10.2830
        vertex 3.0623 3.7090 -10.4304
        vertex 3.2895 3.7090 -10.3182
    endloop
endfacet
facet normal 5.8673 10.0000 -28.0892
    outer loop
        vertex 2.1615 4.0680 -10.8750
        vertex 3.0623 3.7090 -10.4304
        vertex 2.5572 3.7090 -10.6797
    endloop
endfacet
facet normal 8.1079 10.0000 -32.6284
    outer loop
        vertex 2.1615 1.7744 -10.8750
        vertex 2.1615 4.0680 -10.8750
        vertex 2.5572 3.7090 -10.6797
    endloop
endfacet
facet normal 9.3228 10.0000 -35.0896
    outer loop
        vertex 2.5572 3.7090 -10.6797
        vertex 2.9707 2.4418 -10.4756
        vertex 2.1615 1.7744 -10.8750
    endloop
endfacet
facet normal 5.6230 10.0000 -27.5942
    outer loop
        vertex 4.0501 4.2440 -9.9428
        vertex 2.1773 4.2440 -10.8672
        vertex 2.2327 4.2985 -10.8399
    endloop
endfacet
facet normal 5.6678 10.0000 -27.6850
    outer loop
        vertex 4.0501 4.2440 -9.9428
        vertex 2.2327 4.2985 -10.8399
        vertex 2.2733 4.3615 -10.8198
    endloop
endfacet
facet normal 5.6910 10.0000 -27.7319
    outer loop
        vertex 4.0501 4.2440 -9.9428
        vertex 2.2733 4.3615 -10.8198
        vertex 2.2998 4.4296 -10.8068
    endloop
endfacet
facet normal 5.6342 10.0000 -27.6169
    outer loop
        vertex 4.0501 4.2440 -9.9428
        vertex 2.2998 4.4296 -10.8068
        vertex 2.3105 4.4889 -10.8015
    endloop
endfacet
facet normal 5.6587 10.0000 -27.6666
    outer loop
        vertex 4.0501 4.2440 -9.9428
        vertex 2.3105 4.4889 -10.8015
        vertex 2.3110 4.5542 -10.8012
    endloop
endfacet
facet normal 5.6938 10.0000 -27.7376
    outer loop
        vertex 2.3110 4.5542 -10.8012
        vertex 2.2996 4.6256 -10.8068
        vertex 4.0501 4.6256 -9.9428
    endloop
endfacet
facet normal 7.3553 10.0000 -31.1036
    outer loop
        vertex 4.0501 4.6256 -9.9428
        vertex 4.0501 4.2440 -9.9428
        vertex 2.3110 4.5542 -10.8012
    endloop
endfacet
facet normal 6.3334 10.0000 -29.0334
    outer loop
        vertex 2.1615 4.0680 -10.8750
        vertex 4.0501 4.2440 -9.9428
        vertex 4.0501 4.0680 -9.9428
    endloop
endfacet
facet normal 5.5100 10.0000 -27.3652
    outer loop
        vertex 2.1615 4.2090 -10.8750
        vertex 2.1773 4.2440 -10.8672
        vertex 4.0501 4.2440 -9.9428
    endloop
endfacet
facet normal 6.1297 10.0000 -28.6207
    outer loop
        vertex 4.0501 4.2440 -9.9428
        vertex 2.1615 4.0680 -10.8750
        vertex 2.1615 4.2090 -10.8750
    endloop
endfacet
facet normal 5.8417 10.0000 -28.0372
    outer loop
        vertex 3.7597 2.6812 -10.0861
        vertex 3.2895 3.7090 -10.3182
        vertex 3.7251 3.1247 -10.1032
    endloop
endfacet
facet normal 5.9801 10.0000 -28.3176
    outer loop
        vertex 4.0501 3.1889 -9.9428
        vertex 3.7251 3.1247 -10.1032
        vertex 3.2895 3.7090 -10.3182
    endloop
endfacet
facet normal 6.0373 10.0000 -28.4335
    outer loop
        vertex 3.2895 3.7090 -10.3182
        vertex 3.7441 3.7090 -10.0939
        vertex 4.0501 3.1889 -9.9428
    endloop
endfacet
facet normal 5.4023 10.0000 -27.1470
    outer loop
        vertex 3.7597 2.6812 -10.0861
        vertex 3.7573 2.6052 -10.0873
        vertex 3.3609 2.7938 -10.2830
    endloop
endfacet
facet normal 6.4092 10.0000 -29.1870
    outer loop
        vertex 3.3609 2.7938 -10.2830
        vertex 3.2895 3.7090 -10.3182
        vertex 3.7597 2.6812 -10.0861
    endloop
endfacet
facet normal 7.2822 10.0000 -30.9556
    outer loop
        vertex 3.3609 2.7938 -10.2830
        vertex 2.9707 2.4418 -10.4756
        vertex 2.5572 3.7090 -10.6797
    endloop
endfacet
facet normal 6.7339 10.0000 -29.8448
    outer loop
        vertex 2.5572 3.7090 -10.6797
        vertex 3.0623 3.7090 -10.4304
        vertex 3.3609 2.7938 -10.2830
    endloop
endfacet
facet normal 6.0278 10.0000 -28.4143
    outer loop
        vertex 3.6336 2.4418 -10.1484
        vertex 2.9707 2.4418 -10.4756
        vertex 3.3609 2.7938 -10.2830
    endloop
endfacet
facet normal 5.4013 10.0000 -27.1449
    outer loop
        vertex 3.3609 2.7938 -10.2830
        vertex 3.6961 2.4720 -10.1175
        vertex 3.6336 2.4418 -10.1484
    endloop
endfacet
facet normal 5.4115 10.0000 -27.1657
    outer loop
        vertex 3.7372 2.5326 -10.0972
        vertex 3.6961 2.4720 -10.1175
        vertex 3.3609 2.7938 -10.2830
    endloop
endfacet
facet normal 5.4085 10.0000 -27.1596
    outer loop
        vertex 3.3609 2.7938 -10.2830
        vertex 3.7573 2.6052 -10.0873
        vertex 3.7372 2.5326 -10.0972
    endloop
endfacet
facet normal 5.3494 10.0000 -27.0398
    outer loop
        vertex 4.0501 3.5062 -9.9428
        vertex 3.9839 3.7090 -9.9754
        vertex 4.0501 3.7090 -9.9428
    endloop
endfacet
facet normal 5.9230 10.0000 -28.2020
    outer loop
        vertex 4.0501 2.5754 -9.9428
        vertex 3.7251 3.1247 -10.1032
        vertex 4.0501 3.1889 -9.9428
    endloop
endfacet
facet normal 5.3107 10.0000 -26.9614
    outer loop
        vertex 2.1615 4.3689 -10.8750
        vertex 2.2144 4.4777 -10.8489
        vertex 2.2019 4.4356 -10.8551
    endloop
endfacet
facet normal 5.3089 10.0000 -26.9577
    outer loop
        vertex 2.2019 4.4356 -10.8551
        vertex 2.1821 4.3960 -10.8648
        vertex 2.1615 4.3689 -10.8750
    endloop
endfacet
facet normal 5.3174 10.0000 -26.9750
    outer loop
        vertex 2.1615 4.3689 -10.8750
        vertex 2.2180 4.5694 -10.8471
        vertex 2.2198 4.5215 -10.8463
    endloop
endfacet
facet normal 5.3133 10.0000 -26.9668
    outer loop
        vertex 2.2198 4.5215 -10.8463
        vertex 2.2144 4.4777 -10.8489
        vertex 2.1615 4.3689 -10.8750
    endloop
endfacet
facet normal 5.3246 10.0000 -26.9896
    outer loop
        vertex 2.1615 4.3689 -10.8750
        vertex 2.2071 4.6256 -10.8525
        vertex 2.2180 4.5694 -10.8471
    endloop
endfacet
facet normal 11.2250 10.0000 -44.4110
    outer loop
        vertex 0.1667 5.8000 -11.5512
        vertex 0.1667 7.2000 -11.5512
        vertex 2.1616 7.2000 -10.8750
    endloop
endfacet
facet normal 11.2250 10.0000 -44.4110
    outer loop
        vertex 2.1616 7.2000 -10.8750
        vertex 2.1616 5.8000 -10.8750
        vertex 0.1667 5.8000 -11.5512
    endloop
endfacet
facet normal 5.3264 10.0000 -27.0102
    outer loop
        vertex 2.1616 5.8000 -10.8750
        vertex 2.1616 4.3689 -10.8750
        vertex 2.1555 4.3613 -10.8770
    endloop
endfacet
facet normal 5.4159 10.0000 -27.2744
    outer loop
        vertex 2.1555 4.3613 -10.8770
        vertex 2.1200 4.3307 -10.8891
        vertex 2.1616 5.8000 -10.8750
    endloop
endfacet
facet normal 5.4502 10.0000 -27.3754
    outer loop
        vertex 2.1616 5.8000 -10.8750
        vertex 2.1200 4.3307 -10.8891
        vertex 2.0735 4.3036 -10.9048
    endloop
endfacet
facet normal 5.4088 10.0000 -27.2533
    outer loop
        vertex 2.0735 4.3036 -10.9048
        vertex 2.0453 4.3648 -10.9144
        vertex 2.1616 5.8000 -10.8750
    endloop
endfacet
facet normal 5.4359 10.0000 -27.3333
    outer loop
        vertex 2.1616 5.8000 -10.8750
        vertex 2.0453 4.3648 -10.9144
        vertex 2.0076 4.4187 -10.9272
    endloop
endfacet
facet normal 5.4639 10.0000 -27.4159
    outer loop
        vertex 2.1616 5.8000 -10.8750
        vertex 2.0076 4.4187 -10.9272
        vertex 1.9597 4.4666 -10.9434
    endloop
endfacet
facet normal 5.5172 10.0000 -27.5731
    outer loop
        vertex 2.1616 5.8000 -10.8750
        vertex 1.9597 4.4666 -10.9434
        vertex 1.8927 4.5132 -10.9661
    endloop
endfacet
facet normal 5.5426 10.0000 -27.6481
    outer loop
        vertex 2.1616 5.8000 -10.8750
        vertex 1.8927 4.5132 -10.9661
        vertex 1.8142 4.5493 -10.9927
    endloop
endfacet
facet normal 5.5928 10.0000 -27.7962
    outer loop
        vertex 2.1616 5.8000 -10.8750
        vertex 1.8142 4.5493 -10.9927
        vertex 1.7142 4.5764 -11.0266
    endloop
endfacet
facet normal 5.3112 10.0000 -26.9655
    outer loop
        vertex 1.7142 4.5764 -11.0266
        vertex 1.6789 4.5820 -11.0386
        vertex 1.6765 4.6256 -11.0394
    endloop
endfacet
facet normal 5.4524 10.0000 -27.3821
    outer loop
        vertex 1.6765 4.6256 -11.0394
        vertex 2.1616 5.8000 -10.8750
        vertex 1.7142 4.5764 -11.0266
    endloop
endfacet
facet normal 5.5551 10.0000 -27.6851
    outer loop
        vertex 2.1616 5.8000 -10.8750
        vertex 1.6765 4.6256 -11.0394
        vertex 1.5772 4.6256 -11.0731
    endloop
endfacet
facet normal 5.5074 10.0000 -27.5443
    outer loop
        vertex 2.1616 5.8000 -10.8750
        vertex 1.5772 4.6256 -11.0731
        vertex 1.4573 4.5457 -11.1137
    endloop
endfacet
facet normal 5.9006 10.0000 -28.7043
    outer loop
        vertex 1.4573 4.5457 -11.1137
        vertex 1.2791 4.6256 -11.1741
        vertex 2.1616 5.8000 -10.8750
    endloop
endfacet
facet normal 7.8153 10.0000 -34.3526
    outer loop
        vertex 2.1616 5.8000 -10.8750
        vertex 1.2791 4.6256 -11.1741
        vertex 0.2714 4.6256 -11.5157
    endloop
endfacet
facet normal 10.2715 10.0000 -41.5983
    outer loop
        vertex 0.2714 4.6256 -11.5157
        vertex 0.1667 5.8000 -11.5512
        vertex 2.1616 5.8000 -10.8750
    endloop
endfacet
facet normal 8.4274 10.0000 -36.1581
    outer loop
        vertex 0.1667 0.8000 -11.5512
        vertex 0.6505 1.7744 -11.3872
        vertex 2.1616 1.7744 -10.8750
    endloop
endfacet
facet normal 9.4262 10.0000 -39.1047
    outer loop
        vertex 2.1616 1.7744 -10.8750
        vertex 2.1616 0.8000 -10.8750
        vertex 0.1667 0.8000 -11.5512
    endloop
endfacet
facet normal 6.3068 10.0000 -29.9026
    outer loop
        vertex 0.1667 0.8000 -11.5512
        vertex 0.1667 1.7744 -11.5512
        vertex 0.6505 1.7744 -11.3872
    endloop
endfacet
facet normal 5.5775 10.0000 -27.7511
    outer loop
        vertex 0.1667 5.8000 -11.5512
        vertex 0.2714 4.6256 -11.5157
        vertex 0.1667 4.5850 -11.5512
    endloop
endfacet
facet normal 5.3087 10.0000 -26.9580
    outer loop
        vertex 0.2226 2.2829 -11.5323
        vertex 0.2175 2.3580 -11.5340
        vertex 0.2194 2.3922 -11.5333
    endloop
endfacet
facet normal 5.3095 10.0000 -26.9606
    outer loop
        vertex 0.5903 2.6409 -11.4076
        vertex 0.6075 2.6806 -11.4018
        vertex 0.6290 2.6880 -11.3945
    endloop
endfacet
facet normal 5.3098 10.0000 -26.9612
    outer loop
        vertex 0.5851 2.6772 -11.4094
        vertex 0.6075 2.6806 -11.4018
        vertex 0.5903 2.6409 -11.4076
    endloop
endfacet
facet normal 5.3147 10.0000 -26.9757
    outer loop
        vertex 0.2159 2.8563 -11.5345
        vertex 0.2856 2.7528 -11.5109
        vertex 0.2719 2.7281 -11.5156
    endloop
endfacet
facet normal 5.3167 10.0000 -26.9816
    outer loop
        vertex 1.9013 4.0282 -10.9632
        vertex 1.9297 3.9934 -10.9536
        vertex 1.9070 3.8769 -10.9613
    endloop
endfacet
facet normal 5.3130 10.0000 -26.9708
    outer loop
        vertex 0.4043 2.8548 -11.4707
        vertex 0.3516 2.8231 -11.4885
        vertex 0.3815 2.8862 -11.4784
    endloop
endfacet
facet normal 5.3111 10.0000 -26.9652
    outer loop
        vertex 1.0316 2.9029 -11.2580
        vertex 1.0171 2.9571 -11.2629
        vertex 1.0478 2.9442 -11.2525
    endloop
endfacet
facet normal 5.3118 10.0000 -26.9673
    outer loop
        vertex 0.3678 2.9177 -11.4830
        vertex 0.3815 2.8862 -11.4784
        vertex 0.3516 2.8231 -11.4885
    endloop
endfacet
facet normal 5.3153 10.0000 -26.9775
    outer loop
        vertex 1.4810 3.0082 -11.1057
        vertex 1.5150 3.0387 -11.0941
        vertex 1.4456 2.8755 -11.1177
    endloop
endfacet
facet normal 5.3162 10.0000 -26.9802
    outer loop
        vertex 2.0735 4.3036 -10.9048
        vertex 2.0071 4.2534 -10.9273
        vertex 1.9906 4.2993 -10.9329
    endloop
endfacet
facet normal 5.3415 10.0000 -27.0549
    outer loop
        vertex 1.2791 4.6256 -11.1741
        vertex 1.0732 4.5894 -11.2439
        vertex 0.7826 4.6153 -11.3424
    endloop
endfacet
facet normal 5.3161 10.0000 -26.9799
    outer loop
        vertex 1.6144 3.0640 -11.0605
        vertex 1.6458 3.0772 -11.0498
        vertex 1.6196 2.9447 -11.0587
    endloop
endfacet
facet normal 5.3173 10.0000 -26.9835
    outer loop
        vertex 0.7826 4.6153 -11.3424
        vertex 0.6312 4.6097 -11.3938
        vertex 0.2714 4.6256 -11.5157
    endloop
endfacet
facet normal 5.3300 10.0000 -27.0210
    outer loop
        vertex 1.2791 4.6256 -11.1741
        vertex 0.7826 4.6153 -11.3424
        vertex 0.2714 4.6256 -11.5157
    endloop
endfacet
facet normal 5.3097 10.0000 -26.9611
    outer loop
        vertex 0.7733 2.3482 -11.3456
        vertex 0.8048 2.3455 -11.3349
        vertex 0.8043 2.3198 -11.3351
    endloop
endfacet
facet normal 5.3109 10.0000 -26.9644
    outer loop
        vertex 0.8043 2.3198 -11.3351
        vertex 0.7734 2.3046 -11.3456
        vertex 0.7733 2.3482 -11.3456
    endloop
endfacet
facet normal 5.3146 10.0000 -26.9756
    outer loop
        vertex 0.3778 2.9450 -11.4796
        vertex 0.3042 2.9740 -11.5046
        vertex 0.3569 2.9959 -11.4867
    endloop
endfacet
facet normal 5.3083 10.0000 -26.9569
    outer loop
        vertex 0.4119 2.9936 -11.4681
        vertex 0.4125 2.9789 -11.4679
        vertex 0.4023 3.0027 -11.4713
    endloop
endfacet
facet normal 5.3081 10.0000 -26.9564
    outer loop
        vertex 1.0391 2.3330 -11.2555
        vertex 1.0272 2.3372 -11.2595
        vertex 1.0242 2.3432 -11.2605
    endloop
endfacet
facet normal 5.3085 10.0000 -26.9575
    outer loop
        vertex 0.5893 1.8395 -11.4080
        vertex 0.5489 1.8568 -11.4216
        vertex 0.5226 1.8741 -11.4306
    endloop
endfacet
facet normal 5.3533 10.0000 -27.0896
    outer loop
        vertex 1.3000 4.5254 -11.1670
        vertex 1.0732 4.5894 -11.2439
        vertex 1.2791 4.6256 -11.1741
    endloop
endfacet
facet normal 5.3190 10.0000 -26.9884
    outer loop
        vertex 0.9419 2.4114 -11.2884
        vertex 0.9431 2.3760 -11.2880
        vertex 0.7944 2.4374 -11.3384
    endloop
endfacet
facet normal 5.3177 10.0000 -26.9848
    outer loop
        vertex 0.7944 2.4374 -11.3384
        vertex 0.8098 2.4658 -11.3332
        vertex 0.9419 2.4114 -11.2884
    endloop
endfacet
facet normal 5.3130 10.0000 -26.9708
    outer loop
        vertex 0.7773 1.9690 -11.3442
        vertex 0.8727 1.9227 -11.3119
        vertex 0.8629 1.9027 -11.3152
    endloop
endfacet
facet normal 5.3082 10.0000 -26.9565
    outer loop
        vertex 0.4187 2.3780 -11.4658
        vertex 0.4144 2.3722 -11.4672
        vertex 0.3974 2.3683 -11.4730
    endloop
endfacet
facet normal 5.3108 10.0000 -26.9642
    outer loop
        vertex 0.3567 2.4084 -11.4868
        vertex 0.3635 2.3724 -11.4845
        vertex 0.3256 2.3808 -11.4973
    endloop
endfacet
facet normal 5.3130 10.0000 -26.9708
    outer loop
        vertex 1.6233 3.0928 -11.0575
        vertex 1.6144 3.0640 -11.0605
        vertex 1.5315 3.0611 -11.0886
    endloop
endfacet
facet normal 5.3084 10.0000 -26.9571
    outer loop
        vertex 0.7673 1.9856 -11.3476
        vertex 0.7660 2.0022 -11.3481
        vertex 0.7764 2.0046 -11.3445
    endloop
endfacet
facet normal 5.3093 10.0000 -26.9598
    outer loop
        vertex 0.6020 1.9860 -11.4037
        vertex 0.5846 1.9776 -11.4095
        vertex 0.5845 2.0127 -11.4096
    endloop
endfacet
facet normal 5.3082 10.0000 -26.9565
    outer loop
        vertex 0.5845 2.0127 -11.4096
        vertex 0.6259 2.0094 -11.3955
        vertex 0.6325 2.0069 -11.3933
    endloop
endfacet
facet normal 5.3081 10.0000 -26.9563
    outer loop
        vertex 0.6325 2.0069 -11.3933
        vertex 0.6332 1.9990 -11.3931
        vertex 0.6277 1.9928 -11.3949
    endloop
endfacet
facet normal 5.3084 10.0000 -26.9570
    outer loop
        vertex 0.9301 2.6142 -11.2924
        vertex 0.9172 2.6174 -11.2968
        vertex 0.9400 2.6245 -11.2891
    endloop
endfacet
facet normal 5.3226 10.0000 -26.9992
    outer loop
        vertex 1.9909 3.5396 -10.9328
        vertex 1.9588 3.4839 -10.9437
        vertex 1.8511 3.5124 -10.9802
    endloop
endfacet
facet normal 5.3108 10.0000 -26.9643
    outer loop
        vertex 0.9048 2.6270 -11.3010
        vertex 0.9126 2.6729 -11.2984
        vertex 0.9417 2.6742 -11.2885
    endloop
endfacet
facet normal 5.3088 10.0000 -26.9584
    outer loop
        vertex 0.9048 2.6270 -11.3010
        vertex 0.9047 2.6745 -11.3010
        vertex 0.9126 2.6729 -11.2984
    endloop
endfacet
facet normal 5.3089 10.0000 -26.9587
    outer loop
        vertex 0.8957 2.6791 -11.3041
        vertex 0.9047 2.6745 -11.3010
        vertex 0.9048 2.6270 -11.3010
    endloop
endfacet
facet normal 5.3081 10.0000 -26.9562
    outer loop
        vertex 0.5903 2.6409 -11.4076
        vertex 0.5903 2.6329 -11.4076
        vertex 0.5861 2.6196 -11.4090
    endloop
endfacet
facet normal 5.3081 10.0000 -26.9563
    outer loop
        vertex 0.8610 2.5109 -11.3159
        vertex 0.8741 2.5148 -11.3114
        vertex 0.8907 2.5159 -11.3058
    endloop
endfacet
facet normal 5.3084 10.0000 -26.9570
    outer loop
        vertex 0.8907 2.5159 -11.3058
        vertex 0.9072 2.5130 -11.3002
        vertex 0.8610 2.5109 -11.3159
    endloop
endfacet
facet normal 5.3170 10.0000 -26.9826
    outer loop
        vertex 1.0388 2.8442 -11.2556
        vertex 1.0419 2.8717 -11.2545
        vertex 1.1892 2.8057 -11.2046
    endloop
endfacet
facet normal 5.3186 10.0000 -26.9873
    outer loop
        vertex 1.1892 2.8057 -11.2046
        vertex 1.1009 2.7601 -11.2345
        vertex 1.0611 2.7963 -11.2480
    endloop
endfacet
facet normal 5.3103 10.0000 -26.9627
    outer loop
        vertex 0.8085 2.2828 -11.3336
        vertex 0.8177 2.2506 -11.3305
        vertex 0.7899 2.2319 -11.3400
    endloop
endfacet
facet normal 5.3103 10.0000 -26.9629
    outer loop
        vertex 0.7899 2.2319 -11.3400
        vertex 0.7798 2.2635 -11.3434
        vertex 0.8085 2.2828 -11.3336
    endloop
endfacet
facet normal 5.3115 10.0000 -26.9663
    outer loop
        vertex 0.9570 2.3286 -11.2833
        vertex 0.9886 2.3262 -11.2726
        vertex 0.9806 2.2747 -11.2753
    endloop
endfacet
facet normal 5.3109 10.0000 -26.9647
    outer loop
        vertex 0.9806 2.2747 -11.2753
        vertex 0.9503 2.2851 -11.2856
        vertex 0.9570 2.3286 -11.2833
    endloop
endfacet
facet normal 5.3103 10.0000 -26.9628
    outer loop
        vertex 0.9675 2.2363 -11.2797
        vertex 0.9393 2.2526 -11.2893
        vertex 0.9503 2.2851 -11.2856
    endloop
endfacet
facet normal 5.3108 10.0000 -26.9641
    outer loop
        vertex 0.9503 2.2851 -11.2856
        vertex 0.9806 2.2747 -11.2753
        vertex 0.9675 2.2363 -11.2797
    endloop
endfacet
facet normal 5.3227 10.0000 -26.9994
    outer loop
        vertex 1.0391 2.3330 -11.2555
        vertex 1.1422 2.3174 -11.2205
        vertex 1.1390 2.2505 -11.2216
    endloop
endfacet
facet normal 5.3199 10.0000 -26.9912
    outer loop
        vertex 1.1390 2.2505 -11.2216
        vertex 1.0391 2.2767 -11.2555
        vertex 1.0391 2.3330 -11.2555
    endloop
endfacet
facet normal 5.3104 10.0000 -26.9631
    outer loop
        vertex 0.8043 2.3198 -11.3351
        vertex 0.8085 2.2828 -11.3336
        vertex 0.7798 2.2635 -11.3434
    endloop
endfacet
facet normal 5.3109 10.0000 -26.9646
    outer loop
        vertex 0.7798 2.2635 -11.3434
        vertex 0.7734 2.3046 -11.3456
        vertex 0.8043 2.3198 -11.3351
    endloop
endfacet
facet normal 5.3141 10.0000 -26.9741
    outer loop
        vertex 0.8140 2.3384 -11.3318
        vertex 0.9387 2.3449 -11.2895
        vertex 0.9313 2.3213 -11.2920
    endloop
endfacet
facet normal 5.3126 10.0000 -26.9695
    outer loop
        vertex 0.9313 2.3213 -11.2920
        vertex 0.9228 2.3041 -11.2949
        vertex 0.8140 2.3384 -11.3318
    endloop
endfacet
facet normal 5.3080 10.0000 -26.9561
    outer loop
        vertex 0.8881 2.2725 -11.3067
        vertex 0.8805 2.2707 -11.3093
        vertex 0.8723 2.2703 -11.3120
    endloop
endfacet
facet normal 5.3085 10.0000 -26.9574
    outer loop
        vertex 0.8723 2.2703 -11.3120
        vertex 0.9128 2.2901 -11.2983
        vertex 0.8881 2.2725 -11.3067
    endloop
endfacet
facet normal 5.3085 10.0000 -26.9575
    outer loop
        vertex 0.9128 2.2901 -11.2983
        vertex 0.8723 2.2703 -11.3120
        vertex 0.8632 2.2720 -11.3151
    endloop
endfacet
facet normal 5.3091 10.0000 -26.9592
    outer loop
        vertex 0.8632 2.2720 -11.3151
        vertex 0.9228 2.3041 -11.2949
        vertex 0.9128 2.2901 -11.2983
    endloop
endfacet
facet normal 5.3168 10.0000 -26.9820
    outer loop
        vertex 0.8086 2.3678 -11.3336
        vertex 0.9431 2.3760 -11.2880
        vertex 0.9387 2.3449 -11.2895
    endloop
endfacet
facet normal 5.3158 10.0000 -26.9791
    outer loop
        vertex 0.9387 2.3449 -11.2895
        vertex 0.8140 2.3384 -11.3318
        vertex 0.8086 2.3678 -11.3336
    endloop
endfacet
facet normal 5.3087 10.0000 -26.9582
    outer loop
        vertex 0.8476 2.2800 -11.3204
        vertex 0.8216 2.3156 -11.3292
        vertex 0.8632 2.2720 -11.3151
    endloop
endfacet
facet normal 5.3080 10.0000 -26.9561
    outer loop
        vertex 0.8632 2.2720 -11.3151
        vertex 0.8556 2.2750 -11.3177
        vertex 0.8476 2.2800 -11.3204
    endloop
endfacet
facet normal 5.3197 10.0000 -26.9907
    outer loop
        vertex 0.8140 2.3384 -11.3318
        vertex 0.9228 2.3041 -11.2949
        vertex 0.8632 2.2720 -11.3151
    endloop
endfacet
facet normal 5.3093 10.0000 -26.9599
    outer loop
        vertex 0.8632 2.2720 -11.3151
        vertex 0.8216 2.3156 -11.3292
        vertex 0.8140 2.3384 -11.3318
    endloop
endfacet
facet normal 5.3083 10.0000 -26.9567
    outer loop
        vertex 0.8304 2.2989 -11.3262
        vertex 0.8216 2.3156 -11.3292
        vertex 0.8476 2.2800 -11.3204
    endloop
endfacet
facet normal 5.3081 10.0000 -26.9562
    outer loop
        vertex 0.8476 2.2800 -11.3204
        vertex 0.8392 2.2876 -11.3232
        vertex 0.8304 2.2989 -11.3262
    endloop
endfacet
facet normal 5.3107 10.0000 -26.9640
    outer loop
        vertex 0.9542 2.3874 -11.2843
        vertex 0.9808 2.4173 -11.2753
        vertex 0.9879 2.3772 -11.2728
    endloop
endfacet
facet normal 5.3107 10.0000 -26.9640
    outer loop
        vertex 0.9879 2.3772 -11.2728
        vertex 0.9576 2.3483 -11.2831
        vertex 0.9542 2.3874 -11.2843
    endloop
endfacet
facet normal 5.3093 10.0000 -26.9599
    outer loop
        vertex 0.9886 2.3262 -11.2726
        vertex 0.9570 2.3286 -11.2833
        vertex 0.9576 2.3483 -11.2831
    endloop
endfacet
facet normal 5.3113 10.0000 -26.9658
    outer loop
        vertex 0.9576 2.3483 -11.2831
        vertex 0.9879 2.3772 -11.2728
        vertex 0.9886 2.3262 -11.2726
    endloop
endfacet
facet normal 5.3090 10.0000 -26.9590
    outer loop
        vertex 1.0336 2.3612 -11.2573
        vertex 1.0487 2.3724 -11.2522
        vertex 1.0391 2.3330 -11.2555
    endloop
endfacet
facet normal 5.3088 10.0000 -26.9583
    outer loop
        vertex 1.0391 2.3330 -11.2555
        vertex 1.0242 2.3432 -11.2605
        vertex 1.0336 2.3612 -11.2573
    endloop
endfacet
facet normal 5.3245 10.0000 -27.0047
    outer loop
        vertex 1.0799 2.4023 -11.2417
        vertex 1.1422 2.3174 -11.2205
        vertex 1.0391 2.3330 -11.2555
    endloop
endfacet
facet normal 5.3100 10.0000 -26.9619
    outer loop
        vertex 1.0391 2.3330 -11.2555
        vertex 1.0487 2.3724 -11.2522
        vertex 1.0799 2.4023 -11.2417
    endloop
endfacet
facet normal 5.3212 10.0000 -26.9951
    outer loop
        vertex 1.1422 2.3174 -11.2205
        vertex 1.0799 2.4023 -11.2417
        vertex 1.1155 2.4541 -11.2296
    endloop
endfacet
facet normal 5.3176 10.0000 -26.9842
    outer loop
        vertex 1.1155 2.4541 -11.2296
        vertex 1.1694 2.3471 -11.2113
        vertex 1.1422 2.3174 -11.2205
    endloop
endfacet
facet normal 5.3220 10.0000 -26.9974
    outer loop
        vertex 1.1338 2.4976 -11.2234
        vertex 1.2019 2.3955 -11.2003
        vertex 1.1694 2.3471 -11.2113
    endloop
endfacet
facet normal 5.3171 10.0000 -26.9829
    outer loop
        vertex 1.1694 2.3471 -11.2113
        vertex 1.1155 2.4541 -11.2296
        vertex 1.1338 2.4976 -11.2234
    endloop
endfacet
facet normal 5.3114 10.0000 -26.9661
    outer loop
        vertex 0.8048 2.3455 -11.3349
        vertex 0.7733 2.3482 -11.3456
        vertex 0.7813 2.3987 -11.3429
    endloop
endfacet
facet normal 5.3095 10.0000 -26.9605
    outer loop
        vertex 0.7813 2.3987 -11.3429
        vertex 0.8086 2.3678 -11.3336
        vertex 0.8048 2.3455 -11.3349
    endloop
endfacet
facet normal 5.3083 10.0000 -26.9569
    outer loop
        vertex 0.6365 2.2962 -11.3920
        vertex 0.6641 2.3380 -11.3826
        vertex 0.6554 2.3196 -11.3856
    endloop
endfacet
facet normal 5.3081 10.0000 -26.9562
    outer loop
        vertex 0.6554 2.3196 -11.3856
        vertex 0.6451 2.3049 -11.3890
        vertex 0.6365 2.2962 -11.3920
    endloop
endfacet
facet normal 5.3234 10.0000 -27.0014
    outer loop
        vertex 0.6641 2.3380 -11.3826
        vertex 0.5426 2.3709 -11.4238
        vertex 0.6756 2.3947 -11.3787
    endloop
endfacet
facet normal 5.3083 10.0000 -26.9569
    outer loop
        vertex 0.6756 2.3947 -11.3787
        vertex 0.6716 2.3629 -11.3801
        vertex 0.6641 2.3380 -11.3826
    endloop
endfacet
facet normal 5.3087 10.0000 -26.9579
    outer loop
        vertex 0.5906 2.5274 -11.4075
        vertex 0.5396 2.4947 -11.4248
        vertex 0.5608 2.5143 -11.4176
    endloop
endfacet
facet normal 5.3081 10.0000 -26.9563
    outer loop
        vertex 0.5608 2.5143 -11.4176
        vertex 0.5751 2.5223 -11.4128
        vertex 0.5906 2.5274 -11.4075
    endloop
endfacet
facet normal 5.3094 10.0000 -26.9600
    outer loop
        vertex 0.5769 2.1722 -11.4122
        vertex 0.5999 2.2029 -11.4044
        vertex 0.6220 2.2047 -11.3969
    endloop
endfacet
facet normal 5.3111 10.0000 -26.9652
    outer loop
        vertex 0.6220 2.2047 -11.3969
        vertex 0.6147 2.1667 -11.3993
        vertex 0.5769 2.1722 -11.4122
    endloop
endfacet
facet normal 5.3106 10.0000 -26.9636
    outer loop
        vertex 0.6402 2.2148 -11.3907
        vertex 0.6449 2.1760 -11.3891
        vertex 0.6147 2.1667 -11.3993
    endloop
endfacet
facet normal 5.3093 10.0000 -26.9599
    outer loop
        vertex 0.6147 2.1667 -11.3993
        vertex 0.6220 2.2047 -11.3969
        vertex 0.6402 2.2148 -11.3907
    endloop
endfacet
facet normal 5.3093 10.0000 -26.9600
    outer loop
        vertex 0.5484 2.1908 -11.4218
        vertex 0.5795 2.2105 -11.4113
        vertex 0.5999 2.2029 -11.4044
    endloop
endfacet
facet normal 5.3108 10.0000 -26.9641
    outer loop
        vertex 0.5999 2.2029 -11.4044
        vertex 0.5769 2.1722 -11.4122
        vertex 0.5484 2.1908 -11.4218
    endloop
endfacet
facet normal 5.3090 10.0000 -26.9591
    outer loop
        vertex 0.6449 2.1760 -11.3891
        vertex 0.6402 2.2148 -11.3907
        vertex 0.6516 2.2258 -11.3869
    endloop
endfacet
facet normal 5.3103 10.0000 -26.9629
    outer loop
        vertex 0.6516 2.2258 -11.3869
        vertex 0.6696 2.1954 -11.3807
        vertex 0.6449 2.1760 -11.3891
    endloop
endfacet
facet normal 5.3105 10.0000 -26.9634
    outer loop
        vertex 0.5795 2.2105 -11.4113
        vertex 0.5484 2.1908 -11.4218
        vertex 0.5270 2.2156 -11.4291
    endloop
endfacet
facet normal 5.3098 10.0000 -26.9613
    outer loop
        vertex 0.5270 2.2156 -11.4291
        vertex 0.5599 2.2285 -11.4179
        vertex 0.5795 2.2105 -11.4113
    endloop
endfacet
facet normal 5.3103 10.0000 -26.9627
    outer loop
        vertex 0.6626 2.2413 -11.3831
        vertex 0.6891 2.2207 -11.3741
        vertex 0.6696 2.1954 -11.3807
    endloop
endfacet
facet normal 5.3093 10.0000 -26.9599
    outer loop
        vertex 0.6696 2.1954 -11.3807
        vertex 0.6516 2.2258 -11.3869
        vertex 0.6626 2.2413 -11.3831
    endloop
endfacet
facet normal 5.3105 10.0000 -26.9632
    outer loop
        vertex 0.5423 2.2568 -11.4239
        vertex 0.5599 2.2285 -11.4179
        vertex 0.5270 2.2156 -11.4291
    endloop
endfacet
facet normal 5.3103 10.0000 -26.9627
    outer loop
        vertex 0.5270 2.2156 -11.4291
        vertex 0.5117 2.2440 -11.4343
        vertex 0.5423 2.2568 -11.4239
    endloop
endfacet
facet normal 5.3103 10.0000 -26.9627
    outer loop
        vertex 0.6740 2.2646 -11.3792
        vertex 0.7033 2.2498 -11.3693
        vertex 0.6891 2.2207 -11.3741
    endloop
endfacet
facet normal 5.3098 10.0000 -26.9613
    outer loop
        vertex 0.6891 2.2207 -11.3741
        vertex 0.6626 2.2413 -11.3831
        vertex 0.6740 2.2646 -11.3792
    endloop
endfacet
facet normal 5.3100 10.0000 -26.9619
    outer loop
        vertex 0.5325 2.2834 -11.4272
        vertex 0.5423 2.2568 -11.4239
        vertex 0.5117 2.2440 -11.4343
    endloop
endfacet
facet normal 5.3104 10.0000 -26.9632
    outer loop
        vertex 0.5117 2.2440 -11.4343
        vertex 0.5003 2.2777 -11.4381
        vertex 0.5325 2.2834 -11.4272
    endloop
endfacet
facet normal 5.3108 10.0000 -26.9641
    outer loop
        vertex 0.6837 2.2972 -11.3759
        vertex 0.7149 2.2884 -11.3654
        vertex 0.7033 2.2498 -11.3693
    endloop
endfacet
facet normal 5.3103 10.0000 -26.9629
    outer loop
        vertex 0.7033 2.2498 -11.3693
        vertex 0.6740 2.2646 -11.3792
        vertex 0.6837 2.2972 -11.3759
    endloop
endfacet
facet normal 5.3105 10.0000 -26.9633
    outer loop
        vertex 0.5255 2.3186 -11.4296
        vertex 0.5325 2.2834 -11.4272
        vertex 0.5003 2.2777 -11.4381
    endloop
endfacet
facet normal 5.3109 10.0000 -26.9646
    outer loop
        vertex 0.5003 2.2777 -11.4381
        vertex 0.4931 2.3205 -11.4406
        vertex 0.5255 2.3186 -11.4296
    endloop
endfacet
facet normal 5.3087 10.0000 -26.9582
    outer loop
        vertex 0.5731 2.2978 -11.4134
        vertex 0.5648 2.3075 -11.4163
        vertex 0.6197 2.2861 -11.3976
    endloop
endfacet
facet normal 5.3084 10.0000 -26.9572
    outer loop
        vertex 0.6197 2.2861 -11.3976
        vertex 0.6120 2.2840 -11.4002
        vertex 0.5731 2.2978 -11.4134
    endloop
endfacet
facet normal 5.3098 10.0000 -26.9613
    outer loop
        vertex 0.5648 2.3075 -11.4163
        vertex 0.5553 2.3236 -11.4195
        vertex 0.6275 2.2898 -11.3950
    endloop
endfacet
facet normal 5.3088 10.0000 -26.9583
    outer loop
        vertex 0.6275 2.2898 -11.3950
        vertex 0.6197 2.2861 -11.3976
        vertex 0.5648 2.3075 -11.4163
    endloop
endfacet
facet normal 5.3125 10.0000 -26.9693
    outer loop
        vertex 0.6365 2.2962 -11.3920
        vertex 0.5477 2.3441 -11.4221
        vertex 0.5426 2.3709 -11.4238
    endloop
endfacet
facet normal 5.3207 10.0000 -26.9935
    outer loop
        vertex 0.5426 2.3709 -11.4238
        vertex 0.6641 2.3380 -11.3826
        vertex 0.6365 2.2962 -11.3920
    endloop
endfacet
facet normal 5.3080 10.0000 -26.9561
    outer loop
        vertex 0.5970 2.2844 -11.4053
        vertex 0.5895 2.2867 -11.4079
        vertex 0.5819 2.2908 -11.4105
    endloop
endfacet
facet normal 5.3081 10.0000 -26.9562
    outer loop
        vertex 0.5819 2.2908 -11.4105
        vertex 0.6039 2.2835 -11.4030
        vertex 0.5970 2.2844 -11.4053
    endloop
endfacet
facet normal 5.3109 10.0000 -26.9645
    outer loop
        vertex 0.7149 2.2884 -11.3654
        vertex 0.6837 2.2972 -11.3759
        vertex 0.6888 2.3395 -11.3742
    endloop
endfacet
facet normal 5.3114 10.0000 -26.9661
    outer loop
        vertex 0.6888 2.3395 -11.3742
        vertex 0.7208 2.3384 -11.3634
        vertex 0.7149 2.2884 -11.3654
    endloop
endfacet
facet normal 5.3083 10.0000 -26.9568
    outer loop
        vertex 0.5731 2.2978 -11.4134
        vertex 0.6120 2.2840 -11.4002
        vertex 0.6039 2.2835 -11.4030
    endloop
endfacet
facet normal 5.3082 10.0000 -26.9566
    outer loop
        vertex 0.6039 2.2835 -11.4030
        vertex 0.5819 2.2908 -11.4105
        vertex 0.5731 2.2978 -11.4134
    endloop
endfacet
facet normal 5.3111 10.0000 -26.9651
    outer loop
        vertex 0.5553 2.3236 -11.4195
        vertex 0.5477 2.3441 -11.4221
        vertex 0.6365 2.2962 -11.3920
    endloop
endfacet
facet normal 5.3096 10.0000 -26.9608
    outer loop
        vertex 0.6365 2.2962 -11.3920
        vertex 0.6275 2.2898 -11.3950
        vertex 0.5553 2.3236 -11.4195
    endloop
endfacet
facet normal 5.3125 10.0000 -26.9693
    outer loop
        vertex 0.5418 2.3988 -11.4241
        vertex 0.6756 2.4106 -11.3787
        vertex 0.6756 2.3947 -11.3787
    endloop
endfacet
facet normal 5.3159 10.0000 -26.9793
    outer loop
        vertex 0.6756 2.3947 -11.3787
        vertex 0.5426 2.3709 -11.4238
        vertex 0.5418 2.3988 -11.4241
    endloop
endfacet
facet normal 5.3105 10.0000 -26.9633
    outer loop
        vertex 0.5240 2.3547 -11.4301
        vertex 0.5255 2.3186 -11.4296
        vertex 0.4931 2.3205 -11.4406
    endloop
endfacet
facet normal 5.3104 10.0000 -26.9631
    outer loop
        vertex 0.4931 2.3205 -11.4406
        vertex 0.4921 2.3562 -11.4409
        vertex 0.5240 2.3547 -11.4301
    endloop
endfacet
facet normal 5.3105 10.0000 -26.9633
    outer loop
        vertex 0.6852 2.3902 -11.3754
        vertex 0.6751 2.4266 -11.3789
        vertex 0.6988 2.4572 -11.3708
    endloop
endfacet
facet normal 5.3106 10.0000 -26.9637
    outer loop
        vertex 0.6988 2.4572 -11.3708
        vertex 0.7106 2.4250 -11.3668
        vertex 0.6852 2.3902 -11.3754
    endloop
endfacet
facet normal 5.3087 10.0000 -26.9579
    outer loop
        vertex 0.6888 2.3395 -11.3742
        vertex 0.6889 2.3500 -11.3742
        vertex 0.7189 2.3833 -11.3640
    endloop
endfacet
facet normal 5.3110 10.0000 -26.9650
    outer loop
        vertex 0.7189 2.3833 -11.3640
        vertex 0.7208 2.3384 -11.3634
        vertex 0.6888 2.3395 -11.3742
    endloop
endfacet
facet normal 5.3112 10.0000 -26.9656
    outer loop
        vertex 0.7106 2.4250 -11.3668
        vertex 0.7189 2.3833 -11.3640
        vertex 0.6889 2.3500 -11.3742
    endloop
endfacet
facet normal 5.3104 10.0000 -26.9632
    outer loop
        vertex 0.6889 2.3500 -11.3742
        vertex 0.6852 2.3902 -11.3754
        vertex 0.7106 2.4250 -11.3668
    endloop
endfacet
facet normal 5.3114 10.0000 -26.9659
    outer loop
        vertex 0.4921 2.3562 -11.4409
        vertex 0.4982 2.4058 -11.4388
        vertex 0.5286 2.3922 -11.4285
    endloop
endfacet
facet normal 5.3105 10.0000 -26.9635
    outer loop
        vertex 0.5286 2.3922 -11.4285
        vertex 0.5240 2.3547 -11.4301
        vertex 0.4921 2.3562 -11.4409
    endloop
endfacet
facet normal 5.3103 10.0000 -26.9629
    outer loop
        vertex 0.5381 2.4242 -11.4253
        vertex 0.5286 2.3922 -11.4285
        vertex 0.4982 2.4058 -11.4388
    endloop
endfacet
facet normal 5.3108 10.0000 -26.9643
    outer loop
        vertex 0.4982 2.4058 -11.4388
        vertex 0.5099 2.4446 -11.4349
        vertex 0.5381 2.4242 -11.4253
    endloop
endfacet
facet normal 5.3125 10.0000 -26.9694
    outer loop
        vertex 0.6751 2.4266 -11.3789
        vertex 0.6756 2.4106 -11.3787
        vertex 0.5418 2.3988 -11.4241
    endloop
endfacet
facet normal 5.3121 10.0000 -26.9681
    outer loop
        vertex 0.5418 2.3988 -11.4241
        vertex 0.5430 2.4135 -11.4236
        vertex 0.6751 2.4266 -11.3789
    endloop
endfacet
facet normal 5.3178 10.0000 -26.9849
    outer loop
        vertex 0.5477 2.4428 -11.4221
        vertex 0.5906 2.5274 -11.4075
        vertex 0.6421 2.5213 -11.3900
    endloop
endfacet
facet normal 5.3131 10.0000 -26.9710
    outer loop
        vertex 0.5430 2.4135 -11.4236
        vertex 0.5477 2.4428 -11.4221
        vertex 0.6421 2.5213 -11.3900
    endloop
endfacet
facet normal 5.3354 10.0000 -27.0369
    outer loop
        vertex 0.6421 2.5213 -11.3900
        vertex 0.6751 2.4266 -11.3789
        vertex 0.5430 2.4135 -11.4236
    endloop
endfacet
facet normal 5.3100 10.0000 -26.9620
    outer loop
        vertex 0.6559 2.5129 -11.3854
        vertex 0.6698 2.5007 -11.3806
        vertex 0.6751 2.4266 -11.3789
    endloop
endfacet
facet normal 5.3102 10.0000 -26.9624
    outer loop
        vertex 0.6751 2.4266 -11.3789
        vertex 0.6421 2.5213 -11.3900
        vertex 0.6559 2.5129 -11.3854
    endloop
endfacet
facet normal 5.3103 10.0000 -26.9628
    outer loop
        vertex 0.6838 2.4836 -11.3759
        vertex 0.6988 2.4572 -11.3708
        vertex 0.6751 2.4266 -11.3789
    endloop
endfacet
facet normal 5.3100 10.0000 -26.9619
    outer loop
        vertex 0.6751 2.4266 -11.3789
        vertex 0.6698 2.5007 -11.3806
        vertex 0.6838 2.4836 -11.3759
    endloop
endfacet
facet normal 5.3142 10.0000 -26.9742
    outer loop
        vertex 0.5396 2.4947 -11.4248
        vertex 0.5906 2.5274 -11.4075
        vertex 0.5477 2.4428 -11.4221
    endloop
endfacet
facet normal 5.3100 10.0000 -26.9620
    outer loop
        vertex 0.5477 2.4428 -11.4221
        vertex 0.5245 2.4739 -11.4299
        vertex 0.5396 2.4947 -11.4248
    endloop
endfacet
facet normal 5.3104 10.0000 -26.9630
    outer loop
        vertex 0.5381 2.4242 -11.4253
        vertex 0.5099 2.4446 -11.4349
        vertex 0.5245 2.4739 -11.4299
    endloop
endfacet
facet normal 5.3095 10.0000 -26.9606
    outer loop
        vertex 0.5245 2.4739 -11.4299
        vertex 0.5477 2.4428 -11.4221
        vertex 0.5381 2.4242 -11.4253
    endloop
endfacet
facet normal 5.3084 10.0000 -26.9572
    outer loop
        vertex 0.6281 2.5267 -11.3948
        vertex 0.6421 2.5213 -11.3900
        vertex 0.5906 2.5274 -11.4075
    endloop
endfacet
facet normal 5.3082 10.0000 -26.9565
    outer loop
        vertex 0.5906 2.5274 -11.4075
        vertex 0.6070 2.5294 -11.4020
        vertex 0.6281 2.5267 -11.3948
    endloop
endfacet
facet normal 5.3173 10.0000 -26.9834
    outer loop
        vertex 0.9431 2.3760 -11.2880
        vertex 0.8086 2.3678 -11.3336
        vertex 0.7813 2.3987 -11.3429
    endloop
endfacet
facet normal 5.3219 10.0000 -26.9969
    outer loop
        vertex 0.7813 2.3987 -11.3429
        vertex 0.7944 2.4374 -11.3384
        vertex 0.9431 2.3760 -11.2880
    endloop
endfacet
facet normal 5.3095 10.0000 -26.9604
    outer loop
        vertex 0.3826 2.3989 -11.4780
        vertex 0.4074 2.3947 -11.4696
        vertex 0.3974 2.3683 -11.4730
    endloop
endfacet
facet normal 5.3089 10.0000 -26.9585
    outer loop
        vertex 0.3974 2.3683 -11.4730
        vertex 0.3838 2.3691 -11.4776
        vertex 0.3826 2.3989 -11.4780
    endloop
endfacet
facet normal 5.3082 10.0000 -26.9566
    outer loop
        vertex 0.4074 2.3947 -11.4696
        vertex 0.4167 2.3888 -11.4665
        vertex 0.4187 2.3780 -11.4658
    endloop
endfacet
facet normal 5.3090 10.0000 -26.9589
    outer loop
        vertex 0.4187 2.3780 -11.4658
        vertex 0.3974 2.3683 -11.4730
        vertex 0.4074 2.3947 -11.4696
    endloop
endfacet
facet normal 5.3098 10.0000 -26.9614
    outer loop
        vertex 0.3635 2.3724 -11.4845
        vertex 0.3567 2.4084 -11.4868
        vertex 0.3826 2.3989 -11.4780
    endloop
endfacet
facet normal 5.3093 10.0000 -26.9598
    outer loop
        vertex 0.3826 2.3989 -11.4780
        vertex 0.3838 2.3691 -11.4776
        vertex 0.3635 2.3724 -11.4845
    endloop
endfacet
facet normal 5.3325 10.0000 -27.0283
    outer loop
        vertex 0.2226 2.2829 -11.5323
        vertex 0.2194 2.3922 -11.5333
        vertex 0.3256 2.3808 -11.4973
    endloop
endfacet
facet normal 5.3270 10.0000 -27.0119
    outer loop
        vertex 0.3256 2.3808 -11.4973
        vertex 0.3300 2.2981 -11.4959
        vertex 0.2226 2.2829 -11.5323
    endloop
endfacet
facet normal 5.3142 10.0000 -26.9744
    outer loop
        vertex 0.3096 2.4428 -11.5028
        vertex 0.3324 2.4229 -11.4950
        vertex 0.2194 2.3922 -11.5333
    endloop
endfacet
facet normal 5.3192 10.0000 -26.9891
    outer loop
        vertex 0.2194 2.3922 -11.5333
        vertex 0.1889 2.4338 -11.5437
        vertex 0.3096 2.4428 -11.5028
    endloop
endfacet
facet normal 5.3130 10.0000 -26.9708
    outer loop
        vertex 0.2194 2.3922 -11.5333
        vertex 0.3324 2.4229 -11.4950
        vertex 0.3567 2.4084 -11.4868
    endloop
endfacet
facet normal 5.3150 10.0000 -26.9766
    outer loop
        vertex 0.3567 2.4084 -11.4868
        vertex 0.3256 2.3808 -11.4973
        vertex 0.2194 2.3922 -11.5333
    endloop
endfacet
facet normal 5.3234 10.0000 -27.0016
    outer loop
        vertex 1.2301 2.4604 -11.1907
        vertex 1.2019 2.3955 -11.2003
        vertex 1.1338 2.4976 -11.2234
    endloop
endfacet
facet normal 5.3194 10.0000 -26.9897
    outer loop
        vertex 1.1338 2.4976 -11.2234
        vertex 1.1453 2.5491 -11.2195
        vertex 1.2301 2.4604 -11.1907
    endloop
endfacet
facet normal 5.3101 10.0000 -26.9623
    outer loop
        vertex 0.9808 2.4173 -11.2753
        vertex 0.9542 2.3874 -11.2843
        vertex 0.9469 2.4171 -11.2867
    endloop
endfacet
facet normal 5.3102 10.0000 -26.9624
    outer loop
        vertex 0.9469 2.4171 -11.2867
        vertex 0.9703 2.4477 -11.2788
        vertex 0.9808 2.4173 -11.2753
    endloop
endfacet
facet normal 5.3100 10.0000 -26.9620
    outer loop
        vertex 0.9362 2.4402 -11.2903
        vertex 0.9569 2.4727 -11.2833
        vertex 0.9703 2.4477 -11.2788
    endloop
endfacet
facet normal 5.3098 10.0000 -26.9614
    outer loop
        vertex 0.9703 2.4477 -11.2788
        vertex 0.9469 2.4171 -11.2867
        vertex 0.9362 2.4402 -11.2903
    endloop
endfacet
facet normal 5.3176 10.0000 -26.9844
    outer loop
        vertex 0.9569 2.4727 -11.2833
        vertex 0.9362 2.4402 -11.2903
        vertex 0.8253 2.4856 -11.3280
    endloop
endfacet
facet normal 5.3102 10.0000 -26.9625
    outer loop
        vertex 0.8253 2.4856 -11.3280
        vertex 0.8326 2.4928 -11.3255
        vertex 0.9569 2.4727 -11.2833
    endloop
endfacet
facet normal 5.3116 10.0000 -26.9665
    outer loop
        vertex 0.9569 2.4727 -11.2833
        vertex 0.8326 2.4928 -11.3255
        vertex 0.8473 2.5040 -11.3205
    endloop
endfacet
facet normal 5.3109 10.0000 -26.9644
    outer loop
        vertex 0.8473 2.5040 -11.3205
        vertex 0.9445 2.4885 -11.2875
        vertex 0.9569 2.4727 -11.2833
    endloop
endfacet
facet normal 5.3241 10.0000 -27.0036
    outer loop
        vertex 1.2500 2.6062 -11.1840
        vertex 1.2465 2.5319 -11.1852
        vertex 1.1477 2.6084 -11.2187
    endloop
endfacet
facet normal 5.3161 10.0000 -26.9798
    outer loop
        vertex 1.1477 2.6084 -11.2187
        vertex 1.1444 2.6457 -11.2198
        vertex 1.2500 2.6062 -11.1840
    endloop
endfacet
facet normal 5.3089 10.0000 -26.9587
    outer loop
        vertex 0.6795 2.7260 -11.3774
        vertex 0.7139 2.7548 -11.3657
        vertex 0.7519 2.7741 -11.3528
    endloop
endfacet
facet normal 5.3090 10.0000 -26.9589
    outer loop
        vertex 0.7519 2.7741 -11.3528
        vertex 0.6508 2.7004 -11.3871
        vertex 0.6795 2.7260 -11.3774
    endloop
endfacet
facet normal 5.3402 10.0000 -27.0511
    outer loop
        vertex 0.7776 2.7767 -11.3441
        vertex 0.7202 2.6222 -11.3636
        vertex 0.6508 2.7004 -11.3871
    endloop
endfacet
facet normal 5.3114 10.0000 -26.9662
    outer loop
        vertex 0.6508 2.7004 -11.3871
        vertex 0.7519 2.7741 -11.3528
        vertex 0.7776 2.7767 -11.3441
    endloop
endfacet
facet normal 5.3087 10.0000 -26.9582
    outer loop
        vertex 0.7776 2.7767 -11.3441
        vertex 0.7985 2.7712 -11.3371
        vertex 0.8310 2.7458 -11.3260
    endloop
endfacet
facet normal 5.3112 10.0000 -26.9654
    outer loop
        vertex 0.8310 2.7458 -11.3260
        vertex 0.8887 2.6845 -11.3065
        vertex 0.7776 2.7767 -11.3441
    endloop
endfacet
facet normal 5.3268 10.0000 -27.0114
    outer loop
        vertex 0.6508 2.7004 -11.3871
        vertex 0.7202 2.6222 -11.3636
        vertex 0.5903 2.6409 -11.4076
    endloop
endfacet
facet normal 5.3091 10.0000 -26.9594
    outer loop
        vertex 0.5903 2.6409 -11.4076
        vertex 0.6290 2.6880 -11.3945
        vertex 0.6508 2.7004 -11.3871
    endloop
endfacet
facet normal 5.3100 10.0000 -26.9619
    outer loop
        vertex 0.8043 2.6158 -11.3351
        vertex 0.8887 2.6845 -11.3065
        vertex 0.8957 2.6791 -11.3041
    endloop
endfacet
facet normal 5.3193 10.0000 -26.9894
    outer loop
        vertex 0.8957 2.6791 -11.3041
        vertex 0.9048 2.6270 -11.3010
        vertex 0.8043 2.6158 -11.3351
    endloop
endfacet
facet normal 5.3098 10.0000 -26.9613
    outer loop
        vertex 0.5851 2.6772 -11.4094
        vertex 0.5903 2.6409 -11.4076
        vertex 0.5708 2.6141 -11.4142
    endloop
endfacet
facet normal 5.3103 10.0000 -26.9627
    outer loop
        vertex 0.5708 2.6141 -11.4142
        vertex 0.5682 2.6776 -11.4151
        vertex 0.5851 2.6772 -11.4094
    endloop
endfacet
facet normal 5.3092 10.0000 -26.9594
    outer loop
        vertex 0.5326 2.6774 -11.4272
        vertex 0.5304 2.6928 -11.4279
        vertex 0.5682 2.6776 -11.4151
    endloop
endfacet
facet normal 5.3128 10.0000 -26.9701
    outer loop
        vertex 0.5682 2.6776 -11.4151
        vertex 0.5708 2.6141 -11.4142
        vertex 0.5326 2.6774 -11.4272
    endloop
endfacet
facet normal 5.3089 10.0000 -26.9586
    outer loop
        vertex 0.9048 2.6270 -11.3010
        vertex 0.9417 2.6742 -11.2885
        vertex 0.9496 2.6728 -11.2858
    endloop
endfacet
facet normal 5.3088 10.0000 -26.9585
    outer loop
        vertex 0.9496 2.6728 -11.2858
        vertex 0.9093 2.6228 -11.2995
        vertex 0.9048 2.6270 -11.3010
    endloop
endfacet
facet normal 5.3111 10.0000 -26.9652
    outer loop
        vertex 0.9093 2.6228 -11.2995
        vertex 0.9496 2.6728 -11.2858
        vertex 0.9400 2.6245 -11.2891
    endloop
endfacet
facet normal 5.3084 10.0000 -26.9571
    outer loop
        vertex 0.9400 2.6245 -11.2891
        vertex 0.9172 2.6174 -11.2968
        vertex 0.9093 2.6228 -11.2995
    endloop
endfacet
facet normal 5.3081 10.0000 -26.9563
    outer loop
        vertex 0.5861 2.6196 -11.4090
        vertex 0.5805 2.6146 -11.4109
        vertex 0.5708 2.6141 -11.4142
    endloop
endfacet
facet normal 5.3086 10.0000 -26.9579
    outer loop
        vertex 0.5708 2.6141 -11.4142
        vertex 0.5903 2.6409 -11.4076
        vertex 0.5861 2.6196 -11.4090
    endloop
endfacet
facet normal 5.3084 10.0000 -26.9571
    outer loop
        vertex 0.9400 2.6245 -11.2891
        vertex 0.9496 2.6728 -11.2858
        vertex 0.9509 2.6602 -11.2854
    endloop
endfacet
facet normal 5.3081 10.0000 -26.9564
    outer loop
        vertex 0.9509 2.6602 -11.2854
        vertex 0.9471 2.6423 -11.2867
        vertex 0.9400 2.6245 -11.2891
    endloop
endfacet
facet normal 5.3238 10.0000 -27.0026
    outer loop
        vertex 1.1339 2.6942 -11.2233
        vertex 1.2410 2.6773 -11.1870
        vertex 1.2500 2.6062 -11.1840
    endloop
endfacet
facet normal 5.3180 10.0000 -26.9854
    outer loop
        vertex 1.2500 2.6062 -11.1840
        vertex 1.1444 2.6457 -11.2198
        vertex 1.1339 2.6942 -11.2233
    endloop
endfacet
facet normal 5.3210 10.0000 -26.9943
    outer loop
        vertex 0.1877 2.8115 -11.5441
        vertex 0.2159 2.8563 -11.5345
        vertex 0.2719 2.7281 -11.5156
    endloop
endfacet
facet normal 5.3190 10.0000 -26.9886
    outer loop
        vertex 0.2719 2.7281 -11.5156
        vertex 0.2550 2.6830 -11.5213
        vertex 0.1877 2.8115 -11.5441
    endloop
endfacet
facet normal 5.3158 10.0000 -26.9791
    outer loop
        vertex 1.2410 2.6773 -11.1870
        vertex 1.1339 2.6942 -11.2233
        vertex 1.1191 2.7310 -11.2283
    endloop
endfacet
facet normal 5.3229 10.0000 -26.9998
    outer loop
        vertex 1.1191 2.7310 -11.2283
        vertex 1.2208 2.7437 -11.1939
        vertex 1.2410 2.6773 -11.1870
    endloop
endfacet
facet normal 5.3227 10.0000 -26.9992
    outer loop
        vertex 1.1009 2.7601 -11.2345
        vertex 1.1892 2.8057 -11.2046
        vertex 1.2208 2.7437 -11.1939
    endloop
endfacet
facet normal 5.3147 10.0000 -26.9759
    outer loop
        vertex 1.2208 2.7437 -11.1939
        vertex 1.1191 2.7310 -11.2283
        vertex 1.1009 2.7601 -11.2345
    endloop
endfacet
facet normal 5.3236 10.0000 -27.0021
    outer loop
        vertex 0.2498 2.9624 -11.5230
        vertex 0.3145 2.7901 -11.5011
        vertex 0.2856 2.7528 -11.5109
    endloop
endfacet
facet normal 5.3311 10.0000 -27.0241
    outer loop
        vertex 0.2856 2.7528 -11.5109
        vertex 0.2159 2.8563 -11.5345
        vertex 0.2498 2.9624 -11.5230
    endloop
endfacet
facet normal 5.3127 10.0000 -26.9698
    outer loop
        vertex 1.1892 2.8057 -11.2046
        vertex 1.0611 2.7963 -11.2480
        vertex 1.0249 2.8108 -11.2603
    endloop
endfacet
facet normal 5.3198 10.0000 -26.9908
    outer loop
        vertex 1.0249 2.8108 -11.2603
        vertex 1.0388 2.8442 -11.2556
        vertex 1.1892 2.8057 -11.2046
    endloop
endfacet
facet normal 5.3449 10.0000 -27.0650
    outer loop
        vertex 0.3145 2.7901 -11.5011
        vertex 0.2498 2.9624 -11.5230
        vertex 0.3678 2.9177 -11.4830
    endloop
endfacet
facet normal 5.3143 10.0000 -26.9746
    outer loop
        vertex 0.3678 2.9177 -11.4830
        vertex 0.3516 2.8231 -11.4885
        vertex 0.3145 2.7901 -11.5011
    endloop
endfacet
facet normal 5.3085 10.0000 -26.9574
    outer loop
        vertex 0.4073 2.8602 -11.4697
        vertex 0.4043 2.8548 -11.4707
        vertex 0.3815 2.8862 -11.4784
    endloop
endfacet
facet normal 5.3082 10.0000 -26.9565
    outer loop
        vertex 0.3815 2.8862 -11.4784
        vertex 0.4047 2.8658 -11.4705
        vertex 0.4073 2.8602 -11.4697
    endloop
endfacet
facet normal 5.3125 10.0000 -26.9693
    outer loop
        vertex 1.0478 2.9442 -11.2525
        vertex 1.0757 2.9260 -11.2431
        vertex 1.0419 2.8717 -11.2545
    endloop
endfacet
facet normal 5.3100 10.0000 -26.9618
    outer loop
        vertex 1.0419 2.8717 -11.2545
        vertex 1.0316 2.9029 -11.2580
        vertex 1.0478 2.9442 -11.2525
    endloop
endfacet
facet normal 5.3412 10.0000 -27.0541
    outer loop
        vertex 1.2599 2.9255 -11.1806
        vertex 1.3984 2.9647 -11.1337
        vertex 1.3340 2.8332 -11.1555
    endloop
endfacet
facet normal 5.3406 10.0000 -27.0523
    outer loop
        vertex 1.3340 2.8332 -11.1555
        vertex 1.1892 2.8057 -11.2046
        vertex 1.2599 2.9255 -11.1806
    endloop
endfacet
facet normal 5.3280 10.0000 -27.0149
    outer loop
        vertex 1.3984 2.9647 -11.1337
        vertex 1.4810 3.0082 -11.1057
        vertex 1.4456 2.8755 -11.1177
    endloop
endfacet
facet normal 5.3333 10.0000 -27.0307
    outer loop
        vertex 1.4456 2.8755 -11.1177
        vertex 1.3340 2.8332 -11.1555
        vertex 1.3984 2.9647 -11.1337
    endloop
endfacet
facet normal 5.3103 10.0000 -26.9629
    outer loop
        vertex 0.9958 2.9606 -11.2702
        vertex 1.0171 2.9571 -11.2629
        vertex 1.0316 2.9029 -11.2580
    endloop
endfacet
facet normal 5.3088 10.0000 -26.9583
    outer loop
        vertex 1.0316 2.9029 -11.2580
        vertex 1.0127 2.9230 -11.2644
        vertex 0.9958 2.9606 -11.2702
    endloop
endfacet
facet normal 5.3553 10.0000 -27.0954
    outer loop
        vertex 1.2599 2.9255 -11.1806
        vertex 1.1892 2.8057 -11.2046
        vertex 1.0419 2.8717 -11.2545
    endloop
endfacet
facet normal 5.3292 10.0000 -27.0186
    outer loop
        vertex 1.0419 2.8717 -11.2545
        vertex 1.0757 2.9260 -11.2431
        vertex 1.2599 2.9255 -11.1806
    endloop
endfacet
facet normal 5.3104 10.0000 -26.9630
    outer loop
        vertex 1.4456 2.8755 -11.1177
        vertex 1.5150 3.0387 -11.0941
        vertex 1.5315 3.0611 -11.0886
    endloop
endfacet
facet normal 5.3276 10.0000 -27.0138
    outer loop
        vertex 1.5315 3.0611 -11.0886
        vertex 1.5150 2.9179 -11.0941
        vertex 1.4456 2.8755 -11.1177
    endloop
endfacet
facet normal 5.3290 10.0000 -27.0179
    outer loop
        vertex 1.5315 3.0611 -11.0886
        vertex 1.6144 3.0640 -11.0605
        vertex 1.6196 2.9447 -11.0587
    endloop
endfacet
facet normal 5.3388 10.0000 -27.0468
    outer loop
        vertex 1.6196 2.9447 -11.0587
        vertex 1.5150 2.9179 -11.0941
        vertex 1.5315 3.0611 -11.0886
    endloop
endfacet
facet normal 5.3155 10.0000 -26.9780
    outer loop
        vertex 1.6271 3.1325 -11.0562
        vertex 1.6233 3.0928 -11.0575
        vertex 1.5315 3.0611 -11.0886
    endloop
endfacet
facet normal 5.3145 10.0000 -26.9751
    outer loop
        vertex 1.5315 3.0611 -11.0886
        vertex 1.5445 3.1027 -11.0842
        vertex 1.6271 3.1325 -11.0562
    endloop
endfacet
facet normal 5.3095 10.0000 -26.9603
    outer loop
        vertex 0.9815 2.9515 -11.2750
        vertex 0.9958 2.9606 -11.2702
        vertex 1.0127 2.9230 -11.2644
    endloop
endfacet
facet normal 5.3084 10.0000 -26.9573
    outer loop
        vertex 1.0127 2.9230 -11.2644
        vertex 0.9874 2.9395 -11.2730
        vertex 0.9815 2.9515 -11.2750
    endloop
endfacet
facet normal 5.3129 10.0000 -26.9704
    outer loop
        vertex 0.3042 2.9740 -11.5046
        vertex 0.3778 2.9450 -11.4796
        vertex 0.3678 2.9177 -11.4830
    endloop
endfacet
facet normal 5.3161 10.0000 -26.9798
    outer loop
        vertex 0.3678 2.9177 -11.4830
        vertex 0.2498 2.9624 -11.5230
        vertex 0.3042 2.9740 -11.5046
    endloop
endfacet
facet normal 5.3107 10.0000 -26.9639
    outer loop
        vertex 0.3852 3.0048 -11.4771
        vertex 0.4014 2.9634 -11.4717
        vertex 0.3778 2.9450 -11.4796
    endloop
endfacet
facet normal 5.3114 10.0000 -26.9662
    outer loop
        vertex 0.3778 2.9450 -11.4796
        vertex 0.3569 2.9959 -11.4867
        vertex 0.3852 3.0048 -11.4771
    endloop
endfacet
facet normal 5.3088 10.0000 -26.9584
    outer loop
        vertex 0.3852 3.0048 -11.4771
        vertex 0.4023 3.0027 -11.4713
        vertex 0.4125 2.9789 -11.4679
    endloop
endfacet
facet normal 5.3095 10.0000 -26.9604
    outer loop
        vertex 0.4125 2.9789 -11.4679
        vertex 0.4014 2.9634 -11.4717
        vertex 0.3852 3.0048 -11.4771
    endloop
endfacet
facet normal 5.3266 10.0000 -27.0109
    outer loop
        vertex 1.7619 3.1791 -11.0105
        vertex 1.8276 3.0941 -10.9882
        vertex 1.7700 3.0351 -11.0077
    endloop
endfacet
facet normal 5.3181 10.0000 -26.9858
    outer loop
        vertex 1.7700 3.0351 -11.0077
        vertex 1.7310 3.1410 -11.0209
        vertex 1.7619 3.1791 -11.0105
    endloop
endfacet
facet normal 5.3146 10.0000 -26.9754
    outer loop
        vertex 1.5445 3.1027 -11.0842
        vertex 1.5412 3.1408 -11.0853
        vertex 1.6216 3.1565 -11.0580
    endloop
endfacet
facet normal 5.3126 10.0000 -26.9694
    outer loop
        vertex 1.6216 3.1565 -11.0580
        vertex 1.6271 3.1325 -11.0562
        vertex 1.5445 3.1027 -11.0842
    endloop
endfacet
facet normal 5.3176 10.0000 -26.9842
    outer loop
        vertex 1.6590 3.1890 -11.0453
        vertex 1.6216 3.1565 -11.0580
        vertex 1.5873 3.2471 -11.0697
    endloop
endfacet
facet normal 5.3249 10.0000 -27.0059
    outer loop
        vertex 1.5873 3.2471 -11.0697
        vertex 1.6327 3.3216 -11.0543
        vertex 1.6590 3.1890 -11.0453
    endloop
endfacet
facet normal 5.3246 10.0000 -27.0050
    outer loop
        vertex 1.8018 3.2656 -10.9969
        vertex 1.8951 3.2156 -10.9653
        vertex 1.8647 3.1480 -10.9756
    endloop
endfacet
facet normal 5.3175 10.0000 -26.9842
    outer loop
        vertex 1.8647 3.1480 -10.9756
        vertex 1.7865 3.2226 -11.0021
        vertex 1.8018 3.2656 -10.9969
    endloop
endfacet
facet normal 5.3228 10.0000 -26.9996
    outer loop
        vertex 1.7865 3.2226 -11.0021
        vertex 1.8647 3.1480 -10.9756
        vertex 1.8276 3.0941 -10.9882
    endloop
endfacet
facet normal 5.3185 10.0000 -26.9869
    outer loop
        vertex 1.8276 3.0941 -10.9882
        vertex 1.7619 3.1791 -11.0105
        vertex 1.7865 3.2226 -11.0021
    endloop
endfacet
facet normal 5.3219 10.0000 -26.9971
    outer loop
        vertex 1.8099 3.3130 -10.9942
        vertex 1.9095 3.2763 -10.9604
        vertex 1.8951 3.2156 -10.9653
    endloop
endfacet
facet normal 5.3182 10.0000 -26.9862
    outer loop
        vertex 1.8951 3.2156 -10.9653
        vertex 1.8018 3.2656 -10.9969
        vertex 1.8099 3.3130 -10.9942
    endloop
endfacet
facet normal 5.3189 10.0000 -26.9882
    outer loop
        vertex 1.6902 3.2274 -11.0348
        vertex 1.6590 3.1890 -11.0453
        vertex 1.6327 3.3216 -11.0543
    endloop
endfacet
facet normal 5.3242 10.0000 -27.0036
    outer loop
        vertex 1.6327 3.3216 -11.0543
        vertex 1.6664 3.3991 -11.0429
        vertex 1.6902 3.2274 -11.0348
    endloop
endfacet
facet normal 5.3227 10.0000 -26.9995
    outer loop
        vertex 1.7227 3.2853 -11.0238
        vertex 1.6902 3.2274 -11.0348
        vertex 1.6664 3.3991 -11.0429
    endloop
endfacet
facet normal 5.3202 10.0000 -26.9919
    outer loop
        vertex 1.6664 3.3991 -11.0429
        vertex 1.6836 3.4663 -11.0370
        vertex 1.7227 3.2853 -11.0238
    endloop
endfacet
facet normal 5.3167 10.0000 -26.9817
    outer loop
        vertex 1.6216 3.1565 -11.0580
        vertex 1.5412 3.1408 -11.0853
        vertex 1.5190 3.1875 -11.0928
    endloop
endfacet
facet normal 5.3254 10.0000 -27.0075
    outer loop
        vertex 1.5190 3.1875 -11.0928
        vertex 1.5873 3.2471 -11.0697
        vertex 1.6216 3.1565 -11.0580
    endloop
endfacet
facet normal 5.3167 10.0000 -26.9817
    outer loop
        vertex 1.4944 3.2174 -11.1011
        vertex 1.5554 3.2812 -11.0805
        vertex 1.5873 3.2471 -11.0697
    endloop
endfacet
facet normal 5.3154 10.0000 -26.9779
    outer loop
        vertex 1.5873 3.2471 -11.0697
        vertex 1.5190 3.1875 -11.0928
        vertex 1.4944 3.2174 -11.1011
    endloop
endfacet
facet normal 5.3193 10.0000 -26.9893
    outer loop
        vertex 1.5554 3.2812 -11.0805
        vertex 1.4944 3.2174 -11.1011
        vertex 1.4486 3.2570 -11.1167
    endloop
endfacet
facet normal 5.3224 10.0000 -26.9985
    outer loop
        vertex 1.4486 3.2570 -11.1167
        vertex 1.4897 3.3301 -11.1027
        vertex 1.5554 3.2812 -11.0805
    endloop
endfacet
facet normal 5.3151 10.0000 -26.9770
    outer loop
        vertex 1.7227 3.2853 -11.0238
        vertex 1.6836 3.4663 -11.0370
        vertex 1.6888 3.5280 -11.0353
    endloop
endfacet
facet normal 5.3282 10.0000 -27.0156
    outer loop
        vertex 1.6888 3.5280 -11.0353
        vertex 1.7508 3.3657 -11.0142
        vertex 1.7227 3.2853 -11.0238
    endloop
endfacet
facet normal 5.3233 10.0000 -27.0011
    outer loop
        vertex 1.8094 3.3650 -10.9944
        vertex 1.9130 3.3452 -10.9592
        vertex 1.9095 3.2763 -10.9604
    endloop
endfacet
facet normal 5.3189 10.0000 -26.9883
    outer loop
        vertex 1.9095 3.2763 -10.9604
        vertex 1.8099 3.3130 -10.9942
        vertex 1.8094 3.3650 -10.9944
    endloop
endfacet
facet normal 5.3301 10.0000 -27.0212
    outer loop
        vertex 1.7991 3.4213 -10.9979
        vertex 1.9170 3.4341 -10.9579
        vertex 1.9130 3.3452 -10.9592
    endloop
endfacet
facet normal 5.3199 10.0000 -26.9912
    outer loop
        vertex 1.9130 3.3452 -10.9592
        vertex 1.8094 3.3650 -10.9944
        vertex 1.7991 3.4213 -10.9979
    endloop
endfacet
facet normal 5.3198 10.0000 -26.9909
    outer loop
        vertex 1.3655 3.3067 -11.1449
        vertex 1.2618 3.3497 -11.1800
        vertex 1.0839 3.4774 -11.2403
    endloop
endfacet
facet normal 5.3576 10.0000 -27.1022
    outer loop
        vertex 1.0839 3.4774 -11.2403
        vertex 1.3485 3.4000 -11.1506
        vertex 1.3655 3.3067 -11.1449
    endloop
endfacet
facet normal 5.3733 10.0000 -27.1487
    outer loop
        vertex 0.7918 3.5137 -11.3393
        vertex 1.0839 3.4774 -11.2403
        vertex 1.2618 3.3497 -11.1800
    endloop
endfacet
facet normal 5.3362 10.0000 -27.0391
    outer loop
        vertex 1.2618 3.3497 -11.1800
        vertex 1.0061 3.4106 -11.2667
        vertex 0.7918 3.5137 -11.3393
    endloop
endfacet
facet normal 5.3707 10.0000 -27.1408
    outer loop
        vertex 0.5210 3.5060 -11.4311
        vertex 0.7918 3.5137 -11.3393
        vertex 1.0061 3.4106 -11.2667
    endloop
endfacet
facet normal 5.3618 10.0000 -27.1147
    outer loop
        vertex 1.0061 3.4106 -11.2667
        vertex 0.6358 3.4310 -11.3922
        vertex 0.5210 3.5060 -11.4311
    endloop
endfacet
facet normal 5.3255 10.0000 -27.0077
    outer loop
        vertex 2.0144 3.6033 -10.9249
        vertex 1.9909 3.5396 -10.9328
        vertex 1.8511 3.5124 -10.9802
    endloop
endfacet
facet normal 5.3139 10.0000 -26.9735
    outer loop
        vertex 1.8511 3.5124 -10.9802
        vertex 1.8750 3.5429 -10.9721
        vertex 2.0144 3.6033 -10.9249
    endloop
endfacet
facet normal 5.3319 10.0000 -27.0266
    outer loop
        vertex 1.7991 3.4213 -10.9979
        vertex 1.8511 3.5124 -10.9802
        vertex 1.9588 3.4839 -10.9437
    endloop
endfacet
facet normal 5.3193 10.0000 -26.9894
    outer loop
        vertex 1.9588 3.4839 -10.9437
        vertex 1.9170 3.4341 -10.9579
        vertex 1.7991 3.4213 -10.9979
    endloop
endfacet
facet normal 5.3361 10.0000 -27.0390
    outer loop
        vertex 1.6832 3.5878 -11.0371
        vertex 1.7707 3.4970 -11.0075
        vertex 1.7508 3.3657 -11.0142
    endloop
endfacet
facet normal 5.3139 10.0000 -26.9735
    outer loop
        vertex 1.7508 3.3657 -11.0142
        vertex 1.6888 3.5280 -11.0353
        vertex 1.6832 3.5878 -11.0371
    endloop
endfacet
facet normal 5.3226 10.0000 -26.9991
    outer loop
        vertex 1.8201 3.5874 -10.9907
        vertex 1.6697 3.6382 -11.0417
        vertex 1.6450 3.6924 -11.0501
    endloop
endfacet
facet normal 5.3347 10.0000 -27.0346
    outer loop
        vertex 1.6450 3.6924 -11.0501
        vertex 1.7470 3.7032 -11.0155
        vertex 1.8201 3.5874 -10.9907
    endloop
endfacet
facet normal 5.3222 10.0000 -26.9980
    outer loop
        vertex 1.8201 3.5874 -10.9907
        vertex 1.8511 3.5124 -10.9802
        vertex 1.7991 3.4213 -10.9979
    endloop
endfacet
facet normal 5.3214 10.0000 -26.9954
    outer loop
        vertex 1.7991 3.4213 -10.9979
        vertex 1.7707 3.4970 -11.0075
        vertex 1.8201 3.5874 -10.9907
    endloop
endfacet
facet normal 5.3147 10.0000 -26.9759
    outer loop
        vertex 1.7707 3.4970 -11.0075
        vertex 1.6832 3.5878 -11.0371
        vertex 1.6697 3.6382 -11.0417
    endloop
endfacet
facet normal 5.3421 10.0000 -27.0567
    outer loop
        vertex 1.6697 3.6382 -11.0417
        vertex 1.8201 3.5874 -10.9907
        vertex 1.7707 3.4970 -11.0075
    endloop
endfacet
facet normal 5.3280 10.0000 -27.0151
    outer loop
        vertex 2.0284 3.6772 -10.9201
        vertex 2.0144 3.6033 -10.9249
        vertex 1.8750 3.5429 -10.9721
    endloop
endfacet
facet normal 5.3191 10.0000 -26.9887
    outer loop
        vertex 1.8750 3.5429 -10.9721
        vertex 1.9035 3.6018 -10.9625
        vertex 2.0284 3.6772 -10.9201
    endloop
endfacet
facet normal 5.3205 10.0000 -26.9928
    outer loop
        vertex 1.9035 3.6018 -10.9625
        vertex 1.9260 3.6787 -10.9548
        vertex 2.0299 3.7719 -10.9196
    endloop
endfacet
facet normal 5.3328 10.0000 -27.0293
    outer loop
        vertex 2.0299 3.7719 -10.9196
        vertex 2.0284 3.6772 -10.9201
        vertex 1.9035 3.6018 -10.9625
    endloop
endfacet
facet normal 5.3311 10.0000 -27.0242
    outer loop
        vertex 2.0151 3.8637 -10.9246
        vertex 2.0299 3.7719 -10.9196
        vertex 1.9260 3.6787 -10.9548
    endloop
endfacet
facet normal 5.3274 10.0000 -27.0131
    outer loop
        vertex 1.9260 3.6787 -10.9548
        vertex 1.9315 3.7926 -10.9530
        vertex 2.0151 3.8637 -10.9246
    endloop
endfacet
facet normal 5.3200 10.0000 -26.9914
    outer loop
        vertex 1.7831 3.8325 -11.0033
        vertex 1.7588 3.7758 -11.0115
        vertex 1.6760 3.8159 -11.0396
    endloop
endfacet
facet normal 5.3181 10.0000 -26.9858
    outer loop
        vertex 1.6760 3.8159 -11.0396
        vertex 1.6959 3.8635 -11.0328
        vertex 1.7831 3.8325 -11.0033
    endloop
endfacet
facet normal 5.3135 10.0000 -26.9722
    outer loop
        vertex 1.6063 3.7493 -11.0632
        vertex 1.7279 3.7278 -11.0220
        vertex 1.7470 3.7032 -11.0155
    endloop
endfacet
facet normal 5.3212 10.0000 -26.9948
    outer loop
        vertex 1.7470 3.7032 -11.0155
        vertex 1.6450 3.6924 -11.0501
        vertex 1.6063 3.7493 -11.0632
    endloop
endfacet
facet normal 5.3297 10.0000 -27.0200
    outer loop
        vertex 1.6066 3.8798 -11.0631
        vertex 1.5469 3.8106 -11.0833
        vertex 1.4561 3.8771 -11.1141
    endloop
endfacet
facet normal 5.3354 10.0000 -27.0368
    outer loop
        vertex 1.4561 3.8771 -11.1141
        vertex 1.4748 3.9633 -11.1078
        vertex 1.6066 3.8798 -11.0631
    endloop
endfacet
facet normal 5.3266 10.0000 -27.0110
    outer loop
        vertex 2.0151 3.8637 -10.9246
        vertex 1.9315 3.7926 -10.9530
        vertex 1.9070 3.8769 -10.9613
    endloop
endfacet
facet normal 5.3194 10.0000 -26.9897
    outer loop
        vertex 1.9070 3.8769 -10.9613
        vertex 1.9977 3.9156 -10.9305
        vertex 2.0151 3.8637 -10.9246
    endloop
endfacet
facet normal 5.3183 10.0000 -26.9865
    outer loop
        vertex 1.9813 4.0606 -10.9361
        vertex 2.0278 3.9475 -10.9203
        vertex 1.9977 3.9156 -10.9305
    endloop
endfacet
facet normal 5.3187 10.0000 -26.9877
    outer loop
        vertex 1.9977 3.9156 -10.9305
        vertex 1.9513 4.0173 -10.9463
        vertex 1.9813 4.0606 -10.9361
    endloop
endfacet
facet normal 5.3237 10.0000 -27.0024
    outer loop
        vertex 1.8085 3.9837 -10.9947
        vertex 1.8009 3.9039 -10.9972
        vertex 1.7099 3.9246 -11.0281
    endloop
endfacet
facet normal 5.3242 10.0000 -27.0039
    outer loop
        vertex 1.7099 3.9246 -11.0281
        vertex 1.7142 4.0049 -11.0266
        vertex 1.8085 3.9837 -10.9947
    endloop
endfacet
facet normal 5.3225 10.0000 -26.9989
    outer loop
        vertex 1.7099 3.9246 -11.0281
        vertex 1.8009 3.9039 -10.9972
        vertex 1.7831 3.8325 -11.0033
    endloop
endfacet
facet normal 5.3202 10.0000 -26.9920
    outer loop
        vertex 1.7831 3.8325 -11.0033
        vertex 1.6959 3.8635 -11.0328
        vertex 1.7099 3.9246 -11.0281
    endloop
endfacet
facet normal 5.3227 10.0000 -26.9994
    outer loop
        vertex 2.0664 4.0029 -10.9072
        vertex 2.0278 3.9475 -10.9203
        vertex 1.9813 4.0606 -10.9361
    endloop
endfacet
facet normal 5.3181 10.0000 -26.9857
    outer loop
        vertex 1.9813 4.0606 -10.9361
        vertex 2.0011 4.1030 -10.9294
        vertex 2.0664 4.0029 -10.9072
    endloop
endfacet
facet normal 5.3122 10.0000 -26.9683
    outer loop
        vertex 1.9070 3.8769 -10.9613
        vertex 1.9297 3.9934 -10.9536
        vertex 1.9513 4.0173 -10.9463
    endloop
endfacet
facet normal 5.3314 10.0000 -27.0249
    outer loop
        vertex 1.9513 4.0173 -10.9463
        vertex 1.9977 3.9156 -10.9305
        vertex 1.9070 3.8769 -10.9613
    endloop
endfacet
facet normal 5.3430 10.0000 -27.0593
    outer loop
        vertex 0.7246 4.0488 -11.3621
        vertex 0.7694 4.1310 -11.3469
        vertex 0.9623 4.1163 -11.2815
    endloop
endfacet
facet normal 5.3591 10.0000 -27.1068
    outer loop
        vertex 0.9623 4.1163 -11.2815
        vertex 1.0119 4.0289 -11.2647
        vertex 0.7246 4.0488 -11.3621
    endloop
endfacet
facet normal 5.3534 10.0000 -27.0900
    outer loop
        vertex 1.0119 4.0289 -11.2647
        vertex 0.9623 4.1163 -11.2815
        vertex 1.2413 4.0568 -11.1869
    endloop
endfacet
facet normal 5.3567 10.0000 -27.0995
    outer loop
        vertex 1.2413 4.0568 -11.1869
        vertex 1.2791 3.9613 -11.1741
        vertex 1.0119 4.0289 -11.2647
    endloop
endfacet
facet normal 5.3437 10.0000 -27.0612
    outer loop
        vertex 1.4748 3.9633 -11.1078
        vertex 1.4561 3.8771 -11.1141
        vertex 1.2791 3.9613 -11.1741
    endloop
endfacet
facet normal 5.3477 10.0000 -27.0733
    outer loop
        vertex 1.2791 3.9613 -11.1741
        vertex 1.2413 4.0568 -11.1869
        vertex 1.4748 3.9633 -11.1078
    endloop
endfacet
facet normal 5.3328 10.0000 -27.0292
    outer loop
        vertex 1.7887 4.1124 -11.0014
        vertex 1.8085 3.9837 -10.9947
        vertex 1.7142 4.0049 -11.0266
    endloop
endfacet
facet normal 5.3241 10.0000 -27.0034
    outer loop
        vertex 1.7142 4.0049 -11.0266
        vertex 1.7035 4.0912 -11.0303
        vertex 1.7887 4.1124 -11.0014
    endloop
endfacet
facet normal 5.3208 10.0000 -26.9939
    outer loop
        vertex 1.9070 3.8769 -10.9613
        vertex 1.8538 3.9487 -10.9793
        vertex 1.8389 4.0828 -10.9844
    endloop
endfacet
facet normal 5.3274 10.0000 -27.0131
    outer loop
        vertex 1.8389 4.0828 -10.9844
        vertex 1.9013 4.0282 -10.9632
        vertex 1.9070 3.8769 -10.9613
    endloop
endfacet
facet normal 5.3205 10.0000 -26.9928
    outer loop
        vertex 1.8085 3.9837 -10.9947
        vertex 1.7887 4.1124 -11.0014
        vertex 1.8389 4.0828 -10.9844
    endloop
endfacet
facet normal 5.3198 10.0000 -26.9908
    outer loop
        vertex 1.8389 4.0828 -10.9844
        vertex 1.8538 3.9487 -10.9793
        vertex 1.8085 3.9837 -10.9947
    endloop
endfacet
facet normal 5.3466 10.0000 -27.0698
    outer loop
        vertex 0.2983 4.0651 -11.5066
        vertex 0.5117 4.1156 -11.4343
        vertex 0.5204 4.0324 -11.4313
    endloop
endfacet
facet normal 5.3453 10.0000 -27.0660
    outer loop
        vertex 0.5204 4.0324 -11.4313
        vertex 0.3193 3.9828 -11.4995
        vertex 0.2983 4.0651 -11.5066
    endloop
endfacet
facet normal 5.3420 10.0000 -27.0563
    outer loop
        vertex 0.7694 4.1310 -11.3469
        vertex 0.7246 4.0488 -11.3621
        vertex 0.5204 4.0324 -11.4313
    endloop
endfacet
facet normal 5.3537 10.0000 -27.0909
    outer loop
        vertex 0.5204 4.0324 -11.4313
        vertex 0.5117 4.1156 -11.4343
        vertex 0.7694 4.1310 -11.3469
    endloop
endfacet
facet normal 5.3575 10.0000 -27.1021
    outer loop
        vertex 2.1200 4.3307 -10.8891
        vertex 2.0945 4.0680 -10.8977
        vertex 2.0153 4.1688 -10.9246
    endloop
endfacet
facet normal 5.3173 10.0000 -26.9835
    outer loop
        vertex 2.0153 4.1688 -10.9246
        vertex 2.0149 4.2102 -10.9247
        vertex 2.1200 4.3307 -10.8891
    endloop
endfacet
facet normal 5.3149 10.0000 -26.9764
    outer loop
        vertex 2.0149 4.2102 -10.9247
        vertex 2.0071 4.2534 -10.9273
        vertex 2.0735 4.3036 -10.9048
    endloop
endfacet
facet normal 5.3138 10.0000 -26.9732
    outer loop
        vertex 2.0735 4.3036 -10.9048
        vertex 2.1200 4.3307 -10.8891
        vertex 2.0149 4.2102 -10.9247
    endloop
endfacet
facet normal 5.3287 10.0000 -27.0170
    outer loop
        vertex 1.6043 4.3042 -11.0639
        vertex 1.5329 4.3822 -11.0881
        vertex 1.5907 4.4558 -11.0685
    endloop
endfacet
facet normal 5.3301 10.0000 -27.0211
    outer loop
        vertex 1.5907 4.4558 -11.0685
        vertex 1.6673 4.3676 -11.0425
        vertex 1.6043 4.3042 -11.0639
    endloop
endfacet
facet normal 5.3313 10.0000 -27.0247
    outer loop
        vertex 1.6673 4.3676 -11.0425
        vertex 1.7381 4.2627 -11.0185
        vertex 1.6321 4.2645 -11.0545
    endloop
endfacet
facet normal 5.3170 10.0000 -26.9826
    outer loop
        vertex 1.6321 4.2645 -11.0545
        vertex 1.6043 4.3042 -11.0639
        vertex 1.6673 4.3676 -11.0425
    endloop
endfacet
facet normal 5.3184 10.0000 -26.9866
    outer loop
        vertex 1.9709 4.3360 -10.9396
        vertex 1.9337 4.3854 -10.9522
        vertex 2.0076 4.4187 -10.9272
    endloop
endfacet
facet normal 5.3188 10.0000 -26.9879
    outer loop
        vertex 2.0076 4.4187 -10.9272
        vertex 2.0453 4.3648 -10.9144
        vertex 1.9709 4.3360 -10.9396
    endloop
endfacet
facet normal 5.3190 10.0000 -26.9885
    outer loop
        vertex 2.0453 4.3648 -10.9144
        vertex 2.0735 4.3036 -10.9048
        vertex 1.9906 4.2993 -10.9329
    endloop
endfacet
facet normal 5.3150 10.0000 -26.9766
    outer loop
        vertex 1.9906 4.2993 -10.9329
        vertex 1.9709 4.3360 -10.9396
        vertex 2.0453 4.3648 -10.9144
    endloop
endfacet
facet normal 5.3195 10.0000 -26.9900
    outer loop
        vertex 1.8774 4.4372 -10.9713
        vertex 1.8136 4.4768 -10.9929
        vertex 1.8927 4.5132 -10.9661
    endloop
endfacet
facet normal 5.3203 10.0000 -26.9923
    outer loop
        vertex 1.8927 4.5132 -10.9661
        vertex 1.9597 4.4666 -10.9434
        vertex 1.8774 4.4372 -10.9713
    endloop
endfacet
facet normal 5.3209 10.0000 -26.9939
    outer loop
        vertex 1.7489 4.5021 -11.0149
        vertex 1.8142 4.5493 -10.9927
        vertex 1.8927 4.5132 -10.9661
    endloop
endfacet
facet normal 5.3172 10.0000 -26.9832
    outer loop
        vertex 1.8927 4.5132 -10.9661
        vertex 1.8136 4.4768 -10.9929
        vertex 1.7489 4.5021 -11.0149
    endloop
endfacet
facet normal 5.3189 10.0000 -26.9881
    outer loop
        vertex 1.9597 4.4666 -10.9434
        vertex 2.0076 4.4187 -10.9272
        vertex 1.9337 4.3854 -10.9522
    endloop
endfacet
facet normal 5.3205 10.0000 -26.9930
    outer loop
        vertex 1.9337 4.3854 -10.9522
        vertex 1.8774 4.4372 -10.9713
        vertex 1.9597 4.4666 -10.9434
    endloop
endfacet
facet normal 5.3224 10.0000 -26.9985
    outer loop
        vertex 1.7142 4.5764 -11.0266
        vertex 1.6825 4.5148 -11.0374
        vertex 1.5918 4.5532 -11.0681
    endloop
endfacet
facet normal 5.3112 10.0000 -26.9654
    outer loop
        vertex 1.5918 4.5532 -11.0681
        vertex 1.6789 4.5820 -11.0386
        vertex 1.7142 4.5764 -11.0266
    endloop
endfacet
facet normal 5.3197 10.0000 -26.9905
    outer loop
        vertex 1.6781 4.4532 -11.0389
        vertex 1.5939 4.4868 -11.0674
        vertex 1.5918 4.5532 -11.0681
    endloop
endfacet
facet normal 5.3202 10.0000 -26.9919
    outer loop
        vertex 1.5918 4.5532 -11.0681
        vertex 1.6825 4.5148 -11.0374
        vertex 1.6781 4.4532 -11.0389
    endloop
endfacet
facet normal 5.3398 10.0000 -27.0498
    outer loop
        vertex 1.4573 4.5457 -11.1137
        vertex 1.5907 4.4558 -11.0685
        vertex 1.5329 4.3822 -11.0881
    endloop
endfacet
facet normal 5.3299 10.0000 -27.0206
    outer loop
        vertex 1.5329 4.3822 -11.0881
        vertex 1.4353 4.4566 -11.1212
        vertex 1.4573 4.5457 -11.1137
    endloop
endfacet
facet normal 5.3218 10.0000 -26.9966
    outer loop
        vertex 1.7142 4.5764 -11.0266
        vertex 1.8142 4.5493 -10.9927
        vertex 1.7489 4.5021 -11.0149
    endloop
endfacet
facet normal 5.3175 10.0000 -26.9841
    outer loop
        vertex 1.7489 4.5021 -11.0149
        vertex 1.6825 4.5148 -11.0374
        vertex 1.7142 4.5764 -11.0266
    endloop
endfacet
facet normal 5.3162 10.0000 -26.9801
    outer loop
        vertex 1.6765 4.6256 -11.0394
        vertex 1.6789 4.5820 -11.0386
        vertex 1.5918 4.5532 -11.0681
    endloop
endfacet
facet normal 5.3232 10.0000 -27.0010
    outer loop
        vertex 1.5918 4.5532 -11.0681
        vertex 1.5772 4.6256 -11.0731
        vertex 1.6765 4.6256 -11.0394
    endloop
endfacet
facet normal 5.3142 10.0000 -26.9744
    outer loop
        vertex 0.8253 2.4856 -11.3280
        vertex 0.9362 2.4402 -11.2903
        vertex 0.9419 2.4114 -11.2884
    endloop
endfacet
facet normal 5.3153 10.0000 -26.9776
    outer loop
        vertex 0.9419 2.4114 -11.2884
        vertex 0.8098 2.4658 -11.3332
        vertex 0.8253 2.4856 -11.3280
    endloop
endfacet
facet normal 5.3258 10.0000 -27.0086
    outer loop
        vertex 1.7727 4.1810 -11.0068
        vertex 1.6767 4.1782 -11.0394
        vertex 1.6321 4.2645 -11.0545
    endloop
endfacet
facet normal 5.3262 10.0000 -27.0097
    outer loop
        vertex 1.6321 4.2645 -11.0545
        vertex 1.7381 4.2627 -11.0185
        vertex 1.7727 4.1810 -11.0068
    endloop
endfacet
facet normal 5.3166 10.0000 -26.9813
    outer loop
        vertex 0.7729 1.9594 -11.3457
        vertex 0.8418 1.8774 -11.3224
        vertex 0.8116 1.8544 -11.3326
    endloop
endfacet
facet normal 5.3114 10.0000 -26.9659
    outer loop
        vertex 0.8116 1.8544 -11.3326
        vertex 0.7613 1.9497 -11.3497
        vertex 0.7729 1.9594 -11.3457
    endloop
endfacet
facet normal 5.3249 10.0000 -27.0057
    outer loop
        vertex 0.5893 1.8395 -11.4080
        vertex 0.5226 1.8741 -11.4306
        vertex 0.5986 1.9541 -11.4048
    endloop
endfacet
facet normal 5.3127 10.0000 -26.9697
    outer loop
        vertex 0.5986 1.9541 -11.4048
        vertex 0.6170 1.9450 -11.3986
        vertex 0.5893 1.8395 -11.4080
    endloop
endfacet
facet normal 5.3080 10.0000 -26.9561
    outer loop
        vertex 0.9045 2.2820 -11.3011
        vertex 0.8958 2.2760 -11.3040
        vertex 0.8881 2.2725 -11.3067
    endloop
endfacet
facet normal 5.3081 10.0000 -26.9563
    outer loop
        vertex 0.8881 2.2725 -11.3067
        vertex 0.9128 2.2901 -11.2983
        vertex 0.9045 2.2820 -11.3011
    endloop
endfacet
facet normal 5.3099 10.0000 -26.9616
    outer loop
        vertex 0.9445 2.4885 -11.2875
        vertex 0.8473 2.5040 -11.3205
        vertex 0.8610 2.5109 -11.3159
    endloop
endfacet
facet normal 5.3098 10.0000 -26.9614
    outer loop
        vertex 0.8610 2.5109 -11.3159
        vertex 0.9261 2.5038 -11.2938
        vertex 0.9445 2.4885 -11.2875
    endloop
endfacet
facet normal 5.3090 10.0000 -26.9589
    outer loop
        vertex 0.8610 2.5109 -11.3159
        vertex 0.9072 2.5130 -11.3002
        vertex 0.9261 2.5038 -11.2938
    endloop
endfacet
facet normal 5.3239 10.0000 -27.0030
    outer loop
        vertex 1.2465 2.5319 -11.1852
        vertex 1.2301 2.4604 -11.1907
        vertex 1.1453 2.5491 -11.2195
    endloop
endfacet
facet normal 5.3208 10.0000 -26.9938
    outer loop
        vertex 1.1453 2.5491 -11.2195
        vertex 1.1477 2.6084 -11.2187
        vertex 1.2465 2.5319 -11.1852
    endloop
endfacet
facet normal 5.3214 10.0000 -26.9955
    outer loop
        vertex 0.8887 2.6845 -11.3065
        vertex 0.8043 2.6158 -11.3351
        vertex 0.7202 2.6222 -11.3636
    endloop
endfacet
facet normal 5.3556 10.0000 -27.0963
    outer loop
        vertex 0.7202 2.6222 -11.3636
        vertex 0.7776 2.7767 -11.3441
        vertex 0.8887 2.6845 -11.3065
    endloop
endfacet
facet normal 5.3089 10.0000 -26.9588
    outer loop
        vertex 0.5682 2.6776 -11.4151
        vertex 0.5304 2.6928 -11.4279
        vertex 0.5385 2.7012 -11.4252
    endloop
endfacet
facet normal 5.3083 10.0000 -26.9569
    outer loop
        vertex 0.5385 2.7012 -11.4252
        vertex 0.5531 2.6946 -11.4202
        vertex 0.5682 2.6776 -11.4151
    endloop
endfacet
facet normal 5.3272 10.0000 -27.0126
    outer loop
        vertex 1.7310 3.1410 -11.0209
        vertex 1.7700 3.0351 -11.0077
        vertex 1.7024 2.9861 -11.0306
    endloop
endfacet
facet normal 5.3188 10.0000 -26.9879
    outer loop
        vertex 1.7024 2.9861 -11.0306
        vertex 1.6915 3.1058 -11.0343
        vertex 1.7310 3.1410 -11.0209
    endloop
endfacet
facet normal 5.3289 10.0000 -27.0178
    outer loop
        vertex 1.7024 2.9861 -11.0306
        vertex 1.6196 2.9447 -11.0587
        vertex 1.6458 3.0772 -11.0498
    endloop
endfacet
facet normal 5.3203 10.0000 -26.9922
    outer loop
        vertex 1.6458 3.0772 -11.0498
        vertex 1.6915 3.1058 -11.0343
        vertex 1.7024 2.9861 -11.0306
    endloop
endfacet
facet normal 5.3252 10.0000 -27.0067
    outer loop
        vertex 1.4897 3.3301 -11.1027
        vertex 1.4486 3.2570 -11.1167
        vertex 1.3655 3.3067 -11.1449
    endloop
endfacet
facet normal 5.3334 10.0000 -27.0310
    outer loop
        vertex 1.3655 3.3067 -11.1449
        vertex 1.3485 3.4000 -11.1506
        vertex 1.4897 3.3301 -11.1027
    endloop
endfacet
facet normal 5.3651 10.0000 -27.1244
    outer loop
        vertex 0.5210 3.5060 -11.4311
        vertex 0.6358 3.4310 -11.3922
        vertex 0.3394 3.3898 -11.4927
    endloop
endfacet
facet normal 5.3482 10.0000 -27.0746
    outer loop
        vertex 0.3394 3.3898 -11.4927
        vertex 0.2856 3.4600 -11.5109
        vertex 0.5210 3.5060 -11.4311
    endloop
endfacet
facet normal 5.3262 10.0000 -27.0098
    outer loop
        vertex 1.5469 3.8106 -11.0833
        vertex 1.6066 3.8798 -11.0631
        vertex 1.6760 3.8159 -11.0396
    endloop
endfacet
facet normal 5.3254 10.0000 -27.0075
    outer loop
        vertex 1.6760 3.8159 -11.0396
        vertex 1.6063 3.7493 -11.0632
        vertex 1.5469 3.8106 -11.0833
    endloop
endfacet
facet normal 5.3218 10.0000 -26.9966
    outer loop
        vertex 1.7588 3.7758 -11.0115
        vertex 1.7279 3.7278 -11.0220
        vertex 1.6063 3.7493 -11.0632
    endloop
endfacet
facet normal 5.3256 10.0000 -27.0080
    outer loop
        vertex 1.6063 3.7493 -11.0632
        vertex 1.6760 3.8159 -11.0396
        vertex 1.7588 3.7758 -11.0115
    endloop
endfacet
facet normal 5.3230 10.0000 -27.0002
    outer loop
        vertex 2.0945 4.0680 -10.8977
        vertex 2.0664 4.0029 -10.9072
        vertex 2.0011 4.1030 -10.9294
    endloop
endfacet
facet normal 5.3221 10.0000 -26.9975
    outer loop
        vertex 2.0011 4.1030 -10.9294
        vertex 2.0153 4.1688 -10.9246
        vertex 2.0945 4.0680 -10.8977
    endloop
endfacet
facet normal 5.3136 10.0000 -26.9726
    outer loop
        vertex 1.6673 4.3676 -11.0425
        vertex 1.5907 4.4558 -11.0685
        vertex 1.5939 4.4868 -11.0674
    endloop
endfacet
facet normal 5.3240 10.0000 -27.0033
    outer loop
        vertex 1.5939 4.4868 -11.0674
        vertex 1.6781 4.4532 -11.0389
        vertex 1.6673 4.3676 -11.0425
    endloop
endfacet
facet normal 5.3423 10.0000 -27.0571
    outer loop
        vertex 1.3000 4.5254 -11.1670
        vertex 1.2791 4.6256 -11.1741
        vertex 1.4573 4.5457 -11.1137
    endloop
endfacet
facet normal 5.3367 10.0000 -27.0408
    outer loop
        vertex 1.4573 4.5457 -11.1137
        vertex 1.4353 4.4566 -11.1212
        vertex 1.3000 4.5254 -11.1670
    endloop
endfacet
facet normal 5.3211 10.0000 -26.9947
    outer loop
        vertex 1.7727 4.1810 -11.0068
        vertex 1.7887 4.1124 -11.0014
        vertex 1.7035 4.0912 -11.0303
    endloop
endfacet
facet normal 5.3259 10.0000 -27.0087
    outer loop
        vertex 1.7035 4.0912 -11.0303
        vertex 1.6767 4.1782 -11.0394
        vertex 1.7727 4.1810 -11.0068
    endloop
endfacet
facet normal 5.3200 10.0000 -26.9914
    outer loop
        vertex 0.7213 1.9362 -11.3632
        vertex 0.7300 1.8278 -11.3603
        vertex 0.6780 1.8247 -11.3779
    endloop
endfacet
facet normal 5.3172 10.0000 -26.9833
    outer loop
        vertex 0.6780 1.8247 -11.3779
        vertex 0.6810 1.9332 -11.3769
        vertex 0.7213 1.9362 -11.3632
    endloop
endfacet
facet normal 5.3193 10.0000 -26.9894
    outer loop
        vertex 0.7474 1.9431 -11.3544
        vertex 0.7780 1.8393 -11.3440
        vertex 0.7300 1.8278 -11.3603
    endloop
endfacet
facet normal 5.3141 10.0000 -26.9741
    outer loop
        vertex 0.7300 1.8278 -11.3603
        vertex 0.7213 1.9362 -11.3632
        vertex 0.7474 1.9431 -11.3544
    endloop
endfacet
facet normal 5.3205 10.0000 -26.9929
    outer loop
        vertex 0.6436 1.9372 -11.3896
        vertex 0.6430 1.8274 -11.3898
        vertex 0.5893 1.8395 -11.4080
    endloop
endfacet
facet normal 5.3144 10.0000 -26.9749
    outer loop
        vertex 0.5893 1.8395 -11.4080
        vertex 0.6170 1.9450 -11.3986
        vertex 0.6436 1.9372 -11.3896
    endloop
endfacet
facet normal 5.3167 10.0000 -26.9817
    outer loop
        vertex 0.6430 1.8274 -11.3898
        vertex 0.6436 1.9372 -11.3896
        vertex 0.6810 1.9332 -11.3769
    endloop
endfacet
facet normal 5.3161 10.0000 -26.9798
    outer loop
        vertex 0.6810 1.9332 -11.3769
        vertex 0.6780 1.8247 -11.3779
        vertex 0.6430 1.8274 -11.3898
    endloop
endfacet
facet normal 5.3115 10.0000 -26.9663
    outer loop
        vertex 0.7474 1.9431 -11.3544
        vertex 0.7613 1.9497 -11.3497
        vertex 0.8116 1.8544 -11.3326
    endloop
endfacet
facet normal 5.3164 10.0000 -26.9807
    outer loop
        vertex 0.8116 1.8544 -11.3326
        vertex 0.7780 1.8393 -11.3440
        vertex 0.7474 1.9431 -11.3544
    endloop
endfacet
facet normal 5.3136 10.0000 -26.9726
    outer loop
        vertex 0.5226 1.8741 -11.4306
        vertex 0.5048 1.8910 -11.4366
        vertex 0.5855 1.9637 -11.4092
    endloop
endfacet
facet normal 5.3118 10.0000 -26.9671
    outer loop
        vertex 0.5855 1.9637 -11.4092
        vertex 0.5986 1.9541 -11.4048
        vertex 0.5226 1.8741 -11.4306
    endloop
endfacet
facet normal 5.3096 10.0000 -26.9608
    outer loop
        vertex 0.7773 1.9690 -11.3442
        vertex 0.7763 1.9782 -11.3446
        vertex 0.8536 2.0306 -11.3184
    endloop
endfacet
facet normal 5.3279 10.0000 -27.0148
    outer loop
        vertex 0.8536 2.0306 -11.3184
        vertex 0.8727 1.9227 -11.3119
        vertex 0.7773 1.9690 -11.3442
    endloop
endfacet
facet normal 5.3103 10.0000 -26.9629
    outer loop
        vertex 0.7729 1.9594 -11.3457
        vertex 0.7773 1.9690 -11.3442
        vertex 0.8629 1.9027 -11.3152
    endloop
endfacet
facet normal 5.3154 10.0000 -26.9777
    outer loop
        vertex 0.8629 1.9027 -11.3152
        vertex 0.8418 1.8774 -11.3224
        vertex 0.7729 1.9594 -11.3457
    endloop
endfacet
facet normal 5.3127 10.0000 -26.9697
    outer loop
        vertex 0.5855 1.9637 -11.4092
        vertex 0.5048 1.8910 -11.4366
        vertex 0.4926 1.9072 -11.4407
    endloop
endfacet
facet normal 5.3098 10.0000 -26.9612
    outer loop
        vertex 0.4926 1.9072 -11.4407
        vertex 0.5804 1.9696 -11.4110
        vertex 0.5855 1.9637 -11.4092
    endloop
endfacet
facet normal 5.3221 10.0000 -26.9976
    outer loop
        vertex 0.8727 1.9227 -11.3119
        vertex 0.8536 2.0306 -11.3184
        vertex 0.9098 2.0618 -11.2993
    endloop
endfacet
facet normal 5.3261 10.0000 -27.0094
    outer loop
        vertex 0.9098 2.0618 -11.2993
        vertex 0.9431 1.9564 -11.2880
        vertex 0.8727 1.9227 -11.3119
    endloop
endfacet
facet normal 5.3121 10.0000 -26.9682
    outer loop
        vertex 0.5804 1.9696 -11.4110
        vertex 0.5403 2.0245 -11.4246
        vertex 0.5845 2.0127 -11.4096
    endloop
endfacet
facet normal 5.3083 10.0000 -26.9569
    outer loop
        vertex 0.5845 2.0127 -11.4096
        vertex 0.5846 1.9776 -11.4095
        vertex 0.5804 1.9696 -11.4110
    endloop
endfacet
facet normal 5.3235 10.0000 -27.0018
    outer loop
        vertex 0.5403 2.0245 -11.4246
        vertex 0.5804 1.9696 -11.4110
        vertex 0.4926 1.9072 -11.4407
    endloop
endfacet
facet normal 5.3138 10.0000 -26.9731
    outer loop
        vertex 0.4926 1.9072 -11.4407
        vertex 0.4806 1.9350 -11.4448
        vertex 0.5403 2.0245 -11.4246
    endloop
endfacet
facet normal 5.3227 10.0000 -26.9994
    outer loop
        vertex 0.5403 2.0245 -11.4246
        vertex 0.4806 1.9350 -11.4448
        vertex 0.4223 1.9639 -11.4646
    endloop
endfacet
facet normal 5.3210 10.0000 -26.9943
    outer loop
        vertex 0.4223 1.9639 -11.4646
        vertex 0.4876 2.0494 -11.4424
        vertex 0.5403 2.0245 -11.4246
    endloop
endfacet
facet normal 5.3203 10.0000 -26.9924
    outer loop
        vertex 0.9431 1.9564 -11.2880
        vertex 0.9098 2.0618 -11.2993
        vertex 0.9537 2.0976 -11.2844
    endloop
endfacet
facet normal 5.3258 10.0000 -27.0085
    outer loop
        vertex 0.9537 2.0976 -11.2844
        vertex 1.0060 2.0029 -11.2667
        vertex 0.9431 1.9564 -11.2880
    endloop
endfacet
facet normal 5.3085 10.0000 -26.9575
    outer loop
        vertex 0.7763 1.9782 -11.3446
        vertex 0.7673 1.9856 -11.3476
        vertex 0.7764 2.0046 -11.3445
    endloop
endfacet
facet normal 5.3123 10.0000 -26.9687
    outer loop
        vertex 0.7764 2.0046 -11.3445
        vertex 0.8536 2.0306 -11.3184
        vertex 0.7763 1.9782 -11.3446
    endloop
endfacet
facet normal 5.3097 10.0000 -26.9610
    outer loop
        vertex 0.6277 1.9928 -11.3949
        vertex 0.6020 1.9860 -11.4037
        vertex 0.5845 2.0127 -11.4096
    endloop
endfacet
facet normal 5.3095 10.0000 -26.9604
    outer loop
        vertex 0.5845 2.0127 -11.4096
        vertex 0.6325 2.0069 -11.3933
        vertex 0.6277 1.9928 -11.3949
    endloop
endfacet
facet normal 5.3247 10.0000 -27.0054
    outer loop
        vertex 0.9847 2.1332 -11.2739
        vertex 1.0577 2.0583 -11.2492
        vertex 1.0060 2.0029 -11.2667
    endloop
endfacet
facet normal 5.3182 10.0000 -26.9860
    outer loop
        vertex 1.0060 2.0029 -11.2667
        vertex 0.9537 2.0976 -11.2844
        vertex 0.9847 2.1332 -11.2739
    endloop
endfacet
facet normal 5.3231 10.0000 -27.0004
    outer loop
        vertex 0.4876 2.0494 -11.4424
        vertex 0.4223 1.9639 -11.4646
        vertex 0.3694 2.0036 -11.4825
    endloop
endfacet
facet normal 5.3207 10.0000 -26.9934
    outer loop
        vertex 0.3694 2.0036 -11.4825
        vertex 0.4420 2.0823 -11.4579
        vertex 0.4876 2.0494 -11.4424
    endloop
endfacet
facet normal 5.3242 10.0000 -27.0039
    outer loop
        vertex 0.4420 2.0823 -11.4579
        vertex 0.3694 2.0036 -11.4825
        vertex 0.3203 2.0558 -11.4991
    endloop
endfacet
facet normal 5.3212 10.0000 -26.9949
    outer loop
        vertex 0.3203 2.0558 -11.4991
        vertex 0.4015 2.1246 -11.4716
        vertex 0.4420 2.0823 -11.4579
    endloop
endfacet
facet normal 5.3243 10.0000 -27.0040
    outer loop
        vertex 1.0110 2.1762 -11.2650
        vertex 1.0978 2.1212 -11.2356
        vertex 1.0577 2.0583 -11.2492
    endloop
endfacet
facet normal 5.3188 10.0000 -26.9879
    outer loop
        vertex 1.0577 2.0583 -11.2492
        vertex 0.9847 2.1332 -11.2739
        vertex 1.0110 2.1762 -11.2650
    endloop
endfacet
facet normal 5.3252 10.0000 -27.0068
    outer loop
        vertex 0.4015 2.1246 -11.4716
        vertex 0.3203 2.0558 -11.4991
        vertex 0.2778 2.1200 -11.5135
    endloop
endfacet
facet normal 5.3205 10.0000 -26.9929
    outer loop
        vertex 0.2778 2.1200 -11.5135
        vertex 0.3707 2.1712 -11.4820
        vertex 0.4015 2.1246 -11.4716
    endloop
endfacet
facet normal 5.3225 10.0000 -26.9988
    outer loop
        vertex 0.2435 2.1976 -11.5252
        vertex 0.3454 2.2303 -11.4906
        vertex 0.3707 2.1712 -11.4820
    endloop
endfacet
facet normal 5.3270 10.0000 -27.0121
    outer loop
        vertex 0.3707 2.1712 -11.4820
        vertex 0.2778 2.1200 -11.5135
        vertex 0.2435 2.1976 -11.5252
    endloop
endfacet
facet normal 5.3231 10.0000 -27.0004
    outer loop
        vertex 1.0292 2.2236 -11.2588
        vertex 1.1243 2.1853 -11.2266
        vertex 1.0978 2.1212 -11.2356
    endloop
endfacet
facet normal 5.3189 10.0000 -26.9880
    outer loop
        vertex 1.0978 2.1212 -11.2356
        vertex 1.0110 2.1762 -11.2650
        vertex 1.0292 2.2236 -11.2588
    endloop
endfacet
facet normal 5.3093 10.0000 -26.9597
    outer loop
        vertex 0.8411 2.1683 -11.3226
        vertex 0.8597 2.1987 -11.3163
        vertex 0.8774 2.1954 -11.3103
    endloop
endfacet
facet normal 5.3092 10.0000 -26.9595
    outer loop
        vertex 0.8774 2.1954 -11.3103
        vertex 0.8540 2.1626 -11.3182
        vertex 0.8411 2.1683 -11.3226
    endloop
endfacet
facet normal 5.3082 10.0000 -26.9565
    outer loop
        vertex 0.8888 2.1603 -11.3064
        vertex 0.8739 2.1591 -11.3115
        vertex 0.8540 2.1626 -11.3182
    endloop
endfacet
facet normal 5.3105 10.0000 -26.9635
    outer loop
        vertex 0.8540 2.1626 -11.3182
        vertex 0.8774 2.1954 -11.3103
        vertex 0.8888 2.1603 -11.3064
    endloop
endfacet
facet normal 5.3097 10.0000 -26.9609
    outer loop
        vertex 0.8888 2.1603 -11.3064
        vertex 0.8774 2.1954 -11.3103
        vertex 0.8979 2.2008 -11.3034
    endloop
endfacet
facet normal 5.3092 10.0000 -26.9594
    outer loop
        vertex 0.8979 2.2008 -11.3034
        vertex 0.9032 2.1643 -11.3015
        vertex 0.8888 2.1603 -11.3064
    endloop
endfacet
facet normal 5.3081 10.0000 -26.9563
    outer loop
        vertex 0.9289 2.1807 -11.2928
        vertex 0.9165 2.1710 -11.2971
        vertex 0.9032 2.1643 -11.3015
    endloop
endfacet
facet normal 5.3102 10.0000 -26.9624
    outer loop
        vertex 0.9032 2.1643 -11.3015
        vertex 0.8979 2.2008 -11.3034
        vertex 0.9289 2.1807 -11.2928
    endloop
endfacet
facet normal 5.3091 10.0000 -26.9593
    outer loop
        vertex 0.8411 2.1683 -11.3226
        vertex 0.8284 2.1768 -11.3269
        vertex 0.8480 2.2056 -11.3202
    endloop
endfacet
facet normal 5.3090 10.0000 -26.9590
    outer loop
        vertex 0.8480 2.2056 -11.3202
        vertex 0.8597 2.1987 -11.3163
        vertex 0.8411 2.1683 -11.3226
    endloop
endfacet
facet normal 5.3089 10.0000 -26.9588
    outer loop
        vertex 0.8388 2.2144 -11.3234
        vertex 0.8480 2.2056 -11.3202
        vertex 0.8284 2.1768 -11.3269
    endloop
endfacet
facet normal 5.3093 10.0000 -26.9597
    outer loop
        vertex 0.8284 2.1768 -11.3269
        vertex 0.8158 2.1890 -11.3312
        vertex 0.8388 2.2144 -11.3234
    endloop
endfacet
facet normal 5.3089 10.0000 -26.9587
    outer loop
        vertex 0.9374 2.1890 -11.2899
        vertex 0.9289 2.1807 -11.2928
        vertex 0.8979 2.2008 -11.3034
    endloop
endfacet
facet normal 5.3094 10.0000 -26.9600
    outer loop
        vertex 0.8979 2.2008 -11.3034
        vertex 0.9129 2.2124 -11.2983
        vertex 0.9374 2.1890 -11.2899
    endloop
endfacet
facet normal 5.3195 10.0000 -26.9899
    outer loop
        vertex 1.1243 2.1853 -11.2266
        vertex 1.0292 2.2236 -11.2588
        vertex 1.0391 2.2767 -11.2555
    endloop
endfacet
facet normal 5.3226 10.0000 -26.9991
    outer loop
        vertex 1.0391 2.2767 -11.2555
        vertex 1.1390 2.2505 -11.2216
        vertex 1.1243 2.1853 -11.2266
    endloop
endfacet
facet normal 5.3093 10.0000 -26.9597
    outer loop
        vertex 0.8284 2.2288 -11.3269
        vertex 0.8388 2.2144 -11.3234
        vertex 0.8158 2.1890 -11.3312
    endloop
endfacet
facet normal 5.3095 10.0000 -26.9604
    outer loop
        vertex 0.8158 2.1890 -11.3312
        vertex 0.8033 2.2058 -11.3354
        vertex 0.8284 2.2288 -11.3269
    endloop
endfacet
facet normal 5.3097 10.0000 -26.9610
    outer loop
        vertex 0.8177 2.2506 -11.3305
        vertex 0.8284 2.2288 -11.3269
        vertex 0.8033 2.2058 -11.3354
    endloop
endfacet
facet normal 5.3101 10.0000 -26.9621
    outer loop
        vertex 0.8033 2.2058 -11.3354
        vertex 0.7899 2.2319 -11.3400
        vertex 0.8177 2.2506 -11.3305
    endloop
endfacet
facet normal 5.3096 10.0000 -26.9608
    outer loop
        vertex 0.9374 2.1890 -11.2899
        vertex 0.9129 2.2124 -11.2983
        vertex 0.9274 2.2302 -11.2934
    endloop
endfacet
facet normal 5.3097 10.0000 -26.9611
    outer loop
        vertex 0.9274 2.2302 -11.2934
        vertex 0.9525 2.2083 -11.2849
        vertex 0.9374 2.1890 -11.2899
    endloop
endfacet
facet normal 5.3097 10.0000 -26.9612
    outer loop
        vertex 0.9525 2.2083 -11.2849
        vertex 0.9274 2.2302 -11.2934
        vertex 0.9393 2.2526 -11.2893
    endloop
endfacet
facet normal 5.3102 10.0000 -26.9625
    outer loop
        vertex 0.9393 2.2526 -11.2893
        vertex 0.9675 2.2363 -11.2797
        vertex 0.9525 2.2083 -11.2849
    endloop
endfacet
facet normal 5.3239 10.0000 -27.0029
    outer loop
        vertex 0.2226 2.2829 -11.5323
        vertex 0.3300 2.2981 -11.4959
        vertex 0.3454 2.2303 -11.4906
    endloop
endfacet
facet normal 5.3279 10.0000 -27.0146
    outer loop
        vertex 0.3454 2.2303 -11.4906
        vertex 0.2435 2.1976 -11.5252
        vertex 0.2226 2.2829 -11.5323
    endloop
endfacet
facet normal 5.3425 10.0000 -27.0577
    outer loop
        vertex 0.1667 4.5850 -11.5512
        vertex 0.2714 4.6256 -11.5157
        vertex 0.6312 4.6097 -11.3938
    endloop
endfacet
facet normal 5.3413 10.0000 -27.0541
    outer loop
        vertex 0.6312 4.6097 -11.3938
        vertex 0.3516 4.5610 -11.4885
        vertex 0.1667 4.5850 -11.5512
    endloop
endfacet
facet normal 5.3167 10.0000 -26.9817
    outer loop
        vertex 0.2545 2.5443 -11.5215
        vertex 0.1667 2.4788 -11.5512
        vertex 0.2471 2.5857 -11.5240
    endloop
endfacet
facet normal 5.3350 10.0000 -27.0357
    outer loop
        vertex 0.3193 3.9828 -11.4995
        vertex 0.1855 3.9209 -11.5448
        vertex 0.1667 4.0076 -11.5512
    endloop
endfacet
facet normal 5.3335 10.0000 -27.0313
    outer loop
        vertex 0.1667 4.0076 -11.5512
        vertex 0.2983 4.0651 -11.5066
        vertex 0.3193 3.9828 -11.4995
    endloop
endfacet
facet normal 5.3101 10.0000 -26.9621
    outer loop
        vertex 2.1555 4.3613 -10.8770
        vertex 2.1616 4.3689 -10.8750
        vertex 2.1616 4.2090 -10.8750
    endloop
endfacet
facet normal 5.3199 10.0000 -26.9910
    outer loop
        vertex 2.1200 4.3307 -10.8891
        vertex 2.1555 4.3613 -10.8770
        vertex 2.1616 4.2090 -10.8750
    endloop
endfacet
facet normal 5.3377 10.0000 -27.0436
    outer loop
        vertex 2.1616 4.2090 -10.8750
        vertex 2.0945 4.0680 -10.8977
        vertex 2.1200 4.3307 -10.8891
    endloop
endfacet
facet normal 5.3155 10.0000 -26.9782
    outer loop
        vertex 0.1889 2.4338 -11.5437
        vertex 0.2872 2.4706 -11.5104
        vertex 0.3096 2.4428 -11.5028
    endloop
endfacet
facet normal 5.3164 10.0000 -26.9807
    outer loop
        vertex 0.2687 2.5039 -11.5166
        vertex 0.2872 2.4706 -11.5104
        vertex 0.1889 2.4338 -11.5437
    endloop
endfacet
facet normal 5.3189 10.0000 -26.9882
    outer loop
        vertex 0.1889 2.4338 -11.5437
        vertex 0.1667 2.4788 -11.5512
        vertex 0.2687 2.5039 -11.5166
    endloop
endfacet
facet normal 5.3186 10.0000 -26.9871
    outer loop
        vertex 0.2159 2.8563 -11.5345
        vertex 0.1667 2.8603 -11.5512
        vertex 0.1667 2.9614 -11.5512
    endloop
endfacet
facet normal 5.3092 10.0000 -26.9596
    outer loop
        vertex 0.1667 2.9614 -11.5512
        vertex 0.1727 2.9604 -11.5492
        vertex 0.2159 2.8563 -11.5345
    endloop
endfacet
facet normal 5.3185 10.0000 -26.9868
    outer loop
        vertex 0.2550 2.6830 -11.5213
        vertex 0.2465 2.6345 -11.5241
        vertex 0.1667 2.7609 -11.5512
    endloop
endfacet
facet normal 5.3209 10.0000 -26.9941
    outer loop
        vertex 0.1667 2.7609 -11.5512
        vertex 0.1877 2.8115 -11.5441
        vertex 0.2550 2.6830 -11.5213
    endloop
endfacet
facet normal 5.3120 10.0000 -26.9677
    outer loop
        vertex 0.1667 3.9076 -11.5512
        vertex 0.1667 4.0076 -11.5512
        vertex 0.1855 3.9209 -11.5448
    endloop
endfacet
facet normal 5.3092 10.0000 -26.9596
    outer loop
        vertex 0.1667 3.5522 -11.5512
        vertex 0.1723 3.5166 -11.5493
        vertex 0.1716 3.4199 -11.5495
    endloop
endfacet
facet normal 5.3104 10.0000 -26.9629
    outer loop
        vertex 0.1716 3.4199 -11.5495
        vertex 0.1667 3.3267 -11.5512
        vertex 0.1667 3.5522 -11.5512
    endloop
endfacet
facet normal 5.3175 10.0000 -26.9840
    outer loop
        vertex 0.2687 2.5039 -11.5166
        vertex 0.1667 2.4788 -11.5512
        vertex 0.2545 2.5443 -11.5215
    endloop
endfacet
facet normal 5.3252 10.0000 -27.0067
    outer loop
        vertex 0.2159 2.8563 -11.5345
        vertex 0.1727 2.9604 -11.5492
        vertex 0.2498 2.9624 -11.5230
    endloop
endfacet
facet normal 5.3408 10.0000 -27.0529
    outer loop
        vertex 0.2856 3.4600 -11.5109
        vertex 0.3394 3.3898 -11.4927
        vertex 0.1667 3.3267 -11.5512
    endloop
endfacet
facet normal 5.3301 10.0000 -27.0212
    outer loop
        vertex 0.1667 3.3267 -11.5512
        vertex 0.1716 3.4199 -11.5495
        vertex 0.2856 3.4600 -11.5109
    endloop
endfacet
facet normal 5.3433 10.0000 -27.0601
    outer loop
        vertex 0.1667 4.4949 -11.5512
        vertex 0.1667 4.5850 -11.5512
        vertex 0.3516 4.5610 -11.4885
    endloop
endfacet
facet normal 5.3557 10.0000 -27.0968
    outer loop
        vertex 0.1667 2.4788 -11.5512
        vertex 0.1667 2.7609 -11.5512
        vertex 0.2465 2.6345 -11.5241
    endloop
endfacet
facet normal 5.3164 10.0000 -26.9809
    outer loop
        vertex 0.2465 2.6345 -11.5241
        vertex 0.2471 2.5857 -11.5240
        vertex 0.1667 2.4788 -11.5512
    endloop
endfacet
facet normal 5.3407 10.0000 -27.0524
    outer loop
        vertex 2.1616 1.7744 -10.8750
        vertex 2.0284 3.6772 -10.9201
        vertex 2.0299 3.7719 -10.9196
    endloop
endfacet
facet normal 5.9479 10.0000 -28.8436
    outer loop
        vertex 2.0299 3.7719 -10.9196
        vertex 2.1616 4.0680 -10.8750
        vertex 2.1616 1.7744 -10.8750
    endloop
endfacet
facet normal 5.3852 10.0000 -27.1837
    outer loop
        vertex 2.1616 1.7744 -10.8750
        vertex 2.0144 3.6033 -10.9249
        vertex 2.0284 3.6772 -10.9201
    endloop
endfacet
facet normal 5.4189 10.0000 -27.2831
    outer loop
        vertex 2.1616 1.7744 -10.8750
        vertex 1.9909 3.5396 -10.9328
        vertex 2.0144 3.6033 -10.9249
    endloop
endfacet
facet normal 5.4483 10.0000 -27.3698
    outer loop
        vertex 2.1616 1.7744 -10.8750
        vertex 1.9588 3.4839 -10.9437
        vertex 1.9909 3.5396 -10.9328
    endloop
endfacet
facet normal 5.3680 10.0000 -27.1330
    outer loop
        vertex 2.1616 1.7744 -10.8750
        vertex 1.9130 3.3452 -10.9592
        vertex 1.9170 3.4341 -10.9579
    endloop
endfacet
facet normal 5.4807 10.0000 -27.4656
    outer loop
        vertex 1.9170 3.4341 -10.9579
        vertex 1.9588 3.4839 -10.9437
        vertex 2.1616 1.7744 -10.8750
    endloop
endfacet
facet normal 5.3562 10.0000 -27.0981
    outer loop
        vertex 2.1616 1.7744 -10.8750
        vertex 1.9095 3.2763 -10.9604
        vertex 1.9130 3.3452 -10.9592
    endloop
endfacet
facet normal 5.3861 10.0000 -27.1863
    outer loop
        vertex 2.1616 1.7744 -10.8750
        vertex 1.8951 3.2156 -10.9653
        vertex 1.9095 3.2763 -10.9604
    endloop
endfacet
facet normal 5.4390 10.0000 -27.3424
    outer loop
        vertex 2.1616 1.7744 -10.8750
        vertex 1.8647 3.1480 -10.9756
        vertex 1.8951 3.2156 -10.9653
    endloop
endfacet
facet normal 5.4499 10.0000 -27.3746
    outer loop
        vertex 2.1616 1.7744 -10.8750
        vertex 1.8276 3.0941 -10.9882
        vertex 1.8647 3.1480 -10.9756
    endloop
endfacet
facet normal 5.5110 10.0000 -27.5547
    outer loop
        vertex 2.1616 1.7744 -10.8750
        vertex 1.7700 3.0351 -11.0077
        vertex 1.8276 3.0941 -10.9882
    endloop
endfacet
facet normal 5.5291 10.0000 -27.6082
    outer loop
        vertex 2.1616 1.7744 -10.8750
        vertex 1.7024 2.9861 -11.0306
        vertex 1.7700 3.0351 -11.0077
    endloop
endfacet
facet normal 5.5608 10.0000 -27.7018
    outer loop
        vertex 2.1616 1.7744 -10.8750
        vertex 1.6196 2.9447 -11.0587
        vertex 1.7024 2.9861 -11.0306
    endloop
endfacet
facet normal 5.5342 10.0000 -27.6233
    outer loop
        vertex 2.1616 1.7744 -10.8750
        vertex 1.4456 2.8755 -11.1177
        vertex 1.5150 2.9179 -11.0941
    endloop
endfacet
facet normal 5.5981 10.0000 -27.8117
    outer loop
        vertex 1.5150 2.9179 -11.0941
        vertex 1.6196 2.9447 -11.0587
        vertex 2.1616 1.7744 -10.8750
    endloop
endfacet
facet normal 5.6325 10.0000 -27.9133
    outer loop
        vertex 2.1616 1.7744 -10.8750
        vertex 1.3340 2.8332 -11.1555
        vertex 1.4456 2.8755 -11.1177
    endloop
endfacet
facet normal 5.3668 10.0000 -27.1294
    outer loop
        vertex 2.1616 1.7744 -10.8750
        vertex 1.2208 2.7437 -11.1939
        vertex 1.1892 2.8057 -11.2046
    endloop
endfacet
facet normal 5.6811 10.0000 -28.0565
    outer loop
        vertex 1.1892 2.8057 -11.2046
        vertex 1.3340 2.8332 -11.1555
        vertex 2.1616 1.7744 -10.8750
    endloop
endfacet
facet normal 5.3989 10.0000 -27.2241
    outer loop
        vertex 2.1616 1.7744 -10.8750
        vertex 1.2410 2.6773 -11.1870
        vertex 1.2208 2.7437 -11.1939
    endloop
endfacet
facet normal 5.4294 10.0000 -27.3141
    outer loop
        vertex 2.1616 1.7744 -10.8750
        vertex 1.2500 2.6062 -11.1840
        vertex 1.2410 2.6773 -11.1870
    endloop
endfacet
facet normal 5.4578 10.0000 -27.3980
    outer loop
        vertex 2.1616 1.7744 -10.8750
        vertex 1.2465 2.5319 -11.1852
        vertex 1.2500 2.6062 -11.1840
    endloop
endfacet
facet normal 5.4730 10.0000 -27.4427
    outer loop
        vertex 2.1616 1.7744 -10.8750
        vertex 1.2301 2.4604 -11.1907
        vertex 1.2465 2.5319 -11.1852
    endloop
endfacet
facet normal 5.4769 10.0000 -27.4542
    outer loop
        vertex 2.1616 1.7744 -10.8750
        vertex 1.2019 2.3955 -11.2003
        vertex 1.2301 2.4604 -11.1907
    endloop
endfacet
facet normal 5.4493 10.0000 -27.3727
    outer loop
        vertex 2.1616 1.7744 -10.8750
        vertex 1.1694 2.3471 -11.2113
        vertex 1.2019 2.3955 -11.2003
    endloop
endfacet
facet normal 5.4562 10.0000 -27.3933
    outer loop
        vertex 2.1616 1.7744 -10.8750
        vertex 1.1390 2.2505 -11.2216
        vertex 1.1422 2.3174 -11.2205
    endloop
endfacet
facet normal 5.4033 10.0000 -27.2371
    outer loop
        vertex 1.1422 2.3174 -11.2205
        vertex 1.1694 2.3471 -11.2113
        vertex 2.1616 1.7744 -10.8750
    endloop
endfacet
facet normal 5.4641 10.0000 -27.4166
    outer loop
        vertex 2.1616 1.7744 -10.8750
        vertex 1.1243 2.1853 -11.2266
        vertex 1.1390 2.2505 -11.2216
    endloop
endfacet
facet normal 5.4718 10.0000 -27.4392
    outer loop
        vertex 2.1616 1.7744 -10.8750
        vertex 1.0978 2.1212 -11.2356
        vertex 1.1243 2.1853 -11.2266
    endloop
endfacet
facet normal 5.4793 10.0000 -27.4614
    outer loop
        vertex 2.1616 1.7744 -10.8750
        vertex 1.0577 2.0583 -11.2492
        vertex 1.0978 2.1212 -11.2356
    endloop
endfacet
facet normal 5.4686 10.0000 -27.4299
    outer loop
        vertex 2.1616 1.7744 -10.8750
        vertex 1.0060 2.0029 -11.2667
        vertex 1.0577 2.0583 -11.2492
    endloop
endfacet
facet normal 5.4524 10.0000 -27.3819
    outer loop
        vertex 2.1616 1.7744 -10.8750
        vertex 0.9431 1.9564 -11.2880
        vertex 1.0060 2.0029 -11.2667
    endloop
endfacet
facet normal 5.3658 10.0000 -27.1265
    outer loop
        vertex 2.1616 1.7744 -10.8750
        vertex 0.8629 1.9027 -11.3152
        vertex 0.8727 1.9227 -11.3119
    endloop
endfacet
facet normal 5.4221 10.0000 -27.2926
    outer loop
        vertex 0.8727 1.9227 -11.3119
        vertex 0.9431 1.9564 -11.2880
        vertex 2.1616 1.7744 -10.8750
    endloop
endfacet
facet normal 5.3834 10.0000 -27.1784
    outer loop
        vertex 2.1616 1.7744 -10.8750
        vertex 0.8418 1.8774 -11.3224
        vertex 0.8629 1.9027 -11.3152
    endloop
endfacet
facet normal 5.3787 10.0000 -27.1645
    outer loop
        vertex 2.1616 1.7744 -10.8750
        vertex 0.8116 1.8544 -11.3326
        vertex 0.8418 1.8774 -11.3224
    endloop
endfacet
facet normal 5.3571 10.0000 -27.1007
    outer loop
        vertex 2.1616 1.7744 -10.8750
        vertex 0.7780 1.8393 -11.3440
        vertex 0.8116 1.8544 -11.3326
    endloop
endfacet
facet normal 5.3484 10.0000 -27.0751
    outer loop
        vertex 2.1616 1.7744 -10.8750
        vertex 0.7300 1.8278 -11.3603
        vertex 0.7780 1.8393 -11.3440
    endloop
endfacet
facet normal 5.4691 10.0000 -27.4312
    outer loop
        vertex 2.1616 1.7744 -10.8750
        vertex 0.6505 1.7744 -11.3872
        vertex 0.6780 1.8247 -11.3779
    endloop
endfacet
facet normal 5.3231 10.0000 -27.0005
    outer loop
        vertex 0.6780 1.8247 -11.3779
        vertex 0.7300 1.8278 -11.3603
        vertex 2.1616 1.7744 -10.8750
    endloop
endfacet
facet normal 5.3428 10.0000 -27.0588
    outer loop
        vertex 2.1616 4.0680 -10.8750
        vertex 2.0299 3.7719 -10.9196
        vertex 2.0151 3.8637 -10.9246
    endloop
endfacet
facet normal 5.3316 10.0000 -27.0258
    outer loop
        vertex 2.1616 4.0680 -10.8750
        vertex 2.0151 3.8637 -10.9246
        vertex 1.9977 3.9156 -10.9305
    endloop
endfacet
facet normal 5.3094 10.0000 -26.9600
    outer loop
        vertex 1.9977 3.9156 -10.9305
        vertex 2.0278 3.9475 -10.9203
        vertex 2.1616 4.0680 -10.8750
    endloop
endfacet
facet normal 5.3138 10.0000 -26.9732
    outer loop
        vertex 2.1616 4.0680 -10.8750
        vertex 2.0278 3.9475 -10.9203
        vertex 2.0664 4.0029 -10.9072
    endloop
endfacet
facet normal 5.3172 10.0000 -26.9833
    outer loop
        vertex 2.1616 4.0680 -10.8750
        vertex 2.0664 4.0029 -10.9072
        vertex 2.0945 4.0680 -10.8977
    endloop
endfacet
facet normal 5.3280 10.0000 -27.0151
    outer loop
        vertex 2.0945 4.0680 -10.8977
        vertex 2.1616 4.2090 -10.8750
        vertex 2.1616 4.0680 -10.8750
    endloop
endfacet
facet normal 5.3104 10.0000 -26.9630
    outer loop
        vertex 0.1889 2.4338 -11.5437
        vertex 0.2194 2.3922 -11.5333
        vertex 0.2175 2.3580 -11.5340
    endloop
endfacet
facet normal 5.3117 10.0000 -26.9670
    outer loop
        vertex 0.1889 2.4338 -11.5437
        vertex 0.2175 2.3580 -11.5340
        vertex 0.2226 2.2829 -11.5323
    endloop
endfacet
facet normal 5.3147 10.0000 -26.9757
    outer loop
        vertex 0.1667 1.7744 -11.5512
        vertex 0.6430 1.8274 -11.3898
        vertex 0.6780 1.8247 -11.3779
    endloop
endfacet
facet normal 5.3596 10.0000 -27.1082
    outer loop
        vertex 0.6780 1.8247 -11.3779
        vertex 0.6505 1.7744 -11.3872
        vertex 0.1667 1.7744 -11.5512
    endloop
endfacet
facet normal 5.3262 10.0000 -27.0098
    outer loop
        vertex 0.1667 1.7744 -11.5512
        vertex 0.5893 1.8395 -11.4080
        vertex 0.6430 1.8274 -11.3898
    endloop
endfacet
facet normal 5.3290 10.0000 -27.0180
    outer loop
        vertex 0.1667 1.7744 -11.5512
        vertex 0.5489 1.8568 -11.4216
        vertex 0.5893 1.8395 -11.4080
    endloop
endfacet
facet normal 5.3266 10.0000 -27.0109
    outer loop
        vertex 0.1667 1.7744 -11.5512
        vertex 0.5226 1.8741 -11.4306
        vertex 0.5489 1.8568 -11.4216
    endloop
endfacet
facet normal 5.3245 10.0000 -27.0047
    outer loop
        vertex 0.1667 1.7744 -11.5512
        vertex 0.5048 1.8910 -11.4366
        vertex 0.5226 1.8741 -11.4306
    endloop
endfacet
facet normal 5.3226 10.0000 -26.9992
    outer loop
        vertex 0.1667 1.7744 -11.5512
        vertex 0.4926 1.9072 -11.4407
        vertex 0.5048 1.8910 -11.4366
    endloop
endfacet
facet normal 5.3470 10.0000 -27.0711
    outer loop
        vertex 0.1667 1.7744 -11.5512
        vertex 0.4223 1.9639 -11.4646
        vertex 0.4806 1.9350 -11.4448
    endloop
endfacet
facet normal 5.3306 10.0000 -27.0227
    outer loop
        vertex 0.4806 1.9350 -11.4448
        vertex 0.4926 1.9072 -11.4407
        vertex 0.1667 1.7744 -11.5512
    endloop
endfacet
facet normal 5.3507 10.0000 -27.0820
    outer loop
        vertex 0.1667 1.7744 -11.5512
        vertex 0.3694 2.0036 -11.4825
        vertex 0.4223 1.9639 -11.4646
    endloop
endfacet
facet normal 5.3543 10.0000 -27.0926
    outer loop
        vertex 0.1667 1.7744 -11.5512
        vertex 0.3203 2.0558 -11.4991
        vertex 0.3694 2.0036 -11.4825
    endloop
endfacet
facet normal 5.3542 10.0000 -27.0923
    outer loop
        vertex 0.1667 1.7744 -11.5512
        vertex 0.2778 2.1200 -11.5135
        vertex 0.3203 2.0558 -11.4991
    endloop
endfacet
facet normal 5.3514 10.0000 -27.0841
    outer loop
        vertex 0.1667 1.7744 -11.5512
        vertex 0.2435 2.1976 -11.5252
        vertex 0.2778 2.1200 -11.5135
    endloop
endfacet
facet normal 5.3407 10.0000 -27.0524
    outer loop
        vertex 0.1667 1.7744 -11.5512
        vertex 0.2226 2.2829 -11.5323
        vertex 0.2435 2.1976 -11.5252
    endloop
endfacet
facet normal 5.3412 10.0000 -27.0539
    outer loop
        vertex 0.1667 1.7744 -11.5512
        vertex 0.1667 2.4788 -11.5512
        vertex 0.1889 2.4338 -11.5437
    endloop
endfacet
facet normal 5.3621 10.0000 -27.1156
    outer loop
        vertex 0.1889 2.4338 -11.5437
        vertex 0.2226 2.2829 -11.5323
        vertex 0.1667 1.7744 -11.5512
    endloop
endfacet
facet normal 5.3129 10.0000 -26.9705
    outer loop
        vertex 0.1667 2.8603 -11.5512
        vertex 0.2159 2.8563 -11.5345
        vertex 0.1877 2.8115 -11.5441
    endloop
endfacet
facet normal 5.3124 10.0000 -26.9690
    outer loop
        vertex 0.1667 2.8603 -11.5512
        vertex 0.1877 2.8115 -11.5441
        vertex 0.1667 2.7609 -11.5512
    endloop
endfacet
facet normal 5.3096 10.0000 -26.9606
    outer loop
        vertex 0.6325 2.0069 -11.3933
        vertex 0.6259 2.0094 -11.3955
        vertex 0.3454 2.2303 -11.4906
    endloop
endfacet
facet normal 5.3419 10.0000 -27.0560
    outer loop
        vertex 0.3454 2.2303 -11.4906
        vertex 0.3300 2.2981 -11.4959
        vertex 0.6325 2.0069 -11.3933
    endloop
endfacet
facet normal 5.3162 10.0000 -26.9803
    outer loop
        vertex 1.8009 3.9039 -10.9972
        vertex 1.8085 3.9837 -10.9947
        vertex 1.8538 3.9487 -10.9793
    endloop
endfacet
facet normal 5.5412 10.0000 -27.6439
    outer loop
        vertex 1.0732 4.5894 -11.2439
        vertex 1.3000 4.5254 -11.1670
        vertex 1.2413 4.0568 -11.1869
    endloop
endfacet
facet normal 5.6017 10.0000 -27.8223
    outer loop
        vertex 1.2413 4.0568 -11.1869
        vertex 0.9623 4.1163 -11.2815
        vertex 1.0732 4.5894 -11.2439
    endloop
endfacet
facet normal 5.5186 10.0000 -27.5773
    outer loop
        vertex 0.6312 4.6097 -11.3938
        vertex 0.5117 4.1156 -11.4343
        vertex 0.2983 4.0651 -11.5066
    endloop
endfacet
facet normal 5.5963 10.0000 -27.8065
    outer loop
        vertex 0.2983 4.0651 -11.5066
        vertex 0.3516 4.5610 -11.4885
        vertex 0.6312 4.6097 -11.3938
    endloop
endfacet
facet normal 5.3225 10.0000 -26.9989
    outer loop
        vertex 1.8136 4.4768 -10.9929
        vertex 1.8774 4.4372 -10.9713
        vertex 1.6781 4.4532 -11.0389
    endloop
endfacet
facet normal 5.3100 10.0000 -26.9619
    outer loop
        vertex 0.9806 2.2747 -11.2753
        vertex 1.0272 2.3372 -11.2595
        vertex 1.0391 2.3330 -11.2555
    endloop
endfacet
facet normal 5.3150 10.0000 -26.9766
    outer loop
        vertex 1.0391 2.3330 -11.2555
        vertex 1.0391 2.2767 -11.2555
        vertex 0.9806 2.2747 -11.2753
    endloop
endfacet
facet normal 5.3089 10.0000 -26.9586
    outer loop
        vertex 0.5325 2.2834 -11.4272
        vertex 0.5731 2.2978 -11.4134
        vertex 0.5819 2.2908 -11.4105
    endloop
endfacet
facet normal 5.3086 10.0000 -26.9578
    outer loop
        vertex 0.6451 2.3049 -11.3890
        vertex 0.6554 2.3196 -11.3856
        vertex 0.6888 2.3395 -11.3742
    endloop
endfacet
facet normal 5.3085 10.0000 -26.9576
    outer loop
        vertex 0.8043 2.3198 -11.3351
        vertex 0.8216 2.3156 -11.3292
        vertex 0.8304 2.2989 -11.3262
    endloop
endfacet
facet normal 5.3145 10.0000 -26.9752
    outer loop
        vertex 0.7106 2.4250 -11.3668
        vertex 0.7944 2.4374 -11.3384
        vertex 0.7813 2.3987 -11.3429
    endloop
endfacet
facet normal 5.3138 10.0000 -26.9731
    outer loop
        vertex 0.7813 2.3987 -11.3429
        vertex 0.7189 2.3833 -11.3640
        vertex 0.7106 2.4250 -11.3668
    endloop
endfacet
facet normal 5.3085 10.0000 -26.9575
    outer loop
        vertex 0.8086 2.3678 -11.3336
        vertex 0.8140 2.3384 -11.3318
        vertex 0.8048 2.3455 -11.3349
    endloop
endfacet
facet normal 5.3087 10.0000 -26.9580
    outer loop
        vertex 0.6716 2.3629 -11.3801
        vertex 0.6756 2.3947 -11.3787
        vertex 0.6852 2.3902 -11.3754
    endloop
endfacet
facet normal 5.3084 10.0000 -26.9571
    outer loop
        vertex 0.9362 2.4402 -11.2903
        vertex 0.9469 2.4171 -11.2867
        vertex 0.9419 2.4114 -11.2884
    endloop
endfacet
facet normal 5.3084 10.0000 -26.9572
    outer loop
        vertex 0.5430 2.4135 -11.4236
        vertex 0.5381 2.4242 -11.4253
        vertex 0.5477 2.4428 -11.4221
    endloop
endfacet
facet normal 5.3233 10.0000 -27.0012
    outer loop
        vertex 1.1338 2.4976 -11.2234
        vertex 1.1155 2.4541 -11.2296
        vertex 0.9569 2.4727 -11.2833
    endloop
endfacet
facet normal 5.3146 10.0000 -26.9754
    outer loop
        vertex 0.9569 2.4727 -11.2833
        vertex 0.9445 2.4885 -11.2875
        vertex 1.1338 2.4976 -11.2234
    endloop
endfacet
facet normal 5.3284 10.0000 -27.0163
    outer loop
        vertex 1.1453 2.5491 -11.2195
        vertex 1.1338 2.4976 -11.2234
        vertex 0.9445 2.4885 -11.2875
    endloop
endfacet
facet normal 5.3169 10.0000 -26.9822
    outer loop
        vertex 0.9445 2.4885 -11.2875
        vertex 0.9261 2.5038 -11.2938
        vertex 1.1453 2.5491 -11.2195
    endloop
endfacet
facet normal 5.3121 10.0000 -26.9680
    outer loop
        vertex 0.8473 2.5040 -11.3205
        vertex 0.8326 2.4928 -11.3255
        vertex 0.6698 2.5007 -11.3806
    endloop
endfacet
facet normal 5.3127 10.0000 -26.9698
    outer loop
        vertex 0.6698 2.5007 -11.3806
        vertex 0.6559 2.5129 -11.3854
        vertex 0.8473 2.5040 -11.3205
    endloop
endfacet
facet normal 5.3099 10.0000 -26.9615
    outer loop
        vertex 0.9093 2.6228 -11.2995
        vertex 0.9172 2.6174 -11.2968
        vertex 0.9072 2.5130 -11.3002
    endloop
endfacet
facet normal 5.3119 10.0000 -26.9674
    outer loop
        vertex 0.9072 2.5130 -11.3002
        vertex 0.8907 2.5159 -11.3058
        vertex 0.9093 2.6228 -11.2995
    endloop
endfacet
facet normal 5.3119 10.0000 -26.9675
    outer loop
        vertex 0.5861 2.6196 -11.4090
        vertex 0.6281 2.5267 -11.3948
        vertex 0.6070 2.5294 -11.4020
    endloop
endfacet
facet normal 5.3093 10.0000 -26.9598
    outer loop
        vertex 0.6070 2.5294 -11.4020
        vertex 0.5805 2.6146 -11.4109
        vertex 0.5861 2.6196 -11.4090
    endloop
endfacet
facet normal 5.3632 10.0000 -27.1189
    outer loop
        vertex 0.2465 2.6345 -11.5241
        vertex 0.5304 2.6928 -11.4279
        vertex 0.2545 2.5443 -11.5215
    endloop
endfacet
facet normal 5.3087 10.0000 -26.9581
    outer loop
        vertex 0.2545 2.5443 -11.5215
        vertex 0.2471 2.5857 -11.5240
        vertex 0.2465 2.6345 -11.5241
    endloop
endfacet
facet normal 5.3352 10.0000 -27.0363
    outer loop
        vertex 1.1339 2.6942 -11.2233
        vertex 0.9496 2.6728 -11.2858
        vertex 1.1009 2.7601 -11.2345
    endloop
endfacet
facet normal 5.3085 10.0000 -26.9575
    outer loop
        vertex 1.1009 2.7601 -11.2345
        vertex 1.1191 2.7310 -11.2283
        vertex 1.1339 2.6942 -11.2233
    endloop
endfacet
facet normal 5.3095 10.0000 -26.9604
    outer loop
        vertex 0.6290 2.6880 -11.3945
        vertex 0.6075 2.6806 -11.4018
        vertex 0.5531 2.6946 -11.4202
    endloop
endfacet
facet normal 5.3105 10.0000 -26.9635
    outer loop
        vertex 0.4043 2.8548 -11.4707
        vertex 0.4073 2.8602 -11.4697
        vertex 0.5385 2.7012 -11.4252
    endloop
endfacet
facet normal 5.3210 10.0000 -26.9945
    outer loop
        vertex 0.7776 2.7767 -11.3441
        vertex 0.7519 2.7741 -11.3528
        vertex 0.4125 2.9789 -11.4679
    endloop
endfacet
facet normal 5.3116 10.0000 -26.9666
    outer loop
        vertex 0.9806 2.2747 -11.2753
        vertex 0.9886 2.3262 -11.2726
        vertex 1.0242 2.3432 -11.2605
    endloop
endfacet
facet normal 5.3090 10.0000 -26.9590
    outer loop
        vertex 1.0242 2.3432 -11.2605
        vertex 1.0272 2.3372 -11.2595
        vertex 0.9806 2.2747 -11.2753
    endloop
endfacet
facet normal 5.6692 10.0000 -28.0216
    outer loop
        vertex 0.6358 3.4310 -11.3922
        vertex 1.0061 3.4106 -11.2667
        vertex 0.9815 2.9515 -11.2750
    endloop
endfacet
facet normal 5.3086 10.0000 -26.9577
    outer loop
        vertex 0.5286 2.3922 -11.4285
        vertex 0.5426 2.3709 -11.4238
        vertex 0.5477 2.3441 -11.4221
    endloop
endfacet
facet normal 5.3145 10.0000 -26.9750
    outer loop
        vertex 1.0388 2.8442 -11.2556
        vertex 1.0249 2.8108 -11.2603
        vertex 0.9874 2.9395 -11.2730
    endloop
endfacet
facet normal 5.3088 10.0000 -26.9583
    outer loop
        vertex 0.5426 2.3709 -11.4238
        vertex 0.5286 2.3922 -11.4285
        vertex 0.5418 2.3988 -11.4241
    endloop
endfacet
facet normal 5.3139 10.0000 -26.9734
    outer loop
        vertex 0.4125 2.9789 -11.4679
        vertex 0.4047 2.8658 -11.4705
        vertex 0.3815 2.8862 -11.4784
    endloop
endfacet
facet normal 5.3092 10.0000 -26.9594
    outer loop
        vertex 0.3815 2.8862 -11.4784
        vertex 0.4014 2.9634 -11.4717
        vertex 0.4125 2.9789 -11.4679
    endloop
endfacet
facet normal 5.3270 10.0000 -27.0122
    outer loop
        vertex 0.6421 2.5213 -11.3900
        vertex 0.7202 2.6222 -11.3636
        vertex 0.8043 2.6158 -11.3351
    endloop
endfacet
facet normal 5.3554 10.0000 -27.0958
    outer loop
        vertex 0.8043 2.6158 -11.3351
        vertex 0.8610 2.5109 -11.3159
        vertex 0.6421 2.5213 -11.3900
    endloop
endfacet
facet normal 5.3112 10.0000 -26.9653
    outer loop
        vertex 0.8473 2.5040 -11.3205
        vertex 0.6559 2.5129 -11.3854
        vertex 0.6421 2.5213 -11.3900
    endloop
endfacet
facet normal 5.3115 10.0000 -26.9664
    outer loop
        vertex 0.6421 2.5213 -11.3900
        vertex 0.8610 2.5109 -11.3159
        vertex 0.8473 2.5040 -11.3205
    endloop
endfacet
facet normal 5.3389 10.0000 -27.0471
    outer loop
        vertex 0.5903 2.6409 -11.4076
        vertex 0.7202 2.6222 -11.3636
        vertex 0.6421 2.5213 -11.3900
    endloop
endfacet
facet normal 5.3089 10.0000 -26.9586
    outer loop
        vertex 0.6421 2.5213 -11.3900
        vertex 0.5903 2.6329 -11.4076
        vertex 0.5903 2.6409 -11.4076
    endloop
endfacet
facet normal 5.3303 10.0000 -27.0218
    outer loop
        vertex 0.7985 2.7712 -11.3371
        vertex 0.9815 2.9515 -11.2750
        vertex 0.8310 2.7458 -11.3260
    endloop
endfacet
facet normal 5.3384 10.0000 -27.0456
    outer loop
        vertex 0.4125 2.9789 -11.4679
        vertex 0.7519 2.7741 -11.3528
        vertex 0.7139 2.7548 -11.3657
    endloop
endfacet
facet normal 5.3276 10.0000 -27.0137
    outer loop
        vertex 1.2618 3.3497 -11.1800
        vertex 1.0171 2.9571 -11.2629
        vertex 0.9958 2.9606 -11.2702
    endloop
endfacet
facet normal 5.3084 10.0000 -26.9572
    outer loop
        vertex 0.9874 2.9395 -11.2730
        vertex 1.0127 2.9230 -11.2644
        vertex 1.0316 2.9029 -11.2580
    endloop
endfacet
facet normal 5.3402 10.0000 -27.0511
    outer loop
        vertex 1.0171 2.9571 -11.2629
        vertex 1.2618 3.3497 -11.1800
        vertex 1.0478 2.9442 -11.2525
    endloop
endfacet
facet normal 5.3097 10.0000 -26.9609
    outer loop
        vertex 1.6458 3.0772 -11.0498
        vertex 1.6144 3.0640 -11.0605
        vertex 1.6233 3.0928 -11.0575
    endloop
endfacet
facet normal 5.4263 10.0000 -27.3050
    outer loop
        vertex 0.5204 4.0324 -11.4313
        vertex 0.2856 3.4600 -11.5109
        vertex 0.1716 3.4199 -11.5495
    endloop
endfacet
facet normal 5.3785 10.0000 -27.1640
    outer loop
        vertex 0.1716 3.4199 -11.5495
        vertex 0.1723 3.5166 -11.5493
        vertex 0.5204 4.0324 -11.4313
    endloop
endfacet
facet normal 5.6100 10.0000 -27.8469
    outer loop
        vertex 1.0119 4.0289 -11.2647
        vertex 1.2791 3.9613 -11.1741
        vertex 1.0839 3.4774 -11.2403
    endloop
endfacet
facet normal 5.6438 10.0000 -27.9465
    outer loop
        vertex 1.0839 3.4774 -11.2403
        vertex 0.7918 3.5137 -11.3393
        vertex 1.0119 4.0289 -11.2647
    endloop
endfacet
facet normal 5.3116 10.0000 -26.9665
    outer loop
        vertex 1.7470 3.7032 -11.0155
        vertex 1.7279 3.7278 -11.0220
        vertex 1.7588 3.7758 -11.0115
    endloop
endfacet
facet normal 5.3168 10.0000 -26.9818
    outer loop
        vertex 1.6216 3.1565 -11.0580
        vertex 1.6590 3.1890 -11.0453
        vertex 1.7310 3.1410 -11.0209
    endloop
endfacet
facet normal 5.4632 10.0000 -27.4138
    outer loop
        vertex 0.6312 4.6097 -11.3938
        vertex 0.7826 4.6153 -11.3424
        vertex 0.7694 4.1310 -11.3469
    endloop
endfacet
facet normal 5.5739 10.0000 -27.7404
    outer loop
        vertex 0.7694 4.1310 -11.3469
        vertex 0.5117 4.1156 -11.4343
        vertex 0.6312 4.6097 -11.3938
    endloop
endfacet
facet normal 5.3094 10.0000 -26.9601
    outer loop
        vertex 0.6810 1.9332 -11.3769
        vertex 0.6277 1.9928 -11.3949
        vertex 0.6332 1.9990 -11.3931
    endloop
endfacet
facet normal 5.3090 10.0000 -26.9589
    outer loop
        vertex 0.7474 1.9431 -11.3544
        vertex 0.7213 1.9362 -11.3632
        vertex 0.7773 1.9690 -11.3442
    endloop
endfacet
facet normal 5.3090 10.0000 -26.9588
    outer loop
        vertex 0.6020 1.9860 -11.4037
        vertex 0.5986 1.9541 -11.4048
        vertex 0.5855 1.9637 -11.4092
    endloop
endfacet
facet normal 5.3209 10.0000 -26.9940
    outer loop
        vertex 1.8201 3.5874 -10.9907
        vertex 1.9260 3.6787 -10.9548
        vertex 1.9035 3.6018 -10.9625
    endloop
endfacet
facet normal 5.3180 10.0000 -26.9856
    outer loop
        vertex 0.9032 2.1643 -11.3015
        vertex 0.9537 2.0976 -11.2844
        vertex 0.9098 2.0618 -11.2993
    endloop
endfacet
facet normal 5.3112 10.0000 -26.9654
    outer loop
        vertex 0.9098 2.0618 -11.2993
        vertex 0.8888 2.1603 -11.3064
        vertex 0.9032 2.1643 -11.3015
    endloop
endfacet
facet normal 5.3253 10.0000 -27.0072
    outer loop
        vertex 0.6810 1.9332 -11.3769
        vertex 0.6332 1.9990 -11.3931
        vertex 0.7673 1.9856 -11.3476
    endloop
endfacet
facet normal 5.3119 10.0000 -26.9676
    outer loop
        vertex 0.7673 1.9856 -11.3476
        vertex 0.7213 1.9362 -11.3632
        vertex 0.6810 1.9332 -11.3769
    endloop
endfacet
facet normal 5.3138 10.0000 -26.9731
    outer loop
        vertex 0.8284 2.1768 -11.3269
        vertex 0.8411 2.1683 -11.3226
        vertex 0.7660 2.0022 -11.3481
    endloop
endfacet
facet normal 5.3857 10.0000 -27.1853
    outer loop
        vertex 0.7660 2.0022 -11.3481
        vertex 0.6147 2.1667 -11.3993
        vertex 0.8284 2.1768 -11.3269
    endloop
endfacet
facet normal 5.3090 10.0000 -26.9590
    outer loop
        vertex 0.5845 2.0127 -11.4096
        vertex 0.5403 2.0245 -11.4246
        vertex 0.4876 2.0494 -11.4424
    endloop
endfacet
facet normal 5.3105 10.0000 -26.9635
    outer loop
        vertex 0.4876 2.0494 -11.4424
        vertex 0.6259 2.0094 -11.3955
        vertex 0.5845 2.0127 -11.4096
    endloop
endfacet
facet normal 5.3211 10.0000 -26.9946
    outer loop
        vertex 0.8888 2.1603 -11.3064
        vertex 0.9098 2.0618 -11.2993
        vertex 0.8536 2.0306 -11.3184
    endloop
endfacet
facet normal 5.3120 10.0000 -26.9678
    outer loop
        vertex 0.8536 2.0306 -11.3184
        vertex 0.8739 2.1591 -11.3115
        vertex 0.8888 2.1603 -11.3064
    endloop
endfacet
facet normal 5.3083 10.0000 -26.9570
    outer loop
        vertex 0.8979 2.2008 -11.3034
        vertex 0.8774 2.1954 -11.3103
        vertex 0.8597 2.1987 -11.3163
    endloop
endfacet
facet normal 5.3137 10.0000 -26.9729
    outer loop
        vertex 0.8597 2.1987 -11.3163
        vertex 0.8805 2.2707 -11.3093
        vertex 0.8979 2.2008 -11.3034
    endloop
endfacet
facet normal 5.3091 10.0000 -26.9593
    outer loop
        vertex 0.5970 2.2844 -11.4053
        vertex 0.6039 2.2835 -11.4030
        vertex 0.5795 2.2105 -11.4113
    endloop
endfacet
facet normal 5.3117 10.0000 -26.9670
    outer loop
        vertex 0.5795 2.2105 -11.4113
        vertex 0.5599 2.2285 -11.4179
        vertex 0.5970 2.2844 -11.4053
    endloop
endfacet
facet normal 5.3134 10.0000 -26.9718
    outer loop
        vertex 1.0292 2.2236 -11.2588
        vertex 0.9675 2.2363 -11.2797
        vertex 0.9806 2.2747 -11.2753
    endloop
endfacet
facet normal 5.3145 10.0000 -26.9753
    outer loop
        vertex 0.9806 2.2747 -11.2753
        vertex 1.0391 2.2767 -11.2555
        vertex 1.0292 2.2236 -11.2588
    endloop
endfacet
facet normal 5.3104 10.0000 -26.9632
    outer loop
        vertex 0.5003 2.2777 -11.4381
        vertex 0.3838 2.3691 -11.4776
        vertex 0.3974 2.3683 -11.4730
    endloop
endfacet
facet normal 5.3159 10.0000 -26.9794
    outer loop
        vertex 0.3974 2.3683 -11.4730
        vertex 0.4931 2.3205 -11.4406
        vertex 0.5003 2.2777 -11.4381
    endloop
endfacet
facet normal 5.3089 10.0000 -26.9586
    outer loop
        vertex 0.9313 2.3213 -11.2920
        vertex 0.9387 2.3449 -11.2895
        vertex 0.9576 2.3483 -11.2831
    endloop
endfacet
facet normal 5.3091 10.0000 -26.9591
    outer loop
        vertex 0.9576 2.3483 -11.2831
        vertex 0.9570 2.3286 -11.2833
        vertex 0.9313 2.3213 -11.2920
    endloop
endfacet
facet normal 5.3144 10.0000 -26.9749
    outer loop
        vertex 0.7189 2.3833 -11.3640
        vertex 0.7813 2.3987 -11.3429
        vertex 0.7733 2.3482 -11.3456
    endloop
endfacet
facet normal 5.3130 10.0000 -26.9708
    outer loop
        vertex 0.7733 2.3482 -11.3456
        vertex 0.7208 2.3384 -11.3634
        vertex 0.7189 2.3833 -11.3640
    endloop
endfacet
facet normal 5.3106 10.0000 -26.9637
    outer loop
        vertex 0.5396 2.4947 -11.4248
        vertex 0.5245 2.4739 -11.4299
        vertex 0.4074 2.3947 -11.4696
    endloop
endfacet
facet normal 5.3144 10.0000 -26.9750
    outer loop
        vertex 0.4074 2.3947 -11.4696
        vertex 0.3826 2.3989 -11.4780
        vertex 0.5396 2.4947 -11.4248
    endloop
endfacet
facet normal 5.3136 10.0000 -26.9726
    outer loop
        vertex 0.6838 2.4836 -11.3759
        vertex 0.6698 2.5007 -11.3806
        vertex 0.8326 2.4928 -11.3255
    endloop
endfacet
facet normal 5.3101 10.0000 -26.9623
    outer loop
        vertex 0.8326 2.4928 -11.3255
        vertex 0.8253 2.4856 -11.3280
        vertex 0.6838 2.4836 -11.3759
    endloop
endfacet
facet normal 5.3148 10.0000 -26.9761
    outer loop
        vertex 0.6290 2.6880 -11.3945
        vertex 0.5531 2.6946 -11.4202
        vertex 0.6795 2.7260 -11.3774
    endloop
endfacet
facet normal 5.3084 10.0000 -26.9572
    outer loop
        vertex 0.6795 2.7260 -11.3774
        vertex 0.6508 2.7004 -11.3871
        vertex 0.6290 2.6880 -11.3945
    endloop
endfacet
facet normal 5.3136 10.0000 -26.9725
    outer loop
        vertex 0.8957 2.6791 -11.3041
        vertex 0.9815 2.9515 -11.2750
        vertex 0.9874 2.9395 -11.2730
    endloop
endfacet
facet normal 5.3537 10.0000 -27.0907
    outer loop
        vertex 0.9874 2.9395 -11.2730
        vertex 1.0249 2.8108 -11.2603
        vertex 0.8957 2.6791 -11.3041
    endloop
endfacet
facet normal 5.3101 10.0000 -26.9623
    outer loop
        vertex 0.9874 2.9395 -11.2730
        vertex 1.0316 2.9029 -11.2580
        vertex 1.0419 2.8717 -11.2545
    endloop
endfacet
facet normal 5.3116 10.0000 -26.9667
    outer loop
        vertex 1.0419 2.8717 -11.2545
        vertex 1.0388 2.8442 -11.2556
        vertex 0.9874 2.9395 -11.2730
    endloop
endfacet
facet normal 5.3116 10.0000 -26.9665
    outer loop
        vertex 0.4014 2.9634 -11.4717
        vertex 0.3815 2.8862 -11.4784
        vertex 0.3678 2.9177 -11.4830
    endloop
endfacet
facet normal 5.3090 10.0000 -26.9589
    outer loop
        vertex 0.3678 2.9177 -11.4830
        vertex 0.3778 2.9450 -11.4796
        vertex 0.4014 2.9634 -11.4717
    endloop
endfacet
facet normal 5.3243 10.0000 -27.0042
    outer loop
        vertex 1.8094 3.3650 -10.9944
        vertex 1.7508 3.3657 -11.0142
        vertex 1.7707 3.4970 -11.0075
    endloop
endfacet
facet normal 5.3097 10.0000 -26.9611
    outer loop
        vertex 1.7707 3.4970 -11.0075
        vertex 1.7991 3.4213 -10.9979
        vertex 1.8094 3.3650 -10.9944
    endloop
endfacet
facet normal 5.3092 10.0000 -26.9594
    outer loop
        vertex 1.9035 3.6018 -10.9625
        vertex 1.8750 3.5429 -10.9721
        vertex 1.8511 3.5124 -10.9802
    endloop
endfacet
facet normal 5.3222 10.0000 -26.9979
    outer loop
        vertex 1.8511 3.5124 -10.9802
        vertex 1.8201 3.5874 -10.9907
        vertex 1.9035 3.6018 -10.9625
    endloop
endfacet
facet normal 5.3481 10.0000 -27.0743
    outer loop
        vertex 1.9260 3.6787 -10.9548
        vertex 1.8201 3.5874 -10.9907
        vertex 1.7470 3.7032 -11.0155
    endloop
endfacet
facet normal 5.3362 10.0000 -27.0391
    outer loop
        vertex 1.7470 3.7032 -11.0155
        vertex 1.7588 3.7758 -11.0115
        vertex 1.9260 3.6787 -10.9548
    endloop
endfacet
facet normal 5.3175 10.0000 -26.9840
    outer loop
        vertex 1.7142 4.0049 -11.0266
        vertex 1.6321 4.2645 -11.0545
        vertex 1.6767 4.1782 -11.0394
    endloop
endfacet
facet normal 5.3109 10.0000 -26.9646
    outer loop
        vertex 1.6767 4.1782 -11.0394
        vertex 1.7035 4.0912 -11.0303
        vertex 1.7142 4.0049 -11.0266
    endloop
endfacet
facet normal 5.3131 10.0000 -26.9710
    outer loop
        vertex 0.9815 2.9515 -11.2750
        vertex 0.8957 2.6791 -11.3041
        vertex 0.8887 2.6845 -11.3065
    endloop
endfacet
facet normal 5.3527 10.0000 -27.0878
    outer loop
        vertex 0.8887 2.6845 -11.3065
        vertex 0.8310 2.7458 -11.3260
        vertex 0.9815 2.9515 -11.2750
    endloop
endfacet
facet normal 5.3092 10.0000 -26.9594
    outer loop
        vertex 0.7763 1.9782 -11.3446
        vertex 0.7773 1.9690 -11.3442
        vertex 0.7213 1.9362 -11.3632
    endloop
endfacet
facet normal 5.3097 10.0000 -26.9609
    outer loop
        vertex 0.7213 1.9362 -11.3632
        vertex 0.7673 1.9856 -11.3476
        vertex 0.7763 1.9782 -11.3446
    endloop
endfacet
facet normal 5.3084 10.0000 -26.9571
    outer loop
        vertex 0.6810 1.9332 -11.3769
        vertex 0.6436 1.9372 -11.3896
        vertex 0.6170 1.9450 -11.3986
    endloop
endfacet
facet normal 5.3148 10.0000 -26.9759
    outer loop
        vertex 0.6170 1.9450 -11.3986
        vertex 0.6277 1.9928 -11.3949
        vertex 0.6810 1.9332 -11.3769
    endloop
endfacet
facet normal 5.3081 10.0000 -26.9564
    outer loop
        vertex 0.7729 1.9594 -11.3457
        vertex 0.7613 1.9497 -11.3497
        vertex 0.7474 1.9431 -11.3544
    endloop
endfacet
facet normal 5.3084 10.0000 -26.9571
    outer loop
        vertex 0.7474 1.9431 -11.3544
        vertex 0.7773 1.9690 -11.3442
        vertex 0.7729 1.9594 -11.3457
    endloop
endfacet
facet normal 5.3082 10.0000 -26.9566
    outer loop
        vertex 0.5804 1.9696 -11.4110
        vertex 0.5846 1.9776 -11.4095
        vertex 0.6020 1.9860 -11.4037
    endloop
endfacet
facet normal 5.3084 10.0000 -26.9573
    outer loop
        vertex 0.6020 1.9860 -11.4037
        vertex 0.5855 1.9637 -11.4092
        vertex 0.5804 1.9696 -11.4110
    endloop
endfacet
facet normal 5.3093 10.0000 -26.9599
    outer loop
        vertex 0.6170 1.9450 -11.3986
        vertex 0.5986 1.9541 -11.4048
        vertex 0.6020 1.9860 -11.4037
    endloop
endfacet
facet normal 5.3105 10.0000 -26.9632
    outer loop
        vertex 0.6020 1.9860 -11.4037
        vertex 0.6277 1.9928 -11.3949
        vertex 0.6170 1.9450 -11.3986
    endloop
endfacet
facet normal 5.3102 10.0000 -26.9625
    outer loop
        vertex 0.7673 1.9856 -11.3476
        vertex 0.6332 1.9990 -11.3931
        vertex 0.6325 2.0069 -11.3933
    endloop
endfacet
facet normal 5.3127 10.0000 -26.9698
    outer loop
        vertex 0.6325 2.0069 -11.3933
        vertex 0.7660 2.0022 -11.3481
        vertex 0.7673 1.9856 -11.3476
    endloop
endfacet
facet normal 5.3113 10.0000 -26.9657
    outer loop
        vertex 0.7764 2.0046 -11.3445
        vertex 0.7660 2.0022 -11.3481
        vertex 0.8411 2.1683 -11.3226
    endloop
endfacet
facet normal 5.3132 10.0000 -26.9715
    outer loop
        vertex 0.8411 2.1683 -11.3226
        vertex 0.8540 2.1626 -11.3182
        vertex 0.7764 2.0046 -11.3445
    endloop
endfacet
facet normal 5.3101 10.0000 -26.9623
    outer loop
        vertex 0.3300 2.2981 -11.4959
        vertex 0.5484 2.1908 -11.4218
        vertex 0.5769 2.1722 -11.4122
    endloop
endfacet
facet normal 5.3797 10.0000 -27.1674
    outer loop
        vertex 0.5769 2.1722 -11.4122
        vertex 0.6325 2.0069 -11.3933
        vertex 0.3300 2.2981 -11.4959
    endloop
endfacet
facet normal 5.3530 10.0000 -27.0888
    outer loop
        vertex 0.6147 2.1667 -11.3993
        vertex 0.7660 2.0022 -11.3481
        vertex 0.6325 2.0069 -11.3933
    endloop
endfacet
facet normal 5.3206 10.0000 -26.9931
    outer loop
        vertex 0.6325 2.0069 -11.3933
        vertex 0.5769 2.1722 -11.4122
        vertex 0.6147 2.1667 -11.3993
    endloop
endfacet
facet normal 5.3296 10.0000 -27.0197
    outer loop
        vertex 0.8536 2.0306 -11.3184
        vertex 0.7764 2.0046 -11.3445
        vertex 0.8540 2.1626 -11.3182
    endloop
endfacet
facet normal 5.3136 10.0000 -26.9725
    outer loop
        vertex 0.8540 2.1626 -11.3182
        vertex 0.8739 2.1591 -11.3115
        vertex 0.8536 2.0306 -11.3184
    endloop
endfacet
facet normal 5.3156 10.0000 -26.9783
    outer loop
        vertex 0.4876 2.0494 -11.4424
        vertex 0.4420 2.0823 -11.4579
        vertex 0.3454 2.2303 -11.4906
    endloop
endfacet
facet normal 5.3490 10.0000 -27.0768
    outer loop
        vertex 0.3454 2.2303 -11.4906
        vertex 0.6259 2.0094 -11.3955
        vertex 0.4876 2.0494 -11.4424
    endloop
endfacet
facet normal 5.3104 10.0000 -26.9631
    outer loop
        vertex 0.9847 2.1332 -11.2739
        vertex 0.9165 2.1710 -11.2971
        vertex 0.9289 2.1807 -11.2928
    endloop
endfacet
facet normal 5.3098 10.0000 -26.9614
    outer loop
        vertex 0.9847 2.1332 -11.2739
        vertex 0.9289 2.1807 -11.2928
        vertex 0.9374 2.1890 -11.2899
    endloop
endfacet
facet normal 5.3100 10.0000 -26.9620
    outer loop
        vertex 0.9032 2.1643 -11.3015
        vertex 0.9165 2.1710 -11.2971
        vertex 0.9847 2.1332 -11.2739
    endloop
endfacet
facet normal 5.3162 10.0000 -26.9801
    outer loop
        vertex 0.9847 2.1332 -11.2739
        vertex 0.9537 2.0976 -11.2844
        vertex 0.9032 2.1643 -11.3015
    endloop
endfacet
facet normal 5.3122 10.0000 -26.9683
    outer loop
        vertex 0.3707 2.1712 -11.4820
        vertex 0.3454 2.2303 -11.4906
        vertex 0.4420 2.0823 -11.4579
    endloop
endfacet
facet normal 5.3092 10.0000 -26.9597
    outer loop
        vertex 0.4420 2.0823 -11.4579
        vertex 0.4015 2.1246 -11.4716
        vertex 0.3707 2.1712 -11.4820
    endloop
endfacet
facet normal 5.3105 10.0000 -26.9635
    outer loop
        vertex 0.6147 2.1667 -11.3993
        vertex 0.6449 2.1760 -11.3891
        vertex 0.8158 2.1890 -11.3312
    endloop
endfacet
facet normal 5.3138 10.0000 -26.9730
    outer loop
        vertex 0.8158 2.1890 -11.3312
        vertex 0.8284 2.1768 -11.3269
        vertex 0.6147 2.1667 -11.3993
    endloop
endfacet
facet normal 5.3144 10.0000 -26.9750
    outer loop
        vertex 0.8033 2.2058 -11.3354
        vertex 0.8158 2.1890 -11.3312
        vertex 0.6449 2.1760 -11.3891
    endloop
endfacet
facet normal 5.3129 10.0000 -26.9706
    outer loop
        vertex 0.6449 2.1760 -11.3891
        vertex 0.6696 2.1954 -11.3807
        vertex 0.8033 2.2058 -11.3354
    endloop
endfacet
facet normal 5.3147 10.0000 -26.9757
    outer loop
        vertex 0.9675 2.2363 -11.2797
        vertex 1.0292 2.2236 -11.2588
        vertex 1.0110 2.1762 -11.2650
    endloop
endfacet
facet normal 5.3125 10.0000 -26.9693
    outer loop
        vertex 1.0110 2.1762 -11.2650
        vertex 0.9525 2.2083 -11.2849
        vertex 0.9675 2.2363 -11.2797
    endloop
endfacet
facet normal 5.3117 10.0000 -26.9670
    outer loop
        vertex 0.9847 2.1332 -11.2739
        vertex 0.9374 2.1890 -11.2899
        vertex 0.9525 2.2083 -11.2849
    endloop
endfacet
facet normal 5.3151 10.0000 -26.9770
    outer loop
        vertex 0.9525 2.2083 -11.2849
        vertex 1.0110 2.1762 -11.2650
        vertex 0.9847 2.1332 -11.2739
    endloop
endfacet
facet normal 5.3157 10.0000 -26.9787
    outer loop
        vertex 0.7899 2.2319 -11.3400
        vertex 0.8033 2.2058 -11.3354
        vertex 0.6696 2.1954 -11.3807
    endloop
endfacet
facet normal 5.3130 10.0000 -26.9706
    outer loop
        vertex 0.6696 2.1954 -11.3807
        vertex 0.6891 2.2207 -11.3741
        vertex 0.7899 2.2319 -11.3400
    endloop
endfacet
facet normal 5.3111 10.0000 -26.9652
    outer loop
        vertex 0.3256 2.3808 -11.4973
        vertex 0.5270 2.2156 -11.4291
        vertex 0.5484 2.1908 -11.4218
    endloop
endfacet
facet normal 5.3453 10.0000 -27.0660
    outer loop
        vertex 0.5484 2.1908 -11.4218
        vertex 0.3300 2.2981 -11.4959
        vertex 0.3256 2.3808 -11.4973
    endloop
endfacet
facet normal 5.3092 10.0000 -26.9595
    outer loop
        vertex 0.8388 2.2144 -11.3234
        vertex 0.8632 2.2720 -11.3151
        vertex 0.8723 2.2703 -11.3120
    endloop
endfacet
facet normal 5.3097 10.0000 -26.9611
    outer loop
        vertex 0.8723 2.2703 -11.3120
        vertex 0.8480 2.2056 -11.3202
        vertex 0.8388 2.2144 -11.3234
    endloop
endfacet
facet normal 5.3101 10.0000 -26.9621
    outer loop
        vertex 0.8805 2.2707 -11.3093
        vertex 0.8597 2.1987 -11.3163
        vertex 0.8480 2.2056 -11.3202
    endloop
endfacet
facet normal 5.3091 10.0000 -26.9593
    outer loop
        vertex 0.8480 2.2056 -11.3202
        vertex 0.8723 2.2703 -11.3120
        vertex 0.8805 2.2707 -11.3093
    endloop
endfacet
facet normal 5.3115 10.0000 -26.9665
    outer loop
        vertex 0.5795 2.2105 -11.4113
        vertex 0.6039 2.2835 -11.4030
        vertex 0.5999 2.2029 -11.4044
    endloop
endfacet
facet normal 5.3092 10.0000 -26.9594
    outer loop
        vertex 0.9129 2.2124 -11.2983
        vertex 0.8881 2.2725 -11.3067
        vertex 0.8958 2.2760 -11.3040
    endloop
endfacet
facet normal 5.3091 10.0000 -26.9592
    outer loop
        vertex 0.8805 2.2707 -11.3093
        vertex 0.8881 2.2725 -11.3067
        vertex 0.9129 2.2124 -11.2983
    endloop
endfacet
facet normal 5.3107 10.0000 -26.9638
    outer loop
        vertex 0.9129 2.2124 -11.2983
        vertex 0.8979 2.2008 -11.3034
        vertex 0.8805 2.2707 -11.3093
    endloop
endfacet
facet normal 5.3118 10.0000 -26.9671
    outer loop
        vertex 0.6120 2.2840 -11.4002
        vertex 0.6220 2.2047 -11.3969
        vertex 0.5999 2.2029 -11.4044
    endloop
endfacet
facet normal 5.3094 10.0000 -26.9601
    outer loop
        vertex 0.5999 2.2029 -11.4044
        vertex 0.6039 2.2835 -11.4030
        vertex 0.6120 2.2840 -11.4002
    endloop
endfacet
facet normal 5.3082 10.0000 -26.9565
    outer loop
        vertex 0.6516 2.2258 -11.3869
        vertex 0.6402 2.2148 -11.3907
        vertex 0.6220 2.2047 -11.3969
    endloop
endfacet
facet normal 5.3134 10.0000 -26.9720
    outer loop
        vertex 0.6220 2.2047 -11.3969
        vertex 0.6120 2.2840 -11.4002
        vertex 0.6516 2.2258 -11.3869
    endloop
endfacet
facet normal 5.3100 10.0000 -26.9619
    outer loop
        vertex 0.8632 2.2720 -11.3151
        vertex 0.8388 2.2144 -11.3234
        vertex 0.8284 2.2288 -11.3269
    endloop
endfacet
facet normal 5.3089 10.0000 -26.9587
    outer loop
        vertex 0.8284 2.2288 -11.3269
        vertex 0.8556 2.2750 -11.3177
        vertex 0.8632 2.2720 -11.3151
    endloop
endfacet
facet normal 5.3088 10.0000 -26.9584
    outer loop
        vertex 0.8177 2.2506 -11.3305
        vertex 0.8476 2.2800 -11.3204
        vertex 0.8556 2.2750 -11.3177
    endloop
endfacet
facet normal 5.3103 10.0000 -26.9628
    outer loop
        vertex 0.8556 2.2750 -11.3177
        vertex 0.8284 2.2288 -11.3269
        vertex 0.8177 2.2506 -11.3305
    endloop
endfacet
facet normal 5.3104 10.0000 -26.9631
    outer loop
        vertex 0.9393 2.2526 -11.2893
        vertex 0.9274 2.2302 -11.2934
        vertex 0.9045 2.2820 -11.3011
    endloop
endfacet
facet normal 5.3091 10.0000 -26.9593
    outer loop
        vertex 0.9045 2.2820 -11.3011
        vertex 0.9128 2.2901 -11.2983
        vertex 0.9393 2.2526 -11.2893
    endloop
endfacet
facet normal 5.3092 10.0000 -26.9597
    outer loop
        vertex 0.8958 2.2760 -11.3040
        vertex 0.9045 2.2820 -11.3011
        vertex 0.9274 2.2302 -11.2934
    endloop
endfacet
facet normal 5.3106 10.0000 -26.9636
    outer loop
        vertex 0.9274 2.2302 -11.2934
        vertex 0.9129 2.2124 -11.2983
        vertex 0.8958 2.2760 -11.3040
    endloop
endfacet
facet normal 5.3112 10.0000 -26.9654
    outer loop
        vertex 0.6740 2.2646 -11.3792
        vertex 0.6626 2.2413 -11.3831
        vertex 0.6197 2.2861 -11.3976
    endloop
endfacet
facet normal 5.3088 10.0000 -26.9583
    outer loop
        vertex 0.6197 2.2861 -11.3976
        vertex 0.6275 2.2898 -11.3950
        vertex 0.6740 2.2646 -11.3792
    endloop
endfacet
facet normal 5.3089 10.0000 -26.9587
    outer loop
        vertex 0.6120 2.2840 -11.4002
        vertex 0.6197 2.2861 -11.3976
        vertex 0.6626 2.2413 -11.3831
    endloop
endfacet
facet normal 5.3107 10.0000 -26.9638
    outer loop
        vertex 0.6626 2.2413 -11.3831
        vertex 0.6516 2.2258 -11.3869
        vertex 0.6120 2.2840 -11.4002
    endloop
endfacet
facet normal 5.3117 10.0000 -26.9670
    outer loop
        vertex 0.6837 2.2972 -11.3759
        vertex 0.6740 2.2646 -11.3792
        vertex 0.6275 2.2898 -11.3950
    endloop
endfacet
facet normal 5.3086 10.0000 -26.9578
    outer loop
        vertex 0.6275 2.2898 -11.3950
        vertex 0.6365 2.2962 -11.3920
        vertex 0.6837 2.2972 -11.3759
    endloop
endfacet
facet normal 5.3087 10.0000 -26.9581
    outer loop
        vertex 0.5423 2.2568 -11.4239
        vertex 0.5895 2.2867 -11.4079
        vertex 0.5970 2.2844 -11.4053
    endloop
endfacet
facet normal 5.3123 10.0000 -26.9687
    outer loop
        vertex 0.5970 2.2844 -11.4053
        vertex 0.5599 2.2285 -11.4179
        vertex 0.5423 2.2568 -11.4239
    endloop
endfacet
facet normal 5.3123 10.0000 -26.9687
    outer loop
        vertex 0.6891 2.2207 -11.3741
        vertex 0.7033 2.2498 -11.3693
        vertex 0.7798 2.2635 -11.3434
    endloop
endfacet
facet normal 5.3150 10.0000 -26.9766
    outer loop
        vertex 0.7798 2.2635 -11.3434
        vertex 0.7899 2.2319 -11.3400
        vertex 0.6891 2.2207 -11.3741
    endloop
endfacet
facet normal 5.3148 10.0000 -26.9762
    outer loop
        vertex 0.7734 2.3046 -11.3456
        vertex 0.7798 2.2635 -11.3434
        vertex 0.7033 2.2498 -11.3693
    endloop
endfacet
facet normal 5.3124 10.0000 -26.9689
    outer loop
        vertex 0.7033 2.2498 -11.3693
        vertex 0.7149 2.2884 -11.3654
        vertex 0.7734 2.3046 -11.3456
    endloop
endfacet
facet normal 5.3177 10.0000 -26.9845
    outer loop
        vertex 0.5270 2.2156 -11.4291
        vertex 0.3256 2.3808 -11.4973
        vertex 0.3635 2.3724 -11.4845
    endloop
endfacet
facet normal 5.3128 10.0000 -26.9700
    outer loop
        vertex 0.3635 2.3724 -11.4845
        vertex 0.5117 2.2440 -11.4343
        vertex 0.5270 2.2156 -11.4291
    endloop
endfacet
facet normal 5.3141 10.0000 -26.9740
    outer loop
        vertex 0.3838 2.3691 -11.4776
        vertex 0.5003 2.2777 -11.4381
        vertex 0.5117 2.2440 -11.4343
    endloop
endfacet
facet normal 5.3125 10.0000 -26.9693
    outer loop
        vertex 0.5117 2.2440 -11.4343
        vertex 0.3635 2.3724 -11.4845
        vertex 0.3838 2.3691 -11.4776
    endloop
endfacet
facet normal 5.3106 10.0000 -26.9637
    outer loop
        vertex 0.8476 2.2800 -11.3204
        vertex 0.8177 2.2506 -11.3305
        vertex 0.8085 2.2828 -11.3336
    endloop
endfacet
facet normal 5.3086 10.0000 -26.9577
    outer loop
        vertex 0.8085 2.2828 -11.3336
        vertex 0.8392 2.2876 -11.3232
        vertex 0.8476 2.2800 -11.3204
    endloop
endfacet
facet normal 5.3082 10.0000 -26.9567
    outer loop
        vertex 0.8043 2.3198 -11.3351
        vertex 0.8304 2.2989 -11.3262
        vertex 0.8392 2.2876 -11.3232
    endloop
endfacet
facet normal 5.3104 10.0000 -26.9632
    outer loop
        vertex 0.8392 2.2876 -11.3232
        vertex 0.8085 2.2828 -11.3336
        vertex 0.8043 2.3198 -11.3351
    endloop
endfacet
facet normal 5.3108 10.0000 -26.9643
    outer loop
        vertex 0.9570 2.3286 -11.2833
        vertex 0.9503 2.2851 -11.2856
        vertex 0.9228 2.3041 -11.2949
    endloop
endfacet
facet normal 5.3088 10.0000 -26.9584
    outer loop
        vertex 0.9228 2.3041 -11.2949
        vertex 0.9313 2.3213 -11.2920
        vertex 0.9570 2.3286 -11.2833
    endloop
endfacet
facet normal 5.3092 10.0000 -26.9596
    outer loop
        vertex 0.9128 2.2901 -11.2983
        vertex 0.9228 2.3041 -11.2949
        vertex 0.9503 2.2851 -11.2856
    endloop
endfacet
facet normal 5.3107 10.0000 -26.9639
    outer loop
        vertex 0.9503 2.2851 -11.2856
        vertex 0.9393 2.2526 -11.2893
        vertex 0.9128 2.2901 -11.2983
    endloop
endfacet
facet normal 5.3108 10.0000 -26.9641
    outer loop
        vertex 0.5325 2.2834 -11.4272
        vertex 0.5255 2.3186 -11.4296
        vertex 0.5648 2.3075 -11.4163
    endloop
endfacet
facet normal 5.3091 10.0000 -26.9592
    outer loop
        vertex 0.5648 2.3075 -11.4163
        vertex 0.5731 2.2978 -11.4134
        vertex 0.5325 2.2834 -11.4272
    endloop
endfacet
facet normal 5.3113 10.0000 -26.9657
    outer loop
        vertex 0.5895 2.2867 -11.4079
        vertex 0.5423 2.2568 -11.4239
        vertex 0.5325 2.2834 -11.4272
    endloop
endfacet
facet normal 5.3085 10.0000 -26.9576
    outer loop
        vertex 0.5325 2.2834 -11.4272
        vertex 0.5819 2.2908 -11.4105
        vertex 0.5895 2.2867 -11.4079
    endloop
endfacet
facet normal 5.3134 10.0000 -26.9720
    outer loop
        vertex 0.7733 2.3482 -11.3456
        vertex 0.7734 2.3046 -11.3456
        vertex 0.7149 2.2884 -11.3654
    endloop
endfacet
facet normal 5.3134 10.0000 -26.9721
    outer loop
        vertex 0.7149 2.2884 -11.3654
        vertex 0.7208 2.3384 -11.3634
        vertex 0.7733 2.3482 -11.3456
    endloop
endfacet
facet normal 5.3122 10.0000 -26.9684
    outer loop
        vertex 0.6888 2.3395 -11.3742
        vertex 0.6837 2.2972 -11.3759
        vertex 0.6365 2.2962 -11.3920
    endloop
endfacet
facet normal 5.3082 10.0000 -26.9565
    outer loop
        vertex 0.6365 2.2962 -11.3920
        vertex 0.6451 2.3049 -11.3890
        vertex 0.6888 2.3395 -11.3742
    endloop
endfacet
facet normal 5.3102 10.0000 -26.9625
    outer loop
        vertex 0.6852 2.3902 -11.3754
        vertex 0.6889 2.3500 -11.3742
        vertex 0.6641 2.3380 -11.3826
    endloop
endfacet
facet normal 5.3083 10.0000 -26.9569
    outer loop
        vertex 0.6641 2.3380 -11.3826
        vertex 0.6716 2.3629 -11.3801
        vertex 0.6852 2.3902 -11.3754
    endloop
endfacet
facet normal 5.3087 10.0000 -26.9582
    outer loop
        vertex 0.6554 2.3196 -11.3856
        vertex 0.6641 2.3380 -11.3826
        vertex 0.6889 2.3500 -11.3742
    endloop
endfacet
facet normal 5.3087 10.0000 -26.9582
    outer loop
        vertex 0.6889 2.3500 -11.3742
        vertex 0.6888 2.3395 -11.3742
        vertex 0.6554 2.3196 -11.3856
    endloop
endfacet
facet normal 5.3089 10.0000 -26.9588
    outer loop
        vertex 0.8216 2.3156 -11.3292
        vertex 0.8043 2.3198 -11.3351
        vertex 0.8048 2.3455 -11.3349
    endloop
endfacet
facet normal 5.3083 10.0000 -26.9570
    outer loop
        vertex 0.8048 2.3455 -11.3349
        vertex 0.8140 2.3384 -11.3318
        vertex 0.8216 2.3156 -11.3292
    endloop
endfacet
facet normal 5.3091 10.0000 -26.9593
    outer loop
        vertex 0.5553 2.3236 -11.4195
        vertex 0.5648 2.3075 -11.4163
        vertex 0.5255 2.3186 -11.4296
    endloop
endfacet
facet normal 5.3103 10.0000 -26.9628
    outer loop
        vertex 0.5255 2.3186 -11.4296
        vertex 0.5240 2.3547 -11.4301
        vertex 0.5553 2.3236 -11.4195
    endloop
endfacet
facet normal 5.3092 10.0000 -26.9596
    outer loop
        vertex 0.9576 2.3483 -11.2831
        vertex 0.9387 2.3449 -11.2895
        vertex 0.9431 2.3760 -11.2880
    endloop
endfacet
facet normal 5.3090 10.0000 -26.9590
    outer loop
        vertex 0.9431 2.3760 -11.2880
        vertex 0.9542 2.3874 -11.2843
        vertex 0.9576 2.3483 -11.2831
    endloop
endfacet
facet normal 5.3089 10.0000 -26.9585
    outer loop
        vertex 0.5477 2.3441 -11.4221
        vertex 0.5553 2.3236 -11.4195
        vertex 0.5240 2.3547 -11.4301
    endloop
endfacet
facet normal 5.3100 10.0000 -26.9618
    outer loop
        vertex 0.5240 2.3547 -11.4301
        vertex 0.5286 2.3922 -11.4285
        vertex 0.5477 2.3441 -11.4221
    endloop
endfacet
facet normal 5.3101 10.0000 -26.9621
    outer loop
        vertex 0.9879 2.3772 -11.2728
        vertex 1.0336 2.3612 -11.2573
        vertex 1.0242 2.3432 -11.2605
    endloop
endfacet
facet normal 5.3119 10.0000 -26.9674
    outer loop
        vertex 1.0242 2.3432 -11.2605
        vertex 0.9886 2.3262 -11.2726
        vertex 0.9879 2.3772 -11.2728
    endloop
endfacet
facet normal 5.3138 10.0000 -26.9732
    outer loop
        vertex 0.4144 2.3722 -11.4672
        vertex 0.4921 2.3562 -11.4409
        vertex 0.4931 2.3205 -11.4406
    endloop
endfacet
facet normal 5.3105 10.0000 -26.9635
    outer loop
        vertex 0.4931 2.3205 -11.4406
        vertex 0.3974 2.3683 -11.4730
        vertex 0.4144 2.3722 -11.4672
    endloop
endfacet
facet normal 5.3091 10.0000 -26.9592
    outer loop
        vertex 0.4921 2.3562 -11.4409
        vertex 0.4144 2.3722 -11.4672
        vertex 0.4187 2.3780 -11.4658
    endloop
endfacet
facet normal 5.3160 10.0000 -26.9796
    outer loop
        vertex 0.4187 2.3780 -11.4658
        vertex 0.4982 2.4058 -11.4388
        vertex 0.4921 2.3562 -11.4409
    endloop
endfacet
facet normal 5.3143 10.0000 -26.9745
    outer loop
        vertex 0.4167 2.3888 -11.4665
        vertex 0.5099 2.4446 -11.4349
        vertex 0.4982 2.4058 -11.4388
    endloop
endfacet
facet normal 5.3099 10.0000 -26.9617
    outer loop
        vertex 0.4982 2.4058 -11.4388
        vertex 0.4187 2.3780 -11.4658
        vertex 0.4167 2.3888 -11.4665
    endloop
endfacet
facet normal 5.3234 10.0000 -27.0015
    outer loop
        vertex 1.1155 2.4541 -11.2296
        vertex 1.0799 2.4023 -11.2417
        vertex 0.9703 2.4477 -11.2788
    endloop
endfacet
facet normal 5.3159 10.0000 -26.9792
    outer loop
        vertex 0.9703 2.4477 -11.2788
        vertex 0.9569 2.4727 -11.2833
        vertex 1.1155 2.4541 -11.2296
    endloop
endfacet
facet normal 5.3131 10.0000 -26.9710
    outer loop
        vertex 0.9879 2.3772 -11.2728
        vertex 0.9808 2.4173 -11.2753
        vertex 1.0487 2.3724 -11.2522
    endloop
endfacet
facet normal 5.3096 10.0000 -26.9607
    outer loop
        vertex 1.0487 2.3724 -11.2522
        vertex 1.0336 2.3612 -11.2573
        vertex 0.9879 2.3772 -11.2728
    endloop
endfacet
facet normal 5.3089 10.0000 -26.9586
    outer loop
        vertex 0.9469 2.4171 -11.2867
        vertex 0.9542 2.3874 -11.2843
        vertex 0.9431 2.3760 -11.2880
    endloop
endfacet
facet normal 5.3084 10.0000 -26.9571
    outer loop
        vertex 0.9431 2.3760 -11.2880
        vertex 0.9419 2.4114 -11.2884
        vertex 0.9469 2.4171 -11.2867
    endloop
endfacet
facet normal 5.3083 10.0000 -26.9569
    outer loop
        vertex 0.6756 2.4106 -11.3787
        vertex 0.6751 2.4266 -11.3789
        vertex 0.6852 2.3902 -11.3754
    endloop
endfacet
facet normal 5.3083 10.0000 -26.9570
    outer loop
        vertex 0.6852 2.3902 -11.3754
        vertex 0.6756 2.3947 -11.3787
        vertex 0.6756 2.4106 -11.3787
    endloop
endfacet
facet normal 5.3103 10.0000 -26.9627
    outer loop
        vertex 0.5099 2.4446 -11.4349
        vertex 0.4167 2.3888 -11.4665
        vertex 0.4074 2.3947 -11.4696
    endloop
endfacet
facet normal 5.3128 10.0000 -26.9702
    outer loop
        vertex 0.4074 2.3947 -11.4696
        vertex 0.5245 2.4739 -11.4299
        vertex 0.5099 2.4446 -11.4349
    endloop
endfacet
facet normal 5.3088 10.0000 -26.9582
    outer loop
        vertex 0.5418 2.3988 -11.4241
        vertex 0.5286 2.3922 -11.4285
        vertex 0.5381 2.4242 -11.4253
    endloop
endfacet
facet normal 5.3082 10.0000 -26.9565
    outer loop
        vertex 0.5381 2.4242 -11.4253
        vertex 0.5430 2.4135 -11.4236
        vertex 0.5418 2.3988 -11.4241
    endloop
endfacet
facet normal 5.3102 10.0000 -26.9626
    outer loop
        vertex 0.5608 2.5143 -11.4176
        vertex 0.5396 2.4947 -11.4248
        vertex 0.3826 2.3989 -11.4780
    endloop
endfacet
facet normal 5.3179 10.0000 -26.9853
    outer loop
        vertex 0.3826 2.3989 -11.4780
        vertex 0.3567 2.4084 -11.4868
        vertex 0.5608 2.5143 -11.4176
    endloop
endfacet
facet normal 5.3141 10.0000 -26.9740
    outer loop
        vertex 0.9301 2.6142 -11.2924
        vertex 0.9400 2.6245 -11.2891
        vertex 1.1453 2.5491 -11.2195
    endloop
endfacet
facet normal 5.3589 10.0000 -27.1061
    outer loop
        vertex 1.1453 2.5491 -11.2195
        vertex 0.9261 2.5038 -11.2938
        vertex 0.9301 2.6142 -11.2924
    endloop
endfacet
facet normal 5.3140 10.0000 -26.9738
    outer loop
        vertex 0.9808 2.4173 -11.2753
        vertex 0.9703 2.4477 -11.2788
        vertex 1.0799 2.4023 -11.2417
    endloop
endfacet
facet normal 5.3153 10.0000 -26.9775
    outer loop
        vertex 1.0799 2.4023 -11.2417
        vertex 1.0487 2.3724 -11.2522
        vertex 0.9808 2.4173 -11.2753
    endloop
endfacet
facet normal 5.3083 10.0000 -26.9570
    outer loop
        vertex 0.3567 2.4084 -11.4868
        vertex 0.3324 2.4229 -11.4950
        vertex 0.3096 2.4428 -11.5028
    endloop
endfacet
facet normal 5.3334 10.0000 -27.0309
    outer loop
        vertex 0.3096 2.4428 -11.5028
        vertex 0.5608 2.5143 -11.4176
        vertex 0.3567 2.4084 -11.4868
    endloop
endfacet
facet normal 5.3113 10.0000 -26.9658
    outer loop
        vertex 0.2872 2.4706 -11.5104
        vertex 0.5751 2.5223 -11.4128
        vertex 0.5608 2.5143 -11.4176
    endloop
endfacet
facet normal 5.3262 10.0000 -27.0097
    outer loop
        vertex 0.5608 2.5143 -11.4176
        vertex 0.3096 2.4428 -11.5028
        vertex 0.2872 2.4706 -11.5104
    endloop
endfacet
facet normal 5.3140 10.0000 -26.9738
    outer loop
        vertex 0.7944 2.4374 -11.3384
        vertex 0.7106 2.4250 -11.3668
        vertex 0.6988 2.4572 -11.3708
    endloop
endfacet
facet normal 5.3144 10.0000 -26.9749
    outer loop
        vertex 0.6988 2.4572 -11.3708
        vertex 0.8098 2.4658 -11.3332
        vertex 0.7944 2.4374 -11.3384
    endloop
endfacet
facet normal 5.3139 10.0000 -26.9733
    outer loop
        vertex 0.6838 2.4836 -11.3759
        vertex 0.8253 2.4856 -11.3280
        vertex 0.8098 2.4658 -11.3332
    endloop
endfacet
facet normal 5.3145 10.0000 -26.9751
    outer loop
        vertex 0.8098 2.4658 -11.3332
        vertex 0.6988 2.4572 -11.3708
        vertex 0.6838 2.4836 -11.3759
    endloop
endfacet
facet normal 5.3336 10.0000 -27.0316
    outer loop
        vertex 0.5708 2.6141 -11.4142
        vertex 0.2872 2.4706 -11.5104
        vertex 0.2687 2.5039 -11.5166
    endloop
endfacet
facet normal 5.3574 10.0000 -27.1018
    outer loop
        vertex 0.2687 2.5039 -11.5166
        vertex 0.5326 2.6774 -11.4272
        vertex 0.5708 2.6141 -11.4142
    endloop
endfacet
facet normal 5.3109 10.0000 -26.9647
    outer loop
        vertex 0.9072 2.5130 -11.3002
        vertex 0.9172 2.6174 -11.2968
        vertex 0.9301 2.6142 -11.2924
    endloop
endfacet
facet normal 5.3125 10.0000 -26.9692
    outer loop
        vertex 0.9301 2.6142 -11.2924
        vertex 0.9261 2.5038 -11.2938
        vertex 0.9072 2.5130 -11.3002
    endloop
endfacet
facet normal 5.3342 10.0000 -27.0333
    outer loop
        vertex 1.1477 2.6084 -11.2187
        vertex 1.1453 2.5491 -11.2195
        vertex 0.9400 2.6245 -11.2891
    endloop
endfacet
facet normal 5.3161 10.0000 -26.9798
    outer loop
        vertex 0.9400 2.6245 -11.2891
        vertex 0.9471 2.6423 -11.2867
        vertex 1.1477 2.6084 -11.2187
    endloop
endfacet
facet normal 5.3109 10.0000 -26.9645
    outer loop
        vertex 0.9048 2.6270 -11.3010
        vertex 0.8741 2.5148 -11.3114
        vertex 0.8610 2.5109 -11.3159
    endloop
endfacet
facet normal 5.3317 10.0000 -27.0258
    outer loop
        vertex 0.8610 2.5109 -11.3159
        vertex 0.8043 2.6158 -11.3351
        vertex 0.9048 2.6270 -11.3010
    endloop
endfacet
facet normal 5.3119 10.0000 -26.9674
    outer loop
        vertex 0.8907 2.5159 -11.3058
        vertex 0.8741 2.5148 -11.3114
        vertex 0.9048 2.6270 -11.3010
    endloop
endfacet
facet normal 5.3092 10.0000 -26.9595
    outer loop
        vertex 0.9048 2.6270 -11.3010
        vertex 0.9093 2.6228 -11.2995
        vertex 0.8907 2.5159 -11.3058
    endloop
endfacet
facet normal 5.3107 10.0000 -26.9641
    outer loop
        vertex 0.5903 2.6329 -11.4076
        vertex 0.6421 2.5213 -11.3900
        vertex 0.6281 2.5267 -11.3948
    endloop
endfacet
facet normal 5.3100 10.0000 -26.9619
    outer loop
        vertex 0.6281 2.5267 -11.3948
        vertex 0.5861 2.6196 -11.4090
        vertex 0.5903 2.6329 -11.4076
    endloop
endfacet
facet normal 5.3661 10.0000 -27.1275
    outer loop
        vertex 0.2872 2.4706 -11.5104
        vertex 0.5708 2.6141 -11.4142
        vertex 0.5906 2.5274 -11.4075
    endloop
endfacet
facet normal 5.3094 10.0000 -26.9602
    outer loop
        vertex 0.5906 2.5274 -11.4075
        vertex 0.5751 2.5223 -11.4128
        vertex 0.2872 2.4706 -11.5104
    endloop
endfacet
facet normal 5.3098 10.0000 -26.9613
    outer loop
        vertex 0.5708 2.6141 -11.4142
        vertex 0.5805 2.6146 -11.4109
        vertex 0.6070 2.5294 -11.4020
    endloop
endfacet
facet normal 5.3111 10.0000 -26.9651
    outer loop
        vertex 0.6070 2.5294 -11.4020
        vertex 0.5906 2.5274 -11.4075
        vertex 0.5708 2.6141 -11.4142
    endloop
endfacet
facet normal 5.3361 10.0000 -27.0389
    outer loop
        vertex 0.2687 2.5039 -11.5166
        vertex 0.2545 2.5443 -11.5215
        vertex 0.5304 2.6928 -11.4279
    endloop
endfacet
facet normal 5.3174 10.0000 -26.9838
    outer loop
        vertex 0.5304 2.6928 -11.4279
        vertex 0.5326 2.6774 -11.4272
        vertex 0.2687 2.5039 -11.5166
    endloop
endfacet
facet normal 5.3275 10.0000 -27.0136
    outer loop
        vertex 1.1339 2.6942 -11.2233
        vertex 1.1444 2.6457 -11.2198
        vertex 0.9509 2.6602 -11.2854
    endloop
endfacet
facet normal 5.3130 10.0000 -26.9707
    outer loop
        vertex 0.9509 2.6602 -11.2854
        vertex 0.9496 2.6728 -11.2858
        vertex 1.1339 2.6942 -11.2233
    endloop
endfacet
facet normal 5.3155 10.0000 -26.9780
    outer loop
        vertex 0.9471 2.6423 -11.2867
        vertex 0.9509 2.6602 -11.2854
        vertex 1.1444 2.6457 -11.2198
    endloop
endfacet
facet normal 5.3236 10.0000 -27.0020
    outer loop
        vertex 1.1444 2.6457 -11.2198
        vertex 1.1477 2.6084 -11.2187
        vertex 0.9471 2.6423 -11.2867
    endloop
endfacet
facet normal 5.3096 10.0000 -26.9606
    outer loop
        vertex 1.0249 2.8108 -11.2603
        vertex 1.0611 2.7963 -11.2480
        vertex 1.1009 2.7601 -11.2345
    endloop
endfacet
facet normal 5.3383 10.0000 -27.0454
    outer loop
        vertex 1.1009 2.7601 -11.2345
        vertex 0.9496 2.6728 -11.2858
        vertex 1.0249 2.8108 -11.2603
    endloop
endfacet
facet normal 5.3081 10.0000 -26.9564
    outer loop
        vertex 0.9417 2.6742 -11.2885
        vertex 0.9126 2.6729 -11.2984
        vertex 0.9047 2.6745 -11.3010
    endloop
endfacet
facet normal 5.3084 10.0000 -26.9570
    outer loop
        vertex 0.9047 2.6745 -11.3010
        vertex 0.8957 2.6791 -11.3041
        vertex 0.9417 2.6742 -11.2885
    endloop
endfacet
facet normal 5.3095 10.0000 -26.9604
    outer loop
        vertex 0.5682 2.6776 -11.4151
        vertex 0.5531 2.6946 -11.4202
        vertex 0.6075 2.6806 -11.4018
    endloop
endfacet
facet normal 5.3081 10.0000 -26.9564
    outer loop
        vertex 0.6075 2.6806 -11.4018
        vertex 0.5851 2.6772 -11.4094
        vertex 0.5682 2.6776 -11.4151
    endloop
endfacet
facet normal 5.3134 10.0000 -26.9720
    outer loop
        vertex 0.7139 2.7548 -11.3657
        vertex 0.6795 2.7260 -11.3774
        vertex 0.5531 2.6946 -11.4202
    endloop
endfacet
facet normal 5.4228 10.0000 -27.2947
    outer loop
        vertex 0.5531 2.6946 -11.4202
        vertex 0.4125 2.9789 -11.4679
        vertex 0.7139 2.7548 -11.3657
    endloop
endfacet
facet normal 5.3612 10.0000 -27.1129
    outer loop
        vertex 0.2719 2.7281 -11.5156
        vertex 0.5304 2.6928 -11.4279
        vertex 0.2465 2.6345 -11.5241
    endloop
endfacet
facet normal 5.3089 10.0000 -26.9587
    outer loop
        vertex 0.2465 2.6345 -11.5241
        vertex 0.2550 2.6830 -11.5213
        vertex 0.2719 2.7281 -11.5156
    endloop
endfacet
facet normal 5.3228 10.0000 -26.9995
    outer loop
        vertex 0.2719 2.7281 -11.5156
        vertex 0.2856 2.7528 -11.5109
        vertex 0.5385 2.7012 -11.4252
    endloop
endfacet
facet normal 5.3132 10.0000 -26.9714
    outer loop
        vertex 0.5385 2.7012 -11.4252
        vertex 0.5304 2.6928 -11.4279
        vertex 0.2719 2.7281 -11.5156
    endloop
endfacet
facet normal 5.3089 10.0000 -26.9587
    outer loop
        vertex 0.2856 2.7528 -11.5109
        vertex 0.3145 2.7901 -11.5011
        vertex 0.3516 2.8231 -11.4885
    endloop
endfacet
facet normal 5.3529 10.0000 -27.0884
    outer loop
        vertex 0.3516 2.8231 -11.4885
        vertex 0.5385 2.7012 -11.4252
        vertex 0.2856 2.7528 -11.5109
    endloop
endfacet
facet normal 5.3341 10.0000 -27.0330
    outer loop
        vertex 0.3516 2.8231 -11.4885
        vertex 0.4043 2.8548 -11.4707
        vertex 0.5385 2.7012 -11.4252
    endloop
endfacet
facet normal 5.3127 10.0000 -26.9698
    outer loop
        vertex 0.7985 2.7712 -11.3371
        vertex 0.7776 2.7767 -11.3441
        vertex 0.4125 2.9789 -11.4679
    endloop
endfacet
facet normal 5.5360 10.0000 -27.6286
    outer loop
        vertex 0.4125 2.9789 -11.4679
        vertex 0.9815 2.9515 -11.2750
        vertex 0.7985 2.7712 -11.3371
    endloop
endfacet
facet normal 5.3087 10.0000 -26.9581
    outer loop
        vertex 0.4047 2.8658 -11.4705
        vertex 0.4125 2.9789 -11.4679
        vertex 0.4073 2.8602 -11.4697
    endloop
endfacet
facet normal 5.3148 10.0000 -26.9759
    outer loop
        vertex 0.4125 2.9789 -11.4679
        vertex 0.5531 2.6946 -11.4202
        vertex 0.5385 2.7012 -11.4252
    endloop
endfacet
facet normal 5.3428 10.0000 -27.0586
    outer loop
        vertex 0.5385 2.7012 -11.4252
        vertex 0.4073 2.8602 -11.4697
        vertex 0.4125 2.9789 -11.4679
    endloop
endfacet
facet normal 5.5445 10.0000 -27.6538
    outer loop
        vertex 1.0757 2.9260 -11.2431
        vertex 1.3655 3.3067 -11.1449
        vertex 1.3984 2.9647 -11.1337
    endloop
endfacet
facet normal 5.3234 10.0000 -27.0016
    outer loop
        vertex 1.3984 2.9647 -11.1337
        vertex 1.2599 2.9255 -11.1806
        vertex 1.0757 2.9260 -11.2431
    endloop
endfacet
facet normal 5.3417 10.0000 -27.0553
    outer loop
        vertex 1.3655 3.3067 -11.1449
        vertex 1.0757 2.9260 -11.2431
        vertex 1.0478 2.9442 -11.2525
    endloop
endfacet
facet normal 5.4166 10.0000 -27.2762
    outer loop
        vertex 1.0478 2.9442 -11.2525
        vertex 1.2618 3.3497 -11.1800
        vertex 1.3655 3.3067 -11.1449
    endloop
endfacet
facet normal 5.5599 10.0000 -27.6991
    outer loop
        vertex 0.9815 2.9515 -11.2750
        vertex 1.0061 3.4106 -11.2667
        vertex 1.2618 3.3497 -11.1800
    endloop
endfacet
facet normal 5.3146 10.0000 -26.9755
    outer loop
        vertex 1.2618 3.3497 -11.1800
        vertex 0.9958 2.9606 -11.2702
        vertex 0.9815 2.9515 -11.2750
    endloop
endfacet
facet normal 5.3102 10.0000 -26.9625
    outer loop
        vertex 1.5150 3.0387 -11.0941
        vertex 1.4810 3.0082 -11.1057
        vertex 1.3984 2.9647 -11.1337
    endloop
endfacet
facet normal 5.3976 10.0000 -27.2205
    outer loop
        vertex 1.3984 2.9647 -11.1337
        vertex 1.3655 3.3067 -11.1449
        vertex 1.5150 3.0387 -11.0941
    endloop
endfacet
facet normal 5.3257 10.0000 -27.0081
    outer loop
        vertex 0.9815 2.9515 -11.2750
        vertex 0.4125 2.9789 -11.4679
        vertex 0.4119 2.9936 -11.4681
    endloop
endfacet
facet normal 5.8558 10.0000 -28.5721
    outer loop
        vertex 0.4119 2.9936 -11.4681
        vertex 0.6358 3.4310 -11.3922
        vertex 0.9815 2.9515 -11.2750
    endloop
endfacet
facet normal 5.3145 10.0000 -26.9752
    outer loop
        vertex 1.6271 3.1325 -11.0562
        vertex 1.6915 3.1058 -11.0343
        vertex 1.6458 3.0772 -11.0498
    endloop
endfacet
facet normal 5.3100 10.0000 -26.9620
    outer loop
        vertex 1.6458 3.0772 -11.0498
        vertex 1.6233 3.0928 -11.0575
        vertex 1.6271 3.1325 -11.0562
    endloop
endfacet
facet normal 5.3294 10.0000 -27.0191
    outer loop
        vertex 1.3655 3.3067 -11.1449
        vertex 1.5445 3.1027 -11.0842
        vertex 1.5315 3.0611 -11.0886
    endloop
endfacet
facet normal 5.3244 10.0000 -27.0045
    outer loop
        vertex 1.5315 3.0611 -11.0886
        vertex 1.5150 3.0387 -11.0941
        vertex 1.3655 3.3067 -11.1449
    endloop
endfacet
facet normal 5.3210 10.0000 -26.9944
    outer loop
        vertex 1.5412 3.1408 -11.0853
        vertex 1.5445 3.1027 -11.0842
        vertex 1.3655 3.3067 -11.1449
    endloop
endfacet
facet normal 5.3176 10.0000 -26.9842
    outer loop
        vertex 1.3655 3.3067 -11.1449
        vertex 1.5190 3.1875 -11.0928
        vertex 1.5412 3.1408 -11.0853
    endloop
endfacet
facet normal 5.3110 10.0000 -26.9647
    outer loop
        vertex 1.6915 3.1058 -11.0343
        vertex 1.6271 3.1325 -11.0562
        vertex 1.6216 3.1565 -11.0580
    endloop
endfacet
facet normal 5.3174 10.0000 -26.9839
    outer loop
        vertex 1.6216 3.1565 -11.0580
        vertex 1.7310 3.1410 -11.0209
        vertex 1.6915 3.1058 -11.0343
    endloop
endfacet
facet normal 5.3170 10.0000 -26.9824
    outer loop
        vertex 1.6902 3.2274 -11.0348
        vertex 1.7619 3.1791 -11.0105
        vertex 1.7310 3.1410 -11.0209
    endloop
endfacet
facet normal 5.3170 10.0000 -26.9826
    outer loop
        vertex 1.7310 3.1410 -11.0209
        vertex 1.6590 3.1890 -11.0453
        vertex 1.6902 3.2274 -11.0348
    endloop
endfacet
facet normal 5.3201 10.0000 -26.9918
    outer loop
        vertex 1.7619 3.1791 -11.0105
        vertex 1.6902 3.2274 -11.0348
        vertex 1.7227 3.2853 -11.0238
    endloop
endfacet
facet normal 5.3171 10.0000 -26.9829
    outer loop
        vertex 1.7227 3.2853 -11.0238
        vertex 1.7865 3.2226 -11.0021
        vertex 1.7619 3.1791 -11.0105
    endloop
endfacet
facet normal 5.3115 10.0000 -26.9664
    outer loop
        vertex 1.4944 3.2174 -11.1011
        vertex 1.5190 3.1875 -11.0928
        vertex 1.3655 3.3067 -11.1449
    endloop
endfacet
facet normal 5.3102 10.0000 -26.9624
    outer loop
        vertex 1.3655 3.3067 -11.1449
        vertex 1.4486 3.2570 -11.1167
        vertex 1.4944 3.2174 -11.1011
    endloop
endfacet
facet normal 5.3226 10.0000 -26.9991
    outer loop
        vertex 1.7865 3.2226 -11.0021
        vertex 1.7227 3.2853 -11.0238
        vertex 1.7508 3.3657 -11.0142
    endloop
endfacet
facet normal 5.3159 10.0000 -26.9793
    outer loop
        vertex 1.7508 3.3657 -11.0142
        vertex 1.8018 3.2656 -10.9969
        vertex 1.7865 3.2226 -11.0021
    endloop
endfacet
facet normal 5.3089 10.0000 -26.9588
    outer loop
        vertex 1.8094 3.3650 -10.9944
        vertex 1.8099 3.3130 -10.9942
        vertex 1.8018 3.2656 -10.9969
    endloop
endfacet
facet normal 5.3204 10.0000 -26.9925
    outer loop
        vertex 1.8018 3.2656 -10.9969
        vertex 1.7508 3.3657 -11.0142
        vertex 1.8094 3.3650 -10.9944
    endloop
endfacet
facet normal 5.3091 10.0000 -26.9593
    outer loop
        vertex 1.6697 3.6382 -11.0417
        vertex 1.6832 3.5878 -11.0371
        vertex 1.6888 3.5280 -11.0353
    endloop
endfacet
facet normal 5.3294 10.0000 -27.0192
    outer loop
        vertex 1.6888 3.5280 -11.0353
        vertex 1.6327 3.3216 -11.0543
        vertex 1.6697 3.6382 -11.0417
    endloop
endfacet
facet normal 5.3735 10.0000 -27.1493
    outer loop
        vertex 1.5469 3.8106 -11.0833
        vertex 1.6063 3.7493 -11.0632
        vertex 1.5554 3.2812 -11.0805
    endloop
endfacet
facet normal 5.3808 10.0000 -27.1708
    outer loop
        vertex 1.5554 3.2812 -11.0805
        vertex 1.4897 3.3301 -11.1027
        vertex 1.5469 3.8106 -11.0833
    endloop
endfacet
facet normal 5.3135 10.0000 -26.9723
    outer loop
        vertex 1.6664 3.3991 -11.0429
        vertex 1.6327 3.3216 -11.0543
        vertex 1.6888 3.5280 -11.0353
    endloop
endfacet
facet normal 5.3095 10.0000 -26.9605
    outer loop
        vertex 1.6888 3.5280 -11.0353
        vertex 1.6836 3.4663 -11.0370
        vertex 1.6664 3.3991 -11.0429
    endloop
endfacet
facet normal 5.3288 10.0000 -27.0174
    outer loop
        vertex 1.6450 3.6924 -11.0501
        vertex 1.6697 3.6382 -11.0417
        vertex 1.6327 3.3216 -11.0543
    endloop
endfacet
facet normal 5.3418 10.0000 -27.0556
    outer loop
        vertex 1.6327 3.3216 -11.0543
        vertex 1.5873 3.2471 -11.0697
        vertex 1.6450 3.6924 -11.0501
    endloop
endfacet
facet normal 5.4666 10.0000 -27.4240
    outer loop
        vertex 1.4897 3.3301 -11.1027
        vertex 1.3485 3.4000 -11.1506
        vertex 1.4561 3.8771 -11.1141
    endloop
endfacet
facet normal 5.4085 10.0000 -27.2525
    outer loop
        vertex 1.4561 3.8771 -11.1141
        vertex 1.5469 3.8106 -11.0833
        vertex 1.4897 3.3301 -11.1027
    endloop
endfacet
facet normal 5.5589 10.0000 -27.6962
    outer loop
        vertex 0.7246 4.0488 -11.3621
        vertex 0.5210 3.5060 -11.4311
        vertex 0.2856 3.4600 -11.5109
    endloop
endfacet
facet normal 5.5474 10.0000 -27.6621
    outer loop
        vertex 0.2856 3.4600 -11.5109
        vertex 0.5204 4.0324 -11.4313
        vertex 0.7246 4.0488 -11.3621
    endloop
endfacet
facet normal 5.6308 10.0000 -27.9084
    outer loop
        vertex 0.7246 4.0488 -11.3621
        vertex 1.0119 4.0289 -11.2647
        vertex 0.7918 3.5137 -11.3393
    endloop
endfacet
facet normal 5.6161 10.0000 -27.8648
    outer loop
        vertex 0.7918 3.5137 -11.3393
        vertex 0.5210 3.5060 -11.4311
        vertex 0.7246 4.0488 -11.3621
    endloop
endfacet
facet normal 5.3433 10.0000 -27.0600
    outer loop
        vertex 1.5873 3.2471 -11.0697
        vertex 1.5554 3.2812 -11.0805
        vertex 1.6063 3.7493 -11.0632
    endloop
endfacet
facet normal 5.3515 10.0000 -27.0843
    outer loop
        vertex 1.6063 3.7493 -11.0632
        vertex 1.6450 3.6924 -11.0501
        vertex 1.5873 3.2471 -11.0697
    endloop
endfacet
facet normal 5.3331 10.0000 -27.0300
    outer loop
        vertex 1.9260 3.6787 -10.9548
        vertex 1.7588 3.7758 -11.0115
        vertex 1.7831 3.8325 -11.0033
    endloop
endfacet
facet normal 5.3443 10.0000 -27.0630
    outer loop
        vertex 1.7831 3.8325 -11.0033
        vertex 1.9315 3.7926 -10.9530
        vertex 1.9260 3.6787 -10.9548
    endloop
endfacet
facet normal 5.3324 10.0000 -27.0281
    outer loop
        vertex 1.9070 3.8769 -10.9613
        vertex 1.9315 3.7926 -10.9530
        vertex 1.7831 3.8325 -11.0033
    endloop
endfacet
facet normal 5.3092 10.0000 -26.9594
    outer loop
        vertex 1.7099 3.9246 -11.0281
        vertex 1.6959 3.8635 -11.0328
        vertex 1.6760 3.8159 -11.0396
    endloop
endfacet
facet normal 5.3286 10.0000 -27.0167
    outer loop
        vertex 1.6760 3.8159 -11.0396
        vertex 1.6066 3.8798 -11.0631
        vertex 1.7099 3.9246 -11.0281
    endloop
endfacet
facet normal 5.3252 10.0000 -27.0067
    outer loop
        vertex 1.7142 4.0049 -11.0266
        vertex 1.7099 3.9246 -11.0281
        vertex 1.6066 3.8798 -11.0631
    endloop
endfacet
facet normal 5.3620 10.0000 -27.1152
    outer loop
        vertex 1.6066 3.8798 -11.0631
        vertex 1.4748 3.9633 -11.1078
        vertex 1.7142 4.0049 -11.0266
    endloop
endfacet
facet normal 5.3143 10.0000 -26.9746
    outer loop
        vertex 1.7831 3.8325 -11.0033
        vertex 1.8009 3.9039 -10.9972
        vertex 1.8538 3.9487 -10.9793
    endloop
endfacet
facet normal 5.3318 10.0000 -27.0263
    outer loop
        vertex 1.8538 3.9487 -10.9793
        vertex 1.9070 3.8769 -10.9613
        vertex 1.7831 3.8325 -11.0033
    endloop
endfacet
facet normal 5.5590 10.0000 -27.6966
    outer loop
        vertex 1.2413 4.0568 -11.1869
        vertex 1.6321 4.2645 -11.0545
        vertex 1.7142 4.0049 -11.0266
    endloop
endfacet
facet normal 5.3760 10.0000 -27.1566
    outer loop
        vertex 1.7142 4.0049 -11.0266
        vertex 1.4748 3.9633 -11.1078
        vertex 1.2413 4.0568 -11.1869
    endloop
endfacet
facet normal 5.3085 10.0000 -26.9573
    outer loop
        vertex 1.9813 4.0606 -10.9361
        vertex 1.9513 4.0173 -10.9463
        vertex 1.9297 3.9934 -10.9536
    endloop
endfacet
facet normal 5.3158 10.0000 -26.9791
    outer loop
        vertex 1.9297 3.9934 -10.9536
        vertex 1.9013 4.0282 -10.9632
        vertex 1.9813 4.0606 -10.9361
    endloop
endfacet
facet normal 5.3240 10.0000 -27.0033
    outer loop
        vertex 1.9813 4.0606 -10.9361
        vertex 1.9013 4.0282 -10.9632
        vertex 2.0153 4.1688 -10.9246
    endloop
endfacet
facet normal 5.3095 10.0000 -26.9604
    outer loop
        vertex 2.0153 4.1688 -10.9246
        vertex 2.0011 4.1030 -10.9294
        vertex 1.9813 4.0606 -10.9361
    endloop
endfacet
facet normal 5.6701 10.0000 -28.0243
    outer loop
        vertex 1.6321 4.2645 -11.0545
        vertex 1.2413 4.0568 -11.1869
        vertex 1.3000 4.5254 -11.1670
    endloop
endfacet
facet normal 5.3206 10.0000 -26.9932
    outer loop
        vertex 1.3000 4.5254 -11.1670
        vertex 1.6043 4.3042 -11.0639
        vertex 1.6321 4.2645 -11.0545
    endloop
endfacet
facet normal 5.3129 10.0000 -26.9704
    outer loop
        vertex 1.4353 4.4566 -11.1212
        vertex 1.5329 4.3822 -11.0881
        vertex 1.6043 4.3042 -11.0639
    endloop
endfacet
facet normal 5.3270 10.0000 -27.0122
    outer loop
        vertex 1.6043 4.3042 -11.0639
        vertex 1.3000 4.5254 -11.1670
        vertex 1.4353 4.4566 -11.1212
    endloop
endfacet
facet normal 5.3262 10.0000 -27.0097
    outer loop
        vertex 2.0071 4.2534 -10.9273
        vertex 2.0149 4.2102 -10.9247
        vertex 1.8389 4.0828 -10.9844
    endloop
endfacet
facet normal 5.3367 10.0000 -27.0406
    outer loop
        vertex 1.8389 4.0828 -10.9844
        vertex 1.7887 4.1124 -11.0014
        vertex 2.0071 4.2534 -10.9273
    endloop
endfacet
facet normal 5.3452 10.0000 -27.0658
    outer loop
        vertex 1.9013 4.0282 -10.9632
        vertex 1.8389 4.0828 -10.9844
        vertex 2.0149 4.2102 -10.9247
    endloop
endfacet
facet normal 5.3181 10.0000 -26.9858
    outer loop
        vertex 2.0149 4.2102 -10.9247
        vertex 2.0153 4.1688 -10.9246
        vertex 1.9013 4.0282 -10.9632
    endloop
endfacet
facet normal 5.3291 10.0000 -27.0183
    outer loop
        vertex 1.7381 4.2627 -11.0185
        vertex 1.9709 4.3360 -10.9396
        vertex 1.9906 4.2993 -10.9329
    endloop
endfacet
facet normal 5.3544 10.0000 -27.0929
    outer loop
        vertex 1.9906 4.2993 -10.9329
        vertex 1.7727 4.1810 -11.0068
        vertex 1.7381 4.2627 -11.0185
    endloop
endfacet
facet normal 5.3437 10.0000 -27.0613
    outer loop
        vertex 1.7887 4.1124 -11.0014
        vertex 1.7727 4.1810 -11.0068
        vertex 1.9906 4.2993 -10.9329
    endloop
endfacet
facet normal 5.3342 10.0000 -27.0333
    outer loop
        vertex 1.9906 4.2993 -10.9329
        vertex 2.0071 4.2534 -10.9273
        vertex 1.7887 4.1124 -11.0014
    endloop
endfacet
facet normal 5.3707 10.0000 -27.1410
    outer loop
        vertex 1.9709 4.3360 -10.9396
        vertex 1.7381 4.2627 -11.0185
        vertex 1.6673 4.3676 -11.0425
    endloop
endfacet
facet normal 5.3373 10.0000 -27.0426
    outer loop
        vertex 1.6673 4.3676 -11.0425
        vertex 1.9337 4.3854 -10.9522
        vertex 1.9709 4.3360 -10.9396
    endloop
endfacet
facet normal 5.3559 10.0000 -27.0974
    outer loop
        vertex 1.9337 4.3854 -10.9522
        vertex 1.6673 4.3676 -11.0425
        vertex 1.6781 4.4532 -11.0389
    endloop
endfacet
facet normal 5.3280 10.0000 -27.0149
    outer loop
        vertex 1.6781 4.4532 -11.0389
        vertex 1.8774 4.4372 -10.9713
        vertex 1.9337 4.3854 -10.9522
    endloop
endfacet
facet normal 5.3098 10.0000 -26.9614
    outer loop
        vertex 1.6825 4.5148 -11.0374
        vertex 1.7489 4.5021 -11.0149
        vertex 1.8136 4.4768 -10.9929
    endloop
endfacet
facet normal 5.3255 10.0000 -27.0075
    outer loop
        vertex 1.8136 4.4768 -10.9929
        vertex 1.6781 4.4532 -11.0389
        vertex 1.6825 4.5148 -11.0374
    endloop
endfacet
facet normal 5.3082 10.0000 -26.9566
    outer loop
        vertex 0.2498 2.9624 -11.5230
        vertex 0.1727 2.9604 -11.5492
        vertex 0.1667 2.9614 -11.5512
    endloop
endfacet
facet normal 5.3723 10.0000 -27.1458
    outer loop
        vertex 0.1667 2.9614 -11.5512
        vertex 0.1667 3.3267 -11.5512
        vertex 0.2498 2.9624 -11.5230
    endloop
endfacet
facet normal 5.4989 10.0000 -27.5191
    outer loop
        vertex 0.1667 4.0076 -11.5512
        vertex 0.1667 4.4949 -11.5512
        vertex 0.3516 4.5610 -11.4885
    endloop
endfacet
facet normal 5.4398 10.0000 -27.3447
    outer loop
        vertex 0.3516 4.5610 -11.4885
        vertex 0.2983 4.0651 -11.5066
        vertex 0.1667 4.0076 -11.5512
    endloop
endfacet
facet normal 5.3105 10.0000 -26.9634
    outer loop
        vertex 1.0249 2.8108 -11.2603
        vertex 0.9496 2.6728 -11.2858
        vertex 0.9417 2.6742 -11.2885
    endloop
endfacet
facet normal 5.3222 10.0000 -26.9978
    outer loop
        vertex 1.0249 2.8108 -11.2603
        vertex 0.9417 2.6742 -11.2885
        vertex 0.8957 2.6791 -11.3041
    endloop
endfacet
facet normal 5.3213 10.0000 -26.9951
    outer loop
        vertex 0.6358 3.4310 -11.3922
        vertex 0.4119 2.9936 -11.4681
        vertex 0.4023 3.0027 -11.4713
    endloop
endfacet
facet normal 5.4550 10.0000 -27.3897
    outer loop
        vertex 0.1667 3.3267 -11.5512
        vertex 0.3394 3.3898 -11.4927
        vertex 0.3852 3.0048 -11.4771
    endloop
endfacet
facet normal 5.3314 10.0000 -27.0251
    outer loop
        vertex 0.3852 3.0048 -11.4771
        vertex 0.3569 2.9959 -11.4867
        vertex 0.1667 3.3267 -11.5512
    endloop
endfacet
facet normal 5.3217 10.0000 -26.9964
    outer loop
        vertex 0.4023 3.0027 -11.4713
        vertex 0.3852 3.0048 -11.4771
        vertex 0.3394 3.3898 -11.4927
    endloop
endfacet
facet normal 5.5566 10.0000 -27.6895
    outer loop
        vertex 0.3394 3.3898 -11.4927
        vertex 0.6358 3.4310 -11.3922
        vertex 0.4023 3.0027 -11.4713
    endloop
endfacet
facet normal 5.3138 10.0000 -26.9732
    outer loop
        vertex 0.1855 3.9209 -11.5448
        vertex 0.1723 3.5166 -11.5493
        vertex 0.1667 3.5522 -11.5512
    endloop
endfacet
facet normal 5.3221 10.0000 -26.9977
    outer loop
        vertex 0.1667 3.5522 -11.5512
        vertex 0.1667 3.9076 -11.5512
        vertex 0.1855 3.9209 -11.5448
    endloop
endfacet
facet normal 5.6113 10.0000 -27.8506
    outer loop
        vertex 1.3485 3.4000 -11.1506
        vertex 1.0839 3.4774 -11.2403
        vertex 1.2791 3.9613 -11.1741
    endloop
endfacet
facet normal 5.5061 10.0000 -27.5403
    outer loop
        vertex 1.2791 3.9613 -11.1741
        vertex 1.4561 3.8771 -11.1141
        vertex 1.3485 3.4000 -11.1506
    endloop
endfacet
facet normal 5.5918 10.0000 -27.7933
    outer loop
        vertex 0.5204 4.0324 -11.4313
        vertex 0.1723 3.5166 -11.5493
        vertex 0.1855 3.9209 -11.5448
    endloop
endfacet
facet normal 5.3203 10.0000 -26.9922
    outer loop
        vertex 0.1855 3.9209 -11.5448
        vertex 0.3193 3.9828 -11.4995
        vertex 0.5204 4.0324 -11.4313
    endloop
endfacet
facet normal 5.5064 10.0000 -27.5412
    outer loop
        vertex 0.9623 4.1163 -11.2815
        vertex 0.7694 4.1310 -11.3469
        vertex 0.7826 4.6153 -11.3424
    endloop
endfacet
facet normal 5.6054 10.0000 -27.8332
    outer loop
        vertex 0.7826 4.6153 -11.3424
        vertex 1.0732 4.5894 -11.2439
        vertex 0.9623 4.1163 -11.2815
    endloop
endfacet
facet normal 5.3965 10.0000 -27.2172
    outer loop
        vertex 0.2498 2.9624 -11.5230
        vertex 0.1667 3.3267 -11.5512
        vertex 0.3569 2.9959 -11.4867
    endloop
endfacet
facet normal 5.3092 10.0000 -26.9596
    outer loop
        vertex 0.3569 2.9959 -11.4867
        vertex 0.3042 2.9740 -11.5046
        vertex 0.2498 2.9624 -11.5230
    endloop
endfacet
facet normal 5.3270 10.0000 -27.0119
    outer loop
        vertex 1.4573 4.5457 -11.1137
        vertex 1.5918 4.5532 -11.0681
        vertex 1.5939 4.4868 -11.0674
    endloop
endfacet
facet normal 5.3174 10.0000 -26.9836
    outer loop
        vertex 1.5939 4.4868 -11.0674
        vertex 1.5907 4.4558 -11.0685
        vertex 1.4573 4.5457 -11.1137
    endloop
endfacet
facet normal 5.3289 10.0000 -27.0176
    outer loop
        vertex 1.4573 4.5457 -11.1137
        vertex 1.5772 4.6256 -11.0731
        vertex 1.5918 4.5532 -11.0681
    endloop
endfacet
facet normal -1.1877 10.0000 -47.7300
    outer loop
        vertex 0.1667 5.8000 -11.5512
        vertex -1.8989 5.8000 -11.9618
        vertex -1.8989 7.2000 -11.9618
    endloop
endfacet
facet normal -1.1877 10.0000 -47.7300
    outer loop
        vertex -1.8989 7.2000 -11.9618
        vertex 0.1667 7.2000 -11.5512
        vertex 0.1667 5.8000 -11.5512
    endloop
endfacet
facet normal -4.6995 10.0000 -30.0612
    outer loop
        vertex 0.1667 5.8000 -11.5512
        vertex 0.1667 4.5850 -11.5512
        vertex 0.1133 4.5650 -11.5618
    endloop
endfacet
facet normal -4.2867 10.0000 -32.1379
    outer loop
        vertex -0.2056 4.6256 -11.6252
        vertex 0.1667 5.8000 -11.5512
        vertex 0.1133 4.5650 -11.5618
    endloop
endfacet
facet normal -4.7555 10.0000 -29.7792
    outer loop
        vertex 0.1133 4.5650 -11.5618
        vertex 0.0197 4.5210 -11.5804
        vertex -0.2056 4.6256 -11.6252
    endloop
endfacet
facet normal -4.7601 10.0000 -29.7560
    outer loop
        vertex -0.2383 4.5220 -11.6317
        vertex -0.1514 4.4140 -11.6144
        vertex -0.2395 4.3394 -11.6319
    endloop
endfacet
facet normal -4.7782 10.0000 -29.6652
    outer loop
        vertex -0.2395 4.3394 -11.6319
        vertex -0.2469 4.4398 -11.6334
        vertex -0.2383 4.5220 -11.6317
    endloop
endfacet
facet normal -4.7455 10.0000 -29.8296
    outer loop
        vertex 0.0197 4.5210 -11.5804
        vertex -0.1514 4.4140 -11.6144
        vertex -0.2383 4.5220 -11.6317
    endloop
endfacet
facet normal -4.7468 10.0000 -29.8232
    outer loop
        vertex -0.2383 4.5220 -11.6317
        vertex -0.2056 4.6256 -11.6252
        vertex 0.0197 4.5210 -11.5804
    endloop
endfacet
facet normal -4.5958 10.0000 -30.5827
    outer loop
        vertex 0.1667 5.8000 -11.5512
        vertex -0.2056 4.6256 -11.6252
        vertex -0.3318 4.6256 -11.6503
    endloop
endfacet
facet normal -2.5032 10.0000 -41.1113
    outer loop
        vertex 0.1667 5.8000 -11.5512
        vertex -0.3318 4.6256 -11.6503
        vertex -1.8925 4.6256 -11.9605
    endloop
endfacet
facet normal -1.7666 10.0000 -44.8175
    outer loop
        vertex -1.8925 4.6256 -11.9605
        vertex -1.8989 5.8000 -11.9618
        vertex 0.1667 5.8000 -11.5512
    endloop
endfacet
facet normal -2.8027 10.0000 -39.6044
    outer loop
        vertex -1.8989 0.8000 -11.9618
        vertex -1.4669 1.7744 -11.8759
        vertex 0.1667 1.7744 -11.5512
    endloop
endfacet
facet normal -2.2798 10.0000 -42.2355
    outer loop
        vertex 0.1667 1.7744 -11.5512
        vertex 0.1667 0.8000 -11.5512
        vertex -1.8989 0.8000 -11.9618
    endloop
endfacet
facet normal -4.2648 10.0000 -32.2481
    outer loop
        vertex -1.8989 0.8000 -11.9618
        vertex -1.8925 1.7744 -11.9605
        vertex -1.4669 1.7744 -11.8759
    endloop
endfacet
facet normal -4.7403 10.0000 -29.8558
    outer loop
        vertex -1.8989 0.8000 -11.9618
        vertex -1.8989 5.8000 -11.9618
        vertex -1.8925 4.6256 -11.9605
    endloop
endfacet
facet normal -4.7574 10.0000 -29.7700
    outer loop
        vertex -1.8925 4.6256 -11.9605
        vertex -1.8925 1.7744 -11.9605
        vertex -1.8989 0.8000 -11.9618
    endloop
endfacet
facet normal -4.7710 10.0000 -29.7015
    outer loop
        vertex -0.6526 3.9825 -11.7141
        vertex -0.5931 3.8773 -11.7022
        vertex -0.6391 3.8364 -11.7114
    endloop
endfacet
facet normal -4.7719 10.0000 -29.6966
    outer loop
        vertex -0.1260 3.9143 -11.6094
        vertex -0.1132 4.0056 -11.6068
        vertex -0.0475 3.9662 -11.5938
    endloop
endfacet
facet normal -4.7780 10.0000 -29.6658
    outer loop
        vertex -1.0403 2.8794 -11.7911
        vertex -1.0624 2.8407 -11.7955
        vertex -1.0762 2.8877 -11.7982
    endloop
endfacet
facet normal -4.7691 10.0000 -29.7108
    outer loop
        vertex 0.0197 4.5210 -11.5804
        vertex 0.0421 4.4391 -11.5760
        vertex -0.0498 4.3836 -11.5942
    endloop
endfacet
facet normal -4.7675 10.0000 -29.7189
    outer loop
        vertex -1.1959 2.0716 -11.8220
        vertex -1.2855 1.9167 -11.8398
        vertex -1.3361 1.9415 -11.8499
    endloop
endfacet
facet normal -4.7783 10.0000 -29.6647
    outer loop
        vertex -1.0980 2.3815 -11.8026
        vertex -1.0995 2.4092 -11.8029
        vertex -1.0477 2.3770 -11.7926
    endloop
endfacet
facet normal -4.7738 10.0000 -29.6874
    outer loop
        vertex -0.7332 2.6735 -11.7301
        vertex -0.6373 2.6286 -11.7110
        vertex -0.6668 2.5899 -11.7169
    endloop
endfacet
facet normal -4.7787 10.0000 -29.6626
    outer loop
        vertex -1.3498 2.1542 -11.8526
        vertex -1.3571 2.1313 -11.8541
        vertex -1.3935 2.1619 -11.8613
    endloop
endfacet
facet normal -4.7727 10.0000 -29.6926
    outer loop
        vertex -0.5886 3.7482 -11.7013
        vertex -0.6579 3.7531 -11.7151
        vertex -0.6391 3.8364 -11.7114
    endloop
endfacet
facet normal -4.7774 10.0000 -29.6690
    outer loop
        vertex -1.1870 2.8275 -11.8203
        vertex -1.1472 2.7660 -11.8124
        vertex -1.1628 2.7376 -11.8154
    endloop
endfacet
facet normal -4.7747 10.0000 -29.6827
    outer loop
        vertex -1.1628 2.7376 -11.8154
        vertex -1.2208 2.7770 -11.8270
        vertex -1.1870 2.8275 -11.8203
    endloop
endfacet
facet normal -4.7759 10.0000 -29.6765
    outer loop
        vertex -1.1652 2.8584 -11.8159
        vertex -1.1199 2.8084 -11.8069
        vertex -1.1472 2.7660 -11.8124
    endloop
endfacet
facet normal -4.7768 10.0000 -29.6721
    outer loop
        vertex -1.1472 2.7660 -11.8124
        vertex -1.1870 2.8275 -11.8203
        vertex -1.1652 2.8584 -11.8159
    endloop
endfacet
facet normal -4.7769 10.0000 -29.6718
    outer loop
        vertex -1.0909 2.8321 -11.8012
        vertex -1.1199 2.8084 -11.8069
        vertex -1.1652 2.8584 -11.8159
    endloop
endfacet
facet normal -4.7764 10.0000 -29.6741
    outer loop
        vertex -1.1652 2.8584 -11.8159
        vertex -1.1224 2.8823 -11.8074
        vertex -1.0909 2.8321 -11.8012
    endloop
endfacet
facet normal -4.7787 10.0000 -29.6623
    outer loop
        vertex -0.8612 2.8017 -11.7555
        vertex -0.9149 2.7892 -11.7662
        vertex -0.9128 2.8086 -11.7658
    endloop
endfacet
facet normal -4.7794 10.0000 -29.6590
    outer loop
        vertex -0.9128 2.8086 -11.7658
        vertex -0.8952 2.8155 -11.7623
        vertex -0.8612 2.8017 -11.7555
    endloop
endfacet
facet normal -4.7715 10.0000 -29.6987
    outer loop
        vertex -0.3968 2.9806 -11.6632
        vertex -0.3620 2.8758 -11.6563
        vertex -0.4178 2.8476 -11.6674
    endloop
endfacet
facet normal -4.7730 10.0000 -29.6912
    outer loop
        vertex -0.4178 2.8476 -11.6674
        vertex -0.4434 2.9532 -11.6725
        vertex -0.3968 2.9806 -11.6632
    endloop
endfacet
facet normal -4.7789 10.0000 -29.6615
    outer loop
        vertex -1.0397 2.8408 -11.7910
        vertex -1.0624 2.8407 -11.7955
        vertex -1.0403 2.8794 -11.7911
    endloop
endfacet
facet normal -4.7789 10.0000 -29.6617
    outer loop
        vertex -1.0403 2.8794 -11.7911
        vertex -1.0165 2.8653 -11.7864
        vertex -1.0397 2.8408 -11.7910
    endloop
endfacet
facet normal -4.7779 10.0000 -29.6666
    outer loop
        vertex -1.0624 2.8407 -11.7955
        vertex -1.0909 2.8321 -11.8012
        vertex -1.1224 2.8823 -11.8074
    endloop
endfacet
facet normal -4.7772 10.0000 -29.6700
    outer loop
        vertex -1.1224 2.8823 -11.8074
        vertex -1.0762 2.8877 -11.7982
        vertex -1.0624 2.8407 -11.7955
    endloop
endfacet
facet normal -4.7748 10.0000 -29.6823
    outer loop
        vertex -0.3620 2.8758 -11.6563
        vertex -0.3968 2.9806 -11.6632
        vertex -0.3671 3.0120 -11.6573
    endloop
endfacet
facet normal -4.7642 10.0000 -29.7355
    outer loop
        vertex -0.3671 3.0120 -11.6573
        vertex -0.2686 2.8740 -11.6377
        vertex -0.3620 2.8758 -11.6563
    endloop
endfacet
facet normal -4.7744 10.0000 -29.6843
    outer loop
        vertex -0.7137 2.9102 -11.7262
        vertex -0.6510 2.9465 -11.7137
        vertex -0.6264 2.8884 -11.7088
    endloop
endfacet
facet normal -4.7725 10.0000 -29.6936
    outer loop
        vertex -0.6264 2.8884 -11.7088
        vertex -0.6954 2.8368 -11.7226
        vertex -0.7137 2.9102 -11.7262
    endloop
endfacet
facet normal -4.7684 10.0000 -29.7146
    outer loop
        vertex -0.1884 2.8888 -11.6218
        vertex -0.2686 2.8740 -11.6377
        vertex -0.2577 2.9928 -11.6356
    endloop
endfacet
facet normal -4.7702 10.0000 -29.7055
    outer loop
        vertex -0.2577 2.9928 -11.6356
        vertex -0.1954 3.0135 -11.6232
        vertex -0.1884 2.8888 -11.6218
    endloop
endfacet
facet normal -4.7643 10.0000 -29.7348
    outer loop
        vertex -0.0235 3.0029 -11.5890
        vertex -0.1123 2.9184 -11.6067
        vertex -0.1237 3.0497 -11.6089
    endloop
endfacet
facet normal -4.7709 10.0000 -29.7016
    outer loop
        vertex -0.1237 3.0497 -11.6089
        vertex -0.0638 3.0946 -11.5970
        vertex -0.0235 3.0029 -11.5890
    endloop
endfacet
facet normal -4.7678 10.0000 -29.7175
    outer loop
        vertex -0.1954 3.0135 -11.6232
        vertex -0.1237 3.0497 -11.6089
        vertex -0.1123 2.9184 -11.6067
    endloop
endfacet
facet normal -4.7680 10.0000 -29.7166
    outer loop
        vertex -0.1123 2.9184 -11.6067
        vertex -0.1884 2.8888 -11.6218
        vertex -0.1954 3.0135 -11.6232
    endloop
endfacet
facet normal -4.7661 10.0000 -29.7260
    outer loop
        vertex -1.2476 3.0157 -11.8323
        vertex -1.2776 2.9044 -11.8383
        vertex -1.3854 2.8778 -11.8597
    endloop
endfacet
facet normal -4.7644 10.0000 -29.7344
    outer loop
        vertex -1.3854 2.8778 -11.8597
        vertex -1.3813 2.9729 -11.8589
        vertex -1.2476 3.0157 -11.8323
    endloop
endfacet
facet normal -4.7750 10.0000 -29.6810
    outer loop
        vertex -0.6510 2.9465 -11.7137
        vertex -0.7137 2.9102 -11.7262
        vertex -0.7398 2.9590 -11.7314
    endloop
endfacet
facet normal -4.7741 10.0000 -29.6857
    outer loop
        vertex -0.7398 2.9590 -11.7314
        vertex -0.6886 3.0053 -11.7212
        vertex -0.6510 2.9465 -11.7137
    endloop
endfacet
facet normal -4.7676 10.0000 -29.7182
    outer loop
        vertex -0.0235 3.0029 -11.5890
        vertex 0.0608 2.9784 -11.5723
        vertex 0.0022 2.8773 -11.5839
    endloop
endfacet
facet normal -4.7635 10.0000 -29.7393
    outer loop
        vertex 0.0022 2.8773 -11.5839
        vertex -0.1123 2.9184 -11.6067
        vertex -0.0235 3.0029 -11.5890
    endloop
endfacet
facet normal -4.7741 10.0000 -29.6859
    outer loop
        vertex -0.5211 2.7704 -11.6879
        vertex -0.5510 2.9050 -11.6939
        vertex -0.5273 2.9582 -11.6891
    endloop
endfacet
facet normal -4.7692 10.0000 -29.7105
    outer loop
        vertex -0.5273 2.9582 -11.6891
        vertex -0.4766 2.8263 -11.6791
        vertex -0.5211 2.7704 -11.6879
    endloop
endfacet
facet normal -4.7714 10.0000 -29.6994
    outer loop
        vertex -0.5130 3.0176 -11.6863
        vertex -0.4338 3.0443 -11.6706
        vertex -0.4434 2.9532 -11.6725
    endloop
endfacet
facet normal -4.7737 10.0000 -29.6876
    outer loop
        vertex -0.4434 2.9532 -11.6725
        vertex -0.5273 2.9582 -11.6891
        vertex -0.5130 3.0176 -11.6863
    endloop
endfacet
facet normal -4.7755 10.0000 -29.6788
    outer loop
        vertex -0.6886 3.0053 -11.7212
        vertex -0.7398 2.9590 -11.7314
        vertex -0.7725 3.0006 -11.7379
    endloop
endfacet
facet normal -4.7739 10.0000 -29.6865
    outer loop
        vertex -0.7725 3.0006 -11.7379
        vertex -0.7385 3.0607 -11.7311
        vertex -0.6886 3.0053 -11.7212
    endloop
endfacet
facet normal -4.7690 10.0000 -29.7111
    outer loop
        vertex -0.4178 2.8476 -11.6674
        vertex -0.4766 2.8263 -11.6791
        vertex -0.5273 2.9582 -11.6891
    endloop
endfacet
facet normal -4.7692 10.0000 -29.7106
    outer loop
        vertex -0.5273 2.9582 -11.6891
        vertex -0.4434 2.9532 -11.6725
        vertex -0.4178 2.8476 -11.6674
    endloop
endfacet
facet normal -4.7742 10.0000 -29.6853
    outer loop
        vertex -0.7385 3.0607 -11.7311
        vertex -0.7725 3.0006 -11.7379
        vertex -0.8246 3.0463 -11.7482
    endloop
endfacet
facet normal -4.7729 10.0000 -29.6919
    outer loop
        vertex -0.8246 3.0463 -11.7482
        vertex -0.8089 3.1158 -11.7451
        vertex -0.7385 3.0607 -11.7311
    endloop
endfacet
facet normal -4.7603 10.0000 -29.7550
    outer loop
        vertex -0.2785 3.1763 -11.6397
        vertex -0.1897 3.1542 -11.6221
        vertex -0.2577 2.9928 -11.6356
    endloop
endfacet
facet normal -4.7688 10.0000 -29.7125
    outer loop
        vertex -0.2577 2.9928 -11.6356
        vertex -0.3176 3.0869 -11.6475
        vertex -0.2785 3.1763 -11.6397
    endloop
endfacet
facet normal -4.7713 10.0000 -29.6999
    outer loop
        vertex -0.0638 3.0946 -11.5970
        vertex -0.0125 3.1504 -11.5868
        vertex 0.0295 3.0590 -11.5785
    endloop
endfacet
facet normal -4.7711 10.0000 -29.7005
    outer loop
        vertex 0.0295 3.0590 -11.5785
        vertex -0.0235 3.0029 -11.5890
        vertex -0.0638 3.0946 -11.5970
    endloop
endfacet
facet normal -4.7689 10.0000 -29.7117
    outer loop
        vertex 0.0867 3.1468 -11.5671
        vertex 0.0295 3.0590 -11.5785
        vertex -0.0125 3.1504 -11.5868
    endloop
endfacet
facet normal -4.7716 10.0000 -29.6983
    outer loop
        vertex -0.0125 3.1504 -11.5868
        vertex 0.0289 3.2172 -11.5786
        vertex 0.0867 3.1468 -11.5671
    endloop
endfacet
facet normal -4.7634 10.0000 -29.7394
    outer loop
        vertex -1.3487 3.1671 -11.8524
        vertex -1.2428 3.1235 -11.8314
        vertex -1.3544 3.0434 -11.8535
    endloop
endfacet
facet normal -4.7793 10.0000 -29.6594
    outer loop
        vertex -1.3544 3.0434 -11.8535
        vertex -1.3565 3.0944 -11.8540
        vertex -1.3487 3.1671 -11.8524
    endloop
endfacet
facet normal -4.7729 10.0000 -29.6917
    outer loop
        vertex -1.2428 3.1235 -11.8314
        vertex -1.3813 2.9729 -11.8589
        vertex -1.3544 3.0434 -11.8535
    endloop
endfacet
facet normal -4.7736 10.0000 -29.6881
    outer loop
        vertex -1.3268 3.2430 -11.8480
        vertex -1.3096 3.2823 -11.8446
        vertex -1.1796 3.2814 -11.8188
    endloop
endfacet
facet normal -4.7697 10.0000 -29.7078
    outer loop
        vertex -1.1796 3.2814 -11.8188
        vertex -1.2139 3.2160 -11.8256
        vertex -1.3268 3.2430 -11.8480
    endloop
endfacet
facet normal -4.7732 10.0000 -29.6902
    outer loop
        vertex -0.8089 3.1158 -11.7451
        vertex -0.8246 3.0463 -11.7482
        vertex -0.8943 3.0868 -11.7621
    endloop
endfacet
facet normal -4.7727 10.0000 -29.6927
    outer loop
        vertex -0.8943 3.0868 -11.7621
        vertex -0.8891 3.1574 -11.7611
        vertex -0.8089 3.1158 -11.7451
    endloop
endfacet
facet normal -4.7645 10.0000 -29.7341
    outer loop
        vertex -1.1357 3.3370 -11.8101
        vertex -1.2636 3.3580 -11.8355
        vertex -1.1820 3.4424 -11.8193
    endloop
endfacet
facet normal -4.7712 10.0000 -29.7002
    outer loop
        vertex -1.1820 3.4424 -11.8193
        vertex -1.0871 3.3790 -11.8004
        vertex -1.1357 3.3370 -11.8101
    endloop
endfacet
facet normal -4.7721 10.0000 -29.6956
    outer loop
        vertex -1.2476 3.0157 -11.8323
        vertex -1.2163 3.1414 -11.8261
        vertex -1.1591 3.1688 -11.8147
    endloop
endfacet
facet normal -4.7758 10.0000 -29.6771
    outer loop
        vertex -1.1591 3.1688 -11.8147
        vertex -1.1933 3.0715 -11.8215
        vertex -1.2476 3.0157 -11.8323
    endloop
endfacet
facet normal -4.7750 10.0000 -29.6813
    outer loop
        vertex -1.1591 3.1688 -11.8147
        vertex -1.1024 3.1837 -11.8034
        vertex -1.1111 3.1099 -11.8052
    endloop
endfacet
facet normal -4.7717 10.0000 -29.6978
    outer loop
        vertex -1.1111 3.1099 -11.8052
        vertex -1.1933 3.0715 -11.8215
        vertex -1.1591 3.1688 -11.8147
    endloop
endfacet
facet normal -4.7745 10.0000 -29.6834
    outer loop
        vertex -0.8891 3.1574 -11.7611
        vertex -0.8943 3.0868 -11.7621
        vertex -0.9549 3.1090 -11.7741
    endloop
endfacet
facet normal -4.7736 10.0000 -29.6881
    outer loop
        vertex -0.9549 3.1090 -11.7741
        vertex -0.9643 3.1802 -11.7760
        vertex -0.8891 3.1574 -11.7611
    endloop
endfacet
facet normal -4.7748 10.0000 -29.6820
    outer loop
        vertex -0.9643 3.1802 -11.7760
        vertex -0.9549 3.1090 -11.7741
        vertex -1.0147 3.1194 -11.7860
    endloop
endfacet
facet normal -4.7742 10.0000 -29.6851
    outer loop
        vertex -1.0147 3.1194 -11.7860
        vertex -1.0341 3.1884 -11.7899
        vertex -0.9643 3.1802 -11.7760
    endloop
endfacet
facet normal -4.7739 10.0000 -29.6866
    outer loop
        vertex -0.4406 3.1307 -11.6719
        vertex -0.5097 3.0806 -11.6856
        vertex -0.5182 3.1452 -11.6873
    endloop
endfacet
facet normal -4.7727 10.0000 -29.6929
    outer loop
        vertex -0.5182 3.1452 -11.6873
        vertex -0.4620 3.2109 -11.6762
        vertex -0.4406 3.1307 -11.6719
    endloop
endfacet
facet normal -4.7740 10.0000 -29.6860
    outer loop
        vertex -1.1024 3.1837 -11.8034
        vertex -1.0341 3.1884 -11.7899
        vertex -1.0147 3.1194 -11.7860
    endloop
endfacet
facet normal -4.7713 10.0000 -29.6999
    outer loop
        vertex -1.0147 3.1194 -11.7860
        vertex -1.1111 3.1099 -11.8052
        vertex -1.1024 3.1837 -11.8034
    endloop
endfacet
facet normal -4.7717 10.0000 -29.6977
    outer loop
        vertex 0.0867 3.1468 -11.5671
        vertex 0.0289 3.2172 -11.5786
        vertex 0.0596 3.2952 -11.5725
    endloop
endfacet
facet normal -4.7684 10.0000 -29.7146
    outer loop
        vertex 0.0596 3.2952 -11.5725
        vertex 0.1312 3.2488 -11.5583
        vertex 0.0867 3.1468 -11.5671
    endloop
endfacet
facet normal -4.7714 10.0000 -29.6991
    outer loop
        vertex 0.0801 3.3955 -11.5684
        vertex 0.1527 3.3218 -11.5540
        vertex 0.1312 3.2488 -11.5583
    endloop
endfacet
facet normal -4.7699 10.0000 -29.7069
    outer loop
        vertex 0.1312 3.2488 -11.5583
        vertex 0.0596 3.2952 -11.5725
        vertex 0.0801 3.3955 -11.5684
    endloop
endfacet
facet normal -4.7711 10.0000 -29.7006
    outer loop
        vertex -0.5404 3.2128 -11.6917
        vertex -0.5983 3.3082 -11.7033
        vertex -0.5623 3.3719 -11.6961
    endloop
endfacet
facet normal -4.7703 10.0000 -29.7046
    outer loop
        vertex -0.5623 3.3719 -11.6961
        vertex -0.5027 3.2946 -11.6843
        vertex -0.5404 3.2128 -11.6917
    endloop
endfacet
facet normal -4.7682 10.0000 -29.7155
    outer loop
        vertex -0.2480 3.3520 -11.6336
        vertex -0.1592 3.3825 -11.6160
        vertex -0.1633 3.2738 -11.6168
    endloop
endfacet
facet normal -4.7714 10.0000 -29.6991
    outer loop
        vertex -0.1633 3.2738 -11.6168
        vertex -0.2538 3.2760 -11.6348
        vertex -0.2480 3.3520 -11.6336
    endloop
endfacet
facet normal -4.7665 10.0000 -29.7240
    outer loop
        vertex -0.2538 3.2760 -11.6348
        vertex -0.1633 3.2738 -11.6168
        vertex -0.1897 3.1542 -11.6221
    endloop
endfacet
facet normal -4.7683 10.0000 -29.7147
    outer loop
        vertex -0.1897 3.1542 -11.6221
        vertex -0.2785 3.1763 -11.6397
        vertex -0.2538 3.2760 -11.6348
    endloop
endfacet
facet normal -4.7659 10.0000 -29.7271
    outer loop
        vertex 0.0420 3.7308 -11.5760
        vertex 0.1014 3.7889 -11.5642
        vertex 0.1513 3.6460 -11.5543
    endloop
endfacet
facet normal -4.7722 10.0000 -29.6950
    outer loop
        vertex 0.1513 3.6460 -11.5543
        vertex 0.0679 3.6536 -11.5708
        vertex 0.0420 3.7308 -11.5760
    endloop
endfacet
facet normal -4.7726 10.0000 -29.6934
    outer loop
        vertex -0.6911 3.4674 -11.7217
        vertex -0.6173 3.4212 -11.7070
        vertex -0.6425 3.3560 -11.7120
    endloop
endfacet
facet normal -4.7762 10.0000 -29.6751
    outer loop
        vertex -0.6425 3.3560 -11.7120
        vertex -0.6837 3.3876 -11.7202
        vertex -0.6911 3.4674 -11.7217
    endloop
endfacet
facet normal -4.7702 10.0000 -29.7053
    outer loop
        vertex -0.2717 3.4888 -11.6383
        vertex -0.2000 3.5547 -11.6241
        vertex -0.1718 3.4706 -11.6185
    endloop
endfacet
facet normal -4.7727 10.0000 -29.6926
    outer loop
        vertex -0.1718 3.4706 -11.6185
        vertex -0.2549 3.4271 -11.6350
        vertex -0.2717 3.4888 -11.6383
    endloop
endfacet
facet normal -4.7688 10.0000 -29.7123
    outer loop
        vertex -1.0871 3.3790 -11.8004
        vertex -1.1820 3.4424 -11.8193
        vertex -1.1627 3.5243 -11.8154
    endloop
endfacet
facet normal -4.7675 10.0000 -29.7189
    outer loop
        vertex -1.1627 3.5243 -11.8154
        vertex -1.0340 3.4099 -11.7898
        vertex -1.0871 3.3790 -11.8004
    endloop
endfacet
facet normal -4.7715 10.0000 -29.6989
    outer loop
        vertex -0.1592 3.3825 -11.6160
        vertex -0.2480 3.3520 -11.6336
        vertex -0.2549 3.4271 -11.6350
    endloop
endfacet
facet normal -4.7702 10.0000 -29.7051
    outer loop
        vertex -0.2549 3.4271 -11.6350
        vertex -0.1718 3.4706 -11.6185
        vertex -0.1592 3.3825 -11.6160
    endloop
endfacet
facet normal -4.7683 10.0000 -29.7147
    outer loop
        vertex -0.9756 3.4310 -11.7782
        vertex -1.0340 3.4099 -11.7898
        vertex -1.1627 3.5243 -11.8154
    endloop
endfacet
facet normal -4.7791 10.0000 -29.6606
    outer loop
        vertex -1.1627 3.5243 -11.8154
        vertex -1.0595 3.4768 -11.7949
        vertex -0.9756 3.4310 -11.7782
    endloop
endfacet
facet normal -4.7757 10.0000 -29.6777
    outer loop
        vertex -0.6837 3.3876 -11.7202
        vertex -0.7368 3.4150 -11.7308
        vertex -0.7719 3.4985 -11.7378
    endloop
endfacet
facet normal -4.7723 10.0000 -29.6949
    outer loop
        vertex -0.7719 3.4985 -11.7378
        vertex -0.6911 3.4674 -11.7217
        vertex -0.6837 3.3876 -11.7202
    endloop
endfacet
facet normal -4.7747 10.0000 -29.6827
    outer loop
        vertex -0.7368 3.4150 -11.7308
        vertex -0.8049 3.4356 -11.7443
        vertex -0.8526 3.5128 -11.7538
    endloop
endfacet
facet normal -4.7723 10.0000 -29.6950
    outer loop
        vertex -0.8526 3.5128 -11.7538
        vertex -0.7719 3.4985 -11.7378
        vertex -0.7368 3.4150 -11.7308
    endloop
endfacet
facet normal -4.7720 10.0000 -29.6965
    outer loop
        vertex -0.9355 3.5112 -11.7703
        vertex -0.8526 3.5128 -11.7538
        vertex -0.8049 3.4356 -11.7443
    endloop
endfacet
facet normal -4.7747 10.0000 -29.6827
    outer loop
        vertex -0.8049 3.4356 -11.7443
        vertex -0.8745 3.4432 -11.7581
        vertex -0.9355 3.5112 -11.7703
    endloop
endfacet
facet normal -4.7694 10.0000 -29.7092
    outer loop
        vertex -1.0595 3.4768 -11.7949
        vertex -1.1627 3.5243 -11.8154
        vertex -1.1317 3.5925 -11.8093
    endloop
endfacet
facet normal -4.7720 10.0000 -29.6962
    outer loop
        vertex -1.1317 3.5925 -11.8093
        vertex -1.0363 3.5286 -11.7903
        vertex -1.0595 3.4768 -11.7949
    endloop
endfacet
facet normal -4.7749 10.0000 -29.6815
    outer loop
        vertex -0.8745 3.4432 -11.7581
        vertex -0.9418 3.4383 -11.7715
        vertex -1.0159 3.4935 -11.7863
    endloop
endfacet
facet normal -4.7719 10.0000 -29.6969
    outer loop
        vertex -1.0159 3.4935 -11.7863
        vertex -0.9355 3.5112 -11.7703
        vertex -0.8745 3.4432 -11.7581
    endloop
endfacet
facet normal -4.7725 10.0000 -29.6935
    outer loop
        vertex -0.2000 3.5547 -11.6241
        vertex -0.2717 3.4888 -11.6383
        vertex -0.2993 3.5470 -11.6438
    endloop
endfacet
facet normal -4.7706 10.0000 -29.7035
    outer loop
        vertex -0.2993 3.5470 -11.6438
        vertex -0.2409 3.6280 -11.6322
        vertex -0.2000 3.5547 -11.6241
    endloop
endfacet
facet normal -4.7693 10.0000 -29.7098
    outer loop
        vertex -1.0363 3.5286 -11.7903
        vertex -1.1317 3.5925 -11.8093
        vertex -1.0894 3.6544 -11.8009
    endloop
endfacet
facet normal -4.7713 10.0000 -29.6997
    outer loop
        vertex -1.0894 3.6544 -11.8009
        vertex -1.0022 3.5794 -11.7835
        vertex -1.0363 3.5286 -11.7903
    endloop
endfacet
facet normal -4.7720 10.0000 -29.6962
    outer loop
        vertex -0.2409 3.6280 -11.6322
        vertex -0.2993 3.5470 -11.6438
        vertex -0.3391 3.6020 -11.6517
    endloop
endfacet
facet normal -4.7705 10.0000 -29.7037
    outer loop
        vertex -0.3391 3.6020 -11.6517
        vertex -0.2935 3.6918 -11.6427
        vertex -0.2409 3.6280 -11.6322
    endloop
endfacet
facet normal -4.7696 10.0000 -29.7084
    outer loop
        vertex -1.0323 3.7142 -11.7895
        vertex -0.9519 3.6329 -11.7735
        vertex -1.0022 3.5794 -11.7835
    endloop
endfacet
facet normal -4.7682 10.0000 -29.7153
    outer loop
        vertex -1.0022 3.5794 -11.7835
        vertex -1.0894 3.6544 -11.8009
        vertex -1.0323 3.7142 -11.7895
    endloop
endfacet
facet normal -4.7711 10.0000 -29.7008
    outer loop
        vertex -0.3989 3.6604 -11.6636
        vertex -0.3525 3.7423 -11.6544
        vertex -0.2935 3.6918 -11.6427
    endloop
endfacet
facet normal -4.7700 10.0000 -29.7062
    outer loop
        vertex -0.2935 3.6918 -11.6427
        vertex -0.3391 3.6020 -11.6517
        vertex -0.3989 3.6604 -11.6636
    endloop
endfacet
facet normal -4.7696 10.0000 -29.7083
    outer loop
        vertex 0.0420 3.7308 -11.5760
        vertex -0.0088 3.8150 -11.5861
        vertex 0.0734 3.8436 -11.5698
    endloop
endfacet
facet normal -4.7740 10.0000 -29.6864
    outer loop
        vertex 0.0734 3.8436 -11.5698
        vertex 0.1014 3.7889 -11.5642
        vertex 0.0420 3.7308 -11.5760
    endloop
endfacet
facet normal -4.7664 10.0000 -29.7246
    outer loop
        vertex -0.9323 3.7858 -11.7696
        vertex -0.8415 3.8275 -11.7516
        vertex -0.8029 3.7243 -11.7439
    endloop
endfacet
facet normal -4.7672 10.0000 -29.7202
    outer loop
        vertex -0.8029 3.7243 -11.7439
        vertex -0.8844 3.6837 -11.7601
        vertex -0.9323 3.7858 -11.7696
    endloop
endfacet
facet normal -4.7630 10.0000 -29.7413
    outer loop
        vertex -1.0323 3.7142 -11.7895
        vertex -0.9323 3.7858 -11.7696
        vertex -0.8844 3.6837 -11.7601
    endloop
endfacet
facet normal -4.7681 10.0000 -29.7158
    outer loop
        vertex -0.8844 3.6837 -11.7601
        vertex -0.9519 3.6329 -11.7735
        vertex -1.0323 3.7142 -11.7895
    endloop
endfacet
facet normal -4.7724 10.0000 -29.6941
    outer loop
        vertex -0.8415 3.8275 -11.7516
        vertex -0.7879 3.8427 -11.7409
        vertex -0.7311 3.7451 -11.7297
    endloop
endfacet
facet normal -4.7698 10.0000 -29.7073
    outer loop
        vertex -0.7311 3.7451 -11.7297
        vertex -0.8029 3.7243 -11.7439
        vertex -0.8415 3.8275 -11.7516
    endloop
endfacet
facet normal -4.7727 10.0000 -29.6930
    outer loop
        vertex -0.3525 3.7423 -11.6544
        vertex -0.3989 3.6604 -11.6636
        vertex -0.4504 3.6970 -11.6739
    endloop
endfacet
facet normal -4.7693 10.0000 -29.7100
    outer loop
        vertex -0.4504 3.6970 -11.6739
        vertex -0.4370 3.7914 -11.6712
        vertex -0.3525 3.7423 -11.6544
    endloop
endfacet
facet normal -4.7671 10.0000 -29.7211
    outer loop
        vertex -0.7311 3.7451 -11.7297
        vertex -0.7879 3.8427 -11.7409
        vertex -0.7260 3.9196 -11.7286
    endloop
endfacet
facet normal -4.7642 10.0000 -29.7357
    outer loop
        vertex -0.7260 3.9196 -11.7286
        vertex -0.6579 3.7531 -11.7151
        vertex -0.7311 3.7451 -11.7297
    endloop
endfacet
facet normal -4.7656 10.0000 -29.7283
    outer loop
        vertex -0.7260 3.9196 -11.7286
        vertex -0.6526 3.9825 -11.7141
        vertex -0.6391 3.8364 -11.7114
    endloop
endfacet
facet normal -4.7691 10.0000 -29.7110
    outer loop
        vertex -0.6391 3.8364 -11.7114
        vertex -0.6579 3.7531 -11.7151
        vertex -0.7260 3.9196 -11.7286
    endloop
endfacet
facet normal -4.7683 10.0000 -29.7147
    outer loop
        vertex -0.5886 3.7482 -11.7013
        vertex -0.6391 3.8364 -11.7114
        vertex -0.5242 3.8216 -11.6885
    endloop
endfacet
facet normal -4.7722 10.0000 -29.6954
    outer loop
        vertex -0.5242 3.8216 -11.6885
        vertex -0.5188 3.7299 -11.6874
        vertex -0.5886 3.7482 -11.7013
    endloop
endfacet
facet normal -4.7714 10.0000 -29.6991
    outer loop
        vertex -0.4370 3.7914 -11.6712
        vertex -0.4504 3.6970 -11.6739
        vertex -0.5188 3.7299 -11.6874
    endloop
endfacet
facet normal -4.7703 10.0000 -29.7049
    outer loop
        vertex -0.5188 3.7299 -11.6874
        vertex -0.5242 3.8216 -11.6885
        vertex -0.4370 3.7914 -11.6712
    endloop
endfacet
facet normal -4.7702 10.0000 -29.7052
    outer loop
        vertex -0.0711 3.8788 -11.5985
        vertex 0.0136 3.9126 -11.5816
        vertex 0.0734 3.8436 -11.5698
    endloop
endfacet
facet normal -4.7713 10.0000 -29.6999
    outer loop
        vertex 0.0734 3.8436 -11.5698
        vertex -0.0088 3.8150 -11.5861
        vertex -0.0711 3.8788 -11.5985
    endloop
endfacet
facet normal -4.7704 10.0000 -29.7043
    outer loop
        vertex -0.5725 4.0290 -11.6981
        vertex -0.5375 3.9116 -11.6912
        vertex -0.5931 3.8773 -11.7022
    endloop
endfacet
facet normal -4.7661 10.0000 -29.7260
    outer loop
        vertex -0.5931 3.8773 -11.7022
        vertex -0.6526 3.9825 -11.7141
        vertex -0.5725 4.0290 -11.6981
    endloop
endfacet
facet normal -4.7708 10.0000 -29.7021
    outer loop
        vertex -0.1260 3.9143 -11.6094
        vertex -0.0475 3.9662 -11.5938
        vertex 0.0136 3.9126 -11.5816
    endloop
endfacet
facet normal -4.7739 10.0000 -29.6865
    outer loop
        vertex 0.0136 3.9126 -11.5816
        vertex -0.0711 3.8788 -11.5985
        vertex -0.1260 3.9143 -11.6094
    endloop
endfacet
facet normal -4.7697 10.0000 -29.7077
    outer loop
        vertex -0.1132 4.0056 -11.6068
        vertex -0.1260 3.9143 -11.6094
        vertex -0.2121 3.9470 -11.6265
    endloop
endfacet
facet normal -4.7712 10.0000 -29.7003
    outer loop
        vertex -0.2121 3.9470 -11.6265
        vertex -0.1864 4.0339 -11.6214
        vertex -0.1132 4.0056 -11.6068
    endloop
endfacet
facet normal -4.7685 10.0000 -29.7140
    outer loop
        vertex -0.4669 3.9403 -11.6771
        vertex -0.5375 3.9116 -11.6912
        vertex -0.5725 4.0290 -11.6981
    endloop
endfacet
facet normal -4.7664 10.0000 -29.7243
    outer loop
        vertex -0.5725 4.0290 -11.6981
        vertex -0.4860 4.0598 -11.6809
        vertex -0.4669 3.9403 -11.6771
    endloop
endfacet
facet normal -4.7693 10.0000 -29.7099
    outer loop
        vertex -0.1864 4.0339 -11.6214
        vertex -0.2121 3.9470 -11.6265
        vertex -0.3070 3.9614 -11.6454
    endloop
endfacet
facet normal -4.7671 10.0000 -29.7210
    outer loop
        vertex -0.3070 3.9614 -11.6454
        vertex -0.2938 4.0556 -11.6427
        vertex -0.1864 4.0339 -11.6214
    endloop
endfacet
facet normal -4.7694 10.0000 -29.7093
    outer loop
        vertex -0.3981 3.9561 -11.6635
        vertex -0.4669 3.9403 -11.6771
        vertex -0.4860 4.0598 -11.6809
    endloop
endfacet
facet normal -4.7690 10.0000 -29.7112
    outer loop
        vertex -0.4860 4.0598 -11.6809
        vertex -0.4122 4.0732 -11.6663
        vertex -0.3981 3.9561 -11.6635
    endloop
endfacet
facet normal -4.7723 10.0000 -29.6945
    outer loop
        vertex -0.3981 4.1398 -11.6635
        vertex -0.2833 4.1062 -11.6406
        vertex -0.2938 4.0556 -11.6427
    endloop
endfacet
facet normal -4.7699 10.0000 -29.7069
    outer loop
        vertex -0.2938 4.0556 -11.6427
        vertex -0.4122 4.0732 -11.6663
        vertex -0.3981 4.1398 -11.6635
    endloop
endfacet
facet normal -4.7694 10.0000 -29.7092
    outer loop
        vertex -0.2938 4.0556 -11.6427
        vertex -0.3070 3.9614 -11.6454
        vertex -0.3981 3.9561 -11.6635
    endloop
endfacet
facet normal -4.7631 10.0000 -29.7411
    outer loop
        vertex -0.3981 3.9561 -11.6635
        vertex -0.4122 4.0732 -11.6663
        vertex -0.2938 4.0556 -11.6427
    endloop
endfacet
facet normal -4.7697 10.0000 -29.7079
    outer loop
        vertex -0.2833 4.1062 -11.6406
        vertex -0.3981 4.1398 -11.6635
        vertex -0.3725 4.2046 -11.6584
    endloop
endfacet
facet normal -4.7719 10.0000 -29.6969
    outer loop
        vertex -0.3725 4.2046 -11.6584
        vertex -0.2632 4.1574 -11.6366
        vertex -0.2833 4.1062 -11.6406
    endloop
endfacet
facet normal -4.7677 10.0000 -29.7178
    outer loop
        vertex -0.2395 4.3394 -11.6319
        vertex -0.1514 4.4140 -11.6144
        vertex -0.1634 4.2915 -11.6168
    endloop
endfacet
facet normal -4.7687 10.0000 -29.7126
    outer loop
        vertex -0.1634 4.2915 -11.6168
        vertex -0.2296 4.2140 -11.6300
        vertex -0.2395 4.3394 -11.6319
    endloop
endfacet
facet normal -4.7706 10.0000 -29.7035
    outer loop
        vertex -0.2632 4.1574 -11.6366
        vertex -0.3725 4.2046 -11.6584
        vertex -0.3404 4.2602 -11.6520
    endloop
endfacet
facet normal -4.7703 10.0000 -29.7050
    outer loop
        vertex -0.3404 4.2602 -11.6520
        vertex -0.2296 4.2140 -11.6300
        vertex -0.2632 4.1574 -11.6366
    endloop
endfacet
facet normal -4.7646 10.0000 -29.7335
    outer loop
        vertex -0.2395 4.3394 -11.6319
        vertex -0.3552 4.3271 -11.6549
        vertex -0.3648 4.4332 -11.6568
    endloop
endfacet
facet normal -4.7652 10.0000 -29.7303
    outer loop
        vertex -0.3648 4.4332 -11.6568
        vertex -0.2469 4.4398 -11.6334
        vertex -0.2395 4.3394 -11.6319
    endloop
endfacet
facet normal -4.7641 10.0000 -29.7361
    outer loop
        vertex -0.0498 4.3836 -11.5942
        vertex -0.1634 4.2915 -11.6168
        vertex -0.1514 4.4140 -11.6144
    endloop
endfacet
facet normal -4.7600 10.0000 -29.7565
    outer loop
        vertex -0.1514 4.4140 -11.6144
        vertex 0.0197 4.5210 -11.5804
        vertex -0.0498 4.3836 -11.5942
    endloop
endfacet
facet normal -4.7657 10.0000 -29.7277
    outer loop
        vertex -0.2469 4.4398 -11.6334
        vertex -0.3648 4.4332 -11.6568
        vertex -0.3567 4.5310 -11.6552
    endloop
endfacet
facet normal -4.7678 10.0000 -29.7174
    outer loop
        vertex -0.3567 4.5310 -11.6552
        vertex -0.2383 4.5220 -11.6317
        vertex -0.2469 4.4398 -11.6334
    endloop
endfacet
facet normal -4.7658 10.0000 -29.7274
    outer loop
        vertex -0.2383 4.5220 -11.6317
        vertex -0.3567 4.5310 -11.6552
        vertex -0.3318 4.6256 -11.6503
    endloop
endfacet
facet normal -4.7638 10.0000 -29.7377
    outer loop
        vertex -0.3318 4.6256 -11.6503
        vertex -0.2056 4.6256 -11.6252
        vertex -0.2383 4.5220 -11.6317
    endloop
endfacet
facet normal -4.7790 10.0000 -29.6609
    outer loop
        vertex -1.0046 2.3343 -11.7840
        vertex -0.9892 2.3301 -11.7809
        vertex -1.0070 2.2844 -11.7845
    endloop
endfacet
facet normal -4.7758 10.0000 -29.6773
    outer loop
        vertex -1.0070 2.2844 -11.7845
        vertex -1.0741 2.3110 -11.7978
        vertex -1.0046 2.3343 -11.7840
    endloop
endfacet
facet normal -4.7738 10.0000 -29.6874
    outer loop
        vertex -1.3495 1.8096 -11.8526
        vertex -1.4015 1.8847 -11.8629
        vertex -1.3573 1.9176 -11.8541
    endloop
endfacet
facet normal -4.7771 10.0000 -29.6708
    outer loop
        vertex -1.3573 1.9176 -11.8541
        vertex -1.3286 1.8238 -11.8484
        vertex -1.3495 1.8096 -11.8526
    endloop
endfacet
facet normal -4.7769 10.0000 -29.6718
    outer loop
        vertex -1.3495 1.8096 -11.8526
        vertex -1.3743 1.7986 -11.8575
        vertex -1.4252 1.8779 -11.8676
    endloop
endfacet
facet normal -4.7773 10.0000 -29.6694
    outer loop
        vertex -1.4252 1.8779 -11.8676
        vertex -1.4015 1.8847 -11.8629
        vertex -1.3495 1.8096 -11.8526
    endloop
endfacet
facet normal -4.7748 10.0000 -29.6822
    outer loop
        vertex -0.9074 2.1152 -11.7647
        vertex -0.8102 2.1312 -11.7454
        vertex -0.8016 2.0895 -11.7437
    endloop
endfacet
facet normal -4.7771 10.0000 -29.6706
    outer loop
        vertex -0.8016 2.0895 -11.7437
        vertex -0.8968 2.0906 -11.7626
        vertex -0.9074 2.1152 -11.7647
    endloop
endfacet
facet normal -4.7766 10.0000 -29.6732
    outer loop
        vertex -1.0984 2.1533 -11.8027
        vertex -1.0212 2.1857 -11.7873
        vertex -1.0169 2.1518 -11.7864
    endloop
endfacet
facet normal -4.7665 10.0000 -29.7237
    outer loop
        vertex -1.0169 2.1518 -11.7864
        vertex -1.0607 2.0198 -11.7952
        vertex -1.0984 2.1533 -11.8027
    endloop
endfacet
facet normal -4.7750 10.0000 -29.6814
    outer loop
        vertex -0.9044 2.3263 -11.7641
        vertex -0.8162 2.3009 -11.7466
        vertex -0.8267 2.2578 -11.7486
    endloop
endfacet
facet normal -4.7748 10.0000 -29.6820
    outer loop
        vertex -0.8267 2.2578 -11.7486
        vertex -0.9167 2.2836 -11.7665
        vertex -0.9044 2.3263 -11.7641
    endloop
endfacet
facet normal -4.7737 10.0000 -29.6876
    outer loop
        vertex -0.9167 2.2836 -11.7665
        vertex -0.8267 2.2578 -11.7486
        vertex -0.8303 2.2027 -11.7494
    endloop
endfacet
facet normal -4.7725 10.0000 -29.6935
    outer loop
        vertex -0.8303 2.2027 -11.7494
        vertex -0.9221 2.2192 -11.7676
        vertex -0.9167 2.2836 -11.7665
    endloop
endfacet
facet normal -4.7720 10.0000 -29.6965
    outer loop
        vertex -0.8228 2.1512 -11.7479
        vertex -0.9162 2.1499 -11.7664
        vertex -0.9221 2.2192 -11.7676
    endloop
endfacet
facet normal -4.7743 10.0000 -29.6848
    outer loop
        vertex -0.9221 2.2192 -11.7676
        vertex -0.8303 2.2027 -11.7494
        vertex -0.8228 2.1512 -11.7479
    endloop
endfacet
facet normal -4.7728 10.0000 -29.6920
    outer loop
        vertex -0.8566 2.4625 -11.7546
        vertex -0.7739 2.4086 -11.7381
        vertex -0.7930 2.3514 -11.7419
    endloop
endfacet
facet normal -4.7739 10.0000 -29.6869
    outer loop
        vertex -0.7930 2.3514 -11.7419
        vertex -0.8709 2.4098 -11.7574
        vertex -0.8566 2.4625 -11.7546
    endloop
endfacet
facet normal -4.7773 10.0000 -29.6693
    outer loop
        vertex -1.3199 2.3162 -11.8467
        vertex -1.3561 2.3505 -11.8539
        vertex -1.3365 2.3909 -11.8500
    endloop
endfacet
facet normal -4.7771 10.0000 -29.6704
    outer loop
        vertex -1.3365 2.3909 -11.8500
        vertex -1.2999 2.3654 -11.8427
        vertex -1.3199 2.3162 -11.8467
    endloop
endfacet
facet normal -4.7711 10.0000 -29.7006
    outer loop
        vertex -1.3436 2.5608 -11.8514
        vertex -1.3694 2.6728 -11.8565
        vertex -1.3164 2.7191 -11.8460
    endloop
endfacet
facet normal -4.7564 10.0000 -29.7750
    outer loop
        vertex -1.3164 2.7191 -11.8460
        vertex -1.2017 2.6869 -11.8232
        vertex -1.3436 2.5608 -11.8514
    endloop
endfacet
facet normal -4.7744 10.0000 -29.6840
    outer loop
        vertex -0.7552 2.5188 -11.7344
        vertex -0.7633 2.4721 -11.7360
        vertex -0.8546 2.4978 -11.7542
    endloop
endfacet
facet normal -4.7748 10.0000 -29.6823
    outer loop
        vertex -0.8546 2.4978 -11.7542
        vertex -0.8609 2.5388 -11.7554
        vertex -0.7552 2.5188 -11.7344
    endloop
endfacet
facet normal -4.7710 10.0000 -29.7013
    outer loop
        vertex -1.3560 2.7771 -11.8539
        vertex -1.2579 2.8306 -11.8343
        vertex -1.2208 2.7770 -11.8270
    endloop
endfacet
facet normal -4.7703 10.0000 -29.7050
    outer loop
        vertex -1.2208 2.7770 -11.8270
        vertex -1.3164 2.7191 -11.8460
        vertex -1.3560 2.7771 -11.8539
    endloop
endfacet
facet normal -4.7739 10.0000 -29.6866
    outer loop
        vertex -0.6125 2.8283 -11.7061
        vertex -0.5783 2.8638 -11.6993
        vertex -0.5752 2.7236 -11.6987
    endloop
endfacet
facet normal -4.7753 10.0000 -29.6795
    outer loop
        vertex -0.5752 2.7236 -11.6987
        vertex -0.6044 2.7048 -11.7045
        vertex -0.6125 2.8283 -11.7061
    endloop
endfacet
facet normal -4.7772 10.0000 -29.6703
    outer loop
        vertex -0.8985 2.6920 -11.7629
        vertex -0.8960 2.7324 -11.7624
        vertex -0.8375 2.7635 -11.7508
    endloop
endfacet
facet normal -4.7742 10.0000 -29.6853
    outer loop
        vertex -0.8375 2.7635 -11.7508
        vertex -0.8361 2.6883 -11.7505
        vertex -0.8985 2.6920 -11.7629
    endloop
endfacet
facet normal -4.7776 10.0000 -29.6679
    outer loop
        vertex -0.9029 2.7565 -11.7638
        vertex -0.9149 2.7892 -11.7662
        vertex -0.8612 2.8017 -11.7555
    endloop
endfacet
facet normal -4.7783 10.0000 -29.6648
    outer loop
        vertex -0.8612 2.8017 -11.7555
        vertex -0.8450 2.7856 -11.7523
        vertex -0.9029 2.7565 -11.7638
    endloop
endfacet
facet normal -4.7722 10.0000 -29.6954
    outer loop
        vertex -0.5097 3.0806 -11.6856
        vertex -0.4406 3.1307 -11.6719
        vertex -0.4338 3.0443 -11.6706
    endloop
endfacet
facet normal -4.7739 10.0000 -29.6866
    outer loop
        vertex -0.4338 3.0443 -11.6706
        vertex -0.5130 3.0176 -11.6863
        vertex -0.5097 3.0806 -11.6856
    endloop
endfacet
facet normal -4.7624 10.0000 -29.7448
    outer loop
        vertex -0.2686 2.8740 -11.6377
        vertex -0.3671 3.0120 -11.6573
        vertex -0.3176 3.0869 -11.6475
    endloop
endfacet
facet normal -4.7699 10.0000 -29.7069
    outer loop
        vertex -0.3176 3.0869 -11.6475
        vertex -0.2577 2.9928 -11.6356
        vertex -0.2686 2.8740 -11.6377
    endloop
endfacet
facet normal -4.7688 10.0000 -29.7122
    outer loop
        vertex -1.2428 3.1235 -11.8314
        vertex -1.3487 3.1671 -11.8524
        vertex -1.3268 3.2430 -11.8480
    endloop
endfacet
facet normal -4.7661 10.0000 -29.7262
    outer loop
        vertex -1.3268 3.2430 -11.8480
        vertex -1.2139 3.2160 -11.8256
        vertex -1.2428 3.1235 -11.8314
    endloop
endfacet
facet normal -4.7608 10.0000 -29.7526
    outer loop
        vertex -1.2163 3.1414 -11.8261
        vertex -1.2476 3.0157 -11.8323
        vertex -1.3813 2.9729 -11.8589
    endloop
endfacet
facet normal -4.7781 10.0000 -29.6654
    outer loop
        vertex -1.3813 2.9729 -11.8589
        vertex -1.2428 3.1235 -11.8314
        vertex -1.2163 3.1414 -11.8261
    endloop
endfacet
facet normal -4.7735 10.0000 -29.6888
    outer loop
        vertex -0.4620 3.2109 -11.6762
        vertex -0.5182 3.1452 -11.6873
        vertex -0.5404 3.2128 -11.6917
    endloop
endfacet
facet normal -4.7720 10.0000 -29.6965
    outer loop
        vertex -0.5404 3.2128 -11.6917
        vertex -0.5027 3.2946 -11.6843
        vertex -0.4620 3.2109 -11.6762
    endloop
endfacet
facet normal -4.7677 10.0000 -29.7177
    outer loop
        vertex -1.1796 3.2814 -11.8188
        vertex -1.3096 3.2823 -11.8446
        vertex -1.2636 3.3580 -11.8355
    endloop
endfacet
facet normal -4.7700 10.0000 -29.7062
    outer loop
        vertex -1.2636 3.3580 -11.8355
        vertex -1.1357 3.3370 -11.8101
        vertex -1.1796 3.2814 -11.8188
    endloop
endfacet
facet normal -4.7734 10.0000 -29.6890
    outer loop
        vertex -0.6173 3.4212 -11.7070
        vertex -0.5623 3.3719 -11.6961
        vertex -0.5983 3.3082 -11.7033
    endloop
endfacet
facet normal -4.7749 10.0000 -29.6816
    outer loop
        vertex -0.5983 3.3082 -11.7033
        vertex -0.6425 3.3560 -11.7120
        vertex -0.6173 3.4212 -11.7070
    endloop
endfacet
facet normal -4.7773 10.0000 -29.6695
    outer loop
        vertex -0.9418 3.4383 -11.7715
        vertex -0.9756 3.4310 -11.7782
        vertex -1.0595 3.4768 -11.7949
    endloop
endfacet
facet normal -4.7755 10.0000 -29.6788
    outer loop
        vertex -1.0595 3.4768 -11.7949
        vertex -1.0159 3.4935 -11.7863
        vertex -0.9418 3.4383 -11.7715
    endloop
endfacet
facet normal -4.7618 10.0000 -29.7474
    outer loop
        vertex -0.3552 4.3271 -11.6549
        vertex -0.2395 4.3394 -11.6319
        vertex -0.2296 4.2140 -11.6300
    endloop
endfacet
facet normal -4.7716 10.0000 -29.6981
    outer loop
        vertex -0.2296 4.2140 -11.6300
        vertex -0.3404 4.2602 -11.6520
        vertex -0.3552 4.3271 -11.6549
    endloop
endfacet
facet normal -4.7793 10.0000 -29.6596
    outer loop
        vertex -1.4565 1.7928 -11.8738
        vertex -1.5028 1.8105 -11.8830
        vertex -1.5287 1.8329 -11.8882
    endloop
endfacet
facet normal -4.7714 10.0000 -29.6993
    outer loop
        vertex -1.5287 1.8329 -11.8882
        vertex -1.4421 1.8808 -11.8710
        vertex -1.4565 1.7928 -11.8738
    endloop
endfacet
facet normal -4.7778 10.0000 -29.6668
    outer loop
        vertex -1.3573 1.9176 -11.8541
        vertex -1.3361 1.9415 -11.8499
        vertex -1.2855 1.9167 -11.8398
    endloop
endfacet
facet normal -4.7717 10.0000 -29.6980
    outer loop
        vertex -1.2855 1.9167 -11.8398
        vertex -1.3286 1.8238 -11.8484
        vertex -1.3573 1.9176 -11.8541
    endloop
endfacet
facet normal -4.7718 10.0000 -29.6972
    outer loop
        vertex -1.4615 1.9600 -11.8748
        vertex -1.4524 1.8908 -11.8730
        vertex -1.5445 1.8684 -11.8913
    endloop
endfacet
facet normal -4.7786 10.0000 -29.6630
    outer loop
        vertex -1.5445 1.8684 -11.8913
        vertex -1.5453 1.8810 -11.8915
        vertex -1.4615 1.9600 -11.8748
    endloop
endfacet
facet normal -4.7755 10.0000 -29.6787
    outer loop
        vertex -1.5287 1.8329 -11.8882
        vertex -1.5445 1.8684 -11.8913
        vertex -1.4524 1.8908 -11.8730
    endloop
endfacet
facet normal -4.7783 10.0000 -29.6645
    outer loop
        vertex -1.4524 1.8908 -11.8730
        vertex -1.4421 1.8808 -11.8710
        vertex -1.5287 1.8329 -11.8882
    endloop
endfacet
facet normal -4.7740 10.0000 -29.6863
    outer loop
        vertex -1.4565 1.7928 -11.8738
        vertex -1.4421 1.8808 -11.8710
        vertex -1.4016 1.7919 -11.8629
    endloop
endfacet
facet normal -4.7798 10.0000 -29.6568
    outer loop
        vertex -1.4016 1.7919 -11.8629
        vertex -1.4309 1.7900 -11.8687
        vertex -1.4565 1.7928 -11.8738
    endloop
endfacet
facet normal -4.7783 10.0000 -29.6646
    outer loop
        vertex -1.4016 1.7919 -11.8629
        vertex -1.4421 1.8808 -11.8710
        vertex -1.4252 1.8779 -11.8676
    endloop
endfacet
facet normal -4.7769 10.0000 -29.6717
    outer loop
        vertex -1.4252 1.8779 -11.8676
        vertex -1.3743 1.7986 -11.8575
        vertex -1.4016 1.7919 -11.8629
    endloop
endfacet
facet normal -4.7728 10.0000 -29.6920
    outer loop
        vertex -1.3286 1.8238 -11.8484
        vertex -1.2855 1.9167 -11.8398
        vertex -1.2676 1.8216 -11.8363
    endloop
endfacet
facet normal -4.7797 10.0000 -29.6575
    outer loop
        vertex -1.2676 1.8216 -11.8363
        vertex -1.3006 1.8189 -11.8428
        vertex -1.3286 1.8238 -11.8484
    endloop
endfacet
facet normal -4.7754 10.0000 -29.6791
    outer loop
        vertex -1.2855 1.9167 -11.8398
        vertex -1.2503 1.9312 -11.8329
        vertex -1.2398 1.8305 -11.8307
    endloop
endfacet
facet normal -4.7765 10.0000 -29.6736
    outer loop
        vertex -1.2398 1.8305 -11.8307
        vertex -1.2676 1.8216 -11.8363
        vertex -1.2855 1.9167 -11.8398
    endloop
endfacet
facet normal -4.7768 10.0000 -29.6719
    outer loop
        vertex -1.2503 1.9312 -11.8329
        vertex -1.2287 1.9482 -11.8285
        vertex -1.2060 1.8485 -11.8240
    endloop
endfacet
facet normal -4.7755 10.0000 -29.6784
    outer loop
        vertex -1.2060 1.8485 -11.8240
        vertex -1.2398 1.8305 -11.8307
        vertex -1.2503 1.9312 -11.8329
    endloop
endfacet
facet normal -4.7786 10.0000 -29.6631
    outer loop
        vertex -1.5875 1.9156 -11.8999
        vertex -1.4859 1.9605 -11.8797
        vertex -1.4615 1.9600 -11.8748
    endloop
endfacet
facet normal -4.7723 10.0000 -29.6950
    outer loop
        vertex -1.4615 1.9600 -11.8748
        vertex -1.5453 1.8810 -11.8915
        vertex -1.5875 1.9156 -11.8999
    endloop
endfacet
facet normal -4.7749 10.0000 -29.6818
    outer loop
        vertex -1.2287 1.9482 -11.8285
        vertex -1.1979 1.9805 -11.8224
        vertex -1.1689 1.8770 -11.8167
    endloop
endfacet
facet normal -4.7746 10.0000 -29.6832
    outer loop
        vertex -1.1689 1.8770 -11.8167
        vertex -1.2060 1.8485 -11.8240
        vertex -1.2287 1.9482 -11.8285
    endloop
endfacet
facet normal -4.7782 10.0000 -29.6653
    outer loop
        vertex -1.4467 1.9688 -11.8719
        vertex -1.4324 1.9024 -11.8690
        vertex -1.4524 1.8908 -11.8730
    endloop
endfacet
facet normal -4.7786 10.0000 -29.6629
    outer loop
        vertex -1.4524 1.8908 -11.8730
        vertex -1.4615 1.9600 -11.8748
        vertex -1.4467 1.9688 -11.8719
    endloop
endfacet
facet normal -4.7785 10.0000 -29.6637
    outer loop
        vertex -1.3732 2.0670 -11.8573
        vertex -1.3978 1.9381 -11.8622
        vertex -1.4101 1.9236 -11.8646
    endloop
endfacet
facet normal -4.7728 10.0000 -29.6925
    outer loop
        vertex -1.4101 1.9236 -11.8646
        vertex -1.4366 1.9789 -11.8699
        vertex -1.3732 2.0670 -11.8573
    endloop
endfacet
facet normal -4.7795 10.0000 -29.6585
    outer loop
        vertex -1.5988 1.9345 -11.9021
        vertex -1.6030 1.9584 -11.9029
        vertex -1.5945 2.0062 -11.9012
    endloop
endfacet
facet normal -4.7718 10.0000 -29.6971
    outer loop
        vertex -1.5945 2.0062 -11.9012
        vertex -1.5048 1.9716 -11.8834
        vertex -1.5988 1.9345 -11.9021
    endloop
endfacet
facet normal -4.7790 10.0000 -29.6611
    outer loop
        vertex -1.4324 1.9024 -11.8690
        vertex -1.4467 1.9688 -11.8719
        vertex -1.4366 1.9789 -11.8699
    endloop
endfacet
facet normal -4.7778 10.0000 -29.6672
    outer loop
        vertex -1.4366 1.9789 -11.8699
        vertex -1.4101 1.9236 -11.8646
        vertex -1.4324 1.9024 -11.8690
    endloop
endfacet
facet normal -4.7787 10.0000 -29.6624
    outer loop
        vertex -0.9924 2.0916 -11.7816
        vertex -0.9745 2.0706 -11.7780
        vertex -0.9343 1.9658 -11.7700
    endloop
endfacet
facet normal -4.7711 10.0000 -29.7010
    outer loop
        vertex -0.9343 1.9658 -11.7700
        vertex -0.9938 1.9707 -11.7819
        vertex -0.9924 2.0916 -11.7816
    endloop
endfacet
facet normal -4.7773 10.0000 -29.6698
    outer loop
        vertex -1.5875 1.9156 -11.8999
        vertex -1.5988 1.9345 -11.9021
        vertex -1.5048 1.9716 -11.8834
    endloop
endfacet
facet normal -4.7775 10.0000 -29.6684
    outer loop
        vertex -1.5048 1.9716 -11.8834
        vertex -1.4859 1.9605 -11.8797
        vertex -1.5875 1.9156 -11.8999
    endloop
endfacet
facet normal -4.7788 10.0000 -29.6621
    outer loop
        vertex -0.9745 2.0706 -11.7780
        vertex -0.9540 2.0619 -11.7740
        vertex -0.8823 1.9842 -11.7597
    endloop
endfacet
facet normal -4.7723 10.0000 -29.6947
    outer loop
        vertex -0.8823 1.9842 -11.7597
        vertex -0.9343 1.9658 -11.7700
        vertex -0.9745 2.0706 -11.7780
    endloop
endfacet
facet normal -4.7784 10.0000 -29.6640
    outer loop
        vertex -0.9540 2.0619 -11.7740
        vertex -0.9317 2.0649 -11.7695
        vertex -0.8342 2.0207 -11.7501
    endloop
endfacet
facet normal -4.7721 10.0000 -29.6957
    outer loop
        vertex -0.8342 2.0207 -11.7501
        vertex -0.8823 1.9842 -11.7597
        vertex -0.9540 2.0619 -11.7740
    endloop
endfacet
facet normal -4.7775 10.0000 -29.6687
    outer loop
        vertex -0.9317 2.0649 -11.7695
        vertex -0.9103 2.0785 -11.7653
        vertex -0.8165 2.0427 -11.7466
    endloop
endfacet
facet normal -4.7764 10.0000 -29.6743
    outer loop
        vertex -0.8165 2.0427 -11.7466
        vertex -0.8342 2.0207 -11.7501
        vertex -0.9317 2.0649 -11.7695
    endloop
endfacet
facet normal -4.7739 10.0000 -29.6867
    outer loop
        vertex -0.8016 2.0895 -11.7437
        vertex -0.8165 2.0427 -11.7466
        vertex -0.9103 2.0785 -11.7653
    endloop
endfacet
facet normal -4.7785 10.0000 -29.6633
    outer loop
        vertex -0.9103 2.0785 -11.7653
        vertex -0.8968 2.0906 -11.7626
        vertex -0.8016 2.0895 -11.7437
    endloop
endfacet
facet normal -4.7768 10.0000 -29.6722
    outer loop
        vertex -1.0607 2.0198 -11.7952
        vertex -1.0169 2.1518 -11.7864
        vertex -1.0075 2.1210 -11.7846
    endloop
endfacet
facet normal -4.7750 10.0000 -29.6810
    outer loop
        vertex -1.0075 2.1210 -11.7846
        vertex -1.0354 1.9929 -11.7901
        vertex -1.0607 2.0198 -11.7952
    endloop
endfacet
facet normal -4.7726 10.0000 -29.6931
    outer loop
        vertex -0.9938 1.9707 -11.7819
        vertex -1.0354 1.9929 -11.7901
        vertex -1.0075 2.1210 -11.7846
    endloop
endfacet
facet normal -4.7777 10.0000 -29.6676
    outer loop
        vertex -1.0075 2.1210 -11.7846
        vertex -0.9924 2.0916 -11.7816
        vertex -0.9938 1.9707 -11.7819
    endloop
endfacet
facet normal -4.7679 10.0000 -29.7169
    outer loop
        vertex -1.1445 2.0578 -11.8118
        vertex -1.0984 2.1533 -11.8027
        vertex -1.0607 2.0198 -11.7952
    endloop
endfacet
facet normal -4.7678 10.0000 -29.7171
    outer loop
        vertex -1.0607 2.0198 -11.7952
        vertex -1.1197 1.9297 -11.8069
        vertex -1.1445 2.0578 -11.8118
    endloop
endfacet
facet normal -4.7751 10.0000 -29.6809
    outer loop
        vertex -1.0070 2.2844 -11.7845
        vertex -1.0193 2.2294 -11.7869
        vertex -1.0914 2.2314 -11.8013
    endloop
endfacet
facet normal -4.7728 10.0000 -29.6922
    outer loop
        vertex -1.0914 2.2314 -11.8013
        vertex -1.0741 2.3110 -11.7978
        vertex -1.0070 2.2844 -11.7845
    endloop
endfacet
facet normal -4.7730 10.0000 -29.6913
    outer loop
        vertex -1.0984 2.1533 -11.8027
        vertex -1.0914 2.2314 -11.8013
        vertex -1.0193 2.2294 -11.7869
    endloop
endfacet
facet normal -4.7759 10.0000 -29.6767
    outer loop
        vertex -1.0193 2.2294 -11.7869
        vertex -1.0212 2.1857 -11.7873
        vertex -1.0984 2.1533 -11.8027
    endloop
endfacet
facet normal -4.7691 10.0000 -29.7108
    outer loop
        vertex -1.1979 1.9805 -11.8224
        vertex -1.1445 2.0578 -11.8118
        vertex -1.1197 1.9297 -11.8069
    endloop
endfacet
facet normal -4.7718 10.0000 -29.6974
    outer loop
        vertex -1.1197 1.9297 -11.8069
        vertex -1.1689 1.8770 -11.8167
        vertex -1.1979 1.9805 -11.8224
    endloop
endfacet
facet normal -4.7732 10.0000 -29.6900
    outer loop
        vertex -1.4788 2.0222 -11.8782
        vertex -1.5048 1.9716 -11.8834
        vertex -1.5945 2.0062 -11.9012
    endloop
endfacet
facet normal -4.7710 10.0000 -29.7010
    outer loop
        vertex -1.5945 2.0062 -11.9012
        vertex -1.5666 2.0724 -11.8957
        vertex -1.4788 2.0222 -11.8782
    endloop
endfacet
facet normal -4.7786 10.0000 -29.6630
    outer loop
        vertex -1.0980 2.3815 -11.8026
        vertex -1.0477 2.3770 -11.7926
        vertex -1.0310 2.3534 -11.7892
    endloop
endfacet
facet normal -4.7778 10.0000 -29.6669
    outer loop
        vertex -1.0310 2.3534 -11.7892
        vertex -1.0911 2.3527 -11.8012
        vertex -1.0980 2.3815 -11.8026
    endloop
endfacet
facet normal -4.7762 10.0000 -29.6753
    outer loop
        vertex -1.1303 2.2204 -11.8090
        vertex -1.1362 2.1892 -11.8102
        vertex -1.2618 2.0499 -11.8351
    endloop
endfacet
facet normal -4.7695 10.0000 -29.7087
    outer loop
        vertex -1.2618 2.0499 -11.8351
        vertex -1.1591 2.2471 -11.8147
        vertex -1.1303 2.2204 -11.8090
    endloop
endfacet
facet normal -4.7760 10.0000 -29.6764
    outer loop
        vertex -1.3361 1.9415 -11.8499
        vertex -1.2618 2.0499 -11.8351
        vertex -1.1362 2.1892 -11.8102
    endloop
endfacet
facet normal -4.7691 10.0000 -29.7106
    outer loop
        vertex -1.1362 2.1892 -11.8102
        vertex -1.1959 2.0716 -11.8220
        vertex -1.3361 1.9415 -11.8499
    endloop
endfacet
facet normal -4.7732 10.0000 -29.6902
    outer loop
        vertex -1.3978 1.9381 -11.8622
        vertex -1.3732 2.0670 -11.8573
        vertex -1.3103 2.1747 -11.8448
    endloop
endfacet
facet normal -4.7713 10.0000 -29.7000
    outer loop
        vertex -1.3103 2.1747 -11.8448
        vertex -1.3256 2.0528 -11.8478
        vertex -1.3978 1.9381 -11.8622
    endloop
endfacet
facet normal -4.7799 10.0000 -29.6564
    outer loop
        vertex -1.1429 2.2410 -11.8115
        vertex -1.1330 2.2304 -11.8095
        vertex -1.1303 2.2204 -11.8090
    endloop
endfacet
facet normal -4.7797 10.0000 -29.6576
    outer loop
        vertex -1.1303 2.2204 -11.8090
        vertex -1.1591 2.2471 -11.8147
        vertex -1.1429 2.2410 -11.8115
    endloop
endfacet
facet normal -4.7796 10.0000 -29.6579
    outer loop
        vertex -1.4516 2.1166 -11.8728
        vertex -1.4434 2.1148 -11.8712
        vertex -1.4210 2.0736 -11.8668
    endloop
endfacet
facet normal -4.7786 10.0000 -29.6631
    outer loop
        vertex -1.4210 2.0736 -11.8668
        vertex -1.4443 2.0692 -11.8714
        vertex -1.4516 2.1166 -11.8728
    endloop
endfacet
facet normal -4.7791 10.0000 -29.6604
    outer loop
        vertex -1.4516 2.1166 -11.8728
        vertex -1.4443 2.0692 -11.8714
        vertex -1.4595 2.0708 -11.8744
    endloop
endfacet
facet normal -4.7797 10.0000 -29.6577
    outer loop
        vertex -1.4595 2.0708 -11.8744
        vertex -1.4561 2.1248 -11.8737
        vertex -1.4516 2.1166 -11.8728
    endloop
endfacet
facet normal -4.7756 10.0000 -29.6780
    outer loop
        vertex -0.8102 2.1312 -11.7454
        vertex -0.9074 2.1152 -11.7647
        vertex -0.9162 2.1499 -11.7664
    endloop
endfacet
facet normal -4.7777 10.0000 -29.6677
    outer loop
        vertex -0.9162 2.1499 -11.7664
        vertex -0.8228 2.1512 -11.7479
        vertex -0.8102 2.1312 -11.7454
    endloop
endfacet
facet normal -4.7737 10.0000 -29.6875
    outer loop
        vertex -0.7930 2.3514 -11.7419
        vertex -0.8162 2.3009 -11.7466
        vertex -0.9044 2.3263 -11.7641
    endloop
endfacet
facet normal -4.7695 10.0000 -29.7089
    outer loop
        vertex -0.9044 2.3263 -11.7641
        vertex -0.8709 2.4098 -11.7574
        vertex -0.7930 2.3514 -11.7419
    endloop
endfacet
facet normal -4.7791 10.0000 -29.6603
    outer loop
        vertex -1.4434 2.1148 -11.8712
        vertex -1.4280 2.1197 -11.8682
        vertex -1.3995 2.0841 -11.8625
    endloop
endfacet
facet normal -4.7786 10.0000 -29.6630
    outer loop
        vertex -1.3995 2.0841 -11.8625
        vertex -1.4210 2.0736 -11.8668
        vertex -1.4434 2.1148 -11.8712
    endloop
endfacet
facet normal -4.7791 10.0000 -29.6608
    outer loop
        vertex -1.4280 2.1197 -11.8682
        vertex -1.4136 2.1294 -11.8653
        vertex -1.3818 2.0982 -11.8590
    endloop
endfacet
facet normal -4.7787 10.0000 -29.6624
    outer loop
        vertex -1.3818 2.0982 -11.8590
        vertex -1.3995 2.0841 -11.8625
        vertex -1.4280 2.1197 -11.8682
    endloop
endfacet
facet normal -4.7787 10.0000 -29.6624
    outer loop
        vertex -1.4136 2.1294 -11.8653
        vertex -1.3990 2.1470 -11.8624
        vertex -1.3667 2.1154 -11.8560
    endloop
endfacet
facet normal -4.7787 10.0000 -29.6624
    outer loop
        vertex -1.3667 2.1154 -11.8560
        vertex -1.3818 2.0982 -11.8590
        vertex -1.4136 2.1294 -11.8653
    endloop
endfacet
facet normal -4.7704 10.0000 -29.7044
    outer loop
        vertex -1.4595 2.0708 -11.8744
        vertex -1.5520 2.1006 -11.8928
        vertex -1.5552 2.1854 -11.8934
    endloop
endfacet
facet normal -4.7731 10.0000 -29.6907
    outer loop
        vertex -1.5552 2.1854 -11.8934
        vertex -1.4561 2.1248 -11.8737
        vertex -1.4595 2.0708 -11.8744
    endloop
endfacet
facet normal -4.7760 10.0000 -29.6761
    outer loop
        vertex -1.4788 2.0222 -11.8782
        vertex -1.5666 2.0724 -11.8957
        vertex -1.5520 2.1006 -11.8928
    endloop
endfacet
facet normal -4.7737 10.0000 -29.6877
    outer loop
        vertex -1.5520 2.1006 -11.8928
        vertex -1.4595 2.0708 -11.8744
        vertex -1.4788 2.0222 -11.8782
    endloop
endfacet
facet normal -4.7789 10.0000 -29.6614
    outer loop
        vertex -1.3935 2.1619 -11.8613
        vertex -1.3571 2.1313 -11.8541
        vertex -1.3667 2.1154 -11.8560
    endloop
endfacet
facet normal -4.7792 10.0000 -29.6601
    outer loop
        vertex -1.3667 2.1154 -11.8560
        vertex -1.3990 2.1470 -11.8624
        vertex -1.3935 2.1619 -11.8613
    endloop
endfacet
facet normal -4.7786 10.0000 -29.6633
    outer loop
        vertex -1.0911 2.3527 -11.8012
        vertex -1.0310 2.3534 -11.7892
        vertex -1.0046 2.3343 -11.7840
    endloop
endfacet
facet normal -4.7759 10.0000 -29.6766
    outer loop
        vertex -1.0046 2.3343 -11.7840
        vertex -1.0741 2.3110 -11.7978
        vertex -1.0911 2.3527 -11.8012
    endloop
endfacet
facet normal -4.7770 10.0000 -29.6713
    outer loop
        vertex -1.3561 2.3505 -11.8539
        vertex -1.3199 2.3162 -11.8467
        vertex -1.3328 2.2608 -11.8492
    endloop
endfacet
facet normal -4.7736 10.0000 -29.6882
    outer loop
        vertex -1.3328 2.2608 -11.8492
        vertex -1.3835 2.2347 -11.8593
        vertex -1.3561 2.3505 -11.8539
    endloop
endfacet
facet normal -4.7760 10.0000 -29.6764
    outer loop
        vertex -1.3498 2.1542 -11.8526
        vertex -1.3935 2.1619 -11.8613
        vertex -1.3835 2.2347 -11.8593
    endloop
endfacet
facet normal -4.7738 10.0000 -29.6870
    outer loop
        vertex -1.3835 2.2347 -11.8593
        vertex -1.3328 2.2608 -11.8492
        vertex -1.3498 2.1542 -11.8526
    endloop
endfacet
facet normal -4.7741 10.0000 -29.6857
    outer loop
        vertex -1.3256 2.0528 -11.8478
        vertex -1.3103 2.1747 -11.8448
        vertex -1.2595 2.2683 -11.8347
    endloop
endfacet
facet normal -4.7687 10.0000 -29.7128
    outer loop
        vertex -1.2595 2.2683 -11.8347
        vertex -1.2189 2.2633 -11.8266
        vertex -1.3256 2.0528 -11.8478
    endloop
endfacet
facet normal -4.7789 10.0000 -29.6616
    outer loop
        vertex -1.2310 2.2868 -11.8290
        vertex -1.2189 2.2633 -11.8266
        vertex -1.2595 2.2683 -11.8347
    endloop
endfacet
facet normal -4.7798 10.0000 -29.6568
    outer loop
        vertex -1.2595 2.2683 -11.8347
        vertex -1.2429 2.2834 -11.8314
        vertex -1.2310 2.2868 -11.8290
    endloop
endfacet
facet normal -4.7799 10.0000 -29.6563
    outer loop
        vertex -1.2310 2.2868 -11.8290
        vertex -1.2210 2.2836 -11.8270
        vertex -1.2130 2.2756 -11.8254
    endloop
endfacet
facet normal -4.7796 10.0000 -29.6578
    outer loop
        vertex -1.2130 2.2756 -11.8254
        vertex -1.2189 2.2633 -11.8266
        vertex -1.2310 2.2868 -11.8290
    endloop
endfacet
facet normal -4.7735 10.0000 -29.6889
    outer loop
        vertex -1.5006 2.5150 -11.8826
        vertex -1.4292 2.4382 -11.8684
        vertex -1.4469 2.3837 -11.8719
    endloop
endfacet
facet normal -4.7708 10.0000 -29.7025
    outer loop
        vertex -1.4469 2.3837 -11.8719
        vertex -1.5293 2.4468 -11.8883
        vertex -1.5006 2.5150 -11.8826
    endloop
endfacet
facet normal -4.7578 10.0000 -29.7679
    outer loop
        vertex -1.4561 2.1248 -11.8737
        vertex -1.5552 2.1854 -11.8934
        vertex -1.5480 2.3615 -11.8920
    endloop
endfacet
facet normal -4.7600 10.0000 -29.7566
    outer loop
        vertex -1.5480 2.3615 -11.8920
        vertex -1.4580 2.3050 -11.8741
        vertex -1.4561 2.1248 -11.8737
    endloop
endfacet
facet normal -4.7692 10.0000 -29.7105
    outer loop
        vertex -1.4580 2.3050 -11.8741
        vertex -1.5480 2.3615 -11.8920
        vertex -1.5293 2.4468 -11.8883
    endloop
endfacet
facet normal -4.7711 10.0000 -29.7009
    outer loop
        vertex -1.5293 2.4468 -11.8883
        vertex -1.4469 2.3837 -11.8719
        vertex -1.4580 2.3050 -11.8741
    endloop
endfacet
facet normal -4.7789 10.0000 -29.6617
    outer loop
        vertex -1.0477 2.3770 -11.7926
        vertex -1.0995 2.4092 -11.8029
        vertex -1.0979 2.4260 -11.8026
    endloop
endfacet
facet normal -4.7786 10.0000 -29.6628
    outer loop
        vertex -1.0979 2.4260 -11.8026
        vertex -1.0656 2.4162 -11.7961
        vertex -1.0477 2.3770 -11.7926
    endloop
endfacet
facet normal -4.7796 10.0000 -29.6581
    outer loop
        vertex -1.0656 2.4162 -11.7961
        vertex -1.0979 2.4260 -11.8026
        vertex -1.0942 2.4353 -11.8018
    endloop
endfacet
facet normal -4.7797 10.0000 -29.6577
    outer loop
        vertex -1.0942 2.4353 -11.8018
        vertex -1.0803 2.4358 -11.7991
        vertex -1.0656 2.4162 -11.7961
    endloop
endfacet
facet normal -4.7728 10.0000 -29.6921
    outer loop
        vertex -1.4591 2.5782 -11.8743
        vertex -1.3995 2.4926 -11.8625
        vertex -1.4292 2.4382 -11.8684
    endloop
endfacet
facet normal -4.7704 10.0000 -29.7041
    outer loop
        vertex -1.4292 2.4382 -11.8684
        vertex -1.5006 2.5150 -11.8826
        vertex -1.4591 2.5782 -11.8743
    endloop
endfacet
facet normal -4.7690 10.0000 -29.7114
    outer loop
        vertex -1.3436 2.5608 -11.8514
        vertex -1.3995 2.4926 -11.8625
        vertex -1.4591 2.5782 -11.8743
    endloop
endfacet
facet normal -4.7645 10.0000 -29.7341
    outer loop
        vertex -1.4591 2.5782 -11.8743
        vertex -1.3694 2.6728 -11.8565
        vertex -1.3436 2.5608 -11.8514
    endloop
endfacet
facet normal -4.7705 10.0000 -29.7039
    outer loop
        vertex -0.8982 2.6249 -11.7629
        vertex -0.8083 2.6118 -11.7450
        vertex -0.7552 2.5188 -11.7344
    endloop
endfacet
facet normal -4.7696 10.0000 -29.7082
    outer loop
        vertex -0.7552 2.5188 -11.7344
        vertex -0.8609 2.5388 -11.7554
        vertex -0.8982 2.6249 -11.7629
    endloop
endfacet
facet normal -4.7725 10.0000 -29.6939
    outer loop
        vertex -0.8546 2.4978 -11.7542
        vertex -0.7633 2.4721 -11.7360
        vertex -0.7739 2.4086 -11.7381
    endloop
endfacet
facet normal -4.7762 10.0000 -29.6749
    outer loop
        vertex -0.7739 2.4086 -11.7381
        vertex -0.8566 2.4625 -11.7546
        vertex -0.8546 2.4978 -11.7542
    endloop
endfacet
facet normal -4.7758 10.0000 -29.6770
    outer loop
        vertex -0.8083 2.6118 -11.7450
        vertex -0.7798 2.6280 -11.7393
        vertex -0.7071 2.5514 -11.7249
    endloop
endfacet
facet normal -4.7723 10.0000 -29.6948
    outer loop
        vertex -0.7071 2.5514 -11.7249
        vertex -0.7552 2.5188 -11.7344
        vertex -0.8083 2.6118 -11.7450
    endloop
endfacet
facet normal -4.7773 10.0000 -29.6694
    outer loop
        vertex -0.9051 2.6558 -11.7642
        vertex -0.8259 2.6420 -11.7485
        vertex -0.8083 2.6118 -11.7450
    endloop
endfacet
facet normal -4.7767 10.0000 -29.6728
    outer loop
        vertex -0.8083 2.6118 -11.7450
        vertex -0.8982 2.6249 -11.7629
        vertex -0.9051 2.6558 -11.7642
    endloop
endfacet
facet normal -4.7726 10.0000 -29.6930
    outer loop
        vertex -0.7332 2.6735 -11.7301
        vertex -0.6668 2.5899 -11.7169
        vertex -0.7071 2.5514 -11.7249
    endloop
endfacet
facet normal -4.7715 10.0000 -29.6990
    outer loop
        vertex -0.7071 2.5514 -11.7249
        vertex -0.7798 2.6280 -11.7393
        vertex -0.7332 2.6735 -11.7301
    endloop
endfacet
facet normal -4.7747 10.0000 -29.6829
    outer loop
        vertex -0.6044 2.7048 -11.7045
        vertex -0.6175 2.6656 -11.7071
        vertex -0.7010 2.7444 -11.7237
    endloop
endfacet
facet normal -4.7656 10.0000 -29.7286
    outer loop
        vertex -0.7010 2.7444 -11.7237
        vertex -0.6125 2.8283 -11.7061
        vertex -0.6044 2.7048 -11.7045
    endloop
endfacet
facet normal -4.7698 10.0000 -29.7075
    outer loop
        vertex -0.6373 2.6286 -11.7110
        vertex -0.7332 2.6735 -11.7301
        vertex -0.7010 2.7444 -11.7237
    endloop
endfacet
facet normal -4.7742 10.0000 -29.6851
    outer loop
        vertex -0.7010 2.7444 -11.7237
        vertex -0.6175 2.6656 -11.7071
        vertex -0.6373 2.6286 -11.7110
    endloop
endfacet
facet normal -4.7740 10.0000 -29.6864
    outer loop
        vertex -0.6954 2.8368 -11.7226
        vertex -0.6264 2.8884 -11.7088
        vertex -0.6125 2.8283 -11.7061
    endloop
endfacet
facet normal -4.7704 10.0000 -29.7042
    outer loop
        vertex -0.6125 2.8283 -11.7061
        vertex -0.7010 2.7444 -11.7237
        vertex -0.6954 2.8368 -11.7226
    endloop
endfacet
facet normal -4.7756 10.0000 -29.6780
    outer loop
        vertex -0.8361 2.6883 -11.7505
        vertex -0.8259 2.6420 -11.7485
        vertex -0.9051 2.6558 -11.7642
    endloop
endfacet
facet normal -4.7772 10.0000 -29.6702
    outer loop
        vertex -0.9051 2.6558 -11.7642
        vertex -0.8985 2.6920 -11.7629
        vertex -0.8361 2.6883 -11.7505
    endloop
endfacet
facet normal -4.7781 10.0000 -29.6654
    outer loop
        vertex -0.9029 2.7565 -11.7638
        vertex -0.8450 2.7856 -11.7523
        vertex -0.8375 2.7635 -11.7508
    endloop
endfacet
facet normal -4.7780 10.0000 -29.6662
    outer loop
        vertex -0.8375 2.7635 -11.7508
        vertex -0.8960 2.7324 -11.7624
        vertex -0.9029 2.7565 -11.7638
    endloop
endfacet
facet normal -4.7704 10.0000 -29.7043
    outer loop
        vertex -0.5211 2.7704 -11.6879
        vertex -0.5752 2.7236 -11.6987
        vertex -0.5783 2.8638 -11.6993
    endloop
endfacet
facet normal -4.7739 10.0000 -29.6867
    outer loop
        vertex -0.5783 2.8638 -11.6993
        vertex -0.5510 2.9050 -11.6939
        vertex -0.5211 2.7704 -11.6879
    endloop
endfacet
facet normal -4.7712 10.0000 -29.7005
    outer loop
        vertex -1.3164 2.7191 -11.8460
        vertex -1.2208 2.7770 -11.8270
        vertex -1.1628 2.7376 -11.8154
    endloop
endfacet
facet normal -4.7712 10.0000 -29.7002
    outer loop
        vertex -1.1628 2.7376 -11.8154
        vertex -1.2017 2.6869 -11.8232
        vertex -1.3164 2.7191 -11.8460
    endloop
endfacet
facet normal -4.7697 10.0000 -29.7079
    outer loop
        vertex -1.2776 2.9044 -11.8383
        vertex -1.2579 2.8306 -11.8343
        vertex -1.3560 2.7771 -11.8539
    endloop
endfacet
facet normal -4.7655 10.0000 -29.7287
    outer loop
        vertex -1.3560 2.7771 -11.8539
        vertex -1.3854 2.8778 -11.8597
        vertex -1.2776 2.9044 -11.8383
    endloop
endfacet
facet normal -4.7557 10.0000 -29.7781
    outer loop
        vertex 0.1667 3.5522 -11.5512
        vertex 0.1667 3.3267 -11.5512
        vertex 0.0801 3.3955 -11.5684
    endloop
endfacet
facet normal -4.7638 10.0000 -29.7375
    outer loop
        vertex 0.0801 3.3955 -11.5684
        vertex 0.0832 3.5518 -11.5678
        vertex 0.1667 3.5522 -11.5512
    endloop
endfacet
facet normal -4.7783 10.0000 -29.6647
    outer loop
        vertex 0.1527 3.3218 -11.5540
        vertex 0.0801 3.3955 -11.5684
        vertex 0.1667 3.3267 -11.5512
    endloop
endfacet
facet normal -4.7696 10.0000 -29.7083
    outer loop
        vertex 0.0832 3.5518 -11.5678
        vertex 0.0679 3.6536 -11.5708
        vertex 0.1513 3.6460 -11.5543
    endloop
endfacet
facet normal -4.7703 10.0000 -29.7050
    outer loop
        vertex 0.1513 3.6460 -11.5543
        vertex 0.1667 3.5522 -11.5512
        vertex 0.0832 3.5518 -11.5678
    endloop
endfacet
facet normal -4.7626 10.0000 -29.7435
    outer loop
        vertex 0.0734 3.8436 -11.5698
        vertex 0.0136 3.9126 -11.5816
        vertex 0.1429 3.9975 -11.5559
    endloop
endfacet
facet normal -4.7677 10.0000 -29.7180
    outer loop
        vertex 0.1667 3.9076 -11.5512
        vertex 0.0734 3.8436 -11.5698
        vertex 0.1429 3.9975 -11.5559
    endloop
endfacet
facet normal -4.7770 10.0000 -29.6709
    outer loop
        vertex 0.1429 3.9975 -11.5559
        vertex 0.1667 4.0076 -11.5512
        vertex 0.1667 3.9076 -11.5512
    endloop
endfacet
facet normal -4.7800 10.0000 -29.6561
    outer loop
        vertex 0.1667 2.4788 -11.5512
        vertex 0.1656 2.4808 -11.5514
        vertex 0.1485 2.5357 -11.5548
    endloop
endfacet
facet normal -4.7736 10.0000 -29.6880
    outer loop
        vertex 0.1485 2.5357 -11.5548
        vertex 0.1667 2.7609 -11.5512
        vertex 0.1667 2.4788 -11.5512
    endloop
endfacet
facet normal -4.7791 10.0000 -29.6608
    outer loop
        vertex 0.1591 2.7432 -11.5527
        vertex 0.1667 2.7609 -11.5512
        vertex 0.1400 2.5985 -11.5565
    endloop
endfacet
facet normal -4.7788 10.0000 -29.6620
    outer loop
        vertex 0.1400 2.5985 -11.5565
        vertex 0.1429 2.6711 -11.5559
        vertex 0.1591 2.7432 -11.5527
    endloop
endfacet
facet normal -4.7762 10.0000 -29.6751
    outer loop
        vertex 0.1485 2.5357 -11.5548
        vertex 0.1400 2.5985 -11.5565
        vertex 0.1667 2.7609 -11.5512
    endloop
endfacet
facet normal -4.7683 10.0000 -29.7150
    outer loop
        vertex 0.0892 2.8663 -11.5666
        vertex 0.0022 2.8773 -11.5839
        vertex 0.0608 2.9784 -11.5723
    endloop
endfacet
facet normal -4.7694 10.0000 -29.7092
    outer loop
        vertex 0.1667 2.8603 -11.5512
        vertex 0.0892 2.8663 -11.5666
        vertex 0.0608 2.9784 -11.5723
    endloop
endfacet
facet normal -4.7667 10.0000 -29.7230
    outer loop
        vertex 0.0608 2.9784 -11.5723
        vertex 0.1667 2.9614 -11.5512
        vertex 0.1667 2.8603 -11.5512
    endloop
endfacet
facet normal -4.7693 10.0000 -29.7101
    outer loop
        vertex 0.0421 4.4391 -11.5760
        vertex 0.0197 4.5210 -11.5804
        vertex 0.1133 4.5650 -11.5618
    endloop
endfacet
facet normal -4.7699 10.0000 -29.7068
    outer loop
        vertex 0.1133 4.5650 -11.5618
        vertex 0.1313 4.4827 -11.5582
        vertex 0.0421 4.4391 -11.5760
    endloop
endfacet
facet normal -4.7760 10.0000 -29.6759
    outer loop
        vertex 0.1667 4.5850 -11.5512
        vertex 0.1667 4.4949 -11.5512
        vertex 0.1313 4.4827 -11.5582
    endloop
endfacet
facet normal -4.7741 10.0000 -29.6857
    outer loop
        vertex 0.1313 4.4827 -11.5582
        vertex 0.1133 4.5650 -11.5618
        vertex 0.1667 4.5850 -11.5512
    endloop
endfacet
facet normal -4.7791 10.0000 -29.6607
    outer loop
        vertex 0.1667 1.7744 -11.5512
        vertex 0.1656 2.4808 -11.5514
        vertex 0.1667 2.4788 -11.5512
    endloop
endfacet
facet normal -4.7190 10.0000 -29.9630
    outer loop
        vertex 0.1667 1.7744 -11.5512
        vertex -0.7633 2.4721 -11.7360
        vertex -0.7552 2.5188 -11.7344
    endloop
endfacet
facet normal -3.9720 10.0000 -33.7214
    outer loop
        vertex -0.7552 2.5188 -11.7344
        vertex 0.1656 2.4808 -11.5514
        vertex 0.1667 1.7744 -11.5512
    endloop
endfacet
facet normal -4.6975 10.0000 -30.0712
    outer loop
        vertex 0.1667 1.7744 -11.5512
        vertex -0.7739 2.4086 -11.7381
        vertex -0.7633 2.4721 -11.7360
    endloop
endfacet
facet normal -4.6981 10.0000 -30.0680
    outer loop
        vertex 0.1667 1.7744 -11.5512
        vertex -0.7930 2.3514 -11.7419
        vertex -0.7739 2.4086 -11.7381
    endloop
endfacet
facet normal -4.7206 10.0000 -29.9550
    outer loop
        vertex 0.1667 1.7744 -11.5512
        vertex -0.8267 2.2578 -11.7486
        vertex -0.8162 2.3009 -11.7466
    endloop
endfacet
facet normal -4.7031 10.0000 -30.0427
    outer loop
        vertex -0.8162 2.3009 -11.7466
        vertex -0.7930 2.3514 -11.7419
        vertex 0.1667 1.7744 -11.5512
    endloop
endfacet
facet normal -4.7202 10.0000 -29.9569
    outer loop
        vertex 0.1667 1.7744 -11.5512
        vertex -0.8228 2.1512 -11.7479
        vertex -0.8303 2.2027 -11.7494
    endloop
endfacet
facet normal -4.7098 10.0000 -30.0094
    outer loop
        vertex -0.8303 2.2027 -11.7494
        vertex -0.8267 2.2578 -11.7486
        vertex 0.1667 1.7744 -11.5512
    endloop
endfacet
facet normal -4.7614 10.0000 -29.7497
    outer loop
        vertex 0.1667 1.7744 -11.5512
        vertex -0.8102 2.1312 -11.7454
        vertex -0.8228 2.1512 -11.7479
    endloop
endfacet
facet normal -4.7331 10.0000 -29.8917
    outer loop
        vertex 0.1667 1.7744 -11.5512
        vertex -0.8016 2.0895 -11.7437
        vertex -0.8102 2.1312 -11.7454
    endloop
endfacet
facet normal -4.7179 10.0000 -29.9683
    outer loop
        vertex 0.1667 1.7744 -11.5512
        vertex -0.8165 2.0427 -11.7466
        vertex -0.8016 2.0895 -11.7437
    endloop
endfacet
facet normal -4.7472 10.0000 -29.8209
    outer loop
        vertex 0.1667 1.7744 -11.5512
        vertex -0.8342 2.0207 -11.7501
        vertex -0.8165 2.0427 -11.7466
    endloop
endfacet
facet normal -4.7199 10.0000 -29.9584
    outer loop
        vertex 0.1667 1.7744 -11.5512
        vertex -0.8823 1.9842 -11.7597
        vertex -0.8342 2.0207 -11.7501
    endloop
endfacet
facet normal -4.7786 10.0000 -29.6630
    outer loop
        vertex -1.2060 1.8485 -11.8240
        vertex -0.9343 1.9658 -11.7700
        vertex -0.8823 1.9842 -11.7597
    endloop
endfacet
facet normal -4.5188 10.0000 -30.9702
    outer loop
        vertex -0.8823 1.9842 -11.7597
        vertex 0.1667 1.7744 -11.5512
        vertex -1.2060 1.8485 -11.8240
    endloop
endfacet
facet normal -4.7463 10.0000 -29.8257
    outer loop
        vertex 0.1667 1.7744 -11.5512
        vertex -1.2398 1.8305 -11.8307
        vertex -1.2060 1.8485 -11.8240
    endloop
endfacet
facet normal -4.7624 10.0000 -29.7445
    outer loop
        vertex 0.1667 1.7744 -11.5512
        vertex -1.2676 1.8216 -11.8363
        vertex -1.2398 1.8305 -11.8307
    endloop
endfacet
facet normal -4.7390 10.0000 -29.8625
    outer loop
        vertex 0.1667 1.7744 -11.5512
        vertex -1.3743 1.7986 -11.8575
        vertex -1.3006 1.8189 -11.8428
    endloop
endfacet
facet normal -4.7733 10.0000 -29.6897
    outer loop
        vertex -1.3006 1.8189 -11.8428
        vertex -1.2676 1.8216 -11.8363
        vertex 0.1667 1.7744 -11.5512
    endloop
endfacet
facet normal -4.7445 10.0000 -29.8345
    outer loop
        vertex 0.1667 1.7744 -11.5512
        vertex -1.4669 1.7744 -11.8759
        vertex -1.4016 1.7919 -11.8629
    endloop
endfacet
facet normal -4.7663 10.0000 -29.7249
    outer loop
        vertex -1.4016 1.7919 -11.8629
        vertex -1.3743 1.7986 -11.8575
        vertex 0.1667 1.7744 -11.5512
    endloop
endfacet
facet normal -4.7328 10.0000 -29.8934
    outer loop
        vertex 0.1656 2.4808 -11.5514
        vertex -0.2686 2.8740 -11.6377
        vertex -0.1884 2.8888 -11.6218
    endloop
endfacet
facet normal -4.7646 10.0000 -29.7337
    outer loop
        vertex -0.1884 2.8888 -11.6218
        vertex 0.1485 2.5357 -11.5548
        vertex 0.1656 2.4808 -11.5514
    endloop
endfacet
facet normal -4.7341 10.0000 -29.8870
    outer loop
        vertex 0.1656 2.4808 -11.5514
        vertex -0.4178 2.8476 -11.6674
        vertex -0.3620 2.8758 -11.6563
    endloop
endfacet
facet normal -4.7354 10.0000 -29.8804
    outer loop
        vertex -0.3620 2.8758 -11.6563
        vertex -0.2686 2.8740 -11.6377
        vertex 0.1656 2.4808 -11.5514
    endloop
endfacet
facet normal -4.7162 10.0000 -29.9768
    outer loop
        vertex 0.1656 2.4808 -11.5514
        vertex -0.5211 2.7704 -11.6879
        vertex -0.4766 2.8263 -11.6791
    endloop
endfacet
facet normal -4.7379 10.0000 -29.8681
    outer loop
        vertex -0.4766 2.8263 -11.6791
        vertex -0.4178 2.8476 -11.6674
        vertex 0.1656 2.4808 -11.5514
    endloop
endfacet
facet normal -4.7207 10.0000 -29.9546
    outer loop
        vertex 0.1656 2.4808 -11.5514
        vertex -0.5752 2.7236 -11.6987
        vertex -0.5211 2.7704 -11.6879
    endloop
endfacet
facet normal -4.7389 10.0000 -29.8628
    outer loop
        vertex 0.1656 2.4808 -11.5514
        vertex -0.6175 2.6656 -11.7071
        vertex -0.6044 2.7048 -11.7045
    endloop
endfacet
facet normal -4.7539 10.0000 -29.7875
    outer loop
        vertex -0.6044 2.7048 -11.7045
        vertex -0.5752 2.7236 -11.6987
        vertex 0.1656 2.4808 -11.5514
    endloop
endfacet
facet normal -4.7394 10.0000 -29.8602
    outer loop
        vertex 0.1656 2.4808 -11.5514
        vertex -0.6373 2.6286 -11.7110
        vertex -0.6175 2.6656 -11.7071
    endloop
endfacet
facet normal -4.7360 10.0000 -29.8773
    outer loop
        vertex 0.1656 2.4808 -11.5514
        vertex -0.6668 2.5899 -11.7169
        vertex -0.6373 2.6286 -11.7110
    endloop
endfacet
facet normal -4.7348 10.0000 -29.8834
    outer loop
        vertex 0.1656 2.4808 -11.5514
        vertex -0.7071 2.5514 -11.7249
        vertex -0.6668 2.5899 -11.7169
    endloop
endfacet
facet normal -4.7404 10.0000 -29.8551
    outer loop
        vertex 0.1656 2.4808 -11.5514
        vertex -0.7552 2.5188 -11.7344
        vertex -0.7071 2.5514 -11.7249
    endloop
endfacet
facet normal -4.7687 10.0000 -29.7130
    outer loop
        vertex 0.1591 2.7432 -11.5527
        vertex 0.0892 2.8663 -11.5666
        vertex 0.1667 2.8603 -11.5512
    endloop
endfacet
facet normal -4.7791 10.0000 -29.6607
    outer loop
        vertex 0.1667 2.8603 -11.5512
        vertex 0.1667 2.7609 -11.5512
        vertex 0.1591 2.7432 -11.5527
    endloop
endfacet
facet normal -4.7633 10.0000 -29.7403
    outer loop
        vertex 0.1591 2.7432 -11.5527
        vertex 0.1429 2.6711 -11.5559
        vertex 0.0022 2.8773 -11.5839
    endloop
endfacet
facet normal -4.7677 10.0000 -29.7181
    outer loop
        vertex 0.0022 2.8773 -11.5839
        vertex 0.0892 2.8663 -11.5666
        vertex 0.1591 2.7432 -11.5527
    endloop
endfacet
facet normal -4.7474 10.0000 -29.8201
    outer loop
        vertex 0.1400 2.5985 -11.5565
        vertex -0.1123 2.9184 -11.6067
        vertex 0.0022 2.8773 -11.5839
    endloop
endfacet
facet normal -4.7666 10.0000 -29.7236
    outer loop
        vertex 0.0022 2.8773 -11.5839
        vertex 0.1429 2.6711 -11.5559
        vertex 0.1400 2.5985 -11.5565
    endloop
endfacet
facet normal -4.7575 10.0000 -29.7695
    outer loop
        vertex 0.1400 2.5985 -11.5565
        vertex 0.1485 2.5357 -11.5548
        vertex -0.1884 2.8888 -11.6218
    endloop
endfacet
facet normal -4.7405 10.0000 -29.8549
    outer loop
        vertex -0.1884 2.8888 -11.6218
        vertex -0.1123 2.9184 -11.6067
        vertex 0.1400 2.5985 -11.5565
    endloop
endfacet
facet normal -4.7697 10.0000 -29.7080
    outer loop
        vertex -0.9938 1.9707 -11.7819
        vertex -0.9343 1.9658 -11.7700
        vertex -1.2060 1.8485 -11.8240
    endloop
endfacet
facet normal -4.7781 10.0000 -29.6654
    outer loop
        vertex -1.2060 1.8485 -11.8240
        vertex -1.1689 1.8770 -11.8167
        vertex -0.9938 1.9707 -11.7819
    endloop
endfacet
facet normal -4.7783 10.0000 -29.6644
    outer loop
        vertex -1.1689 1.8770 -11.8167
        vertex -1.1197 1.9297 -11.8069
        vertex -1.0354 1.9929 -11.7901
    endloop
endfacet
facet normal -4.7703 10.0000 -29.7046
    outer loop
        vertex -1.0354 1.9929 -11.7901
        vertex -0.9938 1.9707 -11.7819
        vertex -1.1689 1.8770 -11.8167
    endloop
endfacet
facet normal -4.7752 10.0000 -29.6802
    outer loop
        vertex -1.1197 1.9297 -11.8069
        vertex -1.0607 2.0198 -11.7952
        vertex -1.0354 1.9929 -11.7901
    endloop
endfacet
facet normal -4.7796 10.0000 -29.6579
    outer loop
        vertex -1.3006 1.8189 -11.8428
        vertex -1.3743 1.7986 -11.8575
        vertex -1.3495 1.8096 -11.8526
    endloop
endfacet
facet normal -4.7794 10.0000 -29.6591
    outer loop
        vertex -1.3006 1.8189 -11.8428
        vertex -1.3495 1.8096 -11.8526
        vertex -1.3286 1.8238 -11.8484
    endloop
endfacet
facet normal -4.7739 10.0000 -29.6867
    outer loop
        vertex -1.3164 2.7191 -11.8460
        vertex -1.3694 2.6728 -11.8565
        vertex -1.3560 2.7771 -11.8539
    endloop
endfacet
facet normal -4.7745 10.0000 -29.6835
    outer loop
        vertex -1.3854 2.8778 -11.8597
        vertex -1.3560 2.7771 -11.8539
        vertex -1.3694 2.6728 -11.8565
    endloop
endfacet
facet normal -4.7553 10.0000 -29.7804
    outer loop
        vertex -1.3694 2.6728 -11.8565
        vertex -1.4591 2.5782 -11.8743
        vertex -1.3854 2.8778 -11.8597
    endloop
endfacet
facet normal -4.7704 10.0000 -29.7045
    outer loop
        vertex -1.4591 2.5782 -11.8743
        vertex -1.5006 2.5150 -11.8826
        vertex -1.3854 2.8778 -11.8597
    endloop
endfacet
facet normal -4.7795 10.0000 -29.6585
    outer loop
        vertex -1.4669 1.7744 -11.8759
        vertex -1.4309 1.7900 -11.8687
        vertex -1.4016 1.7919 -11.8629
    endloop
endfacet
facet normal -4.7794 10.0000 -29.6591
    outer loop
        vertex -1.4669 1.7744 -11.8759
        vertex -1.4565 1.7928 -11.8738
        vertex -1.4309 1.7900 -11.8687
    endloop
endfacet
facet normal -4.7693 10.0000 -29.7097
    outer loop
        vertex -1.8925 1.7744 -11.9605
        vertex -1.5028 1.8105 -11.8830
        vertex -1.4565 1.7928 -11.8738
    endloop
endfacet
facet normal -4.7703 10.0000 -29.7048
    outer loop
        vertex -1.4565 1.7928 -11.8738
        vertex -1.4669 1.7744 -11.8759
        vertex -1.8925 1.7744 -11.9605
    endloop
endfacet
facet normal -4.7680 10.0000 -29.7163
    outer loop
        vertex -1.8925 1.7744 -11.9605
        vertex -1.5287 1.8329 -11.8882
        vertex -1.5028 1.8105 -11.8830
    endloop
endfacet
facet normal -4.7628 10.0000 -29.7425
    outer loop
        vertex -1.8925 1.7744 -11.9605
        vertex -1.5445 1.8684 -11.8913
        vertex -1.5287 1.8329 -11.8882
    endloop
endfacet
facet normal -4.7595 10.0000 -29.7592
    outer loop
        vertex -1.8925 1.7744 -11.9605
        vertex -1.5875 1.9156 -11.8999
        vertex -1.5453 1.8810 -11.8915
    endloop
endfacet
facet normal -4.7744 10.0000 -29.6839
    outer loop
        vertex -1.5453 1.8810 -11.8915
        vertex -1.5445 1.8684 -11.8913
        vertex -1.8925 1.7744 -11.9605
    endloop
endfacet
facet normal -4.7708 10.0000 -29.7021
    outer loop
        vertex -1.8925 1.7744 -11.9605
        vertex -1.5988 1.9345 -11.9021
        vertex -1.5875 1.9156 -11.8999
    endloop
endfacet
facet normal -4.7705 10.0000 -29.7040
    outer loop
        vertex -1.8925 1.7744 -11.9605
        vertex -1.6030 1.9584 -11.9029
        vertex -1.5988 1.9345 -11.9021
    endloop
endfacet
facet normal -4.7647 10.0000 -29.7328
    outer loop
        vertex -1.8925 1.7744 -11.9605
        vertex -1.5945 2.0062 -11.9012
        vertex -1.6030 1.9584 -11.9029
    endloop
endfacet
facet normal -4.7635 10.0000 -29.7389
    outer loop
        vertex -1.8925 1.7744 -11.9605
        vertex -1.5666 2.0724 -11.8957
        vertex -1.5945 2.0062 -11.9012
    endloop
endfacet
facet normal -4.7429 10.0000 -29.8428
    outer loop
        vertex -1.8925 1.7744 -11.9605
        vertex -1.5552 2.1854 -11.8934
        vertex -1.5520 2.1006 -11.8928
    endloop
endfacet
facet normal -4.7740 10.0000 -29.6864
    outer loop
        vertex -1.5520 2.1006 -11.8928
        vertex -1.5666 2.0724 -11.8957
        vertex -1.8925 1.7744 -11.9605
    endloop
endfacet
facet normal -4.7099 10.0000 -30.0086
    outer loop
        vertex -1.8925 1.7744 -11.9605
        vertex -1.5480 2.3615 -11.8920
        vertex -1.5552 2.1854 -11.8934
    endloop
endfacet
facet normal -3.4937 10.0000 -36.1278
    outer loop
        vertex -1.8925 1.7744 -11.9605
        vertex -1.8925 4.6256 -11.9605
        vertex -1.5293 2.4468 -11.8883
    endloop
endfacet
facet normal -4.7571 10.0000 -29.7712
    outer loop
        vertex -1.5293 2.4468 -11.8883
        vertex -1.5480 2.3615 -11.8920
        vertex -1.8925 1.7744 -11.9605
    endloop
endfacet
facet normal -4.5967 10.0000 -30.5784
    outer loop
        vertex -1.8925 4.6256 -11.9605
        vertex -0.3318 4.6256 -11.6503
        vertex -0.3567 4.5310 -11.6552
    endloop
endfacet
facet normal -4.5925 10.0000 -30.5995
    outer loop
        vertex -1.8925 4.6256 -11.9605
        vertex -0.3567 4.5310 -11.6552
        vertex -0.3648 4.4332 -11.6568
    endloop
endfacet
facet normal -4.5808 10.0000 -30.6581
    outer loop
        vertex -1.8925 4.6256 -11.9605
        vertex -0.3648 4.4332 -11.6568
        vertex -0.3552 4.3271 -11.6549
    endloop
endfacet
facet normal -4.6578 10.0000 -30.2707
    outer loop
        vertex -1.8925 4.6256 -11.9605
        vertex -0.3552 4.3271 -11.6549
        vertex -0.3404 4.2602 -11.6520
    endloop
endfacet
facet normal -4.6582 10.0000 -30.2689
    outer loop
        vertex -0.3404 4.2602 -11.6520
        vertex -0.3725 4.2046 -11.6584
        vertex -1.8925 4.6256 -11.9605
    endloop
endfacet
facet normal -4.6442 10.0000 -30.3393
    outer loop
        vertex -1.8925 4.6256 -11.9605
        vertex -0.3725 4.2046 -11.6584
        vertex -0.3981 4.1398 -11.6635
    endloop
endfacet
facet normal -4.6478 10.0000 -30.3211
    outer loop
        vertex -1.8925 4.6256 -11.9605
        vertex -0.3981 4.1398 -11.6635
        vertex -0.4122 4.0732 -11.6663
    endloop
endfacet
facet normal -4.7049 10.0000 -30.0340
    outer loop
        vertex -0.4122 4.0732 -11.6663
        vertex -0.4860 4.0598 -11.6809
        vertex -1.8925 4.6256 -11.9605
    endloop
endfacet
facet normal -4.6653 10.0000 -30.2329
    outer loop
        vertex -1.8925 4.6256 -11.9605
        vertex -0.4860 4.0598 -11.6809
        vertex -0.5725 4.0290 -11.6981
    endloop
endfacet
facet normal -4.6444 10.0000 -30.3383
    outer loop
        vertex -1.8925 4.6256 -11.9605
        vertex -0.5725 4.0290 -11.6981
        vertex -0.6526 3.9825 -11.7141
    endloop
endfacet
facet normal -4.6245 10.0000 -30.4386
    outer loop
        vertex -1.8925 4.6256 -11.9605
        vertex -0.6526 3.9825 -11.7141
        vertex -0.7260 3.9196 -11.7286
    endloop
endfacet
facet normal -4.6143 10.0000 -30.4896
    outer loop
        vertex -1.8925 4.6256 -11.9605
        vertex -0.7260 3.9196 -11.7286
        vertex -0.7879 3.8427 -11.7409
    endloop
endfacet
facet normal -4.7069 10.0000 -30.0236
    outer loop
        vertex -0.7879 3.8427 -11.7409
        vertex -0.8415 3.8275 -11.7516
        vertex -1.8925 4.6256 -11.9605
    endloop
endfacet
facet normal -4.6356 10.0000 -30.3824
    outer loop
        vertex -1.8925 4.6256 -11.9605
        vertex -0.8415 3.8275 -11.7516
        vertex -0.9323 3.7858 -11.7696
    endloop
endfacet
facet normal -4.5902 10.0000 -30.6108
    outer loop
        vertex -1.8925 4.6256 -11.9605
        vertex -0.9323 3.7858 -11.7696
        vertex -1.0323 3.7142 -11.7895
    endloop
endfacet
facet normal -4.6515 10.0000 -30.3024
    outer loop
        vertex -1.8925 4.6256 -11.9605
        vertex -1.0323 3.7142 -11.7895
        vertex -1.0894 3.6544 -11.8009
    endloop
endfacet
facet normal -4.6672 10.0000 -30.2238
    outer loop
        vertex -1.8925 4.6256 -11.9605
        vertex -1.0894 3.6544 -11.8009
        vertex -1.1317 3.5925 -11.8093
    endloop
endfacet
facet normal -4.6757 10.0000 -30.1807
    outer loop
        vertex -1.8925 4.6256 -11.9605
        vertex -1.1317 3.5925 -11.8093
        vertex -1.1627 3.5243 -11.8154
    endloop
endfacet
facet normal -4.6793 10.0000 -30.1625
    outer loop
        vertex -1.8925 4.6256 -11.9605
        vertex -1.1627 3.5243 -11.8154
        vertex -1.1820 3.4424 -11.8193
    endloop
endfacet
facet normal -4.5857 10.0000 -30.6337
    outer loop
        vertex -1.1820 3.4424 -11.8193
        vertex -1.2636 3.3580 -11.8355
        vertex -1.8925 4.6256 -11.9605
    endloop
endfacet
facet normal -4.6484 10.0000 -30.3182
    outer loop
        vertex -1.8925 4.6256 -11.9605
        vertex -1.2636 3.3580 -11.8355
        vertex -1.3096 3.2823 -11.8446
    endloop
endfacet
facet normal -4.7229 10.0000 -29.9433
    outer loop
        vertex -1.8925 4.6256 -11.9605
        vertex -1.3096 3.2823 -11.8446
        vertex -1.3268 3.2430 -11.8480
    endloop
endfacet
facet normal -4.6891 10.0000 -30.1135
    outer loop
        vertex -1.8925 4.6256 -11.9605
        vertex -1.3268 3.2430 -11.8480
        vertex -1.3487 3.1671 -11.8524
    endloop
endfacet
facet normal -4.7167 10.0000 -29.9744
    outer loop
        vertex -1.8925 4.6256 -11.9605
        vertex -1.3487 3.1671 -11.8524
        vertex -1.3565 3.0944 -11.8540
    endloop
endfacet
facet normal -4.7499 10.0000 -29.8072
    outer loop
        vertex -1.8925 4.6256 -11.9605
        vertex -1.3565 3.0944 -11.8540
        vertex -1.3544 3.0434 -11.8535
    endloop
endfacet
facet normal -4.6800 10.0000 -30.1592
    outer loop
        vertex -1.3544 3.0434 -11.8535
        vertex -1.3813 2.9729 -11.8589
        vertex -1.8925 4.6256 -11.9605
    endloop
endfacet
facet normal -4.7113 10.0000 -30.0015
    outer loop
        vertex -1.8925 4.6256 -11.9605
        vertex -1.3813 2.9729 -11.8589
        vertex -1.3854 2.8778 -11.8597
    endloop
endfacet
facet normal -4.3013 10.0000 -32.0645
    outer loop
        vertex -1.8925 4.6256 -11.9605
        vertex -1.3854 2.8778 -11.8597
        vertex -1.5006 2.5150 -11.8826
    endloop
endfacet
facet normal -4.6715 10.0000 -30.2021
    outer loop
        vertex -1.5006 2.5150 -11.8826
        vertex -1.5293 2.4468 -11.8883
        vertex -1.8925 4.6256 -11.9605
    endloop
endfacet
facet normal -4.7792 10.0000 -29.6600
    outer loop
        vertex -1.4210 2.0736 -11.8668
        vertex -1.3995 2.0841 -11.8625
        vertex -1.3732 2.0670 -11.8573
    endloop
endfacet
facet normal -4.7797 10.0000 -29.6576
    outer loop
        vertex -0.9317 2.0649 -11.7695
        vertex -0.9540 2.0619 -11.7740
        vertex -0.9745 2.0706 -11.7780
    endloop
endfacet
facet normal -4.7790 10.0000 -29.6610
    outer loop
        vertex -0.9745 2.0706 -11.7780
        vertex -0.9924 2.0916 -11.7816
        vertex -0.9317 2.0649 -11.7695
    endloop
endfacet
facet normal -4.7775 10.0000 -29.6685
    outer loop
        vertex -0.0711 3.8788 -11.5985
        vertex -0.0088 3.8150 -11.5861
        vertex 0.0420 3.7308 -11.5760
    endloop
endfacet
facet normal -4.7129 10.0000 -29.9938
    outer loop
        vertex 0.0420 3.7308 -11.5760
        vertex -0.2935 3.6918 -11.6427
        vertex -0.0711 3.8788 -11.5985
    endloop
endfacet
facet normal -4.7796 10.0000 -29.6582
    outer loop
        vertex -1.3732 2.0670 -11.8573
        vertex -1.3667 2.1154 -11.8560
        vertex -1.3571 2.1313 -11.8541
    endloop
endfacet
facet normal -4.7764 10.0000 -29.6740
    outer loop
        vertex -1.0193 2.2294 -11.7869
        vertex -0.9162 2.1499 -11.7664
        vertex -0.9074 2.1152 -11.7647
    endloop
endfacet
facet normal -4.7737 10.0000 -29.6879
    outer loop
        vertex -0.9074 2.1152 -11.7647
        vertex -1.0212 2.1857 -11.7873
        vertex -1.0193 2.2294 -11.7869
    endloop
endfacet
facet normal -4.7208 10.0000 -29.9537
    outer loop
        vertex -0.1634 4.2915 -11.6168
        vertex -0.0498 4.3836 -11.5942
        vertex -0.0475 3.9662 -11.5938
    endloop
endfacet
facet normal -4.7591 10.0000 -29.7612
    outer loop
        vertex -0.0475 3.9662 -11.5938
        vertex -0.1132 4.0056 -11.6068
        vertex -0.1634 4.2915 -11.6168
    endloop
endfacet
facet normal -4.7764 10.0000 -29.6741
    outer loop
        vertex -1.0741 2.3110 -11.7978
        vertex -1.0914 2.2314 -11.8013
        vertex -1.1303 2.2204 -11.8090
    endloop
endfacet
facet normal -4.7790 10.0000 -29.6611
    outer loop
        vertex -1.1303 2.2204 -11.8090
        vertex -1.1330 2.2304 -11.8095
        vertex -1.0741 2.3110 -11.7978
    endloop
endfacet
facet normal -4.7772 10.0000 -29.6702
    outer loop
        vertex -1.4561 2.1248 -11.8737
        vertex -1.4580 2.3050 -11.8741
        vertex -1.4434 2.1148 -11.8712
    endloop
endfacet
facet normal -4.7799 10.0000 -29.6564
    outer loop
        vertex -1.4434 2.1148 -11.8712
        vertex -1.4516 2.1166 -11.8728
        vertex -1.4561 2.1248 -11.8737
    endloop
endfacet
facet normal -4.7764 10.0000 -29.6740
    outer loop
        vertex -1.4366 1.9789 -11.8699
        vertex -1.4788 2.0222 -11.8782
        vertex -1.4595 2.0708 -11.8744
    endloop
endfacet
facet normal -4.7783 10.0000 -29.6645
    outer loop
        vertex -1.4595 2.0708 -11.8744
        vertex -1.4443 2.0692 -11.8714
        vertex -1.4366 1.9789 -11.8699
    endloop
endfacet
facet normal -4.7792 10.0000 -29.6599
    outer loop
        vertex -1.3818 2.0982 -11.8590
        vertex -1.3667 2.1154 -11.8560
        vertex -1.3732 2.0670 -11.8573
    endloop
endfacet
facet normal -4.7717 10.0000 -29.6977
    outer loop
        vertex -1.3935 2.1619 -11.8613
        vertex -1.4580 2.3050 -11.8741
        vertex -1.4469 2.3837 -11.8719
    endloop
endfacet
facet normal -4.7724 10.0000 -29.6942
    outer loop
        vertex -1.4469 2.3837 -11.8719
        vertex -1.3835 2.2347 -11.8593
        vertex -1.3935 2.1619 -11.8613
    endloop
endfacet
facet normal -4.7768 10.0000 -29.6720
    outer loop
        vertex -1.1429 2.2410 -11.8115
        vertex -1.1591 2.2471 -11.8147
        vertex -1.0980 2.3815 -11.8026
    endloop
endfacet
facet normal -4.7772 10.0000 -29.6701
    outer loop
        vertex -1.0980 2.3815 -11.8026
        vertex -1.0911 2.3527 -11.8012
        vertex -1.1429 2.2410 -11.8115
    endloop
endfacet
facet normal -4.7759 10.0000 -29.6769
    outer loop
        vertex -1.2130 2.2756 -11.8254
        vertex -1.0995 2.4092 -11.8029
        vertex -1.0980 2.3815 -11.8026
    endloop
endfacet
facet normal -4.7688 10.0000 -29.7121
    outer loop
        vertex -1.0980 2.3815 -11.8026
        vertex -1.1591 2.2471 -11.8147
        vertex -1.2130 2.2756 -11.8254
    endloop
endfacet
facet normal -4.7768 10.0000 -29.6719
    outer loop
        vertex -0.5783 2.8638 -11.6993
        vertex -0.6125 2.8283 -11.7061
        vertex -0.6264 2.8884 -11.7088
    endloop
endfacet
facet normal -4.7209 10.0000 -29.9535
    outer loop
        vertex -1.0979 2.4260 -11.8026
        vertex -1.2210 2.2836 -11.8270
        vertex -1.1628 2.7376 -11.8154
    endloop
endfacet
facet normal -4.7778 10.0000 -29.6671
    outer loop
        vertex -1.1628 2.7376 -11.8154
        vertex -1.0942 2.4353 -11.8018
        vertex -1.0979 2.4260 -11.8026
    endloop
endfacet
facet normal -4.7762 10.0000 -29.6751
    outer loop
        vertex -1.1796 3.2814 -11.8188
        vertex -1.2163 3.1414 -11.8261
        vertex -1.2428 3.1235 -11.8314
    endloop
endfacet
facet normal -4.7784 10.0000 -29.6640
    outer loop
        vertex -1.2428 3.1235 -11.8314
        vertex -1.2139 3.2160 -11.8256
        vertex -1.1796 3.2814 -11.8188
    endloop
endfacet
facet normal -4.7445 10.0000 -29.8345
    outer loop
        vertex -0.5130 3.0176 -11.6863
        vertex -0.7385 3.0607 -11.7311
        vertex -0.5182 3.1452 -11.6873
    endloop
endfacet
facet normal -4.7791 10.0000 -29.6607
    outer loop
        vertex -0.5182 3.1452 -11.6873
        vertex -0.5097 3.0806 -11.6856
        vertex -0.5130 3.0176 -11.6863
    endloop
endfacet
facet normal -4.7774 10.0000 -29.6692
    outer loop
        vertex -1.3256 2.0528 -11.8478
        vertex -1.3361 1.9415 -11.8499
        vertex -1.3573 1.9176 -11.8541
    endloop
endfacet
facet normal -4.7724 10.0000 -29.6943
    outer loop
        vertex -1.3573 1.9176 -11.8541
        vertex -1.3978 1.9381 -11.8622
        vertex -1.3256 2.0528 -11.8478
    endloop
endfacet
facet normal -4.7563 10.0000 -29.7754
    outer loop
        vertex -0.8745 3.4432 -11.7581
        vertex -0.9643 3.1802 -11.7760
        vertex -1.0341 3.1884 -11.7899
    endloop
endfacet
facet normal -4.7597 10.0000 -29.7583
    outer loop
        vertex -1.0341 3.1884 -11.7899
        vertex -0.9418 3.4383 -11.7715
        vertex -0.8745 3.4432 -11.7581
    endloop
endfacet
facet normal -4.7467 10.0000 -29.8236
    outer loop
        vertex -0.1718 3.4706 -11.6185
        vertex 0.0801 3.3955 -11.5684
        vertex 0.0596 3.2952 -11.5725
    endloop
endfacet
facet normal -4.7574 10.0000 -29.7695
    outer loop
        vertex 0.0596 3.2952 -11.5725
        vertex -0.1592 3.3825 -11.6160
        vertex -0.1718 3.4706 -11.6185
    endloop
endfacet
facet normal -4.7777 10.0000 -29.6677
    outer loop
        vertex -1.0159 3.4935 -11.7863
        vertex -1.0595 3.4768 -11.7949
        vertex -1.0363 3.5286 -11.7903
    endloop
endfacet
facet normal -4.7500 10.0000 -29.8068
    outer loop
        vertex -0.6579 3.7531 -11.7151
        vertex -0.6911 3.4674 -11.7217
        vertex -0.7719 3.4985 -11.7378
    endloop
endfacet
facet normal -4.7580 10.0000 -29.7669
    outer loop
        vertex -0.7719 3.4985 -11.7378
        vertex -0.7311 3.7451 -11.7297
        vertex -0.6579 3.7531 -11.7151
    endloop
endfacet
facet normal -4.7533 10.0000 -29.7902
    outer loop
        vertex -0.5886 3.7482 -11.7013
        vertex -0.5188 3.7299 -11.6874
        vertex -0.6911 3.4674 -11.7217
    endloop
endfacet
facet normal -4.7552 10.0000 -29.7807
    outer loop
        vertex -0.6911 3.4674 -11.7217
        vertex -0.6579 3.7531 -11.7151
        vertex -0.5886 3.7482 -11.7013
    endloop
endfacet
facet normal -4.7611 10.0000 -29.7512
    outer loop
        vertex -0.8844 3.6837 -11.7601
        vertex -0.8029 3.7243 -11.7439
        vertex -0.8526 3.5128 -11.7538
    endloop
endfacet
facet normal -4.7637 10.0000 -29.7382
    outer loop
        vertex -0.8526 3.5128 -11.7538
        vertex -0.9519 3.6329 -11.7735
        vertex -0.8844 3.6837 -11.7601
    endloop
endfacet
facet normal -4.7713 10.0000 -29.6997
    outer loop
        vertex -0.9355 3.5112 -11.7703
        vertex -1.0022 3.5794 -11.7835
        vertex -0.9519 3.6329 -11.7735
    endloop
endfacet
facet normal -4.7674 10.0000 -29.7192
    outer loop
        vertex -0.9519 3.6329 -11.7735
        vertex -0.8526 3.5128 -11.7538
        vertex -0.9355 3.5112 -11.7703
    endloop
endfacet
facet normal -4.7579 10.0000 -29.7671
    outer loop
        vertex -0.7719 3.4985 -11.7378
        vertex -0.8526 3.5128 -11.7538
        vertex -0.8029 3.7243 -11.7439
    endloop
endfacet
facet normal -4.7591 10.0000 -29.7612
    outer loop
        vertex -0.8029 3.7243 -11.7439
        vertex -0.7311 3.7451 -11.7297
        vertex -0.7719 3.4985 -11.7378
    endloop
endfacet
facet normal -4.7563 10.0000 -29.7753
    outer loop
        vertex 0.0801 3.3955 -11.5684
        vertex -0.1718 3.4706 -11.6185
        vertex -0.2000 3.5547 -11.6241
    endloop
endfacet
facet normal -4.7250 10.0000 -29.9327
    outer loop
        vertex -0.2000 3.5547 -11.6241
        vertex 0.0832 3.5518 -11.5678
        vertex 0.0801 3.3955 -11.5684
    endloop
endfacet
facet normal -4.7405 10.0000 -29.8550
    outer loop
        vertex -0.2409 3.6280 -11.6322
        vertex 0.0679 3.6536 -11.5708
        vertex 0.0832 3.5518 -11.5678
    endloop
endfacet
facet normal -4.7543 10.0000 -29.7851
    outer loop
        vertex 0.0832 3.5518 -11.5678
        vertex -0.2000 3.5547 -11.6241
        vertex -0.2409 3.6280 -11.6322
    endloop
endfacet
facet normal -4.7466 10.0000 -29.8242
    outer loop
        vertex -0.2935 3.6918 -11.6427
        vertex 0.0420 3.7308 -11.5760
        vertex 0.0679 3.6536 -11.5708
    endloop
endfacet
facet normal -4.7539 10.0000 -29.7875
    outer loop
        vertex 0.0679 3.6536 -11.5708
        vertex -0.2409 3.6280 -11.6322
        vertex -0.2935 3.6918 -11.6427
    endloop
endfacet
facet normal -4.7284 10.0000 -29.9156
    outer loop
        vertex -0.0711 3.8788 -11.5985
        vertex -0.2935 3.6918 -11.6427
        vertex -0.2121 3.9470 -11.6265
    endloop
endfacet
facet normal -4.7784 10.0000 -29.6639
    outer loop
        vertex -0.2121 3.9470 -11.6265
        vertex -0.1260 3.9143 -11.6094
        vertex -0.0711 3.8788 -11.5985
    endloop
endfacet
facet normal -4.7650 10.0000 -29.7315
    outer loop
        vertex -0.4370 3.7914 -11.6712
        vertex -0.5242 3.8216 -11.6885
        vertex -0.4669 3.9403 -11.6771
    endloop
endfacet
facet normal -4.7667 10.0000 -29.7230
    outer loop
        vertex -0.4669 3.9403 -11.6771
        vertex -0.3981 3.9561 -11.6635
        vertex -0.4370 3.7914 -11.6712
    endloop
endfacet
facet normal -4.7716 10.0000 -29.6981
    outer loop
        vertex -0.5242 3.8216 -11.6885
        vertex -0.5375 3.9116 -11.6912
        vertex -0.4669 3.9403 -11.6771
    endloop
endfacet
facet normal -4.7555 10.0000 -29.7792
    outer loop
        vertex -0.3981 3.9561 -11.6635
        vertex -0.3070 3.9614 -11.6454
        vertex -0.3525 3.7423 -11.6544
    endloop
endfacet
facet normal -4.7603 10.0000 -29.7549
    outer loop
        vertex -0.3525 3.7423 -11.6544
        vertex -0.4370 3.7914 -11.6712
        vertex -0.3981 3.9561 -11.6635
    endloop
endfacet
facet normal -4.7732 10.0000 -29.6902
    outer loop
        vertex -0.5931 3.8773 -11.7022
        vertex -0.5375 3.9116 -11.6912
        vertex -0.5242 3.8216 -11.6885
    endloop
endfacet
facet normal -4.7733 10.0000 -29.6897
    outer loop
        vertex -0.5242 3.8216 -11.6885
        vertex -0.6391 3.8364 -11.7114
        vertex -0.5931 3.8773 -11.7022
    endloop
endfacet
facet normal -4.7219 10.0000 -29.9483
    outer loop
        vertex -0.0498 4.3836 -11.5942
        vertex 0.0421 4.4391 -11.5760
        vertex 0.0136 3.9126 -11.5816
    endloop
endfacet
facet normal -4.7485 10.0000 -29.8147
    outer loop
        vertex 0.0136 3.9126 -11.5816
        vertex -0.0475 3.9662 -11.5938
        vertex -0.0498 4.3836 -11.5942
    endloop
endfacet
facet normal -4.6985 10.0000 -30.0661
    outer loop
        vertex 0.1429 3.9975 -11.5559
        vertex 0.0136 3.9126 -11.5816
        vertex 0.0421 4.4391 -11.5760
    endloop
endfacet
facet normal -4.7256 10.0000 -29.9298
    outer loop
        vertex 0.0421 4.4391 -11.5760
        vertex 0.1313 4.4827 -11.5582
        vertex 0.1429 3.9975 -11.5559
    endloop
endfacet
facet normal -4.7794 10.0000 -29.6590
    outer loop
        vertex -0.2938 4.0556 -11.6427
        vertex -0.2833 4.1062 -11.6406
        vertex -0.2632 4.1574 -11.6366
    endloop
endfacet
facet normal -4.7656 10.0000 -29.7284
    outer loop
        vertex -0.2632 4.1574 -11.6366
        vertex -0.1864 4.0339 -11.6214
        vertex -0.2938 4.0556 -11.6427
    endloop
endfacet
facet normal -4.7651 10.0000 -29.7308
    outer loop
        vertex -0.1132 4.0056 -11.6068
        vertex -0.1864 4.0339 -11.6214
        vertex -0.2296 4.2140 -11.6300
    endloop
endfacet
facet normal -4.7517 10.0000 -29.7985
    outer loop
        vertex -0.2296 4.2140 -11.6300
        vertex -0.1634 4.2915 -11.6168
        vertex -0.1132 4.0056 -11.6068
    endloop
endfacet
facet normal -4.7694 10.0000 -29.7091
    outer loop
        vertex -0.1864 4.0339 -11.6214
        vertex -0.2632 4.1574 -11.6366
        vertex -0.2296 4.2140 -11.6300
    endloop
endfacet
facet normal -4.7792 10.0000 -29.6602
    outer loop
        vertex -1.3995 2.0841 -11.8625
        vertex -1.3818 2.0982 -11.8590
        vertex -1.3732 2.0670 -11.8573
    endloop
endfacet
facet normal -4.7795 10.0000 -29.6583
    outer loop
        vertex -1.4443 2.0692 -11.8714
        vertex -1.4210 2.0736 -11.8668
        vertex -1.3732 2.0670 -11.8573
    endloop
endfacet
facet normal -4.7720 10.0000 -29.6960
    outer loop
        vertex -1.3732 2.0670 -11.8573
        vertex -1.4366 1.9789 -11.8699
        vertex -1.4443 2.0692 -11.8714
    endloop
endfacet
facet normal -4.7772 10.0000 -29.6703
    outer loop
        vertex -1.0169 2.1518 -11.7864
        vertex -0.8968 2.0906 -11.7626
        vertex -0.9103 2.0785 -11.7653
    endloop
endfacet
facet normal -4.7768 10.0000 -29.6722
    outer loop
        vertex -0.9103 2.0785 -11.7653
        vertex -1.0075 2.1210 -11.7846
        vertex -1.0169 2.1518 -11.7864
    endloop
endfacet
facet normal -4.7799 10.0000 -29.6565
    outer loop
        vertex -1.4136 2.1294 -11.8653
        vertex -1.4280 2.1197 -11.8682
        vertex -1.4434 2.1148 -11.8712
    endloop
endfacet
facet normal -4.7727 10.0000 -29.6928
    outer loop
        vertex -1.4434 2.1148 -11.8712
        vertex -1.4580 2.3050 -11.8741
        vertex -1.4136 2.1294 -11.8653
    endloop
endfacet
facet normal -4.7752 10.0000 -29.6799
    outer loop
        vertex -1.0911 2.3527 -11.8012
        vertex -1.0741 2.3110 -11.7978
        vertex -1.1330 2.2304 -11.8095
    endloop
endfacet
facet normal -4.7780 10.0000 -29.6663
    outer loop
        vertex -1.1330 2.2304 -11.8095
        vertex -1.1429 2.2410 -11.8115
        vertex -1.0911 2.3527 -11.8012
    endloop
endfacet
facet normal -4.7744 10.0000 -29.6844
    outer loop
        vertex -0.8709 2.4098 -11.7574
        vertex -1.0046 2.3343 -11.7840
        vertex -1.0310 2.3534 -11.7892
    endloop
endfacet
facet normal -4.7705 10.0000 -29.7037
    outer loop
        vertex -1.0310 2.3534 -11.7892
        vertex -0.8566 2.4625 -11.7546
        vertex -0.8709 2.4098 -11.7574
    endloop
endfacet
facet normal -4.7726 10.0000 -29.6931
    outer loop
        vertex -1.0310 2.3534 -11.7892
        vertex -0.8546 2.4978 -11.7542
        vertex -0.8566 2.4625 -11.7546
    endloop
endfacet
facet normal -4.7718 10.0000 -29.6971
    outer loop
        vertex -0.8546 2.4978 -11.7542
        vertex -1.0310 2.3534 -11.7892
        vertex -1.0477 2.3770 -11.7926
    endloop
endfacet
facet normal -4.7692 10.0000 -29.7103
    outer loop
        vertex -1.0477 2.3770 -11.7926
        vertex -0.8609 2.5388 -11.7554
        vertex -0.8546 2.4978 -11.7542
    endloop
endfacet
facet normal -4.7718 10.0000 -29.6971
    outer loop
        vertex -1.3561 2.3505 -11.8539
        vertex -1.4292 2.4382 -11.8684
        vertex -1.3995 2.4926 -11.8625
    endloop
endfacet
facet normal -4.7744 10.0000 -29.6843
    outer loop
        vertex -1.3995 2.4926 -11.8625
        vertex -1.3365 2.3909 -11.8500
        vertex -1.3561 2.3505 -11.8539
    endloop
endfacet
facet normal -4.7682 10.0000 -29.7154
    outer loop
        vertex -0.9051 2.6558 -11.7642
        vertex -1.1199 2.8084 -11.8069
        vertex -1.0909 2.8321 -11.8012
    endloop
endfacet
facet normal -4.7702 10.0000 -29.7052
    outer loop
        vertex -1.0909 2.8321 -11.8012
        vertex -0.8985 2.6920 -11.7629
        vertex -0.9051 2.6558 -11.7642
    endloop
endfacet
facet normal -4.7770 10.0000 -29.6710
    outer loop
        vertex -1.0165 2.8653 -11.7864
        vertex -0.9149 2.7892 -11.7662
        vertex -0.9029 2.7565 -11.7638
    endloop
endfacet
facet normal -4.7734 10.0000 -29.6891
    outer loop
        vertex -0.9029 2.7565 -11.7638
        vertex -1.0397 2.8408 -11.7910
        vertex -1.0165 2.8653 -11.7864
    endloop
endfacet
facet normal -4.7680 10.0000 -29.7164
    outer loop
        vertex -0.7398 2.9590 -11.7314
        vertex -0.7137 2.9102 -11.7262
        vertex -0.8450 2.7856 -11.7523
    endloop
endfacet
facet normal -4.7744 10.0000 -29.6841
    outer loop
        vertex -0.8450 2.7856 -11.7523
        vertex -0.8612 2.8017 -11.7555
        vertex -0.7398 2.9590 -11.7314
    endloop
endfacet
facet normal -4.7752 10.0000 -29.6800
    outer loop
        vertex -0.8375 2.7635 -11.7508
        vertex -0.8450 2.7856 -11.7523
        vertex -0.7137 2.9102 -11.7262
    endloop
endfacet
facet normal -4.7654 10.0000 -29.7296
    outer loop
        vertex -0.7137 2.9102 -11.7262
        vertex -0.6954 2.8368 -11.7226
        vertex -0.8375 2.7635 -11.7508
    endloop
endfacet
facet normal -4.7611 10.0000 -29.7512
    outer loop
        vertex -0.8246 3.0463 -11.7482
        vertex -0.7725 3.0006 -11.7379
        vertex -0.8952 2.8155 -11.7623
    endloop
endfacet
facet normal -4.7756 10.0000 -29.6783
    outer loop
        vertex -0.8952 2.8155 -11.7623
        vertex -0.9128 2.8086 -11.7658
        vertex -0.8246 3.0463 -11.7482
    endloop
endfacet
facet normal -4.7646 10.0000 -29.7334
    outer loop
        vertex -1.1870 2.8275 -11.8203
        vertex -1.2776 2.9044 -11.8383
        vertex -1.2476 3.0157 -11.8323
    endloop
endfacet
facet normal -4.7726 10.0000 -29.6934
    outer loop
        vertex -1.2476 3.0157 -11.8323
        vertex -1.1652 2.8584 -11.8159
        vertex -1.1870 2.8275 -11.8203
    endloop
endfacet
facet normal -4.7556 10.0000 -29.7786
    outer loop
        vertex -1.1933 3.0715 -11.8215
        vertex -1.1111 3.1099 -11.8052
        vertex -1.0762 2.8877 -11.7982
    endloop
endfacet
facet normal -4.7687 10.0000 -29.7130
    outer loop
        vertex -1.0762 2.8877 -11.7982
        vertex -1.1224 2.8823 -11.8074
        vertex -1.1933 3.0715 -11.8215
    endloop
endfacet
facet normal -4.7476 10.0000 -29.8190
    outer loop
        vertex -0.7385 3.0607 -11.7311
        vertex -0.8089 3.1158 -11.7451
        vertex -0.6425 3.3560 -11.7120
    endloop
endfacet
facet normal -4.7581 10.0000 -29.7662
    outer loop
        vertex -0.6425 3.3560 -11.7120
        vertex -0.5983 3.3082 -11.7033
        vertex -0.7385 3.0607 -11.7311
    endloop
endfacet
facet normal -4.7386 10.0000 -29.8642
    outer loop
        vertex -0.2785 3.1763 -11.6397
        vertex -0.4620 3.2109 -11.6762
        vertex -0.2480 3.3520 -11.6336
    endloop
endfacet
facet normal -4.7784 10.0000 -29.6642
    outer loop
        vertex -0.2480 3.3520 -11.6336
        vertex -0.2538 3.2760 -11.6348
        vertex -0.2785 3.1763 -11.6397
    endloop
endfacet
facet normal -4.7729 10.0000 -29.6917
    outer loop
        vertex -1.0363 3.5286 -11.7903
        vertex -1.0022 3.5794 -11.7835
        vertex -0.9355 3.5112 -11.7703
    endloop
endfacet
facet normal -4.7760 10.0000 -29.6759
    outer loop
        vertex -0.9355 3.5112 -11.7703
        vertex -1.0159 3.4935 -11.7863
        vertex -1.0363 3.5286 -11.7903
    endloop
endfacet
facet normal -4.7611 10.0000 -29.7511
    outer loop
        vertex -0.2935 3.6918 -11.6427
        vertex -0.3525 3.7423 -11.6544
        vertex -0.3070 3.9614 -11.6454
    endloop
endfacet
facet normal -4.7484 10.0000 -29.8147
    outer loop
        vertex -0.3070 3.9614 -11.6454
        vertex -0.2121 3.9470 -11.6265
        vertex -0.2935 3.6918 -11.6427
    endloop
endfacet
facet normal -4.7798 10.0000 -29.6569
    outer loop
        vertex -1.4252 1.8779 -11.8676
        vertex -1.4421 1.8808 -11.8710
        vertex -1.4524 1.8908 -11.8730
    endloop
endfacet
facet normal -4.7793 10.0000 -29.6596
    outer loop
        vertex -1.4524 1.8908 -11.8730
        vertex -1.4324 1.9024 -11.8690
        vertex -1.4252 1.8779 -11.8676
    endloop
endfacet
facet normal -4.7791 10.0000 -29.6604
    outer loop
        vertex -1.4252 1.8779 -11.8676
        vertex -1.4324 1.9024 -11.8690
        vertex -1.4101 1.9236 -11.8646
    endloop
endfacet
facet normal -4.7788 10.0000 -29.6621
    outer loop
        vertex -1.4101 1.9236 -11.8646
        vertex -1.4015 1.8847 -11.8629
        vertex -1.4252 1.8779 -11.8676
    endloop
endfacet
facet normal -4.7772 10.0000 -29.6700
    outer loop
        vertex -1.3978 1.9381 -11.8622
        vertex -1.3573 1.9176 -11.8541
        vertex -1.4015 1.8847 -11.8629
    endloop
endfacet
facet normal -4.7792 10.0000 -29.6598
    outer loop
        vertex -1.4015 1.8847 -11.8629
        vertex -1.4101 1.9236 -11.8646
        vertex -1.3978 1.9381 -11.8622
    endloop
endfacet
facet normal -4.7680 10.0000 -29.7164
    outer loop
        vertex -1.3361 1.9415 -11.8499
        vertex -1.3256 2.0528 -11.8478
        vertex -1.2189 2.2633 -11.8266
    endloop
endfacet
facet normal -4.7661 10.0000 -29.7260
    outer loop
        vertex -1.2189 2.2633 -11.8266
        vertex -1.2618 2.0499 -11.8351
        vertex -1.3361 1.9415 -11.8499
    endloop
endfacet
facet normal -4.7796 10.0000 -29.6578
    outer loop
        vertex -1.2287 1.9482 -11.8285
        vertex -1.2503 1.9312 -11.8329
        vertex -1.2855 1.9167 -11.8398
    endloop
endfacet
facet normal -4.7726 10.0000 -29.6933
    outer loop
        vertex -1.2855 1.9167 -11.8398
        vertex -1.1959 2.0716 -11.8220
        vertex -1.2287 1.9482 -11.8285
    endloop
endfacet
facet normal -4.7741 10.0000 -29.6854
    outer loop
        vertex -1.1959 2.0716 -11.8220
        vertex -1.1445 2.0578 -11.8118
        vertex -1.1979 1.9805 -11.8224
    endloop
endfacet
facet normal -4.7766 10.0000 -29.6731
    outer loop
        vertex -1.1979 1.9805 -11.8224
        vertex -1.2287 1.9482 -11.8285
        vertex -1.1959 2.0716 -11.8220
    endloop
endfacet
facet normal -4.7769 10.0000 -29.6716
    outer loop
        vertex -1.5048 1.9716 -11.8834
        vertex -1.4788 2.0222 -11.8782
        vertex -1.4615 1.9600 -11.8748
    endloop
endfacet
facet normal -4.7797 10.0000 -29.6576
    outer loop
        vertex -1.4615 1.9600 -11.8748
        vertex -1.4859 1.9605 -11.8797
        vertex -1.5048 1.9716 -11.8834
    endloop
endfacet
facet normal -4.7787 10.0000 -29.6627
    outer loop
        vertex -1.4467 1.9688 -11.8719
        vertex -1.4615 1.9600 -11.8748
        vertex -1.4788 2.0222 -11.8782
    endloop
endfacet
facet normal -4.7789 10.0000 -29.6614
    outer loop
        vertex -1.4788 2.0222 -11.8782
        vertex -1.4366 1.9789 -11.8699
        vertex -1.4467 1.9688 -11.8719
    endloop
endfacet
facet normal -4.7632 10.0000 -29.7407
    outer loop
        vertex -1.2130 2.2756 -11.8254
        vertex -1.1591 2.2471 -11.8147
        vertex -1.2618 2.0499 -11.8351
    endloop
endfacet
facet normal -4.7791 10.0000 -29.6605
    outer loop
        vertex -1.2618 2.0499 -11.8351
        vertex -1.2189 2.2633 -11.8266
        vertex -1.2130 2.2756 -11.8254
    endloop
endfacet
facet normal -4.7718 10.0000 -29.6972
    outer loop
        vertex -1.1959 2.0716 -11.8220
        vertex -1.1362 2.1892 -11.8102
        vertex -1.0984 2.1533 -11.8027
    endloop
endfacet
facet normal -4.7731 10.0000 -29.6907
    outer loop
        vertex -1.0984 2.1533 -11.8027
        vertex -1.1445 2.0578 -11.8118
        vertex -1.1959 2.0716 -11.8220
    endloop
endfacet
facet normal -4.7772 10.0000 -29.6699
    outer loop
        vertex -1.0075 2.1210 -11.7846
        vertex -0.9103 2.0785 -11.7653
        vertex -0.9317 2.0649 -11.7695
    endloop
endfacet
facet normal -4.7783 10.0000 -29.6647
    outer loop
        vertex -0.9317 2.0649 -11.7695
        vertex -0.9924 2.0916 -11.7816
        vertex -1.0075 2.1210 -11.7846
    endloop
endfacet
facet normal -4.7763 10.0000 -29.6745
    outer loop
        vertex -1.3498 2.1542 -11.8526
        vertex -1.3103 2.1747 -11.8448
        vertex -1.3732 2.0670 -11.8573
    endloop
endfacet
facet normal -4.7799 10.0000 -29.6567
    outer loop
        vertex -1.3732 2.0670 -11.8573
        vertex -1.3571 2.1313 -11.8541
        vertex -1.3498 2.1542 -11.8526
    endloop
endfacet
facet normal -4.7753 10.0000 -29.6798
    outer loop
        vertex -0.8968 2.0906 -11.7626
        vertex -1.0169 2.1518 -11.7864
        vertex -1.0212 2.1857 -11.7873
    endloop
endfacet
facet normal -4.7775 10.0000 -29.6688
    outer loop
        vertex -1.0212 2.1857 -11.7873
        vertex -0.9074 2.1152 -11.7647
        vertex -0.8968 2.0906 -11.7626
    endloop
endfacet
facet normal -4.7759 10.0000 -29.6768
    outer loop
        vertex -1.3990 2.1470 -11.8624
        vertex -1.4136 2.1294 -11.8653
        vertex -1.4580 2.3050 -11.8741
    endloop
endfacet
facet normal -4.7778 10.0000 -29.6669
    outer loop
        vertex -1.4580 2.3050 -11.8741
        vertex -1.3935 2.1619 -11.8613
        vertex -1.3990 2.1470 -11.8624
    endloop
endfacet
facet normal -4.7732 10.0000 -29.6904
    outer loop
        vertex -1.0070 2.2844 -11.7845
        vertex -0.9221 2.2192 -11.7676
        vertex -0.9162 2.1499 -11.7664
    endloop
endfacet
facet normal -4.7718 10.0000 -29.6975
    outer loop
        vertex -0.9162 2.1499 -11.7664
        vertex -1.0193 2.2294 -11.7869
        vertex -1.0070 2.2844 -11.7845
    endloop
endfacet
facet normal -4.7760 10.0000 -29.6760
    outer loop
        vertex -1.0914 2.2314 -11.8013
        vertex -1.0984 2.1533 -11.8027
        vertex -1.1362 2.1892 -11.8102
    endloop
endfacet
facet normal -4.7786 10.0000 -29.6632
    outer loop
        vertex -1.1362 2.1892 -11.8102
        vertex -1.1303 2.2204 -11.8090
        vertex -1.0914 2.2314 -11.8013
    endloop
endfacet
facet normal -4.7771 10.0000 -29.6708
    outer loop
        vertex -1.3328 2.2608 -11.8492
        vertex -1.3199 2.3162 -11.8467
        vertex -1.3103 2.1747 -11.8448
    endloop
endfacet
facet normal -4.7752 10.0000 -29.6802
    outer loop
        vertex -1.3103 2.1747 -11.8448
        vertex -1.3498 2.1542 -11.8526
        vertex -1.3328 2.2608 -11.8492
    endloop
endfacet
facet normal -4.7692 10.0000 -29.7104
    outer loop
        vertex -1.2999 2.3654 -11.8427
        vertex -1.2595 2.2683 -11.8347
        vertex -1.3103 2.1747 -11.8448
    endloop
endfacet
facet normal -4.7759 10.0000 -29.6766
    outer loop
        vertex -1.3103 2.1747 -11.8448
        vertex -1.3199 2.3162 -11.8467
        vertex -1.2999 2.3654 -11.8427
    endloop
endfacet
facet normal -4.7724 10.0000 -29.6942
    outer loop
        vertex -1.3835 2.2347 -11.8593
        vertex -1.4469 2.3837 -11.8719
        vertex -1.4292 2.4382 -11.8684
    endloop
endfacet
facet normal -4.7665 10.0000 -29.7239
    outer loop
        vertex -1.4292 2.4382 -11.8684
        vertex -1.3561 2.3505 -11.8539
        vertex -1.3835 2.2347 -11.8593
    endloop
endfacet
facet normal -4.7737 10.0000 -29.6875
    outer loop
        vertex -0.9221 2.2192 -11.7676
        vertex -1.0070 2.2844 -11.7845
        vertex -0.9892 2.3301 -11.7809
    endloop
endfacet
facet normal -4.7739 10.0000 -29.6867
    outer loop
        vertex -0.9892 2.3301 -11.7809
        vertex -0.9167 2.2836 -11.7665
        vertex -0.9221 2.2192 -11.7676
    endloop
endfacet
facet normal -4.7754 10.0000 -29.6789
    outer loop
        vertex -0.9892 2.3301 -11.7809
        vertex -0.9044 2.3263 -11.7641
        vertex -0.9167 2.2836 -11.7665
    endloop
endfacet
facet normal -4.7775 10.0000 -29.6684
    outer loop
        vertex -1.0995 2.4092 -11.8029
        vertex -1.2130 2.2756 -11.8254
        vertex -1.2210 2.2836 -11.8270
    endloop
endfacet
facet normal -4.7777 10.0000 -29.6675
    outer loop
        vertex -1.2210 2.2836 -11.8270
        vertex -1.0979 2.4260 -11.8026
        vertex -1.0995 2.4092 -11.8029
    endloop
endfacet
facet normal -4.7755 10.0000 -29.6789
    outer loop
        vertex -1.2595 2.2683 -11.8347
        vertex -1.2999 2.3654 -11.8427
        vertex -1.3436 2.5608 -11.8514
    endloop
endfacet
facet normal -4.7724 10.0000 -29.6943
    outer loop
        vertex -1.3436 2.5608 -11.8514
        vertex -1.2429 2.2834 -11.8314
        vertex -1.2595 2.2683 -11.8347
    endloop
endfacet
facet normal -4.7796 10.0000 -29.6579
    outer loop
        vertex -0.9044 2.3263 -11.7641
        vertex -0.9892 2.3301 -11.7809
        vertex -1.0046 2.3343 -11.7840
    endloop
endfacet
facet normal -4.7693 10.0000 -29.7099
    outer loop
        vertex -1.0046 2.3343 -11.7840
        vertex -0.8709 2.4098 -11.7574
        vertex -0.9044 2.3263 -11.7641
    endloop
endfacet
facet normal -4.7676 10.0000 -29.7184
    outer loop
        vertex -1.3365 2.3909 -11.8500
        vertex -1.3995 2.4926 -11.8625
        vertex -1.3436 2.5608 -11.8514
    endloop
endfacet
facet normal -4.7725 10.0000 -29.6938
    outer loop
        vertex -1.3436 2.5608 -11.8514
        vertex -1.2999 2.3654 -11.8427
        vertex -1.3365 2.3909 -11.8500
    endloop
endfacet
facet normal -4.7749 10.0000 -29.6816
    outer loop
        vertex -1.2210 2.2836 -11.8270
        vertex -1.2310 2.2868 -11.8290
        vertex -1.2017 2.6869 -11.8232
    endloop
endfacet
facet normal -4.7617 10.0000 -29.7480
    outer loop
        vertex -1.2017 2.6869 -11.8232
        vertex -1.1628 2.7376 -11.8154
        vertex -1.2210 2.2836 -11.8270
    endloop
endfacet
facet normal -4.7154 10.0000 -29.9813
    outer loop
        vertex -1.2429 2.2834 -11.8314
        vertex -1.3436 2.5608 -11.8514
        vertex -1.2017 2.6869 -11.8232
    endloop
endfacet
facet normal -4.7742 10.0000 -29.6850
    outer loop
        vertex -1.2017 2.6869 -11.8232
        vertex -1.2310 2.2868 -11.8290
        vertex -1.2429 2.2834 -11.8314
    endloop
endfacet
facet normal -4.7672 10.0000 -29.7205
    outer loop
        vertex -1.0477 2.3770 -11.7926
        vertex -1.0656 2.4162 -11.7961
        vertex -0.8982 2.6249 -11.7629
    endloop
endfacet
facet normal -4.7525 10.0000 -29.7942
    outer loop
        vertex -0.8982 2.6249 -11.7629
        vertex -0.8609 2.5388 -11.7554
        vertex -1.0477 2.3770 -11.7926
    endloop
endfacet
facet normal -4.6896 10.0000 -30.1110
    outer loop
        vertex -1.0803 2.4358 -11.7991
        vertex -1.1472 2.7660 -11.8124
        vertex -0.8982 2.6249 -11.7629
    endloop
endfacet
facet normal -4.7721 10.0000 -29.6956
    outer loop
        vertex -0.8982 2.6249 -11.7629
        vertex -1.0656 2.4162 -11.7961
        vertex -1.0803 2.4358 -11.7991
    endloop
endfacet
facet normal -4.7730 10.0000 -29.6910
    outer loop
        vertex -1.1199 2.8084 -11.8069
        vertex -0.9051 2.6558 -11.7642
        vertex -0.8982 2.6249 -11.7629
    endloop
endfacet
facet normal -4.7621 10.0000 -29.7461
    outer loop
        vertex -0.8982 2.6249 -11.7629
        vertex -1.1472 2.7660 -11.8124
        vertex -1.1199 2.8084 -11.8069
    endloop
endfacet
facet normal -4.7717 10.0000 -29.6975
    outer loop
        vertex -1.0942 2.4353 -11.8018
        vertex -1.1628 2.7376 -11.8154
        vertex -1.1472 2.7660 -11.8124
    endloop
endfacet
facet normal -4.7743 10.0000 -29.6848
    outer loop
        vertex -1.1472 2.7660 -11.8124
        vertex -1.0803 2.4358 -11.7991
        vertex -1.0942 2.4353 -11.8018
    endloop
endfacet
facet normal -4.7730 10.0000 -29.6913
    outer loop
        vertex -0.8985 2.6920 -11.7629
        vertex -1.0909 2.8321 -11.8012
        vertex -1.0624 2.8407 -11.7955
    endloop
endfacet
facet normal -4.7713 10.0000 -29.6998
    outer loop
        vertex -1.0624 2.8407 -11.7955
        vertex -0.8960 2.7324 -11.7624
        vertex -0.8985 2.6920 -11.7629
    endloop
endfacet
facet normal -4.7776 10.0000 -29.6681
    outer loop
        vertex -1.0624 2.8407 -11.7955
        vertex -1.0397 2.8408 -11.7910
        vertex -0.9029 2.7565 -11.7638
    endloop
endfacet
facet normal -4.7759 10.0000 -29.6764
    outer loop
        vertex -0.9029 2.7565 -11.7638
        vertex -0.8960 2.7324 -11.7624
        vertex -1.0624 2.8407 -11.7955
    endloop
endfacet
facet normal -4.7731 10.0000 -29.6908
    outer loop
        vertex -0.7010 2.7444 -11.7237
        vertex -0.7332 2.6735 -11.7301
        vertex -0.8259 2.6420 -11.7485
    endloop
endfacet
facet normal -4.7715 10.0000 -29.6987
    outer loop
        vertex -0.8259 2.6420 -11.7485
        vertex -0.8361 2.6883 -11.7505
        vertex -0.7010 2.7444 -11.7237
    endloop
endfacet
facet normal -4.7758 10.0000 -29.6769
    outer loop
        vertex -0.8083 2.6118 -11.7450
        vertex -0.8259 2.6420 -11.7485
        vertex -0.7332 2.6735 -11.7301
    endloop
endfacet
facet normal -4.7793 10.0000 -29.6594
    outer loop
        vertex -0.7332 2.6735 -11.7301
        vertex -0.7798 2.6280 -11.7393
        vertex -0.8083 2.6118 -11.7450
    endloop
endfacet
facet normal -4.7649 10.0000 -29.7321
    outer loop
        vertex -0.6954 2.8368 -11.7226
        vertex -0.7010 2.7444 -11.7237
        vertex -0.8361 2.6883 -11.7505
    endloop
endfacet
facet normal -4.7666 10.0000 -29.7234
    outer loop
        vertex -0.8361 2.6883 -11.7505
        vertex -0.8375 2.7635 -11.7508
        vertex -0.6954 2.8368 -11.7226
    endloop
endfacet
facet normal -4.7779 10.0000 -29.6665
    outer loop
        vertex -1.2208 2.7770 -11.8270
        vertex -1.2579 2.8306 -11.8343
        vertex -1.2776 2.9044 -11.8383
    endloop
endfacet
facet normal -4.7711 10.0000 -29.7008
    outer loop
        vertex -1.2776 2.9044 -11.8383
        vertex -1.1870 2.8275 -11.8203
        vertex -1.2208 2.7770 -11.8270
    endloop
endfacet
facet normal -4.7701 10.0000 -29.7059
    outer loop
        vertex -0.8612 2.8017 -11.7555
        vertex -0.8952 2.8155 -11.7623
        vertex -0.7725 3.0006 -11.7379
    endloop
endfacet
facet normal -4.7673 10.0000 -29.7198
    outer loop
        vertex -0.7725 3.0006 -11.7379
        vertex -0.7398 2.9590 -11.7314
        vertex -0.8612 2.8017 -11.7555
    endloop
endfacet
facet normal -4.7637 10.0000 -29.7381
    outer loop
        vertex -1.1652 2.8584 -11.8159
        vertex -1.2476 3.0157 -11.8323
        vertex -1.1933 3.0715 -11.8215
    endloop
endfacet
facet normal -4.7678 10.0000 -29.7172
    outer loop
        vertex -1.1933 3.0715 -11.8215
        vertex -1.1224 2.8823 -11.8074
        vertex -1.1652 2.8584 -11.8159
    endloop
endfacet
facet normal -4.7346 10.0000 -29.8842
    outer loop
        vertex -0.8246 3.0463 -11.7482
        vertex -0.9128 2.8086 -11.7658
        vertex -0.9549 3.1090 -11.7741
    endloop
endfacet
facet normal -4.7789 10.0000 -29.6617
    outer loop
        vertex -0.9549 3.1090 -11.7741
        vertex -0.8943 3.0868 -11.7621
        vertex -0.8246 3.0463 -11.7482
    endloop
endfacet
facet normal -4.7434 10.0000 -29.8400
    outer loop
        vertex -0.9149 2.7892 -11.7662
        vertex -1.0165 2.8653 -11.7864
        vertex -0.9549 3.1090 -11.7741
    endloop
endfacet
facet normal -4.7782 10.0000 -29.6652
    outer loop
        vertex -0.9549 3.1090 -11.7741
        vertex -0.9128 2.8086 -11.7658
        vertex -0.9149 2.7892 -11.7662
    endloop
endfacet
facet normal -4.7725 10.0000 -29.6940
    outer loop
        vertex -1.0165 2.8653 -11.7864
        vertex -1.0403 2.8794 -11.7911
        vertex -1.0147 3.1194 -11.7860
    endloop
endfacet
facet normal -4.7611 10.0000 -29.7511
    outer loop
        vertex -1.0147 3.1194 -11.7860
        vertex -0.9549 3.1090 -11.7741
        vertex -1.0165 2.8653 -11.7864
    endloop
endfacet
facet normal -4.7690 10.0000 -29.7112
    outer loop
        vertex -1.0147 3.1194 -11.7860
        vertex -1.0403 2.8794 -11.7911
        vertex -1.0762 2.8877 -11.7982
    endloop
endfacet
facet normal -4.7530 10.0000 -29.7919
    outer loop
        vertex -1.0762 2.8877 -11.7982
        vertex -1.1111 3.1099 -11.8052
        vertex -1.0147 3.1194 -11.7860
    endloop
endfacet
facet normal -4.7773 10.0000 -29.6696
    outer loop
        vertex -0.5783 2.8638 -11.6993
        vertex -0.6264 2.8884 -11.7088
        vertex -0.6510 2.9465 -11.7137
    endloop
endfacet
facet normal -4.7735 10.0000 -29.6888
    outer loop
        vertex -0.6510 2.9465 -11.7137
        vertex -0.5510 2.9050 -11.6939
        vertex -0.5783 2.8638 -11.6993
    endloop
endfacet
facet normal -4.7680 10.0000 -29.7166
    outer loop
        vertex -0.6886 3.0053 -11.7212
        vertex -0.5273 2.9582 -11.6891
        vertex -0.5510 2.9050 -11.6939
    endloop
endfacet
facet normal -4.7746 10.0000 -29.6830
    outer loop
        vertex -0.5510 2.9050 -11.6939
        vertex -0.6510 2.9465 -11.7137
        vertex -0.6886 3.0053 -11.7212
    endloop
endfacet
facet normal -4.7626 10.0000 -29.7436
    outer loop
        vertex -0.7385 3.0607 -11.7311
        vertex -0.5130 3.0176 -11.6863
        vertex -0.5273 2.9582 -11.6891
    endloop
endfacet
facet normal -4.7718 10.0000 -29.6972
    outer loop
        vertex -0.5273 2.9582 -11.6891
        vertex -0.6886 3.0053 -11.7212
        vertex -0.7385 3.0607 -11.7311
    endloop
endfacet
facet normal -4.7762 10.0000 -29.6751
    outer loop
        vertex -0.4338 3.0443 -11.6706
        vertex -0.3671 3.0120 -11.6573
        vertex -0.3968 2.9806 -11.6632
    endloop
endfacet
facet normal -4.7751 10.0000 -29.6809
    outer loop
        vertex -0.3968 2.9806 -11.6632
        vertex -0.4434 2.9532 -11.6725
        vertex -0.4338 3.0443 -11.6706
    endloop
endfacet
facet normal -4.7579 10.0000 -29.7670
    outer loop
        vertex -0.2577 2.9928 -11.6356
        vertex -0.1897 3.1542 -11.6221
        vertex -0.1237 3.0497 -11.6089
    endloop
endfacet
facet normal -4.7790 10.0000 -29.6608
    outer loop
        vertex -0.1237 3.0497 -11.6089
        vertex -0.1954 3.0135 -11.6232
        vertex -0.2577 2.9928 -11.6356
    endloop
endfacet
facet normal -4.7592 10.0000 -29.7608
    outer loop
        vertex -0.5404 3.2128 -11.6917
        vertex -0.5182 3.1452 -11.6873
        vertex -0.7385 3.0607 -11.7311
    endloop
endfacet
facet normal -4.7456 10.0000 -29.8292
    outer loop
        vertex -0.7385 3.0607 -11.7311
        vertex -0.5983 3.3082 -11.7033
        vertex -0.5404 3.2128 -11.6917
    endloop
endfacet
facet normal -4.7659 10.0000 -29.7271
    outer loop
        vertex -0.4406 3.1307 -11.6719
        vertex -0.3176 3.0869 -11.6475
        vertex -0.3671 3.0120 -11.6573
    endloop
endfacet
facet normal -4.7731 10.0000 -29.6906
    outer loop
        vertex -0.3671 3.0120 -11.6573
        vertex -0.4338 3.0443 -11.6706
        vertex -0.4406 3.1307 -11.6719
    endloop
endfacet
facet normal -4.7573 10.0000 -29.7701
    outer loop
        vertex -0.1237 3.0497 -11.6089
        vertex -0.1897 3.1542 -11.6221
        vertex -0.0125 3.1504 -11.5868
    endloop
endfacet
facet normal -4.7787 10.0000 -29.6625
    outer loop
        vertex -0.0125 3.1504 -11.5868
        vertex -0.0638 3.0946 -11.5970
        vertex -0.1237 3.0497 -11.6089
    endloop
endfacet
facet normal -4.7651 10.0000 -29.7310
    outer loop
        vertex 0.0289 3.2172 -11.5786
        vertex -0.0125 3.1504 -11.5868
        vertex -0.1897 3.1542 -11.6221
    endloop
endfacet
facet normal -4.7496 10.0000 -29.8091
    outer loop
        vertex -0.1897 3.1542 -11.6221
        vertex -0.1633 3.2738 -11.6168
        vertex 0.0289 3.2172 -11.5786
    endloop
endfacet
facet normal -4.7579 10.0000 -29.7670
    outer loop
        vertex -0.4620 3.2109 -11.6762
        vertex -0.2785 3.1763 -11.6397
        vertex -0.3176 3.0869 -11.6475
    endloop
endfacet
facet normal -4.7689 10.0000 -29.7118
    outer loop
        vertex -0.3176 3.0869 -11.6475
        vertex -0.4406 3.1307 -11.6719
        vertex -0.4620 3.2109 -11.6762
    endloop
endfacet
facet normal -4.7688 10.0000 -29.7122
    outer loop
        vertex -1.1357 3.3370 -11.8101
        vertex -1.1591 3.1688 -11.8147
        vertex -1.2163 3.1414 -11.8261
    endloop
endfacet
facet normal -4.7749 10.0000 -29.6816
    outer loop
        vertex -1.2163 3.1414 -11.8261
        vertex -1.1796 3.2814 -11.8188
        vertex -1.1357 3.3370 -11.8101
    endloop
endfacet
facet normal -4.7711 10.0000 -29.7010
    outer loop
        vertex -1.1591 3.1688 -11.8147
        vertex -1.1357 3.3370 -11.8101
        vertex -1.0871 3.3790 -11.8004
    endloop
endfacet
facet normal -4.7665 10.0000 -29.7237
    outer loop
        vertex -1.0871 3.3790 -11.8004
        vertex -1.1024 3.1837 -11.8034
        vertex -1.1591 3.1688 -11.8147
    endloop
endfacet
facet normal -4.7479 10.0000 -29.8174
    outer loop
        vertex -0.8089 3.1158 -11.7451
        vertex -0.8891 3.1574 -11.7611
        vertex -0.8049 3.4356 -11.7443
    endloop
endfacet
facet normal -4.7529 10.0000 -29.7925
    outer loop
        vertex -0.8049 3.4356 -11.7443
        vertex -0.7368 3.4150 -11.7308
        vertex -0.8089 3.1158 -11.7451
    endloop
endfacet
facet normal -4.7397 10.0000 -29.8590
    outer loop
        vertex -0.6425 3.3560 -11.7120
        vertex -0.8089 3.1158 -11.7451
        vertex -0.7368 3.4150 -11.7308
    endloop
endfacet
facet normal -4.7793 10.0000 -29.6594
    outer loop
        vertex -0.7368 3.4150 -11.7308
        vertex -0.6837 3.3876 -11.7202
        vertex -0.6425 3.3560 -11.7120
    endloop
endfacet
facet normal -4.7558 10.0000 -29.7779
    outer loop
        vertex -0.5027 3.2946 -11.6843
        vertex -0.2549 3.4271 -11.6350
        vertex -0.2480 3.3520 -11.6336
    endloop
endfacet
facet normal -4.7506 10.0000 -29.8039
    outer loop
        vertex -0.2480 3.3520 -11.6336
        vertex -0.4620 3.2109 -11.6762
        vertex -0.5027 3.2946 -11.6843
    endloop
endfacet
facet normal -4.7564 10.0000 -29.7746
    outer loop
        vertex -0.9643 3.1802 -11.7760
        vertex -0.8745 3.4432 -11.7581
        vertex -0.8049 3.4356 -11.7443
    endloop
endfacet
facet normal -4.7516 10.0000 -29.7987
    outer loop
        vertex -0.8049 3.4356 -11.7443
        vertex -0.8891 3.1574 -11.7611
        vertex -0.9643 3.1802 -11.7760
    endloop
endfacet
facet normal -4.7539 10.0000 -29.7871
    outer loop
        vertex -0.9756 3.4310 -11.7782
        vertex -1.1024 3.1837 -11.8034
        vertex -1.0871 3.3790 -11.8004
    endloop
endfacet
facet normal -4.7792 10.0000 -29.6603
    outer loop
        vertex -1.0871 3.3790 -11.8004
        vertex -1.0340 3.4099 -11.7898
        vertex -0.9756 3.4310 -11.7782
    endloop
endfacet
facet normal -4.7707 10.0000 -29.7025
    outer loop
        vertex -1.1024 3.1837 -11.8034
        vertex -0.9756 3.4310 -11.7782
        vertex -0.9418 3.4383 -11.7715
    endloop
endfacet
facet normal -4.7594 10.0000 -29.7598
    outer loop
        vertex -0.9418 3.4383 -11.7715
        vertex -1.0341 3.1884 -11.7899
        vertex -1.1024 3.1837 -11.8034
    endloop
endfacet
facet normal -4.7592 10.0000 -29.7606
    outer loop
        vertex 0.0596 3.2952 -11.5725
        vertex 0.0289 3.2172 -11.5786
        vertex -0.1633 3.2738 -11.6168
    endloop
endfacet
facet normal -4.7500 10.0000 -29.8068
    outer loop
        vertex -0.1633 3.2738 -11.6168
        vertex -0.1592 3.3825 -11.6160
        vertex 0.0596 3.2952 -11.5725
    endloop
endfacet
facet normal -4.7550 10.0000 -29.7820
    outer loop
        vertex -0.5623 3.3719 -11.6961
        vertex -0.2993 3.5470 -11.6438
        vertex -0.2717 3.4888 -11.6383
    endloop
endfacet
facet normal -4.7464 10.0000 -29.8250
    outer loop
        vertex -0.2549 3.4271 -11.6350
        vertex -0.5027 3.2946 -11.6843
        vertex -0.5623 3.3719 -11.6961
    endloop
endfacet
facet normal -4.7553 10.0000 -29.7803
    outer loop
        vertex -0.5623 3.3719 -11.6961
        vertex -0.2717 3.4888 -11.6383
        vertex -0.2549 3.4271 -11.6350
    endloop
endfacet
facet normal -4.7548 10.0000 -29.7829
    outer loop
        vertex -0.6173 3.4212 -11.7070
        vertex -0.4504 3.6970 -11.6739
        vertex -0.3989 3.6604 -11.6636
    endloop
endfacet
facet normal -4.7503 10.0000 -29.8055
    outer loop
        vertex -0.3989 3.6604 -11.6636
        vertex -0.5623 3.3719 -11.6961
        vertex -0.6173 3.4212 -11.7070
    endloop
endfacet
facet normal -4.7213 10.0000 -29.9513
    outer loop
        vertex -0.2993 3.5470 -11.6438
        vertex -0.5623 3.3719 -11.6961
        vertex -0.3989 3.6604 -11.6636
    endloop
endfacet
facet normal -4.7788 10.0000 -29.6620
    outer loop
        vertex -0.3989 3.6604 -11.6636
        vertex -0.3391 3.6020 -11.6517
        vertex -0.2993 3.5470 -11.6438
    endloop
endfacet
facet normal -4.7507 10.0000 -29.8036
    outer loop
        vertex -0.6911 3.4674 -11.7217
        vertex -0.5188 3.7299 -11.6874
        vertex -0.4504 3.6970 -11.6739
    endloop
endfacet
facet normal -4.7451 10.0000 -29.8314
    outer loop
        vertex -0.4504 3.6970 -11.6739
        vertex -0.6173 3.4212 -11.7070
        vertex -0.6911 3.4674 -11.7217
    endloop
endfacet
facet normal -4.7714 10.0000 -29.6991
    outer loop
        vertex 0.1014 3.7889 -11.5642
        vertex 0.0734 3.8436 -11.5698
        vertex 0.1667 3.9076 -11.5512
    endloop
endfacet
facet normal -4.7581 10.0000 -29.7661
    outer loop
        vertex 0.0295 3.0590 -11.5785
        vertex 0.0867 3.1468 -11.5671
        vertex 0.1667 2.9614 -11.5512
    endloop
endfacet
facet normal -4.7700 10.0000 -29.7061
    outer loop
        vertex 0.0295 3.0590 -11.5785
        vertex 0.1667 2.9614 -11.5512
        vertex 0.0608 2.9784 -11.5723
    endloop
endfacet
facet normal -4.7725 10.0000 -29.6937
    outer loop
        vertex 0.0608 2.9784 -11.5723
        vertex -0.0235 3.0029 -11.5890
        vertex 0.0295 3.0590 -11.5785
    endloop
endfacet
facet normal -4.7596 10.0000 -29.7585
    outer loop
        vertex 0.1667 2.9614 -11.5512
        vertex 0.0867 3.1468 -11.5671
        vertex 0.1312 3.2488 -11.5583
    endloop
endfacet
facet normal -4.7789 10.0000 -29.6617
    outer loop
        vertex 0.1312 3.2488 -11.5583
        vertex 0.1527 3.3218 -11.5540
        vertex 0.1667 3.3267 -11.5512
    endloop
endfacet
facet normal -4.7639 10.0000 -29.7371
    outer loop
        vertex 0.1667 3.3267 -11.5512
        vertex 0.1667 2.9614 -11.5512
        vertex 0.1312 3.2488 -11.5583
    endloop
endfacet
facet normal -4.7611 10.0000 -29.7513
    outer loop
        vertex 0.1513 3.6460 -11.5543
        vertex 0.1014 3.7889 -11.5642
        vertex 0.1667 3.9076 -11.5512
    endloop
endfacet
facet normal -4.7732 10.0000 -29.6902
    outer loop
        vertex 0.1667 3.5522 -11.5512
        vertex 0.1513 3.6460 -11.5543
        vertex 0.1667 3.9076 -11.5512
    endloop
endfacet
facet normal -4.7586 10.0000 -29.7638
    outer loop
        vertex 0.1313 4.4827 -11.5582
        vertex 0.1667 4.4949 -11.5512
        vertex 0.1667 4.0076 -11.5512
    endloop
endfacet
facet normal -4.7655 10.0000 -29.7289
    outer loop
        vertex 0.1667 4.0076 -11.5512
        vertex 0.1429 3.9975 -11.5559
        vertex 0.1313 4.4827 -11.5582
    endloop
endfacet
facet normal -6.4831 3.5000 -30.1409
    outer loop
        vertex -3.1951 1.4000 -12.0472
        vertex -2.5964 0.8000 -12.0077
        vertex -2.6746 0.8052 -12.0129
    endloop
endfacet
facet normal -6.4842 3.5000 -30.1240
    outer loop
        vertex -2.6746 0.8052 -12.0129
        vertex -3.1900 1.3217 -12.0468
        vertex -3.1951 1.4000 -12.0472
    endloop
endfacet
facet normal -6.4853 3.5000 -30.1076
    outer loop
        vertex -3.1900 1.3217 -12.0468
        vertex -2.6746 0.8052 -12.0129
        vertex -2.7514 0.8205 -12.0179
    endloop
endfacet
facet normal -6.4863 3.5000 -30.0918
    outer loop
        vertex -2.7514 0.8205 -12.0179
        vertex -3.1747 1.2447 -12.0458
        vertex -3.1900 1.3217 -12.0468
    endloop
endfacet
facet normal -6.4873 3.5000 -30.0771
    outer loop
        vertex -3.1747 1.2447 -12.0458
        vertex -2.7514 0.8205 -12.0179
        vertex -2.8256 0.8457 -12.0228
    endloop
endfacet
facet normal -6.4882 3.5000 -30.0635
    outer loop
        vertex -2.8256 0.8457 -12.0228
        vertex -3.1496 1.1704 -12.0442
        vertex -3.1747 1.2447 -12.0458
    endloop
endfacet
facet normal -6.4890 3.5000 -30.0514
    outer loop
        vertex -3.1496 1.1704 -12.0442
        vertex -2.8256 0.8457 -12.0228
        vertex -2.8958 0.8804 -12.0274
    endloop
endfacet
facet normal -6.4897 3.5000 -30.0410
    outer loop
        vertex -2.8958 0.8804 -12.0274
        vertex -3.1149 1.1000 -12.0419
        vertex -3.1496 1.1704 -12.0442
    endloop
endfacet
facet normal -6.4902 3.5000 -30.0325
    outer loop
        vertex -3.1149 1.1000 -12.0419
        vertex -2.8958 0.8804 -12.0274
        vertex -2.9609 0.9240 -12.0317
    endloop
endfacet
facet normal -6.4907 3.5000 -30.0260
    outer loop
        vertex -2.9609 0.9240 -12.0317
        vertex -3.0715 1.0347 -12.0390
        vertex -3.1149 1.1000 -12.0419
    endloop
endfacet
facet normal -6.4910 3.5000 -30.0215
    outer loop
        vertex -3.0715 1.0347 -12.0390
        vertex -2.9609 0.9240 -12.0317
        vertex -3.0198 0.9757 -12.0356
    endloop
endfacet
facet normal -6.4991 16.5000 -29.8977
    outer loop
        vertex -3.1951 6.6000 -12.0472
        vertex -2.6746 7.1948 -12.0129
        vertex -2.5964 7.2000 -12.0077
    endloop
endfacet
facet normal -6.4980 16.5000 -29.9146
    outer loop
        vertex -2.6746 7.1948 -12.0129
        vertex -3.1951 6.6000 -12.0472
        vertex -3.1900 6.6783 -12.0468
    endloop
endfacet
facet normal -6.4969 16.5000 -29.9310
    outer loop
        vertex -3.1900 6.6783 -12.0468
        vertex -2.7514 7.1795 -12.0179
        vertex -2.6746 7.1948 -12.0129
    endloop
endfacet
facet normal -6.4959 16.5000 -29.9468
    outer loop
        vertex -2.7514 7.1795 -12.0179
        vertex -3.1900 6.6783 -12.0468
        vertex -3.1747 6.7553 -12.0458
    endloop
endfacet
facet normal -6.4949 16.5000 -29.9615
    outer loop
        vertex -3.1747 6.7553 -12.0458
        vertex -2.8256 7.1543 -12.0228
        vertex -2.7514 7.1795 -12.0179
    endloop
endfacet
facet normal -6.4940 16.5000 -29.9751
    outer loop
        vertex -2.8256 7.1543 -12.0228
        vertex -3.1747 6.7553 -12.0458
        vertex -3.1496 6.8296 -12.0442
    endloop
endfacet
facet normal -6.4932 16.5000 -29.9872
    outer loop
        vertex -3.1496 6.8296 -12.0442
        vertex -2.8958 7.1196 -12.0274
        vertex -2.8256 7.1543 -12.0228
    endloop
endfacet
facet normal -6.4925 16.5000 -29.9976
    outer loop
        vertex -2.8958 7.1196 -12.0274
        vertex -3.1496 6.8296 -12.0442
        vertex -3.1149 6.9000 -12.0419
    endloop
endfacet
facet normal -6.4920 16.5000 -30.0061
    outer loop
        vertex -3.1149 6.9000 -12.0419
        vertex -2.9609 7.0760 -12.0317
        vertex -2.8958 7.1196 -12.0274
    endloop
endfacet
facet normal -6.4916 16.5000 -30.0126
    outer loop
        vertex -2.9609 7.0760 -12.0317
        vertex -3.1149 6.9000 -12.0419
        vertex -3.0715 6.9653 -12.0390
    endloop
endfacet
facet normal -6.4913 16.5000 -30.0171
    outer loop
        vertex -3.0715 6.9653 -12.0390
        vertex -3.0198 7.0243 -12.0356
        vertex -2.9609 7.0760 -12.0317
    endloop
endfacet
facet normal -4.3529 10.0000 -36.1371
    outer loop
        vertex -1.8989 5.8000 -11.9618
        vertex -3.1951 5.8000 -12.0472
        vertex -3.1951 6.6000 -12.0472
    endloop
endfacet
facet normal -4.2624 10.0000 -37.5104
    outer loop
        vertex -3.1951 6.6000 -12.0472
        vertex -2.5964 7.2000 -12.0077
        vertex -1.8989 5.8000 -11.9618
    endloop
endfacet
facet normal -4.3778 10.0000 -35.7594
    outer loop
        vertex -1.8989 5.8000 -11.9618
        vertex -2.5964 7.2000 -12.0077
        vertex -1.8989 7.2000 -11.9618
    endloop
endfacet
facet normal -3.3435 10.0000 -51.4537
    outer loop
        vertex -1.8989 5.8000 -11.9618
        vertex -1.8989 0.8000 -11.9618
        vertex -2.5964 0.8000 -12.0077
    endloop
endfacet
facet normal -3.3747 10.0000 -50.9812
    outer loop
        vertex -1.8989 5.8000 -11.9618
        vertex -2.5964 0.8000 -12.0077
        vertex -3.1951 1.4000 -12.0472
    endloop
endfacet
facet normal -2.4309 10.0000 -65.3023
    outer loop
        vertex -3.1951 1.4000 -12.0472
        vertex -3.1951 5.8000 -12.0472
        vertex -1.8989 5.8000 -11.9618
    endloop
endfacet
facet normal 29.6482 3.5000 6.5156
    outer loop
        vertex 11.9474 1.4000 3.2017
        vertex 11.9079 0.8000 2.6030
        vertex 11.9131 0.8052 2.6812
    endloop
endfacet
facet normal 29.6651 3.5000 6.5145
    outer loop
        vertex 11.9131 0.8052 2.6812
        vertex 11.9470 1.3217 3.1966
        vertex 11.9474 1.4000 3.2017
    endloop
endfacet
facet normal 29.6815 3.5000 6.5134
    outer loop
        vertex 11.9470 1.3217 3.1966
        vertex 11.9131 0.8052 2.6812
        vertex 11.9181 0.8205 2.7580
    endloop
endfacet
facet normal 29.6973 3.5000 6.5124
    outer loop
        vertex 11.9181 0.8205 2.7580
        vertex 11.9460 1.2447 3.1813
        vertex 11.9470 1.3217 3.1966
    endloop
endfacet
facet normal 29.7120 3.5000 6.5114
    outer loop
        vertex 11.9460 1.2447 3.1813
        vertex 11.9181 0.8205 2.7580
        vertex 11.9230 0.8457 2.8322
    endloop
endfacet
facet normal 29.7256 3.5000 6.5105
    outer loop
        vertex 11.9230 0.8457 2.8322
        vertex 11.9444 1.1704 3.1562
        vertex 11.9460 1.2447 3.1813
    endloop
endfacet
facet normal 29.7377 3.5000 6.5097
    outer loop
        vertex 11.9444 1.1704 3.1562
        vertex 11.9230 0.8457 2.8322
        vertex 11.9276 0.8804 2.9024
    endloop
endfacet
facet normal 29.7481 3.5000 6.5090
    outer loop
        vertex 11.9276 0.8804 2.9024
        vertex 11.9421 1.1000 3.1215
        vertex 11.9444 1.1704 3.1562
    endloop
endfacet
facet normal 29.7566 3.5000 6.5085
    outer loop
        vertex 11.9421 1.1000 3.1215
        vertex 11.9276 0.8804 2.9024
        vertex 11.9319 0.9240 2.9675
    endloop
endfacet
facet normal 29.7631 3.5000 6.5080
    outer loop
        vertex 11.9319 0.9240 2.9675
        vertex 11.9392 1.0347 3.0780
        vertex 11.9421 1.1000 3.1215
    endloop
endfacet
facet normal 29.7676 3.5000 6.5077
    outer loop
        vertex 11.9392 1.0347 3.0780
        vertex 11.9319 0.9240 2.9675
        vertex 11.9358 0.9757 3.0264
    endloop
endfacet
facet normal 29.8914 16.5000 6.4996
    outer loop
        vertex 11.9474 6.6000 3.2017
        vertex 11.9131 7.1948 2.6812
        vertex 11.9079 7.2000 2.6030
    endloop
endfacet
facet normal 29.8745 16.5000 6.5007
    outer loop
        vertex 11.9131 7.1948 2.6812
        vertex 11.9474 6.6000 3.2017
        vertex 11.9470 6.6783 3.1966
    endloop
endfacet
facet normal 29.8581 16.5000 6.5018
    outer loop
        vertex 11.9470 6.6783 3.1966
        vertex 11.9181 7.1795 2.7580
        vertex 11.9131 7.1948 2.6812
    endloop
endfacet
facet normal 29.8423 16.5000 6.5028
    outer loop
        vertex 11.9181 7.1795 2.7580
        vertex 11.9470 6.6783 3.1966
        vertex 11.9460 6.7553 3.1813
    endloop
endfacet
facet normal 29.8276 16.5000 6.5038
    outer loop
        vertex 11.9460 6.7553 3.1813
        vertex 11.9230 7.1543 2.8322
        vertex 11.9181 7.1795 2.7580
    endloop
endfacet
facet normal 29.8140 16.5000 6.5047
    outer loop
        vertex 11.9230 7.1543 2.8322
        vertex 11.9460 6.7553 3.1813
        vertex 11.9444 6.8296 3.1562
    endloop
endfacet
facet normal 29.8019 16.5000 6.5055
    outer loop
        vertex 11.9444 6.8296 3.1562
        vertex 11.9276 7.1196 2.9024
        vertex 11.9230 7.1543 2.8322
    endloop
endfacet
facet normal 29.7915 16.5000 6.5062
    outer loop
        vertex 11.9276 7.1196 2.9024
        vertex 11.9444 6.8296 3.1562
        vertex 11.9421 6.9000 3.1215
    endloop
endfacet
facet normal 29.7830 16.5000 6.5067
    outer loop
        vertex 11.9421 6.9000 3.1215
        vertex 11.9319 7.0760 2.9675
        vertex 11.9276 7.1196 2.9024
    endloop
endfacet
facet normal 29.7765 16.5000 6.5072
    outer loop
        vertex 11.9319 7.0760 2.9675
        vertex 11.9421 6.9000 3.1215
        vertex 11.9392 6.9653 3.0780
    endloop
endfacet
facet normal 29.7720 16.5000 6.5075
    outer loop
        vertex 11.9392 6.9653 3.0780
        vertex 11.9358 7.0243 3.0264
        vertex 11.9319 7.0760 2.9675
    endloop
endfacet
facet normal -6.5156 3.5000 -29.6482
    outer loop
        vertex -2.6030 0.8000 -11.9079
        vertex -3.2017 1.4000 -11.9474
        vertex -3.1966 1.3217 -11.9470
    endloop
endfacet
facet normal -6.5145 3.5000 -29.6651
    outer loop
        vertex -3.1966 1.3217 -11.9470
        vertex -2.6812 0.8052 -11.9131
        vertex -2.6030 0.8000 -11.9079
    endloop
endfacet
facet normal -6.5134 3.5000 -29.6815
    outer loop
        vertex -2.6812 0.8052 -11.9131
        vertex -3.1966 1.3217 -11.9470
        vertex -3.1813 1.2447 -11.9460
    endloop
endfacet
facet normal -6.5124 3.5000 -29.6973
    outer loop
        vertex -3.1813 1.2447 -11.9460
        vertex -2.7580 0.8205 -11.9181
        vertex -2.6812 0.8052 -11.9131
    endloop
endfacet
facet normal -6.5114 3.5000 -29.7120
    outer loop
        vertex -2.7580 0.8205 -11.9181
        vertex -3.1813 1.2447 -11.9460
        vertex -3.1562 1.1704 -11.9444
    endloop
endfacet
facet normal -6.5105 3.5000 -29.7256
    outer loop
        vertex -3.1562 1.1704 -11.9444
        vertex -2.8322 0.8457 -11.9230
        vertex -2.7580 0.8205 -11.9181
    endloop
endfacet
facet normal -6.5097 3.5000 -29.7377
    outer loop
        vertex -2.8322 0.8457 -11.9230
        vertex -3.1562 1.1704 -11.9444
        vertex -3.1215 1.1000 -11.9421
    endloop
endfacet
facet normal -6.5090 3.5000 -29.7481
    outer loop
        vertex -3.1215 1.1000 -11.9421
        vertex -2.9024 0.8804 -11.9276
        vertex -2.8322 0.8457 -11.9230
    endloop
endfacet
facet normal -6.5085 3.5000 -29.7566
    outer loop
        vertex -2.9024 0.8804 -11.9276
        vertex -3.1215 1.1000 -11.9421
        vertex -3.0780 1.0347 -11.9392
    endloop
endfacet
facet normal -6.5080 3.5000 -29.7631
    outer loop
        vertex -3.0780 1.0347 -11.9392
        vertex -2.9675 0.9240 -11.9319
        vertex -2.9024 0.8804 -11.9276
    endloop
endfacet
facet normal -6.5077 3.5000 -29.7676
    outer loop
        vertex -2.9675 0.9240 -11.9319
        vertex -3.0780 1.0347 -11.9392
        vertex -3.0264 0.9757 -11.9358
    endloop
endfacet
facet normal -6.4996 16.5000 -29.8914
    outer loop
        vertex -2.6030 7.2000 -11.9079
        vertex -3.1966 6.6783 -11.9470
        vertex -3.2017 6.6000 -11.9474
    endloop
endfacet
facet normal -6.5007 16.5000 -29.8745
    outer loop
        vertex -3.1966 6.6783 -11.9470
        vertex -2.6030 7.2000 -11.9079
        vertex -2.6812 7.1948 -11.9131
    endloop
endfacet
facet normal -6.5018 16.5000 -29.8581
    outer loop
        vertex -2.6812 7.1948 -11.9131
        vertex -3.1813 6.7553 -11.9460
        vertex -3.1966 6.6783 -11.9470
    endloop
endfacet
facet normal -6.5028 16.5000 -29.8423
    outer loop
        vertex -3.1813 6.7553 -11.9460
        vertex -2.6812 7.1948 -11.9131
        vertex -2.7580 7.1795 -11.9181
    endloop
endfacet
facet normal -6.5038 16.5000 -29.8276
    outer loop
        vertex -2.7580 7.1795 -11.9181
        vertex -3.1562 6.8296 -11.9444
        vertex -3.1813 6.7553 -11.9460
    endloop
endfacet
facet normal -6.5047 16.5000 -29.8140
    outer loop
        vertex -3.1562 6.8296 -11.9444
        vertex -2.7580 7.1795 -11.9181
        vertex -2.8322 7.1543 -11.9230
    endloop
endfacet
facet normal -6.5055 16.5000 -29.8019
    outer loop
        vertex -2.8322 7.1543 -11.9230
        vertex -3.1215 6.9000 -11.9421
        vertex -3.1562 6.8296 -11.9444
    endloop
endfacet
facet normal -6.5062 16.5000 -29.7915
    outer loop
        vertex -3.1215 6.9000 -11.9421
        vertex -2.8322 7.1543 -11.9230
        vertex -2.9024 7.1196 -11.9276
    endloop
endfacet
facet normal -6.5067 16.5000 -29.7830
    outer loop
        vertex -2.9024 7.1196 -11.9276
        vertex -3.0780 6.9653 -11.9392
        vertex -3.1215 6.9000 -11.9421
    endloop
endfacet
facet normal -6.5072 16.5000 -29.7765
    outer loop
        vertex -3.0780 6.9653 -11.9392
        vertex -2.9024 7.1196 -11.9276
        vertex -2.9675 7.0760 -11.9319
    endloop
endfacet
facet normal -6.5075 16.5000 -29.7720
    outer loop
        vertex -2.9675 7.0760 -11.9319
        vertex -3.0264 7.0243 -11.9358
        vertex -3.0780 6.9653 -11.9392
    endloop
endfacet
facet normal 29.7706 3.3042 6.5205
    outer loop
        vertex 11.9131 0.8052 2.6812
        vertex 11.9079 0.8000 2.6030
        vertex 12.0077 0.8000 2.5965
    endloop
endfacet
facet normal 29.7706 3.3042 6.5205
    outer loop
        vertex 12.0077 0.8000 2.5965
        vertex 12.0129 0.8052 2.6746
        vertex 11.9131 0.8052 2.6812
    endloop
endfacet
facet normal 29.7723 3.3075 6.5458
    outer loop
        vertex 11.9181 0.8205 2.7580
        vertex 11.9131 0.8052 2.6812
        vertex 12.0129 0.8052 2.6746
    endloop
endfacet
facet normal 29.7723 3.3075 6.5458
    outer loop
        vertex 12.0129 0.8052 2.6746
        vertex 12.0179 0.8205 2.7514
        vertex 11.9181 0.8205 2.7580
    endloop
endfacet
facet normal 29.7739 3.3141 6.5705
    outer loop
        vertex 11.9230 0.8457 2.8322
        vertex 11.9181 0.8205 2.7580
        vertex 12.0179 0.8205 2.7514
    endloop
endfacet
facet normal 29.7739 3.3141 6.5705
    outer loop
        vertex 12.0179 0.8205 2.7514
        vertex 12.0228 0.8457 2.8256
        vertex 11.9230 0.8457 2.8322
    endloop
endfacet
facet normal 29.7755 3.3240 6.5943
    outer loop
        vertex 11.9276 0.8804 2.9024
        vertex 11.9230 0.8457 2.8322
        vertex 12.0228 0.8457 2.8256
    endloop
endfacet
facet normal 29.7755 3.3240 6.5943
    outer loop
        vertex 12.0228 0.8457 2.8256
        vertex 12.0274 0.8804 2.8958
        vertex 11.9276 0.8804 2.9024
    endloop
endfacet
facet normal 29.7770 3.3368 6.6163
    outer loop
        vertex 11.9319 0.9240 2.9675
        vertex 11.9276 0.8804 2.9024
        vertex 12.0274 0.8804 2.8958
    endloop
endfacet
facet normal 29.7770 3.3368 6.6163
    outer loop
        vertex 12.0274 0.8804 2.8958
        vertex 12.0317 0.9240 2.9610
        vertex 11.9319 0.9240 2.9675
    endloop
endfacet
facet normal 29.7783 3.3525 6.6368
    outer loop
        vertex 11.9358 0.9757 3.0264
        vertex 11.9319 0.9240 2.9675
        vertex 12.0317 0.9240 2.9610
    endloop
endfacet
facet normal 29.7783 3.3525 6.6368
    outer loop
        vertex 12.0317 0.9240 2.9610
        vertex 12.0356 0.9757 3.0198
        vertex 11.9358 0.9757 3.0264
    endloop
endfacet
facet normal 29.7795 3.3705 6.6547
    outer loop
        vertex 11.9392 1.0347 3.0780
        vertex 11.9358 0.9757 3.0264
        vertex 12.0356 0.9757 3.0198
    endloop
endfacet
facet normal 29.7795 3.3705 6.6547
    outer loop
        vertex 12.0356 0.9757 3.0198
        vertex 12.0390 1.0347 3.0715
        vertex 11.9392 1.0347 3.0780
    endloop
endfacet
facet normal 29.7805 3.3911 6.6704
    outer loop
        vertex 11.9421 1.1000 3.1215
        vertex 11.9392 1.0347 3.0780
        vertex 12.0390 1.0347 3.0715
    endloop
endfacet
facet normal 29.7805 3.3911 6.6704
    outer loop
        vertex 12.0390 1.0347 3.0715
        vertex 12.0419 1.1000 3.1149
        vertex 11.9421 1.1000 3.1215
    endloop
endfacet
facet normal 29.7814 3.4131 6.6832
    outer loop
        vertex 11.9444 1.1704 3.1562
        vertex 11.9421 1.1000 3.1215
        vertex 12.0419 1.1000 3.1149
    endloop
endfacet
facet normal 29.7814 3.4131 6.6832
    outer loop
        vertex 12.0419 1.1000 3.1149
        vertex 12.0442 1.1704 3.1496
        vertex 11.9444 1.1704 3.1562
    endloop
endfacet
facet normal 29.7820 3.4370 6.6930
    outer loop
        vertex 11.9460 1.2447 3.1813
        vertex 11.9444 1.1704 3.1562
        vertex 12.0442 1.1704 3.1496
    endloop
endfacet
facet normal 29.7820 3.4370 6.6930
    outer loop
        vertex 12.0442 1.1704 3.1496
        vertex 12.0458 1.2447 3.1747
        vertex 11.9460 1.2447 3.1813
    endloop
endfacet
facet normal 29.7825 3.4618 6.6996
    outer loop
        vertex 11.9470 1.3217 3.1966
        vertex 11.9460 1.2447 3.1813
        vertex 12.0458 1.2447 3.1747
    endloop
endfacet
facet normal 29.7825 3.4618 6.6996
    outer loop
        vertex 12.0458 1.2447 3.1747
        vertex 12.0468 1.3217 3.1900
        vertex 11.9470 1.3217 3.1966
    endloop
endfacet
facet normal 29.7827 3.4871 6.7029
    outer loop
        vertex 11.9474 1.4000 3.2017
        vertex 11.9470 1.3217 3.1966
        vertex 12.0468 1.3217 3.1900
    endloop
endfacet
facet normal 29.7827 3.4871 6.7029
    outer loop
        vertex 12.0468 1.3217 3.1900
        vertex 12.0472 1.4000 3.1952
        vertex 11.9474 1.4000 3.2017
    endloop
endfacet
facet normal 29.7690 16.3042 6.4947
    outer loop
        vertex 11.9131 7.1948 2.6812
        vertex 12.0077 7.2000 2.5965
        vertex 11.9079 7.2000 2.6030
    endloop
endfacet
facet normal 29.7690 16.3042 6.4947
    outer loop
        vertex 12.0077 7.2000 2.5965
        vertex 11.9131 7.1948 2.6812
        vertex 12.0129 7.1948 2.6746
    endloop
endfacet
facet normal 29.7673 16.3075 6.4694
    outer loop
        vertex 11.9181 7.1795 2.7580
        vertex 12.0129 7.1948 2.6746
        vertex 11.9131 7.1948 2.6812
    endloop
endfacet
facet normal 29.7673 16.3075 6.4694
    outer loop
        vertex 12.0129 7.1948 2.6746
        vertex 11.9181 7.1795 2.7580
        vertex 12.0179 7.1795 2.7514
    endloop
endfacet
facet normal 29.7657 16.3141 6.4447
    outer loop
        vertex 11.9230 7.1543 2.8322
        vertex 12.0179 7.1795 2.7514
        vertex 11.9181 7.1795 2.7580
    endloop
endfacet
facet normal 29.7657 16.3141 6.4447
    outer loop
        vertex 12.0179 7.1795 2.7514
        vertex 11.9230 7.1543 2.8322
        vertex 12.0228 7.1543 2.8256
    endloop
endfacet
facet normal 29.7641 16.3240 6.4209
    outer loop
        vertex 11.9276 7.1196 2.9024
        vertex 12.0228 7.1543 2.8256
        vertex 11.9230 7.1543 2.8322
    endloop
endfacet
facet normal 29.7641 16.3240 6.4209
    outer loop
        vertex 12.0228 7.1543 2.8256
        vertex 11.9276 7.1196 2.9024
        vertex 12.0274 7.1196 2.8958
    endloop
endfacet
facet normal 29.7626 16.3368 6.3989
    outer loop
        vertex 11.9319 7.0760 2.9675
        vertex 12.0274 7.1196 2.8958
        vertex 11.9276 7.1196 2.9024
    endloop
endfacet
facet normal 29.7626 16.3368 6.3989
    outer loop
        vertex 12.0274 7.1196 2.8958
        vertex 11.9319 7.0760 2.9675
        vertex 12.0317 7.0760 2.9610
    endloop
endfacet
facet normal 29.7613 16.3526 6.3784
    outer loop
        vertex 11.9358 7.0243 3.0264
        vertex 12.0317 7.0760 2.9610
        vertex 11.9319 7.0760 2.9675
    endloop
endfacet
facet normal 29.7613 16.3526 6.3784
    outer loop
        vertex 12.0317 7.0760 2.9610
        vertex 11.9358 7.0243 3.0264
        vertex 12.0356 7.0243 3.0198
    endloop
endfacet
facet normal 29.7601 16.3706 6.3605
    outer loop
        vertex 11.9392 6.9653 3.0780
        vertex 12.0356 7.0243 3.0198
        vertex 11.9358 7.0243 3.0264
    endloop
endfacet
facet normal 29.7601 16.3706 6.3605
    outer loop
        vertex 12.0356 7.0243 3.0198
        vertex 11.9392 6.9653 3.0780
        vertex 12.0390 6.9653 3.0715
    endloop
endfacet
facet normal 29.7591 16.3911 6.3448
    outer loop
        vertex 11.9421 6.9000 3.1215
        vertex 12.0390 6.9653 3.0715
        vertex 11.9392 6.9653 3.0780
    endloop
endfacet
facet normal 29.7591 16.3911 6.3448
    outer loop
        vertex 12.0390 6.9653 3.0715
        vertex 11.9421 6.9000 3.1215
        vertex 12.0419 6.9000 3.1149
    endloop
endfacet
facet normal 29.7582 16.4132 6.3320
    outer loop
        vertex 11.9444 6.8296 3.1562
        vertex 12.0419 6.9000 3.1149
        vertex 11.9421 6.9000 3.1215
    endloop
endfacet
facet normal 29.7582 16.4132 6.3320
    outer loop
        vertex 12.0419 6.9000 3.1149
        vertex 11.9444 6.8296 3.1562
        vertex 12.0442 6.8296 3.1496
    endloop
endfacet
facet normal 29.7576 16.4370 6.3222
    outer loop
        vertex 11.9460 6.7553 3.1813
        vertex 12.0442 6.8296 3.1496
        vertex 11.9444 6.8296 3.1562
    endloop
endfacet
facet normal 29.7576 16.4370 6.3222
    outer loop
        vertex 12.0442 6.8296 3.1496
        vertex 11.9460 6.7553 3.1813
        vertex 12.0458 6.7553 3.1747
    endloop
endfacet
facet normal 29.7571 16.4618 6.3156
    outer loop
        vertex 11.9470 6.6783 3.1966
        vertex 12.0458 6.7553 3.1747
        vertex 11.9460 6.7553 3.1813
    endloop
endfacet
facet normal 29.7571 16.4618 6.3156
    outer loop
        vertex 12.0458 6.7553 3.1747
        vertex 11.9470 6.6783 3.1966
        vertex 12.0468 6.6783 3.1900
    endloop
endfacet
facet normal 29.7569 16.4871 6.3123
    outer loop
        vertex 11.9474 6.6000 3.2017
        vertex 12.0468 6.6783 3.1900
        vertex 11.9470 6.6783 3.1966
    endloop
endfacet
facet normal 29.7569 16.4871 6.3123
    outer loop
        vertex 12.0468 6.6783 3.1900
        vertex 11.9474 6.6000 3.2017
        vertex 12.0472 6.6000 3.1952
    endloop
endfacet
facet normal -6.7029 3.4871 -29.7827
    outer loop
        vertex -3.1966 1.3217 -11.9470
        vertex -3.2017 1.4000 -11.9474
        vertex -3.1952 1.4000 -12.0472
    endloop
endfacet
facet normal -6.7029 3.4871 -29.7827
    outer loop
        vertex -3.1952 1.4000 -12.0472
        vertex -3.1900 1.3217 -12.0468
        vertex -3.1966 1.3217 -11.9470
    endloop
endfacet
facet normal -6.6996 3.4618 -29.7825
    outer loop
        vertex -3.1813 1.2447 -11.9460
        vertex -3.1966 1.3217 -11.9470
        vertex -3.1900 1.3217 -12.0468
    endloop
endfacet
facet normal -6.6996 3.4618 -29.7825
    outer loop
        vertex -3.1900 1.3217 -12.0468
        vertex -3.1747 1.2447 -12.0458
        vertex -3.1813 1.2447 -11.9460
    endloop
endfacet
facet normal -6.6930 3.4370 -29.7820
    outer loop
        vertex -3.1562 1.1704 -11.9444
        vertex -3.1813 1.2447 -11.9460
        vertex -3.1747 1.2447 -12.0458
    endloop
endfacet
facet normal -6.6930 3.4370 -29.7820
    outer loop
        vertex -3.1747 1.2447 -12.0458
        vertex -3.1496 1.1704 -12.0442
        vertex -3.1562 1.1704 -11.9444
    endloop
endfacet
facet normal -6.6832 3.4131 -29.7814
    outer loop
        vertex -3.1215 1.1000 -11.9421
        vertex -3.1562 1.1704 -11.9444
        vertex -3.1496 1.1704 -12.0442
    endloop
endfacet
facet normal -6.6832 3.4131 -29.7814
    outer loop
        vertex -3.1496 1.1704 -12.0442
        vertex -3.1149 1.1000 -12.0419
        vertex -3.1215 1.1000 -11.9421
    endloop
endfacet
facet normal -6.6704 3.3911 -29.7805
    outer loop
        vertex -3.0780 1.0347 -11.9392
        vertex -3.1215 1.1000 -11.9421
        vertex -3.1149 1.1000 -12.0419
    endloop
endfacet
facet normal -6.6704 3.3911 -29.7805
    outer loop
        vertex -3.1149 1.1000 -12.0419
        vertex -3.0715 1.0347 -12.0390
        vertex -3.0780 1.0347 -11.9392
    endloop
endfacet
facet normal -6.6547 3.3705 -29.7795
    outer loop
        vertex -3.0264 0.9757 -11.9358
        vertex -3.0780 1.0347 -11.9392
        vertex -3.0715 1.0347 -12.0390
    endloop
endfacet
facet normal -6.6547 3.3705 -29.7795
    outer loop
        vertex -3.0715 1.0347 -12.0390
        vertex -3.0198 0.9757 -12.0356
        vertex -3.0264 0.9757 -11.9358
    endloop
endfacet
facet normal -6.6368 3.3525 -29.7783
    outer loop
        vertex -2.9675 0.9240 -11.9319
        vertex -3.0264 0.9757 -11.9358
        vertex -3.0198 0.9757 -12.0356
    endloop
endfacet
facet normal -6.6368 3.3525 -29.7783
    outer loop
        vertex -3.0198 0.9757 -12.0356
        vertex -2.9610 0.9240 -12.0317
        vertex -2.9675 0.9240 -11.9319
    endloop
endfacet
facet normal -6.6163 3.3368 -29.7770
    outer loop
        vertex -2.9024 0.8804 -11.9276
        vertex -2.9675 0.9240 -11.9319
        vertex -2.9610 0.9240 -12.0317
    endloop
endfacet
facet normal -6.6163 3.3368 -29.7770
    outer loop
        vertex -2.9610 0.9240 -12.0317
        vertex -2.8958 0.8804 -12.0274
        vertex -2.9024 0.8804 -11.9276
    endloop
endfacet
facet normal -6.5943 3.3240 -29.7755
    outer loop
        vertex -2.8322 0.8457 -11.9230
        vertex -2.9024 0.8804 -11.9276
        vertex -2.8958 0.8804 -12.0274
    endloop
endfacet
facet normal -6.5943 3.3240 -29.7755
    outer loop
        vertex -2.8958 0.8804 -12.0274
        vertex -2.8256 0.8457 -12.0228
        vertex -2.8322 0.8457 -11.9230
    endloop
endfacet
facet normal -6.5705 3.3141 -29.7739
    outer loop
        vertex -2.7580 0.8205 -11.9181
        vertex -2.8322 0.8457 -11.9230
        vertex -2.8256 0.8457 -12.0228
    endloop
endfacet
facet normal -6.5705 3.3141 -29.7739
    outer loop
        vertex -2.8256 0.8457 -12.0228
        vertex -2.7514 0.8205 -12.0179
        vertex -2.7580 0.8205 -11.9181
    endloop
endfacet
facet normal -6.5458 3.3075 -29.7723
    outer loop
        vertex -2.6812 0.8052 -11.9131
        vertex -2.7580 0.8205 -11.9181
        vertex -2.7514 0.8205 -12.0179
    endloop
endfacet
facet normal -6.5458 3.3075 -29.7723
    outer loop
        vertex -2.7514 0.8205 -12.0179
        vertex -2.6746 0.8052 -12.0129
        vertex -2.6812 0.8052 -11.9131
    endloop
endfacet
facet normal -6.5205 3.3042 -29.7706
    outer loop
        vertex -2.6030 0.8000 -11.9079
        vertex -2.6812 0.8052 -11.9131
        vertex -2.6746 0.8052 -12.0129
    endloop
endfacet
facet normal -6.5205 3.3042 -29.7706
    outer loop
        vertex -2.6746 0.8052 -12.0129
        vertex -2.5965 0.8000 -12.0077
        vertex -2.6030 0.8000 -11.9079
    endloop
endfacet
facet normal -6.3123 16.4871 -29.7569
    outer loop
        vertex -3.1966 6.6783 -11.9470
        vertex -3.1952 6.6000 -12.0472
        vertex -3.2017 6.6000 -11.9474
    endloop
endfacet
facet normal -6.3123 16.4871 -29.7569
    outer loop
        vertex -3.1952 6.6000 -12.0472
        vertex -3.1966 6.6783 -11.9470
        vertex -3.1900 6.6783 -12.0468
    endloop
endfacet
facet normal -6.3156 16.4618 -29.7571
    outer loop
        vertex -3.1813 6.7553 -11.9460
        vertex -3.1900 6.6783 -12.0468
        vertex -3.1966 6.6783 -11.9470
    endloop
endfacet
facet normal -6.3156 16.4618 -29.7571
    outer loop
        vertex -3.1900 6.6783 -12.0468
        vertex -3.1813 6.7553 -11.9460
        vertex -3.1747 6.7553 -12.0458
    endloop
endfacet
facet normal -6.3222 16.4370 -29.7576
    outer loop
        vertex -3.1562 6.8296 -11.9444
        vertex -3.1747 6.7553 -12.0458
        vertex -3.1813 6.7553 -11.9460
    endloop
endfacet
facet normal -6.3222 16.4370 -29.7576
    outer loop
        vertex -3.1747 6.7553 -12.0458
        vertex -3.1562 6.8296 -11.9444
        vertex -3.1496 6.8296 -12.0442
    endloop
endfacet
facet normal -6.3320 16.4132 -29.7582
    outer loop
        vertex -3.1215 6.9000 -11.9421
        vertex -3.1496 6.8296 -12.0442
        vertex -3.1562 6.8296 -11.9444
    endloop
endfacet
facet normal -6.3320 16.4132 -29.7582
    outer loop
        vertex -3.1496 6.8296 -12.0442
        vertex -3.1215 6.9000 -11.9421
        vertex -3.1149 6.9000 -12.0419
    endloop
endfacet
facet normal -6.3448 16.3911 -29.7591
    outer loop
        vertex -3.0780 6.9653 -11.9392
        vertex -3.1149 6.9000 -12.0419
        vertex -3.1215 6.9000 -11.9421
    endloop
endfacet
facet normal -6.3448 16.3911 -29.7591
    outer loop
        vertex -3.1149 6.9000 -12.0419
        vertex -3.0780 6.9653 -11.9392
        vertex -3.0715 6.9653 -12.0390
    endloop
endfacet
facet normal -6.3605 16.3706 -29.7601
    outer loop
        vertex -3.0264 7.0243 -11.9358
        vertex -3.0715 6.9653 -12.0390
        vertex -3.0780 6.9653 -11.9392
    endloop
endfacet
facet normal -6.3605 16.3706 -29.7601
    outer loop
        vertex -3.0715 6.9653 -12.0390
        vertex -3.0264 7.0243 -11.9358
        vertex -3.0198 7.0243 -12.0356
    endloop
endfacet
facet normal -6.3784 16.3526 -29.7613
    outer loop
        vertex -2.9675 7.0760 -11.9319
        vertex -3.0198 7.0243 -12.0356
        vertex -3.0264 7.0243 -11.9358
    endloop
endfacet
facet normal -6.3784 16.3526 -29.7613
    outer loop
        vertex -3.0198 7.0243 -12.0356
        vertex -2.9675 7.0760 -11.9319
        vertex -2.9610 7.0760 -12.0317
    endloop
endfacet
facet normal -6.3989 16.3368 -29.7626
    outer loop
        vertex -2.9024 7.1196 -11.9276
        vertex -2.9610 7.0760 -12.0317
        vertex -2.9675 7.0760 -11.9319
    endloop
endfacet
facet normal -6.3989 16.3368 -29.7626
    outer loop
        vertex -2.9610 7.0760 -12.0317
        vertex -2.9024 7.1196 -11.9276
        vertex -2.8958 7.1196 -12.0274
    endloop
endfacet
facet normal -6.4209 16.3240 -29.7641
    outer loop
        vertex -2.8322 7.1543 -11.9230
        vertex -2.8958 7.1196 -12.0274
        vertex -2.9024 7.1196 -11.9276
    endloop
endfacet
facet normal -6.4209 16.3240 -29.7641
    outer loop
        vertex -2.8958 7.1196 -12.0274
        vertex -2.8322 7.1543 -11.9230
        vertex -2.8256 7.1543 -12.0228
    endloop
endfacet
facet normal -6.4447 16.3141 -29.7657
    outer loop
        vertex -2.7580 7.1795 -11.9181
        vertex -2.8256 7.1543 -12.0228
        vertex -2.8322 7.1543 -11.9230
    endloop
endfacet
facet normal -6.4447 16.3141 -29.7657
    outer loop
        vertex -2.8256 7.1543 -12.0228
        vertex -2.7580 7.1795 -11.9181
        vertex -2.7514 7.1795 -12.0179
    endloop
endfacet
facet normal -6.4694 16.3075 -29.7673
    outer loop
        vertex -2.6812 7.1948 -11.9131
        vertex -2.7514 7.1795 -12.0179
        vertex -2.7580 7.1795 -11.9181
    endloop
endfacet
facet normal -6.4694 16.3075 -29.7673
    outer loop
        vertex -2.7514 7.1795 -12.0179
        vertex -2.6812 7.1948 -11.9131
        vertex -2.6746 7.1948 -12.0129
    endloop
endfacet
facet normal -6.4947 16.3042 -29.7690
    outer loop
        vertex -2.6030 7.2000 -11.9079
        vertex -2.6746 7.1948 -12.0129
        vertex -2.6812 7.1948 -11.9131
    endloop
endfacet
facet normal -6.4947 16.3042 -29.7690
    outer loop
        vertex -2.6746 7.1948 -12.0129
        vertex -2.6030 7.2000 -11.9079
        vertex -2.5965 7.2000 -12.0077
    endloop
endfacet
facet normal -23.9472 10.0000 1.5792
    outer loop
        vertex 11.9079 7.2000 2.6030
        vertex 11.9079 0.8000 2.6030
        vertex 11.9474 1.4000 3.2017
    endloop
endfacet
facet normal -19.4571 10.0000 1.2831
    outer loop
        vertex 11.9474 1.4000 3.2017
        vertex 11.9474 6.6000 3.2017
        vertex 11.9079 7.2000 2.6030
    endloop
endfacet
facet normal -27.6416 10.0000 1.8208
    outer loop
        vertex 11.9079 7.2000 2.6030
        vertex 11.8624 7.2000 1.9120
        vertex 11.8624 0.8000 1.9120
    endloop
endfacet
facet normal -27.6416 10.0000 1.8208
    outer loop
        vertex 11.8624 0.8000 1.9120
        vertex 11.9079 0.8000 2.6030
        vertex 11.9079 7.2000 2.6030
    endloop
endfacet
facet normal -82.1120 10.0000 16.3200
    outer loop
        vertex 11.4544 7.2000 -0.1408
        vertex 11.4544 0.8000 -0.1408
        vertex 11.8624 0.8000 1.9120
    endloop
endfacet
facet normal -82.1120 10.0000 16.3200
    outer loop
        vertex 11.8624 0.8000 1.9120
        vertex 11.8624 7.2000 1.9120
        vertex 11.4544 7.2000 -0.1408
    endloop
endfacet
facet normal -79.2960 10.0000 26.8800
    outer loop
        vertex 11.4544 7.2000 -0.1408
        vertex 10.7824 7.2000 -2.1232
        vertex 10.7824 0.8000 -2.1232
    endloop
endfacet
facet normal -79.2960 10.0000 26.8800
    outer loop
        vertex 10.7824 0.8000 -2.1232
        vertex 11.4544 0.8000 -0.1408
        vertex 11.4544 7.2000 -0.1408
    endloop
endfacet
facet normal -75.0720 10.0000 37.0560
    outer loop
        vertex 9.8560 7.2000 -4.0000
        vertex 9.8560 0.8000 -4.0000
        vertex 10.7824 0.8000 -2.1232
    endloop
endfacet
facet normal -75.0720 10.0000 37.0560
    outer loop
        vertex 10.7824 0.8000 -2.1232
        vertex 10.7824 7.2000 -2.1232
        vertex 9.8560 7.2000 -4.0000
    endloop
endfacet
facet normal -69.6320 10.0000 46.4640
    outer loop
        vertex 9.8560 7.2000 -4.0000
        vertex 8.6944 7.2000 -5.7408
        vertex 8.6944 0.8000 -5.7408
    endloop
endfacet
facet normal -69.6320 10.0000 46.4640
    outer loop
        vertex 8.6944 0.8000 -5.7408
        vertex 9.8560 0.8000 -4.0000
        vertex 9.8560 7.2000 -4.0000
    endloop
endfacet
facet normal -62.9040 10.0000 55.2576
    outer loop
        vertex 7.3130 7.2000 -7.3134
        vertex 7.3130 0.8000 -7.3134
        vertex 8.6944 0.8000 -5.7408
    endloop
endfacet
facet normal -62.9040 10.0000 55.2576
    outer loop
        vertex 8.6944 0.8000 -5.7408
        vertex 8.6944 7.2000 -5.7408
        vertex 7.3130 7.2000 -7.3134
    endloop
endfacet
facet normal -55.2400 10.0000 62.8864
    outer loop
        vertex 7.3130 7.2000 -7.3134
        vertex 5.7408 7.2000 -8.6944
        vertex 5.7408 0.8000 -8.6944
    endloop
endfacet
facet normal -55.2400 10.0000 62.8864
    outer loop
        vertex 5.7408 0.8000 -8.6944
        vertex 7.3130 0.8000 -7.3134
        vertex 7.3130 7.2000 -7.3134
    endloop
endfacet
facet normal -46.4640 10.0000 69.6320
    outer loop
        vertex 4.0000 7.2000 -9.8560
        vertex 4.0000 0.8000 -9.8560
        vertex 5.7408 0.8000 -8.6944
    endloop
endfacet
facet normal -46.4640 10.0000 69.6320
    outer loop
        vertex 5.7408 0.8000 -8.6944
        vertex 5.7408 7.2000 -8.6944
        vertex 4.0000 7.2000 -9.8560
    endloop
endfacet
facet normal -37.0560 10.0000 75.0720
    outer loop
        vertex 4.0000 7.2000 -9.8560
        vertex 2.1232 7.2000 -10.7824
        vertex 2.1232 0.8000 -10.7824
    endloop
endfacet
facet normal -37.0560 10.0000 75.0720
    outer loop
        vertex 2.1232 0.8000 -10.7824
        vertex 4.0000 0.8000 -9.8560
        vertex 4.0000 7.2000 -9.8560
    endloop
endfacet
facet normal -26.8800 10.0000 79.2960
    outer loop
        vertex 0.1408 7.2000 -11.4544
        vertex 0.1408 0.8000 -11.4544
        vertex 2.1232 0.8000 -10.7824
    endloop
endfacet
facet normal -26.8800 10.0000 79.2960
    outer loop
        vertex 2.1232 0.8000 -10.7824
        vertex 2.1232 7.2000 -10.7824
        vertex 0.1408 7.2000 -11.4544
    endloop
endfacet
facet normal -16.3200 10.0000 82.1120
    outer loop
        vertex 0.1408 7.2000 -11.4544
        vertex -1.9120 7.2000 -11.8624
        vertex -1.9120 0.8000 -11.8624
    endloop
endfacet
facet normal -16.3200 10.0000 82.1120
    outer loop
        vertex -1.9120 0.8000 -11.8624
        vertex 0.1408 0.8000 -11.4544
        vertex 0.1408 7.2000 -11.4544
    endloop
endfacet
facet normal -1.8208 10.0000 27.6416
    outer loop
        vertex -2.6030 7.2000 -11.9079
        vertex -2.6030 0.8000 -11.9079
        vertex -1.9120 0.8000 -11.8624
    endloop
endfacet
facet normal -1.8208 10.0000 27.6416
    outer loop
        vertex -1.9120 0.8000 -11.8624
        vertex -1.9120 7.2000 -11.8624
        vertex -2.6030 7.2000 -11.9079
    endloop
endfacet
facet normal -1.2831 10.0000 19.4571
    outer loop
        vertex -2.6030 7.2000 -11.9079
        vertex -3.2017 6.6000 -11.9474
        vertex -3.2017 1.4000 -11.9474
    endloop
endfacet
facet normal -1.5792 10.0000 23.9472
    outer loop
        vertex -3.2017 1.4000 -11.9474
        vertex -2.6030 0.8000 -11.9079
        vertex -2.6030 7.2000 -11.9079
    endloop
endfacet
facet normal 0.2132 10.0000 3.2422
    outer loop
        vertex 11.9474 6.6000 3.2017
        vertex 11.9474 1.4000 3.2017
        vertex 12.0472 1.4000 3.1952
    endloop
endfacet
facet normal 0.2132 10.0000 3.2422
    outer loop
        vertex 12.0472 1.4000 3.1952
        vertex 12.0472 6.6000 3.1952
        vertex 11.9474 6.6000 3.2017
    endloop
endfacet
facet normal 0.0000 10.4329 0.0000
    outer loop
        vertex 11.8624 7.2000 1.9120
        vertex 11.9079 7.2000 2.6030
        vertex 12.0077 7.2000 2.5964
    endloop
endfacet
facet normal 0.0000 10.4369 0.0000
    outer loop
        vertex 12.0077 7.2000 2.5964
        vertex 11.9618 7.2000 1.8989
        vertex 11.8624 7.2000 1.9120
    endloop
endfacet
facet normal 0.0000 9.5631 0.0000
    outer loop
        vertex 11.8624 0.8000 1.9120
        vertex 11.9618 0.8000 1.8989
        vertex 12.0077 0.8000 2.5964
    endloop
endfacet
facet normal 0.0000 9.5671 0.0000
    outer loop
        vertex 12.0077 0.8000 2.5964
        vertex 11.9079 0.8000 2.6030
        vertex 11.8624 0.8000 1.9120
    endloop
endfacet
facet normal 0.0000 11.3163 0.0000
    outer loop
        vertex 11.8624 7.2000 1.9120
        vertex 11.9618 7.2000 1.8989
        vertex 11.5512 7.2000 -0.1667
    endloop
endfacet
facet normal 0.0000 11.3080 0.0000
    outer loop
        vertex 11.5512 7.2000 -0.1667
        vertex 11.4544 7.2000 -0.1408
        vertex 11.8624 7.2000 1.9120
    endloop
endfacet
facet normal 0.0000 8.6920 0.0000
    outer loop
        vertex 11.8624 0.8000 1.9120
        vertex 11.4544 0.8000 -0.1408
        vertex 11.5512 0.8000 -0.1667
    endloop
endfacet
facet normal 0.0000 8.6837 0.0000
    outer loop
        vertex 11.5512 0.8000 -0.1667
        vertex 11.9618 0.8000 1.8989
        vertex 11.8624 0.8000 1.9120
    endloop
endfacet
facet normal 0.0000 11.3082 0.0000
    outer loop
        vertex 10.7824 7.2000 -2.1232
        vertex 11.4544 7.2000 -0.1408
        vertex 11.5512 7.2000 -0.1667
    endloop
endfacet
facet normal 0.0000 11.3166 0.0000
    outer loop
        vertex 11.5512 7.2000 -0.1667
        vertex 10.8750 7.2000 -2.1616
        vertex 10.7824 7.2000 -2.1232
    endloop
endfacet
facet normal 0.0000 8.6834 0.0000
    outer loop
        vertex 10.7824 0.8000 -2.1232
        vertex 10.8750 0.8000 -2.1616
        vertex 11.5512 0.8000 -0.1667
    endloop
endfacet
facet normal 0.0000 8.6918 0.0000
    outer loop
        vertex 11.5512 0.8000 -0.1667
        vertex 11.4544 0.8000 -0.1408
        vertex 10.7824 0.8000 -2.1232
    endloop
endfacet
facet normal 0.0000 11.3165 0.0000
    outer loop
        vertex 10.7824 7.2000 -2.1232
        vertex 10.8750 7.2000 -2.1616
        vertex 9.9428 7.2000 -4.0501
    endloop
endfacet
facet normal 0.0000 11.3081 0.0000
    outer loop
        vertex 9.9428 7.2000 -4.0501
        vertex 9.8560 7.2000 -4.0000
        vertex 10.7824 7.2000 -2.1232
    endloop
endfacet
facet normal 0.0000 8.6919 0.0000
    outer loop
        vertex 10.7824 0.8000 -2.1232
        vertex 9.8560 0.8000 -4.0000
        vertex 9.9428 0.8000 -4.0501
    endloop
endfacet
facet normal 0.0000 8.6835 0.0000
    outer loop
        vertex 9.9428 0.8000 -4.0501
        vertex 10.8750 0.8000 -2.1616
        vertex 10.7824 0.8000 -2.1232
    endloop
endfacet
facet normal 0.0000 11.3080 0.0000
    outer loop
        vertex 8.6944 7.2000 -5.7408
        vertex 9.8560 7.2000 -4.0000
        vertex 9.9428 7.2000 -4.0501
    endloop
endfacet
facet normal 0.0000 11.3162 0.0000
    outer loop
        vertex 9.9428 7.2000 -4.0501
        vertex 8.7739 7.2000 -5.8018
        vertex 8.6944 7.2000 -5.7408
    endloop
endfacet
facet normal 0.0000 8.6838 0.0000
    outer loop
        vertex 8.6944 0.8000 -5.7408
        vertex 8.7739 0.8000 -5.8018
        vertex 9.9428 0.8000 -4.0501
    endloop
endfacet
facet normal 0.0000 8.6920 0.0000
    outer loop
        vertex 9.9428 0.8000 -4.0501
        vertex 9.8560 0.8000 -4.0000
        vertex 8.6944 0.8000 -5.7408
    endloop
endfacet
facet normal 0.0000 11.3163 0.0000
    outer loop
        vertex 8.6944 7.2000 -5.7408
        vertex 8.7739 7.2000 -5.8018
        vertex 7.3844 7.2000 -7.3844
    endloop
endfacet
facet normal 0.0000 11.3159 0.0000
    outer loop
        vertex 7.3844 7.2000 -7.3844
        vertex 7.3130 7.2000 -7.3134
        vertex 8.6944 7.2000 -5.7408
    endloop
endfacet
facet normal 0.0000 8.6841 0.0000
    outer loop
        vertex 8.6944 0.8000 -5.7408
        vertex 7.3130 0.8000 -7.3134
        vertex 7.3844 0.8000 -7.3844
    endloop
endfacet
facet normal 0.0000 8.6837 0.0000
    outer loop
        vertex 7.3844 0.8000 -7.3844
        vertex 8.7739 0.8000 -5.8018
        vertex 8.6944 0.8000 -5.7408
    endloop
endfacet
facet normal 0.0000 11.3150 0.0000
    outer loop
        vertex 5.7408 7.2000 -8.6944
        vertex 7.3130 7.2000 -7.3134
        vertex 7.3844 7.2000 -7.3844
    endloop
endfacet
facet normal 0.0000 11.3163 0.0000
    outer loop
        vertex 7.3844 7.2000 -7.3844
        vertex 5.8018 7.2000 -8.7739
        vertex 5.7408 7.2000 -8.6944
    endloop
endfacet
facet normal 0.0000 8.6837 0.0000
    outer loop
        vertex 5.7408 0.8000 -8.6944
        vertex 5.8018 0.8000 -8.7739
        vertex 7.3844 0.8000 -7.3844
    endloop
endfacet
facet normal 0.0000 8.6850 0.0000
    outer loop
        vertex 7.3844 0.8000 -7.3844
        vertex 7.3130 0.8000 -7.3134
        vertex 5.7408 0.8000 -8.6944
    endloop
endfacet
facet normal 0.0000 11.3162 0.0000
    outer loop
        vertex 5.7408 7.2000 -8.6944
        vertex 5.8018 7.2000 -8.7739
        vertex 4.0501 7.2000 -9.9428
    endloop
endfacet
facet normal 0.0000 11.3080 0.0000
    outer loop
        vertex 4.0501 7.2000 -9.9428
        vertex 4.0000 7.2000 -9.8560
        vertex 5.7408 7.2000 -8.6944
    endloop
endfacet
facet normal 0.0000 8.6920 0.0000
    outer loop
        vertex 5.7408 0.8000 -8.6944
        vertex 4.0000 0.8000 -9.8560
        vertex 4.0501 0.8000 -9.9428
    endloop
endfacet
facet normal 0.0000 8.6838 0.0000
    outer loop
        vertex 4.0501 0.8000 -9.9428
        vertex 5.8018 0.8000 -8.7739
        vertex 5.7408 0.8000 -8.6944
    endloop
endfacet
facet normal 0.0000 11.3081 0.0000
    outer loop
        vertex 2.1232 7.2000 -10.7824
        vertex 4.0000 7.2000 -9.8560
        vertex 4.0501 7.2000 -9.9428
    endloop
endfacet
facet normal 0.0000 11.3165 0.0000
    outer loop
        vertex 4.0501 7.2000 -9.9428
        vertex 2.1616 7.2000 -10.8750
        vertex 2.1232 7.2000 -10.7824
    endloop
endfacet
facet normal 0.0000 8.6835 0.0000
    outer loop
        vertex 2.1232 0.8000 -10.7824
        vertex 2.1616 0.8000 -10.8750
        vertex 4.0501 0.8000 -9.9428
    endloop
endfacet
facet normal 0.0000 8.6919 0.0000
    outer loop
        vertex 4.0501 0.8000 -9.9428
        vertex 4.0000 0.8000 -9.8560
        vertex 2.1232 0.8000 -10.7824
    endloop
endfacet
facet normal 0.0000 11.3166 0.0000
    outer loop
        vertex 2.1232 7.2000 -10.7824
        vertex 2.1616 7.2000 -10.8750
        vertex 0.1667 7.2000 -11.5512
    endloop
endfacet
facet normal 0.0000 11.3082 0.0000
    outer loop
        vertex 0.1667 7.2000 -11.5512
        vertex 0.1408 7.2000 -11.4544
        vertex 2.1232 7.2000 -10.7824
    endloop
endfacet
facet normal 0.0000 8.6918 0.0000
    outer loop
        vertex 2.1232 0.8000 -10.7824
        vertex 0.1408 0.8000 -11.4544
        vertex 0.1667 0.8000 -11.5512
    endloop
endfacet
facet normal 0.0000 8.6834 0.0000
    outer loop
        vertex 0.1667 0.8000 -11.5512
        vertex 2.1616 0.8000 -10.8750
        vertex 2.1232 0.8000 -10.7824
    endloop
endfacet
facet normal 0.0000 11.3080 0.0000
    outer loop
        vertex -1.9120 7.2000 -11.8624
        vertex 0.1408 7.2000 -11.4544
        vertex 0.1667 7.2000 -11.5512
    endloop
endfacet
facet normal 0.0000 11.3163 0.0000
    outer loop
        vertex 0.1667 7.2000 -11.5512
        vertex -1.8989 7.2000 -11.9618
        vertex -1.9120 7.2000 -11.8624
    endloop
endfacet
facet normal 0.0000 8.6837 0.0000
    outer loop
        vertex -1.9120 0.8000 -11.8624
        vertex -1.8989 0.8000 -11.9618
        vertex 0.1667 0.8000 -11.5512
    endloop
endfacet
facet normal 0.0000 8.6920 0.0000
    outer loop
        vertex 0.1667 0.8000 -11.5512
        vertex 0.1408 0.8000 -11.4544
        vertex -1.9120 0.8000 -11.8624
    endloop
endfacet
facet normal 0.0000 10.4369 0.0000
    outer loop
        vertex -1.9120 7.2000 -11.8624
        vertex -1.8989 7.2000 -11.9618
        vertex -2.5964 7.2000 -12.0077
    endloop
endfacet
facet normal 0.0000 10.4329 0.0000
    outer loop
        vertex -2.5964 7.2000 -12.0077
        vertex -2.6030 7.2000 -11.9079
        vertex -1.9120 7.2000 -11.8624
    endloop
endfacet
facet normal 0.0000 9.5671 0.0000
    outer loop
        vertex -1.9120 0.8000 -11.8624
        vertex -2.6030 0.8000 -11.9079
        vertex -2.5964 0.8000 -12.0077
    endloop
endfacet
facet normal 0.0000 9.5631 0.0000
    outer loop
        vertex -2.5964 0.8000 -12.0077
        vertex -1.8989 0.8000 -11.9618
        vertex -1.9120 0.8000 -11.8624
    endloop
endfacet
facet normal -3.2422 10.0000 -0.2132
    outer loop
        vertex -3.2017 6.6000 -11.9474
        vertex -3.1952 6.6000 -12.0472
        vertex -3.1952 1.4000 -12.0472
    endloop
endfacet
facet normal -3.2422 10.0000 -0.2132
    outer loop
        vertex -3.1952 1.4000 -12.0472
        vertex -3.2017 1.4000 -11.9474
        vertex -3.2017 6.6000 -11.9474
    endloop
endfacet
endsolid GiantLegoRocks
