solid GiantLegoRocks
facet normal 0.0000 370.9161 0.0000
    outer loop
        vertex -16.4852 -16.3016 0.0000
        vertex 0.0000 -16.3016 0.0000
        vertex 0.0000 -16.3016 -3.6000
    endloop
endfacet
facet normal 0.0000 374.1426 0.0000
    outer loop
        vertex 0.0000 -16.3016 -3.6000
        vertex -16.6286 -16.3016 -3.6000
        vertex -16.4852 -16.3016 0.0000
    endloop
endfacet
facet normal 0.0000 0.0000 -0.0321
    outer loop
        vertex -16.3993 -16.3993 0.0000
        vertex -3.0266 -22.9929 0.0000
        vertex 0.0000 -23.1924 0.0000
    endloop
endfacet
facet normal 0.0000 0.0000 -0.0218
    outer loop
        vertex -3.0266 -22.9929 0.0000
        vertex -16.3993 -16.3993 0.0000
        vertex -14.1195 -18.4009 0.0000
    endloop
endfacet
facet normal 0.0000 0.0000 -0.0132
    outer loop
        vertex -14.1195 -18.4009 0.0000
        vertex -6.0022 -22.4015 0.0000
        vertex -3.0266 -22.9929 0.0000
    endloop
endfacet
facet normal 0.0000 0.0000 -0.0066
    outer loop
        vertex -6.0022 -22.4015 0.0000
        vertex -14.1195 -18.4009 0.0000
        vertex -11.5962 -20.0846 0.0000
    endloop
endfacet
facet normal 0.0000 0.0000 -0.0022
    outer loop
        vertex -11.5962 -20.0846 0.0000
        vertex -8.8757 -21.4275 0.0000
        vertex -6.0022 -22.4015 0.0000
    endloop
endfacet
facet normal 0.0000 0.0000 -9.0321
    outer loop
        vertex -16.4757 -16.4757 -3.6000
        vertex 0.0000 -23.3004 -3.6000
        vertex -3.0407 -23.1000 -3.6000
    endloop
endfacet
facet normal 0.0000 0.0000 -9.0218
    outer loop
        vertex -3.0407 -23.1000 -3.6000
        vertex -14.1853 -18.4865 -3.6000
        vertex -16.4757 -16.4757 -3.6000
    endloop
endfacet
facet normal 0.0000 0.0000 -9.0132
    outer loop
        vertex -14.1853 -18.4865 -3.6000
        vertex -3.0407 -23.1000 -3.6000
        vertex -6.0301 -22.5059 -3.6000
    endloop
endfacet
facet normal 0.0000 0.0000 -9.0066
    outer loop
        vertex -6.0301 -22.5059 -3.6000
        vertex -11.6502 -20.1781 -3.6000
        vertex -14.1853 -18.4865 -3.6000
    endloop
endfacet
facet normal 0.0000 0.0000 -9.0022
    outer loop
        vertex -11.6502 -20.1781 -3.6000
        vertex -6.0301 -22.5059 -3.6000
        vertex -8.9171 -21.5272 -3.6000
    endloop
endfacet
facet normal 0.0000 0.0000 -727.3748
    outer loop
        vertex -16.6286 -16.3016 -3.6000
        vertex 0.0000 -16.3016 -3.6000
        vertex 0.0000 -23.3004 -3.6000
    endloop
endfacet
facet normal 0.0000 0.0000 -11.4104
    outer loop
        vertex 0.0000 -23.3004 -3.6000
        vertex -16.4757 -16.4757 -3.6000
        vertex -16.6286 -16.3016 -3.6000
    endloop
endfacet
facet normal 0.0000 0.0000 10.0724
    outer loop
        vertex 0.0000 -16.3016 0.0000
        vertex -16.4852 -16.3016 0.0000
        vertex -16.3994 -16.3994 0.0000
    endloop
endfacet
facet normal 0.0000 0.0000 706.2794
    outer loop
        vertex -16.3994 -16.3994 0.0000
        vertex 0.0000 -23.1924 0.0000
        vertex 0.0000 -16.3016 0.0000
    endloop
endfacet
facet normal -0.1720 -2.6100 -9.5000
    outer loop
        vertex -1.0440 -7.9312 -3.8000
        vertex 0.0000 -8.0000 -3.8000
        vertex 0.0000 -8.0000 3.8000
    endloop
endfacet
facet normal -0.1720 -2.6100 -9.5000
    outer loop
        vertex 0.0000 -8.0000 3.8000
        vertex -1.0440 -7.9312 3.8000
        vertex -1.0440 -7.9312 -3.8000
    endloop
endfacet
facet normal -0.5100 -2.5660 -9.5000
    outer loop
        vertex -2.0704 -7.7272 -3.8000
        vertex -1.0440 -7.9312 -3.8000
        vertex -1.0440 -7.9312 3.8000
    endloop
endfacet
facet normal -0.5100 -2.5660 -9.5000
    outer loop
        vertex -1.0440 -7.9312 3.8000
        vertex -2.0704 -7.7272 3.8000
        vertex -2.0704 -7.7272 -3.8000
    endloop
endfacet
facet normal -0.8400 -2.4780 -9.5000
    outer loop
        vertex -3.0616 -7.3912 -3.8000
        vertex -2.0704 -7.7272 -3.8000
        vertex -2.0704 -7.7272 3.8000
    endloop
endfacet
facet normal -0.8400 -2.4780 -9.5000
    outer loop
        vertex -2.0704 -7.7272 3.8000
        vertex -3.0616 -7.3912 3.8000
        vertex -3.0616 -7.3912 -3.8000
    endloop
endfacet
facet normal -1.1580 -2.3460 -9.5000
    outer loop
        vertex -4.0000 -6.9280 -3.8000
        vertex -3.0616 -7.3912 -3.8000
        vertex -3.0616 -7.3912 3.8000
    endloop
endfacet
facet normal -1.1580 -2.3460 -9.5000
    outer loop
        vertex -3.0616 -7.3912 3.8000
        vertex -4.0000 -6.9280 3.8000
        vertex -4.0000 -6.9280 -3.8000
    endloop
endfacet
facet normal -1.4520 -2.1760 -9.5000
    outer loop
        vertex -4.8704 -6.3472 -3.8000
        vertex -4.0000 -6.9280 -3.8000
        vertex -4.0000 -6.9280 3.8000
    endloop
endfacet
facet normal -1.4520 -2.1760 -9.5000
    outer loop
        vertex -4.0000 -6.9280 3.8000
        vertex -4.8704 -6.3472 3.8000
        vertex -4.8704 -6.3472 -3.8000
    endloop
endfacet
facet normal -1.7260 -1.9660 -9.5000
    outer loop
        vertex -5.6568 -5.6568 -3.8000
        vertex -4.8704 -6.3472 -3.8000
        vertex -4.8704 -6.3472 3.8000
    endloop
endfacet
facet normal -1.7260 -1.9660 -9.5000
    outer loop
        vertex -4.8704 -6.3472 3.8000
        vertex -5.6568 -5.6568 3.8000
        vertex -5.6568 -5.6568 -3.8000
    endloop
endfacet
facet normal -1.9660 -1.7260 -9.5000
    outer loop
        vertex -6.3472 -4.8704 -3.8000
        vertex -5.6568 -5.6568 -3.8000
        vertex -5.6568 -5.6568 3.8000
    endloop
endfacet
facet normal -1.9660 -1.7260 -9.5000
    outer loop
        vertex -5.6568 -5.6568 3.8000
        vertex -6.3472 -4.8704 3.8000
        vertex -6.3472 -4.8704 -3.8000
    endloop
endfacet
facet normal -2.1760 -1.4520 -9.5000
    outer loop
        vertex -6.9280 -4.0000 -3.8000
        vertex -6.3472 -4.8704 -3.8000
        vertex -6.3472 -4.8704 3.8000
    endloop
endfacet
facet normal -2.1760 -1.4520 -9.5000
    outer loop
        vertex -6.3472 -4.8704 3.8000
        vertex -6.9280 -4.0000 3.8000
        vertex -6.9280 -4.0000 -3.8000
    endloop
endfacet
facet normal -2.3460 -1.1580 -9.5000
    outer loop
        vertex -7.3912 -3.0616 -3.8000
        vertex -6.9280 -4.0000 -3.8000
        vertex -6.9280 -4.0000 3.8000
    endloop
endfacet
facet normal -2.3460 -1.1580 -9.5000
    outer loop
        vertex -6.9280 -4.0000 3.8000
        vertex -7.3912 -3.0616 3.8000
        vertex -7.3912 -3.0616 -3.8000
    endloop
endfacet
facet normal -2.4780 -0.8400 -9.5000
    outer loop
        vertex -7.7272 -2.0704 -3.8000
        vertex -7.3912 -3.0616 -3.8000
        vertex -7.3912 -3.0616 3.8000
    endloop
endfacet
facet normal -2.4780 -0.8400 -9.5000
    outer loop
        vertex -7.3912 -3.0616 3.8000
        vertex -7.7272 -2.0704 3.8000
        vertex -7.7272 -2.0704 -3.8000
    endloop
endfacet
facet normal -2.5660 -0.5100 -9.5000
    outer loop
        vertex -7.9312 -1.0440 -3.8000
        vertex -7.7272 -2.0704 -3.8000
        vertex -7.7272 -2.0704 3.8000
    endloop
endfacet
facet normal -2.5660 -0.5100 -9.5000
    outer loop
        vertex -7.7272 -2.0704 3.8000
        vertex -7.9312 -1.0440 3.8000
        vertex -7.9312 -1.0440 -3.8000
    endloop
endfacet
facet normal -2.6100 -0.1720 -9.5000
    outer loop
        vertex -8.0000 0.0000 -3.8000
        vertex -7.9312 -1.0440 -3.8000
        vertex -7.9312 -1.0440 3.8000
    endloop
endfacet
facet normal -2.6100 -0.1720 -9.5000
    outer loop
        vertex -7.9312 -1.0440 3.8000
        vertex -8.0000 0.0000 3.8000
        vertex -8.0000 0.0000 -3.8000
    endloop
endfacet
facet normal 0.0000 0.0000 -10.8050
    outer loop
        vertex 0.0000 -8.0000 -3.8000
        vertex -1.0440 -7.9312 -3.8000
        vertex -0.9396 -7.1381 -3.8000
    endloop
endfacet
facet normal 0.0000 0.0000 -10.6745
    outer loop
        vertex -0.9396 -7.1381 -3.8000
        vertex 0.0000 -7.2000 -3.8000
        vertex 0.0000 -8.0000 -3.8000
    endloop
endfacet
facet normal 0.0000 0.0000 -10.8052
    outer loop
        vertex -1.0440 -7.9312 -3.8000
        vertex -2.0704 -7.7272 -3.8000
        vertex -1.8634 -6.9545 -3.8000
    endloop
endfacet
facet normal 0.0000 0.0000 -10.6747
    outer loop
        vertex -1.8634 -6.9545 -3.8000
        vertex -0.9396 -7.1381 -3.8000
        vertex -1.0440 -7.9312 -3.8000
    endloop
endfacet
facet normal 0.0000 0.0000 -10.8054
    outer loop
        vertex -2.0704 -7.7272 -3.8000
        vertex -3.0616 -7.3912 -3.8000
        vertex -2.7554 -6.6521 -3.8000
    endloop
endfacet
facet normal 0.0000 0.0000 -10.6749
    outer loop
        vertex -2.7554 -6.6521 -3.8000
        vertex -1.8634 -6.9545 -3.8000
        vertex -2.0704 -7.7272 -3.8000
    endloop
endfacet
facet normal 0.0000 0.0000 -10.8053
    outer loop
        vertex -3.0616 -7.3912 -3.8000
        vertex -4.0000 -6.9280 -3.8000
        vertex -3.6000 -6.2352 -3.8000
    endloop
endfacet
facet normal 0.0000 0.0000 -10.6748
    outer loop
        vertex -3.6000 -6.2352 -3.8000
        vertex -2.7554 -6.6521 -3.8000
        vertex -3.0616 -7.3912 -3.8000
    endloop
endfacet
facet normal 0.0000 0.0000 -10.8052
    outer loop
        vertex -4.0000 -6.9280 -3.8000
        vertex -4.8704 -6.3472 -3.8000
        vertex -4.3834 -5.7125 -3.8000
    endloop
endfacet
facet normal 0.0000 0.0000 -10.6747
    outer loop
        vertex -4.3834 -5.7125 -3.8000
        vertex -3.6000 -6.2352 -3.8000
        vertex -4.0000 -6.9280 -3.8000
    endloop
endfacet
facet normal 0.0000 0.0000 -10.8053
    outer loop
        vertex -4.8704 -6.3472 -3.8000
        vertex -5.6568 -5.6568 -3.8000
        vertex -5.0911 -5.0911 -3.8000
    endloop
endfacet
facet normal 0.0000 0.0000 -10.6748
    outer loop
        vertex -5.0911 -5.0911 -3.8000
        vertex -4.3834 -5.7125 -3.8000
        vertex -4.8704 -6.3472 -3.8000
    endloop
endfacet
facet normal 0.0000 0.0000 -10.8053
    outer loop
        vertex -5.6568 -5.6568 -3.8000
        vertex -6.3472 -4.8704 -3.8000
        vertex -5.7125 -4.3834 -3.8000
    endloop
endfacet
facet normal 0.0000 0.0000 -10.6748
    outer loop
        vertex -5.7125 -4.3834 -3.8000
        vertex -5.0911 -5.0911 -3.8000
        vertex -5.6568 -5.6568 -3.8000
    endloop
endfacet
facet normal 0.0000 0.0000 -10.8052
    outer loop
        vertex -6.3472 -4.8704 -3.8000
        vertex -6.9280 -4.0000 -3.8000
        vertex -6.2352 -3.6000 -3.8000
    endloop
endfacet
facet normal 0.0000 0.0000 -10.6747
    outer loop
        vertex -6.2352 -3.6000 -3.8000
        vertex -5.7125 -4.3834 -3.8000
        vertex -6.3472 -4.8704 -3.8000
    endloop
endfacet
facet normal 0.0000 0.0000 -10.8053
    outer loop
        vertex -6.9280 -4.0000 -3.8000
        vertex -7.3912 -3.0616 -3.8000
        vertex -6.6521 -2.7554 -3.8000
    endloop
endfacet
facet normal 0.0000 0.0000 -10.6748
    outer loop
        vertex -6.6521 -2.7554 -3.8000
        vertex -6.2352 -3.6000 -3.8000
        vertex -6.9280 -4.0000 -3.8000
    endloop
endfacet
facet normal 0.0000 0.0000 -10.8054
    outer loop
        vertex -7.3912 -3.0616 -3.8000
        vertex -7.7272 -2.0704 -3.8000
        vertex -6.9545 -1.8634 -3.8000
    endloop
endfacet
facet normal 0.0000 0.0000 -10.6749
    outer loop
        vertex -6.9545 -1.8634 -3.8000
        vertex -6.6521 -2.7554 -3.8000
        vertex -7.3912 -3.0616 -3.8000
    endloop
endfacet
facet normal 0.0000 0.0000 -10.8052
    outer loop
        vertex -7.7272 -2.0704 -3.8000
        vertex -7.9312 -1.0440 -3.8000
        vertex -7.1381 -0.9396 -3.8000
    endloop
endfacet
facet normal 0.0000 0.0000 -10.6747
    outer loop
        vertex -7.1381 -0.9396 -3.8000
        vertex -6.9545 -1.8634 -3.8000
        vertex -7.7272 -2.0704 -3.8000
    endloop
endfacet
facet normal 0.0000 0.0000 -10.8050
    outer loop
        vertex -7.9312 -1.0440 -3.8000
        vertex -8.0000 0.0000 -3.8000
        vertex -7.2000 0.0000 -3.8000
    endloop
endfacet
facet normal 0.0000 0.0000 -10.6745
    outer loop
        vertex -7.2000 0.0000 -3.8000
        vertex -7.1381 -0.9396 -3.8000
        vertex -7.9312 -1.0440 -3.8000
    endloop
endfacet
facet normal 0.0000 0.0000 -11.8490
    outer loop
        vertex 0.0000 -7.2000 -3.8000
        vertex -0.9396 -7.1381 -3.8000
        vertex -0.8874 -6.7415 -3.8000
    endloop
endfacet
facet normal 0.0000 0.0000 -11.7185
    outer loop
        vertex -0.8874 -6.7415 -3.8000
        vertex 0.0000 -6.8000 -3.8000
        vertex 0.0000 -7.2000 -3.8000
    endloop
endfacet
facet normal 0.0000 0.0000 -11.8494
    outer loop
        vertex -0.9396 -7.1381 -3.8000
        vertex -1.8634 -6.9545 -3.8000
        vertex -1.7598 -6.5681 -3.8000
    endloop
endfacet
facet normal 0.0000 0.0000 -11.7189
    outer loop
        vertex -1.7598 -6.5681 -3.8000
        vertex -0.8874 -6.7415 -3.8000
        vertex -0.9396 -7.1381 -3.8000
    endloop
endfacet
facet normal 0.0000 0.0000 -11.8498
    outer loop
        vertex -1.8634 -6.9545 -3.8000
        vertex -2.7554 -6.6521 -3.8000
        vertex -2.6024 -6.2825 -3.8000
    endloop
endfacet
facet normal 0.0000 0.0000 -11.7193
    outer loop
        vertex -2.6024 -6.2825 -3.8000
        vertex -1.7598 -6.5681 -3.8000
        vertex -1.8634 -6.9545 -3.8000
    endloop
endfacet
facet normal 0.0000 0.0000 -11.8496
    outer loop
        vertex -2.7554 -6.6521 -3.8000
        vertex -3.6000 -6.2352 -3.8000
        vertex -3.4000 -5.8888 -3.8000
    endloop
endfacet
facet normal 0.0000 0.0000 -11.7190
    outer loop
        vertex -3.4000 -5.8888 -3.8000
        vertex -2.6024 -6.2825 -3.8000
        vertex -2.7554 -6.6521 -3.8000
    endloop
endfacet
facet normal 0.0000 0.0000 -11.8494
    outer loop
        vertex -3.6000 -6.2352 -3.8000
        vertex -4.3834 -5.7125 -3.8000
        vertex -4.1398 -5.3951 -3.8000
    endloop
endfacet
facet normal 0.0000 0.0000 -11.7189
    outer loop
        vertex -4.1398 -5.3951 -3.8000
        vertex -3.4000 -5.8888 -3.8000
        vertex -3.6000 -6.2352 -3.8000
    endloop
endfacet
facet normal 0.0000 0.0000 -11.8496
    outer loop
        vertex -4.3834 -5.7125 -3.8000
        vertex -5.0911 -5.0911 -3.8000
        vertex -4.8083 -4.8083 -3.8000
    endloop
endfacet
facet normal 0.0000 0.0000 -11.7190
    outer loop
        vertex -4.8083 -4.8083 -3.8000
        vertex -4.1398 -5.3951 -3.8000
        vertex -4.3834 -5.7125 -3.8000
    endloop
endfacet
facet normal 0.0000 0.0000 -11.8496
    outer loop
        vertex -5.0911 -5.0911 -3.8000
        vertex -5.7125 -4.3834 -3.8000
        vertex -5.3951 -4.1398 -3.8000
    endloop
endfacet
facet normal 0.0000 0.0000 -11.7190
    outer loop
        vertex -5.3951 -4.1398 -3.8000
        vertex -4.8083 -4.8083 -3.8000
        vertex -5.0911 -5.0911 -3.8000
    endloop
endfacet
facet normal 0.0000 0.0000 -11.8494
    outer loop
        vertex -5.7125 -4.3834 -3.8000
        vertex -6.2352 -3.6000 -3.8000
        vertex -5.8888 -3.4000 -3.8000
    endloop
endfacet
facet normal 0.0000 0.0000 -11.7189
    outer loop
        vertex -5.8888 -3.4000 -3.8000
        vertex -5.3951 -4.1398 -3.8000
        vertex -5.7125 -4.3834 -3.8000
    endloop
endfacet
facet normal 0.0000 0.0000 -11.8496
    outer loop
        vertex -6.2352 -3.6000 -3.8000
        vertex -6.6521 -2.7554 -3.8000
        vertex -6.2825 -2.6024 -3.8000
    endloop
endfacet
facet normal 0.0000 0.0000 -11.7190
    outer loop
        vertex -6.2825 -2.6024 -3.8000
        vertex -5.8888 -3.4000 -3.8000
        vertex -6.2352 -3.6000 -3.8000
    endloop
endfacet
facet normal 0.0000 0.0000 -11.8498
    outer loop
        vertex -6.6521 -2.7554 -3.8000
        vertex -6.9545 -1.8634 -3.8000
        vertex -6.5681 -1.7598 -3.8000
    endloop
endfacet
facet normal 0.0000 0.0000 -11.7193
    outer loop
        vertex -6.5681 -1.7598 -3.8000
        vertex -6.2825 -2.6024 -3.8000
        vertex -6.6521 -2.7554 -3.8000
    endloop
endfacet
facet normal 0.0000 0.0000 -11.8494
    outer loop
        vertex -6.9545 -1.8634 -3.8000
        vertex -7.1381 -0.9396 -3.8000
        vertex -6.7415 -0.8874 -3.8000
    endloop
endfacet
facet normal 0.0000 0.0000 -11.7189
    outer loop
        vertex -6.7415 -0.8874 -3.8000
        vertex -6.5681 -1.7598 -3.8000
        vertex -6.9545 -1.8634 -3.8000
    endloop
endfacet
facet normal 0.0000 0.0000 -11.8490
    outer loop
        vertex -7.1381 -0.9396 -3.8000
        vertex -7.2000 0.0000 -3.8000
        vertex -6.8000 0.0000 -3.8000
    endloop
endfacet
facet normal 0.0000 0.0000 -11.7185
    outer loop
        vertex -6.8000 0.0000 -3.8000
        vertex -6.7415 -0.8874 -3.8000
        vertex -7.1381 -0.9396 -3.8000
    endloop
endfacet
facet normal -0.1462 -2.2185 -9.0000
    outer loop
        vertex -0.8874 -6.7415 -3.6000
        vertex 0.0000 -6.8000 -3.6000
        vertex 0.0000 -6.8000 -3.8000
    endloop
endfacet
facet normal -0.1462 -2.2185 -9.0000
    outer loop
        vertex 0.0000 -6.8000 -3.8000
        vertex -0.8874 -6.7415 -3.8000
        vertex -0.8874 -6.7415 -3.6000
    endloop
endfacet
facet normal -0.4335 -2.1811 -9.0000
    outer loop
        vertex -1.7598 -6.5681 -3.6000
        vertex -0.8874 -6.7415 -3.6000
        vertex -0.8874 -6.7415 -3.8000
    endloop
endfacet
facet normal -0.4335 -2.1811 -9.0000
    outer loop
        vertex -0.8874 -6.7415 -3.8000
        vertex -1.7598 -6.5681 -3.8000
        vertex -1.7598 -6.5681 -3.6000
    endloop
endfacet
facet normal -0.7140 -2.1063 -9.0000
    outer loop
        vertex -2.6024 -6.2825 -3.6000
        vertex -1.7598 -6.5681 -3.6000
        vertex -1.7598 -6.5681 -3.8000
    endloop
endfacet
facet normal -0.7140 -2.1063 -9.0000
    outer loop
        vertex -1.7598 -6.5681 -3.8000
        vertex -2.6024 -6.2825 -3.8000
        vertex -2.6024 -6.2825 -3.6000
    endloop
endfacet
facet normal -0.9843 -1.9941 -9.0000
    outer loop
        vertex -3.4000 -5.8888 -3.6000
        vertex -2.6024 -6.2825 -3.6000
        vertex -2.6024 -6.2825 -3.8000
    endloop
endfacet
facet normal -0.9843 -1.9941 -9.0000
    outer loop
        vertex -2.6024 -6.2825 -3.8000
        vertex -3.4000 -5.8888 -3.8000
        vertex -3.4000 -5.8888 -3.6000
    endloop
endfacet
facet normal -1.2342 -1.8496 -9.0000
    outer loop
        vertex -4.1398 -5.3951 -3.6000
        vertex -3.4000 -5.8888 -3.6000
        vertex -3.4000 -5.8888 -3.8000
    endloop
endfacet
facet normal -1.2342 -1.8496 -9.0000
    outer loop
        vertex -3.4000 -5.8888 -3.8000
        vertex -4.1398 -5.3951 -3.8000
        vertex -4.1398 -5.3951 -3.6000
    endloop
endfacet
facet normal -1.4671 -1.6711 -9.0000
    outer loop
        vertex -4.8083 -4.8083 -3.6000
        vertex -4.1398 -5.3951 -3.6000
        vertex -4.1398 -5.3951 -3.8000
    endloop
endfacet
facet normal -1.4671 -1.6711 -9.0000
    outer loop
        vertex -4.1398 -5.3951 -3.8000
        vertex -4.8083 -4.8083 -3.8000
        vertex -4.8083 -4.8083 -3.6000
    endloop
endfacet
facet normal -1.6711 -1.4671 -9.0000
    outer loop
        vertex -5.3951 -4.1398 -3.6000
        vertex -4.8083 -4.8083 -3.6000
        vertex -4.8083 -4.8083 -3.8000
    endloop
endfacet
facet normal -1.6711 -1.4671 -9.0000
    outer loop
        vertex -4.8083 -4.8083 -3.8000
        vertex -5.3951 -4.1398 -3.8000
        vertex -5.3951 -4.1398 -3.6000
    endloop
endfacet
facet normal -1.8496 -1.2342 -9.0000
    outer loop
        vertex -5.8888 -3.4000 -3.6000
        vertex -5.3951 -4.1398 -3.6000
        vertex -5.3951 -4.1398 -3.8000
    endloop
endfacet
facet normal -1.8496 -1.2342 -9.0000
    outer loop
        vertex -5.3951 -4.1398 -3.8000
        vertex -5.8888 -3.4000 -3.8000
        vertex -5.8888 -3.4000 -3.6000
    endloop
endfacet
facet normal -1.9941 -0.9843 -9.0000
    outer loop
        vertex -6.2825 -2.6024 -3.6000
        vertex -5.8888 -3.4000 -3.6000
        vertex -5.8888 -3.4000 -3.8000
    endloop
endfacet
facet normal -1.9941 -0.9843 -9.0000
    outer loop
        vertex -5.8888 -3.4000 -3.8000
        vertex -6.2825 -2.6024 -3.8000
        vertex -6.2825 -2.6024 -3.6000
    endloop
endfacet
facet normal -2.1063 -0.7140 -9.0000
    outer loop
        vertex -6.5681 -1.7598 -3.6000
        vertex -6.2825 -2.6024 -3.6000
        vertex -6.2825 -2.6024 -3.8000
    endloop
endfacet
facet normal -2.1063 -0.7140 -9.0000
    outer loop
        vertex -6.2825 -2.6024 -3.8000
        vertex -6.5681 -1.7598 -3.8000
        vertex -6.5681 -1.7598 -3.6000
    endloop
endfacet
facet normal -2.1811 -0.4335 -9.0000
    outer loop
        vertex -6.7415 -0.8874 -3.6000
        vertex -6.5681 -1.7598 -3.6000
        vertex -6.5681 -1.7598 -3.8000
    endloop
endfacet
facet normal -2.1811 -0.4335 -9.0000
    outer loop
        vertex -6.5681 -1.7598 -3.8000
        vertex -6.7415 -0.8874 -3.8000
        vertex -6.7415 -0.8874 -3.6000
    endloop
endfacet
facet normal -2.2185 -0.1462 -9.0000
    outer loop
        vertex -6.8000 0.0000 -3.6000
        vertex -6.7415 -0.8874 -3.6000
        vertex -6.7415 -0.8874 -3.8000
    endloop
endfacet
facet normal -2.2185 -0.1462 -9.0000
    outer loop
        vertex -6.7415 -0.8874 -3.8000
        vertex -6.8000 0.0000 -3.8000
        vertex -6.8000 0.0000 -3.6000
    endloop
endfacet
facet normal 0.0000 0.0000 -9.0321
    outer loop
        vertex -4.8083 -4.8083 -3.6000
        vertex 0.0000 -6.8000 -3.6000
        vertex -0.8874 -6.7415 -3.6000
    endloop
endfacet
facet normal 0.0000 0.0000 -9.0218
    outer loop
        vertex -0.8874 -6.7415 -3.6000
        vertex -4.1398 -5.3951 -3.6000
        vertex -4.8083 -4.8083 -3.6000
    endloop
endfacet
facet normal 0.0000 0.0000 -9.0132
    outer loop
        vertex -4.1398 -5.3951 -3.6000
        vertex -0.8874 -6.7415 -3.6000
        vertex -1.7598 -6.5681 -3.6000
    endloop
endfacet
facet normal 0.0000 0.0000 -9.0066
    outer loop
        vertex -1.7598 -6.5681 -3.6000
        vertex -3.4000 -5.8888 -3.6000
        vertex -4.1398 -5.3951 -3.6000
    endloop
endfacet
facet normal 0.0000 0.0000 -9.0022
    outer loop
        vertex -3.4000 -5.8888 -3.6000
        vertex -1.7598 -6.5681 -3.6000
        vertex -2.6024 -6.2825 -3.6000
    endloop
endfacet
facet normal 0.0000 0.0000 -8.9679
    outer loop
        vertex -4.8083 -4.8083 -3.6000
        vertex -6.7415 -0.8874 -3.6000
        vertex -6.8000 0.0000 -3.6000
    endloop
endfacet
facet normal 0.0000 0.0000 -8.9782
    outer loop
        vertex -6.7415 -0.8874 -3.6000
        vertex -4.8083 -4.8083 -3.6000
        vertex -5.3951 -4.1398 -3.6000
    endloop
endfacet
facet normal 0.0000 0.0000 -8.9868
    outer loop
        vertex -5.3951 -4.1398 -3.6000
        vertex -6.5681 -1.7598 -3.6000
        vertex -6.7415 -0.8874 -3.6000
    endloop
endfacet
facet normal 0.0000 0.0000 -8.9934
    outer loop
        vertex -6.5681 -1.7598 -3.6000
        vertex -5.3951 -4.1398 -3.6000
        vertex -5.8888 -3.4000 -3.6000
    endloop
endfacet
facet normal 0.0000 0.0000 -8.9978
    outer loop
        vertex -5.8888 -3.4000 -3.6000
        vertex -6.2825 -2.6024 -3.6000
        vertex -6.5681 -1.7598 -3.6000
    endloop
endfacet
facet normal 0.0000 0.0000 -96.1656
    outer loop
        vertex 0.0000 -3.6000 -3.6000
        vertex 0.0000 -6.8000 -3.6000
        vertex -4.8083 -4.8083 -3.6000
    endloop
endfacet
facet normal 0.0000 0.0000 -27.1863
    outer loop
        vertex -4.8083 -4.8083 -3.6000
        vertex -3.6000 -3.6000 -3.6000
        vertex 0.0000 -3.6000 -3.6000
    endloop
endfacet
facet normal 0.0000 0.0000 -96.1656
    outer loop
        vertex -4.8083 -4.8083 -3.6000
        vertex -6.8000 0.0000 -3.6000
        vertex -3.6000 0.0000 -3.6000
    endloop
endfacet
facet normal 0.0000 0.0000 -27.1863
    outer loop
        vertex -3.6000 0.0000 -3.6000
        vertex -3.6000 -3.6000 -3.6000
        vertex -4.8083 -4.8083 -3.6000
    endloop
endfacet
facet normal 0.0000 0.0000 -72.0000
    outer loop
        vertex -3.6000 3.6000 -3.6000
        vertex -3.6000 0.0000 -3.6000
        vertex -6.8000 0.0000 -3.6000
    endloop
endfacet
facet normal 0.0000 0.0000 -40.4039
    outer loop
        vertex -6.8000 0.0000 -3.6000
        vertex -6.2825 2.6024 -3.6000
        vertex -3.6000 3.6000 -3.6000
    endloop
endfacet
facet normal 0.0000 0.0000 8.1950
    outer loop
        vertex 0.0000 -8.0000 3.8000
        vertex -0.9396 -7.1381 3.8000
        vertex -1.0440 -7.9312 3.8000
    endloop
endfacet
facet normal 0.0000 0.0000 8.3255
    outer loop
        vertex -0.9396 -7.1381 3.8000
        vertex 0.0000 -8.0000 3.8000
        vertex 0.0000 -7.2000 3.8000
    endloop
endfacet
facet normal 0.0000 0.0000 8.1948
    outer loop
        vertex -1.0440 -7.9312 3.8000
        vertex -1.8634 -6.9545 3.8000
        vertex -2.0704 -7.7272 3.8000
    endloop
endfacet
facet normal 0.0000 0.0000 8.3253
    outer loop
        vertex -1.8634 -6.9545 3.8000
        vertex -1.0440 -7.9312 3.8000
        vertex -0.9396 -7.1381 3.8000
    endloop
endfacet
facet normal 0.0000 0.0000 8.1946
    outer loop
        vertex -2.0704 -7.7272 3.8000
        vertex -2.7554 -6.6521 3.8000
        vertex -3.0616 -7.3912 3.8000
    endloop
endfacet
facet normal 0.0000 0.0000 8.3251
    outer loop
        vertex -2.7554 -6.6521 3.8000
        vertex -2.0704 -7.7272 3.8000
        vertex -1.8634 -6.9545 3.8000
    endloop
endfacet
facet normal 0.0000 0.0000 8.1947
    outer loop
        vertex -3.0616 -7.3912 3.8000
        vertex -3.6000 -6.2352 3.8000
        vertex -4.0000 -6.9280 3.8000
    endloop
endfacet
facet normal 0.0000 0.0000 8.3252
    outer loop
        vertex -3.6000 -6.2352 3.8000
        vertex -3.0616 -7.3912 3.8000
        vertex -2.7554 -6.6521 3.8000
    endloop
endfacet
facet normal 0.0000 0.0000 8.1948
    outer loop
        vertex -4.0000 -6.9280 3.8000
        vertex -4.3834 -5.7125 3.8000
        vertex -4.8704 -6.3472 3.8000
    endloop
endfacet
facet normal 0.0000 0.0000 8.3253
    outer loop
        vertex -4.3834 -5.7125 3.8000
        vertex -4.0000 -6.9280 3.8000
        vertex -3.6000 -6.2352 3.8000
    endloop
endfacet
facet normal 0.0000 0.0000 8.1947
    outer loop
        vertex -4.8704 -6.3472 3.8000
        vertex -5.0911 -5.0911 3.8000
        vertex -5.6568 -5.6568 3.8000
    endloop
endfacet
facet normal 0.0000 0.0000 8.3252
    outer loop
        vertex -5.0911 -5.0911 3.8000
        vertex -4.8704 -6.3472 3.8000
        vertex -4.3834 -5.7125 3.8000
    endloop
endfacet
facet normal 0.0000 0.0000 8.1947
    outer loop
        vertex -5.6568 -5.6568 3.8000
        vertex -5.7125 -4.3834 3.8000
        vertex -6.3472 -4.8704 3.8000
    endloop
endfacet
facet normal 0.0000 0.0000 8.3252
    outer loop
        vertex -5.7125 -4.3834 3.8000
        vertex -5.6568 -5.6568 3.8000
        vertex -5.0911 -5.0911 3.8000
    endloop
endfacet
facet normal 0.0000 0.0000 8.1948
    outer loop
        vertex -6.3472 -4.8704 3.8000
        vertex -6.2352 -3.6000 3.8000
        vertex -6.9280 -4.0000 3.8000
    endloop
endfacet
facet normal 0.0000 0.0000 8.3253
    outer loop
        vertex -6.2352 -3.6000 3.8000
        vertex -6.3472 -4.8704 3.8000
        vertex -5.7125 -4.3834 3.8000
    endloop
endfacet
facet normal 0.0000 0.0000 8.1947
    outer loop
        vertex -6.9280 -4.0000 3.8000
        vertex -6.6521 -2.7554 3.8000
        vertex -7.3912 -3.0616 3.8000
    endloop
endfacet
facet normal 0.0000 0.0000 8.3252
    outer loop
        vertex -6.6521 -2.7554 3.8000
        vertex -6.9280 -4.0000 3.8000
        vertex -6.2352 -3.6000 3.8000
    endloop
endfacet
facet normal 0.0000 0.0000 8.1946
    outer loop
        vertex -7.3912 -3.0616 3.8000
        vertex -6.9545 -1.8634 3.8000
        vertex -7.7272 -2.0704 3.8000
    endloop
endfacet
facet normal 0.0000 0.0000 8.3251
    outer loop
        vertex -6.9545 -1.8634 3.8000
        vertex -7.3912 -3.0616 3.8000
        vertex -6.6521 -2.7554 3.8000
    endloop
endfacet
facet normal 0.0000 0.0000 8.1948
    outer loop
        vertex -7.7272 -2.0704 3.8000
        vertex -7.1381 -0.9396 3.8000
        vertex -7.9312 -1.0440 3.8000
    endloop
endfacet
facet normal 0.0000 0.0000 8.3253
    outer loop
        vertex -7.1381 -0.9396 3.8000
        vertex -7.7272 -2.0704 3.8000
        vertex -6.9545 -1.8634 3.8000
    endloop
endfacet
facet normal 0.0000 0.0000 8.1950
    outer loop
        vertex -7.9312 -1.0440 3.8000
        vertex -7.2000 0.0000 3.8000
        vertex -8.0000 0.0000 3.8000
    endloop
endfacet
facet normal 0.0000 0.0000 8.3255
    outer loop
        vertex -7.2000 0.0000 3.8000
        vertex -7.9312 -1.0440 3.8000
        vertex -7.1381 -0.9396 3.8000
    endloop
endfacet
facet normal 0.0000 0.0000 7.1510
    outer loop
        vertex 0.0000 -7.2000 3.8000
        vertex -0.8874 -6.7415 3.8000
        vertex -0.9396 -7.1381 3.8000
    endloop
endfacet
facet normal 0.0000 0.0000 7.2815
    outer loop
        vertex -0.8874 -6.7415 3.8000
        vertex 0.0000 -7.2000 3.8000
        vertex 0.0000 -6.8000 3.8000
    endloop
endfacet
facet normal 0.0000 0.0000 7.1506
    outer loop
        vertex -0.9396 -7.1381 3.8000
        vertex -1.7598 -6.5681 3.8000
        vertex -1.8634 -6.9545 3.8000
    endloop
endfacet
facet normal 0.0000 0.0000 7.2811
    outer loop
        vertex -1.7598 -6.5681 3.8000
        vertex -0.9396 -7.1381 3.8000
        vertex -0.8874 -6.7415 3.8000
    endloop
endfacet
facet normal 0.0000 0.0000 7.1502
    outer loop
        vertex -1.8634 -6.9545 3.8000
        vertex -2.6024 -6.2825 3.8000
        vertex -2.7554 -6.6521 3.8000
    endloop
endfacet
facet normal 0.0000 0.0000 7.2807
    outer loop
        vertex -2.6024 -6.2825 3.8000
        vertex -1.8634 -6.9545 3.8000
        vertex -1.7598 -6.5681 3.8000
    endloop
endfacet
facet normal 0.0000 0.0000 7.1504
    outer loop
        vertex -2.7554 -6.6521 3.8000
        vertex -3.4000 -5.8888 3.8000
        vertex -3.6000 -6.2352 3.8000
    endloop
endfacet
facet normal 0.0000 0.0000 7.2810
    outer loop
        vertex -3.4000 -5.8888 3.8000
        vertex -2.7554 -6.6521 3.8000
        vertex -2.6024 -6.2825 3.8000
    endloop
endfacet
facet normal 0.0000 0.0000 7.1506
    outer loop
        vertex -3.6000 -6.2352 3.8000
        vertex -4.1398 -5.3951 3.8000
        vertex -4.3834 -5.7125 3.8000
    endloop
endfacet
facet normal 0.0000 0.0000 7.2811
    outer loop
        vertex -4.1398 -5.3951 3.8000
        vertex -3.6000 -6.2352 3.8000
        vertex -3.4000 -5.8888 3.8000
    endloop
endfacet
facet normal 0.0000 0.0000 7.1504
    outer loop
        vertex -4.3834 -5.7125 3.8000
        vertex -4.8083 -4.8083 3.8000
        vertex -5.0911 -5.0911 3.8000
    endloop
endfacet
facet normal 0.0000 0.0000 7.2810
    outer loop
        vertex -4.8083 -4.8083 3.8000
        vertex -4.3834 -5.7125 3.8000
        vertex -4.1398 -5.3951 3.8000
    endloop
endfacet
facet normal 0.0000 0.0000 7.1504
    outer loop
        vertex -5.0911 -5.0911 3.8000
        vertex -5.3951 -4.1398 3.8000
        vertex -5.7125 -4.3834 3.8000
    endloop
endfacet
facet normal 0.0000 0.0000 7.2810
    outer loop
        vertex -5.3951 -4.1398 3.8000
        vertex -5.0911 -5.0911 3.8000
        vertex -4.8083 -4.8083 3.8000
    endloop
endfacet
facet normal 0.0000 0.0000 7.1506
    outer loop
        vertex -5.7125 -4.3834 3.8000
        vertex -5.8888 -3.4000 3.8000
        vertex -6.2352 -3.6000 3.8000
    endloop
endfacet
facet normal 0.0000 0.0000 7.2811
    outer loop
        vertex -5.8888 -3.4000 3.8000
        vertex -5.7125 -4.3834 3.8000
        vertex -5.3951 -4.1398 3.8000
    endloop
endfacet
facet normal 0.0000 0.0000 7.1504
    outer loop
        vertex -6.2352 -3.6000 3.8000
        vertex -6.2825 -2.6024 3.8000
        vertex -6.6521 -2.7554 3.8000
    endloop
endfacet
facet normal 0.0000 0.0000 7.2810
    outer loop
        vertex -6.2825 -2.6024 3.8000
        vertex -6.2352 -3.6000 3.8000
        vertex -5.8888 -3.4000 3.8000
    endloop
endfacet
facet normal 0.0000 0.0000 7.1502
    outer loop
        vertex -6.6521 -2.7554 3.8000
        vertex -6.5681 -1.7598 3.8000
        vertex -6.9545 -1.8634 3.8000
    endloop
endfacet
facet normal 0.0000 0.0000 7.2807
    outer loop
        vertex -6.5681 -1.7598 3.8000
        vertex -6.6521 -2.7554 3.8000
        vertex -6.2825 -2.6024 3.8000
    endloop
endfacet
facet normal 0.0000 0.0000 7.1506
    outer loop
        vertex -6.9545 -1.8634 3.8000
        vertex -6.7415 -0.8874 3.8000
        vertex -7.1381 -0.9396 3.8000
    endloop
endfacet
facet normal 0.0000 0.0000 7.2811
    outer loop
        vertex -6.7415 -0.8874 3.8000
        vertex -6.9545 -1.8634 3.8000
        vertex -6.5681 -1.7598 3.8000
    endloop
endfacet
facet normal 0.0000 0.0000 7.1510
    outer loop
        vertex -7.1381 -0.9396 3.8000
        vertex -6.8000 0.0000 3.8000
        vertex -7.2000 0.0000 3.8000
    endloop
endfacet
facet normal 0.0000 0.0000 7.2815
    outer loop
        vertex -6.8000 0.0000 3.8000
        vertex -7.1381 -0.9396 3.8000
        vertex -6.7415 -0.8874 3.8000
    endloop
endfacet
facet normal 0.1462 2.2185 -5.0000
    outer loop
        vertex -0.8874 -6.7415 -2.0000
        vertex 0.0000 -6.8000 3.8000
        vertex 0.0000 -6.8000 -2.0000
    endloop
endfacet
facet normal 0.1462 2.2185 -5.0000
    outer loop
        vertex 0.0000 -6.8000 3.8000
        vertex -0.8874 -6.7415 -2.0000
        vertex -0.8874 -6.7415 3.8000
    endloop
endfacet
facet normal 0.4335 2.1811 -5.0000
    outer loop
        vertex -1.7598 -6.5681 -2.0000
        vertex -0.8874 -6.7415 3.8000
        vertex -0.8874 -6.7415 -2.0000
    endloop
endfacet
facet normal 0.4335 2.1811 -5.0000
    outer loop
        vertex -0.8874 -6.7415 3.8000
        vertex -1.7598 -6.5681 -2.0000
        vertex -1.7598 -6.5681 3.8000
    endloop
endfacet
facet normal 0.7140 2.1063 -5.0000
    outer loop
        vertex -2.6024 -6.2825 -2.0000
        vertex -1.7598 -6.5681 3.8000
        vertex -1.7598 -6.5681 -2.0000
    endloop
endfacet
facet normal 0.7140 2.1063 -5.0000
    outer loop
        vertex -1.7598 -6.5681 3.8000
        vertex -2.6024 -6.2825 -2.0000
        vertex -2.6024 -6.2825 3.8000
    endloop
endfacet
facet normal 0.9843 1.9941 -5.0000
    outer loop
        vertex -3.4000 -5.8888 -2.0000
        vertex -2.6024 -6.2825 3.8000
        vertex -2.6024 -6.2825 -2.0000
    endloop
endfacet
facet normal 0.9843 1.9941 -5.0000
    outer loop
        vertex -2.6024 -6.2825 3.8000
        vertex -3.4000 -5.8888 -2.0000
        vertex -3.4000 -5.8888 3.8000
    endloop
endfacet
facet normal 1.2342 1.8496 -5.0000
    outer loop
        vertex -4.1398 -5.3951 -2.0000
        vertex -3.4000 -5.8888 3.8000
        vertex -3.4000 -5.8888 -2.0000
    endloop
endfacet
facet normal 1.2342 1.8496 -5.0000
    outer loop
        vertex -3.4000 -5.8888 3.8000
        vertex -4.1398 -5.3951 -2.0000
        vertex -4.1398 -5.3951 3.8000
    endloop
endfacet
facet normal 1.4671 1.6711 -5.0000
    outer loop
        vertex -4.8083 -4.8083 -2.0000
        vertex -4.1398 -5.3951 3.8000
        vertex -4.1398 -5.3951 -2.0000
    endloop
endfacet
facet normal 1.4671 1.6711 -5.0000
    outer loop
        vertex -4.1398 -5.3951 3.8000
        vertex -4.8083 -4.8083 -2.0000
        vertex -4.8083 -4.8083 3.8000
    endloop
endfacet
facet normal 1.6711 1.4671 -5.0000
    outer loop
        vertex -5.3951 -4.1398 -2.0000
        vertex -4.8083 -4.8083 3.8000
        vertex -4.8083 -4.8083 -2.0000
    endloop
endfacet
facet normal 1.6711 1.4671 -5.0000
    outer loop
        vertex -4.8083 -4.8083 3.8000
        vertex -5.3951 -4.1398 -2.0000
        vertex -5.3951 -4.1398 3.8000
    endloop
endfacet
facet normal 1.8496 1.2342 -5.0000
    outer loop
        vertex -5.8888 -3.4000 -2.0000
        vertex -5.3951 -4.1398 3.8000
        vertex -5.3951 -4.1398 -2.0000
    endloop
endfacet
facet normal 1.8496 1.2342 -5.0000
    outer loop
        vertex -5.3951 -4.1398 3.8000
        vertex -5.8888 -3.4000 -2.0000
        vertex -5.8888 -3.4000 3.8000
    endloop
endfacet
facet normal 1.9941 0.9843 -5.0000
    outer loop
        vertex -6.2825 -2.6024 -2.0000
        vertex -5.8888 -3.4000 3.8000
        vertex -5.8888 -3.4000 -2.0000
    endloop
endfacet
facet normal 1.9941 0.9843 -5.0000
    outer loop
        vertex -5.8888 -3.4000 3.8000
        vertex -6.2825 -2.6024 -2.0000
        vertex -6.2825 -2.6024 3.8000
    endloop
endfacet
facet normal 2.1063 0.7140 -5.0000
    outer loop
        vertex -6.5681 -1.7598 -2.0000
        vertex -6.2825 -2.6024 3.8000
        vertex -6.2825 -2.6024 -2.0000
    endloop
endfacet
facet normal 2.1063 0.7140 -5.0000
    outer loop
        vertex -6.2825 -2.6024 3.8000
        vertex -6.5681 -1.7598 -2.0000
        vertex -6.5681 -1.7598 3.8000
    endloop
endfacet
facet normal 2.1811 0.4335 -5.0000
    outer loop
        vertex -6.7415 -0.8874 -2.0000
        vertex -6.5681 -1.7598 3.8000
        vertex -6.5681 -1.7598 -2.0000
    endloop
endfacet
facet normal 2.1811 0.4335 -5.0000
    outer loop
        vertex -6.5681 -1.7598 3.8000
        vertex -6.7415 -0.8874 -2.0000
        vertex -6.7415 -0.8874 3.8000
    endloop
endfacet
facet normal 2.2185 0.1462 -5.0000
    outer loop
        vertex -6.8000 0.0000 -2.0000
        vertex -6.7415 -0.8874 3.8000
        vertex -6.7415 -0.8874 -2.0000
    endloop
endfacet
facet normal 2.2185 0.1462 -5.0000
    outer loop
        vertex -6.7415 -0.8874 3.8000
        vertex -6.8000 0.0000 -2.0000
        vertex -6.8000 0.0000 3.8000
    endloop
endfacet
facet normal 0.0000 0.0000 -5.0321
    outer loop
        vertex -4.8083 -4.8083 -2.0000
        vertex -0.8874 -6.7415 -2.0000
        vertex 0.0000 -6.8000 -2.0000
    endloop
endfacet
facet normal 0.0000 0.0000 -5.0218
    outer loop
        vertex -0.8874 -6.7415 -2.0000
        vertex -4.8083 -4.8083 -2.0000
        vertex -4.1398 -5.3951 -2.0000
    endloop
endfacet
facet normal 0.0000 0.0000 -5.0132
    outer loop
        vertex -4.1398 -5.3951 -2.0000
        vertex -1.7598 -6.5681 -2.0000
        vertex -0.8874 -6.7415 -2.0000
    endloop
endfacet
facet normal 0.0000 0.0000 -5.0066
    outer loop
        vertex -1.7598 -6.5681 -2.0000
        vertex -4.1398 -5.3951 -2.0000
        vertex -3.4000 -5.8888 -2.0000
    endloop
endfacet
facet normal 0.0000 0.0000 -5.0022
    outer loop
        vertex -3.4000 -5.8888 -2.0000
        vertex -2.6024 -6.2825 -2.0000
        vertex -1.7598 -6.5681 -2.0000
    endloop
endfacet
facet normal 0.0000 0.0000 -4.9679
    outer loop
        vertex -4.8083 -4.8083 -2.0000
        vertex -6.8000 0.0000 -2.0000
        vertex -6.7415 -0.8874 -2.0000
    endloop
endfacet
facet normal 0.0000 0.0000 -4.9782
    outer loop
        vertex -6.7415 -0.8874 -2.0000
        vertex -5.3951 -4.1398 -2.0000
        vertex -4.8083 -4.8083 -2.0000
    endloop
endfacet
facet normal 0.0000 0.0000 -4.9868
    outer loop
        vertex -5.3951 -4.1398 -2.0000
        vertex -6.7415 -0.8874 -2.0000
        vertex -6.5681 -1.7598 -2.0000
    endloop
endfacet
facet normal 0.0000 0.0000 -4.9934
    outer loop
        vertex -6.5681 -1.7598 -2.0000
        vertex -5.8888 -3.4000 -2.0000
        vertex -5.3951 -4.1398 -2.0000
    endloop
endfacet
facet normal 0.0000 0.0000 -4.9978
    outer loop
        vertex -5.8888 -3.4000 -2.0000
        vertex -6.5681 -1.7598 -2.0000
        vertex -6.2825 -2.6024 -2.0000
    endloop
endfacet
facet normal 0.0000 0.0000 96.1656
    outer loop
        vertex -4.8083 -4.8083 -2.0000
        vertex 0.0000 -6.8000 -2.0000
        vertex 0.0000 -3.6000 -2.0000
    endloop
endfacet
facet normal 0.0000 0.0000 27.1863
    outer loop
        vertex 0.0000 -3.6000 -2.0000
        vertex -3.6000 -3.6000 -2.0000
        vertex -4.8083 -4.8083 -2.0000
    endloop
endfacet
facet normal 0.0000 0.0000 96.1656
    outer loop
        vertex -3.6000 0.0000 -2.0000
        vertex -6.8000 0.0000 -2.0000
        vertex -4.8083 -4.8083 -2.0000
    endloop
endfacet
facet normal 0.0000 0.0000 27.1863
    outer loop
        vertex -4.8083 -4.8083 -2.0000
        vertex -3.6000 -3.6000 -2.0000
        vertex -3.6000 0.0000 -2.0000
    endloop
endfacet
facet normal 0.0000 0.0000 72.0000
    outer loop
        vertex -6.8000 0.0000 -2.0000
        vertex -3.6000 0.0000 -2.0000
        vertex -3.6000 3.6000 -2.0000
    endloop
endfacet
facet normal 0.0000 0.0000 40.4039
    outer loop
        vertex -3.6000 3.6000 -2.0000
        vertex -6.2825 2.6024 -2.0000
        vertex -6.8000 0.0000 -2.0000
    endloop
endfacet
facet normal -145.4260 28.9180 0.0000
    outer loop
        vertex -7.3912 3.0616 -3.8000
        vertex -8.0000 0.0000 -3.8000
        vertex -8.0000 0.0000 3.8000
    endloop
endfacet
facet normal -145.4260 28.9180 0.0000
    outer loop
        vertex -8.0000 0.0000 3.8000
        vertex -7.3912 3.0616 3.8000
        vertex -7.3912 3.0616 -3.8000
    endloop
endfacet
facet normal 0.0000 0.0000 -15.3080
    outer loop
        vertex -7.2000 0.0000 -3.8000
        vertex -8.0000 0.0000 -3.8000
        vertex -7.3912 3.0616 -3.8000
    endloop
endfacet
facet normal 0.0000 0.0000 -20.6658
    outer loop
        vertex -7.3912 3.0616 -3.8000
        vertex -6.2825 2.6024 -3.8000
        vertex -7.2000 0.0000 -3.8000
    endloop
endfacet
facet normal 0.0000 0.0000 -6.5059
    outer loop
        vertex -6.8000 0.0000 -3.8000
        vertex -7.2000 0.0000 -3.8000
        vertex -6.2825 2.6024 -3.8000
    endloop
endfacet
facet normal 3.2529 -0.6468 0.0000
    outer loop
        vertex -6.8000 0.0000 -3.6000
        vertex -6.8000 0.0000 -3.8000
        vertex -6.2825 2.6024 -3.8000
    endloop
endfacet
facet normal 3.2529 -0.6468 0.0000
    outer loop
        vertex -6.2825 2.6024 -3.8000
        vertex -6.2825 2.6024 -3.6000
        vertex -6.8000 0.0000 -3.6000
    endloop
endfacet
facet normal 0.0000 0.0000 22.9620
    outer loop
        vertex -6.2825 2.6024 3.8000
        vertex -7.3912 3.0616 3.8000
        vertex -8.0000 0.0000 3.8000
    endloop
endfacet
facet normal 0.0000 0.0000 13.0118
    outer loop
        vertex -8.0000 0.0000 3.8000
        vertex -7.2000 0.0000 3.8000
        vertex -6.2825 2.6024 3.8000
    endloop
endfacet
facet normal 0.0000 0.0000 6.5059
    outer loop
        vertex -7.2000 0.0000 3.8000
        vertex -6.8000 0.0000 3.8000
        vertex -6.2825 2.6024 3.8000
    endloop
endfacet
facet normal 94.3355 -18.7586 0.0000
    outer loop
        vertex -6.2825 2.6024 -2.0000
        vertex -6.2825 2.6024 3.8000
        vertex -6.8000 0.0000 3.8000
    endloop
endfacet
facet normal 94.3355 -18.7586 0.0000
    outer loop
        vertex -6.8000 0.0000 3.8000
        vertex -6.8000 0.0000 -2.0000
        vertex -6.2825 2.6024 -2.0000
    endloop
endfacet
facet normal 0.0000 0.0000 -87.2450
    outer loop
        vertex -3.6956 17.5308 -3.8000
        vertex -3.3744 13.9885 -3.8000
        vertex -6.2825 2.6024 -3.8000
    endloop
endfacet
facet normal 0.0000 0.0000 -110.8680
    outer loop
        vertex -6.2825 2.6024 -3.8000
        vertex -7.3912 3.0616 -3.8000
        vertex -3.6956 17.5308 -3.8000
    endloop
endfacet
facet normal 0.0000 0.0000 -189.0000
    outer loop
        vertex 0.0000 3.6000 -3.6000
        vertex -3.6000 3.6000 -3.6000
        vertex 0.0000 12.0000 -3.6000
    endloop
endfacet
facet normal 0.0000 0.0000 -276.2746
    outer loop
        vertex -6.2825 2.6024 -3.6000
        vertex -3.3744 13.9885 -3.6000
        vertex 0.0000 12.0000 -3.6000
    endloop
endfacet
facet normal 0.0000 0.0000 -118.3854
    outer loop
        vertex 0.0000 12.0000 -3.6000
        vertex -3.6000 3.6000 -3.6000
        vertex -6.2825 2.6024 -3.6000
    endloop
endfacet
facet normal 14.2327 -3.6352 0.0000
    outer loop
        vertex -6.2825 2.6024 -3.8000
        vertex -3.3744 13.9885 -3.8000
        vertex -3.3744 13.9885 -3.6000
    endloop
endfacet
facet normal 14.2327 -3.6352 0.0000
    outer loop
        vertex -3.3744 13.9885 -3.6000
        vertex -6.2825 2.6024 -3.6000
        vertex -6.2825 2.6024 -3.8000
    endloop
endfacet
facet normal 0.0000 0.0000 87.2450
    outer loop
        vertex -6.2825 2.6024 3.8000
        vertex -3.3744 13.9885 3.8000
        vertex -3.6956 17.5308 3.8000
    endloop
endfacet
facet normal 0.0000 0.0000 110.8680
    outer loop
        vertex -3.6956 17.5308 3.8000
        vertex -7.3912 3.0616 3.8000
        vertex -6.2825 2.6024 3.8000
    endloop
endfacet
facet normal 0.0000 0.0000 189.0000
    outer loop
        vertex -3.6000 3.6000 -2.0000
        vertex 0.0000 3.6000 -2.0000
        vertex 0.0000 12.0000 -2.0000
    endloop
endfacet
facet normal 0.0000 0.0000 276.2746
    outer loop
        vertex 0.0000 12.0000 -2.0000
        vertex -3.3744 13.9885 -2.0000
        vertex -6.2825 2.6024 -2.0000
    endloop
endfacet
facet normal 0.0000 0.0000 118.3854
    outer loop
        vertex -6.2825 2.6024 -2.0000
        vertex -3.6000 3.6000 -2.0000
        vertex 0.0000 12.0000 -2.0000
    endloop
endfacet
facet normal 412.7483 -105.4208 0.0000
    outer loop
        vertex -3.3744 13.9885 -2.0000
        vertex -3.3744 13.9885 3.8000
        vertex -6.2825 2.6024 3.8000
    endloop
endfacet
facet normal 412.7483 -105.4208 0.0000
    outer loop
        vertex -6.2825 2.6024 3.8000
        vertex -6.2825 2.6024 -2.0000
        vertex -3.3744 13.9885 -2.0000
    endloop
endfacet
facet normal 0.0860 38.6950 -9.5000
    outer loop
        vertex 0.0000 20.0000 3.8000
        vertex -0.5220 19.9656 -3.8000
        vertex -0.5220 19.9656 3.8000
    endloop
endfacet
facet normal 0.0860 38.6950 -9.5000
    outer loop
        vertex -0.5220 19.9656 -3.8000
        vertex 0.0000 20.0000 3.8000
        vertex 0.0000 20.0000 -3.8000
    endloop
endfacet
facet normal 0.2550 38.7170 -9.5000
    outer loop
        vertex -0.5220 19.9656 3.8000
        vertex -1.0352 19.8636 -3.8000
        vertex -1.0352 19.8636 3.8000
    endloop
endfacet
facet normal 0.2550 38.7170 -9.5000
    outer loop
        vertex -1.0352 19.8636 -3.8000
        vertex -0.5220 19.9656 3.8000
        vertex -0.5220 19.9656 -3.8000
    endloop
endfacet
facet normal 0.4200 38.7610 -9.5000
    outer loop
        vertex -1.0352 19.8636 3.8000
        vertex -1.5308 19.6956 -3.8000
        vertex -1.5308 19.6956 3.8000
    endloop
endfacet
facet normal 0.4200 38.7610 -9.5000
    outer loop
        vertex -1.5308 19.6956 -3.8000
        vertex -1.0352 19.8636 3.8000
        vertex -1.0352 19.8636 -3.8000
    endloop
endfacet
facet normal 0.5790 38.8270 -9.5000
    outer loop
        vertex -1.5308 19.6956 3.8000
        vertex -2.0000 19.4640 -3.8000
        vertex -2.0000 19.4640 3.8000
    endloop
endfacet
facet normal 0.5790 38.8270 -9.5000
    outer loop
        vertex -2.0000 19.4640 -3.8000
        vertex -1.5308 19.6956 3.8000
        vertex -1.5308 19.6956 -3.8000
    endloop
endfacet
facet normal 0.7260 38.9120 -9.5000
    outer loop
        vertex -2.0000 19.4640 3.8000
        vertex -2.4352 19.1736 -3.8000
        vertex -2.4352 19.1736 3.8000
    endloop
endfacet
facet normal 0.7260 38.9120 -9.5000
    outer loop
        vertex -2.4352 19.1736 -3.8000
        vertex -2.0000 19.4640 3.8000
        vertex -2.0000 19.4640 -3.8000
    endloop
endfacet
facet normal 0.8630 39.0170 -9.5000
    outer loop
        vertex -2.4352 19.1736 3.8000
        vertex -2.8284 18.8284 -3.8000
        vertex -2.8284 18.8284 3.8000
    endloop
endfacet
facet normal 0.8630 39.0170 -9.5000
    outer loop
        vertex -2.8284 18.8284 -3.8000
        vertex -2.4352 19.1736 3.8000
        vertex -2.4352 19.1736 -3.8000
    endloop
endfacet
facet normal 0.9830 39.1370 -9.5000
    outer loop
        vertex -2.8284 18.8284 3.8000
        vertex -3.1736 18.4352 -3.8000
        vertex -3.1736 18.4352 3.8000
    endloop
endfacet
facet normal 0.9830 39.1370 -9.5000
    outer loop
        vertex -3.1736 18.4352 -3.8000
        vertex -2.8284 18.8284 3.8000
        vertex -2.8284 18.8284 -3.8000
    endloop
endfacet
facet normal 1.0880 39.2740 -9.5000
    outer loop
        vertex -3.1736 18.4352 3.8000
        vertex -3.4640 18.0000 -3.8000
        vertex -3.4640 18.0000 3.8000
    endloop
endfacet
facet normal 1.0880 39.2740 -9.5000
    outer loop
        vertex -3.4640 18.0000 -3.8000
        vertex -3.1736 18.4352 3.8000
        vertex -3.1736 18.4352 -3.8000
    endloop
endfacet
facet normal 1.1730 39.4210 -9.5000
    outer loop
        vertex -3.4640 18.0000 3.8000
        vertex -3.6956 17.5308 -3.8000
        vertex -3.6956 17.5308 3.8000
    endloop
endfacet
facet normal 1.1730 39.4210 -9.5000
    outer loop
        vertex -3.6956 17.5308 -3.8000
        vertex -3.4640 18.0000 3.8000
        vertex -3.4640 18.0000 -3.8000
    endloop
endfacet
facet normal -0.0860 38.6950 -9.5000
    outer loop
        vertex 0.0000 12.0000 -3.6000
        vertex -0.5220 12.0344 -3.6000
        vertex -0.5220 12.0344 -3.8000
    endloop
endfacet
facet normal -0.0860 38.6950 -9.5000
    outer loop
        vertex -0.5220 12.0344 -3.8000
        vertex 0.0000 12.0000 -3.8000
        vertex 0.0000 12.0000 -3.6000
    endloop
endfacet
facet normal -0.2550 38.7170 -9.5000
    outer loop
        vertex -0.5220 12.0344 -3.6000
        vertex -1.0352 12.1364 -3.6000
        vertex -1.0352 12.1364 -3.8000
    endloop
endfacet
facet normal -0.2550 38.7170 -9.5000
    outer loop
        vertex -1.0352 12.1364 -3.8000
        vertex -0.5220 12.0344 -3.8000
        vertex -0.5220 12.0344 -3.6000
    endloop
endfacet
facet normal -0.4200 38.7610 -9.5000
    outer loop
        vertex -1.0352 12.1364 -3.6000
        vertex -1.5308 12.3044 -3.6000
        vertex -1.5308 12.3044 -3.8000
    endloop
endfacet
facet normal -0.4200 38.7610 -9.5000
    outer loop
        vertex -1.5308 12.3044 -3.8000
        vertex -1.0352 12.1364 -3.8000
        vertex -1.0352 12.1364 -3.6000
    endloop
endfacet
facet normal -0.5790 38.8270 -9.5000
    outer loop
        vertex -1.5308 12.3044 -3.6000
        vertex -2.0000 12.5360 -3.6000
        vertex -2.0000 12.5360 -3.8000
    endloop
endfacet
facet normal -0.5790 38.8270 -9.5000
    outer loop
        vertex -2.0000 12.5360 -3.8000
        vertex -1.5308 12.3044 -3.8000
        vertex -1.5308 12.3044 -3.6000
    endloop
endfacet
facet normal -0.7260 38.9120 -9.5000
    outer loop
        vertex -2.0000 12.5360 -3.6000
        vertex -2.4352 12.8264 -3.6000
        vertex -2.4352 12.8264 -3.8000
    endloop
endfacet
facet normal -0.7260 38.9120 -9.5000
    outer loop
        vertex -2.4352 12.8264 -3.8000
        vertex -2.0000 12.5360 -3.8000
        vertex -2.0000 12.5360 -3.6000
    endloop
endfacet
facet normal -0.8630 39.0170 -9.5000
    outer loop
        vertex -2.4352 12.8264 -3.6000
        vertex -2.8284 13.1716 -3.6000
        vertex -2.8284 13.1716 -3.8000
    endloop
endfacet
facet normal -0.8630 39.0170 -9.5000
    outer loop
        vertex -2.8284 13.1716 -3.8000
        vertex -2.4352 12.8264 -3.8000
        vertex -2.4352 12.8264 -3.6000
    endloop
endfacet
facet normal -0.9830 39.1370 -9.5000
    outer loop
        vertex -2.8284 13.1716 -3.6000
        vertex -3.1736 13.5648 -3.6000
        vertex -3.1736 13.5648 -3.8000
    endloop
endfacet
facet normal -0.9830 39.1370 -9.5000
    outer loop
        vertex -3.1736 13.5648 -3.8000
        vertex -2.8284 13.1716 -3.8000
        vertex -2.8284 13.1716 -3.6000
    endloop
endfacet
facet normal -1.0880 39.2740 -9.5000
    outer loop
        vertex -3.1736 13.5648 -3.6000
        vertex -3.4640 14.0000 -3.6000
        vertex -3.4640 14.0000 -3.8000
    endloop
endfacet
facet normal -1.0880 39.2740 -9.5000
    outer loop
        vertex -3.4640 14.0000 -3.8000
        vertex -3.1736 13.5648 -3.8000
        vertex -3.1736 13.5648 -3.6000
    endloop
endfacet
facet normal -1.1730 39.4210 -9.5000
    outer loop
        vertex -3.4640 14.0000 -3.6000
        vertex -3.6956 14.4692 -3.6000
        vertex -3.6956 14.4692 -3.8000
    endloop
endfacet
facet normal -1.1730 39.4210 -9.5000
    outer loop
        vertex -3.6956 14.4692 -3.8000
        vertex -3.4640 14.0000 -3.8000
        vertex -3.4640 14.0000 -3.6000
    endloop
endfacet
facet normal -0.0860 38.6950 -5.0000
    outer loop
        vertex 0.0000 12.0000 3.8000
        vertex -0.5220 12.0344 3.8000
        vertex -0.5220 12.0344 -2.0000
    endloop
endfacet
facet normal -0.0860 38.6950 -5.0000
    outer loop
        vertex -0.5220 12.0344 -2.0000
        vertex 0.0000 12.0000 -2.0000
        vertex 0.0000 12.0000 3.8000
    endloop
endfacet
facet normal -0.2550 38.7170 -5.0000
    outer loop
        vertex -0.5220 12.0344 3.8000
        vertex -1.0352 12.1364 3.8000
        vertex -1.0352 12.1364 -2.0000
    endloop
endfacet
facet normal -0.2550 38.7170 -5.0000
    outer loop
        vertex -1.0352 12.1364 -2.0000
        vertex -0.5220 12.0344 -2.0000
        vertex -0.5220 12.0344 3.8000
    endloop
endfacet
facet normal -0.4200 38.7610 -5.0000
    outer loop
        vertex -1.0352 12.1364 3.8000
        vertex -1.5308 12.3044 3.8000
        vertex -1.5308 12.3044 -2.0000
    endloop
endfacet
facet normal -0.4200 38.7610 -5.0000
    outer loop
        vertex -1.5308 12.3044 -2.0000
        vertex -1.0352 12.1364 -2.0000
        vertex -1.0352 12.1364 3.8000
    endloop
endfacet
facet normal -0.5790 38.8270 -5.0000
    outer loop
        vertex -1.5308 12.3044 3.8000
        vertex -2.0000 12.5360 3.8000
        vertex -2.0000 12.5360 -2.0000
    endloop
endfacet
facet normal -0.5790 38.8270 -5.0000
    outer loop
        vertex -2.0000 12.5360 -2.0000
        vertex -1.5308 12.3044 -2.0000
        vertex -1.5308 12.3044 3.8000
    endloop
endfacet
facet normal -0.7260 38.9120 -5.0000
    outer loop
        vertex -2.0000 12.5360 3.8000
        vertex -2.4352 12.8264 3.8000
        vertex -2.4352 12.8264 -2.0000
    endloop
endfacet
facet normal -0.7260 38.9120 -5.0000
    outer loop
        vertex -2.4352 12.8264 -2.0000
        vertex -2.0000 12.5360 -2.0000
        vertex -2.0000 12.5360 3.8000
    endloop
endfacet
facet normal -0.8630 39.0170 -5.0000
    outer loop
        vertex -2.4352 12.8264 3.8000
        vertex -2.8284 13.1716 3.8000
        vertex -2.8284 13.1716 -2.0000
    endloop
endfacet
facet normal -0.8630 39.0170 -5.0000
    outer loop
        vertex -2.8284 13.1716 -2.0000
        vertex -2.4352 12.8264 -2.0000
        vertex -2.4352 12.8264 3.8000
    endloop
endfacet
facet normal -0.9830 39.1370 -5.0000
    outer loop
        vertex -2.8284 13.1716 3.8000
        vertex -3.1736 13.5648 3.8000
        vertex -3.1736 13.5648 -2.0000
    endloop
endfacet
facet normal -0.9830 39.1370 -5.0000
    outer loop
        vertex -3.1736 13.5648 -2.0000
        vertex -2.8284 13.1716 -2.0000
        vertex -2.8284 13.1716 3.8000
    endloop
endfacet
facet normal -1.0880 39.2740 -5.0000
    outer loop
        vertex -3.1736 13.5648 3.8000
        vertex -3.4640 14.0000 3.8000
        vertex -3.4640 14.0000 -2.0000
    endloop
endfacet
facet normal -1.0880 39.2740 -5.0000
    outer loop
        vertex -3.4640 14.0000 -2.0000
        vertex -3.1736 13.5648 -2.0000
        vertex -3.1736 13.5648 3.8000
    endloop
endfacet
facet normal -1.1730 39.4210 -5.0000
    outer loop
        vertex -3.4640 14.0000 3.8000
        vertex -3.6956 14.4692 3.8000
        vertex -3.6956 14.4692 -2.0000
    endloop
endfacet
facet normal -1.1730 39.4210 -5.0000
    outer loop
        vertex -3.6956 14.4692 -2.0000
        vertex -3.4640 14.0000 -2.0000
        vertex -3.4640 14.0000 3.8000
    endloop
endfacet
facet normal 1.3973 -273.1668 0.0000
    outer loop
        vertex -23.2304 -0.8796 -3.2000
        vertex -7.8408 -0.8008 -3.2000
        vertex -7.8408 -0.8008 -0.3600
    endloop
endfacet
facet normal 1.3895 -271.6552 0.0004
    outer loop
        vertex -7.8408 -0.8008 -0.3600
        vertex -23.1453 -0.8791 -0.3600
        vertex -23.2304 -0.8796 -3.2000
    endloop
endfacet
facet normal 0.0000 0.0000 -169.2018
    outer loop
        vertex -7.8408 -0.8008 -3.2000
        vertex -23.2304 -0.8796 -3.2000
        vertex -23.2304 0.8796 -3.2000
    endloop
endfacet
facet normal 0.0000 0.0000 -154.0584
    outer loop
        vertex -23.2304 0.8796 -3.2000
        vertex -7.8408 0.8008 -3.2000
        vertex -7.8408 -0.8008 -3.2000
    endloop
endfacet
facet normal 1.3973 273.1668 0.0000
    outer loop
        vertex -7.8408 0.8008 -0.3600
        vertex -7.8408 0.8008 -3.2000
        vertex -23.2304 0.8796 -3.2000
    endloop
endfacet
facet normal 1.3895 271.6552 0.0004
    outer loop
        vertex -23.2304 0.8796 -3.2000
        vertex -23.1453 0.8791 -0.3600
        vertex -7.8408 0.8008 -0.3600
    endloop
endfacet
facet normal 0.0000 0.0000 153.2059
    outer loop
        vertex -7.8408 -0.8008 -0.3600
        vertex -7.8408 0.8008 -0.3600
        vertex -23.1453 0.8791 -0.3600
    endloop
endfacet
facet normal 0.0000 0.0000 168.1814
    outer loop
        vertex -23.1453 0.8791 -0.3600
        vertex -23.1453 -0.8791 -0.3600
        vertex -7.8408 -0.8008 -0.3600
    endloop
endfacet
facet normal 0.0000 0.0000 0.6365
    outer loop
        vertex -23.2032 0.0000 -0.3600
        vertex -23.1453 -0.8791 -0.3600
        vertex -23.1453 0.8791 -0.3600
    endloop
endfacet
facet normal 0.0000 0.0000 -0.6372
    outer loop
        vertex -23.2304 -0.8796 -3.2000
        vertex -23.2884 0.0000 -3.2000
        vertex -23.2304 0.8796 -3.2000
    endloop
endfacet
facet normal 85.2575 -257.8983 0.0000
    outer loop
        vertex -21.8205 -8.0148 -3.2000
        vertex -7.2910 -3.2115 -3.2000
        vertex -7.2910 -3.2115 -0.3600
    endloop
endfacet
facet normal 84.7832 -256.4655 0.0032
    outer loop
        vertex -7.2910 -3.2115 -0.3600
        vertex -21.7398 -7.9880 -0.3600
        vertex -21.8205 -8.0148 -3.2000
    endloop
endfacet
facet normal 0.0000 0.0000 -168.2618
    outer loop
        vertex -7.2910 -3.2115 -3.2000
        vertex -21.8205 -8.0148 -3.2000
        vertex -22.3853 -6.3486 -3.2000
    endloop
endfacet
facet normal 0.0000 0.0000 -154.6980
    outer loop
        vertex -22.3853 -6.3486 -3.2000
        vertex -7.6717 -1.6508 -3.2000
        vertex -7.2910 -3.2115 -3.2000
    endloop
endfacet
facet normal -83.3845 261.1657 0.0000
    outer loop
        vertex -7.6717 -1.6508 -0.3600
        vertex -7.6717 -1.6508 -3.2000
        vertex -22.3853 -6.3486 -3.2000
    endloop
endfacet
facet normal -82.9252 259.7279 -0.0017
    outer loop
        vertex -22.3853 -6.3486 -3.2000
        vertex -22.3043 -6.3227 -0.3600
        vertex -7.6717 -1.6508 -0.3600
    endloop
endfacet
facet normal 0.0000 0.0000 153.8463
    outer loop
        vertex -7.2910 -3.2115 -0.3600
        vertex -7.6717 -1.6508 -0.3600
        vertex -22.3043 -6.3227 -0.3600
    endloop
endfacet
facet normal 0.0000 0.0000 167.2427
    outer loop
        vertex -22.3043 -6.3227 -0.3600
        vertex -21.7398 -7.9880 -0.3600
        vertex -7.2910 -3.2115 -0.3600
    endloop
endfacet
facet normal 161.5200 -219.9381 0.0000
    outer loop
        vertex -18.2981 -14.3818 -3.2000
        vertex -5.9072 -5.2820 -3.2000
        vertex -5.9072 -5.2820 -0.3600
    endloop
endfacet
facet normal 160.6233 -218.7169 -0.0005
    outer loop
        vertex -5.9072 -5.2820 -0.3600
        vertex -18.2293 -14.3312 -0.3600
        vertex -18.2981 -14.3818 -3.2000
    endloop
endfacet
facet normal 0.0000 0.0000 -169.0087
    outer loop
        vertex -5.9072 -5.2820 -3.2000
        vertex -18.2981 -14.3818 -3.2000
        vertex -19.3042 -12.9383 -3.2000
    endloop
endfacet
facet normal 0.0000 0.0000 -154.2159
    outer loop
        vertex -19.3042 -12.9383 -3.2000
        vertex -6.7980 -3.9493 -3.2000
        vertex -5.9072 -5.2820 -3.2000
    endloop
endfacet
facet normal -159.5547 221.9865 0.0000
    outer loop
        vertex -6.7980 -3.9493 -0.3600
        vertex -6.7980 -3.9493 -3.2000
        vertex -19.3042 -12.9383 -3.2000
    endloop
endfacet
facet normal -158.6736 220.7603 0.0009
    outer loop
        vertex -19.3042 -12.9383 -3.2000
        vertex -19.2352 -12.8886 -0.3600
        vertex -6.7980 -3.9493 -0.3600
    endloop
endfacet
facet normal 0.0000 0.0000 153.3642
    outer loop
        vertex -5.9072 -5.2820 -0.3600
        vertex -6.7980 -3.9493 -0.3600
        vertex -19.2352 -12.8886 -0.3600
    endloop
endfacet
facet normal 0.0000 0.0000 167.9867
    outer loop
        vertex -19.2352 -12.8886 -0.3600
        vertex -18.2293 -14.3312 -0.3600
        vertex -5.9072 -5.2820 -0.3600
    endloop
endfacet
facet normal 0.0000 0.0000 -0.3323
    outer loop
        vertex -18.4770 -14.1780 -3.2000
        vertex -19.3042 -12.9383 -3.2000
        vertex -18.2981 -14.3818 -3.2000
    endloop
endfacet
facet normal 0.0000 0.0000 0.3342
    outer loop
        vertex -19.2352 -12.8886 -0.3600
        vertex -18.4094 -14.1261 -0.3600
        vertex -18.2293 -14.3312 -0.3600
    endloop
endfacet
facet normal 168.6896 -121.2474 0.0000
    outer loop
        vertex -10.7801 -16.3016 -3.2000
        vertex -3.9493 -6.7980 -3.2000
        vertex -3.9493 -6.7980 -0.3600
    endloop
endfacet
facet normal 168.6896 -121.2474 0.0000
    outer loop
        vertex -3.9493 -6.7980 -0.3600
        vertex -10.7801 -16.3016 -0.3600
        vertex -10.7801 -16.3016 -3.2000
    endloop
endfacet
facet normal 0.0000 0.0000 -126.8403
    outer loop
        vertex -3.9493 -6.7980 -3.2000
        vertex -10.7801 -16.3016 -3.2000
        vertex -12.9156 -16.3016 -3.2000
    endloop
endfacet
facet normal 0.0000 0.0000 -129.0782
    outer loop
        vertex -12.9156 -16.3016 -3.2000
        vertex -5.2820 -5.9072 -3.2000
        vertex -3.9493 -6.7980 -3.2000
    endloop
endfacet
facet normal -184.4999 135.4950 0.0000
    outer loop
        vertex -5.2820 -5.9072 -0.3600
        vertex -5.2820 -5.9072 -3.2000
        vertex -12.9156 -16.3016 -3.2000
    endloop
endfacet
facet normal -184.4999 135.4950 0.0000
    outer loop
        vertex -12.9156 -16.3016 -3.2000
        vertex -12.9156 -16.3016 -0.3600
        vertex -5.2820 -5.9072 -0.3600
    endloop
endfacet
facet normal 0.0000 0.0000 129.0782
    outer loop
        vertex -3.9493 -6.7980 -0.3600
        vertex -5.2820 -5.9072 -0.3600
        vertex -12.9156 -16.3016 -0.3600
    endloop
endfacet
facet normal 0.0000 0.0000 126.8403
    outer loop
        vertex -12.9156 -16.3016 -0.3600
        vertex -10.7801 -16.3016 -0.3600
        vertex -3.9493 -6.7980 -0.3600
    endloop
endfacet
facet normal 153.1804 -48.9069 0.0000
    outer loop
        vertex -4.4062 -16.3016 -3.2000
        vertex -1.6508 -7.6717 -3.2000
        vertex -1.6508 -7.6717 -0.3600
    endloop
endfacet
facet normal 153.1804 -48.9069 0.0000
    outer loop
        vertex -1.6508 -7.6717 -0.3600
        vertex -4.4062 -16.3016 -0.3600
        vertex -4.4062 -16.3016 -3.2000
    endloop
endfacet
facet normal 0.0000 0.0000 -96.2296
    outer loop
        vertex -1.6508 -7.6717 -3.2000
        vertex -4.4062 -16.3016 -3.2000
        vertex -6.1903 -16.3016 -3.2000
    endloop
endfacet
facet normal 0.0000 0.0000 -94.9796
    outer loop
        vertex -6.1903 -16.3016 -3.2000
        vertex -3.2115 -7.2910 -3.2000
        vertex -1.6508 -7.6717 -3.2000
    endloop
endfacet
facet normal -159.9381 52.8730 0.0000
    outer loop
        vertex -3.2115 -7.2910 -0.3600
        vertex -3.2115 -7.2910 -3.2000
        vertex -6.1903 -16.3016 -3.2000
    endloop
endfacet
facet normal -159.9381 52.8730 0.0000
    outer loop
        vertex -6.1903 -16.3016 -3.2000
        vertex -6.1903 -16.3016 -0.3600
        vertex -3.2115 -7.2910 -0.3600
    endloop
endfacet
facet normal 0.0000 0.0000 94.9796
    outer loop
        vertex -1.6508 -7.6717 -0.3600
        vertex -3.2115 -7.2910 -0.3600
        vertex -6.1903 -16.3016 -0.3600
    endloop
endfacet
facet normal 0.0000 0.0000 96.2296
    outer loop
        vertex -6.1903 -16.3016 -0.3600
        vertex -4.4062 -16.3016 -0.3600
        vertex -1.6508 -7.6717 -0.3600
    endloop
endfacet
facet normal 0.0000 0.0000 -43.7972
    outer loop
        vertex 0.0000 -8.0000 -3.2000
        vertex 0.0000 -16.3016 -3.2000
        vertex -0.8441 -16.3016 -3.2000
    endloop
endfacet
facet normal 0.0000 0.0000 -42.3917
    outer loop
        vertex -0.8441 -16.3016 -3.2000
        vertex -0.8008 -7.8408 -3.2000
        vertex 0.0000 -8.0000 -3.2000
    endloop
endfacet
facet normal -150.1799 0.7682 0.0000
    outer loop
        vertex -0.8008 -7.8408 -0.3600
        vertex -0.8008 -7.8408 -3.2000
        vertex -0.8441 -16.3016 -3.2000
    endloop
endfacet
facet normal -150.1799 0.7682 0.0000
    outer loop
        vertex -0.8441 -16.3016 -3.2000
        vertex -0.8441 -16.3016 -0.3600
        vertex -0.8008 -7.8408 -0.3600
    endloop
endfacet
facet normal 0.0000 0.0000 42.3917
    outer loop
        vertex 0.0000 -8.0000 -0.3600
        vertex -0.8008 -7.8408 -0.3600
        vertex -0.8441 -16.3016 -0.3600
    endloop
endfacet
facet normal 0.0000 0.0000 43.7972
    outer loop
        vertex -0.8441 -16.3016 -0.3600
        vertex 0.0000 -16.3016 -0.3600
        vertex 0.0000 -8.0000 -0.3600
    endloop
endfacet
facet normal 84.9224 256.8851 0.0000
    outer loop
        vertex -7.3481 3.2304 -0.3600
        vertex -7.3481 3.2304 -3.2000
        vertex -21.8205 8.0148 -3.2000
    endloop
endfacet
facet normal 84.4481 255.4523 0.0032
    outer loop
        vertex -21.8205 8.0148 -3.2000
        vertex -21.7398 7.9880 -0.3600
        vertex -7.3481 3.2304 -0.3600
    endloop
endfacet
facet normal 0.0000 0.0000 -167.6007
    outer loop
        vertex -22.3853 6.3486 -3.2000
        vertex -21.8205 8.0148 -3.2000
        vertex -7.3481 3.2304 -3.2000
    endloop
endfacet
facet normal 0.0000 0.0000 -154.7583
    outer loop
        vertex -7.3481 3.2304 -3.2000
        vertex -7.6717 1.6508 -3.2000
        vertex -22.3853 6.3486 -3.2000
    endloop
endfacet
facet normal -83.3845 -261.1657 0.0000
    outer loop
        vertex -22.3853 6.3486 -3.2000
        vertex -7.6717 1.6508 -3.2000
        vertex -7.6717 1.6508 -0.3600
    endloop
endfacet
facet normal -82.9252 -259.7279 -0.0017
    outer loop
        vertex -7.6717 1.6508 -0.3600
        vertex -22.3043 6.3227 -0.3600
        vertex -22.3853 6.3486 -3.2000
    endloop
endfacet
facet normal 0.0000 0.0000 153.9063
    outer loop
        vertex -22.3043 6.3227 -0.3600
        vertex -7.6717 1.6508 -0.3600
        vertex -7.3481 3.2304 -0.3600
    endloop
endfacet
facet normal 0.0000 0.0000 166.5819
    outer loop
        vertex -7.3481 3.2304 -0.3600
        vertex -21.7398 7.9880 -0.3600
        vertex -22.3043 6.3227 -0.3600
    endloop
endfacet
facet normal 151.4558 206.2351 0.0000
    outer loop
        vertex -6.6792 5.8490 -0.3600
        vertex -6.6792 5.8490 -3.2000
        vertex -18.2981 14.3818 -3.2000
    endloop
endfacet
facet normal 150.5591 205.0139 -0.0004
    outer loop
        vertex -18.2981 14.3818 -3.2000
        vertex -18.2293 14.3312 -0.3600
        vertex -6.6792 5.8490 -0.3600
    endloop
endfacet
facet normal 0.0000 0.0000 -158.4785
    outer loop
        vertex -19.3042 12.9383 -3.2000
        vertex -18.2981 14.3818 -3.2000
        vertex -6.6792 5.8490 -3.2000
    endloop
endfacet
facet normal 0.0000 0.0000 -151.3230
    outer loop
        vertex -6.6792 5.8490 -3.2000
        vertex -7.1076 4.1718 -3.2000
        vertex -19.3042 12.9383 -3.2000
    endloop
endfacet
facet normal -155.6043 -216.4896 0.0000
    outer loop
        vertex -19.3042 12.9383 -3.2000
        vertex -7.1076 4.1718 -3.2000
        vertex -7.1076 4.1718 -0.3600
    endloop
endfacet
facet normal -154.7232 -215.2635 0.0009
    outer loop
        vertex -7.1076 4.1718 -0.3600
        vertex -19.2352 12.8886 -0.3600
        vertex -19.3042 12.9383 -3.2000
    endloop
endfacet
facet normal 0.0000 0.0000 150.4660
    outer loop
        vertex -19.2352 12.8886 -0.3600
        vertex -7.1076 4.1718 -0.3600
        vertex -6.6792 5.8490 -0.3600
    endloop
endfacet
facet normal 0.0000 0.0000 157.4618
    outer loop
        vertex -6.6792 5.8490 -0.3600
        vertex -18.2293 14.3312 -0.3600
        vertex -19.2352 12.8886 -0.3600
    endloop
endfacet
facet normal 0.0000 0.0000 0.3342
    outer loop
        vertex -18.2293 14.3312 -0.3600
        vertex -18.4094 14.1261 -0.3600
        vertex -19.2352 12.8886 -0.3600
    endloop
endfacet
facet normal 0.0000 0.0000 -0.3323
    outer loop
        vertex -18.4770 14.1780 -3.2000
        vertex -18.2981 14.3818 -3.2000
        vertex -19.3042 12.9383 -3.2000
    endloop
endfacet
facet normal 176.6579 126.9771 0.0000
    outer loop
        vertex -5.7846 9.3517 -0.3600
        vertex -5.7846 9.3517 -3.2000
        vertex -12.9383 19.3042 -3.2000
    endloop
endfacet
facet normal 175.4318 126.0960 0.0008
    outer loop
        vertex -12.9383 19.3042 -3.2000
        vertex -12.8886 19.2352 -0.3600
        vertex -5.7846 9.3517 -0.3600
    endloop
endfacet
facet normal 0.0000 0.0000 -134.7734
    outer loop
        vertex -14.3818 18.2981 -3.2000
        vertex -12.9383 19.3042 -3.2000
        vertex -5.7846 9.3517 -3.2000
    endloop
endfacet
facet normal 0.0000 0.0000 -139.2870
    outer loop
        vertex -5.7846 9.3517 -3.2000
        vertex -6.3077 7.3038 -3.2000
        vertex -14.3818 18.2981 -3.2000
    endloop
endfacet
facet normal -195.1499 -143.3142 0.0000
    outer loop
        vertex -14.3818 18.2981 -3.2000
        vertex -6.3077 7.3038 -3.2000
        vertex -6.3077 7.3038 -0.3600
    endloop
endfacet
facet normal -193.9287 -142.4175 -0.0004
    outer loop
        vertex -6.3077 7.3038 -0.3600
        vertex -14.3312 18.2293 -0.3600
        vertex -14.3818 18.2981 -3.2000
    endloop
endfacet
facet normal 0.0000 0.0000 138.4154
    outer loop
        vertex -14.3312 18.2293 -0.3600
        vertex -6.3077 7.3038 -0.3600
        vertex -5.7846 9.3517 -0.3600
    endloop
endfacet
facet normal 0.0000 0.0000 133.7712
    outer loop
        vertex -5.7846 9.3517 -0.3600
        vertex -12.8886 19.2352 -0.3600
        vertex -14.3312 18.2293 -0.3600
    endloop
endfacet
facet normal 0.0000 0.0000 -0.3323
    outer loop
        vertex -14.3818 18.2981 -3.2000
        vertex -14.1780 18.4770 -3.2000
        vertex -12.9383 19.3042 -3.2000
    endloop
endfacet
facet normal 0.0000 0.0000 0.3342
    outer loop
        vertex -14.1261 18.4094 -0.3600
        vertex -14.3312 18.2293 -0.3600
        vertex -12.8886 19.2352 -0.3600
    endloop
endfacet
facet normal 120.2243 38.3911 0.0000
    outer loop
        vertex -4.1857 15.6121 -0.3600
        vertex -4.1857 15.6121 -3.2000
        vertex -6.3486 22.3853 -3.2000
    endloop
endfacet
facet normal 118.7865 37.9317 -0.0006
    outer loop
        vertex -6.3486 22.3853 -3.2000
        vertex -6.3227 22.3043 -0.3600
        vertex -4.1857 15.6121 -0.3600
    endloop
endfacet
facet normal 0.0000 0.0000 -78.1694
    outer loop
        vertex -8.0148 21.8205 -3.2000
        vertex -6.3486 22.3853 -3.2000
        vertex -4.1857 15.6121 -3.2000
    endloop
endfacet
facet normal 0.0000 0.0000 -102.6195
    outer loop
        vertex -4.1857 15.6121 -3.2000
        vertex -4.9602 12.5798 -3.2000
        vertex -8.0148 21.8205 -3.2000
    endloop
endfacet
facet normal -164.0221 -54.2191 0.0000
    outer loop
        vertex -8.0148 21.8205 -3.2000
        vertex -4.9602 12.5798 -3.2000
        vertex -4.9602 12.5798 -0.3600
    endloop
endfacet
facet normal -162.5893 -53.7449 0.0021
    outer loop
        vertex -4.9602 12.5798 -0.3600
        vertex -7.9880 21.7398 -0.3600
        vertex -8.0148 21.8205 -3.2000
    endloop
endfacet
facet normal 0.0000 0.0000 101.7224
    outer loop
        vertex -7.9880 21.7398 -0.3600
        vertex -4.9602 12.5798 -0.3600
        vertex -4.1857 15.6121 -0.3600
    endloop
endfacet
facet normal 0.0000 0.0000 77.1956
    outer loop
        vertex -4.1857 15.6121 -0.3600
        vertex -6.3227 22.3043 -0.3600
        vertex -7.9880 21.7398 -0.3600
    endloop
endfacet
facet normal 0.0000 0.0000 -18.0772
    outer loop
        vertex -0.8796 23.2304 -3.2000
        vertex 0.0000 23.2884 -3.2000
        vertex 0.0000 20.0000 -3.2000
    endloop
endfacet
facet normal 0.0000 0.0000 -18.3598
    outer loop
        vertex 0.0000 20.0000 -3.2000
        vertex -0.8626 19.8285 -3.2000
        vertex -0.8796 23.2304 -3.2000
    endloop
endfacet
facet normal -60.3848 -0.3003 0.0000
    outer loop
        vertex -0.8796 23.2304 -3.2000
        vertex -0.8626 19.8285 -3.2000
        vertex -0.8626 19.8285 -0.3600
    endloop
endfacet
facet normal -58.8732 -0.2925 0.0003
    outer loop
        vertex -0.8626 19.8285 -0.3600
        vertex -0.8791 23.1453 -0.3600
        vertex -0.8796 23.2304 -3.2000
    endloop
endfacet
facet normal 0.0000 0.0000 17.9002
    outer loop
        vertex -0.8791 23.1453 -0.3600
        vertex -0.8626 19.8285 -0.3600
        vertex 0.0000 20.0000 -0.3600
    endloop
endfacet
facet normal 0.0000 0.0000 17.6000
    outer loop
        vertex 0.0000 20.0000 -0.3600
        vertex 0.0000 23.2032 -0.3600
        vertex -0.8791 23.1453 -0.3600
    endloop
endfacet
facet normal -687.2870 175.5410 0.0000
    outer loop
        vertex -3.6956 17.5308 3.8000
        vertex -3.6956 17.5308 -3.8000
        vertex -7.3912 3.0616 -3.8000
    endloop
endfacet
facet normal -687.2870 175.5410 0.0000
    outer loop
        vertex -7.3912 3.0616 -3.8000
        vertex -7.3912 3.0616 3.8000
        vertex -3.6956 17.5308 3.8000
    endloop
endfacet
facet normal 0.0000 -370.9161 0.0000
    outer loop
        vertex 16.4852 -16.3016 0.0000
        vertex 0.0000 -16.3016 -3.6000
        vertex 0.0000 -16.3016 0.0000
    endloop
endfacet
facet normal 0.0000 -374.1426 0.0000
    outer loop
        vertex 0.0000 -16.3016 -3.6000
        vertex 16.4852 -16.3016 0.0000
        vertex 16.6286 -16.3016 -3.6000
    endloop
endfacet
facet normal 0.0000 0.0000 -0.0321
    outer loop
        vertex 16.3993 -16.3993 0.0000
        vertex 3.0266 -22.9929 0.0000
        vertex 0.0000 -23.1924 0.0000
    endloop
endfacet
facet normal 0.0000 0.0000 -0.0218
    outer loop
        vertex 3.0266 -22.9929 0.0000
        vertex 16.3993 -16.3993 0.0000
        vertex 14.1195 -18.4009 0.0000
    endloop
endfacet
facet normal 0.0000 0.0000 -0.0132
    outer loop
        vertex 14.1195 -18.4009 0.0000
        vertex 6.0022 -22.4015 0.0000
        vertex 3.0266 -22.9929 0.0000
    endloop
endfacet
facet normal 0.0000 0.0000 -0.0066
    outer loop
        vertex 6.0022 -22.4015 0.0000
        vertex 14.1195 -18.4009 0.0000
        vertex 11.5962 -20.0846 0.0000
    endloop
endfacet
facet normal 0.0000 0.0000 -0.0022
    outer loop
        vertex 11.5962 -20.0846 0.0000
        vertex 8.8757 -21.4275 0.0000
        vertex 6.0022 -22.4015 0.0000
    endloop
endfacet
facet normal 0.0000 0.0000 -8.9679
    outer loop
        vertex 16.4757 -16.4757 -3.6000
        vertex 3.0407 -23.1000 -3.6000
        vertex 0.0000 -23.3004 -3.6000
    endloop
endfacet
facet normal 0.0000 0.0000 -8.9782
    outer loop
        vertex 3.0407 -23.1000 -3.6000
        vertex 16.4757 -16.4757 -3.6000
        vertex 14.1853 -18.4865 -3.6000
    endloop
endfacet
facet normal 0.0000 0.0000 -8.9868
    outer loop
        vertex 14.1853 -18.4865 -3.6000
        vertex 6.0301 -22.5059 -3.6000
        vertex 3.0407 -23.1000 -3.6000
    endloop
endfacet
facet normal 0.0000 0.0000 -8.9934
    outer loop
        vertex 6.0301 -22.5059 -3.6000
        vertex 14.1853 -18.4865 -3.6000
        vertex 11.6502 -20.1781 -3.6000
    endloop
endfacet
facet normal 0.0000 0.0000 -8.9978
    outer loop
        vertex 11.6502 -20.1781 -3.6000
        vertex 8.9171 -21.5272 -3.6000
        vertex 6.0301 -22.5059 -3.6000
    endloop
endfacet
facet normal 0.0000 0.0000 727.3748
    outer loop
        vertex 16.6286 -16.3016 -3.6000
        vertex 0.0000 -23.3004 -3.6000
        vertex 0.0000 -16.3016 -3.6000
    endloop
endfacet
facet normal 0.0000 0.0000 11.4104
    outer loop
        vertex 0.0000 -23.3004 -3.6000
        vertex 16.6286 -16.3016 -3.6000
        vertex 16.4757 -16.4757 -3.6000
    endloop
endfacet
facet normal 0.0000 0.0000 -10.0724
    outer loop
        vertex 0.0000 -16.3016 0.0000
        vertex 16.3994 -16.3994 0.0000
        vertex 16.4852 -16.3016 0.0000
    endloop
endfacet
facet normal 0.0000 0.0000 -706.2794
    outer loop
        vertex 16.3994 -16.3994 0.0000
        vertex 0.0000 -16.3016 0.0000
        vertex 0.0000 -23.1924 0.0000
    endloop
endfacet
facet normal -0.1720 2.6100 -9.5000
    outer loop
        vertex 1.0440 -7.9312 -3.8000
        vertex 0.0000 -8.0000 3.8000
        vertex 0.0000 -8.0000 -3.8000
    endloop
endfacet
facet normal -0.1720 2.6100 -9.5000
    outer loop
        vertex 0.0000 -8.0000 3.8000
        vertex 1.0440 -7.9312 -3.8000
        vertex 1.0440 -7.9312 3.8000
    endloop
endfacet
facet normal -0.5100 2.5660 -9.5000
    outer loop
        vertex 2.0704 -7.7272 -3.8000
        vertex 1.0440 -7.9312 3.8000
        vertex 1.0440 -7.9312 -3.8000
    endloop
endfacet
facet normal -0.5100 2.5660 -9.5000
    outer loop
        vertex 1.0440 -7.9312 3.8000
        vertex 2.0704 -7.7272 -3.8000
        vertex 2.0704 -7.7272 3.8000
    endloop
endfacet
facet normal -0.8400 2.4780 -9.5000
    outer loop
        vertex 3.0616 -7.3912 -3.8000
        vertex 2.0704 -7.7272 3.8000
        vertex 2.0704 -7.7272 -3.8000
    endloop
endfacet
facet normal -0.8400 2.4780 -9.5000
    outer loop
        vertex 2.0704 -7.7272 3.8000
        vertex 3.0616 -7.3912 -3.8000
        vertex 3.0616 -7.3912 3.8000
    endloop
endfacet
facet normal -1.1580 2.3460 -9.5000
    outer loop
        vertex 4.0000 -6.9280 -3.8000
        vertex 3.0616 -7.3912 3.8000
        vertex 3.0616 -7.3912 -3.8000
    endloop
endfacet
facet normal -1.1580 2.3460 -9.5000
    outer loop
        vertex 3.0616 -7.3912 3.8000
        vertex 4.0000 -6.9280 -3.8000
        vertex 4.0000 -6.9280 3.8000
    endloop
endfacet
facet normal -1.4520 2.1760 -9.5000
    outer loop
        vertex 4.8704 -6.3472 -3.8000
        vertex 4.0000 -6.9280 3.8000
        vertex 4.0000 -6.9280 -3.8000
    endloop
endfacet
facet normal -1.4520 2.1760 -9.5000
    outer loop
        vertex 4.0000 -6.9280 3.8000
        vertex 4.8704 -6.3472 -3.8000
        vertex 4.8704 -6.3472 3.8000
    endloop
endfacet
facet normal -1.7260 1.9660 -9.5000
    outer loop
        vertex 5.6568 -5.6568 -3.8000
        vertex 4.8704 -6.3472 3.8000
        vertex 4.8704 -6.3472 -3.8000
    endloop
endfacet
facet normal -1.7260 1.9660 -9.5000
    outer loop
        vertex 4.8704 -6.3472 3.8000
        vertex 5.6568 -5.6568 -3.8000
        vertex 5.6568 -5.6568 3.8000
    endloop
endfacet
facet normal -1.9660 1.7260 -9.5000
    outer loop
        vertex 6.3472 -4.8704 -3.8000
        vertex 5.6568 -5.6568 3.8000
        vertex 5.6568 -5.6568 -3.8000
    endloop
endfacet
facet normal -1.9660 1.7260 -9.5000
    outer loop
        vertex 5.6568 -5.6568 3.8000
        vertex 6.3472 -4.8704 -3.8000
        vertex 6.3472 -4.8704 3.8000
    endloop
endfacet
facet normal -2.1760 1.4520 -9.5000
    outer loop
        vertex 6.9280 -4.0000 -3.8000
        vertex 6.3472 -4.8704 3.8000
        vertex 6.3472 -4.8704 -3.8000
    endloop
endfacet
facet normal -2.1760 1.4520 -9.5000
    outer loop
        vertex 6.3472 -4.8704 3.8000
        vertex 6.9280 -4.0000 -3.8000
        vertex 6.9280 -4.0000 3.8000
    endloop
endfacet
facet normal -2.3460 1.1580 -9.5000
    outer loop
        vertex 7.3912 -3.0616 -3.8000
        vertex 6.9280 -4.0000 3.8000
        vertex 6.9280 -4.0000 -3.8000
    endloop
endfacet
facet normal -2.3460 1.1580 -9.5000
    outer loop
        vertex 6.9280 -4.0000 3.8000
        vertex 7.3912 -3.0616 -3.8000
        vertex 7.3912 -3.0616 3.8000
    endloop
endfacet
facet normal -2.4780 0.8400 -9.5000
    outer loop
        vertex 7.7272 -2.0704 -3.8000
        vertex 7.3912 -3.0616 3.8000
        vertex 7.3912 -3.0616 -3.8000
    endloop
endfacet
facet normal -2.4780 0.8400 -9.5000
    outer loop
        vertex 7.3912 -3.0616 3.8000
        vertex 7.7272 -2.0704 -3.8000
        vertex 7.7272 -2.0704 3.8000
    endloop
endfacet
facet normal -2.5660 0.5100 -9.5000
    outer loop
        vertex 7.9312 -1.0440 -3.8000
        vertex 7.7272 -2.0704 3.8000
        vertex 7.7272 -2.0704 -3.8000
    endloop
endfacet
facet normal -2.5660 0.5100 -9.5000
    outer loop
        vertex 7.7272 -2.0704 3.8000
        vertex 7.9312 -1.0440 -3.8000
        vertex 7.9312 -1.0440 3.8000
    endloop
endfacet
facet normal -2.6100 0.1720 -9.5000
    outer loop
        vertex 8.0000 0.0000 -3.8000
        vertex 7.9312 -1.0440 3.8000
        vertex 7.9312 -1.0440 -3.8000
    endloop
endfacet
facet normal -2.6100 0.1720 -9.5000
    outer loop
        vertex 7.9312 -1.0440 3.8000
        vertex 8.0000 0.0000 -3.8000
        vertex 8.0000 0.0000 3.8000
    endloop
endfacet
facet normal 0.0000 0.0000 -8.1950
    outer loop
        vertex 0.0000 -8.0000 -3.8000
        vertex 0.9396 -7.1381 -3.8000
        vertex 1.0440 -7.9312 -3.8000
    endloop
endfacet
facet normal 0.0000 0.0000 -8.3255
    outer loop
        vertex 0.9396 -7.1381 -3.8000
        vertex 0.0000 -8.0000 -3.8000
        vertex 0.0000 -7.2000 -3.8000
    endloop
endfacet
facet normal 0.0000 0.0000 -8.1948
    outer loop
        vertex 1.0440 -7.9312 -3.8000
        vertex 1.8634 -6.9545 -3.8000
        vertex 2.0704 -7.7272 -3.8000
    endloop
endfacet
facet normal 0.0000 0.0000 -8.3253
    outer loop
        vertex 1.8634 -6.9545 -3.8000
        vertex 1.0440 -7.9312 -3.8000
        vertex 0.9396 -7.1381 -3.8000
    endloop
endfacet
facet normal 0.0000 0.0000 -8.1946
    outer loop
        vertex 2.0704 -7.7272 -3.8000
        vertex 2.7554 -6.6521 -3.8000
        vertex 3.0616 -7.3912 -3.8000
    endloop
endfacet
facet normal 0.0000 0.0000 -8.3251
    outer loop
        vertex 2.7554 -6.6521 -3.8000
        vertex 2.0704 -7.7272 -3.8000
        vertex 1.8634 -6.9545 -3.8000
    endloop
endfacet
facet normal 0.0000 0.0000 -8.1947
    outer loop
        vertex 3.0616 -7.3912 -3.8000
        vertex 3.6000 -6.2352 -3.8000
        vertex 4.0000 -6.9280 -3.8000
    endloop
endfacet
facet normal 0.0000 0.0000 -8.3252
    outer loop
        vertex 3.6000 -6.2352 -3.8000
        vertex 3.0616 -7.3912 -3.8000
        vertex 2.7554 -6.6521 -3.8000
    endloop
endfacet
facet normal 0.0000 0.0000 -8.1948
    outer loop
        vertex 4.0000 -6.9280 -3.8000
        vertex 4.3834 -5.7125 -3.8000
        vertex 4.8704 -6.3472 -3.8000
    endloop
endfacet
facet normal 0.0000 0.0000 -8.3253
    outer loop
        vertex 4.3834 -5.7125 -3.8000
        vertex 4.0000 -6.9280 -3.8000
        vertex 3.6000 -6.2352 -3.8000
    endloop
endfacet
facet normal 0.0000 0.0000 -8.1947
    outer loop
        vertex 4.8704 -6.3472 -3.8000
        vertex 5.0911 -5.0911 -3.8000
        vertex 5.6568 -5.6568 -3.8000
    endloop
endfacet
facet normal 0.0000 0.0000 -8.3252
    outer loop
        vertex 5.0911 -5.0911 -3.8000
        vertex 4.8704 -6.3472 -3.8000
        vertex 4.3834 -5.7125 -3.8000
    endloop
endfacet
facet normal 0.0000 0.0000 -8.1947
    outer loop
        vertex 5.6568 -5.6568 -3.8000
        vertex 5.7125 -4.3834 -3.8000
        vertex 6.3472 -4.8704 -3.8000
    endloop
endfacet
facet normal 0.0000 0.0000 -8.3252
    outer loop
        vertex 5.7125 -4.3834 -3.8000
        vertex 5.6568 -5.6568 -3.8000
        vertex 5.0911 -5.0911 -3.8000
    endloop
endfacet
facet normal 0.0000 0.0000 -8.1948
    outer loop
        vertex 6.3472 -4.8704 -3.8000
        vertex 6.2352 -3.6000 -3.8000
        vertex 6.9280 -4.0000 -3.8000
    endloop
endfacet
facet normal 0.0000 0.0000 -8.3253
    outer loop
        vertex 6.2352 -3.6000 -3.8000
        vertex 6.3472 -4.8704 -3.8000
        vertex 5.7125 -4.3834 -3.8000
    endloop
endfacet
facet normal 0.0000 0.0000 -8.1947
    outer loop
        vertex 6.9280 -4.0000 -3.8000
        vertex 6.6521 -2.7554 -3.8000
        vertex 7.3912 -3.0616 -3.8000
    endloop
endfacet
facet normal 0.0000 0.0000 -8.3252
    outer loop
        vertex 6.6521 -2.7554 -3.8000
        vertex 6.9280 -4.0000 -3.8000
        vertex 6.2352 -3.6000 -3.8000
    endloop
endfacet
facet normal 0.0000 0.0000 -8.1946
    outer loop
        vertex 7.3912 -3.0616 -3.8000
        vertex 6.9545 -1.8634 -3.8000
        vertex 7.7272 -2.0704 -3.8000
    endloop
endfacet
facet normal 0.0000 0.0000 -8.3251
    outer loop
        vertex 6.9545 -1.8634 -3.8000
        vertex 7.3912 -3.0616 -3.8000
        vertex 6.6521 -2.7554 -3.8000
    endloop
endfacet
facet normal 0.0000 0.0000 -8.1948
    outer loop
        vertex 7.7272 -2.0704 -3.8000
        vertex 7.1381 -0.9396 -3.8000
        vertex 7.9312 -1.0440 -3.8000
    endloop
endfacet
facet normal 0.0000 0.0000 -8.3253
    outer loop
        vertex 7.1381 -0.9396 -3.8000
        vertex 7.7272 -2.0704 -3.8000
        vertex 6.9545 -1.8634 -3.8000
    endloop
endfacet
facet normal 0.0000 0.0000 -8.1950
    outer loop
        vertex 7.9312 -1.0440 -3.8000
        vertex 7.2000 0.0000 -3.8000
        vertex 8.0000 0.0000 -3.8000
    endloop
endfacet
facet normal 0.0000 0.0000 -8.3255
    outer loop
        vertex 7.2000 0.0000 -3.8000
        vertex 7.9312 -1.0440 -3.8000
        vertex 7.1381 -0.9396 -3.8000
    endloop
endfacet
facet normal 0.0000 0.0000 -7.1510
    outer loop
        vertex 0.0000 -7.2000 -3.8000
        vertex 0.8874 -6.7415 -3.8000
        vertex 0.9396 -7.1381 -3.8000
    endloop
endfacet
facet normal 0.0000 0.0000 -7.2815
    outer loop
        vertex 0.8874 -6.7415 -3.8000
        vertex 0.0000 -7.2000 -3.8000
        vertex 0.0000 -6.8000 -3.8000
    endloop
endfacet
facet normal 0.0000 0.0000 -7.1506
    outer loop
        vertex 0.9396 -7.1381 -3.8000
        vertex 1.7598 -6.5681 -3.8000
        vertex 1.8634 -6.9545 -3.8000
    endloop
endfacet
facet normal 0.0000 0.0000 -7.2811
    outer loop
        vertex 1.7598 -6.5681 -3.8000
        vertex 0.9396 -7.1381 -3.8000
        vertex 0.8874 -6.7415 -3.8000
    endloop
endfacet
facet normal 0.0000 0.0000 -7.1502
    outer loop
        vertex 1.8634 -6.9545 -3.8000
        vertex 2.6024 -6.2825 -3.8000
        vertex 2.7554 -6.6521 -3.8000
    endloop
endfacet
facet normal 0.0000 0.0000 -7.2807
    outer loop
        vertex 2.6024 -6.2825 -3.8000
        vertex 1.8634 -6.9545 -3.8000
        vertex 1.7598 -6.5681 -3.8000
    endloop
endfacet
facet normal 0.0000 0.0000 -7.1504
    outer loop
        vertex 2.7554 -6.6521 -3.8000
        vertex 3.4000 -5.8888 -3.8000
        vertex 3.6000 -6.2352 -3.8000
    endloop
endfacet
facet normal 0.0000 0.0000 -7.2810
    outer loop
        vertex 3.4000 -5.8888 -3.8000
        vertex 2.7554 -6.6521 -3.8000
        vertex 2.6024 -6.2825 -3.8000
    endloop
endfacet
facet normal 0.0000 0.0000 -7.1506
    outer loop
        vertex 3.6000 -6.2352 -3.8000
        vertex 4.1398 -5.3951 -3.8000
        vertex 4.3834 -5.7125 -3.8000
    endloop
endfacet
facet normal 0.0000 0.0000 -7.2811
    outer loop
        vertex 4.1398 -5.3951 -3.8000
        vertex 3.6000 -6.2352 -3.8000
        vertex 3.4000 -5.8888 -3.8000
    endloop
endfacet
facet normal 0.0000 0.0000 -7.1504
    outer loop
        vertex 4.3834 -5.7125 -3.8000
        vertex 4.8083 -4.8083 -3.8000
        vertex 5.0911 -5.0911 -3.8000
    endloop
endfacet
facet normal 0.0000 0.0000 -7.2810
    outer loop
        vertex 4.8083 -4.8083 -3.8000
        vertex 4.3834 -5.7125 -3.8000
        vertex 4.1398 -5.3951 -3.8000
    endloop
endfacet
facet normal 0.0000 0.0000 -7.1504
    outer loop
        vertex 5.0911 -5.0911 -3.8000
        vertex 5.3951 -4.1398 -3.8000
        vertex 5.7125 -4.3834 -3.8000
    endloop
endfacet
facet normal 0.0000 0.0000 -7.2810
    outer loop
        vertex 5.3951 -4.1398 -3.8000
        vertex 5.0911 -5.0911 -3.8000
        vertex 4.8083 -4.8083 -3.8000
    endloop
endfacet
facet normal 0.0000 0.0000 -7.1506
    outer loop
        vertex 5.7125 -4.3834 -3.8000
        vertex 5.8888 -3.4000 -3.8000
        vertex 6.2352 -3.6000 -3.8000
    endloop
endfacet
facet normal 0.0000 0.0000 -7.2811
    outer loop
        vertex 5.8888 -3.4000 -3.8000
        vertex 5.7125 -4.3834 -3.8000
        vertex 5.3951 -4.1398 -3.8000
    endloop
endfacet
facet normal 0.0000 0.0000 -7.1504
    outer loop
        vertex 6.2352 -3.6000 -3.8000
        vertex 6.2825 -2.6024 -3.8000
        vertex 6.6521 -2.7554 -3.8000
    endloop
endfacet
facet normal 0.0000 0.0000 -7.2810
    outer loop
        vertex 6.2825 -2.6024 -3.8000
        vertex 6.2352 -3.6000 -3.8000
        vertex 5.8888 -3.4000 -3.8000
    endloop
endfacet
facet normal 0.0000 0.0000 -7.1502
    outer loop
        vertex 6.6521 -2.7554 -3.8000
        vertex 6.5681 -1.7598 -3.8000
        vertex 6.9545 -1.8634 -3.8000
    endloop
endfacet
facet normal 0.0000 0.0000 -7.2807
    outer loop
        vertex 6.5681 -1.7598 -3.8000
        vertex 6.6521 -2.7554 -3.8000
        vertex 6.2825 -2.6024 -3.8000
    endloop
endfacet
facet normal 0.0000 0.0000 -7.1506
    outer loop
        vertex 6.9545 -1.8634 -3.8000
        vertex 6.7415 -0.8874 -3.8000
        vertex 7.1381 -0.9396 -3.8000
    endloop
endfacet
facet normal 0.0000 0.0000 -7.2811
    outer loop
        vertex 6.7415 -0.8874 -3.8000
        vertex 6.9545 -1.8634 -3.8000
        vertex 6.5681 -1.7598 -3.8000
    endloop
endfacet
facet normal 0.0000 0.0000 -7.1510
    outer loop
        vertex 7.1381 -0.9396 -3.8000
        vertex 6.8000 0.0000 -3.8000
        vertex 7.2000 0.0000 -3.8000
    endloop
endfacet
facet normal 0.0000 0.0000 -7.2815
    outer loop
        vertex 6.8000 0.0000 -3.8000
        vertex 7.1381 -0.9396 -3.8000
        vertex 6.7415 -0.8874 -3.8000
    endloop
endfacet
facet normal 0.1462 -2.2185 -9.0000
    outer loop
        vertex 0.8874 -6.7415 -3.6000
        vertex 0.0000 -6.8000 -3.6000
        vertex 0.0000 -6.8000 -3.8000
    endloop
endfacet
facet normal 0.1462 -2.2185 -9.0000
    outer loop
        vertex 0.0000 -6.8000 -3.8000
        vertex 0.8874 -6.7415 -3.8000
        vertex 0.8874 -6.7415 -3.6000
    endloop
endfacet
facet normal 0.4335 -2.1811 -9.0000
    outer loop
        vertex 1.7598 -6.5681 -3.6000
        vertex 0.8874 -6.7415 -3.6000
        vertex 0.8874 -6.7415 -3.8000
    endloop
endfacet
facet normal 0.4335 -2.1811 -9.0000
    outer loop
        vertex 0.8874 -6.7415 -3.8000
        vertex 1.7598 -6.5681 -3.8000
        vertex 1.7598 -6.5681 -3.6000
    endloop
endfacet
facet normal 0.7140 -2.1063 -9.0000
    outer loop
        vertex 2.6024 -6.2825 -3.6000
        vertex 1.7598 -6.5681 -3.6000
        vertex 1.7598 -6.5681 -3.8000
    endloop
endfacet
facet normal 0.7140 -2.1063 -9.0000
    outer loop
        vertex 1.7598 -6.5681 -3.8000
        vertex 2.6024 -6.2825 -3.8000
        vertex 2.6024 -6.2825 -3.6000
    endloop
endfacet
facet normal 0.9843 -1.9941 -9.0000
    outer loop
        vertex 3.4000 -5.8888 -3.6000
        vertex 2.6024 -6.2825 -3.6000
        vertex 2.6024 -6.2825 -3.8000
    endloop
endfacet
facet normal 0.9843 -1.9941 -9.0000
    outer loop
        vertex 2.6024 -6.2825 -3.8000
        vertex 3.4000 -5.8888 -3.8000
        vertex 3.4000 -5.8888 -3.6000
    endloop
endfacet
facet normal 1.2342 -1.8496 -9.0000
    outer loop
        vertex 4.1398 -5.3951 -3.6000
        vertex 3.4000 -5.8888 -3.6000
        vertex 3.4000 -5.8888 -3.8000
    endloop
endfacet
facet normal 1.2342 -1.8496 -9.0000
    outer loop
        vertex 3.4000 -5.8888 -3.8000
        vertex 4.1398 -5.3951 -3.8000
        vertex 4.1398 -5.3951 -3.6000
    endloop
endfacet
facet normal 1.4671 -1.6711 -9.0000
    outer loop
        vertex 4.8083 -4.8083 -3.6000
        vertex 4.1398 -5.3951 -3.6000
        vertex 4.1398 -5.3951 -3.8000
    endloop
endfacet
facet normal 1.4671 -1.6711 -9.0000
    outer loop
        vertex 4.1398 -5.3951 -3.8000
        vertex 4.8083 -4.8083 -3.8000
        vertex 4.8083 -4.8083 -3.6000
    endloop
endfacet
facet normal 1.6711 -1.4671 -9.0000
    outer loop
        vertex 5.3951 -4.1398 -3.6000
        vertex 4.8083 -4.8083 -3.6000
        vertex 4.8083 -4.8083 -3.8000
    endloop
endfacet
facet normal 1.6711 -1.4671 -9.0000
    outer loop
        vertex 4.8083 -4.8083 -3.8000
        vertex 5.3951 -4.1398 -3.8000
        vertex 5.3951 -4.1398 -3.6000
    endloop
endfacet
facet normal 1.8496 -1.2342 -9.0000
    outer loop
        vertex 5.8888 -3.4000 -3.6000
        vertex 5.3951 -4.1398 -3.6000
        vertex 5.3951 -4.1398 -3.8000
    endloop
endfacet
facet normal 1.8496 -1.2342 -9.0000
    outer loop
        vertex 5.3951 -4.1398 -3.8000
        vertex 5.8888 -3.4000 -3.8000
        vertex 5.8888 -3.4000 -3.6000
    endloop
endfacet
facet normal 1.9941 -0.9843 -9.0000
    outer loop
        vertex 6.2825 -2.6024 -3.6000
        vertex 5.8888 -3.4000 -3.6000
        vertex 5.8888 -3.4000 -3.8000
    endloop
endfacet
facet normal 1.9941 -0.9843 -9.0000
    outer loop
        vertex 5.8888 -3.4000 -3.8000
        vertex 6.2825 -2.6024 -3.8000
        vertex 6.2825 -2.6024 -3.6000
    endloop
endfacet
facet normal 2.1063 -0.7140 -9.0000
    outer loop
        vertex 6.5681 -1.7598 -3.6000
        vertex 6.2825 -2.6024 -3.6000
        vertex 6.2825 -2.6024 -3.8000
    endloop
endfacet
facet normal 2.1063 -0.7140 -9.0000
    outer loop
        vertex 6.2825 -2.6024 -3.8000
        vertex 6.5681 -1.7598 -3.8000
        vertex 6.5681 -1.7598 -3.6000
    endloop
endfacet
facet normal 2.1811 -0.4335 -9.0000
    outer loop
        vertex 6.7415 -0.8874 -3.6000
        vertex 6.5681 -1.7598 -3.6000
        vertex 6.5681 -1.7598 -3.8000
    endloop
endfacet
facet normal 2.1811 -0.4335 -9.0000
    outer loop
        vertex 6.5681 -1.7598 -3.8000
        vertex 6.7415 -0.8874 -3.8000
        vertex 6.7415 -0.8874 -3.6000
    endloop
endfacet
facet normal 2.2185 -0.1462 -9.0000
    outer loop
        vertex 6.8000 0.0000 -3.6000
        vertex 6.7415 -0.8874 -3.6000
        vertex 6.7415 -0.8874 -3.8000
    endloop
endfacet
facet normal 2.2185 -0.1462 -9.0000
    outer loop
        vertex 6.7415 -0.8874 -3.8000
        vertex 6.8000 0.0000 -3.8000
        vertex 6.8000 0.0000 -3.6000
    endloop
endfacet
facet normal 0.0000 0.0000 -8.9679
    outer loop
        vertex 4.8083 -4.8083 -3.6000
        vertex 0.8874 -6.7415 -3.6000
        vertex 0.0000 -6.8000 -3.6000
    endloop
endfacet
facet normal 0.0000 0.0000 -8.9782
    outer loop
        vertex 0.8874 -6.7415 -3.6000
        vertex 4.8083 -4.8083 -3.6000
        vertex 4.1398 -5.3951 -3.6000
    endloop
endfacet
facet normal 0.0000 0.0000 -8.9868
    outer loop
        vertex 4.1398 -5.3951 -3.6000
        vertex 1.7598 -6.5681 -3.6000
        vertex 0.8874 -6.7415 -3.6000
    endloop
endfacet
facet normal 0.0000 0.0000 -8.9934
    outer loop
        vertex 1.7598 -6.5681 -3.6000
        vertex 4.1398 -5.3951 -3.6000
        vertex 3.4000 -5.8888 -3.6000
    endloop
endfacet
facet normal 0.0000 0.0000 -8.9978
    outer loop
        vertex 3.4000 -5.8888 -3.6000
        vertex 2.6024 -6.2825 -3.6000
        vertex 1.7598 -6.5681 -3.6000
    endloop
endfacet
facet normal 0.0000 0.0000 -8.9679
    outer loop
        vertex 4.8083 -4.8083 -3.6000
        vertex 6.7415 -0.8874 -3.6000
        vertex 6.8000 0.0000 -3.6000
    endloop
endfacet
facet normal 0.0000 0.0000 -8.9782
    outer loop
        vertex 6.7415 -0.8874 -3.6000
        vertex 4.8083 -4.8083 -3.6000
        vertex 5.3951 -4.1398 -3.6000
    endloop
endfacet
facet normal 0.0000 0.0000 -8.9868
    outer loop
        vertex 5.3951 -4.1398 -3.6000
        vertex 6.5681 -1.7598 -3.6000
        vertex 6.7415 -0.8874 -3.6000
    endloop
endfacet
facet normal 0.0000 0.0000 -8.9934
    outer loop
        vertex 6.5681 -1.7598 -3.6000
        vertex 5.3951 -4.1398 -3.6000
        vertex 5.8888 -3.4000 -3.6000
    endloop
endfacet
facet normal 0.0000 0.0000 -8.9978
    outer loop
        vertex 5.8888 -3.4000 -3.6000
        vertex 6.2825 -2.6024 -3.6000
        vertex 6.5681 -1.7598 -3.6000
    endloop
endfacet
facet normal 0.0000 0.0000 96.1656
    outer loop
        vertex 0.0000 -3.6000 -3.6000
        vertex 4.8083 -4.8083 -3.6000
        vertex 0.0000 -6.8000 -3.6000
    endloop
endfacet
facet normal 0.0000 0.0000 27.1863
    outer loop
        vertex 4.8083 -4.8083 -3.6000
        vertex 0.0000 -3.6000 -3.6000
        vertex 3.6000 -3.6000 -3.6000
    endloop
endfacet
facet normal 0.0000 0.0000 96.1656
    outer loop
        vertex 4.8083 -4.8083 -3.6000
        vertex 3.6000 0.0000 -3.6000
        vertex 6.8000 0.0000 -3.6000
    endloop
endfacet
facet normal 0.0000 0.0000 27.1863
    outer loop
        vertex 3.6000 0.0000 -3.6000
        vertex 4.8083 -4.8083 -3.6000
        vertex 3.6000 -3.6000 -3.6000
    endloop
endfacet
facet normal 0.0000 0.0000 72.0000
    outer loop
        vertex 3.6000 3.6000 -3.6000
        vertex 6.8000 0.0000 -3.6000
        vertex 3.6000 0.0000 -3.6000
    endloop
endfacet
facet normal 0.0000 0.0000 40.4039
    outer loop
        vertex 6.8000 0.0000 -3.6000
        vertex 3.6000 3.6000 -3.6000
        vertex 6.2825 2.6024 -3.6000
    endloop
endfacet
facet normal 0.0000 0.0000 8.1950
    outer loop
        vertex 0.0000 -8.0000 3.8000
        vertex 0.9396 -7.1381 3.8000
        vertex 1.0440 -7.9312 3.8000
    endloop
endfacet
facet normal 0.0000 0.0000 8.3255
    outer loop
        vertex 0.9396 -7.1381 3.8000
        vertex 0.0000 -8.0000 3.8000
        vertex 0.0000 -7.2000 3.8000
    endloop
endfacet
facet normal 0.0000 0.0000 8.1948
    outer loop
        vertex 1.0440 -7.9312 3.8000
        vertex 1.8634 -6.9545 3.8000
        vertex 2.0704 -7.7272 3.8000
    endloop
endfacet
facet normal 0.0000 0.0000 8.3253
    outer loop
        vertex 1.8634 -6.9545 3.8000
        vertex 1.0440 -7.9312 3.8000
        vertex 0.9396 -7.1381 3.8000
    endloop
endfacet
facet normal 0.0000 0.0000 8.1946
    outer loop
        vertex 2.0704 -7.7272 3.8000
        vertex 2.7554 -6.6521 3.8000
        vertex 3.0616 -7.3912 3.8000
    endloop
endfacet
facet normal 0.0000 0.0000 8.3251
    outer loop
        vertex 2.7554 -6.6521 3.8000
        vertex 2.0704 -7.7272 3.8000
        vertex 1.8634 -6.9545 3.8000
    endloop
endfacet
facet normal 0.0000 0.0000 8.1947
    outer loop
        vertex 3.0616 -7.3912 3.8000
        vertex 3.6000 -6.2352 3.8000
        vertex 4.0000 -6.9280 3.8000
    endloop
endfacet
facet normal 0.0000 0.0000 8.3252
    outer loop
        vertex 3.6000 -6.2352 3.8000
        vertex 3.0616 -7.3912 3.8000
        vertex 2.7554 -6.6521 3.8000
    endloop
endfacet
facet normal 0.0000 0.0000 8.1948
    outer loop
        vertex 4.0000 -6.9280 3.8000
        vertex 4.3834 -5.7125 3.8000
        vertex 4.8704 -6.3472 3.8000
    endloop
endfacet
facet normal 0.0000 0.0000 8.3253
    outer loop
        vertex 4.3834 -5.7125 3.8000
        vertex 4.0000 -6.9280 3.8000
        vertex 3.6000 -6.2352 3.8000
    endloop
endfacet
facet normal 0.0000 0.0000 8.1947
    outer loop
        vertex 4.8704 -6.3472 3.8000
        vertex 5.0911 -5.0911 3.8000
        vertex 5.6568 -5.6568 3.8000
    endloop
endfacet
facet normal 0.0000 0.0000 8.3252
    outer loop
        vertex 5.0911 -5.0911 3.8000
        vertex 4.8704 -6.3472 3.8000
        vertex 4.3834 -5.7125 3.8000
    endloop
endfacet
facet normal 0.0000 0.0000 8.1947
    outer loop
        vertex 5.6568 -5.6568 3.8000
        vertex 5.7125 -4.3834 3.8000
        vertex 6.3472 -4.8704 3.8000
    endloop
endfacet
facet normal 0.0000 0.0000 8.3252
    outer loop
        vertex 5.7125 -4.3834 3.8000
        vertex 5.6568 -5.6568 3.8000
        vertex 5.0911 -5.0911 3.8000
    endloop
endfacet
facet normal 0.0000 0.0000 8.1948
    outer loop
        vertex 6.3472 -4.8704 3.8000
        vertex 6.2352 -3.6000 3.8000
        vertex 6.9280 -4.0000 3.8000
    endloop
endfacet
facet normal 0.0000 0.0000 8.3253
    outer loop
        vertex 6.2352 -3.6000 3.8000
        vertex 6.3472 -4.8704 3.8000
        vertex 5.7125 -4.3834 3.8000
    endloop
endfacet
facet normal 0.0000 0.0000 8.1947
    outer loop
        vertex 6.9280 -4.0000 3.8000
        vertex 6.6521 -2.7554 3.8000
        vertex 7.3912 -3.0616 3.8000
    endloop
endfacet
facet normal 0.0000 0.0000 8.3252
    outer loop
        vertex 6.6521 -2.7554 3.8000
        vertex 6.9280 -4.0000 3.8000
        vertex 6.2352 -3.6000 3.8000
    endloop
endfacet
facet normal 0.0000 0.0000 8.1946
    outer loop
        vertex 7.3912 -3.0616 3.8000
        vertex 6.9545 -1.8634 3.8000
        vertex 7.7272 -2.0704 3.8000
    endloop
endfacet
facet normal 0.0000 0.0000 8.3251
    outer loop
        vertex 6.9545 -1.8634 3.8000
        vertex 7.3912 -3.0616 3.8000
        vertex 6.6521 -2.7554 3.8000
    endloop
endfacet
facet normal 0.0000 0.0000 8.1948
    outer loop
        vertex 7.7272 -2.0704 3.8000
        vertex 7.1381 -0.9396 3.8000
        vertex 7.9312 -1.0440 3.8000
    endloop
endfacet
facet normal 0.0000 0.0000 8.3253
    outer loop
        vertex 7.1381 -0.9396 3.8000
        vertex 7.7272 -2.0704 3.8000
        vertex 6.9545 -1.8634 3.8000
    endloop
endfacet
facet normal 0.0000 0.0000 8.1950
    outer loop
        vertex 7.9312 -1.0440 3.8000
        vertex 7.2000 0.0000 3.8000
        vertex 8.0000 0.0000 3.8000
    endloop
endfacet
facet normal 0.0000 0.0000 8.3255
    outer loop
        vertex 7.2000 0.0000 3.8000
        vertex 7.9312 -1.0440 3.8000
        vertex 7.1381 -0.9396 3.8000
    endloop
endfacet
facet normal 0.0000 0.0000 7.1510
    outer loop
        vertex 0.0000 -7.2000 3.8000
        vertex 0.8874 -6.7415 3.8000
        vertex 0.9396 -7.1381 3.8000
    endloop
endfacet
facet normal 0.0000 0.0000 7.2815
    outer loop
        vertex 0.8874 -6.7415 3.8000
        vertex 0.0000 -7.2000 3.8000
        vertex 0.0000 -6.8000 3.8000
    endloop
endfacet
facet normal 0.0000 0.0000 7.1506
    outer loop
        vertex 0.9396 -7.1381 3.8000
        vertex 1.7598 -6.5681 3.8000
        vertex 1.8634 -6.9545 3.8000
    endloop
endfacet
facet normal 0.0000 0.0000 7.2811
    outer loop
        vertex 1.7598 -6.5681 3.8000
        vertex 0.9396 -7.1381 3.8000
        vertex 0.8874 -6.7415 3.8000
    endloop
endfacet
facet normal 0.0000 0.0000 7.1502
    outer loop
        vertex 1.8634 -6.9545 3.8000
        vertex 2.6024 -6.2825 3.8000
        vertex 2.7554 -6.6521 3.8000
    endloop
endfacet
facet normal 0.0000 0.0000 7.2807
    outer loop
        vertex 2.6024 -6.2825 3.8000
        vertex 1.8634 -6.9545 3.8000
        vertex 1.7598 -6.5681 3.8000
    endloop
endfacet
facet normal 0.0000 0.0000 7.1504
    outer loop
        vertex 2.7554 -6.6521 3.8000
        vertex 3.4000 -5.8888 3.8000
        vertex 3.6000 -6.2352 3.8000
    endloop
endfacet
facet normal 0.0000 0.0000 7.2810
    outer loop
        vertex 3.4000 -5.8888 3.8000
        vertex 2.7554 -6.6521 3.8000
        vertex 2.6024 -6.2825 3.8000
    endloop
endfacet
facet normal 0.0000 0.0000 7.1506
    outer loop
        vertex 3.6000 -6.2352 3.8000
        vertex 4.1398 -5.3951 3.8000
        vertex 4.3834 -5.7125 3.8000
    endloop
endfacet
facet normal 0.0000 0.0000 7.2811
    outer loop
        vertex 4.1398 -5.3951 3.8000
        vertex 3.6000 -6.2352 3.8000
        vertex 3.4000 -5.8888 3.8000
    endloop
endfacet
facet normal 0.0000 0.0000 7.1504
    outer loop
        vertex 4.3834 -5.7125 3.8000
        vertex 4.8083 -4.8083 3.8000
        vertex 5.0911 -5.0911 3.8000
    endloop
endfacet
facet normal 0.0000 0.0000 7.2810
    outer loop
        vertex 4.8083 -4.8083 3.8000
        vertex 4.3834 -5.7125 3.8000
        vertex 4.1398 -5.3951 3.8000
    endloop
endfacet
facet normal 0.0000 0.0000 7.1504
    outer loop
        vertex 5.0911 -5.0911 3.8000
        vertex 5.3951 -4.1398 3.8000
        vertex 5.7125 -4.3834 3.8000
    endloop
endfacet
facet normal 0.0000 0.0000 7.2810
    outer loop
        vertex 5.3951 -4.1398 3.8000
        vertex 5.0911 -5.0911 3.8000
        vertex 4.8083 -4.8083 3.8000
    endloop
endfacet
facet normal 0.0000 0.0000 7.1506
    outer loop
        vertex 5.7125 -4.3834 3.8000
        vertex 5.8888 -3.4000 3.8000
        vertex 6.2352 -3.6000 3.8000
    endloop
endfacet
facet normal 0.0000 0.0000 7.2811
    outer loop
        vertex 5.8888 -3.4000 3.8000
        vertex 5.7125 -4.3834 3.8000
        vertex 5.3951 -4.1398 3.8000
    endloop
endfacet
facet normal 0.0000 0.0000 7.1504
    outer loop
        vertex 6.2352 -3.6000 3.8000
        vertex 6.2825 -2.6024 3.8000
        vertex 6.6521 -2.7554 3.8000
    endloop
endfacet
facet normal 0.0000 0.0000 7.2810
    outer loop
        vertex 6.2825 -2.6024 3.8000
        vertex 6.2352 -3.6000 3.8000
        vertex 5.8888 -3.4000 3.8000
    endloop
endfacet
facet normal 0.0000 0.0000 7.1502
    outer loop
        vertex 6.6521 -2.7554 3.8000
        vertex 6.5681 -1.7598 3.8000
        vertex 6.9545 -1.8634 3.8000
    endloop
endfacet
facet normal 0.0000 0.0000 7.2807
    outer loop
        vertex 6.5681 -1.7598 3.8000
        vertex 6.6521 -2.7554 3.8000
        vertex 6.2825 -2.6024 3.8000
    endloop
endfacet
facet normal 0.0000 0.0000 7.1506
    outer loop
        vertex 6.9545 -1.8634 3.8000
        vertex 6.7415 -0.8874 3.8000
        vertex 7.1381 -0.9396 3.8000
    endloop
endfacet
facet normal 0.0000 0.0000 7.2811
    outer loop
        vertex 6.7415 -0.8874 3.8000
        vertex 6.9545 -1.8634 3.8000
        vertex 6.5681 -1.7598 3.8000
    endloop
endfacet
facet normal 0.0000 0.0000 7.1510
    outer loop
        vertex 7.1381 -0.9396 3.8000
        vertex 6.8000 0.0000 3.8000
        vertex 7.2000 0.0000 3.8000
    endloop
endfacet
facet normal 0.0000 0.0000 7.2815
    outer loop
        vertex 6.8000 0.0000 3.8000
        vertex 7.1381 -0.9396 3.8000
        vertex 6.7415 -0.8874 3.8000
    endloop
endfacet
facet normal 0.1462 -2.2185 -5.0000
    outer loop
        vertex 0.8874 -6.7415 -2.0000
        vertex 0.0000 -6.8000 -2.0000
        vertex 0.0000 -6.8000 3.8000
    endloop
endfacet
facet normal 0.1462 -2.2185 -5.0000
    outer loop
        vertex 0.0000 -6.8000 3.8000
        vertex 0.8874 -6.7415 3.8000
        vertex 0.8874 -6.7415 -2.0000
    endloop
endfacet
facet normal 0.4335 -2.1811 -5.0000
    outer loop
        vertex 1.7598 -6.5681 -2.0000
        vertex 0.8874 -6.7415 -2.0000
        vertex 0.8874 -6.7415 3.8000
    endloop
endfacet
facet normal 0.4335 -2.1811 -5.0000
    outer loop
        vertex 0.8874 -6.7415 3.8000
        vertex 1.7598 -6.5681 3.8000
        vertex 1.7598 -6.5681 -2.0000
    endloop
endfacet
facet normal 0.7140 -2.1063 -5.0000
    outer loop
        vertex 2.6024 -6.2825 -2.0000
        vertex 1.7598 -6.5681 -2.0000
        vertex 1.7598 -6.5681 3.8000
    endloop
endfacet
facet normal 0.7140 -2.1063 -5.0000
    outer loop
        vertex 1.7598 -6.5681 3.8000
        vertex 2.6024 -6.2825 3.8000
        vertex 2.6024 -6.2825 -2.0000
    endloop
endfacet
facet normal 0.9843 -1.9941 -5.0000
    outer loop
        vertex 3.4000 -5.8888 -2.0000
        vertex 2.6024 -6.2825 -2.0000
        vertex 2.6024 -6.2825 3.8000
    endloop
endfacet
facet normal 0.9843 -1.9941 -5.0000
    outer loop
        vertex 2.6024 -6.2825 3.8000
        vertex 3.4000 -5.8888 3.8000
        vertex 3.4000 -5.8888 -2.0000
    endloop
endfacet
facet normal 1.2342 -1.8496 -5.0000
    outer loop
        vertex 4.1398 -5.3951 -2.0000
        vertex 3.4000 -5.8888 -2.0000
        vertex 3.4000 -5.8888 3.8000
    endloop
endfacet
facet normal 1.2342 -1.8496 -5.0000
    outer loop
        vertex 3.4000 -5.8888 3.8000
        vertex 4.1398 -5.3951 3.8000
        vertex 4.1398 -5.3951 -2.0000
    endloop
endfacet
facet normal 1.4671 -1.6711 -5.0000
    outer loop
        vertex 4.8083 -4.8083 -2.0000
        vertex 4.1398 -5.3951 -2.0000
        vertex 4.1398 -5.3951 3.8000
    endloop
endfacet
facet normal 1.4671 -1.6711 -5.0000
    outer loop
        vertex 4.1398 -5.3951 3.8000
        vertex 4.8083 -4.8083 3.8000
        vertex 4.8083 -4.8083 -2.0000
    endloop
endfacet
facet normal 1.6711 -1.4671 -5.0000
    outer loop
        vertex 5.3951 -4.1398 -2.0000
        vertex 4.8083 -4.8083 -2.0000
        vertex 4.8083 -4.8083 3.8000
    endloop
endfacet
facet normal 1.6711 -1.4671 -5.0000
    outer loop
        vertex 4.8083 -4.8083 3.8000
        vertex 5.3951 -4.1398 3.8000
        vertex 5.3951 -4.1398 -2.0000
    endloop
endfacet
facet normal 1.8496 -1.2342 -5.0000
    outer loop
        vertex 5.8888 -3.4000 -2.0000
        vertex 5.3951 -4.1398 -2.0000
        vertex 5.3951 -4.1398 3.8000
    endloop
endfacet
facet normal 1.8496 -1.2342 -5.0000
    outer loop
        vertex 5.3951 -4.1398 3.8000
        vertex 5.8888 -3.4000 3.8000
        vertex 5.8888 -3.4000 -2.0000
    endloop
endfacet
facet normal 1.9941 -0.9843 -5.0000
    outer loop
        vertex 6.2825 -2.6024 -2.0000
        vertex 5.8888 -3.4000 -2.0000
        vertex 5.8888 -3.4000 3.8000
    endloop
endfacet
facet normal 1.9941 -0.9843 -5.0000
    outer loop
        vertex 5.8888 -3.4000 3.8000
        vertex 6.2825 -2.6024 3.8000
        vertex 6.2825 -2.6024 -2.0000
    endloop
endfacet
facet normal 2.1063 -0.7140 -5.0000
    outer loop
        vertex 6.5681 -1.7598 -2.0000
        vertex 6.2825 -2.6024 -2.0000
        vertex 6.2825 -2.6024 3.8000
    endloop
endfacet
facet normal 2.1063 -0.7140 -5.0000
    outer loop
        vertex 6.2825 -2.6024 3.8000
        vertex 6.5681 -1.7598 3.8000
        vertex 6.5681 -1.7598 -2.0000
    endloop
endfacet
facet normal 2.1811 -0.4335 -5.0000
    outer loop
        vertex 6.7415 -0.8874 -2.0000
        vertex 6.5681 -1.7598 -2.0000
        vertex 6.5681 -1.7598 3.8000
    endloop
endfacet
facet normal 2.1811 -0.4335 -5.0000
    outer loop
        vertex 6.5681 -1.7598 3.8000
        vertex 6.7415 -0.8874 3.8000
        vertex 6.7415 -0.8874 -2.0000
    endloop
endfacet
facet normal 2.2185 -0.1462 -5.0000
    outer loop
        vertex 6.8000 0.0000 -2.0000
        vertex 6.7415 -0.8874 -2.0000
        vertex 6.7415 -0.8874 3.8000
    endloop
endfacet
facet normal 2.2185 -0.1462 -5.0000
    outer loop
        vertex 6.7415 -0.8874 3.8000
        vertex 6.8000 0.0000 3.8000
        vertex 6.8000 0.0000 -2.0000
    endloop
endfacet
facet normal 0.0000 0.0000 -5.0321
    outer loop
        vertex 4.8083 -4.8083 -2.0000
        vertex 0.8874 -6.7415 -2.0000
        vertex 0.0000 -6.8000 -2.0000
    endloop
endfacet
facet normal 0.0000 0.0000 -5.0218
    outer loop
        vertex 0.8874 -6.7415 -2.0000
        vertex 4.8083 -4.8083 -2.0000
        vertex 4.1398 -5.3951 -2.0000
    endloop
endfacet
facet normal 0.0000 0.0000 -5.0132
    outer loop
        vertex 4.1398 -5.3951 -2.0000
        vertex 1.7598 -6.5681 -2.0000
        vertex 0.8874 -6.7415 -2.0000
    endloop
endfacet
facet normal 0.0000 0.0000 -5.0066
    outer loop
        vertex 1.7598 -6.5681 -2.0000
        vertex 4.1398 -5.3951 -2.0000
        vertex 3.4000 -5.8888 -2.0000
    endloop
endfacet
facet normal 0.0000 0.0000 -5.0022
    outer loop
        vertex 3.4000 -5.8888 -2.0000
        vertex 2.6024 -6.2825 -2.0000
        vertex 1.7598 -6.5681 -2.0000
    endloop
endfacet
facet normal 0.0000 0.0000 -5.0321
    outer loop
        vertex 4.8083 -4.8083 -2.0000
        vertex 6.7415 -0.8874 -2.0000
        vertex 6.8000 0.0000 -2.0000
    endloop
endfacet
facet normal 0.0000 0.0000 -5.0218
    outer loop
        vertex 6.7415 -0.8874 -2.0000
        vertex 4.8083 -4.8083 -2.0000
        vertex 5.3951 -4.1398 -2.0000
    endloop
endfacet
facet normal 0.0000 0.0000 -5.0132
    outer loop
        vertex 5.3951 -4.1398 -2.0000
        vertex 6.5681 -1.7598 -2.0000
        vertex 6.7415 -0.8874 -2.0000
    endloop
endfacet
facet normal 0.0000 0.0000 -5.0066
    outer loop
        vertex 6.5681 -1.7598 -2.0000
        vertex 5.3951 -4.1398 -2.0000
        vertex 5.8888 -3.4000 -2.0000
    endloop
endfacet
facet normal 0.0000 0.0000 -5.0022
    outer loop
        vertex 5.8888 -3.4000 -2.0000
        vertex 6.2825 -2.6024 -2.0000
        vertex 6.5681 -1.7598 -2.0000
    endloop
endfacet
facet normal 0.0000 0.0000 -96.1656
    outer loop
        vertex 4.8083 -4.8083 -2.0000
        vertex 0.0000 -3.6000 -2.0000
        vertex 0.0000 -6.8000 -2.0000
    endloop
endfacet
facet normal 0.0000 0.0000 -27.1863
    outer loop
        vertex 0.0000 -3.6000 -2.0000
        vertex 4.8083 -4.8083 -2.0000
        vertex 3.6000 -3.6000 -2.0000
    endloop
endfacet
facet normal 0.0000 0.0000 -96.1656
    outer loop
        vertex 3.6000 0.0000 -2.0000
        vertex 4.8083 -4.8083 -2.0000
        vertex 6.8000 0.0000 -2.0000
    endloop
endfacet
facet normal 0.0000 0.0000 -27.1863
    outer loop
        vertex 4.8083 -4.8083 -2.0000
        vertex 3.6000 0.0000 -2.0000
        vertex 3.6000 -3.6000 -2.0000
    endloop
endfacet
facet normal 0.0000 0.0000 -72.0000
    outer loop
        vertex 6.8000 0.0000 -2.0000
        vertex 3.6000 3.6000 -2.0000
        vertex 3.6000 0.0000 -2.0000
    endloop
endfacet
facet normal 0.0000 0.0000 -40.4039
    outer loop
        vertex 3.6000 3.6000 -2.0000
        vertex 6.8000 0.0000 -2.0000
        vertex 6.2825 2.6024 -2.0000
    endloop
endfacet
facet normal -145.4260 -28.9180 0.0000
    outer loop
        vertex 7.3912 3.0616 -3.8000
        vertex 8.0000 0.0000 3.8000
        vertex 8.0000 0.0000 -3.8000
    endloop
endfacet
facet normal -145.4260 -28.9180 0.0000
    outer loop
        vertex 8.0000 0.0000 3.8000
        vertex 7.3912 3.0616 -3.8000
        vertex 7.3912 3.0616 3.8000
    endloop
endfacet
facet normal 0.0000 0.0000 15.3080
    outer loop
        vertex 7.2000 0.0000 -3.8000
        vertex 7.3912 3.0616 -3.8000
        vertex 8.0000 0.0000 -3.8000
    endloop
endfacet
facet normal 0.0000 0.0000 20.6658
    outer loop
        vertex 7.3912 3.0616 -3.8000
        vertex 7.2000 0.0000 -3.8000
        vertex 6.2825 2.6024 -3.8000
    endloop
endfacet
facet normal 0.0000 0.0000 6.5059
    outer loop
        vertex 6.8000 0.0000 -3.8000
        vertex 6.2825 2.6024 -3.8000
        vertex 7.2000 0.0000 -3.8000
    endloop
endfacet
facet normal 3.2529 0.6468 0.0000
    outer loop
        vertex 6.8000 0.0000 -3.6000
        vertex 6.2825 2.6024 -3.8000
        vertex 6.8000 0.0000 -3.8000
    endloop
endfacet
facet normal 3.2529 0.6468 0.0000
    outer loop
        vertex 6.2825 2.6024 -3.8000
        vertex 6.8000 0.0000 -3.6000
        vertex 6.2825 2.6024 -3.6000
    endloop
endfacet
facet normal 0.0000 0.0000 -22.9620
    outer loop
        vertex 6.2825 2.6024 3.8000
        vertex 8.0000 0.0000 3.8000
        vertex 7.3912 3.0616 3.8000
    endloop
endfacet
facet normal 0.0000 0.0000 -13.0118
    outer loop
        vertex 8.0000 0.0000 3.8000
        vertex 6.2825 2.6024 3.8000
        vertex 7.2000 0.0000 3.8000
    endloop
endfacet
facet normal 0.0000 0.0000 -6.5059
    outer loop
        vertex 7.2000 0.0000 3.8000
        vertex 6.2825 2.6024 3.8000
        vertex 6.8000 0.0000 3.8000
    endloop
endfacet
facet normal 94.3355 18.7586 0.0000
    outer loop
        vertex 6.2825 2.6024 -2.0000
        vertex 6.8000 0.0000 3.8000
        vertex 6.2825 2.6024 3.8000
    endloop
endfacet
facet normal 94.3355 18.7586 0.0000
    outer loop
        vertex 6.8000 0.0000 3.8000
        vertex 6.2825 2.6024 -2.0000
        vertex 6.8000 0.0000 -2.0000
    endloop
endfacet
facet normal 0.0000 0.0000 87.2450
    outer loop
        vertex 3.6956 17.5308 -3.8000
        vertex 6.2825 2.6024 -3.8000
        vertex 3.3744 13.9885 -3.8000
    endloop
endfacet
facet normal 0.0000 0.0000 110.8680
    outer loop
        vertex 6.2825 2.6024 -3.8000
        vertex 3.6956 17.5308 -3.8000
        vertex 7.3912 3.0616 -3.8000
    endloop
endfacet
facet normal 0.0000 0.0000 189.0000
    outer loop
        vertex 0.0000 3.6000 -3.6000
        vertex 0.0000 12.0000 -3.6000
        vertex 3.6000 3.6000 -3.6000
    endloop
endfacet
facet normal 0.0000 0.0000 276.2746
    outer loop
        vertex 6.2825 2.6024 -3.6000
        vertex 0.0000 12.0000 -3.6000
        vertex 3.3744 13.9885 -3.6000
    endloop
endfacet
facet normal 0.0000 0.0000 118.3854
    outer loop
        vertex 0.0000 12.0000 -3.6000
        vertex 6.2825 2.6024 -3.6000
        vertex 3.6000 3.6000 -3.6000
    endloop
endfacet
facet normal 14.2327 3.6352 0.0000
    outer loop
        vertex 6.2825 2.6024 -3.8000
        vertex 3.3744 13.9885 -3.6000
        vertex 3.3744 13.9885 -3.8000
    endloop
endfacet
facet normal 14.2327 3.6352 0.0000
    outer loop
        vertex 3.3744 13.9885 -3.6000
        vertex 6.2825 2.6024 -3.8000
        vertex 6.2825 2.6024 -3.6000
    endloop
endfacet
facet normal 0.0000 0.0000 -87.2450
    outer loop
        vertex 6.2825 2.6024 3.8000
        vertex 3.6956 17.5308 3.8000
        vertex 3.3744 13.9885 3.8000
    endloop
endfacet
facet normal 0.0000 0.0000 -110.8680
    outer loop
        vertex 3.6956 17.5308 3.8000
        vertex 6.2825 2.6024 3.8000
        vertex 7.3912 3.0616 3.8000
    endloop
endfacet
facet normal 0.0000 0.0000 -189.0000
    outer loop
        vertex 3.6000 3.6000 -2.0000
        vertex 0.0000 12.0000 -2.0000
        vertex 0.0000 3.6000 -2.0000
    endloop
endfacet
facet normal 0.0000 0.0000 -276.2746
    outer loop
        vertex 0.0000 12.0000 -2.0000
        vertex 6.2825 2.6024 -2.0000
        vertex 3.3744 13.9885 -2.0000
    endloop
endfacet
facet normal 0.0000 0.0000 -118.3854
    outer loop
        vertex 6.2825 2.6024 -2.0000
        vertex 0.0000 12.0000 -2.0000
        vertex 3.6000 3.6000 -2.0000
    endloop
endfacet
facet normal 412.7483 105.4208 0.0000
    outer loop
        vertex 3.3744 13.9885 -2.0000
        vertex 6.2825 2.6024 3.8000
        vertex 3.3744 13.9885 3.8000
    endloop
endfacet
facet normal 412.7483 105.4208 0.0000
    outer loop
        vertex 6.2825 2.6024 3.8000
        vertex 3.3744 13.9885 -2.0000
        vertex 6.2825 2.6024 -2.0000
    endloop
endfacet
facet normal -0.0860 38.6950 -9.5000
    outer loop
        vertex 0.0000 20.0000 3.8000
        vertex 0.5220 19.9656 -3.8000
        vertex 0.5220 19.9656 3.8000
    endloop
endfacet
facet normal -0.0860 38.6950 -9.5000
    outer loop
        vertex 0.5220 19.9656 -3.8000
        vertex 0.0000 20.0000 3.8000
        vertex 0.0000 20.0000 -3.8000
    endloop
endfacet
facet normal -0.2550 38.7170 -9.5000
    outer loop
        vertex 0.5220 19.9656 3.8000
        vertex 1.0352 19.8636 -3.8000
        vertex 1.0352 19.8636 3.8000
    endloop
endfacet
facet normal -0.2550 38.7170 -9.5000
    outer loop
        vertex 1.0352 19.8636 -3.8000
        vertex 0.5220 19.9656 3.8000
        vertex 0.5220 19.9656 -3.8000
    endloop
endfacet
facet normal -0.4200 38.7610 -9.5000
    outer loop
        vertex 1.0352 19.8636 3.8000
        vertex 1.5308 19.6956 -3.8000
        vertex 1.5308 19.6956 3.8000
    endloop
endfacet
facet normal -0.4200 38.7610 -9.5000
    outer loop
        vertex 1.5308 19.6956 -3.8000
        vertex 1.0352 19.8636 3.8000
        vertex 1.0352 19.8636 -3.8000
    endloop
endfacet
facet normal -0.5790 38.8270 -9.5000
    outer loop
        vertex 1.5308 19.6956 3.8000
        vertex 2.0000 19.4640 -3.8000
        vertex 2.0000 19.4640 3.8000
    endloop
endfacet
facet normal -0.5790 38.8270 -9.5000
    outer loop
        vertex 2.0000 19.4640 -3.8000
        vertex 1.5308 19.6956 3.8000
        vertex 1.5308 19.6956 -3.8000
    endloop
endfacet
facet normal -0.7260 38.9120 -9.5000
    outer loop
        vertex 2.0000 19.4640 3.8000
        vertex 2.4352 19.1736 -3.8000
        vertex 2.4352 19.1736 3.8000
    endloop
endfacet
facet normal -0.7260 38.9120 -9.5000
    outer loop
        vertex 2.4352 19.1736 -3.8000
        vertex 2.0000 19.4640 3.8000
        vertex 2.0000 19.4640 -3.8000
    endloop
endfacet
facet normal -0.8630 39.0170 -9.5000
    outer loop
        vertex 2.4352 19.1736 3.8000
        vertex 2.8284 18.8284 -3.8000
        vertex 2.8284 18.8284 3.8000
    endloop
endfacet
facet normal -0.8630 39.0170 -9.5000
    outer loop
        vertex 2.8284 18.8284 -3.8000
        vertex 2.4352 19.1736 3.8000
        vertex 2.4352 19.1736 -3.8000
    endloop
endfacet
facet normal -0.9830 39.1370 -9.5000
    outer loop
        vertex 2.8284 18.8284 3.8000
        vertex 3.1736 18.4352 -3.8000
        vertex 3.1736 18.4352 3.8000
    endloop
endfacet
facet normal -0.9830 39.1370 -9.5000
    outer loop
        vertex 3.1736 18.4352 -3.8000
        vertex 2.8284 18.8284 3.8000
        vertex 2.8284 18.8284 -3.8000
    endloop
endfacet
facet normal -1.0880 39.2740 -9.5000
    outer loop
        vertex 3.1736 18.4352 3.8000
        vertex 3.4640 18.0000 -3.8000
        vertex 3.4640 18.0000 3.8000
    endloop
endfacet
facet normal -1.0880 39.2740 -9.5000
    outer loop
        vertex 3.4640 18.0000 -3.8000
        vertex 3.1736 18.4352 3.8000
        vertex 3.1736 18.4352 -3.8000
    endloop
endfacet
facet normal -1.1730 39.4210 -9.5000
    outer loop
        vertex 3.4640 18.0000 3.8000
        vertex 3.6956 17.5308 -3.8000
        vertex 3.6956 17.5308 3.8000
    endloop
endfacet
facet normal -1.1730 39.4210 -9.5000
    outer loop
        vertex 3.6956 17.5308 -3.8000
        vertex 3.4640 18.0000 3.8000
        vertex 3.4640 18.0000 -3.8000
    endloop
endfacet
facet normal -0.0860 41.3050 -9.5000
    outer loop
        vertex 0.0000 12.0000 -3.6000
        vertex 0.5220 12.0344 -3.8000
        vertex 0.5220 12.0344 -3.6000
    endloop
endfacet
facet normal -0.0860 41.3050 -9.5000
    outer loop
        vertex 0.5220 12.0344 -3.8000
        vertex 0.0000 12.0000 -3.6000
        vertex 0.0000 12.0000 -3.8000
    endloop
endfacet
facet normal -0.2550 41.2830 -9.5000
    outer loop
        vertex 0.5220 12.0344 -3.6000
        vertex 1.0352 12.1364 -3.8000
        vertex 1.0352 12.1364 -3.6000
    endloop
endfacet
facet normal -0.2550 41.2830 -9.5000
    outer loop
        vertex 1.0352 12.1364 -3.8000
        vertex 0.5220 12.0344 -3.6000
        vertex 0.5220 12.0344 -3.8000
    endloop
endfacet
facet normal -0.4200 41.2390 -9.5000
    outer loop
        vertex 1.0352 12.1364 -3.6000
        vertex 1.5308 12.3044 -3.8000
        vertex 1.5308 12.3044 -3.6000
    endloop
endfacet
facet normal -0.4200 41.2390 -9.5000
    outer loop
        vertex 1.5308 12.3044 -3.8000
        vertex 1.0352 12.1364 -3.6000
        vertex 1.0352 12.1364 -3.8000
    endloop
endfacet
facet normal -0.5790 41.1730 -9.5000
    outer loop
        vertex 1.5308 12.3044 -3.6000
        vertex 2.0000 12.5360 -3.8000
        vertex 2.0000 12.5360 -3.6000
    endloop
endfacet
facet normal -0.5790 41.1730 -9.5000
    outer loop
        vertex 2.0000 12.5360 -3.8000
        vertex 1.5308 12.3044 -3.6000
        vertex 1.5308 12.3044 -3.8000
    endloop
endfacet
facet normal -0.7260 41.0880 -9.5000
    outer loop
        vertex 2.0000 12.5360 -3.6000
        vertex 2.4352 12.8264 -3.8000
        vertex 2.4352 12.8264 -3.6000
    endloop
endfacet
facet normal -0.7260 41.0880 -9.5000
    outer loop
        vertex 2.4352 12.8264 -3.8000
        vertex 2.0000 12.5360 -3.6000
        vertex 2.0000 12.5360 -3.8000
    endloop
endfacet
facet normal -0.8630 40.9830 -9.5000
    outer loop
        vertex 2.4352 12.8264 -3.6000
        vertex 2.8284 13.1716 -3.8000
        vertex 2.8284 13.1716 -3.6000
    endloop
endfacet
facet normal -0.8630 40.9830 -9.5000
    outer loop
        vertex 2.8284 13.1716 -3.8000
        vertex 2.4352 12.8264 -3.6000
        vertex 2.4352 12.8264 -3.8000
    endloop
endfacet
facet normal -0.9830 40.8630 -9.5000
    outer loop
        vertex 2.8284 13.1716 -3.6000
        vertex 3.1736 13.5648 -3.8000
        vertex 3.1736 13.5648 -3.6000
    endloop
endfacet
facet normal -0.9830 40.8630 -9.5000
    outer loop
        vertex 3.1736 13.5648 -3.8000
        vertex 2.8284 13.1716 -3.6000
        vertex 2.8284 13.1716 -3.8000
    endloop
endfacet
facet normal -1.0880 40.7260 -9.5000
    outer loop
        vertex 3.1736 13.5648 -3.6000
        vertex 3.4640 14.0000 -3.8000
        vertex 3.4640 14.0000 -3.6000
    endloop
endfacet
facet normal -1.0880 40.7260 -9.5000
    outer loop
        vertex 3.4640 14.0000 -3.8000
        vertex 3.1736 13.5648 -3.6000
        vertex 3.1736 13.5648 -3.8000
    endloop
endfacet
facet normal -1.1730 40.5790 -9.5000
    outer loop
        vertex 3.4640 14.0000 -3.6000
        vertex 3.6956 14.4692 -3.8000
        vertex 3.6956 14.4692 -3.6000
    endloop
endfacet
facet normal -1.1730 40.5790 -9.5000
    outer loop
        vertex 3.6956 14.4692 -3.8000
        vertex 3.4640 14.0000 -3.6000
        vertex 3.4640 14.0000 -3.8000
    endloop
endfacet
facet normal -0.0860 41.3050 -5.0000
    outer loop
        vertex 0.0000 12.0000 3.8000
        vertex 0.5220 12.0344 -2.0000
        vertex 0.5220 12.0344 3.8000
    endloop
endfacet
facet normal -0.0860 41.3050 -5.0000
    outer loop
        vertex 0.5220 12.0344 -2.0000
        vertex 0.0000 12.0000 3.8000
        vertex 0.0000 12.0000 -2.0000
    endloop
endfacet
facet normal -0.2550 41.2830 -5.0000
    outer loop
        vertex 0.5220 12.0344 3.8000
        vertex 1.0352 12.1364 -2.0000
        vertex 1.0352 12.1364 3.8000
    endloop
endfacet
facet normal -0.2550 41.2830 -5.0000
    outer loop
        vertex 1.0352 12.1364 -2.0000
        vertex 0.5220 12.0344 3.8000
        vertex 0.5220 12.0344 -2.0000
    endloop
endfacet
facet normal -0.4200 41.2390 -5.0000
    outer loop
        vertex 1.0352 12.1364 3.8000
        vertex 1.5308 12.3044 -2.0000
        vertex 1.5308 12.3044 3.8000
    endloop
endfacet
facet normal -0.4200 41.2390 -5.0000
    outer loop
        vertex 1.5308 12.3044 -2.0000
        vertex 1.0352 12.1364 3.8000
        vertex 1.0352 12.1364 -2.0000
    endloop
endfacet
facet normal -0.5790 41.1730 -5.0000
    outer loop
        vertex 1.5308 12.3044 3.8000
        vertex 2.0000 12.5360 -2.0000
        vertex 2.0000 12.5360 3.8000
    endloop
endfacet
facet normal -0.5790 41.1730 -5.0000
    outer loop
        vertex 2.0000 12.5360 -2.0000
        vertex 1.5308 12.3044 3.8000
        vertex 1.5308 12.3044 -2.0000
    endloop
endfacet
facet normal -0.7260 41.0880 -5.0000
    outer loop
        vertex 2.0000 12.5360 3.8000
        vertex 2.4352 12.8264 -2.0000
        vertex 2.4352 12.8264 3.8000
    endloop
endfacet
facet normal -0.7260 41.0880 -5.0000
    outer loop
        vertex 2.4352 12.8264 -2.0000
        vertex 2.0000 12.5360 3.8000
        vertex 2.0000 12.5360 -2.0000
    endloop
endfacet
facet normal -0.8630 40.9830 -5.0000
    outer loop
        vertex 2.4352 12.8264 3.8000
        vertex 2.8284 13.1716 -2.0000
        vertex 2.8284 13.1716 3.8000
    endloop
endfacet
facet normal -0.8630 40.9830 -5.0000
    outer loop
        vertex 2.8284 13.1716 -2.0000
        vertex 2.4352 12.8264 3.8000
        vertex 2.4352 12.8264 -2.0000
    endloop
endfacet
facet normal -0.9830 40.8630 -5.0000
    outer loop
        vertex 2.8284 13.1716 3.8000
        vertex 3.1736 13.5648 -2.0000
        vertex 3.1736 13.5648 3.8000
    endloop
endfacet
facet normal -0.9830 40.8630 -5.0000
    outer loop
        vertex 3.1736 13.5648 -2.0000
        vertex 2.8284 13.1716 3.8000
        vertex 2.8284 13.1716 -2.0000
    endloop
endfacet
facet normal -1.0880 40.7260 -5.0000
    outer loop
        vertex 3.1736 13.5648 3.8000
        vertex 3.4640 14.0000 -2.0000
        vertex 3.4640 14.0000 3.8000
    endloop
endfacet
facet normal -1.0880 40.7260 -5.0000
    outer loop
        vertex 3.4640 14.0000 -2.0000
        vertex 3.1736 13.5648 3.8000
        vertex 3.1736 13.5648 -2.0000
    endloop
endfacet
facet normal -1.1730 40.5790 -5.0000
    outer loop
        vertex 3.4640 14.0000 3.8000
        vertex 3.6956 14.4692 -2.0000
        vertex 3.6956 14.4692 3.8000
    endloop
endfacet
facet normal -1.1730 40.5790 -5.0000
    outer loop
        vertex 3.6956 14.4692 -2.0000
        vertex 3.4640 14.0000 3.8000
        vertex 3.4640 14.0000 -2.0000
    endloop
endfacet
facet normal 1.3973 273.1668 0.0000
    outer loop
        vertex 23.2304 -0.8796 -3.2000
        vertex 7.8408 -0.8008 -0.3600
        vertex 7.8408 -0.8008 -3.2000
    endloop
endfacet
facet normal 1.3895 271.6552 -0.0004
    outer loop
        vertex 7.8408 -0.8008 -0.3600
        vertex 23.2304 -0.8796 -3.2000
        vertex 23.1453 -0.8791 -0.3600
    endloop
endfacet
facet normal 0.0000 0.0000 169.2018
    outer loop
        vertex 7.8408 -0.8008 -3.2000
        vertex 23.2304 0.8796 -3.2000
        vertex 23.2304 -0.8796 -3.2000
    endloop
endfacet
facet normal 0.0000 0.0000 154.0584
    outer loop
        vertex 23.2304 0.8796 -3.2000
        vertex 7.8408 -0.8008 -3.2000
        vertex 7.8408 0.8008 -3.2000
    endloop
endfacet
facet normal 1.3973 -273.1668 0.0000
    outer loop
        vertex 7.8408 0.8008 -0.3600
        vertex 23.2304 0.8796 -3.2000
        vertex 7.8408 0.8008 -3.2000
    endloop
endfacet
facet normal 1.3895 -271.6552 -0.0004
    outer loop
        vertex 23.2304 0.8796 -3.2000
        vertex 7.8408 0.8008 -0.3600
        vertex 23.1453 0.8791 -0.3600
    endloop
endfacet
facet normal 0.0000 0.0000 -153.2059
    outer loop
        vertex 7.8408 -0.8008 -0.3600
        vertex 23.1453 0.8791 -0.3600
        vertex 7.8408 0.8008 -0.3600
    endloop
endfacet
facet normal 0.0000 0.0000 -168.1814
    outer loop
        vertex 23.1453 0.8791 -0.3600
        vertex 7.8408 -0.8008 -0.3600
        vertex 23.1453 -0.8791 -0.3600
    endloop
endfacet
facet normal 0.0000 0.0000 -0.6365
    outer loop
        vertex 23.2032 0.0000 -0.3600
        vertex 23.1453 0.8791 -0.3600
        vertex 23.1453 -0.8791 -0.3600
    endloop
endfacet
facet normal 0.0000 0.0000 0.6372
    outer loop
        vertex 23.2304 -0.8796 -3.2000
        vertex 23.2304 0.8796 -3.2000
        vertex 23.2884 0.0000 -3.2000
    endloop
endfacet
facet normal 85.2575 257.8983 0.0000
    outer loop
        vertex 21.8205 -8.0148 -3.2000
        vertex 7.2910 -3.2115 -0.3600
        vertex 7.2910 -3.2115 -3.2000
    endloop
endfacet
facet normal 84.7832 256.4655 -0.0032
    outer loop
        vertex 7.2910 -3.2115 -0.3600
        vertex 21.8205 -8.0148 -3.2000
        vertex 21.7398 -7.9880 -0.3600
    endloop
endfacet
facet normal 0.0000 0.0000 168.2618
    outer loop
        vertex 7.2910 -3.2115 -3.2000
        vertex 22.3853 -6.3486 -3.2000
        vertex 21.8205 -8.0148 -3.2000
    endloop
endfacet
facet normal 0.0000 0.0000 154.6980
    outer loop
        vertex 22.3853 -6.3486 -3.2000
        vertex 7.2910 -3.2115 -3.2000
        vertex 7.6717 -1.6508 -3.2000
    endloop
endfacet
facet normal -83.3845 -261.1657 0.0000
    outer loop
        vertex 7.6717 -1.6508 -0.3600
        vertex 22.3853 -6.3486 -3.2000
        vertex 7.6717 -1.6508 -3.2000
    endloop
endfacet
facet normal -82.9252 -259.7279 0.0017
    outer loop
        vertex 22.3853 -6.3486 -3.2000
        vertex 7.6717 -1.6508 -0.3600
        vertex 22.3043 -6.3227 -0.3600
    endloop
endfacet
facet normal 0.0000 0.0000 -153.8463
    outer loop
        vertex 7.2910 -3.2115 -0.3600
        vertex 22.3043 -6.3227 -0.3600
        vertex 7.6717 -1.6508 -0.3600
    endloop
endfacet
facet normal 0.0000 0.0000 -167.2427
    outer loop
        vertex 22.3043 -6.3227 -0.3600
        vertex 7.2910 -3.2115 -0.3600
        vertex 21.7398 -7.9880 -0.3600
    endloop
endfacet
facet normal 161.5200 219.9381 0.0000
    outer loop
        vertex 18.2981 -14.3818 -3.2000
        vertex 5.9072 -5.2820 -0.3600
        vertex 5.9072 -5.2820 -3.2000
    endloop
endfacet
facet normal 160.6233 218.7169 0.0005
    outer loop
        vertex 5.9072 -5.2820 -0.3600
        vertex 18.2981 -14.3818 -3.2000
        vertex 18.2293 -14.3312 -0.3600
    endloop
endfacet
facet normal 0.0000 0.0000 169.0087
    outer loop
        vertex 5.9072 -5.2820 -3.2000
        vertex 19.3042 -12.9383 -3.2000
        vertex 18.2981 -14.3818 -3.2000
    endloop
endfacet
facet normal 0.0000 0.0000 154.2159
    outer loop
        vertex 19.3042 -12.9383 -3.2000
        vertex 5.9072 -5.2820 -3.2000
        vertex 6.7980 -3.9493 -3.2000
    endloop
endfacet
facet normal -159.5547 -221.9865 0.0000
    outer loop
        vertex 6.7980 -3.9493 -0.3600
        vertex 19.3042 -12.9383 -3.2000
        vertex 6.7980 -3.9493 -3.2000
    endloop
endfacet
facet normal -158.6736 -220.7603 -0.0009
    outer loop
        vertex 19.3042 -12.9383 -3.2000
        vertex 6.7980 -3.9493 -0.3600
        vertex 19.2352 -12.8886 -0.3600
    endloop
endfacet
facet normal 0.0000 0.0000 -153.3642
    outer loop
        vertex 5.9072 -5.2820 -0.3600
        vertex 19.2352 -12.8886 -0.3600
        vertex 6.7980 -3.9493 -0.3600
    endloop
endfacet
facet normal 0.0000 0.0000 -167.9867
    outer loop
        vertex 19.2352 -12.8886 -0.3600
        vertex 5.9072 -5.2820 -0.3600
        vertex 18.2293 -14.3312 -0.3600
    endloop
endfacet
facet normal 0.0000 0.0000 0.3323
    outer loop
        vertex 18.4770 -14.1780 -3.2000
        vertex 18.2981 -14.3818 -3.2000
        vertex 19.3042 -12.9383 -3.2000
    endloop
endfacet
facet normal 0.0000 0.0000 -0.3342
    outer loop
        vertex 19.2352 -12.8886 -0.3600
        vertex 18.2293 -14.3312 -0.3600
        vertex 18.4094 -14.1261 -0.3600
    endloop
endfacet
facet normal 168.6896 121.2474 0.0000
    outer loop
        vertex 10.7801 -16.3016 -3.2000
        vertex 3.9493 -6.7980 -0.3600
        vertex 3.9493 -6.7980 -3.2000
    endloop
endfacet
facet normal 168.6896 121.2474 0.0000
    outer loop
        vertex 3.9493 -6.7980 -0.3600
        vertex 10.7801 -16.3016 -3.2000
        vertex 10.7801 -16.3016 -0.3600
    endloop
endfacet
facet normal 0.0000 0.0000 126.8403
    outer loop
        vertex 3.9493 -6.7980 -3.2000
        vertex 12.9156 -16.3016 -3.2000
        vertex 10.7801 -16.3016 -3.2000
    endloop
endfacet
facet normal 0.0000 0.0000 129.0782
    outer loop
        vertex 12.9156 -16.3016 -3.2000
        vertex 3.9493 -6.7980 -3.2000
        vertex 5.2820 -5.9072 -3.2000
    endloop
endfacet
facet normal -184.4999 -135.4950 0.0000
    outer loop
        vertex 5.2820 -5.9072 -0.3600
        vertex 12.9156 -16.3016 -3.2000
        vertex 5.2820 -5.9072 -3.2000
    endloop
endfacet
facet normal -184.4999 -135.4950 0.0000
    outer loop
        vertex 12.9156 -16.3016 -3.2000
        vertex 5.2820 -5.9072 -0.3600
        vertex 12.9156 -16.3016 -0.3600
    endloop
endfacet
facet normal 0.0000 0.0000 -129.0782
    outer loop
        vertex 3.9493 -6.7980 -0.3600
        vertex 12.9156 -16.3016 -0.3600
        vertex 5.2820 -5.9072 -0.3600
    endloop
endfacet
facet normal 0.0000 0.0000 -126.8403
    outer loop
        vertex 12.9156 -16.3016 -0.3600
        vertex 3.9493 -6.7980 -0.3600
        vertex 10.7801 -16.3016 -0.3600
    endloop
endfacet
facet normal 153.1804 48.9069 0.0000
    outer loop
        vertex 4.4062 -16.3016 -3.2000
        vertex 1.6508 -7.6717 -0.3600
        vertex 1.6508 -7.6717 -3.2000
    endloop
endfacet
facet normal 153.1804 48.9069 0.0000
    outer loop
        vertex 1.6508 -7.6717 -0.3600
        vertex 4.4062 -16.3016 -3.2000
        vertex 4.4062 -16.3016 -0.3600
    endloop
endfacet
facet normal 0.0000 0.0000 96.2296
    outer loop
        vertex 1.6508 -7.6717 -3.2000
        vertex 6.1903 -16.3016 -3.2000
        vertex 4.4062 -16.3016 -3.2000
    endloop
endfacet
facet normal 0.0000 0.0000 94.9796
    outer loop
        vertex 6.1903 -16.3016 -3.2000
        vertex 1.6508 -7.6717 -3.2000
        vertex 3.2115 -7.2910 -3.2000
    endloop
endfacet
facet normal -159.9381 -52.8730 0.0000
    outer loop
        vertex 3.2115 -7.2910 -0.3600
        vertex 6.1903 -16.3016 -3.2000
        vertex 3.2115 -7.2910 -3.2000
    endloop
endfacet
facet normal -159.9381 -52.8730 0.0000
    outer loop
        vertex 6.1903 -16.3016 -3.2000
        vertex 3.2115 -7.2910 -0.3600
        vertex 6.1903 -16.3016 -0.3600
    endloop
endfacet
facet normal 0.0000 0.0000 -94.9796
    outer loop
        vertex 1.6508 -7.6717 -0.3600
        vertex 6.1903 -16.3016 -0.3600
        vertex 3.2115 -7.2910 -0.3600
    endloop
endfacet
facet normal 0.0000 0.0000 -96.2296
    outer loop
        vertex 6.1903 -16.3016 -0.3600
        vertex 1.6508 -7.6717 -0.3600
        vertex 4.4062 -16.3016 -0.3600
    endloop
endfacet
facet normal 0.0000 0.0000 43.7972
    outer loop
        vertex 0.0000 -8.0000 -3.2000
        vertex 0.8441 -16.3016 -3.2000
        vertex 0.0000 -16.3016 -3.2000
    endloop
endfacet
facet normal 0.0000 0.0000 42.3917
    outer loop
        vertex 0.8441 -16.3016 -3.2000
        vertex 0.0000 -8.0000 -3.2000
        vertex 0.8008 -7.8408 -3.2000
    endloop
endfacet
facet normal -150.1799 -0.7682 0.0000
    outer loop
        vertex 0.8008 -7.8408 -0.3600
        vertex 0.8441 -16.3016 -3.2000
        vertex 0.8008 -7.8408 -3.2000
    endloop
endfacet
facet normal -150.1799 -0.7682 0.0000
    outer loop
        vertex 0.8441 -16.3016 -3.2000
        vertex 0.8008 -7.8408 -0.3600
        vertex 0.8441 -16.3016 -0.3600
    endloop
endfacet
facet normal 0.0000 0.0000 -42.3917
    outer loop
        vertex 0.0000 -8.0000 -0.3600
        vertex 0.8441 -16.3016 -0.3600
        vertex 0.8008 -7.8408 -0.3600
    endloop
endfacet
facet normal 0.0000 0.0000 -43.7972
    outer loop
        vertex 0.8441 -16.3016 -0.3600
        vertex 0.0000 -8.0000 -0.3600
        vertex 0.0000 -16.3016 -0.3600
    endloop
endfacet
facet normal 84.9224 -256.8851 0.0000
    outer loop
        vertex 7.3481 3.2304 -0.3600
        vertex 21.8205 8.0148 -3.2000
        vertex 7.3481 3.2304 -3.2000
    endloop
endfacet
facet normal 84.4481 -255.4523 -0.0032
    outer loop
        vertex 21.8205 8.0148 -3.2000
        vertex 7.3481 3.2304 -0.3600
        vertex 21.7398 7.9880 -0.3600
    endloop
endfacet
facet normal 0.0000 0.0000 167.6007
    outer loop
        vertex 22.3853 6.3486 -3.2000
        vertex 7.3481 3.2304 -3.2000
        vertex 21.8205 8.0148 -3.2000
    endloop
endfacet
facet normal 0.0000 0.0000 154.7583
    outer loop
        vertex 7.3481 3.2304 -3.2000
        vertex 22.3853 6.3486 -3.2000
        vertex 7.6717 1.6508 -3.2000
    endloop
endfacet
facet normal -83.3845 261.1657 0.0000
    outer loop
        vertex 22.3853 6.3486 -3.2000
        vertex 7.6717 1.6508 -0.3600
        vertex 7.6717 1.6508 -3.2000
    endloop
endfacet
facet normal -82.9252 259.7279 0.0017
    outer loop
        vertex 7.6717 1.6508 -0.3600
        vertex 22.3853 6.3486 -3.2000
        vertex 22.3043 6.3227 -0.3600
    endloop
endfacet
facet normal 0.0000 0.0000 -153.9063
    outer loop
        vertex 22.3043 6.3227 -0.3600
        vertex 7.3481 3.2304 -0.3600
        vertex 7.6717 1.6508 -0.3600
    endloop
endfacet
facet normal 0.0000 0.0000 -166.5819
    outer loop
        vertex 7.3481 3.2304 -0.3600
        vertex 22.3043 6.3227 -0.3600
        vertex 21.7398 7.9880 -0.3600
    endloop
endfacet
facet normal 151.4558 -206.2351 0.0000
    outer loop
        vertex 6.6792 5.8490 -0.3600
        vertex 18.2981 14.3818 -3.2000
        vertex 6.6792 5.8490 -3.2000
    endloop
endfacet
facet normal 150.5591 -205.0139 0.0004
    outer loop
        vertex 18.2981 14.3818 -3.2000
        vertex 6.6792 5.8490 -0.3600
        vertex 18.2293 14.3312 -0.3600
    endloop
endfacet
facet normal 0.0000 0.0000 158.4785
    outer loop
        vertex 19.3042 12.9383 -3.2000
        vertex 6.6792 5.8490 -3.2000
        vertex 18.2981 14.3818 -3.2000
    endloop
endfacet
facet normal 0.0000 0.0000 151.3230
    outer loop
        vertex 6.6792 5.8490 -3.2000
        vertex 19.3042 12.9383 -3.2000
        vertex 7.1076 4.1718 -3.2000
    endloop
endfacet
facet normal -155.6043 216.4896 0.0000
    outer loop
        vertex 19.3042 12.9383 -3.2000
        vertex 7.1076 4.1718 -0.3600
        vertex 7.1076 4.1718 -3.2000
    endloop
endfacet
facet normal -154.7232 215.2635 -0.0009
    outer loop
        vertex 7.1076 4.1718 -0.3600
        vertex 19.3042 12.9383 -3.2000
        vertex 19.2352 12.8886 -0.3600
    endloop
endfacet
facet normal 0.0000 0.0000 -150.4660
    outer loop
        vertex 19.2352 12.8886 -0.3600
        vertex 6.6792 5.8490 -0.3600
        vertex 7.1076 4.1718 -0.3600
    endloop
endfacet
facet normal 0.0000 0.0000 -157.4618
    outer loop
        vertex 6.6792 5.8490 -0.3600
        vertex 19.2352 12.8886 -0.3600
        vertex 18.2293 14.3312 -0.3600
    endloop
endfacet
facet normal 0.0000 0.0000 -0.3342
    outer loop
        vertex 18.2293 14.3312 -0.3600
        vertex 19.2352 12.8886 -0.3600
        vertex 18.4094 14.1261 -0.3600
    endloop
endfacet
facet normal 0.0000 0.0000 0.3323
    outer loop
        vertex 18.4770 14.1780 -3.2000
        vertex 19.3042 12.9383 -3.2000
        vertex 18.2981 14.3818 -3.2000
    endloop
endfacet
facet normal 176.6579 -126.9771 0.0000
    outer loop
        vertex 5.7846 9.3517 -0.3600
        vertex 12.9383 19.3042 -3.2000
        vertex 5.7846 9.3517 -3.2000
    endloop
endfacet
facet normal 175.4318 -126.0960 -0.0008
    outer loop
        vertex 12.9383 19.3042 -3.2000
        vertex 5.7846 9.3517 -0.3600
        vertex 12.8886 19.2352 -0.3600
    endloop
endfacet
facet normal 0.0000 0.0000 134.7734
    outer loop
        vertex 14.3818 18.2981 -3.2000
        vertex 5.7846 9.3517 -3.2000
        vertex 12.9383 19.3042 -3.2000
    endloop
endfacet
facet normal 0.0000 0.0000 139.2870
    outer loop
        vertex 5.7846 9.3517 -3.2000
        vertex 14.3818 18.2981 -3.2000
        vertex 6.3077 7.3038 -3.2000
    endloop
endfacet
facet normal -195.1499 143.3142 0.0000
    outer loop
        vertex 14.3818 18.2981 -3.2000
        vertex 6.3077 7.3038 -0.3600
        vertex 6.3077 7.3038 -3.2000
    endloop
endfacet
facet normal -193.9287 142.4175 0.0004
    outer loop
        vertex 6.3077 7.3038 -0.3600
        vertex 14.3818 18.2981 -3.2000
        vertex 14.3312 18.2293 -0.3600
    endloop
endfacet
facet normal 0.0000 0.0000 -138.4154
    outer loop
        vertex 14.3312 18.2293 -0.3600
        vertex 5.7846 9.3517 -0.3600
        vertex 6.3077 7.3038 -0.3600
    endloop
endfacet
facet normal 0.0000 0.0000 -133.7712
    outer loop
        vertex 5.7846 9.3517 -0.3600
        vertex 14.3312 18.2293 -0.3600
        vertex 12.8886 19.2352 -0.3600
    endloop
endfacet
facet normal 0.0000 0.0000 0.3323
    outer loop
        vertex 14.3818 18.2981 -3.2000
        vertex 12.9383 19.3042 -3.2000
        vertex 14.1780 18.4770 -3.2000
    endloop
endfacet
facet normal 0.0000 0.0000 -0.3342
    outer loop
        vertex 14.1261 18.4094 -0.3600
        vertex 12.8886 19.2352 -0.3600
        vertex 14.3312 18.2293 -0.3600
    endloop
endfacet
facet normal 120.2243 -38.3911 0.0000
    outer loop
        vertex 4.1857 15.6121 -0.3600
        vertex 6.3486 22.3853 -3.2000
        vertex 4.1857 15.6121 -3.2000
    endloop
endfacet
facet normal 118.7865 -37.9317 0.0006
    outer loop
        vertex 6.3486 22.3853 -3.2000
        vertex 4.1857 15.6121 -0.3600
        vertex 6.3227 22.3043 -0.3600
    endloop
endfacet
facet normal 0.0000 0.0000 78.1694
    outer loop
        vertex 8.0148 21.8205 -3.2000
        vertex 4.1857 15.6121 -3.2000
        vertex 6.3486 22.3853 -3.2000
    endloop
endfacet
facet normal 0.0000 0.0000 102.6195
    outer loop
        vertex 4.1857 15.6121 -3.2000
        vertex 8.0148 21.8205 -3.2000
        vertex 4.9602 12.5798 -3.2000
    endloop
endfacet
facet normal -164.0221 54.2191 0.0000
    outer loop
        vertex 8.0148 21.8205 -3.2000
        vertex 4.9602 12.5798 -0.3600
        vertex 4.9602 12.5798 -3.2000
    endloop
endfacet
facet normal -162.5893 53.7449 -0.0021
    outer loop
        vertex 4.9602 12.5798 -0.3600
        vertex 8.0148 21.8205 -3.2000
        vertex 7.9880 21.7398 -0.3600
    endloop
endfacet
facet normal 0.0000 0.0000 -101.7224
    outer loop
        vertex 7.9880 21.7398 -0.3600
        vertex 4.1857 15.6121 -0.3600
        vertex 4.9602 12.5798 -0.3600
    endloop
endfacet
facet normal 0.0000 0.0000 -77.1956
    outer loop
        vertex 4.1857 15.6121 -0.3600
        vertex 7.9880 21.7398 -0.3600
        vertex 6.3227 22.3043 -0.3600
    endloop
endfacet
facet normal 0.0000 0.0000 18.0772
    outer loop
        vertex 0.8796 23.2304 -3.2000
        vertex 0.0000 20.0000 -3.2000
        vertex 0.0000 23.2884 -3.2000
    endloop
endfacet
facet normal 0.0000 0.0000 18.3598
    outer loop
        vertex 0.0000 20.0000 -3.2000
        vertex 0.8796 23.2304 -3.2000
        vertex 0.8626 19.8285 -3.2000
    endloop
endfacet
facet normal -60.3848 0.3003 0.0000
    outer loop
        vertex 0.8796 23.2304 -3.2000
        vertex 0.8626 19.8285 -0.3600
        vertex 0.8626 19.8285 -3.2000
    endloop
endfacet
facet normal -58.8732 0.2925 -0.0003
    outer loop
        vertex 0.8626 19.8285 -0.3600
        vertex 0.8796 23.2304 -3.2000
        vertex 0.8791 23.1453 -0.3600
    endloop
endfacet
facet normal 0.0000 0.0000 -17.9002
    outer loop
        vertex 0.8791 23.1453 -0.3600
        vertex 0.0000 20.0000 -0.3600
        vertex 0.8626 19.8285 -0.3600
    endloop
endfacet
facet normal 0.0000 0.0000 -17.6000
    outer loop
        vertex 0.0000 20.0000 -0.3600
        vertex 0.8791 23.1453 -0.3600
        vertex 0.0000 23.2032 -0.3600
    endloop
endfacet
facet normal -687.2870 -175.5410 0.0000
    outer loop
        vertex 3.6956 17.5308 3.8000
        vertex 7.3912 3.0616 -3.8000
        vertex 3.6956 17.5308 -3.8000
    endloop
endfacet
facet normal -687.2870 -175.5410 0.0000
    outer loop
        vertex 7.3912 3.0616 -3.8000
        vertex 3.6956 17.5308 3.8000
        vertex 7.3912 3.0616 3.8000
    endloop
endfacet
facet normal 1.1745 0.0774 -10.0000
    outer loop
        vertex -3.5690 -0.4698 -4.0000
        vertex -3.6000 0.0000 -3.6000
        vertex -3.6000 0.0000 -4.0000
    endloop
endfacet
facet normal 1.1745 0.0774 -10.0000
    outer loop
        vertex -3.6000 0.0000 -3.6000
        vertex -3.5690 -0.4698 -4.0000
        vertex -3.5690 -0.4698 -3.6000
    endloop
endfacet
facet normal 1.1547 0.2295 -10.0000
    outer loop
        vertex -3.4772 -0.9317 -4.0000
        vertex -3.5690 -0.4698 -3.6000
        vertex -3.5690 -0.4698 -4.0000
    endloop
endfacet
facet normal 1.1547 0.2295 -10.0000
    outer loop
        vertex -3.5690 -0.4698 -3.6000
        vertex -3.4772 -0.9317 -4.0000
        vertex -3.4772 -0.9317 -3.6000
    endloop
endfacet
facet normal 1.1151 0.3780 -10.0000
    outer loop
        vertex -3.3260 -1.3777 -4.0000
        vertex -3.4772 -0.9317 -3.6000
        vertex -3.4772 -0.9317 -4.0000
    endloop
endfacet
facet normal 1.1151 0.3780 -10.0000
    outer loop
        vertex -3.4772 -0.9317 -3.6000
        vertex -3.3260 -1.3777 -4.0000
        vertex -3.3260 -1.3777 -3.6000
    endloop
endfacet
facet normal 1.0557 0.5211 -10.0000
    outer loop
        vertex -3.1176 -1.8000 -4.0000
        vertex -3.3260 -1.3777 -3.6000
        vertex -3.3260 -1.3777 -4.0000
    endloop
endfacet
facet normal 1.0557 0.5211 -10.0000
    outer loop
        vertex -3.3260 -1.3777 -3.6000
        vertex -3.1176 -1.8000 -4.0000
        vertex -3.1176 -1.8000 -3.6000
    endloop
endfacet
facet normal 0.9792 0.6534 -10.0000
    outer loop
        vertex -2.8562 -2.1917 -4.0000
        vertex -3.1176 -1.8000 -3.6000
        vertex -3.1176 -1.8000 -4.0000
    endloop
endfacet
facet normal 0.9792 0.6534 -10.0000
    outer loop
        vertex -3.1176 -1.8000 -3.6000
        vertex -2.8562 -2.1917 -4.0000
        vertex -2.8562 -2.1917 -3.6000
    endloop
endfacet
facet normal 0.8847 0.7767 -10.0000
    outer loop
        vertex -2.5456 -2.5456 -4.0000
        vertex -2.8562 -2.1917 -3.6000
        vertex -2.8562 -2.1917 -4.0000
    endloop
endfacet
facet normal 0.8847 0.7767 -10.0000
    outer loop
        vertex -2.8562 -2.1917 -3.6000
        vertex -2.5456 -2.5456 -4.0000
        vertex -2.5456 -2.5456 -3.6000
    endloop
endfacet
facet normal 0.7767 0.8847 -10.0000
    outer loop
        vertex -2.1917 -2.8562 -4.0000
        vertex -2.5456 -2.5456 -3.6000
        vertex -2.5456 -2.5456 -4.0000
    endloop
endfacet
facet normal 0.7767 0.8847 -10.0000
    outer loop
        vertex -2.5456 -2.5456 -3.6000
        vertex -2.1917 -2.8562 -4.0000
        vertex -2.1917 -2.8562 -3.6000
    endloop
endfacet
facet normal 0.6534 0.9792 -10.0000
    outer loop
        vertex -1.8000 -3.1176 -4.0000
        vertex -2.1917 -2.8562 -3.6000
        vertex -2.1917 -2.8562 -4.0000
    endloop
endfacet
facet normal 0.6534 0.9792 -10.0000
    outer loop
        vertex -2.1917 -2.8562 -3.6000
        vertex -1.8000 -3.1176 -4.0000
        vertex -1.8000 -3.1176 -3.6000
    endloop
endfacet
facet normal 0.5211 1.0557 -10.0000
    outer loop
        vertex -1.3777 -3.3260 -4.0000
        vertex -1.8000 -3.1176 -3.6000
        vertex -1.8000 -3.1176 -4.0000
    endloop
endfacet
facet normal 0.5211 1.0557 -10.0000
    outer loop
        vertex -1.8000 -3.1176 -3.6000
        vertex -1.3777 -3.3260 -4.0000
        vertex -1.3777 -3.3260 -3.6000
    endloop
endfacet
facet normal 0.3780 1.1151 -10.0000
    outer loop
        vertex -0.9317 -3.4772 -4.0000
        vertex -1.3777 -3.3260 -3.6000
        vertex -1.3777 -3.3260 -4.0000
    endloop
endfacet
facet normal 0.3780 1.1151 -10.0000
    outer loop
        vertex -1.3777 -3.3260 -3.6000
        vertex -0.9317 -3.4772 -4.0000
        vertex -0.9317 -3.4772 -3.6000
    endloop
endfacet
facet normal 0.2295 1.1547 -10.0000
    outer loop
        vertex -0.4698 -3.5690 -4.0000
        vertex -0.9317 -3.4772 -3.6000
        vertex -0.9317 -3.4772 -4.0000
    endloop
endfacet
facet normal 0.2295 1.1547 -10.0000
    outer loop
        vertex -0.9317 -3.4772 -3.6000
        vertex -0.4698 -3.5690 -4.0000
        vertex -0.4698 -3.5690 -3.6000
    endloop
endfacet
facet normal 0.0774 1.1745 -10.0000
    outer loop
        vertex 0.0000 -3.6000 -4.0000
        vertex -0.4698 -3.5690 -3.6000
        vertex -0.4698 -3.5690 -4.0000
    endloop
endfacet
facet normal 0.0774 1.1745 -10.0000
    outer loop
        vertex -0.4698 -3.5690 -3.6000
        vertex 0.0000 -3.6000 -4.0000
        vertex 0.0000 -3.6000 -3.6000
    endloop
endfacet
facet normal -0.0774 1.1745 -10.0000
    outer loop
        vertex 0.4698 -3.5690 -4.0000
        vertex 0.0000 -3.6000 -3.6000
        vertex 0.0000 -3.6000 -4.0000
    endloop
endfacet
facet normal -0.0774 1.1745 -10.0000
    outer loop
        vertex 0.0000 -3.6000 -3.6000
        vertex 0.4698 -3.5690 -4.0000
        vertex 0.4698 -3.5690 -3.6000
    endloop
endfacet
facet normal -0.2295 1.1547 -10.0000
    outer loop
        vertex 0.9317 -3.4772 -4.0000
        vertex 0.4698 -3.5690 -3.6000
        vertex 0.4698 -3.5690 -4.0000
    endloop
endfacet
facet normal -0.2295 1.1547 -10.0000
    outer loop
        vertex 0.4698 -3.5690 -3.6000
        vertex 0.9317 -3.4772 -4.0000
        vertex 0.9317 -3.4772 -3.6000
    endloop
endfacet
facet normal -0.3780 1.1151 -10.0000
    outer loop
        vertex 1.3777 -3.3260 -4.0000
        vertex 0.9317 -3.4772 -3.6000
        vertex 0.9317 -3.4772 -4.0000
    endloop
endfacet
facet normal -0.3780 1.1151 -10.0000
    outer loop
        vertex 0.9317 -3.4772 -3.6000
        vertex 1.3777 -3.3260 -4.0000
        vertex 1.3777 -3.3260 -3.6000
    endloop
endfacet
facet normal -0.5211 1.0557 -10.0000
    outer loop
        vertex 1.8000 -3.1176 -4.0000
        vertex 1.3777 -3.3260 -3.6000
        vertex 1.3777 -3.3260 -4.0000
    endloop
endfacet
facet normal -0.5211 1.0557 -10.0000
    outer loop
        vertex 1.3777 -3.3260 -3.6000
        vertex 1.8000 -3.1176 -4.0000
        vertex 1.8000 -3.1176 -3.6000
    endloop
endfacet
facet normal -0.6534 0.9792 -10.0000
    outer loop
        vertex 2.1917 -2.8562 -4.0000
        vertex 1.8000 -3.1176 -3.6000
        vertex 1.8000 -3.1176 -4.0000
    endloop
endfacet
facet normal -0.6534 0.9792 -10.0000
    outer loop
        vertex 1.8000 -3.1176 -3.6000
        vertex 2.1917 -2.8562 -4.0000
        vertex 2.1917 -2.8562 -3.6000
    endloop
endfacet
facet normal -0.7767 0.8847 -10.0000
    outer loop
        vertex 2.5456 -2.5456 -4.0000
        vertex 2.1917 -2.8562 -3.6000
        vertex 2.1917 -2.8562 -4.0000
    endloop
endfacet
facet normal -0.7767 0.8847 -10.0000
    outer loop
        vertex 2.1917 -2.8562 -3.6000
        vertex 2.5456 -2.5456 -4.0000
        vertex 2.5456 -2.5456 -3.6000
    endloop
endfacet
facet normal -0.8847 0.7767 -10.0000
    outer loop
        vertex 2.8562 -2.1917 -4.0000
        vertex 2.5456 -2.5456 -3.6000
        vertex 2.5456 -2.5456 -4.0000
    endloop
endfacet
facet normal -0.8847 0.7767 -10.0000
    outer loop
        vertex 2.5456 -2.5456 -3.6000
        vertex 2.8562 -2.1917 -4.0000
        vertex 2.8562 -2.1917 -3.6000
    endloop
endfacet
facet normal -0.9792 0.6534 -10.0000
    outer loop
        vertex 3.1176 -1.8000 -4.0000
        vertex 2.8562 -2.1917 -3.6000
        vertex 2.8562 -2.1917 -4.0000
    endloop
endfacet
facet normal -0.9792 0.6534 -10.0000
    outer loop
        vertex 2.8562 -2.1917 -3.6000
        vertex 3.1176 -1.8000 -4.0000
        vertex 3.1176 -1.8000 -3.6000
    endloop
endfacet
facet normal -1.0557 0.5211 -10.0000
    outer loop
        vertex 3.3260 -1.3777 -4.0000
        vertex 3.1176 -1.8000 -3.6000
        vertex 3.1176 -1.8000 -4.0000
    endloop
endfacet
facet normal -1.0557 0.5211 -10.0000
    outer loop
        vertex 3.1176 -1.8000 -3.6000
        vertex 3.3260 -1.3777 -4.0000
        vertex 3.3260 -1.3777 -3.6000
    endloop
endfacet
facet normal -1.1151 0.3780 -10.0000
    outer loop
        vertex 3.4772 -0.9317 -4.0000
        vertex 3.3260 -1.3777 -3.6000
        vertex 3.3260 -1.3777 -4.0000
    endloop
endfacet
facet normal -1.1151 0.3780 -10.0000
    outer loop
        vertex 3.3260 -1.3777 -3.6000
        vertex 3.4772 -0.9317 -4.0000
        vertex 3.4772 -0.9317 -3.6000
    endloop
endfacet
facet normal -1.1547 0.2295 -10.0000
    outer loop
        vertex 3.5690 -0.4698 -4.0000
        vertex 3.4772 -0.9317 -3.6000
        vertex 3.4772 -0.9317 -4.0000
    endloop
endfacet
facet normal -1.1547 0.2295 -10.0000
    outer loop
        vertex 3.4772 -0.9317 -3.6000
        vertex 3.5690 -0.4698 -4.0000
        vertex 3.5690 -0.4698 -3.6000
    endloop
endfacet
facet normal -1.1745 0.0774 -10.0000
    outer loop
        vertex 3.6000 0.0000 -4.0000
        vertex 3.5690 -0.4698 -3.6000
        vertex 3.5690 -0.4698 -4.0000
    endloop
endfacet
facet normal -1.1745 0.0774 -10.0000
    outer loop
        vertex 3.5690 -0.4698 -3.6000
        vertex 3.6000 0.0000 -4.0000
        vertex 3.6000 0.0000 -3.6000
    endloop
endfacet
facet normal -1.1745 -0.0774 -10.0000
    outer loop
        vertex 3.5690 0.4698 -4.0000
        vertex 3.6000 0.0000 -3.6000
        vertex 3.6000 0.0000 -4.0000
    endloop
endfacet
facet normal -1.1745 -0.0774 -10.0000
    outer loop
        vertex 3.6000 0.0000 -3.6000
        vertex 3.5690 0.4698 -4.0000
        vertex 3.5690 0.4698 -3.6000
    endloop
endfacet
facet normal -1.1547 -0.2295 -10.0000
    outer loop
        vertex 3.4772 0.9317 -4.0000
        vertex 3.5690 0.4698 -3.6000
        vertex 3.5690 0.4698 -4.0000
    endloop
endfacet
facet normal -1.1547 -0.2295 -10.0000
    outer loop
        vertex 3.5690 0.4698 -3.6000
        vertex 3.4772 0.9317 -4.0000
        vertex 3.4772 0.9317 -3.6000
    endloop
endfacet
facet normal -1.1151 -0.3780 -10.0000
    outer loop
        vertex 3.3260 1.3777 -4.0000
        vertex 3.4772 0.9317 -3.6000
        vertex 3.4772 0.9317 -4.0000
    endloop
endfacet
facet normal -1.1151 -0.3780 -10.0000
    outer loop
        vertex 3.4772 0.9317 -3.6000
        vertex 3.3260 1.3777 -4.0000
        vertex 3.3260 1.3777 -3.6000
    endloop
endfacet
facet normal -1.0557 -0.5211 -10.0000
    outer loop
        vertex 3.1176 1.8000 -4.0000
        vertex 3.3260 1.3777 -3.6000
        vertex 3.3260 1.3777 -4.0000
    endloop
endfacet
facet normal -1.0557 -0.5211 -10.0000
    outer loop
        vertex 3.3260 1.3777 -3.6000
        vertex 3.1176 1.8000 -4.0000
        vertex 3.1176 1.8000 -3.6000
    endloop
endfacet
facet normal -0.9792 -0.6534 -10.0000
    outer loop
        vertex 2.8562 2.1917 -4.0000
        vertex 3.1176 1.8000 -3.6000
        vertex 3.1176 1.8000 -4.0000
    endloop
endfacet
facet normal -0.9792 -0.6534 -10.0000
    outer loop
        vertex 3.1176 1.8000 -3.6000
        vertex 2.8562 2.1917 -4.0000
        vertex 2.8562 2.1917 -3.6000
    endloop
endfacet
facet normal -0.8847 -0.7767 -10.0000
    outer loop
        vertex 2.5456 2.5456 -4.0000
        vertex 2.8562 2.1917 -3.6000
        vertex 2.8562 2.1917 -4.0000
    endloop
endfacet
facet normal -0.8847 -0.7767 -10.0000
    outer loop
        vertex 2.8562 2.1917 -3.6000
        vertex 2.5456 2.5456 -4.0000
        vertex 2.5456 2.5456 -3.6000
    endloop
endfacet
facet normal -0.7767 -0.8847 -10.0000
    outer loop
        vertex 2.1917 2.8562 -4.0000
        vertex 2.5456 2.5456 -3.6000
        vertex 2.5456 2.5456 -4.0000
    endloop
endfacet
facet normal -0.7767 -0.8847 -10.0000
    outer loop
        vertex 2.5456 2.5456 -3.6000
        vertex 2.1917 2.8562 -4.0000
        vertex 2.1917 2.8562 -3.6000
    endloop
endfacet
facet normal -0.6534 -0.9792 -10.0000
    outer loop
        vertex 1.8000 3.1176 -4.0000
        vertex 2.1917 2.8562 -3.6000
        vertex 2.1917 2.8562 -4.0000
    endloop
endfacet
facet normal -0.6534 -0.9792 -10.0000
    outer loop
        vertex 2.1917 2.8562 -3.6000
        vertex 1.8000 3.1176 -4.0000
        vertex 1.8000 3.1176 -3.6000
    endloop
endfacet
facet normal -0.5211 -1.0557 -10.0000
    outer loop
        vertex 1.3777 3.3260 -4.0000
        vertex 1.8000 3.1176 -3.6000
        vertex 1.8000 3.1176 -4.0000
    endloop
endfacet
facet normal -0.5211 -1.0557 -10.0000
    outer loop
        vertex 1.8000 3.1176 -3.6000
        vertex 1.3777 3.3260 -4.0000
        vertex 1.3777 3.3260 -3.6000
    endloop
endfacet
facet normal -0.3780 -1.1151 -10.0000
    outer loop
        vertex 0.9317 3.4772 -4.0000
        vertex 1.3777 3.3260 -3.6000
        vertex 1.3777 3.3260 -4.0000
    endloop
endfacet
facet normal -0.3780 -1.1151 -10.0000
    outer loop
        vertex 1.3777 3.3260 -3.6000
        vertex 0.9317 3.4772 -4.0000
        vertex 0.9317 3.4772 -3.6000
    endloop
endfacet
facet normal -0.2295 -1.1547 -10.0000
    outer loop
        vertex 0.4698 3.5690 -4.0000
        vertex 0.9317 3.4772 -3.6000
        vertex 0.9317 3.4772 -4.0000
    endloop
endfacet
facet normal -0.2295 -1.1547 -10.0000
    outer loop
        vertex 0.9317 3.4772 -3.6000
        vertex 0.4698 3.5690 -4.0000
        vertex 0.4698 3.5690 -3.6000
    endloop
endfacet
facet normal -0.0774 -1.1745 -10.0000
    outer loop
        vertex 0.0000 3.6000 -4.0000
        vertex 0.4698 3.5690 -3.6000
        vertex 0.4698 3.5690 -4.0000
    endloop
endfacet
facet normal -0.0774 -1.1745 -10.0000
    outer loop
        vertex 0.4698 3.5690 -3.6000
        vertex 0.0000 3.6000 -4.0000
        vertex 0.0000 3.6000 -3.6000
    endloop
endfacet
facet normal 0.0774 -1.1745 -10.0000
    outer loop
        vertex -0.4698 3.5690 -4.0000
        vertex 0.0000 3.6000 -3.6000
        vertex 0.0000 3.6000 -4.0000
    endloop
endfacet
facet normal 0.0774 -1.1745 -10.0000
    outer loop
        vertex 0.0000 3.6000 -3.6000
        vertex -0.4698 3.5690 -4.0000
        vertex -0.4698 3.5690 -3.6000
    endloop
endfacet
facet normal 0.2295 -1.1547 -10.0000
    outer loop
        vertex -0.9317 3.4772 -4.0000
        vertex -0.4698 3.5690 -3.6000
        vertex -0.4698 3.5690 -4.0000
    endloop
endfacet
facet normal 0.2295 -1.1547 -10.0000
    outer loop
        vertex -0.4698 3.5690 -3.6000
        vertex -0.9317 3.4772 -4.0000
        vertex -0.9317 3.4772 -3.6000
    endloop
endfacet
facet normal 0.3780 -1.1151 -10.0000
    outer loop
        vertex -1.3777 3.3260 -4.0000
        vertex -0.9317 3.4772 -3.6000
        vertex -0.9317 3.4772 -4.0000
    endloop
endfacet
facet normal 0.3780 -1.1151 -10.0000
    outer loop
        vertex -0.9317 3.4772 -3.6000
        vertex -1.3777 3.3260 -4.0000
        vertex -1.3777 3.3260 -3.6000
    endloop
endfacet
facet normal 0.5211 -1.0557 -10.0000
    outer loop
        vertex -1.8000 3.1176 -4.0000
        vertex -1.3777 3.3260 -3.6000
        vertex -1.3777 3.3260 -4.0000
    endloop
endfacet
facet normal 0.5211 -1.0557 -10.0000
    outer loop
        vertex -1.3777 3.3260 -3.6000
        vertex -1.8000 3.1176 -4.0000
        vertex -1.8000 3.1176 -3.6000
    endloop
endfacet
facet normal 0.6534 -0.9792 -10.0000
    outer loop
        vertex -2.1917 2.8562 -4.0000
        vertex -1.8000 3.1176 -3.6000
        vertex -1.8000 3.1176 -4.0000
    endloop
endfacet
facet normal 0.6534 -0.9792 -10.0000
    outer loop
        vertex -1.8000 3.1176 -3.6000
        vertex -2.1917 2.8562 -4.0000
        vertex -2.1917 2.8562 -3.6000
    endloop
endfacet
facet normal 0.7767 -0.8847 -10.0000
    outer loop
        vertex -2.5456 2.5456 -4.0000
        vertex -2.1917 2.8562 -3.6000
        vertex -2.1917 2.8562 -4.0000
    endloop
endfacet
facet normal 0.7767 -0.8847 -10.0000
    outer loop
        vertex -2.1917 2.8562 -3.6000
        vertex -2.5456 2.5456 -4.0000
        vertex -2.5456 2.5456 -3.6000
    endloop
endfacet
facet normal 0.8847 -0.7767 -10.0000
    outer loop
        vertex -2.8562 2.1917 -4.0000
        vertex -2.5456 2.5456 -3.6000
        vertex -2.5456 2.5456 -4.0000
    endloop
endfacet
facet normal 0.8847 -0.7767 -10.0000
    outer loop
        vertex -2.5456 2.5456 -3.6000
        vertex -2.8562 2.1917 -4.0000
        vertex -2.8562 2.1917 -3.6000
    endloop
endfacet
facet normal 0.9792 -0.6534 -10.0000
    outer loop
        vertex -3.1176 1.8000 -4.0000
        vertex -2.8562 2.1917 -3.6000
        vertex -2.8562 2.1917 -4.0000
    endloop
endfacet
facet normal 0.9792 -0.6534 -10.0000
    outer loop
        vertex -2.8562 2.1917 -3.6000
        vertex -3.1176 1.8000 -4.0000
        vertex -3.1176 1.8000 -3.6000
    endloop
endfacet
facet normal 1.0557 -0.5211 -10.0000
    outer loop
        vertex -3.3260 1.3777 -4.0000
        vertex -3.1176 1.8000 -3.6000
        vertex -3.1176 1.8000 -4.0000
    endloop
endfacet
facet normal 1.0557 -0.5211 -10.0000
    outer loop
        vertex -3.1176 1.8000 -3.6000
        vertex -3.3260 1.3777 -4.0000
        vertex -3.3260 1.3777 -3.6000
    endloop
endfacet
facet normal 1.1151 -0.3780 -10.0000
    outer loop
        vertex -3.4772 0.9317 -4.0000
        vertex -3.3260 1.3777 -3.6000
        vertex -3.3260 1.3777 -4.0000
    endloop
endfacet
facet normal 1.1151 -0.3780 -10.0000
    outer loop
        vertex -3.3260 1.3777 -3.6000
        vertex -3.4772 0.9317 -4.0000
        vertex -3.4772 0.9317 -3.6000
    endloop
endfacet
facet normal 1.1547 -0.2295 -10.0000
    outer loop
        vertex -3.5690 0.4698 -4.0000
        vertex -3.4772 0.9317 -3.6000
        vertex -3.4772 0.9317 -4.0000
    endloop
endfacet
facet normal 1.1547 -0.2295 -10.0000
    outer loop
        vertex -3.4772 0.9317 -3.6000
        vertex -3.5690 0.4698 -4.0000
        vertex -3.5690 0.4698 -3.6000
    endloop
endfacet
facet normal 1.1745 -0.0774 -10.0000
    outer loop
        vertex -3.6000 0.0000 -4.0000
        vertex -3.5690 0.4698 -3.6000
        vertex -3.5690 0.4698 -4.0000
    endloop
endfacet
facet normal 1.1745 -0.0774 -10.0000
    outer loop
        vertex -3.5690 0.4698 -3.6000
        vertex -3.6000 0.0000 -4.0000
        vertex -3.6000 0.0000 -3.6000
    endloop
endfacet
facet normal 0.0000 0.0000 -8.9914
    outer loop
        vertex 3.5690 0.4698 -3.6000
        vertex 3.6000 3.6000 -3.6000
        vertex 3.6000 0.0000 -3.6000
    endloop
endfacet
facet normal 0.0000 0.0000 -8.9767
    outer loop
        vertex 3.4772 0.9317 -3.6000
        vertex 3.6000 3.6000 -3.6000
        vertex 3.5690 0.4698 -3.6000
    endloop
endfacet
facet normal 0.0000 0.0000 -8.9646
    outer loop
        vertex 3.3260 1.3777 -3.6000
        vertex 3.6000 3.6000 -3.6000
        vertex 3.4772 0.9317 -3.6000
    endloop
endfacet
facet normal 0.0000 0.0000 -8.9553
    outer loop
        vertex 3.1176 1.8000 -3.6000
        vertex 3.6000 3.6000 -3.6000
        vertex 3.3260 1.3777 -3.6000
    endloop
endfacet
facet normal 0.0000 0.0000 -8.9491
    outer loop
        vertex 2.8562 2.1917 -3.6000
        vertex 3.6000 3.6000 -3.6000
        vertex 3.1176 1.8000 -3.6000
    endloop
endfacet
facet normal 0.0000 0.0000 -8.9459
    outer loop
        vertex 2.5456 2.5456 -3.6000
        vertex 3.6000 3.6000 -3.6000
        vertex 2.8562 2.1917 -3.6000
    endloop
endfacet
facet normal 0.0000 0.0000 -8.9459
    outer loop
        vertex 2.1917 2.8562 -3.6000
        vertex 3.6000 3.6000 -3.6000
        vertex 2.5456 2.5456 -3.6000
    endloop
endfacet
facet normal 0.0000 0.0000 -8.9491
    outer loop
        vertex 1.8000 3.1176 -3.6000
        vertex 3.6000 3.6000 -3.6000
        vertex 2.1917 2.8562 -3.6000
    endloop
endfacet
facet normal 0.0000 0.0000 -8.9553
    outer loop
        vertex 1.3777 3.3260 -3.6000
        vertex 3.6000 3.6000 -3.6000
        vertex 1.8000 3.1176 -3.6000
    endloop
endfacet
facet normal 0.0000 0.0000 -8.9646
    outer loop
        vertex 0.9317 3.4772 -3.6000
        vertex 3.6000 3.6000 -3.6000
        vertex 1.3777 3.3260 -3.6000
    endloop
endfacet
facet normal 0.0000 0.0000 -8.9767
    outer loop
        vertex 0.4698 3.5690 -3.6000
        vertex 3.6000 3.6000 -3.6000
        vertex 0.9317 3.4772 -3.6000
    endloop
endfacet
facet normal 0.0000 0.0000 -8.9914
    outer loop
        vertex 0.0000 3.6000 -3.6000
        vertex 3.6000 3.6000 -3.6000
        vertex 0.4698 3.5690 -3.6000
    endloop
endfacet
facet normal 0.0000 0.0000 -8.9914
    outer loop
        vertex -0.4698 3.5690 -3.6000
        vertex -3.6000 3.6000 -3.6000
        vertex 0.0000 3.6000 -3.6000
    endloop
endfacet
facet normal 0.0000 0.0000 -8.9767
    outer loop
        vertex -0.9317 3.4772 -3.6000
        vertex -3.6000 3.6000 -3.6000
        vertex -0.4698 3.5690 -3.6000
    endloop
endfacet
facet normal 0.0000 0.0000 -8.9646
    outer loop
        vertex -1.3777 3.3260 -3.6000
        vertex -3.6000 3.6000 -3.6000
        vertex -0.9317 3.4772 -3.6000
    endloop
endfacet
facet normal 0.0000 0.0000 -8.9553
    outer loop
        vertex -1.8000 3.1176 -3.6000
        vertex -3.6000 3.6000 -3.6000
        vertex -1.3777 3.3260 -3.6000
    endloop
endfacet
facet normal 0.0000 0.0000 -8.9491
    outer loop
        vertex -2.1917 2.8562 -3.6000
        vertex -3.6000 3.6000 -3.6000
        vertex -1.8000 3.1176 -3.6000
    endloop
endfacet
facet normal 0.0000 0.0000 -8.9459
    outer loop
        vertex -2.5456 2.5456 -3.6000
        vertex -3.6000 3.6000 -3.6000
        vertex -2.1917 2.8562 -3.6000
    endloop
endfacet
facet normal 0.0000 0.0000 -8.9459
    outer loop
        vertex -2.8562 2.1917 -3.6000
        vertex -3.6000 3.6000 -3.6000
        vertex -2.5456 2.5456 -3.6000
    endloop
endfacet
facet normal 0.0000 0.0000 -8.9491
    outer loop
        vertex -3.1176 1.8000 -3.6000
        vertex -3.6000 3.6000 -3.6000
        vertex -2.8562 2.1917 -3.6000
    endloop
endfacet
facet normal 0.0000 0.0000 -8.9553
    outer loop
        vertex -3.3260 1.3777 -3.6000
        vertex -3.6000 3.6000 -3.6000
        vertex -3.1176 1.8000 -3.6000
    endloop
endfacet
facet normal 0.0000 0.0000 -8.9646
    outer loop
        vertex -3.4772 0.9317 -3.6000
        vertex -3.6000 3.6000 -3.6000
        vertex -3.3260 1.3777 -3.6000
    endloop
endfacet
facet normal 0.0000 0.0000 -8.9767
    outer loop
        vertex -3.5690 0.4698 -3.6000
        vertex -3.6000 3.6000 -3.6000
        vertex -3.4772 0.9317 -3.6000
    endloop
endfacet
facet normal 0.0000 0.0000 -8.9914
    outer loop
        vertex -3.6000 0.0000 -3.6000
        vertex -3.6000 3.6000 -3.6000
        vertex -3.5690 0.4698 -3.6000
    endloop
endfacet
facet normal 0.0000 0.0000 -8.9914
    outer loop
        vertex -3.5690 -0.4698 -3.6000
        vertex -3.6000 -3.6000 -3.6000
        vertex -3.6000 0.0000 -3.6000
    endloop
endfacet
facet normal 0.0000 0.0000 -8.9767
    outer loop
        vertex -3.4772 -0.9317 -3.6000
        vertex -3.6000 -3.6000 -3.6000
        vertex -3.5690 -0.4698 -3.6000
    endloop
endfacet
facet normal 0.0000 0.0000 -8.9646
    outer loop
        vertex -3.3260 -1.3777 -3.6000
        vertex -3.6000 -3.6000 -3.6000
        vertex -3.4772 -0.9317 -3.6000
    endloop
endfacet
facet normal 0.0000 0.0000 -8.9553
    outer loop
        vertex -3.1176 -1.8000 -3.6000
        vertex -3.6000 -3.6000 -3.6000
        vertex -3.3260 -1.3777 -3.6000
    endloop
endfacet
facet normal 0.0000 0.0000 -8.9491
    outer loop
        vertex -2.8562 -2.1917 -3.6000
        vertex -3.6000 -3.6000 -3.6000
        vertex -3.1176 -1.8000 -3.6000
    endloop
endfacet
facet normal 0.0000 0.0000 -8.9459
    outer loop
        vertex -2.5456 -2.5456 -3.6000
        vertex -3.6000 -3.6000 -3.6000
        vertex -2.8562 -2.1917 -3.6000
    endloop
endfacet
facet normal 0.0000 0.0000 -8.9459
    outer loop
        vertex -2.1917 -2.8562 -3.6000
        vertex -3.6000 -3.6000 -3.6000
        vertex -2.5456 -2.5456 -3.6000
    endloop
endfacet
facet normal 0.0000 0.0000 -8.9491
    outer loop
        vertex -1.8000 -3.1176 -3.6000
        vertex -3.6000 -3.6000 -3.6000
        vertex -2.1917 -2.8562 -3.6000
    endloop
endfacet
facet normal 0.0000 0.0000 -8.9553
    outer loop
        vertex -1.3777 -3.3260 -3.6000
        vertex -3.6000 -3.6000 -3.6000
        vertex -1.8000 -3.1176 -3.6000
    endloop
endfacet
facet normal 0.0000 0.0000 -8.9646
    outer loop
        vertex -0.9317 -3.4772 -3.6000
        vertex -3.6000 -3.6000 -3.6000
        vertex -1.3777 -3.3260 -3.6000
    endloop
endfacet
facet normal 0.0000 0.0000 -8.9767
    outer loop
        vertex -0.4698 -3.5690 -3.6000
        vertex -3.6000 -3.6000 -3.6000
        vertex -0.9317 -3.4772 -3.6000
    endloop
endfacet
facet normal 0.0000 0.0000 -8.9914
    outer loop
        vertex 0.0000 -3.6000 -3.6000
        vertex -3.6000 -3.6000 -3.6000
        vertex -0.4698 -3.5690 -3.6000
    endloop
endfacet
facet normal 0.0000 0.0000 -8.9914
    outer loop
        vertex 0.4698 -3.5690 -3.6000
        vertex 3.6000 -3.6000 -3.6000
        vertex 0.0000 -3.6000 -3.6000
    endloop
endfacet
facet normal 0.0000 0.0000 -8.9767
    outer loop
        vertex 0.9317 -3.4772 -3.6000
        vertex 3.6000 -3.6000 -3.6000
        vertex 0.4698 -3.5690 -3.6000
    endloop
endfacet
facet normal 0.0000 0.0000 -8.9646
    outer loop
        vertex 1.3777 -3.3260 -3.6000
        vertex 3.6000 -3.6000 -3.6000
        vertex 0.9317 -3.4772 -3.6000
    endloop
endfacet
facet normal 0.0000 0.0000 -8.9553
    outer loop
        vertex 1.8000 -3.1176 -3.6000
        vertex 3.6000 -3.6000 -3.6000
        vertex 1.3777 -3.3260 -3.6000
    endloop
endfacet
facet normal 0.0000 0.0000 -8.9491
    outer loop
        vertex 2.1917 -2.8562 -3.6000
        vertex 3.6000 -3.6000 -3.6000
        vertex 1.8000 -3.1176 -3.6000
    endloop
endfacet
facet normal 0.0000 0.0000 -8.9459
    outer loop
        vertex 2.5456 -2.5456 -3.6000
        vertex 3.6000 -3.6000 -3.6000
        vertex 2.1917 -2.8562 -3.6000
    endloop
endfacet
facet normal 0.0000 0.0000 -8.9459
    outer loop
        vertex 2.8562 -2.1917 -3.6000
        vertex 3.6000 -3.6000 -3.6000
        vertex 2.5456 -2.5456 -3.6000
    endloop
endfacet
facet normal 0.0000 0.0000 -8.9491
    outer loop
        vertex 3.1176 -1.8000 -3.6000
        vertex 3.6000 -3.6000 -3.6000
        vertex 2.8562 -2.1917 -3.6000
    endloop
endfacet
facet normal 0.0000 0.0000 -8.9553
    outer loop
        vertex 3.3260 -1.3777 -3.6000
        vertex 3.6000 -3.6000 -3.6000
        vertex 3.1176 -1.8000 -3.6000
    endloop
endfacet
facet normal 0.0000 0.0000 -8.9646
    outer loop
        vertex 3.4772 -0.9317 -3.6000
        vertex 3.6000 -3.6000 -3.6000
        vertex 3.3260 -1.3777 -3.6000
    endloop
endfacet
facet normal 0.0000 0.0000 -8.9767
    outer loop
        vertex 3.5690 -0.4698 -3.6000
        vertex 3.6000 -3.6000 -3.6000
        vertex 3.4772 -0.9317 -3.6000
    endloop
endfacet
facet normal 0.0000 0.0000 -8.9914
    outer loop
        vertex 3.6000 0.0000 -3.6000
        vertex 3.6000 -3.6000 -3.6000
        vertex 3.5690 -0.4698 -3.6000
    endloop
endfacet
facet normal -1.1745 -0.0774 10.0000
    outer loop
        vertex -3.5690 -0.4698 4.0000
        vertex -3.6000 0.0000 4.0000
        vertex -3.6000 0.0000 -2.0000
    endloop
endfacet
facet normal -1.1745 -0.0774 10.0000
    outer loop
        vertex -3.6000 0.0000 -2.0000
        vertex -3.5690 -0.4698 -2.0000
        vertex -3.5690 -0.4698 4.0000
    endloop
endfacet
facet normal -1.1547 -0.2295 10.0000
    outer loop
        vertex -3.4772 -0.9317 4.0000
        vertex -3.5690 -0.4698 4.0000
        vertex -3.5690 -0.4698 -2.0000
    endloop
endfacet
facet normal -1.1547 -0.2295 10.0000
    outer loop
        vertex -3.5690 -0.4698 -2.0000
        vertex -3.4772 -0.9317 -2.0000
        vertex -3.4772 -0.9317 4.0000
    endloop
endfacet
facet normal -1.1151 -0.3780 10.0000
    outer loop
        vertex -3.3260 -1.3777 4.0000
        vertex -3.4772 -0.9317 4.0000
        vertex -3.4772 -0.9317 -2.0000
    endloop
endfacet
facet normal -1.1151 -0.3780 10.0000
    outer loop
        vertex -3.4772 -0.9317 -2.0000
        vertex -3.3260 -1.3777 -2.0000
        vertex -3.3260 -1.3777 4.0000
    endloop
endfacet
facet normal -1.0557 -0.5211 10.0000
    outer loop
        vertex -3.1176 -1.8000 4.0000
        vertex -3.3260 -1.3777 4.0000
        vertex -3.3260 -1.3777 -2.0000
    endloop
endfacet
facet normal -1.0557 -0.5211 10.0000
    outer loop
        vertex -3.3260 -1.3777 -2.0000
        vertex -3.1176 -1.8000 -2.0000
        vertex -3.1176 -1.8000 4.0000
    endloop
endfacet
facet normal -0.9792 -0.6534 10.0000
    outer loop
        vertex -2.8562 -2.1917 4.0000
        vertex -3.1176 -1.8000 4.0000
        vertex -3.1176 -1.8000 -2.0000
    endloop
endfacet
facet normal -0.9792 -0.6534 10.0000
    outer loop
        vertex -3.1176 -1.8000 -2.0000
        vertex -2.8562 -2.1917 -2.0000
        vertex -2.8562 -2.1917 4.0000
    endloop
endfacet
facet normal -0.8847 -0.7767 10.0000
    outer loop
        vertex -2.5456 -2.5456 4.0000
        vertex -2.8562 -2.1917 4.0000
        vertex -2.8562 -2.1917 -2.0000
    endloop
endfacet
facet normal -0.8847 -0.7767 10.0000
    outer loop
        vertex -2.8562 -2.1917 -2.0000
        vertex -2.5456 -2.5456 -2.0000
        vertex -2.5456 -2.5456 4.0000
    endloop
endfacet
facet normal -0.7767 -0.8847 10.0000
    outer loop
        vertex -2.1917 -2.8562 4.0000
        vertex -2.5456 -2.5456 4.0000
        vertex -2.5456 -2.5456 -2.0000
    endloop
endfacet
facet normal -0.7767 -0.8847 10.0000
    outer loop
        vertex -2.5456 -2.5456 -2.0000
        vertex -2.1917 -2.8562 -2.0000
        vertex -2.1917 -2.8562 4.0000
    endloop
endfacet
facet normal -0.6534 -0.9792 10.0000
    outer loop
        vertex -1.8000 -3.1176 4.0000
        vertex -2.1917 -2.8562 4.0000
        vertex -2.1917 -2.8562 -2.0000
    endloop
endfacet
facet normal -0.6534 -0.9792 10.0000
    outer loop
        vertex -2.1917 -2.8562 -2.0000
        vertex -1.8000 -3.1176 -2.0000
        vertex -1.8000 -3.1176 4.0000
    endloop
endfacet
facet normal -0.5211 -1.0557 10.0000
    outer loop
        vertex -1.3777 -3.3260 4.0000
        vertex -1.8000 -3.1176 4.0000
        vertex -1.8000 -3.1176 -2.0000
    endloop
endfacet
facet normal -0.5211 -1.0557 10.0000
    outer loop
        vertex -1.8000 -3.1176 -2.0000
        vertex -1.3777 -3.3260 -2.0000
        vertex -1.3777 -3.3260 4.0000
    endloop
endfacet
facet normal -0.3780 -1.1151 10.0000
    outer loop
        vertex -0.9317 -3.4772 4.0000
        vertex -1.3777 -3.3260 4.0000
        vertex -1.3777 -3.3260 -2.0000
    endloop
endfacet
facet normal -0.3780 -1.1151 10.0000
    outer loop
        vertex -1.3777 -3.3260 -2.0000
        vertex -0.9317 -3.4772 -2.0000
        vertex -0.9317 -3.4772 4.0000
    endloop
endfacet
facet normal -0.2295 -1.1547 10.0000
    outer loop
        vertex -0.4698 -3.5690 4.0000
        vertex -0.9317 -3.4772 4.0000
        vertex -0.9317 -3.4772 -2.0000
    endloop
endfacet
facet normal -0.2295 -1.1547 10.0000
    outer loop
        vertex -0.9317 -3.4772 -2.0000
        vertex -0.4698 -3.5690 -2.0000
        vertex -0.4698 -3.5690 4.0000
    endloop
endfacet
facet normal -0.0774 -1.1745 10.0000
    outer loop
        vertex 0.0000 -3.6000 4.0000
        vertex -0.4698 -3.5690 4.0000
        vertex -0.4698 -3.5690 -2.0000
    endloop
endfacet
facet normal -0.0774 -1.1745 10.0000
    outer loop
        vertex -0.4698 -3.5690 -2.0000
        vertex 0.0000 -3.6000 -2.0000
        vertex 0.0000 -3.6000 4.0000
    endloop
endfacet
facet normal 0.0774 -1.1745 10.0000
    outer loop
        vertex 0.4698 -3.5690 4.0000
        vertex 0.0000 -3.6000 4.0000
        vertex 0.0000 -3.6000 -2.0000
    endloop
endfacet
facet normal 0.0774 -1.1745 10.0000
    outer loop
        vertex 0.0000 -3.6000 -2.0000
        vertex 0.4698 -3.5690 -2.0000
        vertex 0.4698 -3.5690 4.0000
    endloop
endfacet
facet normal 0.2295 -1.1547 10.0000
    outer loop
        vertex 0.9317 -3.4772 4.0000
        vertex 0.4698 -3.5690 4.0000
        vertex 0.4698 -3.5690 -2.0000
    endloop
endfacet
facet normal 0.2295 -1.1547 10.0000
    outer loop
        vertex 0.4698 -3.5690 -2.0000
        vertex 0.9317 -3.4772 -2.0000
        vertex 0.9317 -3.4772 4.0000
    endloop
endfacet
facet normal 0.3780 -1.1151 10.0000
    outer loop
        vertex 1.3777 -3.3260 4.0000
        vertex 0.9317 -3.4772 4.0000
        vertex 0.9317 -3.4772 -2.0000
    endloop
endfacet
facet normal 0.3780 -1.1151 10.0000
    outer loop
        vertex 0.9317 -3.4772 -2.0000
        vertex 1.3777 -3.3260 -2.0000
        vertex 1.3777 -3.3260 4.0000
    endloop
endfacet
facet normal 0.5211 -1.0557 10.0000
    outer loop
        vertex 1.8000 -3.1176 4.0000
        vertex 1.3777 -3.3260 4.0000
        vertex 1.3777 -3.3260 -2.0000
    endloop
endfacet
facet normal 0.5211 -1.0557 10.0000
    outer loop
        vertex 1.3777 -3.3260 -2.0000
        vertex 1.8000 -3.1176 -2.0000
        vertex 1.8000 -3.1176 4.0000
    endloop
endfacet
facet normal 0.6534 -0.9792 10.0000
    outer loop
        vertex 2.1917 -2.8562 4.0000
        vertex 1.8000 -3.1176 4.0000
        vertex 1.8000 -3.1176 -2.0000
    endloop
endfacet
facet normal 0.6534 -0.9792 10.0000
    outer loop
        vertex 1.8000 -3.1176 -2.0000
        vertex 2.1917 -2.8562 -2.0000
        vertex 2.1917 -2.8562 4.0000
    endloop
endfacet
facet normal 0.7767 -0.8847 10.0000
    outer loop
        vertex 2.5456 -2.5456 4.0000
        vertex 2.1917 -2.8562 4.0000
        vertex 2.1917 -2.8562 -2.0000
    endloop
endfacet
facet normal 0.7767 -0.8847 10.0000
    outer loop
        vertex 2.1917 -2.8562 -2.0000
        vertex 2.5456 -2.5456 -2.0000
        vertex 2.5456 -2.5456 4.0000
    endloop
endfacet
facet normal 0.8847 -0.7767 10.0000
    outer loop
        vertex 2.8562 -2.1917 4.0000
        vertex 2.5456 -2.5456 4.0000
        vertex 2.5456 -2.5456 -2.0000
    endloop
endfacet
facet normal 0.8847 -0.7767 10.0000
    outer loop
        vertex 2.5456 -2.5456 -2.0000
        vertex 2.8562 -2.1917 -2.0000
        vertex 2.8562 -2.1917 4.0000
    endloop
endfacet
facet normal 0.9792 -0.6534 10.0000
    outer loop
        vertex 3.1176 -1.8000 4.0000
        vertex 2.8562 -2.1917 4.0000
        vertex 2.8562 -2.1917 -2.0000
    endloop
endfacet
facet normal 0.9792 -0.6534 10.0000
    outer loop
        vertex 2.8562 -2.1917 -2.0000
        vertex 3.1176 -1.8000 -2.0000
        vertex 3.1176 -1.8000 4.0000
    endloop
endfacet
facet normal 1.0557 -0.5211 10.0000
    outer loop
        vertex 3.3260 -1.3777 4.0000
        vertex 3.1176 -1.8000 4.0000
        vertex 3.1176 -1.8000 -2.0000
    endloop
endfacet
facet normal 1.0557 -0.5211 10.0000
    outer loop
        vertex 3.1176 -1.8000 -2.0000
        vertex 3.3260 -1.3777 -2.0000
        vertex 3.3260 -1.3777 4.0000
    endloop
endfacet
facet normal 1.1151 -0.3780 10.0000
    outer loop
        vertex 3.4772 -0.9317 4.0000
        vertex 3.3260 -1.3777 4.0000
        vertex 3.3260 -1.3777 -2.0000
    endloop
endfacet
facet normal 1.1151 -0.3780 10.0000
    outer loop
        vertex 3.3260 -1.3777 -2.0000
        vertex 3.4772 -0.9317 -2.0000
        vertex 3.4772 -0.9317 4.0000
    endloop
endfacet
facet normal 1.1547 -0.2295 10.0000
    outer loop
        vertex 3.5690 -0.4698 4.0000
        vertex 3.4772 -0.9317 4.0000
        vertex 3.4772 -0.9317 -2.0000
    endloop
endfacet
facet normal 1.1547 -0.2295 10.0000
    outer loop
        vertex 3.4772 -0.9317 -2.0000
        vertex 3.5690 -0.4698 -2.0000
        vertex 3.5690 -0.4698 4.0000
    endloop
endfacet
facet normal 1.1745 -0.0774 10.0000
    outer loop
        vertex 3.6000 0.0000 4.0000
        vertex 3.5690 -0.4698 4.0000
        vertex 3.5690 -0.4698 -2.0000
    endloop
endfacet
facet normal 1.1745 -0.0774 10.0000
    outer loop
        vertex 3.5690 -0.4698 -2.0000
        vertex 3.6000 0.0000 -2.0000
        vertex 3.6000 0.0000 4.0000
    endloop
endfacet
facet normal 1.1745 0.0774 10.0000
    outer loop
        vertex 3.5690 0.4698 4.0000
        vertex 3.6000 0.0000 4.0000
        vertex 3.6000 0.0000 -2.0000
    endloop
endfacet
facet normal 1.1745 0.0774 10.0000
    outer loop
        vertex 3.6000 0.0000 -2.0000
        vertex 3.5690 0.4698 -2.0000
        vertex 3.5690 0.4698 4.0000
    endloop
endfacet
facet normal 1.1547 0.2295 10.0000
    outer loop
        vertex 3.4772 0.9317 4.0000
        vertex 3.5690 0.4698 4.0000
        vertex 3.5690 0.4698 -2.0000
    endloop
endfacet
facet normal 1.1547 0.2295 10.0000
    outer loop
        vertex 3.5690 0.4698 -2.0000
        vertex 3.4772 0.9317 -2.0000
        vertex 3.4772 0.9317 4.0000
    endloop
endfacet
facet normal 1.1151 0.3780 10.0000
    outer loop
        vertex 3.3260 1.3777 4.0000
        vertex 3.4772 0.9317 4.0000
        vertex 3.4772 0.9317 -2.0000
    endloop
endfacet
facet normal 1.1151 0.3780 10.0000
    outer loop
        vertex 3.4772 0.9317 -2.0000
        vertex 3.3260 1.3777 -2.0000
        vertex 3.3260 1.3777 4.0000
    endloop
endfacet
facet normal 1.0557 0.5211 10.0000
    outer loop
        vertex 3.1176 1.8000 4.0000
        vertex 3.3260 1.3777 4.0000
        vertex 3.3260 1.3777 -2.0000
    endloop
endfacet
facet normal 1.0557 0.5211 10.0000
    outer loop
        vertex 3.3260 1.3777 -2.0000
        vertex 3.1176 1.8000 -2.0000
        vertex 3.1176 1.8000 4.0000
    endloop
endfacet
facet normal 0.9792 0.6534 10.0000
    outer loop
        vertex 2.8562 2.1917 4.0000
        vertex 3.1176 1.8000 4.0000
        vertex 3.1176 1.8000 -2.0000
    endloop
endfacet
facet normal 0.9792 0.6534 10.0000
    outer loop
        vertex 3.1176 1.8000 -2.0000
        vertex 2.8562 2.1917 -2.0000
        vertex 2.8562 2.1917 4.0000
    endloop
endfacet
facet normal 0.8847 0.7767 10.0000
    outer loop
        vertex 2.5456 2.5456 4.0000
        vertex 2.8562 2.1917 4.0000
        vertex 2.8562 2.1917 -2.0000
    endloop
endfacet
facet normal 0.8847 0.7767 10.0000
    outer loop
        vertex 2.8562 2.1917 -2.0000
        vertex 2.5456 2.5456 -2.0000
        vertex 2.5456 2.5456 4.0000
    endloop
endfacet
facet normal 0.7767 0.8847 10.0000
    outer loop
        vertex 2.1917 2.8562 4.0000
        vertex 2.5456 2.5456 4.0000
        vertex 2.5456 2.5456 -2.0000
    endloop
endfacet
facet normal 0.7767 0.8847 10.0000
    outer loop
        vertex 2.5456 2.5456 -2.0000
        vertex 2.1917 2.8562 -2.0000
        vertex 2.1917 2.8562 4.0000
    endloop
endfacet
facet normal 0.6534 0.9792 10.0000
    outer loop
        vertex 1.8000 3.1176 4.0000
        vertex 2.1917 2.8562 4.0000
        vertex 2.1917 2.8562 -2.0000
    endloop
endfacet
facet normal 0.6534 0.9792 10.0000
    outer loop
        vertex 2.1917 2.8562 -2.0000
        vertex 1.8000 3.1176 -2.0000
        vertex 1.8000 3.1176 4.0000
    endloop
endfacet
facet normal 0.5211 1.0557 10.0000
    outer loop
        vertex 1.3777 3.3260 4.0000
        vertex 1.8000 3.1176 4.0000
        vertex 1.8000 3.1176 -2.0000
    endloop
endfacet
facet normal 0.5211 1.0557 10.0000
    outer loop
        vertex 1.8000 3.1176 -2.0000
        vertex 1.3777 3.3260 -2.0000
        vertex 1.3777 3.3260 4.0000
    endloop
endfacet
facet normal 0.3780 1.1151 10.0000
    outer loop
        vertex 0.9317 3.4772 4.0000
        vertex 1.3777 3.3260 4.0000
        vertex 1.3777 3.3260 -2.0000
    endloop
endfacet
facet normal 0.3780 1.1151 10.0000
    outer loop
        vertex 1.3777 3.3260 -2.0000
        vertex 0.9317 3.4772 -2.0000
        vertex 0.9317 3.4772 4.0000
    endloop
endfacet
facet normal 0.2295 1.1547 10.0000
    outer loop
        vertex 0.4698 3.5690 4.0000
        vertex 0.9317 3.4772 4.0000
        vertex 0.9317 3.4772 -2.0000
    endloop
endfacet
facet normal 0.2295 1.1547 10.0000
    outer loop
        vertex 0.9317 3.4772 -2.0000
        vertex 0.4698 3.5690 -2.0000
        vertex 0.4698 3.5690 4.0000
    endloop
endfacet
facet normal 0.0774 1.1745 10.0000
    outer loop
        vertex 0.0000 3.6000 4.0000
        vertex 0.4698 3.5690 4.0000
        vertex 0.4698 3.5690 -2.0000
    endloop
endfacet
facet normal 0.0774 1.1745 10.0000
    outer loop
        vertex 0.4698 3.5690 -2.0000
        vertex 0.0000 3.6000 -2.0000
        vertex 0.0000 3.6000 4.0000
    endloop
endfacet
facet normal -0.0774 1.1745 10.0000
    outer loop
        vertex -0.4698 3.5690 4.0000
        vertex 0.0000 3.6000 4.0000
        vertex 0.0000 3.6000 -2.0000
    endloop
endfacet
facet normal -0.0774 1.1745 10.0000
    outer loop
        vertex 0.0000 3.6000 -2.0000
        vertex -0.4698 3.5690 -2.0000
        vertex -0.4698 3.5690 4.0000
    endloop
endfacet
facet normal -0.2295 1.1547 10.0000
    outer loop
        vertex -0.9317 3.4772 4.0000
        vertex -0.4698 3.5690 4.0000
        vertex -0.4698 3.5690 -2.0000
    endloop
endfacet
facet normal -0.2295 1.1547 10.0000
    outer loop
        vertex -0.4698 3.5690 -2.0000
        vertex -0.9317 3.4772 -2.0000
        vertex -0.9317 3.4772 4.0000
    endloop
endfacet
facet normal -0.3780 1.1151 10.0000
    outer loop
        vertex -1.3777 3.3260 4.0000
        vertex -0.9317 3.4772 4.0000
        vertex -0.9317 3.4772 -2.0000
    endloop
endfacet
facet normal -0.3780 1.1151 10.0000
    outer loop
        vertex -0.9317 3.4772 -2.0000
        vertex -1.3777 3.3260 -2.0000
        vertex -1.3777 3.3260 4.0000
    endloop
endfacet
facet normal -0.5211 1.0557 10.0000
    outer loop
        vertex -1.8000 3.1176 4.0000
        vertex -1.3777 3.3260 4.0000
        vertex -1.3777 3.3260 -2.0000
    endloop
endfacet
facet normal -0.5211 1.0557 10.0000
    outer loop
        vertex -1.3777 3.3260 -2.0000
        vertex -1.8000 3.1176 -2.0000
        vertex -1.8000 3.1176 4.0000
    endloop
endfacet
facet normal -0.6534 0.9792 10.0000
    outer loop
        vertex -2.1917 2.8562 4.0000
        vertex -1.8000 3.1176 4.0000
        vertex -1.8000 3.1176 -2.0000
    endloop
endfacet
facet normal -0.6534 0.9792 10.0000
    outer loop
        vertex -1.8000 3.1176 -2.0000
        vertex -2.1917 2.8562 -2.0000
        vertex -2.1917 2.8562 4.0000
    endloop
endfacet
facet normal -0.7767 0.8847 10.0000
    outer loop
        vertex -2.5456 2.5456 4.0000
        vertex -2.1917 2.8562 4.0000
        vertex -2.1917 2.8562 -2.0000
    endloop
endfacet
facet normal -0.7767 0.8847 10.0000
    outer loop
        vertex -2.1917 2.8562 -2.0000
        vertex -2.5456 2.5456 -2.0000
        vertex -2.5456 2.5456 4.0000
    endloop
endfacet
facet normal -0.8847 0.7767 10.0000
    outer loop
        vertex -2.8562 2.1917 4.0000
        vertex -2.5456 2.5456 4.0000
        vertex -2.5456 2.5456 -2.0000
    endloop
endfacet
facet normal -0.8847 0.7767 10.0000
    outer loop
        vertex -2.5456 2.5456 -2.0000
        vertex -2.8562 2.1917 -2.0000
        vertex -2.8562 2.1917 4.0000
    endloop
endfacet
facet normal -0.9792 0.6534 10.0000
    outer loop
        vertex -3.1176 1.8000 4.0000
        vertex -2.8562 2.1917 4.0000
        vertex -2.8562 2.1917 -2.0000
    endloop
endfacet
facet normal -0.9792 0.6534 10.0000
    outer loop
        vertex -2.8562 2.1917 -2.0000
        vertex -3.1176 1.8000 -2.0000
        vertex -3.1176 1.8000 4.0000
    endloop
endfacet
facet normal -1.0557 0.5211 10.0000
    outer loop
        vertex -3.3260 1.3777 4.0000
        vertex -3.1176 1.8000 4.0000
        vertex -3.1176 1.8000 -2.0000
    endloop
endfacet
facet normal -1.0557 0.5211 10.0000
    outer loop
        vertex -3.1176 1.8000 -2.0000
        vertex -3.3260 1.3777 -2.0000
        vertex -3.3260 1.3777 4.0000
    endloop
endfacet
facet normal -1.1151 0.3780 10.0000
    outer loop
        vertex -3.4772 0.9317 4.0000
        vertex -3.3260 1.3777 4.0000
        vertex -3.3260 1.3777 -2.0000
    endloop
endfacet
facet normal -1.1151 0.3780 10.0000
    outer loop
        vertex -3.3260 1.3777 -2.0000
        vertex -3.4772 0.9317 -2.0000
        vertex -3.4772 0.9317 4.0000
    endloop
endfacet
facet normal -1.1547 0.2295 10.0000
    outer loop
        vertex -3.5690 0.4698 4.0000
        vertex -3.4772 0.9317 4.0000
        vertex -3.4772 0.9317 -2.0000
    endloop
endfacet
facet normal -1.1547 0.2295 10.0000
    outer loop
        vertex -3.4772 0.9317 -2.0000
        vertex -3.5690 0.4698 -2.0000
        vertex -3.5690 0.4698 4.0000
    endloop
endfacet
facet normal -1.1745 0.0774 10.0000
    outer loop
        vertex -3.6000 0.0000 4.0000
        vertex -3.5690 0.4698 4.0000
        vertex -3.5690 0.4698 -2.0000
    endloop
endfacet
facet normal -1.1745 0.0774 10.0000
    outer loop
        vertex -3.5690 0.4698 -2.0000
        vertex -3.6000 0.0000 -2.0000
        vertex -3.6000 0.0000 4.0000
    endloop
endfacet
facet normal 0.0000 0.0000 -4.9914
    outer loop
        vertex -3.5690 -0.4698 -2.0000
        vertex -3.6000 0.0000 -2.0000
        vertex -3.6000 -3.6000 -2.0000
    endloop
endfacet
facet normal 0.0000 0.0000 -4.9767
    outer loop
        vertex -3.4772 -0.9317 -2.0000
        vertex -3.5690 -0.4698 -2.0000
        vertex -3.6000 -3.6000 -2.0000
    endloop
endfacet
facet normal 0.0000 0.0000 -4.9646
    outer loop
        vertex -3.3260 -1.3777 -2.0000
        vertex -3.4772 -0.9317 -2.0000
        vertex -3.6000 -3.6000 -2.0000
    endloop
endfacet
facet normal 0.0000 0.0000 -4.9553
    outer loop
        vertex -3.1176 -1.8000 -2.0000
        vertex -3.3260 -1.3777 -2.0000
        vertex -3.6000 -3.6000 -2.0000
    endloop
endfacet
facet normal 0.0000 0.0000 -4.9491
    outer loop
        vertex -2.8562 -2.1917 -2.0000
        vertex -3.1176 -1.8000 -2.0000
        vertex -3.6000 -3.6000 -2.0000
    endloop
endfacet
facet normal 0.0000 0.0000 -4.9459
    outer loop
        vertex -2.5456 -2.5456 -2.0000
        vertex -2.8562 -2.1917 -2.0000
        vertex -3.6000 -3.6000 -2.0000
    endloop
endfacet
facet normal 0.0000 0.0000 -4.9459
    outer loop
        vertex -2.1917 -2.8562 -2.0000
        vertex -2.5456 -2.5456 -2.0000
        vertex -3.6000 -3.6000 -2.0000
    endloop
endfacet
facet normal 0.0000 0.0000 -4.9491
    outer loop
        vertex -1.8000 -3.1176 -2.0000
        vertex -2.1917 -2.8562 -2.0000
        vertex -3.6000 -3.6000 -2.0000
    endloop
endfacet
facet normal 0.0000 0.0000 -4.9553
    outer loop
        vertex -1.3777 -3.3260 -2.0000
        vertex -1.8000 -3.1176 -2.0000
        vertex -3.6000 -3.6000 -2.0000
    endloop
endfacet
facet normal 0.0000 0.0000 -4.9646
    outer loop
        vertex -0.9317 -3.4772 -2.0000
        vertex -1.3777 -3.3260 -2.0000
        vertex -3.6000 -3.6000 -2.0000
    endloop
endfacet
facet normal 0.0000 0.0000 -4.9767
    outer loop
        vertex -0.4698 -3.5690 -2.0000
        vertex -0.9317 -3.4772 -2.0000
        vertex -3.6000 -3.6000 -2.0000
    endloop
endfacet
facet normal 0.0000 0.0000 -4.9914
    outer loop
        vertex 0.0000 -3.6000 -2.0000
        vertex -0.4698 -3.5690 -2.0000
        vertex -3.6000 -3.6000 -2.0000
    endloop
endfacet
facet normal 0.0000 0.0000 -4.9914
    outer loop
        vertex 0.4698 -3.5690 -2.0000
        vertex 0.0000 -3.6000 -2.0000
        vertex 3.6000 -3.6000 -2.0000
    endloop
endfacet
facet normal 0.0000 0.0000 -4.9767
    outer loop
        vertex 0.9317 -3.4772 -2.0000
        vertex 0.4698 -3.5690 -2.0000
        vertex 3.6000 -3.6000 -2.0000
    endloop
endfacet
facet normal 0.0000 0.0000 -4.9646
    outer loop
        vertex 1.3777 -3.3260 -2.0000
        vertex 0.9317 -3.4772 -2.0000
        vertex 3.6000 -3.6000 -2.0000
    endloop
endfacet
facet normal 0.0000 0.0000 -4.9553
    outer loop
        vertex 1.8000 -3.1176 -2.0000
        vertex 1.3777 -3.3260 -2.0000
        vertex 3.6000 -3.6000 -2.0000
    endloop
endfacet
facet normal 0.0000 0.0000 -4.9491
    outer loop
        vertex 2.1917 -2.8562 -2.0000
        vertex 1.8000 -3.1176 -2.0000
        vertex 3.6000 -3.6000 -2.0000
    endloop
endfacet
facet normal 0.0000 0.0000 -4.9459
    outer loop
        vertex 2.5456 -2.5456 -2.0000
        vertex 2.1917 -2.8562 -2.0000
        vertex 3.6000 -3.6000 -2.0000
    endloop
endfacet
facet normal 0.0000 0.0000 -4.9459
    outer loop
        vertex 2.8562 -2.1917 -2.0000
        vertex 2.5456 -2.5456 -2.0000
        vertex 3.6000 -3.6000 -2.0000
    endloop
endfacet
facet normal 0.0000 0.0000 -4.9491
    outer loop
        vertex 3.1176 -1.8000 -2.0000
        vertex 2.8562 -2.1917 -2.0000
        vertex 3.6000 -3.6000 -2.0000
    endloop
endfacet
facet normal 0.0000 0.0000 -4.9553
    outer loop
        vertex 3.3260 -1.3777 -2.0000
        vertex 3.1176 -1.8000 -2.0000
        vertex 3.6000 -3.6000 -2.0000
    endloop
endfacet
facet normal 0.0000 0.0000 -4.9646
    outer loop
        vertex 3.4772 -0.9317 -2.0000
        vertex 3.3260 -1.3777 -2.0000
        vertex 3.6000 -3.6000 -2.0000
    endloop
endfacet
facet normal 0.0000 0.0000 -4.9767
    outer loop
        vertex 3.5690 -0.4698 -2.0000
        vertex 3.4772 -0.9317 -2.0000
        vertex 3.6000 -3.6000 -2.0000
    endloop
endfacet
facet normal 0.0000 0.0000 -4.9914
    outer loop
        vertex 3.6000 0.0000 -2.0000
        vertex 3.5690 -0.4698 -2.0000
        vertex 3.6000 -3.6000 -2.0000
    endloop
endfacet
facet normal 0.0000 0.0000 -4.9914
    outer loop
        vertex 3.5690 0.4698 -2.0000
        vertex 3.6000 0.0000 -2.0000
        vertex 3.6000 3.6000 -2.0000
    endloop
endfacet
facet normal 0.0000 0.0000 -4.9767
    outer loop
        vertex 3.4772 0.9317 -2.0000
        vertex 3.5690 0.4698 -2.0000
        vertex 3.6000 3.6000 -2.0000
    endloop
endfacet
facet normal 0.0000 0.0000 -4.9646
    outer loop
        vertex 3.3260 1.3777 -2.0000
        vertex 3.4772 0.9317 -2.0000
        vertex 3.6000 3.6000 -2.0000
    endloop
endfacet
facet normal 0.0000 0.0000 -4.9553
    outer loop
        vertex 3.1176 1.8000 -2.0000
        vertex 3.3260 1.3777 -2.0000
        vertex 3.6000 3.6000 -2.0000
    endloop
endfacet
facet normal 0.0000 0.0000 -4.9491
    outer loop
        vertex 2.8562 2.1917 -2.0000
        vertex 3.1176 1.8000 -2.0000
        vertex 3.6000 3.6000 -2.0000
    endloop
endfacet
facet normal 0.0000 0.0000 -4.9459
    outer loop
        vertex 2.5456 2.5456 -2.0000
        vertex 2.8562 2.1917 -2.0000
        vertex 3.6000 3.6000 -2.0000
    endloop
endfacet
facet normal 0.0000 0.0000 -4.9459
    outer loop
        vertex 2.1917 2.8562 -2.0000
        vertex 2.5456 2.5456 -2.0000
        vertex 3.6000 3.6000 -2.0000
    endloop
endfacet
facet normal 0.0000 0.0000 -4.9491
    outer loop
        vertex 1.8000 3.1176 -2.0000
        vertex 2.1917 2.8562 -2.0000
        vertex 3.6000 3.6000 -2.0000
    endloop
endfacet
facet normal 0.0000 0.0000 -4.9553
    outer loop
        vertex 1.3777 3.3260 -2.0000
        vertex 1.8000 3.1176 -2.0000
        vertex 3.6000 3.6000 -2.0000
    endloop
endfacet
facet normal 0.0000 0.0000 -4.9646
    outer loop
        vertex 0.9317 3.4772 -2.0000
        vertex 1.3777 3.3260 -2.0000
        vertex 3.6000 3.6000 -2.0000
    endloop
endfacet
facet normal 0.0000 0.0000 -4.9767
    outer loop
        vertex 0.4698 3.5690 -2.0000
        vertex 0.9317 3.4772 -2.0000
        vertex 3.6000 3.6000 -2.0000
    endloop
endfacet
facet normal 0.0000 0.0000 -4.9914
    outer loop
        vertex 0.0000 3.6000 -2.0000
        vertex 0.4698 3.5690 -2.0000
        vertex 3.6000 3.6000 -2.0000
    endloop
endfacet
facet normal 0.0000 0.0000 -4.9914
    outer loop
        vertex -0.4698 3.5690 -2.0000
        vertex 0.0000 3.6000 -2.0000
        vertex -3.6000 3.6000 -2.0000
    endloop
endfacet
facet normal 0.0000 0.0000 -4.9767
    outer loop
        vertex -0.9317 3.4772 -2.0000
        vertex -0.4698 3.5690 -2.0000
        vertex -3.6000 3.6000 -2.0000
    endloop
endfacet
facet normal 0.0000 0.0000 -4.9646
    outer loop
        vertex -1.3777 3.3260 -2.0000
        vertex -0.9317 3.4772 -2.0000
        vertex -3.6000 3.6000 -2.0000
    endloop
endfacet
facet normal 0.0000 0.0000 -4.9553
    outer loop
        vertex -1.8000 3.1176 -2.0000
        vertex -1.3777 3.3260 -2.0000
        vertex -3.6000 3.6000 -2.0000
    endloop
endfacet
facet normal 0.0000 0.0000 -4.9491
    outer loop
        vertex -2.1917 2.8562 -2.0000
        vertex -1.8000 3.1176 -2.0000
        vertex -3.6000 3.6000 -2.0000
    endloop
endfacet
facet normal 0.0000 0.0000 -4.9459
    outer loop
        vertex -2.5456 2.5456 -2.0000
        vertex -2.1917 2.8562 -2.0000
        vertex -3.6000 3.6000 -2.0000
    endloop
endfacet
facet normal 0.0000 0.0000 -4.9459
    outer loop
        vertex -2.8562 2.1917 -2.0000
        vertex -2.5456 2.5456 -2.0000
        vertex -3.6000 3.6000 -2.0000
    endloop
endfacet
facet normal 0.0000 0.0000 -4.9491
    outer loop
        vertex -3.1176 1.8000 -2.0000
        vertex -2.8562 2.1917 -2.0000
        vertex -3.6000 3.6000 -2.0000
    endloop
endfacet
facet normal 0.0000 0.0000 -4.9553
    outer loop
        vertex -3.3260 1.3777 -2.0000
        vertex -3.1176 1.8000 -2.0000
        vertex -3.6000 3.6000 -2.0000
    endloop
endfacet
facet normal 0.0000 0.0000 -4.9646
    outer loop
        vertex -3.4772 0.9317 -2.0000
        vertex -3.3260 1.3777 -2.0000
        vertex -3.6000 3.6000 -2.0000
    endloop
endfacet
facet normal 0.0000 0.0000 -4.9767
    outer loop
        vertex -3.5690 0.4698 -2.0000
        vertex -3.4772 0.9317 -2.0000
        vertex -3.6000 3.6000 -2.0000
    endloop
endfacet
facet normal 0.0000 0.0000 -4.9914
    outer loop
        vertex -3.6000 0.0000 -2.0000
        vertex -3.5690 0.4698 -2.0000
        vertex -3.6000 3.6000 -2.0000
    endloop
endfacet
facet normal 0.0000 0.0000 -9.3572
    outer loop
        vertex -0.9184 -2.2173 -4.0000
        vertex -2.0784 -1.1999 -4.0000
        vertex -2.2173 -0.9184 -4.0000
    endloop
endfacet
facet normal 0.0000 0.0000 -9.5637
    outer loop
        vertex -2.0784 -1.1999 -4.0000
        vertex -0.9184 -2.2173 -4.0000
        vertex -1.2001 -2.0786 -4.0000
    endloop
endfacet
facet normal 0.0000 0.0000 -9.7359
    outer loop
        vertex -1.2001 -2.0786 -4.0000
        vertex -1.9040 -1.4610 -4.0000
        vertex -2.0784 -1.1999 -4.0000
    endloop
endfacet
facet normal 0.0000 0.0000 -9.8672
    outer loop
        vertex -1.9040 -1.4610 -4.0000
        vertex -1.2001 -2.0786 -4.0000
        vertex -1.4610 -1.9040 -4.0000
    endloop
endfacet
facet normal 0.0000 0.0000 -9.9551
    outer loop
        vertex -1.4610 -1.9040 -4.0000
        vertex -1.6971 -1.6971 -4.0000
        vertex -1.9040 -1.4610 -4.0000
    endloop
endfacet
facet normal 0.0000 0.0000 -9.3572
    outer loop
        vertex 2.2173 -0.9184 -4.0000
        vertex 1.1999 -2.0784 -4.0000
        vertex 0.9184 -2.2173 -4.0000
    endloop
endfacet
facet normal 0.0000 0.0000 -9.5637
    outer loop
        vertex 1.1999 -2.0784 -4.0000
        vertex 2.2173 -0.9184 -4.0000
        vertex 2.0786 -1.2001 -4.0000
    endloop
endfacet
facet normal 0.0000 0.0000 -9.7359
    outer loop
        vertex 2.0786 -1.2001 -4.0000
        vertex 1.4610 -1.9040 -4.0000
        vertex 1.1999 -2.0784 -4.0000
    endloop
endfacet
facet normal 0.0000 0.0000 -9.8672
    outer loop
        vertex 1.4610 -1.9040 -4.0000
        vertex 2.0786 -1.2001 -4.0000
        vertex 1.9040 -1.4610 -4.0000
    endloop
endfacet
facet normal 0.0000 0.0000 -9.9551
    outer loop
        vertex 1.9040 -1.4610 -4.0000
        vertex 1.6971 -1.6971 -4.0000
        vertex 1.4610 -1.9040 -4.0000
    endloop
endfacet
facet normal 0.0000 0.0000 -9.3572
    outer loop
        vertex 0.9184 2.2173 -4.0000
        vertex 2.0784 1.1999 -4.0000
        vertex 2.2173 0.9184 -4.0000
    endloop
endfacet
facet normal 0.0000 0.0000 -9.5637
    outer loop
        vertex 2.0784 1.1999 -4.0000
        vertex 0.9184 2.2173 -4.0000
        vertex 1.2001 2.0786 -4.0000
    endloop
endfacet
facet normal 0.0000 0.0000 -9.7359
    outer loop
        vertex 1.2001 2.0786 -4.0000
        vertex 1.9040 1.4610 -4.0000
        vertex 2.0784 1.1999 -4.0000
    endloop
endfacet
facet normal 0.0000 0.0000 -9.8672
    outer loop
        vertex 1.9040 1.4610 -4.0000
        vertex 1.2001 2.0786 -4.0000
        vertex 1.4610 1.9040 -4.0000
    endloop
endfacet
facet normal 0.0000 0.0000 -9.9551
    outer loop
        vertex 1.4610 1.9040 -4.0000
        vertex 1.6971 1.6971 -4.0000
        vertex 1.9040 1.4610 -4.0000
    endloop
endfacet
facet normal 0.0000 0.0000 -9.3572
    outer loop
        vertex -2.2173 0.9184 -4.0000
        vertex -1.1999 2.0784 -4.0000
        vertex -0.9184 2.2173 -4.0000
    endloop
endfacet
facet normal 0.0000 0.0000 -9.5637
    outer loop
        vertex -1.1999 2.0784 -4.0000
        vertex -2.2173 0.9184 -4.0000
        vertex -2.0786 1.2001 -4.0000
    endloop
endfacet
facet normal 0.0000 0.0000 -9.7359
    outer loop
        vertex -2.0786 1.2001 -4.0000
        vertex -1.4610 1.9040 -4.0000
        vertex -1.1999 2.0784 -4.0000
    endloop
endfacet
facet normal 0.0000 0.0000 -9.8672
    outer loop
        vertex -1.4610 1.9040 -4.0000
        vertex -2.0786 1.2001 -4.0000
        vertex -1.9040 1.4610 -4.0000
    endloop
endfacet
facet normal 0.0000 0.0000 -9.9551
    outer loop
        vertex -1.9040 1.4610 -4.0000
        vertex -1.6971 1.6971 -4.0000
        vertex -1.4610 1.9040 -4.0000
    endloop
endfacet
facet normal 0.0000 0.0000 174.4020
    outer loop
        vertex -2.2173 -0.9184 -4.0000
        vertex -1.0000 -1.0000 -4.0000
        vertex -0.9184 -2.2173 -4.0000
    endloop
endfacet
facet normal 0.0000 0.0000 6.0230
    outer loop
        vertex -1.0000 -1.0000 -4.0000
        vertex -2.2409 -0.8000 -4.0000
        vertex -1.6000 -0.8000 -4.0000
    endloop
endfacet
facet normal 0.0000 0.0000 7.7818
    outer loop
        vertex -2.2409 -0.8000 -4.0000
        vertex -1.0000 -1.0000 -4.0000
        vertex -2.2173 -0.9184 -4.0000
    endloop
endfacet
facet normal 0.0000 0.0000 14.3160
    outer loop
        vertex -0.8000 -1.6000 -4.0000
        vertex -0.9184 -2.2173 -4.0000
        vertex -1.0000 -1.0000 -4.0000
    endloop
endfacet
facet normal 0.0000 0.0000 -0.5112
    outer loop
        vertex -0.9184 -2.2173 -4.0000
        vertex -0.8000 -1.6000 -4.0000
        vertex -0.8000 -2.2409 -4.0000
    endloop
endfacet
facet normal 0.0000 0.0000 174.4020
    outer loop
        vertex 1.0000 -1.0000 -4.0000
        vertex 2.2173 -0.9184 -4.0000
        vertex 0.9184 -2.2173 -4.0000
    endloop
endfacet
facet normal 0.0000 0.0000 6.0230
    outer loop
        vertex 1.0000 -1.0000 -4.0000
        vertex 0.8000 -2.2409 -4.0000
        vertex 0.8000 -1.6000 -4.0000
    endloop
endfacet
facet normal 0.0000 0.0000 7.7818
    outer loop
        vertex 0.8000 -2.2409 -4.0000
        vertex 1.0000 -1.0000 -4.0000
        vertex 0.9184 -2.2173 -4.0000
    endloop
endfacet
facet normal 0.0000 0.0000 6.0230
    outer loop
        vertex 2.2409 -0.8000 -4.0000
        vertex 1.0000 -1.0000 -4.0000
        vertex 1.6000 -0.8000 -4.0000
    endloop
endfacet
facet normal 0.0000 0.0000 7.7818
    outer loop
        vertex 1.0000 -1.0000 -4.0000
        vertex 2.2409 -0.8000 -4.0000
        vertex 2.2173 -0.9184 -4.0000
    endloop
endfacet
facet normal 0.0000 0.0000 -0.5112
    outer loop
        vertex 1.6000 0.8000 -4.0000
        vertex 2.2173 0.9184 -4.0000
        vertex 2.2409 0.8000 -4.0000
    endloop
endfacet
facet normal 0.0000 0.0000 14.3160
    outer loop
        vertex 2.2173 0.9184 -4.0000
        vertex 1.6000 0.8000 -4.0000
        vertex 1.0000 1.0000 -4.0000
    endloop
endfacet
facet normal 0.0000 0.0000 174.4020
    outer loop
        vertex 2.2173 0.9184 -4.0000
        vertex 1.0000 1.0000 -4.0000
        vertex 0.9184 2.2173 -4.0000
    endloop
endfacet
facet normal 0.0000 0.0000 -0.5112
    outer loop
        vertex 0.9184 2.2173 -4.0000
        vertex 0.8000 1.6000 -4.0000
        vertex 0.8000 2.2409 -4.0000
    endloop
endfacet
facet normal 0.0000 0.0000 14.3160
    outer loop
        vertex 0.8000 1.6000 -4.0000
        vertex 0.9184 2.2173 -4.0000
        vertex 1.0000 1.0000 -4.0000
    endloop
endfacet
facet normal 0.0000 0.0000 174.4020
    outer loop
        vertex -0.9184 2.2173 -4.0000
        vertex -1.0000 1.0000 -4.0000
        vertex -2.2173 0.9184 -4.0000
    endloop
endfacet
facet normal 0.0000 0.0000 7.7818
    outer loop
        vertex -0.8000 2.2409 -4.0000
        vertex -1.0000 1.0000 -4.0000
        vertex -0.9184 2.2173 -4.0000
    endloop
endfacet
facet normal 0.0000 0.0000 6.0230
    outer loop
        vertex -1.0000 1.0000 -4.0000
        vertex -0.8000 2.2409 -4.0000
        vertex -0.8000 1.6000 -4.0000
    endloop
endfacet
facet normal 0.0000 0.0000 14.3160
    outer loop
        vertex -1.6000 0.8000 -4.0000
        vertex -2.2173 0.9184 -4.0000
        vertex -1.0000 1.0000 -4.0000
    endloop
endfacet
facet normal 0.0000 0.0000 -0.5112
    outer loop
        vertex -2.2173 0.9184 -4.0000
        vertex -1.6000 0.8000 -4.0000
        vertex -2.2409 0.8000 -4.0000
    endloop
endfacet
facet normal 0.0000 0.0000 9.3572
    outer loop
        vertex -0.9184 2.2173 4.0000
        vertex -2.0784 1.1999 4.0000
        vertex -2.2173 0.9184 4.0000
    endloop
endfacet
facet normal 0.0000 0.0000 9.5637
    outer loop
        vertex -2.0784 1.1999 4.0000
        vertex -0.9184 2.2173 4.0000
        vertex -1.2001 2.0786 4.0000
    endloop
endfacet
facet normal 0.0000 0.0000 9.7359
    outer loop
        vertex -1.2001 2.0786 4.0000
        vertex -1.9040 1.4610 4.0000
        vertex -2.0784 1.1999 4.0000
    endloop
endfacet
facet normal 0.0000 0.0000 9.8672
    outer loop
        vertex -1.9040 1.4610 4.0000
        vertex -1.2001 2.0786 4.0000
        vertex -1.4610 1.9040 4.0000
    endloop
endfacet
facet normal 0.0000 0.0000 9.9551
    outer loop
        vertex -1.4610 1.9040 4.0000
        vertex -1.6971 1.6971 4.0000
        vertex -1.9040 1.4610 4.0000
    endloop
endfacet
facet normal 0.0000 0.0000 9.3572
    outer loop
        vertex 2.2173 0.9184 4.0000
        vertex 1.1999 2.0784 4.0000
        vertex 0.9184 2.2173 4.0000
    endloop
endfacet
facet normal 0.0000 0.0000 9.5637
    outer loop
        vertex 1.1999 2.0784 4.0000
        vertex 2.2173 0.9184 4.0000
        vertex 2.0786 1.2001 4.0000
    endloop
endfacet
facet normal 0.0000 0.0000 9.7359
    outer loop
        vertex 2.0786 1.2001 4.0000
        vertex 1.4610 1.9040 4.0000
        vertex 1.1999 2.0784 4.0000
    endloop
endfacet
facet normal 0.0000 0.0000 9.8672
    outer loop
        vertex 1.4610 1.9040 4.0000
        vertex 2.0786 1.2001 4.0000
        vertex 1.9040 1.4610 4.0000
    endloop
endfacet
facet normal 0.0000 0.0000 9.9551
    outer loop
        vertex 1.9040 1.4610 4.0000
        vertex 1.6971 1.6971 4.0000
        vertex 1.4610 1.9040 4.0000
    endloop
endfacet
facet normal 0.0000 0.0000 9.3572
    outer loop
        vertex 0.9184 -2.2173 4.0000
        vertex 2.0784 -1.1999 4.0000
        vertex 2.2173 -0.9184 4.0000
    endloop
endfacet
facet normal 0.0000 0.0000 9.5637
    outer loop
        vertex 2.0784 -1.1999 4.0000
        vertex 0.9184 -2.2173 4.0000
        vertex 1.2001 -2.0786 4.0000
    endloop
endfacet
facet normal 0.0000 0.0000 9.7359
    outer loop
        vertex 1.2001 -2.0786 4.0000
        vertex 1.9040 -1.4610 4.0000
        vertex 2.0784 -1.1999 4.0000
    endloop
endfacet
facet normal 0.0000 0.0000 9.8672
    outer loop
        vertex 1.9040 -1.4610 4.0000
        vertex 1.2001 -2.0786 4.0000
        vertex 1.4610 -1.9040 4.0000
    endloop
endfacet
facet normal 0.0000 0.0000 9.9551
    outer loop
        vertex 1.4610 -1.9040 4.0000
        vertex 1.6971 -1.6971 4.0000
        vertex 1.9040 -1.4610 4.0000
    endloop
endfacet
facet normal 0.0000 0.0000 9.3572
    outer loop
        vertex -2.2173 -0.9184 4.0000
        vertex -1.1999 -2.0784 4.0000
        vertex -0.9184 -2.2173 4.0000
    endloop
endfacet
facet normal 0.0000 0.0000 9.5637
    outer loop
        vertex -1.1999 -2.0784 4.0000
        vertex -2.2173 -0.9184 4.0000
        vertex -2.0786 -1.2001 4.0000
    endloop
endfacet
facet normal 0.0000 0.0000 9.7359
    outer loop
        vertex -2.0786 -1.2001 4.0000
        vertex -1.4610 -1.9040 4.0000
        vertex -1.1999 -2.0784 4.0000
    endloop
endfacet
facet normal 0.0000 0.0000 9.8672
    outer loop
        vertex -1.4610 -1.9040 4.0000
        vertex -2.0786 -1.2001 4.0000
        vertex -1.9040 -1.4610 4.0000
    endloop
endfacet
facet normal 0.0000 0.0000 9.9551
    outer loop
        vertex -1.9040 -1.4610 4.0000
        vertex -1.6971 -1.6971 4.0000
        vertex -1.4610 -1.9040 4.0000
    endloop
endfacet
facet normal 0.0000 0.0000 -174.4020
    outer loop
        vertex -2.2173 0.9184 4.0000
        vertex -1.0000 1.0000 4.0000
        vertex -0.9184 2.2173 4.0000
    endloop
endfacet
facet normal 0.0000 0.0000 -6.0230
    outer loop
        vertex -1.0000 1.0000 4.0000
        vertex -2.2409 0.8000 4.0000
        vertex -1.6000 0.8000 4.0000
    endloop
endfacet
facet normal 0.0000 0.0000 -7.7818
    outer loop
        vertex -2.2409 0.8000 4.0000
        vertex -1.0000 1.0000 4.0000
        vertex -2.2173 0.9184 4.0000
    endloop
endfacet
facet normal 0.0000 0.0000 -14.3160
    outer loop
        vertex -0.8000 1.6000 4.0000
        vertex -0.9184 2.2173 4.0000
        vertex -1.0000 1.0000 4.0000
    endloop
endfacet
facet normal 0.0000 0.0000 0.5112
    outer loop
        vertex -0.9184 2.2173 4.0000
        vertex -0.8000 1.6000 4.0000
        vertex -0.8000 2.2409 4.0000
    endloop
endfacet
facet normal 0.0000 0.0000 -174.4020
    outer loop
        vertex 1.0000 1.0000 4.0000
        vertex 2.2173 0.9184 4.0000
        vertex 0.9184 2.2173 4.0000
    endloop
endfacet
facet normal 0.0000 0.0000 -6.0230
    outer loop
        vertex 1.0000 1.0000 4.0000
        vertex 0.8000 2.2409 4.0000
        vertex 0.8000 1.6000 4.0000
    endloop
endfacet
facet normal 0.0000 0.0000 -7.7818
    outer loop
        vertex 0.8000 2.2409 4.0000
        vertex 1.0000 1.0000 4.0000
        vertex 0.9184 2.2173 4.0000
    endloop
endfacet
facet normal 0.0000 0.0000 -6.0230
    outer loop
        vertex 2.2409 0.8000 4.0000
        vertex 1.0000 1.0000 4.0000
        vertex 1.6000 0.8000 4.0000
    endloop
endfacet
facet normal 0.0000 0.0000 -7.7818
    outer loop
        vertex 1.0000 1.0000 4.0000
        vertex 2.2409 0.8000 4.0000
        vertex 2.2173 0.9184 4.0000
    endloop
endfacet
facet normal 0.0000 0.0000 0.5112
    outer loop
        vertex 1.6000 -0.8000 4.0000
        vertex 2.2173 -0.9184 4.0000
        vertex 2.2409 -0.8000 4.0000
    endloop
endfacet
facet normal 0.0000 0.0000 -14.3160
    outer loop
        vertex 2.2173 -0.9184 4.0000
        vertex 1.6000 -0.8000 4.0000
        vertex 1.0000 -1.0000 4.0000
    endloop
endfacet
facet normal 0.0000 0.0000 -174.4020
    outer loop
        vertex 2.2173 -0.9184 4.0000
        vertex 1.0000 -1.0000 4.0000
        vertex 0.9184 -2.2173 4.0000
    endloop
endfacet
facet normal 0.0000 0.0000 0.5112
    outer loop
        vertex 0.9184 -2.2173 4.0000
        vertex 0.8000 -1.6000 4.0000
        vertex 0.8000 -2.2409 4.0000
    endloop
endfacet
facet normal 0.0000 0.0000 -14.3160
    outer loop
        vertex 0.8000 -1.6000 4.0000
        vertex 0.9184 -2.2173 4.0000
        vertex 1.0000 -1.0000 4.0000
    endloop
endfacet
facet normal 0.0000 0.0000 -174.4020
    outer loop
        vertex -0.9184 -2.2173 4.0000
        vertex -1.0000 -1.0000 4.0000
        vertex -2.2173 -0.9184 4.0000
    endloop
endfacet
facet normal 0.0000 0.0000 -7.7818
    outer loop
        vertex -0.8000 -2.2409 4.0000
        vertex -1.0000 -1.0000 4.0000
        vertex -0.9184 -2.2173 4.0000
    endloop
endfacet
facet normal 0.0000 0.0000 -6.0230
    outer loop
        vertex -1.0000 -1.0000 4.0000
        vertex -0.8000 -2.2409 4.0000
        vertex -0.8000 -1.6000 4.0000
    endloop
endfacet
facet normal 0.0000 0.0000 -14.3160
    outer loop
        vertex -1.6000 -0.8000 4.0000
        vertex -2.2173 -0.9184 4.0000
        vertex -1.0000 -1.0000 4.0000
    endloop
endfacet
facet normal 0.0000 0.0000 0.5112
    outer loop
        vertex -2.2173 -0.9184 4.0000
        vertex -1.6000 -0.8000 4.0000
        vertex -2.2409 -0.8000 4.0000
    endloop
endfacet
facet normal -2.0000 -0.3977 -10.0000
    outer loop
        vertex -2.4000 0.0000 4.0000
        vertex -2.2409 -0.8000 -4.0000
        vertex -2.4000 0.0000 -4.0000
    endloop
endfacet
facet normal -2.0000 -0.3977 -10.0000
    outer loop
        vertex -2.2409 -0.8000 -4.0000
        vertex -2.4000 0.0000 4.0000
        vertex -2.2409 -0.8000 4.0000
    endloop
endfacet
facet normal 0.0000 -1.6023 -10.0000
    outer loop
        vertex -1.6000 -0.8000 4.0000
        vertex -2.2409 -0.8000 -4.0000
        vertex -2.2409 -0.8000 4.0000
    endloop
endfacet
facet normal 0.0000 -1.6023 -10.0000
    outer loop
        vertex -2.2409 -0.8000 -4.0000
        vertex -1.6000 -0.8000 4.0000
        vertex -1.6000 -0.8000 -4.0000
    endloop
endfacet
facet normal -0.5000 -1.5000 -10.0000
    outer loop
        vertex -1.6000 -0.8000 4.0000
        vertex -1.0000 -1.0000 -4.0000
        vertex -1.6000 -0.8000 -4.0000
    endloop
endfacet
facet normal -0.5000 -1.5000 -10.0000
    outer loop
        vertex -1.0000 -1.0000 -4.0000
        vertex -1.6000 -0.8000 4.0000
        vertex -1.0000 -1.0000 4.0000
    endloop
endfacet
facet normal -1.5000 -0.5000 -10.0000
    outer loop
        vertex -1.0000 -1.0000 4.0000
        vertex -0.8000 -1.6000 -4.0000
        vertex -1.0000 -1.0000 -4.0000
    endloop
endfacet
facet normal -1.5000 -0.5000 -10.0000
    outer loop
        vertex -0.8000 -1.6000 -4.0000
        vertex -1.0000 -1.0000 4.0000
        vertex -0.8000 -1.6000 4.0000
    endloop
endfacet
facet normal -1.6023 0.0000 -10.0000
    outer loop
        vertex -0.8000 -1.6000 4.0000
        vertex -0.8000 -2.2409 -4.0000
        vertex -0.8000 -1.6000 -4.0000
    endloop
endfacet
facet normal -1.6023 0.0000 -10.0000
    outer loop
        vertex -0.8000 -2.2409 -4.0000
        vertex -0.8000 -1.6000 4.0000
        vertex -0.8000 -2.2409 4.0000
    endloop
endfacet
facet normal -0.3977 -2.0000 -10.0000
    outer loop
        vertex -0.8000 -2.2409 -4.0000
        vertex 0.0000 -2.4000 4.0000
        vertex 0.0000 -2.4000 -4.0000
    endloop
endfacet
facet normal -0.3977 -2.0000 -10.0000
    outer loop
        vertex 0.0000 -2.4000 4.0000
        vertex -0.8000 -2.2409 -4.0000
        vertex -0.8000 -2.2409 4.0000
    endloop
endfacet
facet normal 0.3977 -2.0000 -10.0000
    outer loop
        vertex 0.0000 -2.4000 4.0000
        vertex 0.8000 -2.2409 -4.0000
        vertex 0.0000 -2.4000 -4.0000
    endloop
endfacet
facet normal 0.3977 -2.0000 -10.0000
    outer loop
        vertex 0.8000 -2.2409 -4.0000
        vertex 0.0000 -2.4000 4.0000
        vertex 0.8000 -2.2409 4.0000
    endloop
endfacet
facet normal 1.6023 0.0000 -10.0000
    outer loop
        vertex 0.8000 -1.6000 4.0000
        vertex 0.8000 -2.2409 -4.0000
        vertex 0.8000 -2.2409 4.0000
    endloop
endfacet
facet normal 1.6023 0.0000 -10.0000
    outer loop
        vertex 0.8000 -2.2409 -4.0000
        vertex 0.8000 -1.6000 4.0000
        vertex 0.8000 -1.6000 -4.0000
    endloop
endfacet
facet normal 1.5000 -0.5000 -10.0000
    outer loop
        vertex 0.8000 -1.6000 4.0000
        vertex 1.0000 -1.0000 -4.0000
        vertex 0.8000 -1.6000 -4.0000
    endloop
endfacet
facet normal 1.5000 -0.5000 -10.0000
    outer loop
        vertex 1.0000 -1.0000 -4.0000
        vertex 0.8000 -1.6000 4.0000
        vertex 1.0000 -1.0000 4.0000
    endloop
endfacet
facet normal 0.5000 -1.5000 -10.0000
    outer loop
        vertex 1.0000 -1.0000 4.0000
        vertex 1.6000 -0.8000 -4.0000
        vertex 1.0000 -1.0000 -4.0000
    endloop
endfacet
facet normal 0.5000 -1.5000 -10.0000
    outer loop
        vertex 1.6000 -0.8000 -4.0000
        vertex 1.0000 -1.0000 4.0000
        vertex 1.6000 -0.8000 4.0000
    endloop
endfacet
facet normal 0.0000 -1.6023 -10.0000
    outer loop
        vertex 1.6000 -0.8000 4.0000
        vertex 2.2409 -0.8000 -4.0000
        vertex 1.6000 -0.8000 -4.0000
    endloop
endfacet
facet normal 0.0000 -1.6023 -10.0000
    outer loop
        vertex 2.2409 -0.8000 -4.0000
        vertex 1.6000 -0.8000 4.0000
        vertex 2.2409 -0.8000 4.0000
    endloop
endfacet
facet normal 2.0000 -0.3977 -10.0000
    outer loop
        vertex 2.2409 -0.8000 4.0000
        vertex 2.4000 0.0000 -4.0000
        vertex 2.2409 -0.8000 -4.0000
    endloop
endfacet
facet normal 2.0000 -0.3977 -10.0000
    outer loop
        vertex 2.4000 0.0000 -4.0000
        vertex 2.2409 -0.8000 4.0000
        vertex 2.4000 0.0000 4.0000
    endloop
endfacet
facet normal 2.0000 0.3977 -10.0000
    outer loop
        vertex 2.4000 0.0000 4.0000
        vertex 2.2409 0.8000 -4.0000
        vertex 2.4000 0.0000 -4.0000
    endloop
endfacet
facet normal 2.0000 0.3977 -10.0000
    outer loop
        vertex 2.2409 0.8000 -4.0000
        vertex 2.4000 0.0000 4.0000
        vertex 2.2409 0.8000 4.0000
    endloop
endfacet
facet normal 0.0000 1.6023 -10.0000
    outer loop
        vertex 2.2409 0.8000 4.0000
        vertex 1.6000 0.8000 -4.0000
        vertex 2.2409 0.8000 -4.0000
    endloop
endfacet
facet normal 0.0000 1.6023 -10.0000
    outer loop
        vertex 1.6000 0.8000 -4.0000
        vertex 2.2409 0.8000 4.0000
        vertex 1.6000 0.8000 4.0000
    endloop
endfacet
facet normal 0.5000 1.5000 -10.0000
    outer loop
        vertex 1.6000 0.8000 4.0000
        vertex 1.0000 1.0000 -4.0000
        vertex 1.6000 0.8000 -4.0000
    endloop
endfacet
facet normal 0.5000 1.5000 -10.0000
    outer loop
        vertex 1.0000 1.0000 -4.0000
        vertex 1.6000 0.8000 4.0000
        vertex 1.0000 1.0000 4.0000
    endloop
endfacet
facet normal 1.5000 0.5000 -10.0000
    outer loop
        vertex 1.0000 1.0000 4.0000
        vertex 0.8000 1.6000 -4.0000
        vertex 1.0000 1.0000 -4.0000
    endloop
endfacet
facet normal 1.5000 0.5000 -10.0000
    outer loop
        vertex 0.8000 1.6000 -4.0000
        vertex 1.0000 1.0000 4.0000
        vertex 0.8000 1.6000 4.0000
    endloop
endfacet
facet normal 1.6023 0.0000 -10.0000
    outer loop
        vertex 0.8000 1.6000 4.0000
        vertex 0.8000 2.2409 -4.0000
        vertex 0.8000 1.6000 -4.0000
    endloop
endfacet
facet normal 1.6023 0.0000 -10.0000
    outer loop
        vertex 0.8000 2.2409 -4.0000
        vertex 0.8000 1.6000 4.0000
        vertex 0.8000 2.2409 4.0000
    endloop
endfacet
facet normal 0.3977 2.0000 -10.0000
    outer loop
        vertex 0.8000 2.2409 -4.0000
        vertex 0.0000 2.4000 4.0000
        vertex 0.0000 2.4000 -4.0000
    endloop
endfacet
facet normal 0.3977 2.0000 -10.0000
    outer loop
        vertex 0.0000 2.4000 4.0000
        vertex 0.8000 2.2409 -4.0000
        vertex 0.8000 2.2409 4.0000
    endloop
endfacet
facet normal -0.3977 2.0000 -10.0000
    outer loop
        vertex 0.0000 2.4000 4.0000
        vertex -0.8000 2.2409 -4.0000
        vertex 0.0000 2.4000 -4.0000
    endloop
endfacet
facet normal -0.3977 2.0000 -10.0000
    outer loop
        vertex -0.8000 2.2409 -4.0000
        vertex 0.0000 2.4000 4.0000
        vertex -0.8000 2.2409 4.0000
    endloop
endfacet
facet normal -1.6023 0.0000 -10.0000
    outer loop
        vertex -0.8000 2.2409 4.0000
        vertex -0.8000 1.6000 -4.0000
        vertex -0.8000 2.2409 -4.0000
    endloop
endfacet
facet normal -1.6023 0.0000 -10.0000
    outer loop
        vertex -0.8000 1.6000 -4.0000
        vertex -0.8000 2.2409 4.0000
        vertex -0.8000 1.6000 4.0000
    endloop
endfacet
facet normal -1.5000 0.5000 -10.0000
    outer loop
        vertex -0.8000 1.6000 4.0000
        vertex -1.0000 1.0000 -4.0000
        vertex -0.8000 1.6000 -4.0000
    endloop
endfacet
facet normal -1.5000 0.5000 -10.0000
    outer loop
        vertex -1.0000 1.0000 -4.0000
        vertex -0.8000 1.6000 4.0000
        vertex -1.0000 1.0000 4.0000
    endloop
endfacet
facet normal -0.5000 1.5000 -10.0000
    outer loop
        vertex -1.0000 1.0000 4.0000
        vertex -1.6000 0.8000 -4.0000
        vertex -1.0000 1.0000 -4.0000
    endloop
endfacet
facet normal -0.5000 1.5000 -10.0000
    outer loop
        vertex -1.6000 0.8000 -4.0000
        vertex -1.0000 1.0000 4.0000
        vertex -1.6000 0.8000 4.0000
    endloop
endfacet
facet normal 0.0000 1.6023 -10.0000
    outer loop
        vertex -1.6000 0.8000 4.0000
        vertex -2.2409 0.8000 -4.0000
        vertex -1.6000 0.8000 -4.0000
    endloop
endfacet
facet normal 0.0000 1.6023 -10.0000
    outer loop
        vertex -2.2409 0.8000 -4.0000
        vertex -1.6000 0.8000 4.0000
        vertex -2.2409 0.8000 4.0000
    endloop
endfacet
facet normal -2.0000 0.3977 -10.0000
    outer loop
        vertex -2.2409 0.8000 4.0000
        vertex -2.4000 0.0000 -4.0000
        vertex -2.2409 0.8000 -4.0000
    endloop
endfacet
facet normal -2.0000 0.3977 -10.0000
    outer loop
        vertex -2.4000 0.0000 -4.0000
        vertex -2.2409 0.8000 4.0000
        vertex -2.4000 0.0000 4.0000
    endloop
endfacet
facet normal 0.0000 0.0000 -9.9555
    outer loop
        vertex -2.4000 0.0000 -4.0000
        vertex -2.3182 -0.6211 -4.0000
        vertex -2.3794 -0.3132 -4.0000
    endloop
endfacet
facet normal 0.0000 0.0000 -9.8671
    outer loop
        vertex -2.3182 -0.6211 -4.0000
        vertex -2.4000 0.0000 -4.0000
        vertex -2.2174 -0.9185 -4.0000
    endloop
endfacet
facet normal 0.0000 0.0000 -9.9555
    outer loop
        vertex 0.0000 -2.4000 -4.0000
        vertex -0.6211 -2.3182 -4.0000
        vertex -0.3132 -2.3794 -4.0000
    endloop
endfacet
facet normal 0.0000 0.0000 -9.8671
    outer loop
        vertex -0.6211 -2.3182 -4.0000
        vertex 0.0000 -2.4000 -4.0000
        vertex -0.9185 -2.2174 -4.0000
    endloop
endfacet
facet normal 0.0000 0.0000 -9.9555
    outer loop
        vertex 0.0000 -2.4000 -4.0000
        vertex 0.6211 -2.3182 -4.0000
        vertex 0.3132 -2.3794 -4.0000
    endloop
endfacet
facet normal 0.0000 0.0000 -9.8671
    outer loop
        vertex 0.6211 -2.3182 -4.0000
        vertex 0.0000 -2.4000 -4.0000
        vertex 0.9185 -2.2174 -4.0000
    endloop
endfacet
facet normal 0.0000 0.0000 -9.9555
    outer loop
        vertex 2.4000 0.0000 -4.0000
        vertex 2.3182 -0.6211 -4.0000
        vertex 2.3794 -0.3132 -4.0000
    endloop
endfacet
facet normal 0.0000 0.0000 -9.8671
    outer loop
        vertex 2.3182 -0.6211 -4.0000
        vertex 2.4000 0.0000 -4.0000
        vertex 2.2174 -0.9185 -4.0000
    endloop
endfacet
facet normal 0.0000 0.0000 -9.9555
    outer loop
        vertex 2.4000 0.0000 -4.0000
        vertex 2.3182 0.6211 -4.0000
        vertex 2.3794 0.3132 -4.0000
    endloop
endfacet
facet normal 0.0000 0.0000 -9.8671
    outer loop
        vertex 2.3182 0.6211 -4.0000
        vertex 2.4000 0.0000 -4.0000
        vertex 2.2174 0.9185 -4.0000
    endloop
endfacet
facet normal 0.0000 0.0000 -9.9555
    outer loop
        vertex 0.0000 2.4000 -4.0000
        vertex 0.6211 2.3182 -4.0000
        vertex 0.3132 2.3794 -4.0000
    endloop
endfacet
facet normal 0.0000 0.0000 -9.8671
    outer loop
        vertex 0.6211 2.3182 -4.0000
        vertex 0.0000 2.4000 -4.0000
        vertex 0.9185 2.2174 -4.0000
    endloop
endfacet
facet normal 0.0000 0.0000 -9.9555
    outer loop
        vertex 0.0000 2.4000 -4.0000
        vertex -0.6211 2.3182 -4.0000
        vertex -0.3132 2.3794 -4.0000
    endloop
endfacet
facet normal 0.0000 0.0000 -9.8671
    outer loop
        vertex -0.6211 2.3182 -4.0000
        vertex 0.0000 2.4000 -4.0000
        vertex -0.9185 2.2174 -4.0000
    endloop
endfacet
facet normal 0.0000 0.0000 -9.9555
    outer loop
        vertex -2.4000 0.0000 -4.0000
        vertex -2.3182 0.6211 -4.0000
        vertex -2.3794 0.3132 -4.0000
    endloop
endfacet
facet normal 0.0000 0.0000 -9.8671
    outer loop
        vertex -2.3182 0.6211 -4.0000
        vertex -2.4000 0.0000 -4.0000
        vertex -2.2174 0.9185 -4.0000
    endloop
endfacet
facet normal 0.0000 0.0000 9.9555
    outer loop
        vertex -2.4000 0.0000 4.0000
        vertex -2.3182 -0.6211 4.0000
        vertex -2.3794 -0.3132 4.0000
    endloop
endfacet
facet normal 0.0000 0.0000 9.8671
    outer loop
        vertex -2.3182 -0.6211 4.0000
        vertex -2.4000 0.0000 4.0000
        vertex -2.2174 -0.9185 4.0000
    endloop
endfacet
facet normal 0.0000 0.0000 9.9555
    outer loop
        vertex 0.0000 -2.4000 4.0000
        vertex -0.6211 -2.3182 4.0000
        vertex -0.3132 -2.3794 4.0000
    endloop
endfacet
facet normal 0.0000 0.0000 9.8671
    outer loop
        vertex -0.6211 -2.3182 4.0000
        vertex 0.0000 -2.4000 4.0000
        vertex -0.9185 -2.2174 4.0000
    endloop
endfacet
facet normal 0.0000 0.0000 9.9555
    outer loop
        vertex 0.0000 -2.4000 4.0000
        vertex 0.6211 -2.3182 4.0000
        vertex 0.3132 -2.3794 4.0000
    endloop
endfacet
facet normal 0.0000 0.0000 9.8671
    outer loop
        vertex 0.6211 -2.3182 4.0000
        vertex 0.0000 -2.4000 4.0000
        vertex 0.9185 -2.2174 4.0000
    endloop
endfacet
facet normal 0.0000 0.0000 9.9555
    outer loop
        vertex 2.4000 0.0000 4.0000
        vertex 2.3182 -0.6211 4.0000
        vertex 2.3794 -0.3132 4.0000
    endloop
endfacet
facet normal 0.0000 0.0000 9.8671
    outer loop
        vertex 2.3182 -0.6211 4.0000
        vertex 2.4000 0.0000 4.0000
        vertex 2.2174 -0.9185 4.0000
    endloop
endfacet
facet normal 0.0000 0.0000 9.9555
    outer loop
        vertex 2.4000 0.0000 4.0000
        vertex 2.3182 0.6211 4.0000
        vertex 2.3794 0.3132 4.0000
    endloop
endfacet
facet normal 0.0000 0.0000 9.8671
    outer loop
        vertex 2.3182 0.6211 4.0000
        vertex 2.4000 0.0000 4.0000
        vertex 2.2174 0.9185 4.0000
    endloop
endfacet
facet normal 0.0000 0.0000 9.9555
    outer loop
        vertex 0.0000 2.4000 4.0000
        vertex 0.6211 2.3182 4.0000
        vertex 0.3132 2.3794 4.0000
    endloop
endfacet
facet normal 0.0000 0.0000 9.8671
    outer loop
        vertex 0.6211 2.3182 4.0000
        vertex 0.0000 2.4000 4.0000
        vertex 0.9185 2.2174 4.0000
    endloop
endfacet
facet normal 0.0000 0.0000 9.9555
    outer loop
        vertex 0.0000 2.4000 4.0000
        vertex -0.6211 2.3182 4.0000
        vertex -0.3132 2.3794 4.0000
    endloop
endfacet
facet normal 0.0000 0.0000 9.8671
    outer loop
        vertex -0.6211 2.3182 4.0000
        vertex 0.0000 2.4000 4.0000
        vertex -0.9185 2.2174 4.0000
    endloop
endfacet
facet normal 0.0000 0.0000 9.9555
    outer loop
        vertex -2.4000 0.0000 4.0000
        vertex -2.3182 0.6211 4.0000
        vertex -2.3794 0.3132 4.0000
    endloop
endfacet
facet normal 0.0000 0.0000 9.8671
    outer loop
        vertex -2.3182 0.6211 4.0000
        vertex -2.4000 0.0000 4.0000
        vertex -2.2174 0.9185 4.0000
    endloop
endfacet
facet normal -1.3050 40.0860 -10.0000
    outer loop
        vertex -3.9656 16.5220 -4.0000
        vertex -4.0000 16.0000 -4.0000
        vertex -4.0000 16.0000 -3.8000
    endloop
endfacet
facet normal -1.3050 40.0860 -10.0000
    outer loop
        vertex -4.0000 16.0000 -3.8000
        vertex -3.9656 16.5220 -3.8000
        vertex -3.9656 16.5220 -4.0000
    endloop
endfacet
facet normal -1.2830 40.2550 -10.0000
    outer loop
        vertex -3.8636 17.0352 -4.0000
        vertex -3.9656 16.5220 -4.0000
        vertex -3.9656 16.5220 -3.8000
    endloop
endfacet
facet normal -1.2830 40.2550 -10.0000
    outer loop
        vertex -3.9656 16.5220 -3.8000
        vertex -3.8636 17.0352 -3.8000
        vertex -3.8636 17.0352 -4.0000
    endloop
endfacet
facet normal -1.2390 40.4200 -10.0000
    outer loop
        vertex -3.6956 17.5308 -4.0000
        vertex -3.8636 17.0352 -4.0000
        vertex -3.8636 17.0352 -3.8000
    endloop
endfacet
facet normal -1.2390 40.4200 -10.0000
    outer loop
        vertex -3.8636 17.0352 -3.8000
        vertex -3.6956 17.5308 -3.8000
        vertex -3.6956 17.5308 -4.0000
    endloop
endfacet
facet normal -1.1730 40.5790 -10.0000
    outer loop
        vertex -3.4640 18.0000 -4.0000
        vertex -3.6956 17.5308 -4.0000
        vertex -3.6956 17.5308 -3.8000
    endloop
endfacet
facet normal -1.1730 40.5790 -10.0000
    outer loop
        vertex -3.6956 17.5308 -3.8000
        vertex -3.4640 18.0000 -3.8000
        vertex -3.4640 18.0000 -4.0000
    endloop
endfacet
facet normal -1.0880 40.7260 -10.0000
    outer loop
        vertex -3.1736 18.4352 -4.0000
        vertex -3.4640 18.0000 -4.0000
        vertex -3.4640 18.0000 -3.8000
    endloop
endfacet
facet normal -1.0880 40.7260 -10.0000
    outer loop
        vertex -3.4640 18.0000 -3.8000
        vertex -3.1736 18.4352 -3.8000
        vertex -3.1736 18.4352 -4.0000
    endloop
endfacet
facet normal -0.9830 40.8630 -10.0000
    outer loop
        vertex -2.8284 18.8284 -4.0000
        vertex -3.1736 18.4352 -4.0000
        vertex -3.1736 18.4352 -3.8000
    endloop
endfacet
facet normal -0.9830 40.8630 -10.0000
    outer loop
        vertex -3.1736 18.4352 -3.8000
        vertex -2.8284 18.8284 -3.8000
        vertex -2.8284 18.8284 -4.0000
    endloop
endfacet
facet normal -0.8630 40.9830 -10.0000
    outer loop
        vertex -2.4352 19.1736 -4.0000
        vertex -2.8284 18.8284 -4.0000
        vertex -2.8284 18.8284 -3.8000
    endloop
endfacet
facet normal -0.8630 40.9830 -10.0000
    outer loop
        vertex -2.8284 18.8284 -3.8000
        vertex -2.4352 19.1736 -3.8000
        vertex -2.4352 19.1736 -4.0000
    endloop
endfacet
facet normal -0.7260 41.0880 -10.0000
    outer loop
        vertex -2.0000 19.4640 -4.0000
        vertex -2.4352 19.1736 -4.0000
        vertex -2.4352 19.1736 -3.8000
    endloop
endfacet
facet normal -0.7260 41.0880 -10.0000
    outer loop
        vertex -2.4352 19.1736 -3.8000
        vertex -2.0000 19.4640 -3.8000
        vertex -2.0000 19.4640 -4.0000
    endloop
endfacet
facet normal -0.5790 41.1730 -10.0000
    outer loop
        vertex -1.5308 19.6956 -4.0000
        vertex -2.0000 19.4640 -4.0000
        vertex -2.0000 19.4640 -3.8000
    endloop
endfacet
facet normal -0.5790 41.1730 -10.0000
    outer loop
        vertex -2.0000 19.4640 -3.8000
        vertex -1.5308 19.6956 -3.8000
        vertex -1.5308 19.6956 -4.0000
    endloop
endfacet
facet normal -0.4200 41.2390 -10.0000
    outer loop
        vertex -1.0352 19.8636 -4.0000
        vertex -1.5308 19.6956 -4.0000
        vertex -1.5308 19.6956 -3.8000
    endloop
endfacet
facet normal -0.4200 41.2390 -10.0000
    outer loop
        vertex -1.5308 19.6956 -3.8000
        vertex -1.0352 19.8636 -3.8000
        vertex -1.0352 19.8636 -4.0000
    endloop
endfacet
facet normal -0.2550 41.2830 -10.0000
    outer loop
        vertex -0.5220 19.9656 -4.0000
        vertex -1.0352 19.8636 -4.0000
        vertex -1.0352 19.8636 -3.8000
    endloop
endfacet
facet normal -0.2550 41.2830 -10.0000
    outer loop
        vertex -1.0352 19.8636 -3.8000
        vertex -0.5220 19.9656 -3.8000
        vertex -0.5220 19.9656 -4.0000
    endloop
endfacet
facet normal -0.0860 41.3050 -10.0000
    outer loop
        vertex 0.0000 20.0000 -4.0000
        vertex -0.5220 19.9656 -4.0000
        vertex -0.5220 19.9656 -3.8000
    endloop
endfacet
facet normal -0.0860 41.3050 -10.0000
    outer loop
        vertex -0.5220 19.9656 -3.8000
        vertex 0.0000 20.0000 -3.8000
        vertex 0.0000 20.0000 -4.0000
    endloop
endfacet
facet normal 0.0860 41.3050 -10.0000
    outer loop
        vertex 0.5220 19.9656 -4.0000
        vertex 0.0000 20.0000 -4.0000
        vertex 0.0000 20.0000 -3.8000
    endloop
endfacet
facet normal 0.0860 41.3050 -10.0000
    outer loop
        vertex 0.0000 20.0000 -3.8000
        vertex 0.5220 19.9656 -3.8000
        vertex 0.5220 19.9656 -4.0000
    endloop
endfacet
facet normal 0.2550 41.2830 -10.0000
    outer loop
        vertex 1.0352 19.8636 -4.0000
        vertex 0.5220 19.9656 -4.0000
        vertex 0.5220 19.9656 -3.8000
    endloop
endfacet
facet normal 0.2550 41.2830 -10.0000
    outer loop
        vertex 0.5220 19.9656 -3.8000
        vertex 1.0352 19.8636 -3.8000
        vertex 1.0352 19.8636 -4.0000
    endloop
endfacet
facet normal 0.4200 41.2390 -10.0000
    outer loop
        vertex 1.5308 19.6956 -4.0000
        vertex 1.0352 19.8636 -4.0000
        vertex 1.0352 19.8636 -3.8000
    endloop
endfacet
facet normal 0.4200 41.2390 -10.0000
    outer loop
        vertex 1.0352 19.8636 -3.8000
        vertex 1.5308 19.6956 -3.8000
        vertex 1.5308 19.6956 -4.0000
    endloop
endfacet
facet normal 0.5790 41.1730 -10.0000
    outer loop
        vertex 2.0000 19.4640 -4.0000
        vertex 1.5308 19.6956 -4.0000
        vertex 1.5308 19.6956 -3.8000
    endloop
endfacet
facet normal 0.5790 41.1730 -10.0000
    outer loop
        vertex 1.5308 19.6956 -3.8000
        vertex 2.0000 19.4640 -3.8000
        vertex 2.0000 19.4640 -4.0000
    endloop
endfacet
facet normal 0.7260 41.0880 -10.0000
    outer loop
        vertex 2.4352 19.1736 -4.0000
        vertex 2.0000 19.4640 -4.0000
        vertex 2.0000 19.4640 -3.8000
    endloop
endfacet
facet normal 0.7260 41.0880 -10.0000
    outer loop
        vertex 2.0000 19.4640 -3.8000
        vertex 2.4352 19.1736 -3.8000
        vertex 2.4352 19.1736 -4.0000
    endloop
endfacet
facet normal 0.8630 40.9830 -10.0000
    outer loop
        vertex 2.8284 18.8284 -4.0000
        vertex 2.4352 19.1736 -4.0000
        vertex 2.4352 19.1736 -3.8000
    endloop
endfacet
facet normal 0.8630 40.9830 -10.0000
    outer loop
        vertex 2.4352 19.1736 -3.8000
        vertex 2.8284 18.8284 -3.8000
        vertex 2.8284 18.8284 -4.0000
    endloop
endfacet
facet normal 0.9830 40.8630 -10.0000
    outer loop
        vertex 3.1736 18.4352 -4.0000
        vertex 2.8284 18.8284 -4.0000
        vertex 2.8284 18.8284 -3.8000
    endloop
endfacet
facet normal 0.9830 40.8630 -10.0000
    outer loop
        vertex 2.8284 18.8284 -3.8000
        vertex 3.1736 18.4352 -3.8000
        vertex 3.1736 18.4352 -4.0000
    endloop
endfacet
facet normal 1.0880 40.7260 -10.0000
    outer loop
        vertex 3.4640 18.0000 -4.0000
        vertex 3.1736 18.4352 -4.0000
        vertex 3.1736 18.4352 -3.8000
    endloop
endfacet
facet normal 1.0880 40.7260 -10.0000
    outer loop
        vertex 3.1736 18.4352 -3.8000
        vertex 3.4640 18.0000 -3.8000
        vertex 3.4640 18.0000 -4.0000
    endloop
endfacet
facet normal 1.1730 40.5790 -10.0000
    outer loop
        vertex 3.6956 17.5308 -4.0000
        vertex 3.4640 18.0000 -4.0000
        vertex 3.4640 18.0000 -3.8000
    endloop
endfacet
facet normal 1.1730 40.5790 -10.0000
    outer loop
        vertex 3.4640 18.0000 -3.8000
        vertex 3.6956 17.5308 -3.8000
        vertex 3.6956 17.5308 -4.0000
    endloop
endfacet
facet normal 1.2390 40.4200 -10.0000
    outer loop
        vertex 3.8636 17.0352 -4.0000
        vertex 3.6956 17.5308 -4.0000
        vertex 3.6956 17.5308 -3.8000
    endloop
endfacet
facet normal 1.2390 40.4200 -10.0000
    outer loop
        vertex 3.6956 17.5308 -3.8000
        vertex 3.8636 17.0352 -3.8000
        vertex 3.8636 17.0352 -4.0000
    endloop
endfacet
facet normal 1.2830 40.2550 -10.0000
    outer loop
        vertex 3.9656 16.5220 -4.0000
        vertex 3.8636 17.0352 -4.0000
        vertex 3.8636 17.0352 -3.8000
    endloop
endfacet
facet normal 1.2830 40.2550 -10.0000
    outer loop
        vertex 3.8636 17.0352 -3.8000
        vertex 3.9656 16.5220 -3.8000
        vertex 3.9656 16.5220 -4.0000
    endloop
endfacet
facet normal 1.3050 40.0860 -10.0000
    outer loop
        vertex 4.0000 16.0000 -4.0000
        vertex 3.9656 16.5220 -4.0000
        vertex 3.9656 16.5220 -3.8000
    endloop
endfacet
facet normal 1.3050 40.0860 -10.0000
    outer loop
        vertex 3.9656 16.5220 -3.8000
        vertex 4.0000 16.0000 -3.8000
        vertex 4.0000 16.0000 -4.0000
    endloop
endfacet
facet normal 1.3050 39.9140 -10.0000
    outer loop
        vertex 3.9656 15.4780 -4.0000
        vertex 4.0000 16.0000 -4.0000
        vertex 4.0000 16.0000 -3.8000
    endloop
endfacet
facet normal 1.3050 39.9140 -10.0000
    outer loop
        vertex 4.0000 16.0000 -3.8000
        vertex 3.9656 15.4780 -3.8000
        vertex 3.9656 15.4780 -4.0000
    endloop
endfacet
facet normal 1.2830 39.7450 -10.0000
    outer loop
        vertex 3.8636 14.9648 -4.0000
        vertex 3.9656 15.4780 -4.0000
        vertex 3.9656 15.4780 -3.8000
    endloop
endfacet
facet normal 1.2830 39.7450 -10.0000
    outer loop
        vertex 3.9656 15.4780 -3.8000
        vertex 3.8636 14.9648 -3.8000
        vertex 3.8636 14.9648 -4.0000
    endloop
endfacet
facet normal 1.2390 39.5800 -10.0000
    outer loop
        vertex 3.6956 14.4692 -4.0000
        vertex 3.8636 14.9648 -4.0000
        vertex 3.8636 14.9648 -3.8000
    endloop
endfacet
facet normal 1.2390 39.5800 -10.0000
    outer loop
        vertex 3.8636 14.9648 -3.8000
        vertex 3.6956 14.4692 -3.8000
        vertex 3.6956 14.4692 -4.0000
    endloop
endfacet
facet normal 1.1730 39.4210 -10.0000
    outer loop
        vertex 3.4640 14.0000 -4.0000
        vertex 3.6956 14.4692 -4.0000
        vertex 3.6956 14.4692 -3.8000
    endloop
endfacet
facet normal 1.1730 39.4210 -10.0000
    outer loop
        vertex 3.6956 14.4692 -3.8000
        vertex 3.4640 14.0000 -3.8000
        vertex 3.4640 14.0000 -4.0000
    endloop
endfacet
facet normal 1.0880 39.2740 -10.0000
    outer loop
        vertex 3.1736 13.5648 -4.0000
        vertex 3.4640 14.0000 -4.0000
        vertex 3.4640 14.0000 -3.8000
    endloop
endfacet
facet normal 1.0880 39.2740 -10.0000
    outer loop
        vertex 3.4640 14.0000 -3.8000
        vertex 3.1736 13.5648 -3.8000
        vertex 3.1736 13.5648 -4.0000
    endloop
endfacet
facet normal 0.9830 39.1370 -10.0000
    outer loop
        vertex 2.8284 13.1716 -4.0000
        vertex 3.1736 13.5648 -4.0000
        vertex 3.1736 13.5648 -3.8000
    endloop
endfacet
facet normal 0.9830 39.1370 -10.0000
    outer loop
        vertex 3.1736 13.5648 -3.8000
        vertex 2.8284 13.1716 -3.8000
        vertex 2.8284 13.1716 -4.0000
    endloop
endfacet
facet normal 0.8630 39.0170 -10.0000
    outer loop
        vertex 2.4352 12.8264 -4.0000
        vertex 2.8284 13.1716 -4.0000
        vertex 2.8284 13.1716 -3.8000
    endloop
endfacet
facet normal 0.8630 39.0170 -10.0000
    outer loop
        vertex 2.8284 13.1716 -3.8000
        vertex 2.4352 12.8264 -3.8000
        vertex 2.4352 12.8264 -4.0000
    endloop
endfacet
facet normal 0.7260 38.9120 -10.0000
    outer loop
        vertex 2.0000 12.5360 -4.0000
        vertex 2.4352 12.8264 -4.0000
        vertex 2.4352 12.8264 -3.8000
    endloop
endfacet
facet normal 0.7260 38.9120 -10.0000
    outer loop
        vertex 2.4352 12.8264 -3.8000
        vertex 2.0000 12.5360 -3.8000
        vertex 2.0000 12.5360 -4.0000
    endloop
endfacet
facet normal 0.5790 38.8270 -10.0000
    outer loop
        vertex 1.5308 12.3044 -4.0000
        vertex 2.0000 12.5360 -4.0000
        vertex 2.0000 12.5360 -3.8000
    endloop
endfacet
facet normal 0.5790 38.8270 -10.0000
    outer loop
        vertex 2.0000 12.5360 -3.8000
        vertex 1.5308 12.3044 -3.8000
        vertex 1.5308 12.3044 -4.0000
    endloop
endfacet
facet normal 0.4200 38.7610 -10.0000
    outer loop
        vertex 1.0352 12.1364 -4.0000
        vertex 1.5308 12.3044 -4.0000
        vertex 1.5308 12.3044 -3.8000
    endloop
endfacet
facet normal 0.4200 38.7610 -10.0000
    outer loop
        vertex 1.5308 12.3044 -3.8000
        vertex 1.0352 12.1364 -3.8000
        vertex 1.0352 12.1364 -4.0000
    endloop
endfacet
facet normal 0.2550 38.7170 -10.0000
    outer loop
        vertex 0.5220 12.0344 -4.0000
        vertex 1.0352 12.1364 -4.0000
        vertex 1.0352 12.1364 -3.8000
    endloop
endfacet
facet normal 0.2550 38.7170 -10.0000
    outer loop
        vertex 1.0352 12.1364 -3.8000
        vertex 0.5220 12.0344 -3.8000
        vertex 0.5220 12.0344 -4.0000
    endloop
endfacet
facet normal 0.0860 38.6950 -10.0000
    outer loop
        vertex 0.0000 12.0000 -4.0000
        vertex 0.5220 12.0344 -4.0000
        vertex 0.5220 12.0344 -3.8000
    endloop
endfacet
facet normal 0.0860 38.6950 -10.0000
    outer loop
        vertex 0.5220 12.0344 -3.8000
        vertex 0.0000 12.0000 -3.8000
        vertex 0.0000 12.0000 -4.0000
    endloop
endfacet
facet normal -0.0860 38.6950 -10.0000
    outer loop
        vertex -0.5220 12.0344 -4.0000
        vertex 0.0000 12.0000 -4.0000
        vertex 0.0000 12.0000 -3.8000
    endloop
endfacet
facet normal -0.0860 38.6950 -10.0000
    outer loop
        vertex 0.0000 12.0000 -3.8000
        vertex -0.5220 12.0344 -3.8000
        vertex -0.5220 12.0344 -4.0000
    endloop
endfacet
facet normal -0.2550 38.7170 -10.0000
    outer loop
        vertex -1.0352 12.1364 -4.0000
        vertex -0.5220 12.0344 -4.0000
        vertex -0.5220 12.0344 -3.8000
    endloop
endfacet
facet normal -0.2550 38.7170 -10.0000
    outer loop
        vertex -0.5220 12.0344 -3.8000
        vertex -1.0352 12.1364 -3.8000
        vertex -1.0352 12.1364 -4.0000
    endloop
endfacet
facet normal -0.4200 38.7610 -10.0000
    outer loop
        vertex -1.5308 12.3044 -4.0000
        vertex -1.0352 12.1364 -4.0000
        vertex -1.0352 12.1364 -3.8000
    endloop
endfacet
facet normal -0.4200 38.7610 -10.0000
    outer loop
        vertex -1.0352 12.1364 -3.8000
        vertex -1.5308 12.3044 -3.8000
        vertex -1.5308 12.3044 -4.0000
    endloop
endfacet
facet normal -0.5790 38.8270 -10.0000
    outer loop
        vertex -2.0000 12.5360 -4.0000
        vertex -1.5308 12.3044 -4.0000
        vertex -1.5308 12.3044 -3.8000
    endloop
endfacet
facet normal -0.5790 38.8270 -10.0000
    outer loop
        vertex -1.5308 12.3044 -3.8000
        vertex -2.0000 12.5360 -3.8000
        vertex -2.0000 12.5360 -4.0000
    endloop
endfacet
facet normal -0.7260 38.9120 -10.0000
    outer loop
        vertex -2.4352 12.8264 -4.0000
        vertex -2.0000 12.5360 -4.0000
        vertex -2.0000 12.5360 -3.8000
    endloop
endfacet
facet normal -0.7260 38.9120 -10.0000
    outer loop
        vertex -2.0000 12.5360 -3.8000
        vertex -2.4352 12.8264 -3.8000
        vertex -2.4352 12.8264 -4.0000
    endloop
endfacet
facet normal -0.8630 39.0170 -10.0000
    outer loop
        vertex -2.8284 13.1716 -4.0000
        vertex -2.4352 12.8264 -4.0000
        vertex -2.4352 12.8264 -3.8000
    endloop
endfacet
facet normal -0.8630 39.0170 -10.0000
    outer loop
        vertex -2.4352 12.8264 -3.8000
        vertex -2.8284 13.1716 -3.8000
        vertex -2.8284 13.1716 -4.0000
    endloop
endfacet
facet normal -0.9830 39.1370 -10.0000
    outer loop
        vertex -3.1736 13.5648 -4.0000
        vertex -2.8284 13.1716 -4.0000
        vertex -2.8284 13.1716 -3.8000
    endloop
endfacet
facet normal -0.9830 39.1370 -10.0000
    outer loop
        vertex -2.8284 13.1716 -3.8000
        vertex -3.1736 13.5648 -3.8000
        vertex -3.1736 13.5648 -4.0000
    endloop
endfacet
facet normal -1.0880 39.2740 -10.0000
    outer loop
        vertex -3.4640 14.0000 -4.0000
        vertex -3.1736 13.5648 -4.0000
        vertex -3.1736 13.5648 -3.8000
    endloop
endfacet
facet normal -1.0880 39.2740 -10.0000
    outer loop
        vertex -3.1736 13.5648 -3.8000
        vertex -3.4640 14.0000 -3.8000
        vertex -3.4640 14.0000 -4.0000
    endloop
endfacet
facet normal -1.1730 39.4210 -10.0000
    outer loop
        vertex -3.6956 14.4692 -4.0000
        vertex -3.4640 14.0000 -4.0000
        vertex -3.4640 14.0000 -3.8000
    endloop
endfacet
facet normal -1.1730 39.4210 -10.0000
    outer loop
        vertex -3.4640 14.0000 -3.8000
        vertex -3.6956 14.4692 -3.8000
        vertex -3.6956 14.4692 -4.0000
    endloop
endfacet
facet normal -1.2390 39.5800 -10.0000
    outer loop
        vertex -3.8636 14.9648 -4.0000
        vertex -3.6956 14.4692 -4.0000
        vertex -3.6956 14.4692 -3.8000
    endloop
endfacet
facet normal -1.2390 39.5800 -10.0000
    outer loop
        vertex -3.6956 14.4692 -3.8000
        vertex -3.8636 14.9648 -3.8000
        vertex -3.8636 14.9648 -4.0000
    endloop
endfacet
facet normal -1.2830 39.7450 -10.0000
    outer loop
        vertex -3.9656 15.4780 -4.0000
        vertex -3.8636 14.9648 -4.0000
        vertex -3.8636 14.9648 -3.8000
    endloop
endfacet
facet normal -1.2830 39.7450 -10.0000
    outer loop
        vertex -3.8636 14.9648 -3.8000
        vertex -3.9656 15.4780 -3.8000
        vertex -3.9656 15.4780 -4.0000
    endloop
endfacet
facet normal -1.3050 39.9140 -10.0000
    outer loop
        vertex -4.0000 16.0000 -4.0000
        vertex -3.9656 15.4780 -4.0000
        vertex -3.9656 15.4780 -3.8000
    endloop
endfacet
facet normal -1.3050 39.9140 -10.0000
    outer loop
        vertex -3.9656 15.4780 -3.8000
        vertex -4.0000 16.0000 -3.8000
        vertex -4.0000 16.0000 -4.0000
    endloop
endfacet
facet normal 0.0000 40.0000 -8.6950
    outer loop
        vertex 4.0000 16.0000 -4.0000
        vertex 3.5690 16.4698 -4.0000
        vertex 3.9656 16.5220 -4.0000
    endloop
endfacet
facet normal 0.0000 40.0000 -8.8255
    outer loop
        vertex 3.5690 16.4698 -4.0000
        vertex 4.0000 16.0000 -4.0000
        vertex 3.6000 16.0000 -4.0000
    endloop
endfacet
facet normal 0.0000 40.0000 -8.6948
    outer loop
        vertex 3.9656 16.5220 -4.0000
        vertex 3.4772 16.9317 -4.0000
        vertex 3.8636 17.0352 -4.0000
    endloop
endfacet
facet normal 0.0000 40.0000 -8.8253
    outer loop
        vertex 3.4772 16.9317 -4.0000
        vertex 3.9656 16.5220 -4.0000
        vertex 3.5690 16.4698 -4.0000
    endloop
endfacet
facet normal 0.0000 40.0000 -8.6946
    outer loop
        vertex 3.8636 17.0352 -4.0000
        vertex 3.3260 17.3777 -4.0000
        vertex 3.6956 17.5308 -4.0000
    endloop
endfacet
facet normal 0.0000 40.0000 -8.8251
    outer loop
        vertex 3.3260 17.3777 -4.0000
        vertex 3.8636 17.0352 -4.0000
        vertex 3.4772 16.9317 -4.0000
    endloop
endfacet
facet normal 0.0000 40.0000 -8.6947
    outer loop
        vertex 3.6956 17.5308 -4.0000
        vertex 3.1176 17.8000 -4.0000
        vertex 3.4640 18.0000 -4.0000
    endloop
endfacet
facet normal 0.0000 40.0000 -8.8252
    outer loop
        vertex 3.1176 17.8000 -4.0000
        vertex 3.6956 17.5308 -4.0000
        vertex 3.3260 17.3777 -4.0000
    endloop
endfacet
facet normal 0.0000 40.0000 -8.6948
    outer loop
        vertex 3.4640 18.0000 -4.0000
        vertex 2.8562 18.1917 -4.0000
        vertex 3.1736 18.4352 -4.0000
    endloop
endfacet
facet normal 0.0000 40.0000 -8.8253
    outer loop
        vertex 2.8562 18.1917 -4.0000
        vertex 3.4640 18.0000 -4.0000
        vertex 3.1176 17.8000 -4.0000
    endloop
endfacet
facet normal 0.0000 40.0000 -8.6947
    outer loop
        vertex 3.1736 18.4352 -4.0000
        vertex 2.5456 18.5456 -4.0000
        vertex 2.8284 18.8284 -4.0000
    endloop
endfacet
facet normal 0.0000 40.0000 -8.8252
    outer loop
        vertex 2.5456 18.5456 -4.0000
        vertex 3.1736 18.4352 -4.0000
        vertex 2.8562 18.1917 -4.0000
    endloop
endfacet
facet normal 0.0000 40.0000 -8.6947
    outer loop
        vertex 2.8284 18.8284 -4.0000
        vertex 2.1917 18.8562 -4.0000
        vertex 2.4352 19.1736 -4.0000
    endloop
endfacet
facet normal 0.0000 40.0000 -8.8252
    outer loop
        vertex 2.1917 18.8562 -4.0000
        vertex 2.8284 18.8284 -4.0000
        vertex 2.5456 18.5456 -4.0000
    endloop
endfacet
facet normal 0.0000 40.0000 -8.6948
    outer loop
        vertex 2.4352 19.1736 -4.0000
        vertex 1.8000 19.1176 -4.0000
        vertex 2.0000 19.4640 -4.0000
    endloop
endfacet
facet normal 0.0000 40.0000 -8.8253
    outer loop
        vertex 1.8000 19.1176 -4.0000
        vertex 2.4352 19.1736 -4.0000
        vertex 2.1917 18.8562 -4.0000
    endloop
endfacet
facet normal 0.0000 40.0000 -8.6947
    outer loop
        vertex 2.0000 19.4640 -4.0000
        vertex 1.3777 19.3260 -4.0000
        vertex 1.5308 19.6956 -4.0000
    endloop
endfacet
facet normal 0.0000 40.0000 -8.8252
    outer loop
        vertex 1.3777 19.3260 -4.0000
        vertex 2.0000 19.4640 -4.0000
        vertex 1.8000 19.1176 -4.0000
    endloop
endfacet
facet normal 0.0000 40.0000 -8.6946
    outer loop
        vertex 1.5308 19.6956 -4.0000
        vertex 0.9317 19.4772 -4.0000
        vertex 1.0352 19.8636 -4.0000
    endloop
endfacet
facet normal 0.0000 40.0000 -8.8251
    outer loop
        vertex 0.9317 19.4772 -4.0000
        vertex 1.5308 19.6956 -4.0000
        vertex 1.3777 19.3260 -4.0000
    endloop
endfacet
facet normal 0.0000 40.0000 -8.6948
    outer loop
        vertex 1.0352 19.8636 -4.0000
        vertex 0.4698 19.5690 -4.0000
        vertex 0.5220 19.9656 -4.0000
    endloop
endfacet
facet normal 0.0000 40.0000 -8.8253
    outer loop
        vertex 0.4698 19.5690 -4.0000
        vertex 1.0352 19.8636 -4.0000
        vertex 0.9317 19.4772 -4.0000
    endloop
endfacet
facet normal 0.0000 40.0000 -8.6950
    outer loop
        vertex 0.5220 19.9656 -4.0000
        vertex 0.0000 19.6000 -4.0000
        vertex 0.0000 20.0000 -4.0000
    endloop
endfacet
facet normal 0.0000 40.0000 -8.8255
    outer loop
        vertex 0.0000 19.6000 -4.0000
        vertex 0.5220 19.9656 -4.0000
        vertex 0.4698 19.5690 -4.0000
    endloop
endfacet
facet normal 0.0000 40.0000 -8.6950
    outer loop
        vertex 0.0000 20.0000 -4.0000
        vertex -0.4698 19.5690 -4.0000
        vertex -0.5220 19.9656 -4.0000
    endloop
endfacet
facet normal 0.0000 40.0000 -8.8255
    outer loop
        vertex -0.4698 19.5690 -4.0000
        vertex 0.0000 20.0000 -4.0000
        vertex 0.0000 19.6000 -4.0000
    endloop
endfacet
facet normal 0.0000 40.0000 -8.6948
    outer loop
        vertex -0.5220 19.9656 -4.0000
        vertex -0.9317 19.4772 -4.0000
        vertex -1.0352 19.8636 -4.0000
    endloop
endfacet
facet normal 0.0000 40.0000 -8.8253
    outer loop
        vertex -0.9317 19.4772 -4.0000
        vertex -0.5220 19.9656 -4.0000
        vertex -0.4698 19.5690 -4.0000
    endloop
endfacet
facet normal 0.0000 40.0000 -8.6946
    outer loop
        vertex -1.0352 19.8636 -4.0000
        vertex -1.3777 19.3260 -4.0000
        vertex -1.5308 19.6956 -4.0000
    endloop
endfacet
facet normal 0.0000 40.0000 -8.8251
    outer loop
        vertex -1.3777 19.3260 -4.0000
        vertex -1.0352 19.8636 -4.0000
        vertex -0.9317 19.4772 -4.0000
    endloop
endfacet
facet normal 0.0000 40.0000 -8.6947
    outer loop
        vertex -1.5308 19.6956 -4.0000
        vertex -1.8000 19.1176 -4.0000
        vertex -2.0000 19.4640 -4.0000
    endloop
endfacet
facet normal 0.0000 40.0000 -8.8252
    outer loop
        vertex -1.8000 19.1176 -4.0000
        vertex -1.5308 19.6956 -4.0000
        vertex -1.3777 19.3260 -4.0000
    endloop
endfacet
facet normal 0.0000 40.0000 -8.6948
    outer loop
        vertex -2.0000 19.4640 -4.0000
        vertex -2.1917 18.8562 -4.0000
        vertex -2.4352 19.1736 -4.0000
    endloop
endfacet
facet normal 0.0000 40.0000 -8.8253
    outer loop
        vertex -2.1917 18.8562 -4.0000
        vertex -2.0000 19.4640 -4.0000
        vertex -1.8000 19.1176 -4.0000
    endloop
endfacet
facet normal 0.0000 40.0000 -8.6947
    outer loop
        vertex -2.4352 19.1736 -4.0000
        vertex -2.5456 18.5456 -4.0000
        vertex -2.8284 18.8284 -4.0000
    endloop
endfacet
facet normal 0.0000 40.0000 -8.8252
    outer loop
        vertex -2.5456 18.5456 -4.0000
        vertex -2.4352 19.1736 -4.0000
        vertex -2.1917 18.8562 -4.0000
    endloop
endfacet
facet normal 0.0000 40.0000 -8.6947
    outer loop
        vertex -2.8284 18.8284 -4.0000
        vertex -2.8562 18.1917 -4.0000
        vertex -3.1736 18.4352 -4.0000
    endloop
endfacet
facet normal 0.0000 40.0000 -8.8252
    outer loop
        vertex -2.8562 18.1917 -4.0000
        vertex -2.8284 18.8284 -4.0000
        vertex -2.5456 18.5456 -4.0000
    endloop
endfacet
facet normal 0.0000 40.0000 -8.6948
    outer loop
        vertex -3.1736 18.4352 -4.0000
        vertex -3.1176 17.8000 -4.0000
        vertex -3.4640 18.0000 -4.0000
    endloop
endfacet
facet normal 0.0000 40.0000 -8.8253
    outer loop
        vertex -3.1176 17.8000 -4.0000
        vertex -3.1736 18.4352 -4.0000
        vertex -2.8562 18.1917 -4.0000
    endloop
endfacet
facet normal 0.0000 40.0000 -8.6947
    outer loop
        vertex -3.4640 18.0000 -4.0000
        vertex -3.3260 17.3777 -4.0000
        vertex -3.6956 17.5308 -4.0000
    endloop
endfacet
facet normal 0.0000 40.0000 -8.8252
    outer loop
        vertex -3.3260 17.3777 -4.0000
        vertex -3.4640 18.0000 -4.0000
        vertex -3.1176 17.8000 -4.0000
    endloop
endfacet
facet normal 0.0000 40.0000 -8.6946
    outer loop
        vertex -3.6956 17.5308 -4.0000
        vertex -3.4772 16.9317 -4.0000
        vertex -3.8636 17.0352 -4.0000
    endloop
endfacet
facet normal 0.0000 40.0000 -8.8251
    outer loop
        vertex -3.4772 16.9317 -4.0000
        vertex -3.6956 17.5308 -4.0000
        vertex -3.3260 17.3777 -4.0000
    endloop
endfacet
facet normal 0.0000 40.0000 -8.6948
    outer loop
        vertex -3.8636 17.0352 -4.0000
        vertex -3.5690 16.4698 -4.0000
        vertex -3.9656 16.5220 -4.0000
    endloop
endfacet
facet normal 0.0000 40.0000 -8.8253
    outer loop
        vertex -3.5690 16.4698 -4.0000
        vertex -3.8636 17.0352 -4.0000
        vertex -3.4772 16.9317 -4.0000
    endloop
endfacet
facet normal 0.0000 40.0000 -8.6950
    outer loop
        vertex -3.9656 16.5220 -4.0000
        vertex -3.6000 16.0000 -4.0000
        vertex -4.0000 16.0000 -4.0000
    endloop
endfacet
facet normal 0.0000 40.0000 -8.8255
    outer loop
        vertex -3.6000 16.0000 -4.0000
        vertex -3.9656 16.5220 -4.0000
        vertex -3.5690 16.4698 -4.0000
    endloop
endfacet
facet normal 0.0000 40.0000 -8.6950
    outer loop
        vertex -4.0000 16.0000 -4.0000
        vertex -3.5690 15.5302 -4.0000
        vertex -3.9656 15.4780 -4.0000
    endloop
endfacet
facet normal 0.0000 40.0000 -8.8255
    outer loop
        vertex -3.5690 15.5302 -4.0000
        vertex -4.0000 16.0000 -4.0000
        vertex -3.6000 16.0000 -4.0000
    endloop
endfacet
facet normal 0.0000 40.0000 -8.6948
    outer loop
        vertex -3.9656 15.4780 -4.0000
        vertex -3.4772 15.0683 -4.0000
        vertex -3.8636 14.9648 -4.0000
    endloop
endfacet
facet normal 0.0000 40.0000 -8.8253
    outer loop
        vertex -3.4772 15.0683 -4.0000
        vertex -3.9656 15.4780 -4.0000
        vertex -3.5690 15.5302 -4.0000
    endloop
endfacet
facet normal 0.0000 40.0000 -8.6946
    outer loop
        vertex -3.8636 14.9648 -4.0000
        vertex -3.3260 14.6223 -4.0000
        vertex -3.6956 14.4692 -4.0000
    endloop
endfacet
facet normal 0.0000 40.0000 -8.8251
    outer loop
        vertex -3.3260 14.6223 -4.0000
        vertex -3.8636 14.9648 -4.0000
        vertex -3.4772 15.0683 -4.0000
    endloop
endfacet
facet normal 0.0000 40.0000 -8.6947
    outer loop
        vertex -3.6956 14.4692 -4.0000
        vertex -3.1176 14.2000 -4.0000
        vertex -3.4640 14.0000 -4.0000
    endloop
endfacet
facet normal 0.0000 40.0000 -8.8252
    outer loop
        vertex -3.1176 14.2000 -4.0000
        vertex -3.6956 14.4692 -4.0000
        vertex -3.3260 14.6223 -4.0000
    endloop
endfacet
facet normal 0.0000 40.0000 -8.6948
    outer loop
        vertex -3.4640 14.0000 -4.0000
        vertex -2.8562 13.8083 -4.0000
        vertex -3.1736 13.5648 -4.0000
    endloop
endfacet
facet normal 0.0000 40.0000 -8.8253
    outer loop
        vertex -2.8562 13.8083 -4.0000
        vertex -3.4640 14.0000 -4.0000
        vertex -3.1176 14.2000 -4.0000
    endloop
endfacet
facet normal 0.0000 40.0000 -8.6947
    outer loop
        vertex -3.1736 13.5648 -4.0000
        vertex -2.5456 13.4544 -4.0000
        vertex -2.8284 13.1716 -4.0000
    endloop
endfacet
facet normal 0.0000 40.0000 -8.8252
    outer loop
        vertex -2.5456 13.4544 -4.0000
        vertex -3.1736 13.5648 -4.0000
        vertex -2.8562 13.8083 -4.0000
    endloop
endfacet
facet normal 0.0000 40.0000 -8.6947
    outer loop
        vertex -2.8284 13.1716 -4.0000
        vertex -2.1917 13.1438 -4.0000
        vertex -2.4352 12.8264 -4.0000
    endloop
endfacet
facet normal 0.0000 40.0000 -8.8252
    outer loop
        vertex -2.1917 13.1438 -4.0000
        vertex -2.8284 13.1716 -4.0000
        vertex -2.5456 13.4544 -4.0000
    endloop
endfacet
facet normal 0.0000 40.0000 -8.6948
    outer loop
        vertex -2.4352 12.8264 -4.0000
        vertex -1.8000 12.8824 -4.0000
        vertex -2.0000 12.5360 -4.0000
    endloop
endfacet
facet normal 0.0000 40.0000 -8.8253
    outer loop
        vertex -1.8000 12.8824 -4.0000
        vertex -2.4352 12.8264 -4.0000
        vertex -2.1917 13.1438 -4.0000
    endloop
endfacet
facet normal 0.0000 40.0000 -8.6947
    outer loop
        vertex -2.0000 12.5360 -4.0000
        vertex -1.3777 12.6740 -4.0000
        vertex -1.5308 12.3044 -4.0000
    endloop
endfacet
facet normal 0.0000 40.0000 -8.8252
    outer loop
        vertex -1.3777 12.6740 -4.0000
        vertex -2.0000 12.5360 -4.0000
        vertex -1.8000 12.8824 -4.0000
    endloop
endfacet
facet normal 0.0000 40.0000 -8.6946
    outer loop
        vertex -1.5308 12.3044 -4.0000
        vertex -0.9317 12.5228 -4.0000
        vertex -1.0352 12.1364 -4.0000
    endloop
endfacet
facet normal 0.0000 40.0000 -8.8251
    outer loop
        vertex -0.9317 12.5228 -4.0000
        vertex -1.5308 12.3044 -4.0000
        vertex -1.3777 12.6740 -4.0000
    endloop
endfacet
facet normal 0.0000 40.0000 -8.6948
    outer loop
        vertex -1.0352 12.1364 -4.0000
        vertex -0.4698 12.4310 -4.0000
        vertex -0.5220 12.0344 -4.0000
    endloop
endfacet
facet normal 0.0000 40.0000 -8.8253
    outer loop
        vertex -0.4698 12.4310 -4.0000
        vertex -1.0352 12.1364 -4.0000
        vertex -0.9317 12.5228 -4.0000
    endloop
endfacet
facet normal 0.0000 40.0000 -8.6950
    outer loop
        vertex -0.5220 12.0344 -4.0000
        vertex 0.0000 12.4000 -4.0000
        vertex 0.0000 12.0000 -4.0000
    endloop
endfacet
facet normal 0.0000 40.0000 -8.8255
    outer loop
        vertex 0.0000 12.4000 -4.0000
        vertex -0.5220 12.0344 -4.0000
        vertex -0.4698 12.4310 -4.0000
    endloop
endfacet
facet normal 0.0000 40.0000 -8.6950
    outer loop
        vertex 0.0000 12.0000 -4.0000
        vertex 0.4698 12.4310 -4.0000
        vertex 0.5220 12.0344 -4.0000
    endloop
endfacet
facet normal 0.0000 40.0000 -8.8255
    outer loop
        vertex 0.4698 12.4310 -4.0000
        vertex 0.0000 12.0000 -4.0000
        vertex 0.0000 12.4000 -4.0000
    endloop
endfacet
facet normal 0.0000 40.0000 -8.6948
    outer loop
        vertex 0.5220 12.0344 -4.0000
        vertex 0.9317 12.5228 -4.0000
        vertex 1.0352 12.1364 -4.0000
    endloop
endfacet
facet normal 0.0000 40.0000 -8.8253
    outer loop
        vertex 0.9317 12.5228 -4.0000
        vertex 0.5220 12.0344 -4.0000
        vertex 0.4698 12.4310 -4.0000
    endloop
endfacet
facet normal 0.0000 40.0000 -8.6946
    outer loop
        vertex 1.0352 12.1364 -4.0000
        vertex 1.3777 12.6740 -4.0000
        vertex 1.5308 12.3044 -4.0000
    endloop
endfacet
facet normal 0.0000 40.0000 -8.8251
    outer loop
        vertex 1.3777 12.6740 -4.0000
        vertex 1.0352 12.1364 -4.0000
        vertex 0.9317 12.5228 -4.0000
    endloop
endfacet
facet normal 0.0000 40.0000 -8.6947
    outer loop
        vertex 1.5308 12.3044 -4.0000
        vertex 1.8000 12.8824 -4.0000
        vertex 2.0000 12.5360 -4.0000
    endloop
endfacet
facet normal 0.0000 40.0000 -8.8252
    outer loop
        vertex 1.8000 12.8824 -4.0000
        vertex 1.5308 12.3044 -4.0000
        vertex 1.3777 12.6740 -4.0000
    endloop
endfacet
facet normal 0.0000 40.0000 -8.6948
    outer loop
        vertex 2.0000 12.5360 -4.0000
        vertex 2.1917 13.1438 -4.0000
        vertex 2.4352 12.8264 -4.0000
    endloop
endfacet
facet normal 0.0000 40.0000 -8.8253
    outer loop
        vertex 2.1917 13.1438 -4.0000
        vertex 2.0000 12.5360 -4.0000
        vertex 1.8000 12.8824 -4.0000
    endloop
endfacet
facet normal 0.0000 40.0000 -8.6947
    outer loop
        vertex 2.4352 12.8264 -4.0000
        vertex 2.5456 13.4544 -4.0000
        vertex 2.8284 13.1716 -4.0000
    endloop
endfacet
facet normal 0.0000 40.0000 -8.8252
    outer loop
        vertex 2.5456 13.4544 -4.0000
        vertex 2.4352 12.8264 -4.0000
        vertex 2.1917 13.1438 -4.0000
    endloop
endfacet
facet normal 0.0000 40.0000 -8.6947
    outer loop
        vertex 2.8284 13.1716 -4.0000
        vertex 2.8562 13.8083 -4.0000
        vertex 3.1736 13.5648 -4.0000
    endloop
endfacet
facet normal 0.0000 40.0000 -8.8252
    outer loop
        vertex 2.8562 13.8083 -4.0000
        vertex 2.8284 13.1716 -4.0000
        vertex 2.5456 13.4544 -4.0000
    endloop
endfacet
facet normal 0.0000 40.0000 -8.6948
    outer loop
        vertex 3.1736 13.5648 -4.0000
        vertex 3.1176 14.2000 -4.0000
        vertex 3.4640 14.0000 -4.0000
    endloop
endfacet
facet normal 0.0000 40.0000 -8.8253
    outer loop
        vertex 3.1176 14.2000 -4.0000
        vertex 3.1736 13.5648 -4.0000
        vertex 2.8562 13.8083 -4.0000
    endloop
endfacet
facet normal 0.0000 40.0000 -8.6947
    outer loop
        vertex 3.4640 14.0000 -4.0000
        vertex 3.3260 14.6223 -4.0000
        vertex 3.6956 14.4692 -4.0000
    endloop
endfacet
facet normal 0.0000 40.0000 -8.8252
    outer loop
        vertex 3.3260 14.6223 -4.0000
        vertex 3.4640 14.0000 -4.0000
        vertex 3.1176 14.2000 -4.0000
    endloop
endfacet
facet normal 0.0000 40.0000 -8.6946
    outer loop
        vertex 3.6956 14.4692 -4.0000
        vertex 3.4772 15.0683 -4.0000
        vertex 3.8636 14.9648 -4.0000
    endloop
endfacet
facet normal 0.0000 40.0000 -8.8251
    outer loop
        vertex 3.4772 15.0683 -4.0000
        vertex 3.6956 14.4692 -4.0000
        vertex 3.3260 14.6223 -4.0000
    endloop
endfacet
facet normal 0.0000 40.0000 -8.6948
    outer loop
        vertex 3.8636 14.9648 -4.0000
        vertex 3.5690 15.5302 -4.0000
        vertex 3.9656 15.4780 -4.0000
    endloop
endfacet
facet normal 0.0000 40.0000 -8.8253
    outer loop
        vertex 3.5690 15.5302 -4.0000
        vertex 3.8636 14.9648 -4.0000
        vertex 3.4772 15.0683 -4.0000
    endloop
endfacet
facet normal 0.0000 40.0000 -8.6950
    outer loop
        vertex 3.9656 15.4780 -4.0000
        vertex 3.6000 16.0000 -4.0000
        vertex 4.0000 16.0000 -4.0000
    endloop
endfacet
facet normal 0.0000 40.0000 -8.8255
    outer loop
        vertex 3.6000 16.0000 -4.0000
        vertex 3.9656 15.4780 -4.0000
        vertex 3.5690 15.5302 -4.0000
    endloop
endfacet
facet normal 0.0000 40.0000 -7.4780
    outer loop
        vertex -3.2000 16.0000 -3.2000
        vertex -2.3794 16.3132 -3.2000
        vertex -3.1725 16.4176 -3.2000
    endloop
endfacet
facet normal 0.0000 40.0000 -7.6085
    outer loop
        vertex -2.3794 16.3132 -3.2000
        vertex -3.2000 16.0000 -3.2000
        vertex -2.4000 16.0000 -3.2000
    endloop
endfacet
facet normal 0.0000 40.0000 -7.4779
    outer loop
        vertex -3.1725 16.4176 -3.2000
        vertex -2.3182 16.6211 -3.2000
        vertex -3.0909 16.8282 -3.2000
    endloop
endfacet
facet normal 0.0000 40.0000 -7.6084
    outer loop
        vertex -2.3182 16.6211 -3.2000
        vertex -3.1725 16.4176 -3.2000
        vertex -2.3794 16.3132 -3.2000
    endloop
endfacet
facet normal 0.0000 40.0000 -7.4778
    outer loop
        vertex -3.0909 16.8282 -3.2000
        vertex -2.2174 16.9185 -3.2000
        vertex -2.9565 17.2246 -3.2000
    endloop
endfacet
facet normal 0.0000 40.0000 -7.6084
    outer loop
        vertex -2.2174 16.9185 -3.2000
        vertex -3.0909 16.8282 -3.2000
        vertex -2.3182 16.6211 -3.2000
    endloop
endfacet
facet normal 0.0000 40.0000 -7.4779
    outer loop
        vertex -2.9565 17.2246 -3.2000
        vertex -2.0784 17.2000 -3.2000
        vertex -2.7712 17.6000 -3.2000
    endloop
endfacet
facet normal 0.0000 40.0000 -7.6084
    outer loop
        vertex -2.0784 17.2000 -3.2000
        vertex -2.9565 17.2246 -3.2000
        vertex -2.2174 16.9185 -3.2000
    endloop
endfacet
facet normal 0.0000 40.0000 -7.4779
    outer loop
        vertex -2.7712 17.6000 -3.2000
        vertex -1.9042 17.4611 -3.2000
        vertex -2.5389 17.9482 -3.2000
    endloop
endfacet
facet normal 0.0000 40.0000 -7.6084
    outer loop
        vertex -1.9042 17.4611 -3.2000
        vertex -2.7712 17.6000 -3.2000
        vertex -2.0784 17.2000 -3.2000
    endloop
endfacet
facet normal 0.0000 40.0000 -7.4779
    outer loop
        vertex -2.5389 17.9482 -3.2000
        vertex -1.6970 17.6970 -3.2000
        vertex -2.2627 18.2627 -3.2000
    endloop
endfacet
facet normal 0.0000 40.0000 -7.6084
    outer loop
        vertex -1.6970 17.6970 -3.2000
        vertex -2.5389 17.9482 -3.2000
        vertex -1.9042 17.4611 -3.2000
    endloop
endfacet
facet normal 0.0000 40.0000 -7.4779
    outer loop
        vertex -2.2627 18.2627 -3.2000
        vertex -1.4611 17.9042 -3.2000
        vertex -1.9482 18.5389 -3.2000
    endloop
endfacet
facet normal 0.0000 40.0000 -7.6084
    outer loop
        vertex -1.4611 17.9042 -3.2000
        vertex -2.2627 18.2627 -3.2000
        vertex -1.6970 17.6970 -3.2000
    endloop
endfacet
facet normal 0.0000 40.0000 -7.4779
    outer loop
        vertex -1.9482 18.5389 -3.2000
        vertex -1.2000 18.0784 -3.2000
        vertex -1.6000 18.7712 -3.2000
    endloop
endfacet
facet normal 0.0000 40.0000 -7.6084
    outer loop
        vertex -1.2000 18.0784 -3.2000
        vertex -1.9482 18.5389 -3.2000
        vertex -1.4611 17.9042 -3.2000
    endloop
endfacet
facet normal 0.0000 40.0000 -7.4779
    outer loop
        vertex -1.6000 18.7712 -3.2000
        vertex -0.9185 18.2174 -3.2000
        vertex -1.2246 18.9565 -3.2000
    endloop
endfacet
facet normal 0.0000 40.0000 -7.6084
    outer loop
        vertex -0.9185 18.2174 -3.2000
        vertex -1.6000 18.7712 -3.2000
        vertex -1.2000 18.0784 -3.2000
    endloop
endfacet
facet normal 0.0000 40.0000 -7.4778
    outer loop
        vertex -1.2246 18.9565 -3.2000
        vertex -0.6211 18.3182 -3.2000
        vertex -0.8282 19.0909 -3.2000
    endloop
endfacet
facet normal 0.0000 40.0000 -7.6084
    outer loop
        vertex -0.6211 18.3182 -3.2000
        vertex -1.2246 18.9565 -3.2000
        vertex -0.9185 18.2174 -3.2000
    endloop
endfacet
facet normal 0.0000 40.0000 -7.4779
    outer loop
        vertex -0.8282 19.0909 -3.2000
        vertex -0.3132 18.3794 -3.2000
        vertex -0.4176 19.1725 -3.2000
    endloop
endfacet
facet normal 0.0000 40.0000 -7.6084
    outer loop
        vertex -0.3132 18.3794 -3.2000
        vertex -0.8282 19.0909 -3.2000
        vertex -0.6211 18.3182 -3.2000
    endloop
endfacet
facet normal 0.0000 40.0000 -7.4780
    outer loop
        vertex -0.4176 19.1725 -3.2000
        vertex 0.0000 18.4000 -3.2000
        vertex 0.0000 19.2000 -3.2000
    endloop
endfacet
facet normal 0.0000 40.0000 -7.6085
    outer loop
        vertex 0.0000 18.4000 -3.2000
        vertex -0.4176 19.1725 -3.2000
        vertex -0.3132 18.3794 -3.2000
    endloop
endfacet
facet normal 0.0000 40.0000 -7.4780
    outer loop
        vertex 0.0000 19.2000 -3.2000
        vertex 0.3132 18.3794 -3.2000
        vertex 0.4176 19.1725 -3.2000
    endloop
endfacet
facet normal 0.0000 40.0000 -7.6085
    outer loop
        vertex 0.3132 18.3794 -3.2000
        vertex 0.0000 19.2000 -3.2000
        vertex 0.0000 18.4000 -3.2000
    endloop
endfacet
facet normal 0.0000 40.0000 -7.4779
    outer loop
        vertex 0.4176 19.1725 -3.2000
        vertex 0.6211 18.3182 -3.2000
        vertex 0.8282 19.0909 -3.2000
    endloop
endfacet
facet normal 0.0000 40.0000 -7.6084
    outer loop
        vertex 0.6211 18.3182 -3.2000
        vertex 0.4176 19.1725 -3.2000
        vertex 0.3132 18.3794 -3.2000
    endloop
endfacet
facet normal 0.0000 40.0000 -7.4778
    outer loop
        vertex 0.8282 19.0909 -3.2000
        vertex 0.9185 18.2174 -3.2000
        vertex 1.2246 18.9565 -3.2000
    endloop
endfacet
facet normal 0.0000 40.0000 -7.6084
    outer loop
        vertex 0.9185 18.2174 -3.2000
        vertex 0.8282 19.0909 -3.2000
        vertex 0.6211 18.3182 -3.2000
    endloop
endfacet
facet normal 0.0000 40.0000 -7.4779
    outer loop
        vertex 1.2246 18.9565 -3.2000
        vertex 1.2000 18.0784 -3.2000
        vertex 1.6000 18.7712 -3.2000
    endloop
endfacet
facet normal 0.0000 40.0000 -7.6084
    outer loop
        vertex 1.2000 18.0784 -3.2000
        vertex 1.2246 18.9565 -3.2000
        vertex 0.9185 18.2174 -3.2000
    endloop
endfacet
facet normal 0.0000 40.0000 -7.4779
    outer loop
        vertex 1.6000 18.7712 -3.2000
        vertex 1.4611 17.9042 -3.2000
        vertex 1.9482 18.5389 -3.2000
    endloop
endfacet
facet normal 0.0000 40.0000 -7.6084
    outer loop
        vertex 1.4611 17.9042 -3.2000
        vertex 1.6000 18.7712 -3.2000
        vertex 1.2000 18.0784 -3.2000
    endloop
endfacet
facet normal 0.0000 40.0000 -7.4779
    outer loop
        vertex 1.9482 18.5389 -3.2000
        vertex 1.6970 17.6970 -3.2000
        vertex 2.2627 18.2627 -3.2000
    endloop
endfacet
facet normal 0.0000 40.0000 -7.6084
    outer loop
        vertex 1.6970 17.6970 -3.2000
        vertex 1.9482 18.5389 -3.2000
        vertex 1.4611 17.9042 -3.2000
    endloop
endfacet
facet normal 0.0000 40.0000 -7.4779
    outer loop
        vertex 2.2627 18.2627 -3.2000
        vertex 1.9042 17.4611 -3.2000
        vertex 2.5389 17.9482 -3.2000
    endloop
endfacet
facet normal 0.0000 40.0000 -7.6084
    outer loop
        vertex 1.9042 17.4611 -3.2000
        vertex 2.2627 18.2627 -3.2000
        vertex 1.6970 17.6970 -3.2000
    endloop
endfacet
facet normal 0.0000 40.0000 -7.4779
    outer loop
        vertex 2.5389 17.9482 -3.2000
        vertex 2.0784 17.2000 -3.2000
        vertex 2.7712 17.6000 -3.2000
    endloop
endfacet
facet normal 0.0000 40.0000 -7.6084
    outer loop
        vertex 2.0784 17.2000 -3.2000
        vertex 2.5389 17.9482 -3.2000
        vertex 1.9042 17.4611 -3.2000
    endloop
endfacet
facet normal 0.0000 40.0000 -7.4779
    outer loop
        vertex 2.7712 17.6000 -3.2000
        vertex 2.2174 16.9185 -3.2000
        vertex 2.9565 17.2246 -3.2000
    endloop
endfacet
facet normal 0.0000 40.0000 -7.6084
    outer loop
        vertex 2.2174 16.9185 -3.2000
        vertex 2.7712 17.6000 -3.2000
        vertex 2.0784 17.2000 -3.2000
    endloop
endfacet
facet normal 0.0000 40.0000 -7.4778
    outer loop
        vertex 2.9565 17.2246 -3.2000
        vertex 2.3182 16.6211 -3.2000
        vertex 3.0909 16.8282 -3.2000
    endloop
endfacet
facet normal 0.0000 40.0000 -7.6084
    outer loop
        vertex 2.3182 16.6211 -3.2000
        vertex 2.9565 17.2246 -3.2000
        vertex 2.2174 16.9185 -3.2000
    endloop
endfacet
facet normal 0.0000 40.0000 -7.4779
    outer loop
        vertex 3.0909 16.8282 -3.2000
        vertex 2.3794 16.3132 -3.2000
        vertex 3.1725 16.4176 -3.2000
    endloop
endfacet
facet normal 0.0000 40.0000 -7.6084
    outer loop
        vertex 2.3794 16.3132 -3.2000
        vertex 3.0909 16.8282 -3.2000
        vertex 2.3182 16.6211 -3.2000
    endloop
endfacet
facet normal 0.0000 40.0000 -7.4780
    outer loop
        vertex 3.1725 16.4176 -3.2000
        vertex 2.4000 16.0000 -3.2000
        vertex 3.2000 16.0000 -3.2000
    endloop
endfacet
facet normal 0.0000 40.0000 -7.6085
    outer loop
        vertex 2.4000 16.0000 -3.2000
        vertex 3.1725 16.4176 -3.2000
        vertex 2.3794 16.3132 -3.2000
    endloop
endfacet
facet normal 0.0000 40.0000 -7.4780
    outer loop
        vertex 3.2000 16.0000 -3.2000
        vertex 2.3794 15.6868 -3.2000
        vertex 3.1725 15.5824 -3.2000
    endloop
endfacet
facet normal 0.0000 40.0000 -7.6085
    outer loop
        vertex 2.3794 15.6868 -3.2000
        vertex 3.2000 16.0000 -3.2000
        vertex 2.4000 16.0000 -3.2000
    endloop
endfacet
facet normal 0.0000 40.0000 -7.4779
    outer loop
        vertex 3.1725 15.5824 -3.2000
        vertex 2.3182 15.3789 -3.2000
        vertex 3.0909 15.1718 -3.2000
    endloop
endfacet
facet normal 0.0000 40.0000 -7.6084
    outer loop
        vertex 2.3182 15.3789 -3.2000
        vertex 3.1725 15.5824 -3.2000
        vertex 2.3794 15.6868 -3.2000
    endloop
endfacet
facet normal 0.0000 40.0000 -7.4778
    outer loop
        vertex 3.0909 15.1718 -3.2000
        vertex 2.2174 15.0815 -3.2000
        vertex 2.9565 14.7754 -3.2000
    endloop
endfacet
facet normal 0.0000 40.0000 -7.6084
    outer loop
        vertex 2.2174 15.0815 -3.2000
        vertex 3.0909 15.1718 -3.2000
        vertex 2.3182 15.3789 -3.2000
    endloop
endfacet
facet normal 0.0000 40.0000 -7.4779
    outer loop
        vertex 2.9565 14.7754 -3.2000
        vertex 2.0784 14.8000 -3.2000
        vertex 2.7712 14.4000 -3.2000
    endloop
endfacet
facet normal 0.0000 40.0000 -7.6084
    outer loop
        vertex 2.0784 14.8000 -3.2000
        vertex 2.9565 14.7754 -3.2000
        vertex 2.2174 15.0815 -3.2000
    endloop
endfacet
facet normal 0.0000 40.0000 -7.4779
    outer loop
        vertex 2.7712 14.4000 -3.2000
        vertex 1.9042 14.5389 -3.2000
        vertex 2.5389 14.0518 -3.2000
    endloop
endfacet
facet normal 0.0000 40.0000 -7.6084
    outer loop
        vertex 1.9042 14.5389 -3.2000
        vertex 2.7712 14.4000 -3.2000
        vertex 2.0784 14.8000 -3.2000
    endloop
endfacet
facet normal 0.0000 40.0000 -7.4779
    outer loop
        vertex 2.5389 14.0518 -3.2000
        vertex 1.6970 14.3030 -3.2000
        vertex 2.2627 13.7373 -3.2000
    endloop
endfacet
facet normal 0.0000 40.0000 -7.6084
    outer loop
        vertex 1.6970 14.3030 -3.2000
        vertex 2.5389 14.0518 -3.2000
        vertex 1.9042 14.5389 -3.2000
    endloop
endfacet
facet normal 0.0000 40.0000 -7.4779
    outer loop
        vertex 2.2627 13.7373 -3.2000
        vertex 1.4611 14.0958 -3.2000
        vertex 1.9482 13.4611 -3.2000
    endloop
endfacet
facet normal 0.0000 40.0000 -7.6084
    outer loop
        vertex 1.4611 14.0958 -3.2000
        vertex 2.2627 13.7373 -3.2000
        vertex 1.6970 14.3030 -3.2000
    endloop
endfacet
facet normal 0.0000 40.0000 -7.4779
    outer loop
        vertex 1.9482 13.4611 -3.2000
        vertex 1.2000 13.9216 -3.2000
        vertex 1.6000 13.2288 -3.2000
    endloop
endfacet
facet normal 0.0000 40.0000 -7.6084
    outer loop
        vertex 1.2000 13.9216 -3.2000
        vertex 1.9482 13.4611 -3.2000
        vertex 1.4611 14.0958 -3.2000
    endloop
endfacet
facet normal 0.0000 40.0000 -7.4779
    outer loop
        vertex 1.6000 13.2288 -3.2000
        vertex 0.9185 13.7826 -3.2000
        vertex 1.2246 13.0435 -3.2000
    endloop
endfacet
facet normal 0.0000 40.0000 -7.6084
    outer loop
        vertex 0.9185 13.7826 -3.2000
        vertex 1.6000 13.2288 -3.2000
        vertex 1.2000 13.9216 -3.2000
    endloop
endfacet
facet normal 0.0000 40.0000 -7.4778
    outer loop
        vertex 1.2246 13.0435 -3.2000
        vertex 0.6211 13.6818 -3.2000
        vertex 0.8282 12.9091 -3.2000
    endloop
endfacet
facet normal 0.0000 40.0000 -7.6084
    outer loop
        vertex 0.6211 13.6818 -3.2000
        vertex 1.2246 13.0435 -3.2000
        vertex 0.9185 13.7826 -3.2000
    endloop
endfacet
facet normal 0.0000 40.0000 -7.4779
    outer loop
        vertex 0.8282 12.9091 -3.2000
        vertex 0.3132 13.6206 -3.2000
        vertex 0.4176 12.8275 -3.2000
    endloop
endfacet
facet normal 0.0000 40.0000 -7.6084
    outer loop
        vertex 0.3132 13.6206 -3.2000
        vertex 0.8282 12.9091 -3.2000
        vertex 0.6211 13.6818 -3.2000
    endloop
endfacet
facet normal 0.0000 40.0000 -7.4780
    outer loop
        vertex 0.4176 12.8275 -3.2000
        vertex 0.0000 13.6000 -3.2000
        vertex 0.0000 12.8000 -3.2000
    endloop
endfacet
facet normal 0.0000 40.0000 -7.6085
    outer loop
        vertex 0.0000 13.6000 -3.2000
        vertex 0.4176 12.8275 -3.2000
        vertex 0.3132 13.6206 -3.2000
    endloop
endfacet
facet normal 0.0000 40.0000 -7.4780
    outer loop
        vertex 0.0000 12.8000 -3.2000
        vertex -0.3132 13.6206 -3.2000
        vertex -0.4176 12.8275 -3.2000
    endloop
endfacet
facet normal 0.0000 40.0000 -7.6085
    outer loop
        vertex -0.3132 13.6206 -3.2000
        vertex 0.0000 12.8000 -3.2000
        vertex 0.0000 13.6000 -3.2000
    endloop
endfacet
facet normal 0.0000 40.0000 -7.4779
    outer loop
        vertex -0.4176 12.8275 -3.2000
        vertex -0.6211 13.6818 -3.2000
        vertex -0.8282 12.9091 -3.2000
    endloop
endfacet
facet normal 0.0000 40.0000 -7.6084
    outer loop
        vertex -0.6211 13.6818 -3.2000
        vertex -0.4176 12.8275 -3.2000
        vertex -0.3132 13.6206 -3.2000
    endloop
endfacet
facet normal 0.0000 40.0000 -7.4778
    outer loop
        vertex -0.8282 12.9091 -3.2000
        vertex -0.9185 13.7826 -3.2000
        vertex -1.2246 13.0435 -3.2000
    endloop
endfacet
facet normal 0.0000 40.0000 -7.6084
    outer loop
        vertex -0.9185 13.7826 -3.2000
        vertex -0.8282 12.9091 -3.2000
        vertex -0.6211 13.6818 -3.2000
    endloop
endfacet
facet normal 0.0000 40.0000 -7.4779
    outer loop
        vertex -1.2246 13.0435 -3.2000
        vertex -1.2000 13.9216 -3.2000
        vertex -1.6000 13.2288 -3.2000
    endloop
endfacet
facet normal 0.0000 40.0000 -7.6084
    outer loop
        vertex -1.2000 13.9216 -3.2000
        vertex -1.2246 13.0435 -3.2000
        vertex -0.9185 13.7826 -3.2000
    endloop
endfacet
facet normal 0.0000 40.0000 -7.4779
    outer loop
        vertex -1.6000 13.2288 -3.2000
        vertex -1.4611 14.0958 -3.2000
        vertex -1.9482 13.4611 -3.2000
    endloop
endfacet
facet normal 0.0000 40.0000 -7.6084
    outer loop
        vertex -1.4611 14.0958 -3.2000
        vertex -1.6000 13.2288 -3.2000
        vertex -1.2000 13.9216 -3.2000
    endloop
endfacet
facet normal 0.0000 40.0000 -7.4779
    outer loop
        vertex -1.9482 13.4611 -3.2000
        vertex -1.6970 14.3030 -3.2000
        vertex -2.2627 13.7373 -3.2000
    endloop
endfacet
facet normal 0.0000 40.0000 -7.6084
    outer loop
        vertex -1.6970 14.3030 -3.2000
        vertex -1.9482 13.4611 -3.2000
        vertex -1.4611 14.0958 -3.2000
    endloop
endfacet
facet normal 0.0000 40.0000 -7.4779
    outer loop
        vertex -2.2627 13.7373 -3.2000
        vertex -1.9042 14.5389 -3.2000
        vertex -2.5389 14.0518 -3.2000
    endloop
endfacet
facet normal 0.0000 40.0000 -7.6084
    outer loop
        vertex -1.9042 14.5389 -3.2000
        vertex -2.2627 13.7373 -3.2000
        vertex -1.6970 14.3030 -3.2000
    endloop
endfacet
facet normal 0.0000 40.0000 -7.4779
    outer loop
        vertex -2.5389 14.0518 -3.2000
        vertex -2.0784 14.8000 -3.2000
        vertex -2.7712 14.4000 -3.2000
    endloop
endfacet
facet normal 0.0000 40.0000 -7.6084
    outer loop
        vertex -2.0784 14.8000 -3.2000
        vertex -2.5389 14.0518 -3.2000
        vertex -1.9042 14.5389 -3.2000
    endloop
endfacet
facet normal 0.0000 40.0000 -7.4779
    outer loop
        vertex -2.7712 14.4000 -3.2000
        vertex -2.2174 15.0815 -3.2000
        vertex -2.9565 14.7754 -3.2000
    endloop
endfacet
facet normal 0.0000 40.0000 -7.6084
    outer loop
        vertex -2.2174 15.0815 -3.2000
        vertex -2.7712 14.4000 -3.2000
        vertex -2.0784 14.8000 -3.2000
    endloop
endfacet
facet normal 0.0000 40.0000 -7.4778
    outer loop
        vertex -2.9565 14.7754 -3.2000
        vertex -2.3182 15.3789 -3.2000
        vertex -3.0909 15.1718 -3.2000
    endloop
endfacet
facet normal 0.0000 40.0000 -7.6084
    outer loop
        vertex -2.3182 15.3789 -3.2000
        vertex -2.9565 14.7754 -3.2000
        vertex -2.2174 15.0815 -3.2000
    endloop
endfacet
facet normal 0.0000 40.0000 -7.4779
    outer loop
        vertex -3.0909 15.1718 -3.2000
        vertex -2.3794 15.6868 -3.2000
        vertex -3.1725 15.5824 -3.2000
    endloop
endfacet
facet normal 0.0000 40.0000 -7.6084
    outer loop
        vertex -2.3794 15.6868 -3.2000
        vertex -3.0909 15.1718 -3.2000
        vertex -2.3182 15.3789 -3.2000
    endloop
endfacet
facet normal 0.0000 40.0000 -7.4780
    outer loop
        vertex -3.1725 15.5824 -3.2000
        vertex -2.4000 16.0000 -3.2000
        vertex -3.2000 16.0000 -3.2000
    endloop
endfacet
facet normal 0.0000 40.0000 -7.6085
    outer loop
        vertex -2.4000 16.0000 -3.2000
        vertex -3.1725 15.5824 -3.2000
        vertex -2.3794 15.6868 -3.2000
    endloop
endfacet
facet normal -1.0440 40.0688 -10.0000
    outer loop
        vertex -3.1725 16.4176 -4.0000
        vertex -3.2000 16.0000 -4.0000
        vertex -3.2000 16.0000 -3.2000
    endloop
endfacet
facet normal -1.0440 40.0688 -10.0000
    outer loop
        vertex -3.2000 16.0000 -3.2000
        vertex -3.1725 16.4176 -3.2000
        vertex -3.1725 16.4176 -4.0000
    endloop
endfacet
facet normal -1.0264 40.2040 -10.0000
    outer loop
        vertex -3.0909 16.8282 -4.0000
        vertex -3.1725 16.4176 -4.0000
        vertex -3.1725 16.4176 -3.2000
    endloop
endfacet
facet normal -1.0264 40.2040 -10.0000
    outer loop
        vertex -3.1725 16.4176 -3.2000
        vertex -3.0909 16.8282 -3.2000
        vertex -3.0909 16.8282 -4.0000
    endloop
endfacet
facet normal -0.9912 40.3360 -10.0000
    outer loop
        vertex -2.9565 17.2246 -4.0000
        vertex -3.0909 16.8282 -4.0000
        vertex -3.0909 16.8282 -3.2000
    endloop
endfacet
facet normal -0.9912 40.3360 -10.0000
    outer loop
        vertex -3.0909 16.8282 -3.2000
        vertex -2.9565 17.2246 -3.2000
        vertex -2.9565 17.2246 -4.0000
    endloop
endfacet
facet normal -0.9384 40.4632 -10.0000
    outer loop
        vertex -2.7712 17.6000 -4.0000
        vertex -2.9565 17.2246 -4.0000
        vertex -2.9565 17.2246 -3.2000
    endloop
endfacet
facet normal -0.9384 40.4632 -10.0000
    outer loop
        vertex -2.9565 17.2246 -3.2000
        vertex -2.7712 17.6000 -3.2000
        vertex -2.7712 17.6000 -4.0000
    endloop
endfacet
facet normal -0.8704 40.5808 -10.0000
    outer loop
        vertex -2.5389 17.9482 -4.0000
        vertex -2.7712 17.6000 -4.0000
        vertex -2.7712 17.6000 -3.2000
    endloop
endfacet
facet normal -0.8704 40.5808 -10.0000
    outer loop
        vertex -2.7712 17.6000 -3.2000
        vertex -2.5389 17.9482 -3.2000
        vertex -2.5389 17.9482 -4.0000
    endloop
endfacet
facet normal -0.7864 40.6904 -10.0000
    outer loop
        vertex -2.2627 18.2627 -4.0000
        vertex -2.5389 17.9482 -4.0000
        vertex -2.5389 17.9482 -3.2000
    endloop
endfacet
facet normal -0.7864 40.6904 -10.0000
    outer loop
        vertex -2.5389 17.9482 -3.2000
        vertex -2.2627 18.2627 -3.2000
        vertex -2.2627 18.2627 -4.0000
    endloop
endfacet
facet normal -0.6904 40.7864 -10.0000
    outer loop
        vertex -1.9482 18.5389 -4.0000
        vertex -2.2627 18.2627 -4.0000
        vertex -2.2627 18.2627 -3.2000
    endloop
endfacet
facet normal -0.6904 40.7864 -10.0000
    outer loop
        vertex -2.2627 18.2627 -3.2000
        vertex -1.9482 18.5389 -3.2000
        vertex -1.9482 18.5389 -4.0000
    endloop
endfacet
facet normal -0.5808 40.8704 -10.0000
    outer loop
        vertex -1.6000 18.7712 -4.0000
        vertex -1.9482 18.5389 -4.0000
        vertex -1.9482 18.5389 -3.2000
    endloop
endfacet
facet normal -0.5808 40.8704 -10.0000
    outer loop
        vertex -1.9482 18.5389 -3.2000
        vertex -1.6000 18.7712 -3.2000
        vertex -1.6000 18.7712 -4.0000
    endloop
endfacet
facet normal -0.4632 40.9384 -10.0000
    outer loop
        vertex -1.2246 18.9565 -4.0000
        vertex -1.6000 18.7712 -4.0000
        vertex -1.6000 18.7712 -3.2000
    endloop
endfacet
facet normal -0.4632 40.9384 -10.0000
    outer loop
        vertex -1.6000 18.7712 -3.2000
        vertex -1.2246 18.9565 -3.2000
        vertex -1.2246 18.9565 -4.0000
    endloop
endfacet
facet normal -0.3360 40.9912 -10.0000
    outer loop
        vertex -0.8282 19.0909 -4.0000
        vertex -1.2246 18.9565 -4.0000
        vertex -1.2246 18.9565 -3.2000
    endloop
endfacet
facet normal -0.3360 40.9912 -10.0000
    outer loop
        vertex -1.2246 18.9565 -3.2000
        vertex -0.8282 19.0909 -3.2000
        vertex -0.8282 19.0909 -4.0000
    endloop
endfacet
facet normal -0.2040 41.0264 -10.0000
    outer loop
        vertex -0.4176 19.1725 -4.0000
        vertex -0.8282 19.0909 -4.0000
        vertex -0.8282 19.0909 -3.2000
    endloop
endfacet
facet normal -0.2040 41.0264 -10.0000
    outer loop
        vertex -0.8282 19.0909 -3.2000
        vertex -0.4176 19.1725 -3.2000
        vertex -0.4176 19.1725 -4.0000
    endloop
endfacet
facet normal -0.0688 41.0440 -10.0000
    outer loop
        vertex 0.0000 19.2000 -4.0000
        vertex -0.4176 19.1725 -4.0000
        vertex -0.4176 19.1725 -3.2000
    endloop
endfacet
facet normal -0.0688 41.0440 -10.0000
    outer loop
        vertex -0.4176 19.1725 -3.2000
        vertex 0.0000 19.2000 -3.2000
        vertex 0.0000 19.2000 -4.0000
    endloop
endfacet
facet normal 0.0688 41.0440 -10.0000
    outer loop
        vertex 0.4176 19.1725 -4.0000
        vertex 0.0000 19.2000 -4.0000
        vertex 0.0000 19.2000 -3.2000
    endloop
endfacet
facet normal 0.0688 41.0440 -10.0000
    outer loop
        vertex 0.0000 19.2000 -3.2000
        vertex 0.4176 19.1725 -3.2000
        vertex 0.4176 19.1725 -4.0000
    endloop
endfacet
facet normal 0.2040 41.0264 -10.0000
    outer loop
        vertex 0.8282 19.0909 -4.0000
        vertex 0.4176 19.1725 -4.0000
        vertex 0.4176 19.1725 -3.2000
    endloop
endfacet
facet normal 0.2040 41.0264 -10.0000
    outer loop
        vertex 0.4176 19.1725 -3.2000
        vertex 0.8282 19.0909 -3.2000
        vertex 0.8282 19.0909 -4.0000
    endloop
endfacet
facet normal 0.3360 40.9912 -10.0000
    outer loop
        vertex 1.2246 18.9565 -4.0000
        vertex 0.8282 19.0909 -4.0000
        vertex 0.8282 19.0909 -3.2000
    endloop
endfacet
facet normal 0.3360 40.9912 -10.0000
    outer loop
        vertex 0.8282 19.0909 -3.2000
        vertex 1.2246 18.9565 -3.2000
        vertex 1.2246 18.9565 -4.0000
    endloop
endfacet
facet normal 0.4632 40.9384 -10.0000
    outer loop
        vertex 1.6000 18.7712 -4.0000
        vertex 1.2246 18.9565 -4.0000
        vertex 1.2246 18.9565 -3.2000
    endloop
endfacet
facet normal 0.4632 40.9384 -10.0000
    outer loop
        vertex 1.2246 18.9565 -3.2000
        vertex 1.6000 18.7712 -3.2000
        vertex 1.6000 18.7712 -4.0000
    endloop
endfacet
facet normal 0.5808 40.8704 -10.0000
    outer loop
        vertex 1.9482 18.5389 -4.0000
        vertex 1.6000 18.7712 -4.0000
        vertex 1.6000 18.7712 -3.2000
    endloop
endfacet
facet normal 0.5808 40.8704 -10.0000
    outer loop
        vertex 1.6000 18.7712 -3.2000
        vertex 1.9482 18.5389 -3.2000
        vertex 1.9482 18.5389 -4.0000
    endloop
endfacet
facet normal 0.6904 40.7864 -10.0000
    outer loop
        vertex 2.2627 18.2627 -4.0000
        vertex 1.9482 18.5389 -4.0000
        vertex 1.9482 18.5389 -3.2000
    endloop
endfacet
facet normal 0.6904 40.7864 -10.0000
    outer loop
        vertex 1.9482 18.5389 -3.2000
        vertex 2.2627 18.2627 -3.2000
        vertex 2.2627 18.2627 -4.0000
    endloop
endfacet
facet normal 0.7864 40.6904 -10.0000
    outer loop
        vertex 2.5389 17.9482 -4.0000
        vertex 2.2627 18.2627 -4.0000
        vertex 2.2627 18.2627 -3.2000
    endloop
endfacet
facet normal 0.7864 40.6904 -10.0000
    outer loop
        vertex 2.2627 18.2627 -3.2000
        vertex 2.5389 17.9482 -3.2000
        vertex 2.5389 17.9482 -4.0000
    endloop
endfacet
facet normal 0.8704 40.5808 -10.0000
    outer loop
        vertex 2.7712 17.6000 -4.0000
        vertex 2.5389 17.9482 -4.0000
        vertex 2.5389 17.9482 -3.2000
    endloop
endfacet
facet normal 0.8704 40.5808 -10.0000
    outer loop
        vertex 2.5389 17.9482 -3.2000
        vertex 2.7712 17.6000 -3.2000
        vertex 2.7712 17.6000 -4.0000
    endloop
endfacet
facet normal 0.9384 40.4632 -10.0000
    outer loop
        vertex 2.9565 17.2246 -4.0000
        vertex 2.7712 17.6000 -4.0000
        vertex 2.7712 17.6000 -3.2000
    endloop
endfacet
facet normal 0.9384 40.4632 -10.0000
    outer loop
        vertex 2.7712 17.6000 -3.2000
        vertex 2.9565 17.2246 -3.2000
        vertex 2.9565 17.2246 -4.0000
    endloop
endfacet
facet normal 0.9912 40.3360 -10.0000
    outer loop
        vertex 3.0909 16.8282 -4.0000
        vertex 2.9565 17.2246 -4.0000
        vertex 2.9565 17.2246 -3.2000
    endloop
endfacet
facet normal 0.9912 40.3360 -10.0000
    outer loop
        vertex 2.9565 17.2246 -3.2000
        vertex 3.0909 16.8282 -3.2000
        vertex 3.0909 16.8282 -4.0000
    endloop
endfacet
facet normal 1.0264 40.2040 -10.0000
    outer loop
        vertex 3.1725 16.4176 -4.0000
        vertex 3.0909 16.8282 -4.0000
        vertex 3.0909 16.8282 -3.2000
    endloop
endfacet
facet normal 1.0264 40.2040 -10.0000
    outer loop
        vertex 3.0909 16.8282 -3.2000
        vertex 3.1725 16.4176 -3.2000
        vertex 3.1725 16.4176 -4.0000
    endloop
endfacet
facet normal 1.0440 40.0688 -10.0000
    outer loop
        vertex 3.2000 16.0000 -4.0000
        vertex 3.1725 16.4176 -4.0000
        vertex 3.1725 16.4176 -3.2000
    endloop
endfacet
facet normal 1.0440 40.0688 -10.0000
    outer loop
        vertex 3.1725 16.4176 -3.2000
        vertex 3.2000 16.0000 -3.2000
        vertex 3.2000 16.0000 -4.0000
    endloop
endfacet
facet normal 1.0440 39.9312 -10.0000
    outer loop
        vertex 3.1725 15.5824 -4.0000
        vertex 3.2000 16.0000 -4.0000
        vertex 3.2000 16.0000 -3.2000
    endloop
endfacet
facet normal 1.0440 39.9312 -10.0000
    outer loop
        vertex 3.2000 16.0000 -3.2000
        vertex 3.1725 15.5824 -3.2000
        vertex 3.1725 15.5824 -4.0000
    endloop
endfacet
facet normal 1.0264 39.7960 -10.0000
    outer loop
        vertex 3.0909 15.1718 -4.0000
        vertex 3.1725 15.5824 -4.0000
        vertex 3.1725 15.5824 -3.2000
    endloop
endfacet
facet normal 1.0264 39.7960 -10.0000
    outer loop
        vertex 3.1725 15.5824 -3.2000
        vertex 3.0909 15.1718 -3.2000
        vertex 3.0909 15.1718 -4.0000
    endloop
endfacet
facet normal 0.9912 39.6640 -10.0000
    outer loop
        vertex 2.9565 14.7754 -4.0000
        vertex 3.0909 15.1718 -4.0000
        vertex 3.0909 15.1718 -3.2000
    endloop
endfacet
facet normal 0.9912 39.6640 -10.0000
    outer loop
        vertex 3.0909 15.1718 -3.2000
        vertex 2.9565 14.7754 -3.2000
        vertex 2.9565 14.7754 -4.0000
    endloop
endfacet
facet normal 0.9384 39.5368 -10.0000
    outer loop
        vertex 2.7712 14.4000 -4.0000
        vertex 2.9565 14.7754 -4.0000
        vertex 2.9565 14.7754 -3.2000
    endloop
endfacet
facet normal 0.9384 39.5368 -10.0000
    outer loop
        vertex 2.9565 14.7754 -3.2000
        vertex 2.7712 14.4000 -3.2000
        vertex 2.7712 14.4000 -4.0000
    endloop
endfacet
facet normal 0.8704 39.4192 -10.0000
    outer loop
        vertex 2.5389 14.0518 -4.0000
        vertex 2.7712 14.4000 -4.0000
        vertex 2.7712 14.4000 -3.2000
    endloop
endfacet
facet normal 0.8704 39.4192 -10.0000
    outer loop
        vertex 2.7712 14.4000 -3.2000
        vertex 2.5389 14.0518 -3.2000
        vertex 2.5389 14.0518 -4.0000
    endloop
endfacet
facet normal 0.7864 39.3096 -10.0000
    outer loop
        vertex 2.2627 13.7373 -4.0000
        vertex 2.5389 14.0518 -4.0000
        vertex 2.5389 14.0518 -3.2000
    endloop
endfacet
facet normal 0.7864 39.3096 -10.0000
    outer loop
        vertex 2.5389 14.0518 -3.2000
        vertex 2.2627 13.7373 -3.2000
        vertex 2.2627 13.7373 -4.0000
    endloop
endfacet
facet normal 0.6904 39.2136 -10.0000
    outer loop
        vertex 1.9482 13.4611 -4.0000
        vertex 2.2627 13.7373 -4.0000
        vertex 2.2627 13.7373 -3.2000
    endloop
endfacet
facet normal 0.6904 39.2136 -10.0000
    outer loop
        vertex 2.2627 13.7373 -3.2000
        vertex 1.9482 13.4611 -3.2000
        vertex 1.9482 13.4611 -4.0000
    endloop
endfacet
facet normal 0.5808 39.1296 -10.0000
    outer loop
        vertex 1.6000 13.2288 -4.0000
        vertex 1.9482 13.4611 -4.0000
        vertex 1.9482 13.4611 -3.2000
    endloop
endfacet
facet normal 0.5808 39.1296 -10.0000
    outer loop
        vertex 1.9482 13.4611 -3.2000
        vertex 1.6000 13.2288 -3.2000
        vertex 1.6000 13.2288 -4.0000
    endloop
endfacet
facet normal 0.4632 39.0616 -10.0000
    outer loop
        vertex 1.2246 13.0435 -4.0000
        vertex 1.6000 13.2288 -4.0000
        vertex 1.6000 13.2288 -3.2000
    endloop
endfacet
facet normal 0.4632 39.0616 -10.0000
    outer loop
        vertex 1.6000 13.2288 -3.2000
        vertex 1.2246 13.0435 -3.2000
        vertex 1.2246 13.0435 -4.0000
    endloop
endfacet
facet normal 0.3360 39.0088 -10.0000
    outer loop
        vertex 0.8282 12.9091 -4.0000
        vertex 1.2246 13.0435 -4.0000
        vertex 1.2246 13.0435 -3.2000
    endloop
endfacet
facet normal 0.3360 39.0088 -10.0000
    outer loop
        vertex 1.2246 13.0435 -3.2000
        vertex 0.8282 12.9091 -3.2000
        vertex 0.8282 12.9091 -4.0000
    endloop
endfacet
facet normal 0.2040 38.9736 -10.0000
    outer loop
        vertex 0.4176 12.8275 -4.0000
        vertex 0.8282 12.9091 -4.0000
        vertex 0.8282 12.9091 -3.2000
    endloop
endfacet
facet normal 0.2040 38.9736 -10.0000
    outer loop
        vertex 0.8282 12.9091 -3.2000
        vertex 0.4176 12.8275 -3.2000
        vertex 0.4176 12.8275 -4.0000
    endloop
endfacet
facet normal 0.0688 38.9560 -10.0000
    outer loop
        vertex 0.0000 12.8000 -4.0000
        vertex 0.4176 12.8275 -4.0000
        vertex 0.4176 12.8275 -3.2000
    endloop
endfacet
facet normal 0.0688 38.9560 -10.0000
    outer loop
        vertex 0.4176 12.8275 -3.2000
        vertex 0.0000 12.8000 -3.2000
        vertex 0.0000 12.8000 -4.0000
    endloop
endfacet
facet normal -0.0688 38.9560 -10.0000
    outer loop
        vertex -0.4176 12.8275 -4.0000
        vertex 0.0000 12.8000 -4.0000
        vertex 0.0000 12.8000 -3.2000
    endloop
endfacet
facet normal -0.0688 38.9560 -10.0000
    outer loop
        vertex 0.0000 12.8000 -3.2000
        vertex -0.4176 12.8275 -3.2000
        vertex -0.4176 12.8275 -4.0000
    endloop
endfacet
facet normal -0.2040 38.9736 -10.0000
    outer loop
        vertex -0.8282 12.9091 -4.0000
        vertex -0.4176 12.8275 -4.0000
        vertex -0.4176 12.8275 -3.2000
    endloop
endfacet
facet normal -0.2040 38.9736 -10.0000
    outer loop
        vertex -0.4176 12.8275 -3.2000
        vertex -0.8282 12.9091 -3.2000
        vertex -0.8282 12.9091 -4.0000
    endloop
endfacet
facet normal -0.3360 39.0088 -10.0000
    outer loop
        vertex -1.2246 13.0435 -4.0000
        vertex -0.8282 12.9091 -4.0000
        vertex -0.8282 12.9091 -3.2000
    endloop
endfacet
facet normal -0.3360 39.0088 -10.0000
    outer loop
        vertex -0.8282 12.9091 -3.2000
        vertex -1.2246 13.0435 -3.2000
        vertex -1.2246 13.0435 -4.0000
    endloop
endfacet
facet normal -0.4632 39.0616 -10.0000
    outer loop
        vertex -1.6000 13.2288 -4.0000
        vertex -1.2246 13.0435 -4.0000
        vertex -1.2246 13.0435 -3.2000
    endloop
endfacet
facet normal -0.4632 39.0616 -10.0000
    outer loop
        vertex -1.2246 13.0435 -3.2000
        vertex -1.6000 13.2288 -3.2000
        vertex -1.6000 13.2288 -4.0000
    endloop
endfacet
facet normal -0.5808 39.1296 -10.0000
    outer loop
        vertex -1.9482 13.4611 -4.0000
        vertex -1.6000 13.2288 -4.0000
        vertex -1.6000 13.2288 -3.2000
    endloop
endfacet
facet normal -0.5808 39.1296 -10.0000
    outer loop
        vertex -1.6000 13.2288 -3.2000
        vertex -1.9482 13.4611 -3.2000
        vertex -1.9482 13.4611 -4.0000
    endloop
endfacet
facet normal -0.6904 39.2136 -10.0000
    outer loop
        vertex -2.2627 13.7373 -4.0000
        vertex -1.9482 13.4611 -4.0000
        vertex -1.9482 13.4611 -3.2000
    endloop
endfacet
facet normal -0.6904 39.2136 -10.0000
    outer loop
        vertex -1.9482 13.4611 -3.2000
        vertex -2.2627 13.7373 -3.2000
        vertex -2.2627 13.7373 -4.0000
    endloop
endfacet
facet normal -0.7864 39.3096 -10.0000
    outer loop
        vertex -2.5389 14.0518 -4.0000
        vertex -2.2627 13.7373 -4.0000
        vertex -2.2627 13.7373 -3.2000
    endloop
endfacet
facet normal -0.7864 39.3096 -10.0000
    outer loop
        vertex -2.2627 13.7373 -3.2000
        vertex -2.5389 14.0518 -3.2000
        vertex -2.5389 14.0518 -4.0000
    endloop
endfacet
facet normal -0.8704 39.4192 -10.0000
    outer loop
        vertex -2.7712 14.4000 -4.0000
        vertex -2.5389 14.0518 -4.0000
        vertex -2.5389 14.0518 -3.2000
    endloop
endfacet
facet normal -0.8704 39.4192 -10.0000
    outer loop
        vertex -2.5389 14.0518 -3.2000
        vertex -2.7712 14.4000 -3.2000
        vertex -2.7712 14.4000 -4.0000
    endloop
endfacet
facet normal -0.9384 39.5368 -10.0000
    outer loop
        vertex -2.9565 14.7754 -4.0000
        vertex -2.7712 14.4000 -4.0000
        vertex -2.7712 14.4000 -3.2000
    endloop
endfacet
facet normal -0.9384 39.5368 -10.0000
    outer loop
        vertex -2.7712 14.4000 -3.2000
        vertex -2.9565 14.7754 -3.2000
        vertex -2.9565 14.7754 -4.0000
    endloop
endfacet
facet normal -0.9912 39.6640 -10.0000
    outer loop
        vertex -3.0909 15.1718 -4.0000
        vertex -2.9565 14.7754 -4.0000
        vertex -2.9565 14.7754 -3.2000
    endloop
endfacet
facet normal -0.9912 39.6640 -10.0000
    outer loop
        vertex -2.9565 14.7754 -3.2000
        vertex -3.0909 15.1718 -3.2000
        vertex -3.0909 15.1718 -4.0000
    endloop
endfacet
facet normal -1.0264 39.7960 -10.0000
    outer loop
        vertex -3.1725 15.5824 -4.0000
        vertex -3.0909 15.1718 -4.0000
        vertex -3.0909 15.1718 -3.2000
    endloop
endfacet
facet normal -1.0264 39.7960 -10.0000
    outer loop
        vertex -3.0909 15.1718 -3.2000
        vertex -3.1725 15.5824 -3.2000
        vertex -3.1725 15.5824 -4.0000
    endloop
endfacet
facet normal -1.0440 39.9312 -10.0000
    outer loop
        vertex -3.2000 16.0000 -4.0000
        vertex -3.1725 15.5824 -4.0000
        vertex -3.1725 15.5824 -3.2000
    endloop
endfacet
facet normal -1.0440 39.9312 -10.0000
    outer loop
        vertex -3.1725 15.5824 -3.2000
        vertex -3.2000 16.0000 -3.2000
        vertex -3.2000 16.0000 -4.0000
    endloop
endfacet
facet normal 0.0000 40.0000 -8.8255
    outer loop
        vertex -3.6000 16.0000 -4.0000
        vertex -3.1725 15.5824 -4.0000
        vertex -3.5690 15.5302 -4.0000
    endloop
endfacet
facet normal 0.0000 40.0000 -8.9560
    outer loop
        vertex -3.1725 15.5824 -4.0000
        vertex -3.6000 16.0000 -4.0000
        vertex -3.2000 16.0000 -4.0000
    endloop
endfacet
facet normal 0.0000 40.0000 -8.8253
    outer loop
        vertex -3.5690 15.5302 -4.0000
        vertex -3.0909 15.1718 -4.0000
        vertex -3.4772 15.0683 -4.0000
    endloop
endfacet
facet normal 0.0000 40.0000 -8.9558
    outer loop
        vertex -3.0909 15.1718 -4.0000
        vertex -3.5690 15.5302 -4.0000
        vertex -3.1725 15.5824 -4.0000
    endloop
endfacet
facet normal 0.0000 40.0000 -8.8251
    outer loop
        vertex -3.4772 15.0683 -4.0000
        vertex -2.9565 14.7754 -4.0000
        vertex -3.3260 14.6223 -4.0000
    endloop
endfacet
facet normal 0.0000 40.0000 -8.9556
    outer loop
        vertex -2.9565 14.7754 -4.0000
        vertex -3.4772 15.0683 -4.0000
        vertex -3.0909 15.1718 -4.0000
    endloop
endfacet
facet normal 0.0000 40.0000 -8.8252
    outer loop
        vertex -3.3260 14.6223 -4.0000
        vertex -2.7712 14.4000 -4.0000
        vertex -3.1176 14.2000 -4.0000
    endloop
endfacet
facet normal 0.0000 40.0000 -8.9557
    outer loop
        vertex -2.7712 14.4000 -4.0000
        vertex -3.3260 14.6223 -4.0000
        vertex -2.9565 14.7754 -4.0000
    endloop
endfacet
facet normal 0.0000 40.0000 -8.8253
    outer loop
        vertex -3.1176 14.2000 -4.0000
        vertex -2.5389 14.0518 -4.0000
        vertex -2.8562 13.8083 -4.0000
    endloop
endfacet
facet normal 0.0000 40.0000 -8.9558
    outer loop
        vertex -2.5389 14.0518 -4.0000
        vertex -3.1176 14.2000 -4.0000
        vertex -2.7712 14.4000 -4.0000
    endloop
endfacet
facet normal 0.0000 40.0000 -8.8252
    outer loop
        vertex -2.8562 13.8083 -4.0000
        vertex -2.2627 13.7373 -4.0000
        vertex -2.5456 13.4544 -4.0000
    endloop
endfacet
facet normal 0.0000 40.0000 -8.9558
    outer loop
        vertex -2.2627 13.7373 -4.0000
        vertex -2.8562 13.8083 -4.0000
        vertex -2.5389 14.0518 -4.0000
    endloop
endfacet
facet normal 0.0000 40.0000 -8.8252
    outer loop
        vertex -2.5456 13.4544 -4.0000
        vertex -1.9482 13.4611 -4.0000
        vertex -2.1917 13.1438 -4.0000
    endloop
endfacet
facet normal 0.0000 40.0000 -8.9558
    outer loop
        vertex -1.9482 13.4611 -4.0000
        vertex -2.5456 13.4544 -4.0000
        vertex -2.2627 13.7373 -4.0000
    endloop
endfacet
facet normal 0.0000 40.0000 -8.8253
    outer loop
        vertex -2.1917 13.1438 -4.0000
        vertex -1.6000 13.2288 -4.0000
        vertex -1.8000 12.8824 -4.0000
    endloop
endfacet
facet normal 0.0000 40.0000 -8.9558
    outer loop
        vertex -1.6000 13.2288 -4.0000
        vertex -2.1917 13.1438 -4.0000
        vertex -1.9482 13.4611 -4.0000
    endloop
endfacet
facet normal 0.0000 40.0000 -8.8252
    outer loop
        vertex -1.8000 12.8824 -4.0000
        vertex -1.2246 13.0435 -4.0000
        vertex -1.3777 12.6740 -4.0000
    endloop
endfacet
facet normal 0.0000 40.0000 -8.9557
    outer loop
        vertex -1.2246 13.0435 -4.0000
        vertex -1.8000 12.8824 -4.0000
        vertex -1.6000 13.2288 -4.0000
    endloop
endfacet
facet normal 0.0000 40.0000 -8.8251
    outer loop
        vertex -1.3777 12.6740 -4.0000
        vertex -0.8282 12.9091 -4.0000
        vertex -0.9317 12.5228 -4.0000
    endloop
endfacet
facet normal 0.0000 40.0000 -8.9556
    outer loop
        vertex -0.8282 12.9091 -4.0000
        vertex -1.3777 12.6740 -4.0000
        vertex -1.2246 13.0435 -4.0000
    endloop
endfacet
facet normal 0.0000 40.0000 -8.8253
    outer loop
        vertex -0.9317 12.5228 -4.0000
        vertex -0.4176 12.8275 -4.0000
        vertex -0.4698 12.4310 -4.0000
    endloop
endfacet
facet normal 0.0000 40.0000 -8.9558
    outer loop
        vertex -0.4176 12.8275 -4.0000
        vertex -0.9317 12.5228 -4.0000
        vertex -0.8282 12.9091 -4.0000
    endloop
endfacet
facet normal 0.0000 40.0000 -8.8255
    outer loop
        vertex -0.4698 12.4310 -4.0000
        vertex 0.0000 12.8000 -4.0000
        vertex 0.0000 12.4000 -4.0000
    endloop
endfacet
facet normal 0.0000 40.0000 -8.9560
    outer loop
        vertex 0.0000 12.8000 -4.0000
        vertex -0.4698 12.4310 -4.0000
        vertex -0.4176 12.8275 -4.0000
    endloop
endfacet
facet normal 0.0000 40.0000 -8.8255
    outer loop
        vertex 0.0000 12.4000 -4.0000
        vertex 0.4176 12.8275 -4.0000
        vertex 0.4698 12.4310 -4.0000
    endloop
endfacet
facet normal 0.0000 40.0000 -8.9560
    outer loop
        vertex 0.4176 12.8275 -4.0000
        vertex 0.0000 12.4000 -4.0000
        vertex 0.0000 12.8000 -4.0000
    endloop
endfacet
facet normal 0.0000 40.0000 -8.8253
    outer loop
        vertex 0.4698 12.4310 -4.0000
        vertex 0.8282 12.9091 -4.0000
        vertex 0.9317 12.5228 -4.0000
    endloop
endfacet
facet normal 0.0000 40.0000 -8.9558
    outer loop
        vertex 0.8282 12.9091 -4.0000
        vertex 0.4698 12.4310 -4.0000
        vertex 0.4176 12.8275 -4.0000
    endloop
endfacet
facet normal 0.0000 40.0000 -8.8251
    outer loop
        vertex 0.9317 12.5228 -4.0000
        vertex 1.2246 13.0435 -4.0000
        vertex 1.3777 12.6740 -4.0000
    endloop
endfacet
facet normal 0.0000 40.0000 -8.9556
    outer loop
        vertex 1.2246 13.0435 -4.0000
        vertex 0.9317 12.5228 -4.0000
        vertex 0.8282 12.9091 -4.0000
    endloop
endfacet
facet normal 0.0000 40.0000 -8.8252
    outer loop
        vertex 1.3777 12.6740 -4.0000
        vertex 1.6000 13.2288 -4.0000
        vertex 1.8000 12.8824 -4.0000
    endloop
endfacet
facet normal 0.0000 40.0000 -8.9557
    outer loop
        vertex 1.6000 13.2288 -4.0000
        vertex 1.3777 12.6740 -4.0000
        vertex 1.2246 13.0435 -4.0000
    endloop
endfacet
facet normal 0.0000 40.0000 -8.8253
    outer loop
        vertex 1.8000 12.8824 -4.0000
        vertex 1.9482 13.4611 -4.0000
        vertex 2.1917 13.1438 -4.0000
    endloop
endfacet
facet normal 0.0000 40.0000 -8.9558
    outer loop
        vertex 1.9482 13.4611 -4.0000
        vertex 1.8000 12.8824 -4.0000
        vertex 1.6000 13.2288 -4.0000
    endloop
endfacet
facet normal 0.0000 40.0000 -8.8252
    outer loop
        vertex 2.1917 13.1438 -4.0000
        vertex 2.2627 13.7373 -4.0000
        vertex 2.5456 13.4544 -4.0000
    endloop
endfacet
facet normal 0.0000 40.0000 -8.9558
    outer loop
        vertex 2.2627 13.7373 -4.0000
        vertex 2.1917 13.1438 -4.0000
        vertex 1.9482 13.4611 -4.0000
    endloop
endfacet
facet normal 0.0000 40.0000 -8.8252
    outer loop
        vertex 2.5456 13.4544 -4.0000
        vertex 2.5389 14.0518 -4.0000
        vertex 2.8562 13.8083 -4.0000
    endloop
endfacet
facet normal 0.0000 40.0000 -8.9558
    outer loop
        vertex 2.5389 14.0518 -4.0000
        vertex 2.5456 13.4544 -4.0000
        vertex 2.2627 13.7373 -4.0000
    endloop
endfacet
facet normal 0.0000 40.0000 -8.8253
    outer loop
        vertex 2.8562 13.8083 -4.0000
        vertex 2.7712 14.4000 -4.0000
        vertex 3.1176 14.2000 -4.0000
    endloop
endfacet
facet normal 0.0000 40.0000 -8.9558
    outer loop
        vertex 2.7712 14.4000 -4.0000
        vertex 2.8562 13.8083 -4.0000
        vertex 2.5389 14.0518 -4.0000
    endloop
endfacet
facet normal 0.0000 40.0000 -8.8252
    outer loop
        vertex 3.1176 14.2000 -4.0000
        vertex 2.9565 14.7754 -4.0000
        vertex 3.3260 14.6223 -4.0000
    endloop
endfacet
facet normal 0.0000 40.0000 -8.9557
    outer loop
        vertex 2.9565 14.7754 -4.0000
        vertex 3.1176 14.2000 -4.0000
        vertex 2.7712 14.4000 -4.0000
    endloop
endfacet
facet normal 0.0000 40.0000 -8.8251
    outer loop
        vertex 3.3260 14.6223 -4.0000
        vertex 3.0909 15.1718 -4.0000
        vertex 3.4772 15.0683 -4.0000
    endloop
endfacet
facet normal 0.0000 40.0000 -8.9556
    outer loop
        vertex 3.0909 15.1718 -4.0000
        vertex 3.3260 14.6223 -4.0000
        vertex 2.9565 14.7754 -4.0000
    endloop
endfacet
facet normal 0.0000 40.0000 -8.8253
    outer loop
        vertex 3.4772 15.0683 -4.0000
        vertex 3.1725 15.5824 -4.0000
        vertex 3.5690 15.5302 -4.0000
    endloop
endfacet
facet normal 0.0000 40.0000 -8.9558
    outer loop
        vertex 3.1725 15.5824 -4.0000
        vertex 3.4772 15.0683 -4.0000
        vertex 3.0909 15.1718 -4.0000
    endloop
endfacet
facet normal 0.0000 40.0000 -8.8255
    outer loop
        vertex 3.5690 15.5302 -4.0000
        vertex 3.2000 16.0000 -4.0000
        vertex 3.6000 16.0000 -4.0000
    endloop
endfacet
facet normal 0.0000 40.0000 -8.9560
    outer loop
        vertex 3.2000 16.0000 -4.0000
        vertex 3.5690 15.5302 -4.0000
        vertex 3.1725 15.5824 -4.0000
    endloop
endfacet
facet normal 0.0000 40.0000 -8.8255
    outer loop
        vertex 3.6000 16.0000 -4.0000
        vertex 3.1725 16.4176 -4.0000
        vertex 3.5690 16.4698 -4.0000
    endloop
endfacet
facet normal 0.0000 40.0000 -8.9560
    outer loop
        vertex 3.1725 16.4176 -4.0000
        vertex 3.6000 16.0000 -4.0000
        vertex 3.2000 16.0000 -4.0000
    endloop
endfacet
facet normal 0.0000 40.0000 -8.8253
    outer loop
        vertex 3.5690 16.4698 -4.0000
        vertex 3.0909 16.8282 -4.0000
        vertex 3.4772 16.9317 -4.0000
    endloop
endfacet
facet normal 0.0000 40.0000 -8.9558
    outer loop
        vertex 3.0909 16.8282 -4.0000
        vertex 3.5690 16.4698 -4.0000
        vertex 3.1725 16.4176 -4.0000
    endloop
endfacet
facet normal 0.0000 40.0000 -8.8251
    outer loop
        vertex 3.4772 16.9317 -4.0000
        vertex 2.9565 17.2246 -4.0000
        vertex 3.3260 17.3777 -4.0000
    endloop
endfacet
facet normal 0.0000 40.0000 -8.9556
    outer loop
        vertex 2.9565 17.2246 -4.0000
        vertex 3.4772 16.9317 -4.0000
        vertex 3.0909 16.8282 -4.0000
    endloop
endfacet
facet normal 0.0000 40.0000 -8.8252
    outer loop
        vertex 3.3260 17.3777 -4.0000
        vertex 2.7712 17.6000 -4.0000
        vertex 3.1176 17.8000 -4.0000
    endloop
endfacet
facet normal 0.0000 40.0000 -8.9557
    outer loop
        vertex 2.7712 17.6000 -4.0000
        vertex 3.3260 17.3777 -4.0000
        vertex 2.9565 17.2246 -4.0000
    endloop
endfacet
facet normal 0.0000 40.0000 -8.8253
    outer loop
        vertex 3.1176 17.8000 -4.0000
        vertex 2.5389 17.9482 -4.0000
        vertex 2.8562 18.1917 -4.0000
    endloop
endfacet
facet normal 0.0000 40.0000 -8.9558
    outer loop
        vertex 2.5389 17.9482 -4.0000
        vertex 3.1176 17.8000 -4.0000
        vertex 2.7712 17.6000 -4.0000
    endloop
endfacet
facet normal 0.0000 40.0000 -8.8252
    outer loop
        vertex 2.8562 18.1917 -4.0000
        vertex 2.2627 18.2627 -4.0000
        vertex 2.5456 18.5456 -4.0000
    endloop
endfacet
facet normal 0.0000 40.0000 -8.9558
    outer loop
        vertex 2.2627 18.2627 -4.0000
        vertex 2.8562 18.1917 -4.0000
        vertex 2.5389 17.9482 -4.0000
    endloop
endfacet
facet normal 0.0000 40.0000 -8.8252
    outer loop
        vertex 2.5456 18.5456 -4.0000
        vertex 1.9482 18.5389 -4.0000
        vertex 2.1917 18.8562 -4.0000
    endloop
endfacet
facet normal 0.0000 40.0000 -8.9558
    outer loop
        vertex 1.9482 18.5389 -4.0000
        vertex 2.5456 18.5456 -4.0000
        vertex 2.2627 18.2627 -4.0000
    endloop
endfacet
facet normal 0.0000 40.0000 -8.8253
    outer loop
        vertex 2.1917 18.8562 -4.0000
        vertex 1.6000 18.7712 -4.0000
        vertex 1.8000 19.1176 -4.0000
    endloop
endfacet
facet normal 0.0000 40.0000 -8.9558
    outer loop
        vertex 1.6000 18.7712 -4.0000
        vertex 2.1917 18.8562 -4.0000
        vertex 1.9482 18.5389 -4.0000
    endloop
endfacet
facet normal 0.0000 40.0000 -8.8252
    outer loop
        vertex 1.8000 19.1176 -4.0000
        vertex 1.2246 18.9565 -4.0000
        vertex 1.3777 19.3260 -4.0000
    endloop
endfacet
facet normal 0.0000 40.0000 -8.9557
    outer loop
        vertex 1.2246 18.9565 -4.0000
        vertex 1.8000 19.1176 -4.0000
        vertex 1.6000 18.7712 -4.0000
    endloop
endfacet
facet normal 0.0000 40.0000 -8.8251
    outer loop
        vertex 1.3777 19.3260 -4.0000
        vertex 0.8282 19.0909 -4.0000
        vertex 0.9317 19.4772 -4.0000
    endloop
endfacet
facet normal 0.0000 40.0000 -8.9556
    outer loop
        vertex 0.8282 19.0909 -4.0000
        vertex 1.3777 19.3260 -4.0000
        vertex 1.2246 18.9565 -4.0000
    endloop
endfacet
facet normal 0.0000 40.0000 -8.8253
    outer loop
        vertex 0.9317 19.4772 -4.0000
        vertex 0.4176 19.1725 -4.0000
        vertex 0.4698 19.5690 -4.0000
    endloop
endfacet
facet normal 0.0000 40.0000 -8.9558
    outer loop
        vertex 0.4176 19.1725 -4.0000
        vertex 0.9317 19.4772 -4.0000
        vertex 0.8282 19.0909 -4.0000
    endloop
endfacet
facet normal 0.0000 40.0000 -8.8255
    outer loop
        vertex 0.4698 19.5690 -4.0000
        vertex 0.0000 19.2000 -4.0000
        vertex 0.0000 19.6000 -4.0000
    endloop
endfacet
facet normal 0.0000 40.0000 -8.9560
    outer loop
        vertex 0.0000 19.2000 -4.0000
        vertex 0.4698 19.5690 -4.0000
        vertex 0.4176 19.1725 -4.0000
    endloop
endfacet
facet normal 0.0000 40.0000 -8.8255
    outer loop
        vertex 0.0000 19.6000 -4.0000
        vertex -0.4176 19.1725 -4.0000
        vertex -0.4698 19.5690 -4.0000
    endloop
endfacet
facet normal 0.0000 40.0000 -8.9560
    outer loop
        vertex -0.4176 19.1725 -4.0000
        vertex 0.0000 19.6000 -4.0000
        vertex 0.0000 19.2000 -4.0000
    endloop
endfacet
facet normal 0.0000 40.0000 -8.8253
    outer loop
        vertex -0.4698 19.5690 -4.0000
        vertex -0.8282 19.0909 -4.0000
        vertex -0.9317 19.4772 -4.0000
    endloop
endfacet
facet normal 0.0000 40.0000 -8.9558
    outer loop
        vertex -0.8282 19.0909 -4.0000
        vertex -0.4698 19.5690 -4.0000
        vertex -0.4176 19.1725 -4.0000
    endloop
endfacet
facet normal 0.0000 40.0000 -8.8251
    outer loop
        vertex -0.9317 19.4772 -4.0000
        vertex -1.2246 18.9565 -4.0000
        vertex -1.3777 19.3260 -4.0000
    endloop
endfacet
facet normal 0.0000 40.0000 -8.9556
    outer loop
        vertex -1.2246 18.9565 -4.0000
        vertex -0.9317 19.4772 -4.0000
        vertex -0.8282 19.0909 -4.0000
    endloop
endfacet
facet normal 0.0000 40.0000 -8.8252
    outer loop
        vertex -1.3777 19.3260 -4.0000
        vertex -1.6000 18.7712 -4.0000
        vertex -1.8000 19.1176 -4.0000
    endloop
endfacet
facet normal 0.0000 40.0000 -8.9557
    outer loop
        vertex -1.6000 18.7712 -4.0000
        vertex -1.3777 19.3260 -4.0000
        vertex -1.2246 18.9565 -4.0000
    endloop
endfacet
facet normal 0.0000 40.0000 -8.8253
    outer loop
        vertex -1.8000 19.1176 -4.0000
        vertex -1.9482 18.5389 -4.0000
        vertex -2.1917 18.8562 -4.0000
    endloop
endfacet
facet normal 0.0000 40.0000 -8.9558
    outer loop
        vertex -1.9482 18.5389 -4.0000
        vertex -1.8000 19.1176 -4.0000
        vertex -1.6000 18.7712 -4.0000
    endloop
endfacet
facet normal 0.0000 40.0000 -8.8252
    outer loop
        vertex -2.1917 18.8562 -4.0000
        vertex -2.2627 18.2627 -4.0000
        vertex -2.5456 18.5456 -4.0000
    endloop
endfacet
facet normal 0.0000 40.0000 -8.9558
    outer loop
        vertex -2.2627 18.2627 -4.0000
        vertex -2.1917 18.8562 -4.0000
        vertex -1.9482 18.5389 -4.0000
    endloop
endfacet
facet normal 0.0000 40.0000 -8.8252
    outer loop
        vertex -2.5456 18.5456 -4.0000
        vertex -2.5389 17.9482 -4.0000
        vertex -2.8562 18.1917 -4.0000
    endloop
endfacet
facet normal 0.0000 40.0000 -8.9558
    outer loop
        vertex -2.5389 17.9482 -4.0000
        vertex -2.5456 18.5456 -4.0000
        vertex -2.2627 18.2627 -4.0000
    endloop
endfacet
facet normal 0.0000 40.0000 -8.8253
    outer loop
        vertex -2.8562 18.1917 -4.0000
        vertex -2.7712 17.6000 -4.0000
        vertex -3.1176 17.8000 -4.0000
    endloop
endfacet
facet normal 0.0000 40.0000 -8.9558
    outer loop
        vertex -2.7712 17.6000 -4.0000
        vertex -2.8562 18.1917 -4.0000
        vertex -2.5389 17.9482 -4.0000
    endloop
endfacet
facet normal 0.0000 40.0000 -8.8252
    outer loop
        vertex -3.1176 17.8000 -4.0000
        vertex -2.9565 17.2246 -4.0000
        vertex -3.3260 17.3777 -4.0000
    endloop
endfacet
facet normal 0.0000 40.0000 -8.9557
    outer loop
        vertex -2.9565 17.2246 -4.0000
        vertex -3.1176 17.8000 -4.0000
        vertex -2.7712 17.6000 -4.0000
    endloop
endfacet
facet normal 0.0000 40.0000 -8.8251
    outer loop
        vertex -3.3260 17.3777 -4.0000
        vertex -3.0909 16.8282 -4.0000
        vertex -3.4772 16.9317 -4.0000
    endloop
endfacet
facet normal 0.0000 40.0000 -8.9556
    outer loop
        vertex -3.0909 16.8282 -4.0000
        vertex -3.3260 17.3777 -4.0000
        vertex -2.9565 17.2246 -4.0000
    endloop
endfacet
facet normal 0.0000 40.0000 -8.8253
    outer loop
        vertex -3.4772 16.9317 -4.0000
        vertex -3.1725 16.4176 -4.0000
        vertex -3.5690 16.4698 -4.0000
    endloop
endfacet
facet normal 0.0000 40.0000 -8.9558
    outer loop
        vertex -3.1725 16.4176 -4.0000
        vertex -3.4772 16.9317 -4.0000
        vertex -3.0909 16.8282 -4.0000
    endloop
endfacet
facet normal 0.0000 40.0000 -8.8255
    outer loop
        vertex -3.5690 16.4698 -4.0000
        vertex -3.2000 16.0000 -4.0000
        vertex -3.6000 16.0000 -4.0000
    endloop
endfacet
facet normal 0.0000 40.0000 -8.9560
    outer loop
        vertex -3.2000 16.0000 -4.0000
        vertex -3.5690 16.4698 -4.0000
        vertex -3.1725 16.4176 -4.0000
    endloop
endfacet
facet normal -0.7830 40.0516 8.0000
    outer loop
        vertex -2.3794 16.3132 3.2000
        vertex -2.4000 16.0000 3.2000
        vertex -2.4000 16.0000 -3.2000
    endloop
endfacet
facet normal -0.7830 40.0516 8.0000
    outer loop
        vertex -2.4000 16.0000 -3.2000
        vertex -2.3794 16.3132 -3.2000
        vertex -2.3794 16.3132 3.2000
    endloop
endfacet
facet normal -0.7698 40.1530 8.0000
    outer loop
        vertex -2.3182 16.6211 3.2000
        vertex -2.3794 16.3132 3.2000
        vertex -2.3794 16.3132 -3.2000
    endloop
endfacet
facet normal -0.7698 40.1530 8.0000
    outer loop
        vertex -2.3794 16.3132 -3.2000
        vertex -2.3182 16.6211 -3.2000
        vertex -2.3182 16.6211 3.2000
    endloop
endfacet
facet normal -0.7434 40.2520 8.0000
    outer loop
        vertex -2.2174 16.9185 3.2000
        vertex -2.3182 16.6211 3.2000
        vertex -2.3182 16.6211 -3.2000
    endloop
endfacet
facet normal -0.7434 40.2520 8.0000
    outer loop
        vertex -2.3182 16.6211 -3.2000
        vertex -2.2174 16.9185 -3.2000
        vertex -2.2174 16.9185 3.2000
    endloop
endfacet
facet normal -0.7038 40.3474 8.0000
    outer loop
        vertex -2.0784 17.2000 3.2000
        vertex -2.2174 16.9185 3.2000
        vertex -2.2174 16.9185 -3.2000
    endloop
endfacet
facet normal -0.7038 40.3474 8.0000
    outer loop
        vertex -2.2174 16.9185 -3.2000
        vertex -2.0784 17.2000 -3.2000
        vertex -2.0784 17.2000 3.2000
    endloop
endfacet
facet normal -0.6528 40.4356 8.0000
    outer loop
        vertex -1.9042 17.4611 3.2000
        vertex -2.0784 17.2000 3.2000
        vertex -2.0784 17.2000 -3.2000
    endloop
endfacet
facet normal -0.6528 40.4356 8.0000
    outer loop
        vertex -2.0784 17.2000 -3.2000
        vertex -1.9042 17.4611 -3.2000
        vertex -1.9042 17.4611 3.2000
    endloop
endfacet
facet normal -0.5898 40.5178 8.0000
    outer loop
        vertex -1.6970 17.6970 3.2000
        vertex -1.9042 17.4611 3.2000
        vertex -1.9042 17.4611 -3.2000
    endloop
endfacet
facet normal -0.5898 40.5178 8.0000
    outer loop
        vertex -1.9042 17.4611 -3.2000
        vertex -1.6970 17.6970 -3.2000
        vertex -1.6970 17.6970 3.2000
    endloop
endfacet
facet normal -0.5178 40.5898 8.0000
    outer loop
        vertex -1.4611 17.9042 3.2000
        vertex -1.6970 17.6970 3.2000
        vertex -1.6970 17.6970 -3.2000
    endloop
endfacet
facet normal -0.5178 40.5898 8.0000
    outer loop
        vertex -1.6970 17.6970 -3.2000
        vertex -1.4611 17.9042 -3.2000
        vertex -1.4611 17.9042 3.2000
    endloop
endfacet
facet normal -0.4356 40.6528 8.0000
    outer loop
        vertex -1.2000 18.0784 3.2000
        vertex -1.4611 17.9042 3.2000
        vertex -1.4611 17.9042 -3.2000
    endloop
endfacet
facet normal -0.4356 40.6528 8.0000
    outer loop
        vertex -1.4611 17.9042 -3.2000
        vertex -1.2000 18.0784 -3.2000
        vertex -1.2000 18.0784 3.2000
    endloop
endfacet
facet normal -0.3474 40.7038 8.0000
    outer loop
        vertex -0.9185 18.2174 3.2000
        vertex -1.2000 18.0784 3.2000
        vertex -1.2000 18.0784 -3.2000
    endloop
endfacet
facet normal -0.3474 40.7038 8.0000
    outer loop
        vertex -1.2000 18.0784 -3.2000
        vertex -0.9185 18.2174 -3.2000
        vertex -0.9185 18.2174 3.2000
    endloop
endfacet
facet normal -0.2520 40.7434 8.0000
    outer loop
        vertex -0.6211 18.3182 3.2000
        vertex -0.9185 18.2174 3.2000
        vertex -0.9185 18.2174 -3.2000
    endloop
endfacet
facet normal -0.2520 40.7434 8.0000
    outer loop
        vertex -0.9185 18.2174 -3.2000
        vertex -0.6211 18.3182 -3.2000
        vertex -0.6211 18.3182 3.2000
    endloop
endfacet
facet normal -0.1530 40.7698 8.0000
    outer loop
        vertex -0.3132 18.3794 3.2000
        vertex -0.6211 18.3182 3.2000
        vertex -0.6211 18.3182 -3.2000
    endloop
endfacet
facet normal -0.1530 40.7698 8.0000
    outer loop
        vertex -0.6211 18.3182 -3.2000
        vertex -0.3132 18.3794 -3.2000
        vertex -0.3132 18.3794 3.2000
    endloop
endfacet
facet normal -0.0516 40.7830 8.0000
    outer loop
        vertex 0.0000 18.4000 3.2000
        vertex -0.3132 18.3794 3.2000
        vertex -0.3132 18.3794 -3.2000
    endloop
endfacet
facet normal -0.0516 40.7830 8.0000
    outer loop
        vertex -0.3132 18.3794 -3.2000
        vertex 0.0000 18.4000 -3.2000
        vertex 0.0000 18.4000 3.2000
    endloop
endfacet
facet normal 0.0516 40.7830 8.0000
    outer loop
        vertex 0.3132 18.3794 3.2000
        vertex 0.0000 18.4000 3.2000
        vertex 0.0000 18.4000 -3.2000
    endloop
endfacet
facet normal 0.0516 40.7830 8.0000
    outer loop
        vertex 0.0000 18.4000 -3.2000
        vertex 0.3132 18.3794 -3.2000
        vertex 0.3132 18.3794 3.2000
    endloop
endfacet
facet normal 0.1530 40.7698 8.0000
    outer loop
        vertex 0.6211 18.3182 3.2000
        vertex 0.3132 18.3794 3.2000
        vertex 0.3132 18.3794 -3.2000
    endloop
endfacet
facet normal 0.1530 40.7698 8.0000
    outer loop
        vertex 0.3132 18.3794 -3.2000
        vertex 0.6211 18.3182 -3.2000
        vertex 0.6211 18.3182 3.2000
    endloop
endfacet
facet normal 0.2520 40.7434 8.0000
    outer loop
        vertex 0.9185 18.2174 3.2000
        vertex 0.6211 18.3182 3.2000
        vertex 0.6211 18.3182 -3.2000
    endloop
endfacet
facet normal 0.2520 40.7434 8.0000
    outer loop
        vertex 0.6211 18.3182 -3.2000
        vertex 0.9185 18.2174 -3.2000
        vertex 0.9185 18.2174 3.2000
    endloop
endfacet
facet normal 0.3474 40.7038 8.0000
    outer loop
        vertex 1.2000 18.0784 3.2000
        vertex 0.9185 18.2174 3.2000
        vertex 0.9185 18.2174 -3.2000
    endloop
endfacet
facet normal 0.3474 40.7038 8.0000
    outer loop
        vertex 0.9185 18.2174 -3.2000
        vertex 1.2000 18.0784 -3.2000
        vertex 1.2000 18.0784 3.2000
    endloop
endfacet
facet normal 0.4356 40.6528 8.0000
    outer loop
        vertex 1.4611 17.9042 3.2000
        vertex 1.2000 18.0784 3.2000
        vertex 1.2000 18.0784 -3.2000
    endloop
endfacet
facet normal 0.4356 40.6528 8.0000
    outer loop
        vertex 1.2000 18.0784 -3.2000
        vertex 1.4611 17.9042 -3.2000
        vertex 1.4611 17.9042 3.2000
    endloop
endfacet
facet normal 0.5178 40.5898 8.0000
    outer loop
        vertex 1.6970 17.6970 3.2000
        vertex 1.4611 17.9042 3.2000
        vertex 1.4611 17.9042 -3.2000
    endloop
endfacet
facet normal 0.5178 40.5898 8.0000
    outer loop
        vertex 1.4611 17.9042 -3.2000
        vertex 1.6970 17.6970 -3.2000
        vertex 1.6970 17.6970 3.2000
    endloop
endfacet
facet normal 0.5898 40.5178 8.0000
    outer loop
        vertex 1.9042 17.4611 3.2000
        vertex 1.6970 17.6970 3.2000
        vertex 1.6970 17.6970 -3.2000
    endloop
endfacet
facet normal 0.5898 40.5178 8.0000
    outer loop
        vertex 1.6970 17.6970 -3.2000
        vertex 1.9042 17.4611 -3.2000
        vertex 1.9042 17.4611 3.2000
    endloop
endfacet
facet normal 0.6528 40.4356 8.0000
    outer loop
        vertex 2.0784 17.2000 3.2000
        vertex 1.9042 17.4611 3.2000
        vertex 1.9042 17.4611 -3.2000
    endloop
endfacet
facet normal 0.6528 40.4356 8.0000
    outer loop
        vertex 1.9042 17.4611 -3.2000
        vertex 2.0784 17.2000 -3.2000
        vertex 2.0784 17.2000 3.2000
    endloop
endfacet
facet normal 0.7038 40.3474 8.0000
    outer loop
        vertex 2.2174 16.9185 3.2000
        vertex 2.0784 17.2000 3.2000
        vertex 2.0784 17.2000 -3.2000
    endloop
endfacet
facet normal 0.7038 40.3474 8.0000
    outer loop
        vertex 2.0784 17.2000 -3.2000
        vertex 2.2174 16.9185 -3.2000
        vertex 2.2174 16.9185 3.2000
    endloop
endfacet
facet normal 0.7434 40.2520 8.0000
    outer loop
        vertex 2.3182 16.6211 3.2000
        vertex 2.2174 16.9185 3.2000
        vertex 2.2174 16.9185 -3.2000
    endloop
endfacet
facet normal 0.7434 40.2520 8.0000
    outer loop
        vertex 2.2174 16.9185 -3.2000
        vertex 2.3182 16.6211 -3.2000
        vertex 2.3182 16.6211 3.2000
    endloop
endfacet
facet normal 0.7698 40.1530 8.0000
    outer loop
        vertex 2.3794 16.3132 3.2000
        vertex 2.3182 16.6211 3.2000
        vertex 2.3182 16.6211 -3.2000
    endloop
endfacet
facet normal 0.7698 40.1530 8.0000
    outer loop
        vertex 2.3182 16.6211 -3.2000
        vertex 2.3794 16.3132 -3.2000
        vertex 2.3794 16.3132 3.2000
    endloop
endfacet
facet normal 0.7830 40.0516 8.0000
    outer loop
        vertex 2.4000 16.0000 3.2000
        vertex 2.3794 16.3132 3.2000
        vertex 2.3794 16.3132 -3.2000
    endloop
endfacet
facet normal 0.7830 40.0516 8.0000
    outer loop
        vertex 2.3794 16.3132 -3.2000
        vertex 2.4000 16.0000 -3.2000
        vertex 2.4000 16.0000 3.2000
    endloop
endfacet
facet normal 0.7830 39.9484 8.0000
    outer loop
        vertex 2.3794 15.6868 3.2000
        vertex 2.4000 16.0000 3.2000
        vertex 2.4000 16.0000 -3.2000
    endloop
endfacet
facet normal 0.7830 39.9484 8.0000
    outer loop
        vertex 2.4000 16.0000 -3.2000
        vertex 2.3794 15.6868 -3.2000
        vertex 2.3794 15.6868 3.2000
    endloop
endfacet
facet normal 0.7698 39.8470 8.0000
    outer loop
        vertex 2.3182 15.3789 3.2000
        vertex 2.3794 15.6868 3.2000
        vertex 2.3794 15.6868 -3.2000
    endloop
endfacet
facet normal 0.7698 39.8470 8.0000
    outer loop
        vertex 2.3794 15.6868 -3.2000
        vertex 2.3182 15.3789 -3.2000
        vertex 2.3182 15.3789 3.2000
    endloop
endfacet
facet normal 0.7434 39.7480 8.0000
    outer loop
        vertex 2.2174 15.0815 3.2000
        vertex 2.3182 15.3789 3.2000
        vertex 2.3182 15.3789 -3.2000
    endloop
endfacet
facet normal 0.7434 39.7480 8.0000
    outer loop
        vertex 2.3182 15.3789 -3.2000
        vertex 2.2174 15.0815 -3.2000
        vertex 2.2174 15.0815 3.2000
    endloop
endfacet
facet normal 0.7038 39.6526 8.0000
    outer loop
        vertex 2.0784 14.8000 3.2000
        vertex 2.2174 15.0815 3.2000
        vertex 2.2174 15.0815 -3.2000
    endloop
endfacet
facet normal 0.7038 39.6526 8.0000
    outer loop
        vertex 2.2174 15.0815 -3.2000
        vertex 2.0784 14.8000 -3.2000
        vertex 2.0784 14.8000 3.2000
    endloop
endfacet
facet normal 0.6528 39.5644 8.0000
    outer loop
        vertex 1.9042 14.5389 3.2000
        vertex 2.0784 14.8000 3.2000
        vertex 2.0784 14.8000 -3.2000
    endloop
endfacet
facet normal 0.6528 39.5644 8.0000
    outer loop
        vertex 2.0784 14.8000 -3.2000
        vertex 1.9042 14.5389 -3.2000
        vertex 1.9042 14.5389 3.2000
    endloop
endfacet
facet normal 0.5898 39.4822 8.0000
    outer loop
        vertex 1.6970 14.3030 3.2000
        vertex 1.9042 14.5389 3.2000
        vertex 1.9042 14.5389 -3.2000
    endloop
endfacet
facet normal 0.5898 39.4822 8.0000
    outer loop
        vertex 1.9042 14.5389 -3.2000
        vertex 1.6970 14.3030 -3.2000
        vertex 1.6970 14.3030 3.2000
    endloop
endfacet
facet normal 0.5178 39.4102 8.0000
    outer loop
        vertex 1.4611 14.0958 3.2000
        vertex 1.6970 14.3030 3.2000
        vertex 1.6970 14.3030 -3.2000
    endloop
endfacet
facet normal 0.5178 39.4102 8.0000
    outer loop
        vertex 1.6970 14.3030 -3.2000
        vertex 1.4611 14.0958 -3.2000
        vertex 1.4611 14.0958 3.2000
    endloop
endfacet
facet normal 0.4356 39.3472 8.0000
    outer loop
        vertex 1.2000 13.9216 3.2000
        vertex 1.4611 14.0958 3.2000
        vertex 1.4611 14.0958 -3.2000
    endloop
endfacet
facet normal 0.4356 39.3472 8.0000
    outer loop
        vertex 1.4611 14.0958 -3.2000
        vertex 1.2000 13.9216 -3.2000
        vertex 1.2000 13.9216 3.2000
    endloop
endfacet
facet normal 0.3474 39.2962 8.0000
    outer loop
        vertex 0.9185 13.7826 3.2000
        vertex 1.2000 13.9216 3.2000
        vertex 1.2000 13.9216 -3.2000
    endloop
endfacet
facet normal 0.3474 39.2962 8.0000
    outer loop
        vertex 1.2000 13.9216 -3.2000
        vertex 0.9185 13.7826 -3.2000
        vertex 0.9185 13.7826 3.2000
    endloop
endfacet
facet normal 0.2520 39.2566 8.0000
    outer loop
        vertex 0.6211 13.6818 3.2000
        vertex 0.9185 13.7826 3.2000
        vertex 0.9185 13.7826 -3.2000
    endloop
endfacet
facet normal 0.2520 39.2566 8.0000
    outer loop
        vertex 0.9185 13.7826 -3.2000
        vertex 0.6211 13.6818 -3.2000
        vertex 0.6211 13.6818 3.2000
    endloop
endfacet
facet normal 0.1530 39.2302 8.0000
    outer loop
        vertex 0.3132 13.6206 3.2000
        vertex 0.6211 13.6818 3.2000
        vertex 0.6211 13.6818 -3.2000
    endloop
endfacet
facet normal 0.1530 39.2302 8.0000
    outer loop
        vertex 0.6211 13.6818 -3.2000
        vertex 0.3132 13.6206 -3.2000
        vertex 0.3132 13.6206 3.2000
    endloop
endfacet
facet normal 0.0516 39.2170 8.0000
    outer loop
        vertex 0.0000 13.6000 3.2000
        vertex 0.3132 13.6206 3.2000
        vertex 0.3132 13.6206 -3.2000
    endloop
endfacet
facet normal 0.0516 39.2170 8.0000
    outer loop
        vertex 0.3132 13.6206 -3.2000
        vertex 0.0000 13.6000 -3.2000
        vertex 0.0000 13.6000 3.2000
    endloop
endfacet
facet normal -0.0516 39.2170 8.0000
    outer loop
        vertex -0.3132 13.6206 3.2000
        vertex 0.0000 13.6000 3.2000
        vertex 0.0000 13.6000 -3.2000
    endloop
endfacet
facet normal -0.0516 39.2170 8.0000
    outer loop
        vertex 0.0000 13.6000 -3.2000
        vertex -0.3132 13.6206 -3.2000
        vertex -0.3132 13.6206 3.2000
    endloop
endfacet
facet normal -0.1530 39.2302 8.0000
    outer loop
        vertex -0.6211 13.6818 3.2000
        vertex -0.3132 13.6206 3.2000
        vertex -0.3132 13.6206 -3.2000
    endloop
endfacet
facet normal -0.1530 39.2302 8.0000
    outer loop
        vertex -0.3132 13.6206 -3.2000
        vertex -0.6211 13.6818 -3.2000
        vertex -0.6211 13.6818 3.2000
    endloop
endfacet
facet normal -0.2520 39.2566 8.0000
    outer loop
        vertex -0.9185 13.7826 3.2000
        vertex -0.6211 13.6818 3.2000
        vertex -0.6211 13.6818 -3.2000
    endloop
endfacet
facet normal -0.2520 39.2566 8.0000
    outer loop
        vertex -0.6211 13.6818 -3.2000
        vertex -0.9185 13.7826 -3.2000
        vertex -0.9185 13.7826 3.2000
    endloop
endfacet
facet normal -0.3474 39.2962 8.0000
    outer loop
        vertex -1.2000 13.9216 3.2000
        vertex -0.9185 13.7826 3.2000
        vertex -0.9185 13.7826 -3.2000
    endloop
endfacet
facet normal -0.3474 39.2962 8.0000
    outer loop
        vertex -0.9185 13.7826 -3.2000
        vertex -1.2000 13.9216 -3.2000
        vertex -1.2000 13.9216 3.2000
    endloop
endfacet
facet normal -0.4356 39.3472 8.0000
    outer loop
        vertex -1.4611 14.0958 3.2000
        vertex -1.2000 13.9216 3.2000
        vertex -1.2000 13.9216 -3.2000
    endloop
endfacet
facet normal -0.4356 39.3472 8.0000
    outer loop
        vertex -1.2000 13.9216 -3.2000
        vertex -1.4611 14.0958 -3.2000
        vertex -1.4611 14.0958 3.2000
    endloop
endfacet
facet normal -0.5178 39.4102 8.0000
    outer loop
        vertex -1.6970 14.3030 3.2000
        vertex -1.4611 14.0958 3.2000
        vertex -1.4611 14.0958 -3.2000
    endloop
endfacet
facet normal -0.5178 39.4102 8.0000
    outer loop
        vertex -1.4611 14.0958 -3.2000
        vertex -1.6970 14.3030 -3.2000
        vertex -1.6970 14.3030 3.2000
    endloop
endfacet
facet normal -0.5898 39.4822 8.0000
    outer loop
        vertex -1.9042 14.5389 3.2000
        vertex -1.6970 14.3030 3.2000
        vertex -1.6970 14.3030 -3.2000
    endloop
endfacet
facet normal -0.5898 39.4822 8.0000
    outer loop
        vertex -1.6970 14.3030 -3.2000
        vertex -1.9042 14.5389 -3.2000
        vertex -1.9042 14.5389 3.2000
    endloop
endfacet
facet normal -0.6528 39.5644 8.0000
    outer loop
        vertex -2.0784 14.8000 3.2000
        vertex -1.9042 14.5389 3.2000
        vertex -1.9042 14.5389 -3.2000
    endloop
endfacet
facet normal -0.6528 39.5644 8.0000
    outer loop
        vertex -1.9042 14.5389 -3.2000
        vertex -2.0784 14.8000 -3.2000
        vertex -2.0784 14.8000 3.2000
    endloop
endfacet
facet normal -0.7038 39.6526 8.0000
    outer loop
        vertex -2.2174 15.0815 3.2000
        vertex -2.0784 14.8000 3.2000
        vertex -2.0784 14.8000 -3.2000
    endloop
endfacet
facet normal -0.7038 39.6526 8.0000
    outer loop
        vertex -2.0784 14.8000 -3.2000
        vertex -2.2174 15.0815 -3.2000
        vertex -2.2174 15.0815 3.2000
    endloop
endfacet
facet normal -0.7434 39.7480 8.0000
    outer loop
        vertex -2.3182 15.3789 3.2000
        vertex -2.2174 15.0815 3.2000
        vertex -2.2174 15.0815 -3.2000
    endloop
endfacet
facet normal -0.7434 39.7480 8.0000
    outer loop
        vertex -2.2174 15.0815 -3.2000
        vertex -2.3182 15.3789 -3.2000
        vertex -2.3182 15.3789 3.2000
    endloop
endfacet
facet normal -0.7698 39.8470 8.0000
    outer loop
        vertex -2.3794 15.6868 3.2000
        vertex -2.3182 15.3789 3.2000
        vertex -2.3182 15.3789 -3.2000
    endloop
endfacet
facet normal -0.7698 39.8470 8.0000
    outer loop
        vertex -2.3182 15.3789 -3.2000
        vertex -2.3794 15.6868 -3.2000
        vertex -2.3794 15.6868 3.2000
    endloop
endfacet
facet normal -0.7830 39.9484 8.0000
    outer loop
        vertex -2.4000 16.0000 3.2000
        vertex -2.3794 15.6868 3.2000
        vertex -2.3794 15.6868 -3.2000
    endloop
endfacet
facet normal -0.7830 39.9484 8.0000
    outer loop
        vertex -2.3794 15.6868 -3.2000
        vertex -2.4000 16.0000 -3.2000
        vertex -2.4000 16.0000 3.2000
    endloop
endfacet
facet normal 0.0000 40.0000 8.8255
    outer loop
        vertex -3.6000 16.0000 4.0000
        vertex -3.1725 16.4176 4.0000
        vertex -3.5690 16.4698 4.0000
    endloop
endfacet
facet normal 0.0000 40.0000 8.9560
    outer loop
        vertex -3.1725 16.4176 4.0000
        vertex -3.6000 16.0000 4.0000
        vertex -3.2000 16.0000 4.0000
    endloop
endfacet
facet normal 0.0000 40.0000 8.8253
    outer loop
        vertex -3.5690 16.4698 4.0000
        vertex -3.0909 16.8282 4.0000
        vertex -3.4772 16.9317 4.0000
    endloop
endfacet
facet normal 0.0000 40.0000 8.9558
    outer loop
        vertex -3.0909 16.8282 4.0000
        vertex -3.5690 16.4698 4.0000
        vertex -3.1725 16.4176 4.0000
    endloop
endfacet
facet normal 0.0000 40.0000 8.8251
    outer loop
        vertex -3.4772 16.9317 4.0000
        vertex -2.9565 17.2246 4.0000
        vertex -3.3260 17.3777 4.0000
    endloop
endfacet
facet normal 0.0000 40.0000 8.9556
    outer loop
        vertex -2.9565 17.2246 4.0000
        vertex -3.4772 16.9317 4.0000
        vertex -3.0909 16.8282 4.0000
    endloop
endfacet
facet normal 0.0000 40.0000 8.8252
    outer loop
        vertex -3.3260 17.3777 4.0000
        vertex -2.7712 17.6000 4.0000
        vertex -3.1176 17.8000 4.0000
    endloop
endfacet
facet normal 0.0000 40.0000 8.9557
    outer loop
        vertex -2.7712 17.6000 4.0000
        vertex -3.3260 17.3777 4.0000
        vertex -2.9565 17.2246 4.0000
    endloop
endfacet
facet normal 0.0000 40.0000 8.8253
    outer loop
        vertex -3.1176 17.8000 4.0000
        vertex -2.5389 17.9482 4.0000
        vertex -2.8562 18.1917 4.0000
    endloop
endfacet
facet normal 0.0000 40.0000 8.9558
    outer loop
        vertex -2.5389 17.9482 4.0000
        vertex -3.1176 17.8000 4.0000
        vertex -2.7712 17.6000 4.0000
    endloop
endfacet
facet normal 0.0000 40.0000 8.8252
    outer loop
        vertex -2.8562 18.1917 4.0000
        vertex -2.2627 18.2627 4.0000
        vertex -2.5456 18.5456 4.0000
    endloop
endfacet
facet normal 0.0000 40.0000 8.9558
    outer loop
        vertex -2.2627 18.2627 4.0000
        vertex -2.8562 18.1917 4.0000
        vertex -2.5389 17.9482 4.0000
    endloop
endfacet
facet normal 0.0000 40.0000 8.8252
    outer loop
        vertex -2.5456 18.5456 4.0000
        vertex -1.9482 18.5389 4.0000
        vertex -2.1917 18.8562 4.0000
    endloop
endfacet
facet normal 0.0000 40.0000 8.9558
    outer loop
        vertex -1.9482 18.5389 4.0000
        vertex -2.5456 18.5456 4.0000
        vertex -2.2627 18.2627 4.0000
    endloop
endfacet
facet normal 0.0000 40.0000 8.8253
    outer loop
        vertex -2.1917 18.8562 4.0000
        vertex -1.6000 18.7712 4.0000
        vertex -1.8000 19.1176 4.0000
    endloop
endfacet
facet normal 0.0000 40.0000 8.9558
    outer loop
        vertex -1.6000 18.7712 4.0000
        vertex -2.1917 18.8562 4.0000
        vertex -1.9482 18.5389 4.0000
    endloop
endfacet
facet normal 0.0000 40.0000 8.8252
    outer loop
        vertex -1.8000 19.1176 4.0000
        vertex -1.2246 18.9565 4.0000
        vertex -1.3777 19.3260 4.0000
    endloop
endfacet
facet normal 0.0000 40.0000 8.9557
    outer loop
        vertex -1.2246 18.9565 4.0000
        vertex -1.8000 19.1176 4.0000
        vertex -1.6000 18.7712 4.0000
    endloop
endfacet
facet normal 0.0000 40.0000 8.8251
    outer loop
        vertex -1.3777 19.3260 4.0000
        vertex -0.8282 19.0909 4.0000
        vertex -0.9317 19.4772 4.0000
    endloop
endfacet
facet normal 0.0000 40.0000 8.9556
    outer loop
        vertex -0.8282 19.0909 4.0000
        vertex -1.3777 19.3260 4.0000
        vertex -1.2246 18.9565 4.0000
    endloop
endfacet
facet normal 0.0000 40.0000 8.8253
    outer loop
        vertex -0.9317 19.4772 4.0000
        vertex -0.4176 19.1725 4.0000
        vertex -0.4698 19.5690 4.0000
    endloop
endfacet
facet normal 0.0000 40.0000 8.9558
    outer loop
        vertex -0.4176 19.1725 4.0000
        vertex -0.9317 19.4772 4.0000
        vertex -0.8282 19.0909 4.0000
    endloop
endfacet
facet normal 0.0000 40.0000 8.8255
    outer loop
        vertex -0.4698 19.5690 4.0000
        vertex 0.0000 19.2000 4.0000
        vertex 0.0000 19.6000 4.0000
    endloop
endfacet
facet normal 0.0000 40.0000 8.9560
    outer loop
        vertex 0.0000 19.2000 4.0000
        vertex -0.4698 19.5690 4.0000
        vertex -0.4176 19.1725 4.0000
    endloop
endfacet
facet normal 0.0000 40.0000 8.8255
    outer loop
        vertex 0.0000 19.6000 4.0000
        vertex 0.4176 19.1725 4.0000
        vertex 0.4698 19.5690 4.0000
    endloop
endfacet
facet normal 0.0000 40.0000 8.9560
    outer loop
        vertex 0.4176 19.1725 4.0000
        vertex 0.0000 19.6000 4.0000
        vertex 0.0000 19.2000 4.0000
    endloop
endfacet
facet normal 0.0000 40.0000 8.8253
    outer loop
        vertex 0.4698 19.5690 4.0000
        vertex 0.8282 19.0909 4.0000
        vertex 0.9317 19.4772 4.0000
    endloop
endfacet
facet normal 0.0000 40.0000 8.9558
    outer loop
        vertex 0.8282 19.0909 4.0000
        vertex 0.4698 19.5690 4.0000
        vertex 0.4176 19.1725 4.0000
    endloop
endfacet
facet normal 0.0000 40.0000 8.8251
    outer loop
        vertex 0.9317 19.4772 4.0000
        vertex 1.2246 18.9565 4.0000
        vertex 1.3777 19.3260 4.0000
    endloop
endfacet
facet normal 0.0000 40.0000 8.9556
    outer loop
        vertex 1.2246 18.9565 4.0000
        vertex 0.9317 19.4772 4.0000
        vertex 0.8282 19.0909 4.0000
    endloop
endfacet
facet normal 0.0000 40.0000 8.8252
    outer loop
        vertex 1.3777 19.3260 4.0000
        vertex 1.6000 18.7712 4.0000
        vertex 1.8000 19.1176 4.0000
    endloop
endfacet
facet normal 0.0000 40.0000 8.9557
    outer loop
        vertex 1.6000 18.7712 4.0000
        vertex 1.3777 19.3260 4.0000
        vertex 1.2246 18.9565 4.0000
    endloop
endfacet
facet normal 0.0000 40.0000 8.8253
    outer loop
        vertex 1.8000 19.1176 4.0000
        vertex 1.9482 18.5389 4.0000
        vertex 2.1917 18.8562 4.0000
    endloop
endfacet
facet normal 0.0000 40.0000 8.9558
    outer loop
        vertex 1.9482 18.5389 4.0000
        vertex 1.8000 19.1176 4.0000
        vertex 1.6000 18.7712 4.0000
    endloop
endfacet
facet normal 0.0000 40.0000 8.8252
    outer loop
        vertex 2.1917 18.8562 4.0000
        vertex 2.2627 18.2627 4.0000
        vertex 2.5456 18.5456 4.0000
    endloop
endfacet
facet normal 0.0000 40.0000 8.9558
    outer loop
        vertex 2.2627 18.2627 4.0000
        vertex 2.1917 18.8562 4.0000
        vertex 1.9482 18.5389 4.0000
    endloop
endfacet
facet normal 0.0000 40.0000 8.8252
    outer loop
        vertex 2.5456 18.5456 4.0000
        vertex 2.5389 17.9482 4.0000
        vertex 2.8562 18.1917 4.0000
    endloop
endfacet
facet normal 0.0000 40.0000 8.9558
    outer loop
        vertex 2.5389 17.9482 4.0000
        vertex 2.5456 18.5456 4.0000
        vertex 2.2627 18.2627 4.0000
    endloop
endfacet
facet normal 0.0000 40.0000 8.8253
    outer loop
        vertex 2.8562 18.1917 4.0000
        vertex 2.7712 17.6000 4.0000
        vertex 3.1176 17.8000 4.0000
    endloop
endfacet
facet normal 0.0000 40.0000 8.9558
    outer loop
        vertex 2.7712 17.6000 4.0000
        vertex 2.8562 18.1917 4.0000
        vertex 2.5389 17.9482 4.0000
    endloop
endfacet
facet normal 0.0000 40.0000 8.8252
    outer loop
        vertex 3.1176 17.8000 4.0000
        vertex 2.9565 17.2246 4.0000
        vertex 3.3260 17.3777 4.0000
    endloop
endfacet
facet normal 0.0000 40.0000 8.9557
    outer loop
        vertex 2.9565 17.2246 4.0000
        vertex 3.1176 17.8000 4.0000
        vertex 2.7712 17.6000 4.0000
    endloop
endfacet
facet normal 0.0000 40.0000 8.8251
    outer loop
        vertex 3.3260 17.3777 4.0000
        vertex 3.0909 16.8282 4.0000
        vertex 3.4772 16.9317 4.0000
    endloop
endfacet
facet normal 0.0000 40.0000 8.9556
    outer loop
        vertex 3.0909 16.8282 4.0000
        vertex 3.3260 17.3777 4.0000
        vertex 2.9565 17.2246 4.0000
    endloop
endfacet
facet normal 0.0000 40.0000 8.8253
    outer loop
        vertex 3.4772 16.9317 4.0000
        vertex 3.1725 16.4176 4.0000
        vertex 3.5690 16.4698 4.0000
    endloop
endfacet
facet normal 0.0000 40.0000 8.9558
    outer loop
        vertex 3.1725 16.4176 4.0000
        vertex 3.4772 16.9317 4.0000
        vertex 3.0909 16.8282 4.0000
    endloop
endfacet
facet normal 0.0000 40.0000 8.8255
    outer loop
        vertex 3.5690 16.4698 4.0000
        vertex 3.2000 16.0000 4.0000
        vertex 3.6000 16.0000 4.0000
    endloop
endfacet
facet normal 0.0000 40.0000 8.9560
    outer loop
        vertex 3.2000 16.0000 4.0000
        vertex 3.5690 16.4698 4.0000
        vertex 3.1725 16.4176 4.0000
    endloop
endfacet
facet normal 0.0000 40.0000 8.8255
    outer loop
        vertex 3.6000 16.0000 4.0000
        vertex 3.1725 15.5824 4.0000
        vertex 3.5690 15.5302 4.0000
    endloop
endfacet
facet normal 0.0000 40.0000 8.9560
    outer loop
        vertex 3.1725 15.5824 4.0000
        vertex 3.6000 16.0000 4.0000
        vertex 3.2000 16.0000 4.0000
    endloop
endfacet
facet normal 0.0000 40.0000 8.8253
    outer loop
        vertex 3.5690 15.5302 4.0000
        vertex 3.0909 15.1718 4.0000
        vertex 3.4772 15.0683 4.0000
    endloop
endfacet
facet normal 0.0000 40.0000 8.9558
    outer loop
        vertex 3.0909 15.1718 4.0000
        vertex 3.5690 15.5302 4.0000
        vertex 3.1725 15.5824 4.0000
    endloop
endfacet
facet normal 0.0000 40.0000 8.8251
    outer loop
        vertex 3.4772 15.0683 4.0000
        vertex 2.9565 14.7754 4.0000
        vertex 3.3260 14.6223 4.0000
    endloop
endfacet
facet normal 0.0000 40.0000 8.9556
    outer loop
        vertex 2.9565 14.7754 4.0000
        vertex 3.4772 15.0683 4.0000
        vertex 3.0909 15.1718 4.0000
    endloop
endfacet
facet normal 0.0000 40.0000 8.8252
    outer loop
        vertex 3.3260 14.6223 4.0000
        vertex 2.7712 14.4000 4.0000
        vertex 3.1176 14.2000 4.0000
    endloop
endfacet
facet normal 0.0000 40.0000 8.9557
    outer loop
        vertex 2.7712 14.4000 4.0000
        vertex 3.3260 14.6223 4.0000
        vertex 2.9565 14.7754 4.0000
    endloop
endfacet
facet normal 0.0000 40.0000 8.8253
    outer loop
        vertex 3.1176 14.2000 4.0000
        vertex 2.5389 14.0518 4.0000
        vertex 2.8562 13.8083 4.0000
    endloop
endfacet
facet normal 0.0000 40.0000 8.9558
    outer loop
        vertex 2.5389 14.0518 4.0000
        vertex 3.1176 14.2000 4.0000
        vertex 2.7712 14.4000 4.0000
    endloop
endfacet
facet normal 0.0000 40.0000 8.8252
    outer loop
        vertex 2.8562 13.8083 4.0000
        vertex 2.2627 13.7373 4.0000
        vertex 2.5456 13.4544 4.0000
    endloop
endfacet
facet normal 0.0000 40.0000 8.9558
    outer loop
        vertex 2.2627 13.7373 4.0000
        vertex 2.8562 13.8083 4.0000
        vertex 2.5389 14.0518 4.0000
    endloop
endfacet
facet normal 0.0000 40.0000 8.8252
    outer loop
        vertex 2.5456 13.4544 4.0000
        vertex 1.9482 13.4611 4.0000
        vertex 2.1917 13.1438 4.0000
    endloop
endfacet
facet normal 0.0000 40.0000 8.9558
    outer loop
        vertex 1.9482 13.4611 4.0000
        vertex 2.5456 13.4544 4.0000
        vertex 2.2627 13.7373 4.0000
    endloop
endfacet
facet normal 0.0000 40.0000 8.8253
    outer loop
        vertex 2.1917 13.1438 4.0000
        vertex 1.6000 13.2288 4.0000
        vertex 1.8000 12.8824 4.0000
    endloop
endfacet
facet normal 0.0000 40.0000 8.9558
    outer loop
        vertex 1.6000 13.2288 4.0000
        vertex 2.1917 13.1438 4.0000
        vertex 1.9482 13.4611 4.0000
    endloop
endfacet
facet normal 0.0000 40.0000 8.8252
    outer loop
        vertex 1.8000 12.8824 4.0000
        vertex 1.2246 13.0435 4.0000
        vertex 1.3777 12.6740 4.0000
    endloop
endfacet
facet normal 0.0000 40.0000 8.9557
    outer loop
        vertex 1.2246 13.0435 4.0000
        vertex 1.8000 12.8824 4.0000
        vertex 1.6000 13.2288 4.0000
    endloop
endfacet
facet normal 0.0000 40.0000 8.8251
    outer loop
        vertex 1.3777 12.6740 4.0000
        vertex 0.8282 12.9091 4.0000
        vertex 0.9317 12.5228 4.0000
    endloop
endfacet
facet normal 0.0000 40.0000 8.9556
    outer loop
        vertex 0.8282 12.9091 4.0000
        vertex 1.3777 12.6740 4.0000
        vertex 1.2246 13.0435 4.0000
    endloop
endfacet
facet normal 0.0000 40.0000 8.8253
    outer loop
        vertex 0.9317 12.5228 4.0000
        vertex 0.4176 12.8275 4.0000
        vertex 0.4698 12.4310 4.0000
    endloop
endfacet
facet normal 0.0000 40.0000 8.9558
    outer loop
        vertex 0.4176 12.8275 4.0000
        vertex 0.9317 12.5228 4.0000
        vertex 0.8282 12.9091 4.0000
    endloop
endfacet
facet normal 0.0000 40.0000 8.8255
    outer loop
        vertex 0.4698 12.4310 4.0000
        vertex 0.0000 12.8000 4.0000
        vertex 0.0000 12.4000 4.0000
    endloop
endfacet
facet normal 0.0000 40.0000 8.9560
    outer loop
        vertex 0.0000 12.8000 4.0000
        vertex 0.4698 12.4310 4.0000
        vertex 0.4176 12.8275 4.0000
    endloop
endfacet
facet normal 0.0000 40.0000 8.8255
    outer loop
        vertex 0.0000 12.4000 4.0000
        vertex -0.4176 12.8275 4.0000
        vertex -0.4698 12.4310 4.0000
    endloop
endfacet
facet normal 0.0000 40.0000 8.9560
    outer loop
        vertex -0.4176 12.8275 4.0000
        vertex 0.0000 12.4000 4.0000
        vertex 0.0000 12.8000 4.0000
    endloop
endfacet
facet normal 0.0000 40.0000 8.8253
    outer loop
        vertex -0.4698 12.4310 4.0000
        vertex -0.8282 12.9091 4.0000
        vertex -0.9317 12.5228 4.0000
    endloop
endfacet
facet normal 0.0000 40.0000 8.9558
    outer loop
        vertex -0.8282 12.9091 4.0000
        vertex -0.4698 12.4310 4.0000
        vertex -0.4176 12.8275 4.0000
    endloop
endfacet
facet normal 0.0000 40.0000 8.8251
    outer loop
        vertex -0.9317 12.5228 4.0000
        vertex -1.2246 13.0435 4.0000
        vertex -1.3777 12.6740 4.0000
    endloop
endfacet
facet normal 0.0000 40.0000 8.9556
    outer loop
        vertex -1.2246 13.0435 4.0000
        vertex -0.9317 12.5228 4.0000
        vertex -0.8282 12.9091 4.0000
    endloop
endfacet
facet normal 0.0000 40.0000 8.8252
    outer loop
        vertex -1.3777 12.6740 4.0000
        vertex -1.6000 13.2288 4.0000
        vertex -1.8000 12.8824 4.0000
    endloop
endfacet
facet normal 0.0000 40.0000 8.9557
    outer loop
        vertex -1.6000 13.2288 4.0000
        vertex -1.3777 12.6740 4.0000
        vertex -1.2246 13.0435 4.0000
    endloop
endfacet
facet normal 0.0000 40.0000 8.8253
    outer loop
        vertex -1.8000 12.8824 4.0000
        vertex -1.9482 13.4611 4.0000
        vertex -2.1917 13.1438 4.0000
    endloop
endfacet
facet normal 0.0000 40.0000 8.9558
    outer loop
        vertex -1.9482 13.4611 4.0000
        vertex -1.8000 12.8824 4.0000
        vertex -1.6000 13.2288 4.0000
    endloop
endfacet
facet normal 0.0000 40.0000 8.8252
    outer loop
        vertex -2.1917 13.1438 4.0000
        vertex -2.2627 13.7373 4.0000
        vertex -2.5456 13.4544 4.0000
    endloop
endfacet
facet normal 0.0000 40.0000 8.9558
    outer loop
        vertex -2.2627 13.7373 4.0000
        vertex -2.1917 13.1438 4.0000
        vertex -1.9482 13.4611 4.0000
    endloop
endfacet
facet normal 0.0000 40.0000 8.8252
    outer loop
        vertex -2.5456 13.4544 4.0000
        vertex -2.5389 14.0518 4.0000
        vertex -2.8562 13.8083 4.0000
    endloop
endfacet
facet normal 0.0000 40.0000 8.9558
    outer loop
        vertex -2.5389 14.0518 4.0000
        vertex -2.5456 13.4544 4.0000
        vertex -2.2627 13.7373 4.0000
    endloop
endfacet
facet normal 0.0000 40.0000 8.8253
    outer loop
        vertex -2.8562 13.8083 4.0000
        vertex -2.7712 14.4000 4.0000
        vertex -3.1176 14.2000 4.0000
    endloop
endfacet
facet normal 0.0000 40.0000 8.9558
    outer loop
        vertex -2.7712 14.4000 4.0000
        vertex -2.8562 13.8083 4.0000
        vertex -2.5389 14.0518 4.0000
    endloop
endfacet
facet normal 0.0000 40.0000 8.8252
    outer loop
        vertex -3.1176 14.2000 4.0000
        vertex -2.9565 14.7754 4.0000
        vertex -3.3260 14.6223 4.0000
    endloop
endfacet
facet normal 0.0000 40.0000 8.9557
    outer loop
        vertex -2.9565 14.7754 4.0000
        vertex -3.1176 14.2000 4.0000
        vertex -2.7712 14.4000 4.0000
    endloop
endfacet
facet normal 0.0000 40.0000 8.8251
    outer loop
        vertex -3.3260 14.6223 4.0000
        vertex -3.0909 15.1718 4.0000
        vertex -3.4772 15.0683 4.0000
    endloop
endfacet
facet normal 0.0000 40.0000 8.9556
    outer loop
        vertex -3.0909 15.1718 4.0000
        vertex -3.3260 14.6223 4.0000
        vertex -2.9565 14.7754 4.0000
    endloop
endfacet
facet normal 0.0000 40.0000 8.8253
    outer loop
        vertex -3.4772 15.0683 4.0000
        vertex -3.1725 15.5824 4.0000
        vertex -3.5690 15.5302 4.0000
    endloop
endfacet
facet normal 0.0000 40.0000 8.9558
    outer loop
        vertex -3.1725 15.5824 4.0000
        vertex -3.4772 15.0683 4.0000
        vertex -3.0909 15.1718 4.0000
    endloop
endfacet
facet normal 0.0000 40.0000 8.8255
    outer loop
        vertex -3.5690 15.5302 4.0000
        vertex -3.2000 16.0000 4.0000
        vertex -3.6000 16.0000 4.0000
    endloop
endfacet
facet normal 0.0000 40.0000 8.9560
    outer loop
        vertex -3.2000 16.0000 4.0000
        vertex -3.5690 15.5302 4.0000
        vertex -3.1725 15.5824 4.0000
    endloop
endfacet
facet normal 0.0000 40.0000 7.4780
    outer loop
        vertex -3.2000 16.0000 3.2000
        vertex -2.3794 16.3132 3.2000
        vertex -3.1725 16.4176 3.2000
    endloop
endfacet
facet normal 0.0000 40.0000 7.6085
    outer loop
        vertex -2.3794 16.3132 3.2000
        vertex -3.2000 16.0000 3.2000
        vertex -2.4000 16.0000 3.2000
    endloop
endfacet
facet normal 0.0000 40.0000 7.4779
    outer loop
        vertex -3.1725 16.4176 3.2000
        vertex -2.3182 16.6211 3.2000
        vertex -3.0909 16.8282 3.2000
    endloop
endfacet
facet normal 0.0000 40.0000 7.6084
    outer loop
        vertex -2.3182 16.6211 3.2000
        vertex -3.1725 16.4176 3.2000
        vertex -2.3794 16.3132 3.2000
    endloop
endfacet
facet normal 0.0000 40.0000 7.4778
    outer loop
        vertex -3.0909 16.8282 3.2000
        vertex -2.2174 16.9185 3.2000
        vertex -2.9565 17.2246 3.2000
    endloop
endfacet
facet normal 0.0000 40.0000 7.6084
    outer loop
        vertex -2.2174 16.9185 3.2000
        vertex -3.0909 16.8282 3.2000
        vertex -2.3182 16.6211 3.2000
    endloop
endfacet
facet normal 0.0000 40.0000 7.4779
    outer loop
        vertex -2.9565 17.2246 3.2000
        vertex -2.0784 17.2000 3.2000
        vertex -2.7712 17.6000 3.2000
    endloop
endfacet
facet normal 0.0000 40.0000 7.6084
    outer loop
        vertex -2.0784 17.2000 3.2000
        vertex -2.9565 17.2246 3.2000
        vertex -2.2174 16.9185 3.2000
    endloop
endfacet
facet normal 0.0000 40.0000 7.4779
    outer loop
        vertex -2.7712 17.6000 3.2000
        vertex -1.9042 17.4611 3.2000
        vertex -2.5389 17.9482 3.2000
    endloop
endfacet
facet normal 0.0000 40.0000 7.6084
    outer loop
        vertex -1.9042 17.4611 3.2000
        vertex -2.7712 17.6000 3.2000
        vertex -2.0784 17.2000 3.2000
    endloop
endfacet
facet normal 0.0000 40.0000 7.4779
    outer loop
        vertex -2.5389 17.9482 3.2000
        vertex -1.6970 17.6970 3.2000
        vertex -2.2627 18.2627 3.2000
    endloop
endfacet
facet normal 0.0000 40.0000 7.6084
    outer loop
        vertex -1.6970 17.6970 3.2000
        vertex -2.5389 17.9482 3.2000
        vertex -1.9042 17.4611 3.2000
    endloop
endfacet
facet normal 0.0000 40.0000 7.4779
    outer loop
        vertex -2.2627 18.2627 3.2000
        vertex -1.4611 17.9042 3.2000
        vertex -1.9482 18.5389 3.2000
    endloop
endfacet
facet normal 0.0000 40.0000 7.6084
    outer loop
        vertex -1.4611 17.9042 3.2000
        vertex -2.2627 18.2627 3.2000
        vertex -1.6970 17.6970 3.2000
    endloop
endfacet
facet normal 0.0000 40.0000 7.4779
    outer loop
        vertex -1.9482 18.5389 3.2000
        vertex -1.2000 18.0784 3.2000
        vertex -1.6000 18.7712 3.2000
    endloop
endfacet
facet normal 0.0000 40.0000 7.6084
    outer loop
        vertex -1.2000 18.0784 3.2000
        vertex -1.9482 18.5389 3.2000
        vertex -1.4611 17.9042 3.2000
    endloop
endfacet
facet normal 0.0000 40.0000 7.4779
    outer loop
        vertex -1.6000 18.7712 3.2000
        vertex -0.9185 18.2174 3.2000
        vertex -1.2246 18.9565 3.2000
    endloop
endfacet
facet normal 0.0000 40.0000 7.6084
    outer loop
        vertex -0.9185 18.2174 3.2000
        vertex -1.6000 18.7712 3.2000
        vertex -1.2000 18.0784 3.2000
    endloop
endfacet
facet normal 0.0000 40.0000 7.4778
    outer loop
        vertex -1.2246 18.9565 3.2000
        vertex -0.6211 18.3182 3.2000
        vertex -0.8282 19.0909 3.2000
    endloop
endfacet
facet normal 0.0000 40.0000 7.6084
    outer loop
        vertex -0.6211 18.3182 3.2000
        vertex -1.2246 18.9565 3.2000
        vertex -0.9185 18.2174 3.2000
    endloop
endfacet
facet normal 0.0000 40.0000 7.4779
    outer loop
        vertex -0.8282 19.0909 3.2000
        vertex -0.3132 18.3794 3.2000
        vertex -0.4176 19.1725 3.2000
    endloop
endfacet
facet normal 0.0000 40.0000 7.6084
    outer loop
        vertex -0.3132 18.3794 3.2000
        vertex -0.8282 19.0909 3.2000
        vertex -0.6211 18.3182 3.2000
    endloop
endfacet
facet normal 0.0000 40.0000 7.4780
    outer loop
        vertex -0.4176 19.1725 3.2000
        vertex 0.0000 18.4000 3.2000
        vertex 0.0000 19.2000 3.2000
    endloop
endfacet
facet normal 0.0000 40.0000 7.6085
    outer loop
        vertex 0.0000 18.4000 3.2000
        vertex -0.4176 19.1725 3.2000
        vertex -0.3132 18.3794 3.2000
    endloop
endfacet
facet normal 0.0000 40.0000 7.4780
    outer loop
        vertex 0.0000 19.2000 3.2000
        vertex 0.3132 18.3794 3.2000
        vertex 0.4176 19.1725 3.2000
    endloop
endfacet
facet normal 0.0000 40.0000 7.6085
    outer loop
        vertex 0.3132 18.3794 3.2000
        vertex 0.0000 19.2000 3.2000
        vertex 0.0000 18.4000 3.2000
    endloop
endfacet
facet normal 0.0000 40.0000 7.4779
    outer loop
        vertex 0.4176 19.1725 3.2000
        vertex 0.6211 18.3182 3.2000
        vertex 0.8282 19.0909 3.2000
    endloop
endfacet
facet normal 0.0000 40.0000 7.6084
    outer loop
        vertex 0.6211 18.3182 3.2000
        vertex 0.4176 19.1725 3.2000
        vertex 0.3132 18.3794 3.2000
    endloop
endfacet
facet normal 0.0000 40.0000 7.4778
    outer loop
        vertex 0.8282 19.0909 3.2000
        vertex 0.9185 18.2174 3.2000
        vertex 1.2246 18.9565 3.2000
    endloop
endfacet
facet normal 0.0000 40.0000 7.6084
    outer loop
        vertex 0.9185 18.2174 3.2000
        vertex 0.8282 19.0909 3.2000
        vertex 0.6211 18.3182 3.2000
    endloop
endfacet
facet normal 0.0000 40.0000 7.4779
    outer loop
        vertex 1.2246 18.9565 3.2000
        vertex 1.2000 18.0784 3.2000
        vertex 1.6000 18.7712 3.2000
    endloop
endfacet
facet normal 0.0000 40.0000 7.6084
    outer loop
        vertex 1.2000 18.0784 3.2000
        vertex 1.2246 18.9565 3.2000
        vertex 0.9185 18.2174 3.2000
    endloop
endfacet
facet normal 0.0000 40.0000 7.4779
    outer loop
        vertex 1.6000 18.7712 3.2000
        vertex 1.4611 17.9042 3.2000
        vertex 1.9482 18.5389 3.2000
    endloop
endfacet
facet normal 0.0000 40.0000 7.6084
    outer loop
        vertex 1.4611 17.9042 3.2000
        vertex 1.6000 18.7712 3.2000
        vertex 1.2000 18.0784 3.2000
    endloop
endfacet
facet normal 0.0000 40.0000 7.4779
    outer loop
        vertex 1.9482 18.5389 3.2000
        vertex 1.6970 17.6970 3.2000
        vertex 2.2627 18.2627 3.2000
    endloop
endfacet
facet normal 0.0000 40.0000 7.6084
    outer loop
        vertex 1.6970 17.6970 3.2000
        vertex 1.9482 18.5389 3.2000
        vertex 1.4611 17.9042 3.2000
    endloop
endfacet
facet normal 0.0000 40.0000 7.4779
    outer loop
        vertex 2.2627 18.2627 3.2000
        vertex 1.9042 17.4611 3.2000
        vertex 2.5389 17.9482 3.2000
    endloop
endfacet
facet normal 0.0000 40.0000 7.6084
    outer loop
        vertex 1.9042 17.4611 3.2000
        vertex 2.2627 18.2627 3.2000
        vertex 1.6970 17.6970 3.2000
    endloop
endfacet
facet normal 0.0000 40.0000 7.4779
    outer loop
        vertex 2.5389 17.9482 3.2000
        vertex 2.0784 17.2000 3.2000
        vertex 2.7712 17.6000 3.2000
    endloop
endfacet
facet normal 0.0000 40.0000 7.6084
    outer loop
        vertex 2.0784 17.2000 3.2000
        vertex 2.5389 17.9482 3.2000
        vertex 1.9042 17.4611 3.2000
    endloop
endfacet
facet normal 0.0000 40.0000 7.4779
    outer loop
        vertex 2.7712 17.6000 3.2000
        vertex 2.2174 16.9185 3.2000
        vertex 2.9565 17.2246 3.2000
    endloop
endfacet
facet normal 0.0000 40.0000 7.6084
    outer loop
        vertex 2.2174 16.9185 3.2000
        vertex 2.7712 17.6000 3.2000
        vertex 2.0784 17.2000 3.2000
    endloop
endfacet
facet normal 0.0000 40.0000 7.4778
    outer loop
        vertex 2.9565 17.2246 3.2000
        vertex 2.3182 16.6211 3.2000
        vertex 3.0909 16.8282 3.2000
    endloop
endfacet
facet normal 0.0000 40.0000 7.6084
    outer loop
        vertex 2.3182 16.6211 3.2000
        vertex 2.9565 17.2246 3.2000
        vertex 2.2174 16.9185 3.2000
    endloop
endfacet
facet normal 0.0000 40.0000 7.4779
    outer loop
        vertex 3.0909 16.8282 3.2000
        vertex 2.3794 16.3132 3.2000
        vertex 3.1725 16.4176 3.2000
    endloop
endfacet
facet normal 0.0000 40.0000 7.6084
    outer loop
        vertex 2.3794 16.3132 3.2000
        vertex 3.0909 16.8282 3.2000
        vertex 2.3182 16.6211 3.2000
    endloop
endfacet
facet normal 0.0000 40.0000 7.4780
    outer loop
        vertex 3.1725 16.4176 3.2000
        vertex 2.4000 16.0000 3.2000
        vertex 3.2000 16.0000 3.2000
    endloop
endfacet
facet normal 0.0000 40.0000 7.6085
    outer loop
        vertex 2.4000 16.0000 3.2000
        vertex 3.1725 16.4176 3.2000
        vertex 2.3794 16.3132 3.2000
    endloop
endfacet
facet normal 0.0000 40.0000 7.4780
    outer loop
        vertex 3.2000 16.0000 3.2000
        vertex 2.3794 15.6868 3.2000
        vertex 3.1725 15.5824 3.2000
    endloop
endfacet
facet normal 0.0000 40.0000 7.6085
    outer loop
        vertex 2.3794 15.6868 3.2000
        vertex 3.2000 16.0000 3.2000
        vertex 2.4000 16.0000 3.2000
    endloop
endfacet
facet normal 0.0000 40.0000 7.4779
    outer loop
        vertex 3.1725 15.5824 3.2000
        vertex 2.3182 15.3789 3.2000
        vertex 3.0909 15.1718 3.2000
    endloop
endfacet
facet normal 0.0000 40.0000 7.6084
    outer loop
        vertex 2.3182 15.3789 3.2000
        vertex 3.1725 15.5824 3.2000
        vertex 2.3794 15.6868 3.2000
    endloop
endfacet
facet normal 0.0000 40.0000 7.4778
    outer loop
        vertex 3.0909 15.1718 3.2000
        vertex 2.2174 15.0815 3.2000
        vertex 2.9565 14.7754 3.2000
    endloop
endfacet
facet normal 0.0000 40.0000 7.6084
    outer loop
        vertex 2.2174 15.0815 3.2000
        vertex 3.0909 15.1718 3.2000
        vertex 2.3182 15.3789 3.2000
    endloop
endfacet
facet normal 0.0000 40.0000 7.4779
    outer loop
        vertex 2.9565 14.7754 3.2000
        vertex 2.0784 14.8000 3.2000
        vertex 2.7712 14.4000 3.2000
    endloop
endfacet
facet normal 0.0000 40.0000 7.6084
    outer loop
        vertex 2.0784 14.8000 3.2000
        vertex 2.9565 14.7754 3.2000
        vertex 2.2174 15.0815 3.2000
    endloop
endfacet
facet normal 0.0000 40.0000 7.4779
    outer loop
        vertex 2.7712 14.4000 3.2000
        vertex 1.9042 14.5389 3.2000
        vertex 2.5389 14.0518 3.2000
    endloop
endfacet
facet normal 0.0000 40.0000 7.6084
    outer loop
        vertex 1.9042 14.5389 3.2000
        vertex 2.7712 14.4000 3.2000
        vertex 2.0784 14.8000 3.2000
    endloop
endfacet
facet normal 0.0000 40.0000 7.4779
    outer loop
        vertex 2.5389 14.0518 3.2000
        vertex 1.6970 14.3030 3.2000
        vertex 2.2627 13.7373 3.2000
    endloop
endfacet
facet normal 0.0000 40.0000 7.6084
    outer loop
        vertex 1.6970 14.3030 3.2000
        vertex 2.5389 14.0518 3.2000
        vertex 1.9042 14.5389 3.2000
    endloop
endfacet
facet normal 0.0000 40.0000 7.4779
    outer loop
        vertex 2.2627 13.7373 3.2000
        vertex 1.4611 14.0958 3.2000
        vertex 1.9482 13.4611 3.2000
    endloop
endfacet
facet normal 0.0000 40.0000 7.6084
    outer loop
        vertex 1.4611 14.0958 3.2000
        vertex 2.2627 13.7373 3.2000
        vertex 1.6970 14.3030 3.2000
    endloop
endfacet
facet normal 0.0000 40.0000 7.4779
    outer loop
        vertex 1.9482 13.4611 3.2000
        vertex 1.2000 13.9216 3.2000
        vertex 1.6000 13.2288 3.2000
    endloop
endfacet
facet normal 0.0000 40.0000 7.6084
    outer loop
        vertex 1.2000 13.9216 3.2000
        vertex 1.9482 13.4611 3.2000
        vertex 1.4611 14.0958 3.2000
    endloop
endfacet
facet normal 0.0000 40.0000 7.4779
    outer loop
        vertex 1.6000 13.2288 3.2000
        vertex 0.9185 13.7826 3.2000
        vertex 1.2246 13.0435 3.2000
    endloop
endfacet
facet normal 0.0000 40.0000 7.6084
    outer loop
        vertex 0.9185 13.7826 3.2000
        vertex 1.6000 13.2288 3.2000
        vertex 1.2000 13.9216 3.2000
    endloop
endfacet
facet normal 0.0000 40.0000 7.4778
    outer loop
        vertex 1.2246 13.0435 3.2000
        vertex 0.6211 13.6818 3.2000
        vertex 0.8282 12.9091 3.2000
    endloop
endfacet
facet normal 0.0000 40.0000 7.6084
    outer loop
        vertex 0.6211 13.6818 3.2000
        vertex 1.2246 13.0435 3.2000
        vertex 0.9185 13.7826 3.2000
    endloop
endfacet
facet normal 0.0000 40.0000 7.4779
    outer loop
        vertex 0.8282 12.9091 3.2000
        vertex 0.3132 13.6206 3.2000
        vertex 0.4176 12.8275 3.2000
    endloop
endfacet
facet normal 0.0000 40.0000 7.6084
    outer loop
        vertex 0.3132 13.6206 3.2000
        vertex 0.8282 12.9091 3.2000
        vertex 0.6211 13.6818 3.2000
    endloop
endfacet
facet normal 0.0000 40.0000 7.4780
    outer loop
        vertex 0.4176 12.8275 3.2000
        vertex 0.0000 13.6000 3.2000
        vertex 0.0000 12.8000 3.2000
    endloop
endfacet
facet normal 0.0000 40.0000 7.6085
    outer loop
        vertex 0.0000 13.6000 3.2000
        vertex 0.4176 12.8275 3.2000
        vertex 0.3132 13.6206 3.2000
    endloop
endfacet
facet normal 0.0000 40.0000 7.4780
    outer loop
        vertex 0.0000 12.8000 3.2000
        vertex -0.3132 13.6206 3.2000
        vertex -0.4176 12.8275 3.2000
    endloop
endfacet
facet normal 0.0000 40.0000 7.6085
    outer loop
        vertex -0.3132 13.6206 3.2000
        vertex 0.0000 12.8000 3.2000
        vertex 0.0000 13.6000 3.2000
    endloop
endfacet
facet normal 0.0000 40.0000 7.4779
    outer loop
        vertex -0.4176 12.8275 3.2000
        vertex -0.6211 13.6818 3.2000
        vertex -0.8282 12.9091 3.2000
    endloop
endfacet
facet normal 0.0000 40.0000 7.6084
    outer loop
        vertex -0.6211 13.6818 3.2000
        vertex -0.4176 12.8275 3.2000
        vertex -0.3132 13.6206 3.2000
    endloop
endfacet
facet normal 0.0000 40.0000 7.4778
    outer loop
        vertex -0.8282 12.9091 3.2000
        vertex -0.9185 13.7826 3.2000
        vertex -1.2246 13.0435 3.2000
    endloop
endfacet
facet normal 0.0000 40.0000 7.6084
    outer loop
        vertex -0.9185 13.7826 3.2000
        vertex -0.8282 12.9091 3.2000
        vertex -0.6211 13.6818 3.2000
    endloop
endfacet
facet normal 0.0000 40.0000 7.4779
    outer loop
        vertex -1.2246 13.0435 3.2000
        vertex -1.2000 13.9216 3.2000
        vertex -1.6000 13.2288 3.2000
    endloop
endfacet
facet normal 0.0000 40.0000 7.6084
    outer loop
        vertex -1.2000 13.9216 3.2000
        vertex -1.2246 13.0435 3.2000
        vertex -0.9185 13.7826 3.2000
    endloop
endfacet
facet normal 0.0000 40.0000 7.4779
    outer loop
        vertex -1.6000 13.2288 3.2000
        vertex -1.4611 14.0958 3.2000
        vertex -1.9482 13.4611 3.2000
    endloop
endfacet
facet normal 0.0000 40.0000 7.6084
    outer loop
        vertex -1.4611 14.0958 3.2000
        vertex -1.6000 13.2288 3.2000
        vertex -1.2000 13.9216 3.2000
    endloop
endfacet
facet normal 0.0000 40.0000 7.4779
    outer loop
        vertex -1.9482 13.4611 3.2000
        vertex -1.6970 14.3030 3.2000
        vertex -2.2627 13.7373 3.2000
    endloop
endfacet
facet normal 0.0000 40.0000 7.6084
    outer loop
        vertex -1.6970 14.3030 3.2000
        vertex -1.9482 13.4611 3.2000
        vertex -1.4611 14.0958 3.2000
    endloop
endfacet
facet normal 0.0000 40.0000 7.4779
    outer loop
        vertex -2.2627 13.7373 3.2000
        vertex -1.9042 14.5389 3.2000
        vertex -2.5389 14.0518 3.2000
    endloop
endfacet
facet normal 0.0000 40.0000 7.6084
    outer loop
        vertex -1.9042 14.5389 3.2000
        vertex -2.2627 13.7373 3.2000
        vertex -1.6970 14.3030 3.2000
    endloop
endfacet
facet normal 0.0000 40.0000 7.4779
    outer loop
        vertex -2.5389 14.0518 3.2000
        vertex -2.0784 14.8000 3.2000
        vertex -2.7712 14.4000 3.2000
    endloop
endfacet
facet normal 0.0000 40.0000 7.6084
    outer loop
        vertex -2.0784 14.8000 3.2000
        vertex -2.5389 14.0518 3.2000
        vertex -1.9042 14.5389 3.2000
    endloop
endfacet
facet normal 0.0000 40.0000 7.4779
    outer loop
        vertex -2.7712 14.4000 3.2000
        vertex -2.2174 15.0815 3.2000
        vertex -2.9565 14.7754 3.2000
    endloop
endfacet
facet normal 0.0000 40.0000 7.6084
    outer loop
        vertex -2.2174 15.0815 3.2000
        vertex -2.7712 14.4000 3.2000
        vertex -2.0784 14.8000 3.2000
    endloop
endfacet
facet normal 0.0000 40.0000 7.4778
    outer loop
        vertex -2.9565 14.7754 3.2000
        vertex -2.3182 15.3789 3.2000
        vertex -3.0909 15.1718 3.2000
    endloop
endfacet
facet normal 0.0000 40.0000 7.6084
    outer loop
        vertex -2.3182 15.3789 3.2000
        vertex -2.9565 14.7754 3.2000
        vertex -2.2174 15.0815 3.2000
    endloop
endfacet
facet normal 0.0000 40.0000 7.4779
    outer loop
        vertex -3.0909 15.1718 3.2000
        vertex -2.3794 15.6868 3.2000
        vertex -3.1725 15.5824 3.2000
    endloop
endfacet
facet normal 0.0000 40.0000 7.6084
    outer loop
        vertex -2.3794 15.6868 3.2000
        vertex -3.0909 15.1718 3.2000
        vertex -2.3182 15.3789 3.2000
    endloop
endfacet
facet normal 0.0000 40.0000 7.4780
    outer loop
        vertex -3.1725 15.5824 3.2000
        vertex -2.4000 16.0000 3.2000
        vertex -3.2000 16.0000 3.2000
    endloop
endfacet
facet normal 0.0000 40.0000 7.6085
    outer loop
        vertex -2.4000 16.0000 3.2000
        vertex -3.1725 15.5824 3.2000
        vertex -2.3794 15.6868 3.2000
    endloop
endfacet
facet normal -1.0440 40.0688 10.0000
    outer loop
        vertex -3.1725 16.4176 4.0000
        vertex -3.2000 16.0000 4.0000
        vertex -3.2000 16.0000 3.2000
    endloop
endfacet
facet normal -1.0440 40.0688 10.0000
    outer loop
        vertex -3.2000 16.0000 3.2000
        vertex -3.1725 16.4176 3.2000
        vertex -3.1725 16.4176 4.0000
    endloop
endfacet
facet normal -1.0264 40.2040 10.0000
    outer loop
        vertex -3.0909 16.8282 4.0000
        vertex -3.1725 16.4176 4.0000
        vertex -3.1725 16.4176 3.2000
    endloop
endfacet
facet normal -1.0264 40.2040 10.0000
    outer loop
        vertex -3.1725 16.4176 3.2000
        vertex -3.0909 16.8282 3.2000
        vertex -3.0909 16.8282 4.0000
    endloop
endfacet
facet normal -0.9912 40.3360 10.0000
    outer loop
        vertex -2.9565 17.2246 4.0000
        vertex -3.0909 16.8282 4.0000
        vertex -3.0909 16.8282 3.2000
    endloop
endfacet
facet normal -0.9912 40.3360 10.0000
    outer loop
        vertex -3.0909 16.8282 3.2000
        vertex -2.9565 17.2246 3.2000
        vertex -2.9565 17.2246 4.0000
    endloop
endfacet
facet normal -0.9384 40.4632 10.0000
    outer loop
        vertex -2.7712 17.6000 4.0000
        vertex -2.9565 17.2246 4.0000
        vertex -2.9565 17.2246 3.2000
    endloop
endfacet
facet normal -0.9384 40.4632 10.0000
    outer loop
        vertex -2.9565 17.2246 3.2000
        vertex -2.7712 17.6000 3.2000
        vertex -2.7712 17.6000 4.0000
    endloop
endfacet
facet normal -0.8704 40.5808 10.0000
    outer loop
        vertex -2.5389 17.9482 4.0000
        vertex -2.7712 17.6000 4.0000
        vertex -2.7712 17.6000 3.2000
    endloop
endfacet
facet normal -0.8704 40.5808 10.0000
    outer loop
        vertex -2.7712 17.6000 3.2000
        vertex -2.5389 17.9482 3.2000
        vertex -2.5389 17.9482 4.0000
    endloop
endfacet
facet normal -0.7864 40.6904 10.0000
    outer loop
        vertex -2.2627 18.2627 4.0000
        vertex -2.5389 17.9482 4.0000
        vertex -2.5389 17.9482 3.2000
    endloop
endfacet
facet normal -0.7864 40.6904 10.0000
    outer loop
        vertex -2.5389 17.9482 3.2000
        vertex -2.2627 18.2627 3.2000
        vertex -2.2627 18.2627 4.0000
    endloop
endfacet
facet normal -0.6904 40.7864 10.0000
    outer loop
        vertex -1.9482 18.5389 4.0000
        vertex -2.2627 18.2627 4.0000
        vertex -2.2627 18.2627 3.2000
    endloop
endfacet
facet normal -0.6904 40.7864 10.0000
    outer loop
        vertex -2.2627 18.2627 3.2000
        vertex -1.9482 18.5389 3.2000
        vertex -1.9482 18.5389 4.0000
    endloop
endfacet
facet normal -0.5808 40.8704 10.0000
    outer loop
        vertex -1.6000 18.7712 4.0000
        vertex -1.9482 18.5389 4.0000
        vertex -1.9482 18.5389 3.2000
    endloop
endfacet
facet normal -0.5808 40.8704 10.0000
    outer loop
        vertex -1.9482 18.5389 3.2000
        vertex -1.6000 18.7712 3.2000
        vertex -1.6000 18.7712 4.0000
    endloop
endfacet
facet normal -0.4632 40.9384 10.0000
    outer loop
        vertex -1.2246 18.9565 4.0000
        vertex -1.6000 18.7712 4.0000
        vertex -1.6000 18.7712 3.2000
    endloop
endfacet
facet normal -0.4632 40.9384 10.0000
    outer loop
        vertex -1.6000 18.7712 3.2000
        vertex -1.2246 18.9565 3.2000
        vertex -1.2246 18.9565 4.0000
    endloop
endfacet
facet normal -0.3360 40.9912 10.0000
    outer loop
        vertex -0.8282 19.0909 4.0000
        vertex -1.2246 18.9565 4.0000
        vertex -1.2246 18.9565 3.2000
    endloop
endfacet
facet normal -0.3360 40.9912 10.0000
    outer loop
        vertex -1.2246 18.9565 3.2000
        vertex -0.8282 19.0909 3.2000
        vertex -0.8282 19.0909 4.0000
    endloop
endfacet
facet normal -0.2040 41.0264 10.0000
    outer loop
        vertex -0.4176 19.1725 4.0000
        vertex -0.8282 19.0909 4.0000
        vertex -0.8282 19.0909 3.2000
    endloop
endfacet
facet normal -0.2040 41.0264 10.0000
    outer loop
        vertex -0.8282 19.0909 3.2000
        vertex -0.4176 19.1725 3.2000
        vertex -0.4176 19.1725 4.0000
    endloop
endfacet
facet normal -0.0688 41.0440 10.0000
    outer loop
        vertex 0.0000 19.2000 4.0000
        vertex -0.4176 19.1725 4.0000
        vertex -0.4176 19.1725 3.2000
    endloop
endfacet
facet normal -0.0688 41.0440 10.0000
    outer loop
        vertex -0.4176 19.1725 3.2000
        vertex 0.0000 19.2000 3.2000
        vertex 0.0000 19.2000 4.0000
    endloop
endfacet
facet normal 0.0688 41.0440 10.0000
    outer loop
        vertex 0.4176 19.1725 4.0000
        vertex 0.0000 19.2000 4.0000
        vertex 0.0000 19.2000 3.2000
    endloop
endfacet
facet normal 0.0688 41.0440 10.0000
    outer loop
        vertex 0.0000 19.2000 3.2000
        vertex 0.4176 19.1725 3.2000
        vertex 0.4176 19.1725 4.0000
    endloop
endfacet
facet normal 0.2040 41.0264 10.0000
    outer loop
        vertex 0.8282 19.0909 4.0000
        vertex 0.4176 19.1725 4.0000
        vertex 0.4176 19.1725 3.2000
    endloop
endfacet
facet normal 0.2040 41.0264 10.0000
    outer loop
        vertex 0.4176 19.1725 3.2000
        vertex 0.8282 19.0909 3.2000
        vertex 0.8282 19.0909 4.0000
    endloop
endfacet
facet normal 0.3360 40.9912 10.0000
    outer loop
        vertex 1.2246 18.9565 4.0000
        vertex 0.8282 19.0909 4.0000
        vertex 0.8282 19.0909 3.2000
    endloop
endfacet
facet normal 0.3360 40.9912 10.0000
    outer loop
        vertex 0.8282 19.0909 3.2000
        vertex 1.2246 18.9565 3.2000
        vertex 1.2246 18.9565 4.0000
    endloop
endfacet
facet normal 0.4632 40.9384 10.0000
    outer loop
        vertex 1.6000 18.7712 4.0000
        vertex 1.2246 18.9565 4.0000
        vertex 1.2246 18.9565 3.2000
    endloop
endfacet
facet normal 0.4632 40.9384 10.0000
    outer loop
        vertex 1.2246 18.9565 3.2000
        vertex 1.6000 18.7712 3.2000
        vertex 1.6000 18.7712 4.0000
    endloop
endfacet
facet normal 0.5808 40.8704 10.0000
    outer loop
        vertex 1.9482 18.5389 4.0000
        vertex 1.6000 18.7712 4.0000
        vertex 1.6000 18.7712 3.2000
    endloop
endfacet
facet normal 0.5808 40.8704 10.0000
    outer loop
        vertex 1.6000 18.7712 3.2000
        vertex 1.9482 18.5389 3.2000
        vertex 1.9482 18.5389 4.0000
    endloop
endfacet
facet normal 0.6904 40.7864 10.0000
    outer loop
        vertex 2.2627 18.2627 4.0000
        vertex 1.9482 18.5389 4.0000
        vertex 1.9482 18.5389 3.2000
    endloop
endfacet
facet normal 0.6904 40.7864 10.0000
    outer loop
        vertex 1.9482 18.5389 3.2000
        vertex 2.2627 18.2627 3.2000
        vertex 2.2627 18.2627 4.0000
    endloop
endfacet
facet normal 0.7864 40.6904 10.0000
    outer loop
        vertex 2.5389 17.9482 4.0000
        vertex 2.2627 18.2627 4.0000
        vertex 2.2627 18.2627 3.2000
    endloop
endfacet
facet normal 0.7864 40.6904 10.0000
    outer loop
        vertex 2.2627 18.2627 3.2000
        vertex 2.5389 17.9482 3.2000
        vertex 2.5389 17.9482 4.0000
    endloop
endfacet
facet normal 0.8704 40.5808 10.0000
    outer loop
        vertex 2.7712 17.6000 4.0000
        vertex 2.5389 17.9482 4.0000
        vertex 2.5389 17.9482 3.2000
    endloop
endfacet
facet normal 0.8704 40.5808 10.0000
    outer loop
        vertex 2.5389 17.9482 3.2000
        vertex 2.7712 17.6000 3.2000
        vertex 2.7712 17.6000 4.0000
    endloop
endfacet
facet normal 0.9384 40.4632 10.0000
    outer loop
        vertex 2.9565 17.2246 4.0000
        vertex 2.7712 17.6000 4.0000
        vertex 2.7712 17.6000 3.2000
    endloop
endfacet
facet normal 0.9384 40.4632 10.0000
    outer loop
        vertex 2.7712 17.6000 3.2000
        vertex 2.9565 17.2246 3.2000
        vertex 2.9565 17.2246 4.0000
    endloop
endfacet
facet normal 0.9912 40.3360 10.0000
    outer loop
        vertex 3.0909 16.8282 4.0000
        vertex 2.9565 17.2246 4.0000
        vertex 2.9565 17.2246 3.2000
    endloop
endfacet
facet normal 0.9912 40.3360 10.0000
    outer loop
        vertex 2.9565 17.2246 3.2000
        vertex 3.0909 16.8282 3.2000
        vertex 3.0909 16.8282 4.0000
    endloop
endfacet
facet normal 1.0264 40.2040 10.0000
    outer loop
        vertex 3.1725 16.4176 4.0000
        vertex 3.0909 16.8282 4.0000
        vertex 3.0909 16.8282 3.2000
    endloop
endfacet
facet normal 1.0264 40.2040 10.0000
    outer loop
        vertex 3.0909 16.8282 3.2000
        vertex 3.1725 16.4176 3.2000
        vertex 3.1725 16.4176 4.0000
    endloop
endfacet
facet normal 1.0440 40.0688 10.0000
    outer loop
        vertex 3.2000 16.0000 4.0000
        vertex 3.1725 16.4176 4.0000
        vertex 3.1725 16.4176 3.2000
    endloop
endfacet
facet normal 1.0440 40.0688 10.0000
    outer loop
        vertex 3.1725 16.4176 3.2000
        vertex 3.2000 16.0000 3.2000
        vertex 3.2000 16.0000 4.0000
    endloop
endfacet
facet normal 1.0440 39.9312 10.0000
    outer loop
        vertex 3.1725 15.5824 4.0000
        vertex 3.2000 16.0000 4.0000
        vertex 3.2000 16.0000 3.2000
    endloop
endfacet
facet normal 1.0440 39.9312 10.0000
    outer loop
        vertex 3.2000 16.0000 3.2000
        vertex 3.1725 15.5824 3.2000
        vertex 3.1725 15.5824 4.0000
    endloop
endfacet
facet normal 1.0264 39.7960 10.0000
    outer loop
        vertex 3.0909 15.1718 4.0000
        vertex 3.1725 15.5824 4.0000
        vertex 3.1725 15.5824 3.2000
    endloop
endfacet
facet normal 1.0264 39.7960 10.0000
    outer loop
        vertex 3.1725 15.5824 3.2000
        vertex 3.0909 15.1718 3.2000
        vertex 3.0909 15.1718 4.0000
    endloop
endfacet
facet normal 0.9912 39.6640 10.0000
    outer loop
        vertex 2.9565 14.7754 4.0000
        vertex 3.0909 15.1718 4.0000
        vertex 3.0909 15.1718 3.2000
    endloop
endfacet
facet normal 0.9912 39.6640 10.0000
    outer loop
        vertex 3.0909 15.1718 3.2000
        vertex 2.9565 14.7754 3.2000
        vertex 2.9565 14.7754 4.0000
    endloop
endfacet
facet normal 0.9384 39.5368 10.0000
    outer loop
        vertex 2.7712 14.4000 4.0000
        vertex 2.9565 14.7754 4.0000
        vertex 2.9565 14.7754 3.2000
    endloop
endfacet
facet normal 0.9384 39.5368 10.0000
    outer loop
        vertex 2.9565 14.7754 3.2000
        vertex 2.7712 14.4000 3.2000
        vertex 2.7712 14.4000 4.0000
    endloop
endfacet
facet normal 0.8704 39.4192 10.0000
    outer loop
        vertex 2.5389 14.0518 4.0000
        vertex 2.7712 14.4000 4.0000
        vertex 2.7712 14.4000 3.2000
    endloop
endfacet
facet normal 0.8704 39.4192 10.0000
    outer loop
        vertex 2.7712 14.4000 3.2000
        vertex 2.5389 14.0518 3.2000
        vertex 2.5389 14.0518 4.0000
    endloop
endfacet
facet normal 0.7864 39.3096 10.0000
    outer loop
        vertex 2.2627 13.7373 4.0000
        vertex 2.5389 14.0518 4.0000
        vertex 2.5389 14.0518 3.2000
    endloop
endfacet
facet normal 0.7864 39.3096 10.0000
    outer loop
        vertex 2.5389 14.0518 3.2000
        vertex 2.2627 13.7373 3.2000
        vertex 2.2627 13.7373 4.0000
    endloop
endfacet
facet normal 0.6904 39.2136 10.0000
    outer loop
        vertex 1.9482 13.4611 4.0000
        vertex 2.2627 13.7373 4.0000
        vertex 2.2627 13.7373 3.2000
    endloop
endfacet
facet normal 0.6904 39.2136 10.0000
    outer loop
        vertex 2.2627 13.7373 3.2000
        vertex 1.9482 13.4611 3.2000
        vertex 1.9482 13.4611 4.0000
    endloop
endfacet
facet normal 0.5808 39.1296 10.0000
    outer loop
        vertex 1.6000 13.2288 4.0000
        vertex 1.9482 13.4611 4.0000
        vertex 1.9482 13.4611 3.2000
    endloop
endfacet
facet normal 0.5808 39.1296 10.0000
    outer loop
        vertex 1.9482 13.4611 3.2000
        vertex 1.6000 13.2288 3.2000
        vertex 1.6000 13.2288 4.0000
    endloop
endfacet
facet normal 0.4632 39.0616 10.0000
    outer loop
        vertex 1.2246 13.0435 4.0000
        vertex 1.6000 13.2288 4.0000
        vertex 1.6000 13.2288 3.2000
    endloop
endfacet
facet normal 0.4632 39.0616 10.0000
    outer loop
        vertex 1.6000 13.2288 3.2000
        vertex 1.2246 13.0435 3.2000
        vertex 1.2246 13.0435 4.0000
    endloop
endfacet
facet normal 0.3360 39.0088 10.0000
    outer loop
        vertex 0.8282 12.9091 4.0000
        vertex 1.2246 13.0435 4.0000
        vertex 1.2246 13.0435 3.2000
    endloop
endfacet
facet normal 0.3360 39.0088 10.0000
    outer loop
        vertex 1.2246 13.0435 3.2000
        vertex 0.8282 12.9091 3.2000
        vertex 0.8282 12.9091 4.0000
    endloop
endfacet
facet normal 0.2040 38.9736 10.0000
    outer loop
        vertex 0.4176 12.8275 4.0000
        vertex 0.8282 12.9091 4.0000
        vertex 0.8282 12.9091 3.2000
    endloop
endfacet
facet normal 0.2040 38.9736 10.0000
    outer loop
        vertex 0.8282 12.9091 3.2000
        vertex 0.4176 12.8275 3.2000
        vertex 0.4176 12.8275 4.0000
    endloop
endfacet
facet normal 0.0688 38.9560 10.0000
    outer loop
        vertex 0.0000 12.8000 4.0000
        vertex 0.4176 12.8275 4.0000
        vertex 0.4176 12.8275 3.2000
    endloop
endfacet
facet normal 0.0688 38.9560 10.0000
    outer loop
        vertex 0.4176 12.8275 3.2000
        vertex 0.0000 12.8000 3.2000
        vertex 0.0000 12.8000 4.0000
    endloop
endfacet
facet normal -0.0688 38.9560 10.0000
    outer loop
        vertex -0.4176 12.8275 4.0000
        vertex 0.0000 12.8000 4.0000
        vertex 0.0000 12.8000 3.2000
    endloop
endfacet
facet normal -0.0688 38.9560 10.0000
    outer loop
        vertex 0.0000 12.8000 3.2000
        vertex -0.4176 12.8275 3.2000
        vertex -0.4176 12.8275 4.0000
    endloop
endfacet
facet normal -0.2040 38.9736 10.0000
    outer loop
        vertex -0.8282 12.9091 4.0000
        vertex -0.4176 12.8275 4.0000
        vertex -0.4176 12.8275 3.2000
    endloop
endfacet
facet normal -0.2040 38.9736 10.0000
    outer loop
        vertex -0.4176 12.8275 3.2000
        vertex -0.8282 12.9091 3.2000
        vertex -0.8282 12.9091 4.0000
    endloop
endfacet
facet normal -0.3360 39.0088 10.0000
    outer loop
        vertex -1.2246 13.0435 4.0000
        vertex -0.8282 12.9091 4.0000
        vertex -0.8282 12.9091 3.2000
    endloop
endfacet
facet normal -0.3360 39.0088 10.0000
    outer loop
        vertex -0.8282 12.9091 3.2000
        vertex -1.2246 13.0435 3.2000
        vertex -1.2246 13.0435 4.0000
    endloop
endfacet
facet normal -0.4632 39.0616 10.0000
    outer loop
        vertex -1.6000 13.2288 4.0000
        vertex -1.2246 13.0435 4.0000
        vertex -1.2246 13.0435 3.2000
    endloop
endfacet
facet normal -0.4632 39.0616 10.0000
    outer loop
        vertex -1.2246 13.0435 3.2000
        vertex -1.6000 13.2288 3.2000
        vertex -1.6000 13.2288 4.0000
    endloop
endfacet
facet normal -0.5808 39.1296 10.0000
    outer loop
        vertex -1.9482 13.4611 4.0000
        vertex -1.6000 13.2288 4.0000
        vertex -1.6000 13.2288 3.2000
    endloop
endfacet
facet normal -0.5808 39.1296 10.0000
    outer loop
        vertex -1.6000 13.2288 3.2000
        vertex -1.9482 13.4611 3.2000
        vertex -1.9482 13.4611 4.0000
    endloop
endfacet
facet normal -0.6904 39.2136 10.0000
    outer loop
        vertex -2.2627 13.7373 4.0000
        vertex -1.9482 13.4611 4.0000
        vertex -1.9482 13.4611 3.2000
    endloop
endfacet
facet normal -0.6904 39.2136 10.0000
    outer loop
        vertex -1.9482 13.4611 3.2000
        vertex -2.2627 13.7373 3.2000
        vertex -2.2627 13.7373 4.0000
    endloop
endfacet
facet normal -0.7864 39.3096 10.0000
    outer loop
        vertex -2.5389 14.0518 4.0000
        vertex -2.2627 13.7373 4.0000
        vertex -2.2627 13.7373 3.2000
    endloop
endfacet
facet normal -0.7864 39.3096 10.0000
    outer loop
        vertex -2.2627 13.7373 3.2000
        vertex -2.5389 14.0518 3.2000
        vertex -2.5389 14.0518 4.0000
    endloop
endfacet
facet normal -0.8704 39.4192 10.0000
    outer loop
        vertex -2.7712 14.4000 4.0000
        vertex -2.5389 14.0518 4.0000
        vertex -2.5389 14.0518 3.2000
    endloop
endfacet
facet normal -0.8704 39.4192 10.0000
    outer loop
        vertex -2.5389 14.0518 3.2000
        vertex -2.7712 14.4000 3.2000
        vertex -2.7712 14.4000 4.0000
    endloop
endfacet
facet normal -0.9384 39.5368 10.0000
    outer loop
        vertex -2.9565 14.7754 4.0000
        vertex -2.7712 14.4000 4.0000
        vertex -2.7712 14.4000 3.2000
    endloop
endfacet
facet normal -0.9384 39.5368 10.0000
    outer loop
        vertex -2.7712 14.4000 3.2000
        vertex -2.9565 14.7754 3.2000
        vertex -2.9565 14.7754 4.0000
    endloop
endfacet
facet normal -0.9912 39.6640 10.0000
    outer loop
        vertex -3.0909 15.1718 4.0000
        vertex -2.9565 14.7754 4.0000
        vertex -2.9565 14.7754 3.2000
    endloop
endfacet
facet normal -0.9912 39.6640 10.0000
    outer loop
        vertex -2.9565 14.7754 3.2000
        vertex -3.0909 15.1718 3.2000
        vertex -3.0909 15.1718 4.0000
    endloop
endfacet
facet normal -1.0264 39.7960 10.0000
    outer loop
        vertex -3.1725 15.5824 4.0000
        vertex -3.0909 15.1718 4.0000
        vertex -3.0909 15.1718 3.2000
    endloop
endfacet
facet normal -1.0264 39.7960 10.0000
    outer loop
        vertex -3.0909 15.1718 3.2000
        vertex -3.1725 15.5824 3.2000
        vertex -3.1725 15.5824 4.0000
    endloop
endfacet
facet normal -1.0440 39.9312 10.0000
    outer loop
        vertex -3.2000 16.0000 4.0000
        vertex -3.1725 15.5824 4.0000
        vertex -3.1725 15.5824 3.2000
    endloop
endfacet
facet normal -1.0440 39.9312 10.0000
    outer loop
        vertex -3.1725 15.5824 3.2000
        vertex -3.2000 16.0000 3.2000
        vertex -3.2000 16.0000 4.0000
    endloop
endfacet
facet normal 1.3050 39.9140 10.0000
    outer loop
        vertex -3.9656 16.5220 4.0000
        vertex -4.0000 16.0000 3.8000
        vertex -4.0000 16.0000 4.0000
    endloop
endfacet
facet normal 1.3050 39.9140 10.0000
    outer loop
        vertex -4.0000 16.0000 3.8000
        vertex -3.9656 16.5220 4.0000
        vertex -3.9656 16.5220 3.8000
    endloop
endfacet
facet normal 1.2830 39.7450 10.0000
    outer loop
        vertex -3.8636 17.0352 4.0000
        vertex -3.9656 16.5220 3.8000
        vertex -3.9656 16.5220 4.0000
    endloop
endfacet
facet normal 1.2830 39.7450 10.0000
    outer loop
        vertex -3.9656 16.5220 3.8000
        vertex -3.8636 17.0352 4.0000
        vertex -3.8636 17.0352 3.8000
    endloop
endfacet
facet normal 1.2390 39.5800 10.0000
    outer loop
        vertex -3.6956 17.5308 4.0000
        vertex -3.8636 17.0352 3.8000
        vertex -3.8636 17.0352 4.0000
    endloop
endfacet
facet normal 1.2390 39.5800 10.0000
    outer loop
        vertex -3.8636 17.0352 3.8000
        vertex -3.6956 17.5308 4.0000
        vertex -3.6956 17.5308 3.8000
    endloop
endfacet
facet normal 1.1730 39.4210 10.0000
    outer loop
        vertex -3.4640 18.0000 4.0000
        vertex -3.6956 17.5308 3.8000
        vertex -3.6956 17.5308 4.0000
    endloop
endfacet
facet normal 1.1730 39.4210 10.0000
    outer loop
        vertex -3.6956 17.5308 3.8000
        vertex -3.4640 18.0000 4.0000
        vertex -3.4640 18.0000 3.8000
    endloop
endfacet
facet normal 1.0880 39.2740 10.0000
    outer loop
        vertex -3.1736 18.4352 4.0000
        vertex -3.4640 18.0000 3.8000
        vertex -3.4640 18.0000 4.0000
    endloop
endfacet
facet normal 1.0880 39.2740 10.0000
    outer loop
        vertex -3.4640 18.0000 3.8000
        vertex -3.1736 18.4352 4.0000
        vertex -3.1736 18.4352 3.8000
    endloop
endfacet
facet normal 0.9830 39.1370 10.0000
    outer loop
        vertex -2.8284 18.8284 4.0000
        vertex -3.1736 18.4352 3.8000
        vertex -3.1736 18.4352 4.0000
    endloop
endfacet
facet normal 0.9830 39.1370 10.0000
    outer loop
        vertex -3.1736 18.4352 3.8000
        vertex -2.8284 18.8284 4.0000
        vertex -2.8284 18.8284 3.8000
    endloop
endfacet
facet normal 0.8630 39.0170 10.0000
    outer loop
        vertex -2.4352 19.1736 4.0000
        vertex -2.8284 18.8284 3.8000
        vertex -2.8284 18.8284 4.0000
    endloop
endfacet
facet normal 0.8630 39.0170 10.0000
    outer loop
        vertex -2.8284 18.8284 3.8000
        vertex -2.4352 19.1736 4.0000
        vertex -2.4352 19.1736 3.8000
    endloop
endfacet
facet normal 0.7260 38.9120 10.0000
    outer loop
        vertex -2.0000 19.4640 4.0000
        vertex -2.4352 19.1736 3.8000
        vertex -2.4352 19.1736 4.0000
    endloop
endfacet
facet normal 0.7260 38.9120 10.0000
    outer loop
        vertex -2.4352 19.1736 3.8000
        vertex -2.0000 19.4640 4.0000
        vertex -2.0000 19.4640 3.8000
    endloop
endfacet
facet normal 0.5790 38.8270 10.0000
    outer loop
        vertex -1.5308 19.6956 4.0000
        vertex -2.0000 19.4640 3.8000
        vertex -2.0000 19.4640 4.0000
    endloop
endfacet
facet normal 0.5790 38.8270 10.0000
    outer loop
        vertex -2.0000 19.4640 3.8000
        vertex -1.5308 19.6956 4.0000
        vertex -1.5308 19.6956 3.8000
    endloop
endfacet
facet normal 0.4200 38.7610 10.0000
    outer loop
        vertex -1.0352 19.8636 4.0000
        vertex -1.5308 19.6956 3.8000
        vertex -1.5308 19.6956 4.0000
    endloop
endfacet
facet normal 0.4200 38.7610 10.0000
    outer loop
        vertex -1.5308 19.6956 3.8000
        vertex -1.0352 19.8636 4.0000
        vertex -1.0352 19.8636 3.8000
    endloop
endfacet
facet normal 0.2550 38.7170 10.0000
    outer loop
        vertex -0.5220 19.9656 4.0000
        vertex -1.0352 19.8636 3.8000
        vertex -1.0352 19.8636 4.0000
    endloop
endfacet
facet normal 0.2550 38.7170 10.0000
    outer loop
        vertex -1.0352 19.8636 3.8000
        vertex -0.5220 19.9656 4.0000
        vertex -0.5220 19.9656 3.8000
    endloop
endfacet
facet normal 0.0860 38.6950 10.0000
    outer loop
        vertex 0.0000 20.0000 4.0000
        vertex -0.5220 19.9656 3.8000
        vertex -0.5220 19.9656 4.0000
    endloop
endfacet
facet normal 0.0860 38.6950 10.0000
    outer loop
        vertex -0.5220 19.9656 3.8000
        vertex 0.0000 20.0000 4.0000
        vertex 0.0000 20.0000 3.8000
    endloop
endfacet
facet normal -0.0860 38.6950 10.0000
    outer loop
        vertex 0.5220 19.9656 4.0000
        vertex 0.0000 20.0000 3.8000
        vertex 0.0000 20.0000 4.0000
    endloop
endfacet
facet normal -0.0860 38.6950 10.0000
    outer loop
        vertex 0.0000 20.0000 3.8000
        vertex 0.5220 19.9656 4.0000
        vertex 0.5220 19.9656 3.8000
    endloop
endfacet
facet normal -0.2550 38.7170 10.0000
    outer loop
        vertex 1.0352 19.8636 4.0000
        vertex 0.5220 19.9656 3.8000
        vertex 0.5220 19.9656 4.0000
    endloop
endfacet
facet normal -0.2550 38.7170 10.0000
    outer loop
        vertex 0.5220 19.9656 3.8000
        vertex 1.0352 19.8636 4.0000
        vertex 1.0352 19.8636 3.8000
    endloop
endfacet
facet normal -0.4200 38.7610 10.0000
    outer loop
        vertex 1.5308 19.6956 4.0000
        vertex 1.0352 19.8636 3.8000
        vertex 1.0352 19.8636 4.0000
    endloop
endfacet
facet normal -0.4200 38.7610 10.0000
    outer loop
        vertex 1.0352 19.8636 3.8000
        vertex 1.5308 19.6956 4.0000
        vertex 1.5308 19.6956 3.8000
    endloop
endfacet
facet normal -0.5790 38.8270 10.0000
    outer loop
        vertex 2.0000 19.4640 4.0000
        vertex 1.5308 19.6956 3.8000
        vertex 1.5308 19.6956 4.0000
    endloop
endfacet
facet normal -0.5790 38.8270 10.0000
    outer loop
        vertex 1.5308 19.6956 3.8000
        vertex 2.0000 19.4640 4.0000
        vertex 2.0000 19.4640 3.8000
    endloop
endfacet
facet normal -0.7260 38.9120 10.0000
    outer loop
        vertex 2.4352 19.1736 4.0000
        vertex 2.0000 19.4640 3.8000
        vertex 2.0000 19.4640 4.0000
    endloop
endfacet
facet normal -0.7260 38.9120 10.0000
    outer loop
        vertex 2.0000 19.4640 3.8000
        vertex 2.4352 19.1736 4.0000
        vertex 2.4352 19.1736 3.8000
    endloop
endfacet
facet normal -0.8630 39.0170 10.0000
    outer loop
        vertex 2.8284 18.8284 4.0000
        vertex 2.4352 19.1736 3.8000
        vertex 2.4352 19.1736 4.0000
    endloop
endfacet
facet normal -0.8630 39.0170 10.0000
    outer loop
        vertex 2.4352 19.1736 3.8000
        vertex 2.8284 18.8284 4.0000
        vertex 2.8284 18.8284 3.8000
    endloop
endfacet
facet normal -0.9830 39.1370 10.0000
    outer loop
        vertex 3.1736 18.4352 4.0000
        vertex 2.8284 18.8284 3.8000
        vertex 2.8284 18.8284 4.0000
    endloop
endfacet
facet normal -0.9830 39.1370 10.0000
    outer loop
        vertex 2.8284 18.8284 3.8000
        vertex 3.1736 18.4352 4.0000
        vertex 3.1736 18.4352 3.8000
    endloop
endfacet
facet normal -1.0880 39.2740 10.0000
    outer loop
        vertex 3.4640 18.0000 4.0000
        vertex 3.1736 18.4352 3.8000
        vertex 3.1736 18.4352 4.0000
    endloop
endfacet
facet normal -1.0880 39.2740 10.0000
    outer loop
        vertex 3.1736 18.4352 3.8000
        vertex 3.4640 18.0000 4.0000
        vertex 3.4640 18.0000 3.8000
    endloop
endfacet
facet normal -1.1730 39.4210 10.0000
    outer loop
        vertex 3.6956 17.5308 4.0000
        vertex 3.4640 18.0000 3.8000
        vertex 3.4640 18.0000 4.0000
    endloop
endfacet
facet normal -1.1730 39.4210 10.0000
    outer loop
        vertex 3.4640 18.0000 3.8000
        vertex 3.6956 17.5308 4.0000
        vertex 3.6956 17.5308 3.8000
    endloop
endfacet
facet normal -1.2390 39.5800 10.0000
    outer loop
        vertex 3.8636 17.0352 4.0000
        vertex 3.6956 17.5308 3.8000
        vertex 3.6956 17.5308 4.0000
    endloop
endfacet
facet normal -1.2390 39.5800 10.0000
    outer loop
        vertex 3.6956 17.5308 3.8000
        vertex 3.8636 17.0352 4.0000
        vertex 3.8636 17.0352 3.8000
    endloop
endfacet
facet normal -1.2830 39.7450 10.0000
    outer loop
        vertex 3.9656 16.5220 4.0000
        vertex 3.8636 17.0352 3.8000
        vertex 3.8636 17.0352 4.0000
    endloop
endfacet
facet normal -1.2830 39.7450 10.0000
    outer loop
        vertex 3.8636 17.0352 3.8000
        vertex 3.9656 16.5220 4.0000
        vertex 3.9656 16.5220 3.8000
    endloop
endfacet
facet normal -1.3050 39.9140 10.0000
    outer loop
        vertex 4.0000 16.0000 4.0000
        vertex 3.9656 16.5220 3.8000
        vertex 3.9656 16.5220 4.0000
    endloop
endfacet
facet normal -1.3050 39.9140 10.0000
    outer loop
        vertex 3.9656 16.5220 3.8000
        vertex 4.0000 16.0000 4.0000
        vertex 4.0000 16.0000 3.8000
    endloop
endfacet
facet normal -1.3050 40.0860 10.0000
    outer loop
        vertex 3.9656 15.4780 4.0000
        vertex 4.0000 16.0000 3.8000
        vertex 4.0000 16.0000 4.0000
    endloop
endfacet
facet normal -1.3050 40.0860 10.0000
    outer loop
        vertex 4.0000 16.0000 3.8000
        vertex 3.9656 15.4780 4.0000
        vertex 3.9656 15.4780 3.8000
    endloop
endfacet
facet normal -1.2830 40.2550 10.0000
    outer loop
        vertex 3.8636 14.9648 4.0000
        vertex 3.9656 15.4780 3.8000
        vertex 3.9656 15.4780 4.0000
    endloop
endfacet
facet normal -1.2830 40.2550 10.0000
    outer loop
        vertex 3.9656 15.4780 3.8000
        vertex 3.8636 14.9648 4.0000
        vertex 3.8636 14.9648 3.8000
    endloop
endfacet
facet normal -1.2390 40.4200 10.0000
    outer loop
        vertex 3.6956 14.4692 4.0000
        vertex 3.8636 14.9648 3.8000
        vertex 3.8636 14.9648 4.0000
    endloop
endfacet
facet normal -1.2390 40.4200 10.0000
    outer loop
        vertex 3.8636 14.9648 3.8000
        vertex 3.6956 14.4692 4.0000
        vertex 3.6956 14.4692 3.8000
    endloop
endfacet
facet normal -1.1730 40.5790 10.0000
    outer loop
        vertex 3.4640 14.0000 4.0000
        vertex 3.6956 14.4692 3.8000
        vertex 3.6956 14.4692 4.0000
    endloop
endfacet
facet normal -1.1730 40.5790 10.0000
    outer loop
        vertex 3.6956 14.4692 3.8000
        vertex 3.4640 14.0000 4.0000
        vertex 3.4640 14.0000 3.8000
    endloop
endfacet
facet normal -1.0880 40.7260 10.0000
    outer loop
        vertex 3.1736 13.5648 4.0000
        vertex 3.4640 14.0000 3.8000
        vertex 3.4640 14.0000 4.0000
    endloop
endfacet
facet normal -1.0880 40.7260 10.0000
    outer loop
        vertex 3.4640 14.0000 3.8000
        vertex 3.1736 13.5648 4.0000
        vertex 3.1736 13.5648 3.8000
    endloop
endfacet
facet normal -0.9830 40.8630 10.0000
    outer loop
        vertex 2.8284 13.1716 4.0000
        vertex 3.1736 13.5648 3.8000
        vertex 3.1736 13.5648 4.0000
    endloop
endfacet
facet normal -0.9830 40.8630 10.0000
    outer loop
        vertex 3.1736 13.5648 3.8000
        vertex 2.8284 13.1716 4.0000
        vertex 2.8284 13.1716 3.8000
    endloop
endfacet
facet normal -0.8630 40.9830 10.0000
    outer loop
        vertex 2.4352 12.8264 4.0000
        vertex 2.8284 13.1716 3.8000
        vertex 2.8284 13.1716 4.0000
    endloop
endfacet
facet normal -0.8630 40.9830 10.0000
    outer loop
        vertex 2.8284 13.1716 3.8000
        vertex 2.4352 12.8264 4.0000
        vertex 2.4352 12.8264 3.8000
    endloop
endfacet
facet normal -0.7260 41.0880 10.0000
    outer loop
        vertex 2.0000 12.5360 4.0000
        vertex 2.4352 12.8264 3.8000
        vertex 2.4352 12.8264 4.0000
    endloop
endfacet
facet normal -0.7260 41.0880 10.0000
    outer loop
        vertex 2.4352 12.8264 3.8000
        vertex 2.0000 12.5360 4.0000
        vertex 2.0000 12.5360 3.8000
    endloop
endfacet
facet normal -0.5790 41.1730 10.0000
    outer loop
        vertex 1.5308 12.3044 4.0000
        vertex 2.0000 12.5360 3.8000
        vertex 2.0000 12.5360 4.0000
    endloop
endfacet
facet normal -0.5790 41.1730 10.0000
    outer loop
        vertex 2.0000 12.5360 3.8000
        vertex 1.5308 12.3044 4.0000
        vertex 1.5308 12.3044 3.8000
    endloop
endfacet
facet normal -0.4200 41.2390 10.0000
    outer loop
        vertex 1.0352 12.1364 4.0000
        vertex 1.5308 12.3044 3.8000
        vertex 1.5308 12.3044 4.0000
    endloop
endfacet
facet normal -0.4200 41.2390 10.0000
    outer loop
        vertex 1.5308 12.3044 3.8000
        vertex 1.0352 12.1364 4.0000
        vertex 1.0352 12.1364 3.8000
    endloop
endfacet
facet normal -0.2550 41.2830 10.0000
    outer loop
        vertex 0.5220 12.0344 4.0000
        vertex 1.0352 12.1364 3.8000
        vertex 1.0352 12.1364 4.0000
    endloop
endfacet
facet normal -0.2550 41.2830 10.0000
    outer loop
        vertex 1.0352 12.1364 3.8000
        vertex 0.5220 12.0344 4.0000
        vertex 0.5220 12.0344 3.8000
    endloop
endfacet
facet normal -0.0860 41.3050 10.0000
    outer loop
        vertex 0.0000 12.0000 4.0000
        vertex 0.5220 12.0344 3.8000
        vertex 0.5220 12.0344 4.0000
    endloop
endfacet
facet normal -0.0860 41.3050 10.0000
    outer loop
        vertex 0.5220 12.0344 3.8000
        vertex 0.0000 12.0000 4.0000
        vertex 0.0000 12.0000 3.8000
    endloop
endfacet
facet normal 0.0860 41.3050 10.0000
    outer loop
        vertex -0.5220 12.0344 4.0000
        vertex 0.0000 12.0000 3.8000
        vertex 0.0000 12.0000 4.0000
    endloop
endfacet
facet normal 0.0860 41.3050 10.0000
    outer loop
        vertex 0.0000 12.0000 3.8000
        vertex -0.5220 12.0344 4.0000
        vertex -0.5220 12.0344 3.8000
    endloop
endfacet
facet normal 0.2550 41.2830 10.0000
    outer loop
        vertex -1.0352 12.1364 4.0000
        vertex -0.5220 12.0344 3.8000
        vertex -0.5220 12.0344 4.0000
    endloop
endfacet
facet normal 0.2550 41.2830 10.0000
    outer loop
        vertex -0.5220 12.0344 3.8000
        vertex -1.0352 12.1364 4.0000
        vertex -1.0352 12.1364 3.8000
    endloop
endfacet
facet normal 0.4200 41.2390 10.0000
    outer loop
        vertex -1.5308 12.3044 4.0000
        vertex -1.0352 12.1364 3.8000
        vertex -1.0352 12.1364 4.0000
    endloop
endfacet
facet normal 0.4200 41.2390 10.0000
    outer loop
        vertex -1.0352 12.1364 3.8000
        vertex -1.5308 12.3044 4.0000
        vertex -1.5308 12.3044 3.8000
    endloop
endfacet
facet normal 0.5790 41.1730 10.0000
    outer loop
        vertex -2.0000 12.5360 4.0000
        vertex -1.5308 12.3044 3.8000
        vertex -1.5308 12.3044 4.0000
    endloop
endfacet
facet normal 0.5790 41.1730 10.0000
    outer loop
        vertex -1.5308 12.3044 3.8000
        vertex -2.0000 12.5360 4.0000
        vertex -2.0000 12.5360 3.8000
    endloop
endfacet
facet normal 0.7260 41.0880 10.0000
    outer loop
        vertex -2.4352 12.8264 4.0000
        vertex -2.0000 12.5360 3.8000
        vertex -2.0000 12.5360 4.0000
    endloop
endfacet
facet normal 0.7260 41.0880 10.0000
    outer loop
        vertex -2.0000 12.5360 3.8000
        vertex -2.4352 12.8264 4.0000
        vertex -2.4352 12.8264 3.8000
    endloop
endfacet
facet normal 0.8630 40.9830 10.0000
    outer loop
        vertex -2.8284 13.1716 4.0000
        vertex -2.4352 12.8264 3.8000
        vertex -2.4352 12.8264 4.0000
    endloop
endfacet
facet normal 0.8630 40.9830 10.0000
    outer loop
        vertex -2.4352 12.8264 3.8000
        vertex -2.8284 13.1716 4.0000
        vertex -2.8284 13.1716 3.8000
    endloop
endfacet
facet normal 0.9830 40.8630 10.0000
    outer loop
        vertex -3.1736 13.5648 4.0000
        vertex -2.8284 13.1716 3.8000
        vertex -2.8284 13.1716 4.0000
    endloop
endfacet
facet normal 0.9830 40.8630 10.0000
    outer loop
        vertex -2.8284 13.1716 3.8000
        vertex -3.1736 13.5648 4.0000
        vertex -3.1736 13.5648 3.8000
    endloop
endfacet
facet normal 1.0880 40.7260 10.0000
    outer loop
        vertex -3.4640 14.0000 4.0000
        vertex -3.1736 13.5648 3.8000
        vertex -3.1736 13.5648 4.0000
    endloop
endfacet
facet normal 1.0880 40.7260 10.0000
    outer loop
        vertex -3.1736 13.5648 3.8000
        vertex -3.4640 14.0000 4.0000
        vertex -3.4640 14.0000 3.8000
    endloop
endfacet
facet normal 1.1730 40.5790 10.0000
    outer loop
        vertex -3.6956 14.4692 4.0000
        vertex -3.4640 14.0000 3.8000
        vertex -3.4640 14.0000 4.0000
    endloop
endfacet
facet normal 1.1730 40.5790 10.0000
    outer loop
        vertex -3.4640 14.0000 3.8000
        vertex -3.6956 14.4692 4.0000
        vertex -3.6956 14.4692 3.8000
    endloop
endfacet
facet normal 1.2390 40.4200 10.0000
    outer loop
        vertex -3.8636 14.9648 4.0000
        vertex -3.6956 14.4692 3.8000
        vertex -3.6956 14.4692 4.0000
    endloop
endfacet
facet normal 1.2390 40.4200 10.0000
    outer loop
        vertex -3.6956 14.4692 3.8000
        vertex -3.8636 14.9648 4.0000
        vertex -3.8636 14.9648 3.8000
    endloop
endfacet
facet normal 1.2830 40.2550 10.0000
    outer loop
        vertex -3.9656 15.4780 4.0000
        vertex -3.8636 14.9648 3.8000
        vertex -3.8636 14.9648 4.0000
    endloop
endfacet
facet normal 1.2830 40.2550 10.0000
    outer loop
        vertex -3.8636 14.9648 3.8000
        vertex -3.9656 15.4780 4.0000
        vertex -3.9656 15.4780 3.8000
    endloop
endfacet
facet normal 1.3050 40.0860 10.0000
    outer loop
        vertex -4.0000 16.0000 4.0000
        vertex -3.9656 15.4780 3.8000
        vertex -3.9656 15.4780 4.0000
    endloop
endfacet
facet normal 1.3050 40.0860 10.0000
    outer loop
        vertex -3.9656 15.4780 3.8000
        vertex -4.0000 16.0000 4.0000
        vertex -4.0000 16.0000 3.8000
    endloop
endfacet
facet normal 0.0000 40.0000 11.3050
    outer loop
        vertex 4.0000 16.0000 4.0000
        vertex 3.9656 16.5220 4.0000
        vertex 3.5690 16.4698 4.0000
    endloop
endfacet
facet normal 0.0000 40.0000 11.1745
    outer loop
        vertex 3.5690 16.4698 4.0000
        vertex 3.6000 16.0000 4.0000
        vertex 4.0000 16.0000 4.0000
    endloop
endfacet
facet normal 0.0000 40.0000 11.3052
    outer loop
        vertex 3.9656 16.5220 4.0000
        vertex 3.8636 17.0352 4.0000
        vertex 3.4772 16.9317 4.0000
    endloop
endfacet
facet normal 0.0000 40.0000 11.1747
    outer loop
        vertex 3.4772 16.9317 4.0000
        vertex 3.5690 16.4698 4.0000
        vertex 3.9656 16.5220 4.0000
    endloop
endfacet
facet normal 0.0000 40.0000 11.3054
    outer loop
        vertex 3.8636 17.0352 4.0000
        vertex 3.6956 17.5308 4.0000
        vertex 3.3260 17.3777 4.0000
    endloop
endfacet
facet normal 0.0000 40.0000 11.1749
    outer loop
        vertex 3.3260 17.3777 4.0000
        vertex 3.4772 16.9317 4.0000
        vertex 3.8636 17.0352 4.0000
    endloop
endfacet
facet normal 0.0000 40.0000 11.3053
    outer loop
        vertex 3.6956 17.5308 4.0000
        vertex 3.4640 18.0000 4.0000
        vertex 3.1176 17.8000 4.0000
    endloop
endfacet
facet normal 0.0000 40.0000 11.1748
    outer loop
        vertex 3.1176 17.8000 4.0000
        vertex 3.3260 17.3777 4.0000
        vertex 3.6956 17.5308 4.0000
    endloop
endfacet
facet normal 0.0000 40.0000 11.3052
    outer loop
        vertex 3.4640 18.0000 4.0000
        vertex 3.1736 18.4352 4.0000
        vertex 2.8562 18.1917 4.0000
    endloop
endfacet
facet normal 0.0000 40.0000 11.1747
    outer loop
        vertex 2.8562 18.1917 4.0000
        vertex 3.1176 17.8000 4.0000
        vertex 3.4640 18.0000 4.0000
    endloop
endfacet
facet normal 0.0000 40.0000 11.3053
    outer loop
        vertex 3.1736 18.4352 4.0000
        vertex 2.8284 18.8284 4.0000
        vertex 2.5456 18.5456 4.0000
    endloop
endfacet
facet normal 0.0000 40.0000 11.1748
    outer loop
        vertex 2.5456 18.5456 4.0000
        vertex 2.8562 18.1917 4.0000
        vertex 3.1736 18.4352 4.0000
    endloop
endfacet
facet normal 0.0000 40.0000 11.3053
    outer loop
        vertex 2.8284 18.8284 4.0000
        vertex 2.4352 19.1736 4.0000
        vertex 2.1917 18.8562 4.0000
    endloop
endfacet
facet normal 0.0000 40.0000 11.1748
    outer loop
        vertex 2.1917 18.8562 4.0000
        vertex 2.5456 18.5456 4.0000
        vertex 2.8284 18.8284 4.0000
    endloop
endfacet
facet normal 0.0000 40.0000 11.3052
    outer loop
        vertex 2.4352 19.1736 4.0000
        vertex 2.0000 19.4640 4.0000
        vertex 1.8000 19.1176 4.0000
    endloop
endfacet
facet normal 0.0000 40.0000 11.1747
    outer loop
        vertex 1.8000 19.1176 4.0000
        vertex 2.1917 18.8562 4.0000
        vertex 2.4352 19.1736 4.0000
    endloop
endfacet
facet normal 0.0000 40.0000 11.3053
    outer loop
        vertex 2.0000 19.4640 4.0000
        vertex 1.5308 19.6956 4.0000
        vertex 1.3777 19.3260 4.0000
    endloop
endfacet
facet normal 0.0000 40.0000 11.1748
    outer loop
        vertex 1.3777 19.3260 4.0000
        vertex 1.8000 19.1176 4.0000
        vertex 2.0000 19.4640 4.0000
    endloop
endfacet
facet normal 0.0000 40.0000 11.3054
    outer loop
        vertex 1.5308 19.6956 4.0000
        vertex 1.0352 19.8636 4.0000
        vertex 0.9317 19.4772 4.0000
    endloop
endfacet
facet normal 0.0000 40.0000 11.1749
    outer loop
        vertex 0.9317 19.4772 4.0000
        vertex 1.3777 19.3260 4.0000
        vertex 1.5308 19.6956 4.0000
    endloop
endfacet
facet normal 0.0000 40.0000 11.3052
    outer loop
        vertex 1.0352 19.8636 4.0000
        vertex 0.5220 19.9656 4.0000
        vertex 0.4698 19.5690 4.0000
    endloop
endfacet
facet normal 0.0000 40.0000 11.1747
    outer loop
        vertex 0.4698 19.5690 4.0000
        vertex 0.9317 19.4772 4.0000
        vertex 1.0352 19.8636 4.0000
    endloop
endfacet
facet normal 0.0000 40.0000 11.3050
    outer loop
        vertex 0.5220 19.9656 4.0000
        vertex 0.0000 20.0000 4.0000
        vertex 0.0000 19.6000 4.0000
    endloop
endfacet
facet normal 0.0000 40.0000 11.1745
    outer loop
        vertex 0.0000 19.6000 4.0000
        vertex 0.4698 19.5690 4.0000
        vertex 0.5220 19.9656 4.0000
    endloop
endfacet
facet normal 0.0000 40.0000 11.3050
    outer loop
        vertex 0.0000 20.0000 4.0000
        vertex -0.5220 19.9656 4.0000
        vertex -0.4698 19.5690 4.0000
    endloop
endfacet
facet normal 0.0000 40.0000 11.1745
    outer loop
        vertex -0.4698 19.5690 4.0000
        vertex 0.0000 19.6000 4.0000
        vertex 0.0000 20.0000 4.0000
    endloop
endfacet
facet normal 0.0000 40.0000 11.3052
    outer loop
        vertex -0.5220 19.9656 4.0000
        vertex -1.0352 19.8636 4.0000
        vertex -0.9317 19.4772 4.0000
    endloop
endfacet
facet normal 0.0000 40.0000 11.1747
    outer loop
        vertex -0.9317 19.4772 4.0000
        vertex -0.4698 19.5690 4.0000
        vertex -0.5220 19.9656 4.0000
    endloop
endfacet
facet normal 0.0000 40.0000 11.3054
    outer loop
        vertex -1.0352 19.8636 4.0000
        vertex -1.5308 19.6956 4.0000
        vertex -1.3777 19.3260 4.0000
    endloop
endfacet
facet normal 0.0000 40.0000 11.1749
    outer loop
        vertex -1.3777 19.3260 4.0000
        vertex -0.9317 19.4772 4.0000
        vertex -1.0352 19.8636 4.0000
    endloop
endfacet
facet normal 0.0000 40.0000 11.3053
    outer loop
        vertex -1.5308 19.6956 4.0000
        vertex -2.0000 19.4640 4.0000
        vertex -1.8000 19.1176 4.0000
    endloop
endfacet
facet normal 0.0000 40.0000 11.1748
    outer loop
        vertex -1.8000 19.1176 4.0000
        vertex -1.3777 19.3260 4.0000
        vertex -1.5308 19.6956 4.0000
    endloop
endfacet
facet normal 0.0000 40.0000 11.3052
    outer loop
        vertex -2.0000 19.4640 4.0000
        vertex -2.4352 19.1736 4.0000
        vertex -2.1917 18.8562 4.0000
    endloop
endfacet
facet normal 0.0000 40.0000 11.1747
    outer loop
        vertex -2.1917 18.8562 4.0000
        vertex -1.8000 19.1176 4.0000
        vertex -2.0000 19.4640 4.0000
    endloop
endfacet
facet normal 0.0000 40.0000 11.3053
    outer loop
        vertex -2.4352 19.1736 4.0000
        vertex -2.8284 18.8284 4.0000
        vertex -2.5456 18.5456 4.0000
    endloop
endfacet
facet normal 0.0000 40.0000 11.1748
    outer loop
        vertex -2.5456 18.5456 4.0000
        vertex -2.1917 18.8562 4.0000
        vertex -2.4352 19.1736 4.0000
    endloop
endfacet
facet normal 0.0000 40.0000 11.3053
    outer loop
        vertex -2.8284 18.8284 4.0000
        vertex -3.1736 18.4352 4.0000
        vertex -2.8562 18.1917 4.0000
    endloop
endfacet
facet normal 0.0000 40.0000 11.1748
    outer loop
        vertex -2.8562 18.1917 4.0000
        vertex -2.5456 18.5456 4.0000
        vertex -2.8284 18.8284 4.0000
    endloop
endfacet
facet normal 0.0000 40.0000 11.3052
    outer loop
        vertex -3.1736 18.4352 4.0000
        vertex -3.4640 18.0000 4.0000
        vertex -3.1176 17.8000 4.0000
    endloop
endfacet
facet normal 0.0000 40.0000 11.1747
    outer loop
        vertex -3.1176 17.8000 4.0000
        vertex -2.8562 18.1917 4.0000
        vertex -3.1736 18.4352 4.0000
    endloop
endfacet
facet normal 0.0000 40.0000 11.3053
    outer loop
        vertex -3.4640 18.0000 4.0000
        vertex -3.6956 17.5308 4.0000
        vertex -3.3260 17.3777 4.0000
    endloop
endfacet
facet normal 0.0000 40.0000 11.1748
    outer loop
        vertex -3.3260 17.3777 4.0000
        vertex -3.1176 17.8000 4.0000
        vertex -3.4640 18.0000 4.0000
    endloop
endfacet
facet normal 0.0000 40.0000 11.3054
    outer loop
        vertex -3.6956 17.5308 4.0000
        vertex -3.8636 17.0352 4.0000
        vertex -3.4772 16.9317 4.0000
    endloop
endfacet
facet normal 0.0000 40.0000 11.1749
    outer loop
        vertex -3.4772 16.9317 4.0000
        vertex -3.3260 17.3777 4.0000
        vertex -3.6956 17.5308 4.0000
    endloop
endfacet
facet normal 0.0000 40.0000 11.3052
    outer loop
        vertex -3.8636 17.0352 4.0000
        vertex -3.9656 16.5220 4.0000
        vertex -3.5690 16.4698 4.0000
    endloop
endfacet
facet normal 0.0000 40.0000 11.1747
    outer loop
        vertex -3.5690 16.4698 4.0000
        vertex -3.4772 16.9317 4.0000
        vertex -3.8636 17.0352 4.0000
    endloop
endfacet
facet normal 0.0000 40.0000 11.3050
    outer loop
        vertex -3.9656 16.5220 4.0000
        vertex -4.0000 16.0000 4.0000
        vertex -3.6000 16.0000 4.0000
    endloop
endfacet
facet normal 0.0000 40.0000 11.1745
    outer loop
        vertex -3.6000 16.0000 4.0000
        vertex -3.5690 16.4698 4.0000
        vertex -3.9656 16.5220 4.0000
    endloop
endfacet
facet normal 0.0000 40.0000 11.3050
    outer loop
        vertex -4.0000 16.0000 4.0000
        vertex -3.9656 15.4780 4.0000
        vertex -3.5690 15.5302 4.0000
    endloop
endfacet
facet normal 0.0000 40.0000 11.1745
    outer loop
        vertex -3.5690 15.5302 4.0000
        vertex -3.6000 16.0000 4.0000
        vertex -4.0000 16.0000 4.0000
    endloop
endfacet
facet normal 0.0000 40.0000 11.3052
    outer loop
        vertex -3.9656 15.4780 4.0000
        vertex -3.8636 14.9648 4.0000
        vertex -3.4772 15.0683 4.0000
    endloop
endfacet
facet normal 0.0000 40.0000 11.1747
    outer loop
        vertex -3.4772 15.0683 4.0000
        vertex -3.5690 15.5302 4.0000
        vertex -3.9656 15.4780 4.0000
    endloop
endfacet
facet normal 0.0000 40.0000 11.3054
    outer loop
        vertex -3.8636 14.9648 4.0000
        vertex -3.6956 14.4692 4.0000
        vertex -3.3260 14.6223 4.0000
    endloop
endfacet
facet normal 0.0000 40.0000 11.1749
    outer loop
        vertex -3.3260 14.6223 4.0000
        vertex -3.4772 15.0683 4.0000
        vertex -3.8636 14.9648 4.0000
    endloop
endfacet
facet normal 0.0000 40.0000 11.3053
    outer loop
        vertex -3.6956 14.4692 4.0000
        vertex -3.4640 14.0000 4.0000
        vertex -3.1176 14.2000 4.0000
    endloop
endfacet
facet normal 0.0000 40.0000 11.1748
    outer loop
        vertex -3.1176 14.2000 4.0000
        vertex -3.3260 14.6223 4.0000
        vertex -3.6956 14.4692 4.0000
    endloop
endfacet
facet normal 0.0000 40.0000 11.3052
    outer loop
        vertex -3.4640 14.0000 4.0000
        vertex -3.1736 13.5648 4.0000
        vertex -2.8562 13.8083 4.0000
    endloop
endfacet
facet normal 0.0000 40.0000 11.1747
    outer loop
        vertex -2.8562 13.8083 4.0000
        vertex -3.1176 14.2000 4.0000
        vertex -3.4640 14.0000 4.0000
    endloop
endfacet
facet normal 0.0000 40.0000 11.3053
    outer loop
        vertex -3.1736 13.5648 4.0000
        vertex -2.8284 13.1716 4.0000
        vertex -2.5456 13.4544 4.0000
    endloop
endfacet
facet normal 0.0000 40.0000 11.1748
    outer loop
        vertex -2.5456 13.4544 4.0000
        vertex -2.8562 13.8083 4.0000
        vertex -3.1736 13.5648 4.0000
    endloop
endfacet
facet normal 0.0000 40.0000 11.3053
    outer loop
        vertex -2.8284 13.1716 4.0000
        vertex -2.4352 12.8264 4.0000
        vertex -2.1917 13.1438 4.0000
    endloop
endfacet
facet normal 0.0000 40.0000 11.1748
    outer loop
        vertex -2.1917 13.1438 4.0000
        vertex -2.5456 13.4544 4.0000
        vertex -2.8284 13.1716 4.0000
    endloop
endfacet
facet normal 0.0000 40.0000 11.3052
    outer loop
        vertex -2.4352 12.8264 4.0000
        vertex -2.0000 12.5360 4.0000
        vertex -1.8000 12.8824 4.0000
    endloop
endfacet
facet normal 0.0000 40.0000 11.1747
    outer loop
        vertex -1.8000 12.8824 4.0000
        vertex -2.1917 13.1438 4.0000
        vertex -2.4352 12.8264 4.0000
    endloop
endfacet
facet normal 0.0000 40.0000 11.3053
    outer loop
        vertex -2.0000 12.5360 4.0000
        vertex -1.5308 12.3044 4.0000
        vertex -1.3777 12.6740 4.0000
    endloop
endfacet
facet normal 0.0000 40.0000 11.1748
    outer loop
        vertex -1.3777 12.6740 4.0000
        vertex -1.8000 12.8824 4.0000
        vertex -2.0000 12.5360 4.0000
    endloop
endfacet
facet normal 0.0000 40.0000 11.3054
    outer loop
        vertex -1.5308 12.3044 4.0000
        vertex -1.0352 12.1364 4.0000
        vertex -0.9317 12.5228 4.0000
    endloop
endfacet
facet normal 0.0000 40.0000 11.1749
    outer loop
        vertex -0.9317 12.5228 4.0000
        vertex -1.3777 12.6740 4.0000
        vertex -1.5308 12.3044 4.0000
    endloop
endfacet
facet normal 0.0000 40.0000 11.3052
    outer loop
        vertex -1.0352 12.1364 4.0000
        vertex -0.5220 12.0344 4.0000
        vertex -0.4698 12.4310 4.0000
    endloop
endfacet
facet normal 0.0000 40.0000 11.1747
    outer loop
        vertex -0.4698 12.4310 4.0000
        vertex -0.9317 12.5228 4.0000
        vertex -1.0352 12.1364 4.0000
    endloop
endfacet
facet normal 0.0000 40.0000 11.3050
    outer loop
        vertex -0.5220 12.0344 4.0000
        vertex 0.0000 12.0000 4.0000
        vertex 0.0000 12.4000 4.0000
    endloop
endfacet
facet normal 0.0000 40.0000 11.1745
    outer loop
        vertex 0.0000 12.4000 4.0000
        vertex -0.4698 12.4310 4.0000
        vertex -0.5220 12.0344 4.0000
    endloop
endfacet
facet normal 0.0000 40.0000 11.3050
    outer loop
        vertex 0.0000 12.0000 4.0000
        vertex 0.5220 12.0344 4.0000
        vertex 0.4698 12.4310 4.0000
    endloop
endfacet
facet normal 0.0000 40.0000 11.1745
    outer loop
        vertex 0.4698 12.4310 4.0000
        vertex 0.0000 12.4000 4.0000
        vertex 0.0000 12.0000 4.0000
    endloop
endfacet
facet normal 0.0000 40.0000 11.3052
    outer loop
        vertex 0.5220 12.0344 4.0000
        vertex 1.0352 12.1364 4.0000
        vertex 0.9317 12.5228 4.0000
    endloop
endfacet
facet normal 0.0000 40.0000 11.1747
    outer loop
        vertex 0.9317 12.5228 4.0000
        vertex 0.4698 12.4310 4.0000
        vertex 0.5220 12.0344 4.0000
    endloop
endfacet
facet normal 0.0000 40.0000 11.3054
    outer loop
        vertex 1.0352 12.1364 4.0000
        vertex 1.5308 12.3044 4.0000
        vertex 1.3777 12.6740 4.0000
    endloop
endfacet
facet normal 0.0000 40.0000 11.1749
    outer loop
        vertex 1.3777 12.6740 4.0000
        vertex 0.9317 12.5228 4.0000
        vertex 1.0352 12.1364 4.0000
    endloop
endfacet
facet normal 0.0000 40.0000 11.3053
    outer loop
        vertex 1.5308 12.3044 4.0000
        vertex 2.0000 12.5360 4.0000
        vertex 1.8000 12.8824 4.0000
    endloop
endfacet
facet normal 0.0000 40.0000 11.1748
    outer loop
        vertex 1.8000 12.8824 4.0000
        vertex 1.3777 12.6740 4.0000
        vertex 1.5308 12.3044 4.0000
    endloop
endfacet
facet normal 0.0000 40.0000 11.3052
    outer loop
        vertex 2.0000 12.5360 4.0000
        vertex 2.4352 12.8264 4.0000
        vertex 2.1917 13.1438 4.0000
    endloop
endfacet
facet normal 0.0000 40.0000 11.1747
    outer loop
        vertex 2.1917 13.1438 4.0000
        vertex 1.8000 12.8824 4.0000
        vertex 2.0000 12.5360 4.0000
    endloop
endfacet
facet normal 0.0000 40.0000 11.3053
    outer loop
        vertex 2.4352 12.8264 4.0000
        vertex 2.8284 13.1716 4.0000
        vertex 2.5456 13.4544 4.0000
    endloop
endfacet
facet normal 0.0000 40.0000 11.1748
    outer loop
        vertex 2.5456 13.4544 4.0000
        vertex 2.1917 13.1438 4.0000
        vertex 2.4352 12.8264 4.0000
    endloop
endfacet
facet normal 0.0000 40.0000 11.3053
    outer loop
        vertex 2.8284 13.1716 4.0000
        vertex 3.1736 13.5648 4.0000
        vertex 2.8562 13.8083 4.0000
    endloop
endfacet
facet normal 0.0000 40.0000 11.1748
    outer loop
        vertex 2.8562 13.8083 4.0000
        vertex 2.5456 13.4544 4.0000
        vertex 2.8284 13.1716 4.0000
    endloop
endfacet
facet normal 0.0000 40.0000 11.3052
    outer loop
        vertex 3.1736 13.5648 4.0000
        vertex 3.4640 14.0000 4.0000
        vertex 3.1176 14.2000 4.0000
    endloop
endfacet
facet normal 0.0000 40.0000 11.1747
    outer loop
        vertex 3.1176 14.2000 4.0000
        vertex 2.8562 13.8083 4.0000
        vertex 3.1736 13.5648 4.0000
    endloop
endfacet
facet normal 0.0000 40.0000 11.3053
    outer loop
        vertex 3.4640 14.0000 4.0000
        vertex 3.6956 14.4692 4.0000
        vertex 3.3260 14.6223 4.0000
    endloop
endfacet
facet normal 0.0000 40.0000 11.1748
    outer loop
        vertex 3.3260 14.6223 4.0000
        vertex 3.1176 14.2000 4.0000
        vertex 3.4640 14.0000 4.0000
    endloop
endfacet
facet normal 0.0000 40.0000 11.3054
    outer loop
        vertex 3.6956 14.4692 4.0000
        vertex 3.8636 14.9648 4.0000
        vertex 3.4772 15.0683 4.0000
    endloop
endfacet
facet normal 0.0000 40.0000 11.1749
    outer loop
        vertex 3.4772 15.0683 4.0000
        vertex 3.3260 14.6223 4.0000
        vertex 3.6956 14.4692 4.0000
    endloop
endfacet
facet normal 0.0000 40.0000 11.3052
    outer loop
        vertex 3.8636 14.9648 4.0000
        vertex 3.9656 15.4780 4.0000
        vertex 3.5690 15.5302 4.0000
    endloop
endfacet
facet normal 0.0000 40.0000 11.1747
    outer loop
        vertex 3.5690 15.5302 4.0000
        vertex 3.4772 15.0683 4.0000
        vertex 3.8636 14.9648 4.0000
    endloop
endfacet
facet normal 0.0000 40.0000 11.3050
    outer loop
        vertex 3.9656 15.4780 4.0000
        vertex 4.0000 16.0000 4.0000
        vertex 3.6000 16.0000 4.0000
    endloop
endfacet
facet normal 0.0000 40.0000 11.1745
    outer loop
        vertex 3.6000 16.0000 4.0000
        vertex 3.5690 15.5302 4.0000
        vertex 3.9656 15.4780 4.0000
    endloop
endfacet
facet normal 7.5387 0.4968 241.7908
    outer loop
        vertex 23.1072 0.0000 2.8400
        vertex 22.9085 3.0155 2.8400
        vertex 23.1060 3.0415 -3.8000
    endloop
endfacet
facet normal 7.6037 0.5011 243.9571
    outer loop
        vertex 23.1060 3.0415 -3.8000
        vertex 23.3064 0.0000 -3.8000
        vertex 23.1072 0.0000 2.8400
    endloop
endfacet
facet normal 7.4116 1.4731 241.8377
    outer loop
        vertex 22.9085 3.0155 2.8400
        vertex 22.3192 5.9801 2.8400
        vertex 22.5117 6.0317 -3.8000
    endloop
endfacet
facet normal 7.4755 1.4858 244.0044
    outer loop
        vertex 22.5117 6.0317 -3.8000
        vertex 23.1060 3.0415 -3.8000
        vertex 22.9085 3.0155 2.8400
    endloop
endfacet
facet normal 7.1575 2.4263 241.8767
    outer loop
        vertex 22.3192 5.9801 2.8400
        vertex 21.3487 8.8431 2.8400
        vertex 21.5328 8.9194 -3.8000
    endloop
endfacet
facet normal 7.2192 2.4472 244.0437
    outer loop
        vertex 21.5328 8.9194 -3.8000
        vertex 22.5117 6.0317 -3.8000
        vertex 22.3192 5.9801 2.8400
    endloop
endfacet
facet normal 6.7762 3.3448 241.8520
    outer loop
        vertex 21.3487 8.8431 2.8400
        vertex 20.0108 11.5536 2.8400
        vertex 20.1833 11.6532 -3.8000
    endloop
endfacet
facet normal 6.8346 3.3736 244.0189
    outer loop
        vertex 20.1833 11.6532 -3.8000
        vertex 21.5328 8.9194 -3.8000
        vertex 21.3487 8.8431 2.8400
    endloop
endfacet
facet normal 6.2852 4.1940 241.8309
    outer loop
        vertex 20.0108 11.5536 2.8400
        vertex 18.3333 14.0677 2.8400
        vertex 18.4913 14.1889 -3.8000
    endloop
endfacet
facet normal 6.3393 4.2301 243.9975
    outer loop
        vertex 18.4913 14.1889 -3.8000
        vertex 20.1833 11.6532 -3.8000
        vertex 20.0108 11.5536 2.8400
    endloop
endfacet
facet normal 5.6786 4.9854 241.8498
    outer loop
        vertex 18.3333 14.0677 2.8400
        vertex 16.3391 16.3391 2.8400
        vertex 16.4800 16.4800 -3.8000
    endloop
endfacet
facet normal 5.7275 5.0284 244.0166
    outer loop
        vertex 16.4800 16.4800 -3.8000
        vertex 18.4913 14.1889 -3.8000
        vertex 18.3333 14.0677 2.8400
    endloop
endfacet
facet normal 4.9854 5.6786 241.8498
    outer loop
        vertex 16.3391 16.3391 2.8400
        vertex 14.0677 18.3333 2.8400
        vertex 14.1889 18.4913 -3.8000
    endloop
endfacet
facet normal 5.0284 5.7275 244.0166
    outer loop
        vertex 14.1889 18.4913 -3.8000
        vertex 16.4800 16.4800 -3.8000
        vertex 16.3391 16.3391 2.8400
    endloop
endfacet
facet normal 4.1940 6.2852 241.8309
    outer loop
        vertex 14.0677 18.3333 2.8400
        vertex 11.5536 20.0108 2.8400
        vertex 11.6532 20.1833 -3.8000
    endloop
endfacet
facet normal 4.2301 6.3393 243.9975
    outer loop
        vertex 11.6532 20.1833 -3.8000
        vertex 14.1889 18.4913 -3.8000
        vertex 14.0677 18.3333 2.8400
    endloop
endfacet
facet normal 3.3448 6.7762 241.8520
    outer loop
        vertex 11.5536 20.0108 2.8400
        vertex 8.8431 21.3487 2.8400
        vertex 8.9194 21.5328 -3.8000
    endloop
endfacet
facet normal 3.3736 6.8346 244.0189
    outer loop
        vertex 8.9194 21.5328 -3.8000
        vertex 11.6532 20.1833 -3.8000
        vertex 11.5536 20.0108 2.8400
    endloop
endfacet
facet normal 2.4263 7.1575 241.8767
    outer loop
        vertex 8.8431 21.3487 2.8400
        vertex 5.9801 22.3192 2.8400
        vertex 6.0317 22.5117 -3.8000
    endloop
endfacet
facet normal 2.4472 7.2192 244.0437
    outer loop
        vertex 6.0317 22.5117 -3.8000
        vertex 8.9194 21.5328 -3.8000
        vertex 8.8431 21.3487 2.8400
    endloop
endfacet
facet normal 1.4731 7.4116 241.8377
    outer loop
        vertex 5.9801 22.3192 2.8400
        vertex 3.0155 22.9085 2.8400
        vertex 3.0415 23.1060 -3.8000
    endloop
endfacet
facet normal 1.4858 7.4755 244.0044
    outer loop
        vertex 3.0415 23.1060 -3.8000
        vertex 6.0317 22.5117 -3.8000
        vertex 5.9801 22.3192 2.8400
    endloop
endfacet
facet normal 0.4968 7.5387 241.7908
    outer loop
        vertex 3.0155 22.9085 2.8400
        vertex 0.0000 23.1072 2.8400
        vertex 0.0000 23.3064 -3.8000
    endloop
endfacet
facet normal 0.5011 7.6037 243.9571
    outer loop
        vertex 0.0000 23.3064 -3.8000
        vertex 3.0415 23.1060 -3.8000
        vertex 3.0155 22.9085 2.8400
    endloop
endfacet
facet normal 0.0000 0.0000 8.7517
    outer loop
        vertex 26.8800 0.0000 3.5000
        vertex 26.8800 5.3464 3.5000
        vertex 26.6488 3.5078 3.5000
    endloop
endfacet
facet normal 0.0000 0.0000 8.7528
    outer loop
        vertex 26.6488 3.5078 3.5000
        vertex 26.8800 5.3464 3.5000
        vertex 25.9634 6.9565 3.5000
    endloop
endfacet
facet normal 0.0000 0.0000 8.7517
    outer loop
        vertex 24.8344 10.2870 3.5000
        vertex 25.9634 6.9565 3.5000
        vertex 26.8800 5.3464 3.5000
    endloop
endfacet
facet normal 0.0000 0.0000 8.7517
    outer loop
        vertex 24.8344 10.2870 3.5000
        vertex 22.7889 15.2275 3.5000
        vertex 23.2781 13.4400 3.5000
    endloop
endfacet
facet normal 0.0000 0.0000 8.7528
    outer loop
        vertex 23.2781 13.4400 3.5000
        vertex 22.7889 15.2275 3.5000
        vertex 21.3266 16.3645 3.5000
    endloop
endfacet
facet normal 0.0000 0.0000 8.7517
    outer loop
        vertex 19.0068 19.0068 3.5000
        vertex 21.3266 16.3645 3.5000
        vertex 22.7889 15.2275 3.5000
    endloop
endfacet
facet normal 0.0000 0.0000 8.7517
    outer loop
        vertex 19.0068 19.0068 3.5000
        vertex 15.2275 22.7889 3.5000
        vertex 16.3645 21.3266 3.5000
    endloop
endfacet
facet normal 0.0000 0.0000 8.7528
    outer loop
        vertex 16.3645 21.3266 3.5000
        vertex 15.2275 22.7889 3.5000
        vertex 13.4400 23.2781 3.5000
    endloop
endfacet
facet normal 0.0000 0.0000 8.7517
    outer loop
        vertex 10.2870 24.8344 3.5000
        vertex 13.4400 23.2781 3.5000
        vertex 15.2275 22.7889 3.5000
    endloop
endfacet
facet normal 0.0000 0.0000 8.7517
    outer loop
        vertex 10.2870 24.8344 3.5000
        vertex 5.3464 26.8800 3.5000
        vertex 6.9565 25.9634 3.5000
    endloop
endfacet
facet normal 0.0000 0.0000 8.7528
    outer loop
        vertex 6.9565 25.9634 3.5000
        vertex 5.3464 26.8800 3.5000
        vertex 3.5078 26.6488 3.5000
    endloop
endfacet
facet normal 0.0000 0.0000 8.7517
    outer loop
        vertex 0.0000 26.8800 3.5000
        vertex 3.5078 26.6488 3.5000
        vertex 5.3464 26.8800 3.5000
    endloop
endfacet
facet normal 0.0000 0.0000 7.1017
    outer loop
        vertex 23.1072 0.0000 2.8400
        vertex 23.1072 4.5960 2.8400
        vertex 22.9085 3.0155 2.8400
    endloop
endfacet
facet normal 0.0000 0.0000 7.1028
    outer loop
        vertex 22.9085 3.0155 2.8400
        vertex 23.1072 4.5960 2.8400
        vertex 22.3192 5.9801 2.8400
    endloop
endfacet
facet normal 0.0000 0.0000 7.1017
    outer loop
        vertex 21.3487 8.8431 2.8400
        vertex 22.3192 5.9801 2.8400
        vertex 23.1072 4.5960 2.8400
    endloop
endfacet
facet normal 0.0000 0.0000 7.1017
    outer loop
        vertex 21.3487 8.8431 2.8400
        vertex 19.5903 13.0902 2.8400
        vertex 20.0108 11.5536 2.8400
    endloop
endfacet
facet normal 0.0000 0.0000 7.1028
    outer loop
        vertex 20.0108 11.5536 2.8400
        vertex 19.5903 13.0902 2.8400
        vertex 18.3333 14.0677 2.8400
    endloop
endfacet
facet normal 0.0000 0.0000 7.1017
    outer loop
        vertex 16.3391 16.3391 2.8400
        vertex 18.3333 14.0677 2.8400
        vertex 19.5903 13.0902 2.8400
    endloop
endfacet
facet normal 0.0000 0.0000 7.1017
    outer loop
        vertex 16.3391 16.3391 2.8400
        vertex 13.0902 19.5903 2.8400
        vertex 14.0677 18.3333 2.8400
    endloop
endfacet
facet normal 0.0000 0.0000 7.1028
    outer loop
        vertex 14.0677 18.3333 2.8400
        vertex 13.0902 19.5903 2.8400
        vertex 11.5536 20.0108 2.8400
    endloop
endfacet
facet normal 0.0000 0.0000 7.1017
    outer loop
        vertex 8.8431 21.3487 2.8400
        vertex 11.5536 20.0108 2.8400
        vertex 13.0902 19.5903 2.8400
    endloop
endfacet
facet normal 0.0000 0.0000 7.1017
    outer loop
        vertex 8.8431 21.3487 2.8400
        vertex 4.5960 23.1072 2.8400
        vertex 5.9801 22.3192 2.8400
    endloop
endfacet
facet normal 0.0000 0.0000 7.1028
    outer loop
        vertex 5.9801 22.3192 2.8400
        vertex 4.5960 23.1072 2.8400
        vertex 3.0155 22.9085 2.8400
    endloop
endfacet
facet normal 0.0000 0.0000 7.1017
    outer loop
        vertex 0.0000 23.1072 2.8400
        vertex 3.0155 22.9085 2.8400
        vertex 4.5960 23.1072 2.8400
    endloop
endfacet
facet normal 0.0000 0.0000 -9.4983
    outer loop
        vertex 23.3064 0.0000 -3.8000
        vertex 23.1060 3.0415 -3.8000
        vertex 23.3064 4.6356 -3.8000
    endloop
endfacet
facet normal 0.0000 0.0000 -9.4972
    outer loop
        vertex 23.1060 3.0415 -3.8000
        vertex 22.5117 6.0317 -3.8000
        vertex 23.3064 4.6356 -3.8000
    endloop
endfacet
facet normal 0.0000 0.0000 -9.4983
    outer loop
        vertex 21.5328 8.9194 -3.8000
        vertex 23.3064 4.6356 -3.8000
        vertex 22.5117 6.0317 -3.8000
    endloop
endfacet
facet normal 0.0000 0.0000 -9.4983
    outer loop
        vertex 21.5328 8.9194 -3.8000
        vertex 20.1833 11.6532 -3.8000
        vertex 19.7592 13.2031 -3.8000
    endloop
endfacet
facet normal 0.0000 0.0000 -9.4972
    outer loop
        vertex 20.1833 11.6532 -3.8000
        vertex 18.4913 14.1889 -3.8000
        vertex 19.7592 13.2031 -3.8000
    endloop
endfacet
facet normal 0.0000 0.0000 -9.4983
    outer loop
        vertex 16.4800 16.4800 -3.8000
        vertex 19.7592 13.2031 -3.8000
        vertex 18.4913 14.1889 -3.8000
    endloop
endfacet
facet normal 0.0000 0.0000 -9.4983
    outer loop
        vertex 16.4800 16.4800 -3.8000
        vertex 14.1889 18.4913 -3.8000
        vertex 13.2031 19.7592 -3.8000
    endloop
endfacet
facet normal 0.0000 0.0000 -9.4972
    outer loop
        vertex 14.1889 18.4913 -3.8000
        vertex 11.6532 20.1833 -3.8000
        vertex 13.2031 19.7592 -3.8000
    endloop
endfacet
facet normal 0.0000 0.0000 -9.4983
    outer loop
        vertex 8.9194 21.5328 -3.8000
        vertex 13.2031 19.7592 -3.8000
        vertex 11.6532 20.1833 -3.8000
    endloop
endfacet
facet normal 0.0000 0.0000 -9.4983
    outer loop
        vertex 8.9194 21.5328 -3.8000
        vertex 6.0317 22.5117 -3.8000
        vertex 4.6356 23.3064 -3.8000
    endloop
endfacet
facet normal 0.0000 0.0000 -9.4972
    outer loop
        vertex 6.0317 22.5117 -3.8000
        vertex 3.0415 23.1060 -3.8000
        vertex 4.6356 23.3064 -3.8000
    endloop
endfacet
facet normal 0.0000 0.0000 -9.4983
    outer loop
        vertex 0.0000 23.3064 -3.8000
        vertex 4.6356 23.3064 -3.8000
        vertex 3.0415 23.1060 -3.8000
    endloop
endfacet
facet normal 0.0000 0.0000 60.1162
    outer loop
        vertex 0.0000 25.2000 2.8400
        vertex 0.0000 23.1072 2.8400
        vertex 4.5960 23.1072 2.8400
    endloop
endfacet
facet normal 0.0000 0.0000 71.0571
    outer loop
        vertex 0.0000 25.2000 2.8400
        vertex 4.5960 23.1072 2.8400
        vertex 9.6440 23.2823 2.8400
    endloop
endfacet
facet normal 0.0000 0.0000 60.1261
    outer loop
        vertex 9.6440 23.2823 2.8400
        vertex 4.5960 23.1072 2.8400
        vertex 8.8431 21.3488 2.8400
    endloop
endfacet
facet normal 0.0000 0.0000 60.1268
    outer loop
        vertex 9.6440 23.2823 2.8400
        vertex 8.8431 21.3488 2.8400
        vertex 13.0902 19.5903 2.8400
    endloop
endfacet
facet normal 0.0000 0.0000 70.9614
    outer loop
        vertex 9.6440 23.2823 2.8400
        vertex 13.0902 19.5903 2.8400
        vertex 17.8189 17.8189 2.8400
    endloop
endfacet
facet normal 0.0000 0.0000 120.1419
    outer loop
        vertex 17.8189 17.8189 2.8400
        vertex 13.0902 19.5903 2.8400
        vertex 19.5903 13.0902 2.8400
    endloop
endfacet
facet normal 0.0000 0.0000 70.9614
    outer loop
        vertex 17.8189 17.8189 2.8400
        vertex 19.5903 13.0902 2.8400
        vertex 23.2823 9.6440 2.8400
    endloop
endfacet
facet normal 0.0000 0.0000 120.2536
    outer loop
        vertex 23.2823 9.6440 2.8400
        vertex 19.5903 13.0902 2.8400
        vertex 23.1072 4.5960 2.8400
    endloop
endfacet
facet normal 0.0000 0.0000 71.0571
    outer loop
        vertex 23.2823 9.6440 2.8400
        vertex 23.1072 4.5960 2.8400
        vertex 25.2000 0.0000 2.8400
    endloop
endfacet
facet normal 0.0000 0.0000 60.1162
    outer loop
        vertex 23.1072 4.5960 2.8400
        vertex 23.1072 0.0000 2.8400
        vertex 25.2000 0.0000 2.8400
    endloop
endfacet
facet normal 0.0000 0.0000 46.3363
    outer loop
        vertex 0.0000 28.2667 3.5000
        vertex 0.0000 26.8800 3.5000
        vertex 5.3464 26.8800 3.5000
    endloop
endfacet
facet normal 0.0000 0.0000 21.8749
    outer loop
        vertex 0.0000 28.2667 3.5000
        vertex 5.3464 26.8800 3.5000
        vertex 10.8176 26.1156 3.5000
    endloop
endfacet
facet normal 0.0000 0.0000 21.7518
    outer loop
        vertex 10.8176 26.1156 3.5000
        vertex 15.2275 22.7889 3.5000
        vertex 19.9874 19.9874 3.5000
    endloop
endfacet
facet normal 0.0000 0.0000 46.3379
    outer loop
        vertex 19.9874 19.9874 3.5000
        vertex 15.2275 22.7889 3.5000
        vertex 19.0068 19.0068 3.5000
    endloop
endfacet
facet normal 0.0000 0.0000 46.3379
    outer loop
        vertex 19.9874 19.9874 3.5000
        vertex 19.0068 19.0068 3.5000
        vertex 22.7889 15.2275 3.5000
    endloop
endfacet
facet normal 0.0000 0.0000 46.3449
    outer loop
        vertex 15.2275 22.7889 3.5000
        vertex 10.8176 26.1156 3.5000
        vertex 10.2870 24.8344 3.5000
    endloop
endfacet
facet normal 0.0000 0.0000 46.3446
    outer loop
        vertex 10.2870 24.8344 3.5000
        vertex 10.8176 26.1156 3.5000
        vertex 5.3464 26.8800 3.5000
    endloop
endfacet
facet normal 0.0000 0.0000 21.7518
    outer loop
        vertex 19.9874 19.9874 3.5000
        vertex 22.7889 15.2275 3.5000
        vertex 26.1156 10.8176 3.5000
    endloop
endfacet
facet normal 0.0000 0.0000 46.3449
    outer loop
        vertex 26.1156 10.8176 3.5000
        vertex 22.7889 15.2275 3.5000
        vertex 24.8344 10.2870 3.5000
    endloop
endfacet
facet normal 0.0000 0.0000 46.3446
    outer loop
        vertex 26.1156 10.8176 3.5000
        vertex 24.8344 10.2870 3.5000
        vertex 26.8800 5.3464 3.5000
    endloop
endfacet
facet normal 0.0000 0.0000 21.8749
    outer loop
        vertex 26.1156 10.8176 3.5000
        vertex 26.8800 5.3464 3.5000
        vertex 28.2667 0.0000 3.5000
    endloop
endfacet
facet normal 0.0000 0.0000 -48.0948
    outer loop
        vertex 24.9600 0.0000 -3.8000
        vertex 23.3000 0.0000 -3.8000
        vertex 23.3064 4.6356 -3.8000
    endloop
endfacet
facet normal 0.0000 0.0000 -43.6900
    outer loop
        vertex 24.9600 0.0000 -3.8000
        vertex 23.3064 4.6356 -3.8000
        vertex 23.0606 9.5522 -3.8000
    endloop
endfacet
facet normal 0.0000 0.0000 -47.9183
    outer loop
        vertex 23.0606 9.5522 -3.8000
        vertex 21.5328 8.9194 -3.8000
        vertex 19.7592 13.2031 -3.8000
    endloop
endfacet
facet normal 0.0000 0.0000 -43.5951
    outer loop
        vertex 23.0606 9.5522 -3.8000
        vertex 19.7592 13.2031 -3.8000
        vertex 17.6492 17.6492 -3.8000
    endloop
endfacet
facet normal 0.0000 0.0000 -47.9102
    outer loop
        vertex 17.6492 17.6492 -3.8000
        vertex 19.7592 13.2031 -3.8000
        vertex 16.4800 16.4800 -3.8000
    endloop
endfacet
facet normal 0.0000 0.0000 -47.9102
    outer loop
        vertex 17.6492 17.6492 -3.8000
        vertex 16.4800 16.4800 -3.8000
        vertex 13.2031 19.7592 -3.8000
    endloop
endfacet
facet normal 0.0000 0.0000 -43.5951
    outer loop
        vertex 17.6492 17.6492 -3.8000
        vertex 13.2031 19.7592 -3.8000
        vertex 9.5522 23.0606 -3.8000
    endloop
endfacet
facet normal 0.0000 0.0000 -47.9183
    outer loop
        vertex 9.5522 23.0606 -3.8000
        vertex 13.2031 19.7592 -3.8000
        vertex 8.9194 21.5328 -3.8000
    endloop
endfacet
facet normal 0.0000 0.0000 -47.9181
    outer loop
        vertex 9.5522 23.0606 -3.8000
        vertex 8.9194 21.5328 -3.8000
        vertex 4.6356 23.3064 -3.8000
    endloop
endfacet
facet normal 0.0000 0.0000 -43.6900
    outer loop
        vertex 9.5522 23.0606 -3.8000
        vertex 4.6356 23.3064 -3.8000
        vertex 0.0000 24.9600 -3.8000
    endloop
endfacet
facet normal 0.0000 0.0000 -47.9093
    outer loop
        vertex 0.0000 24.9600 -3.8000
        vertex 4.6356 23.3064 -3.8000
        vertex 0.0000 23.3064 -3.8000
    endloop
endfacet
facet normal 0.0000 0.0000 -47.9181
    outer loop
        vertex 21.5328 8.9194 -3.8000
        vertex 23.0606 9.5522 -3.8000
        vertex 23.3064 4.6356 -3.8000
    endloop
endfacet
facet normal 0.0000 0.0000 46.3363
    outer loop
        vertex 26.8800 0.0000 3.5000
        vertex 28.2667 0.0000 3.5000
        vertex 26.8800 5.3464 3.5000
    endloop
endfacet
facet normal 0.0000 0.0000 -9.8781
    outer loop
        vertex 0.0000 3.6000 -4.0000
        vertex 3.5690 0.4698 -4.0000
        vertex 3.6000 0.0000 -4.0000
    endloop
endfacet
facet normal 0.0000 0.0000 -9.8951
    outer loop
        vertex 3.5690 0.4698 -4.0000
        vertex 0.0000 3.6000 -4.0000
        vertex 0.4698 3.5690 -4.0000
    endloop
endfacet
facet normal 0.0000 0.0000 -9.9115
    outer loop
        vertex 0.4698 3.5690 -4.0000
        vertex 3.4772 0.9317 -4.0000
        vertex 3.5690 0.4698 -4.0000
    endloop
endfacet
facet normal 0.0000 0.0000 -9.9273
    outer loop
        vertex 3.4772 0.9317 -4.0000
        vertex 0.4698 3.5690 -4.0000
        vertex 0.9317 3.4772 -4.0000
    endloop
endfacet
facet normal 0.0000 0.0000 -9.9421
    outer loop
        vertex 0.9317 3.4772 -4.0000
        vertex 3.3260 1.3777 -4.0000
        vertex 3.4772 0.9317 -4.0000
    endloop
endfacet
facet normal 0.0000 0.0000 -9.9557
    outer loop
        vertex 3.3260 1.3777 -4.0000
        vertex 0.9317 3.4772 -4.0000
        vertex 1.3777 3.3260 -4.0000
    endloop
endfacet
facet normal 0.0000 0.0000 -9.9679
    outer loop
        vertex 1.3777 3.3260 -4.0000
        vertex 3.1176 1.8000 -4.0000
        vertex 3.3260 1.3777 -4.0000
    endloop
endfacet
facet normal 0.0000 0.0000 -9.9783
    outer loop
        vertex 3.1176 1.8000 -4.0000
        vertex 1.3777 3.3260 -4.0000
        vertex 1.8000 3.1176 -4.0000
    endloop
endfacet
facet normal 0.0000 0.0000 -9.9868
    outer loop
        vertex 1.8000 3.1176 -4.0000
        vertex 2.8562 2.1917 -4.0000
        vertex 3.1176 1.8000 -4.0000
    endloop
endfacet
facet normal 0.0000 0.0000 -9.9933
    outer loop
        vertex 2.8562 2.1917 -4.0000
        vertex 1.8000 3.1176 -4.0000
        vertex 2.1917 2.8562 -4.0000
    endloop
endfacet
facet normal 0.0000 0.0000 -9.9978
    outer loop
        vertex 2.1917 2.8562 -4.0000
        vertex 2.5456 2.5456 -4.0000
        vertex 2.8562 2.1917 -4.0000
    endloop
endfacet
facet normal 0.0000 0.0000 10.1219
    outer loop
        vertex 0.0000 3.6000 4.0000
        vertex 3.6000 0.0000 4.0000
        vertex 3.5690 0.4698 4.0000
    endloop
endfacet
facet normal 0.0000 0.0000 10.1049
    outer loop
        vertex 3.5690 0.4698 4.0000
        vertex 0.4698 3.5690 4.0000
        vertex 0.0000 3.6000 4.0000
    endloop
endfacet
facet normal 0.0000 0.0000 10.0885
    outer loop
        vertex 0.4698 3.5690 4.0000
        vertex 3.5690 0.4698 4.0000
        vertex 3.4772 0.9317 4.0000
    endloop
endfacet
facet normal 0.0000 0.0000 10.0727
    outer loop
        vertex 3.4772 0.9317 4.0000
        vertex 0.9317 3.4772 4.0000
        vertex 0.4698 3.5690 4.0000
    endloop
endfacet
facet normal 0.0000 0.0000 10.0579
    outer loop
        vertex 0.9317 3.4772 4.0000
        vertex 3.4772 0.9317 4.0000
        vertex 3.3260 1.3777 4.0000
    endloop
endfacet
facet normal 0.0000 0.0000 10.0443
    outer loop
        vertex 3.3260 1.3777 4.0000
        vertex 1.3777 3.3260 4.0000
        vertex 0.9317 3.4772 4.0000
    endloop
endfacet
facet normal 0.0000 0.0000 10.0321
    outer loop
        vertex 1.3777 3.3260 4.0000
        vertex 3.3260 1.3777 4.0000
        vertex 3.1176 1.8000 4.0000
    endloop
endfacet
facet normal 0.0000 0.0000 10.0217
    outer loop
        vertex 3.1176 1.8000 4.0000
        vertex 1.8000 3.1176 4.0000
        vertex 1.3777 3.3260 4.0000
    endloop
endfacet
facet normal 0.0000 0.0000 10.0132
    outer loop
        vertex 1.8000 3.1176 4.0000
        vertex 3.1176 1.8000 4.0000
        vertex 2.8562 2.1917 4.0000
    endloop
endfacet
facet normal 0.0000 0.0000 10.0067
    outer loop
        vertex 2.8562 2.1917 4.0000
        vertex 2.1917 2.8562 4.0000
        vertex 1.8000 3.1176 4.0000
    endloop
endfacet
facet normal 0.0000 0.0000 10.0022
    outer loop
        vertex 2.1917 2.8562 4.0000
        vertex 2.8562 2.1917 4.0000
        vertex 2.5456 2.5456 4.0000
    endloop
endfacet
facet normal 0.0000 0.0000 -6.0000
    outer loop
        vertex 0.0000 2.4000 -4.0000
        vertex 0.0000 3.6000 -4.0000
        vertex 0.8000 2.2409 -4.0000
    endloop
endfacet
facet normal 0.0000 0.0000 -4.6305
    outer loop
        vertex 1.6971 1.6971 -4.0000
        vertex 0.0000 3.6000 -4.0000
        vertex 3.6000 0.0000 -4.0000
    endloop
endfacet
facet normal 0.0000 0.0000 -3.7427
    outer loop
        vertex 0.9184 2.2173 -4.0000
        vertex 0.0000 3.6000 -4.0000
        vertex 1.6971 1.6971 -4.0000
    endloop
endfacet
facet normal 0.0000 0.0000 -0.8881
    outer loop
        vertex 2.2409 0.8000 -4.0000
        vertex 2.2173 0.9184 -4.0000
        vertex 3.6000 0.0000 -4.0000
    endloop
endfacet
facet normal 0.0000 0.0000 -3.7429
    outer loop
        vertex 2.2173 0.9184 -4.0000
        vertex 1.6971 1.6971 -4.0000
        vertex 3.6000 0.0000 -4.0000
    endloop
endfacet
facet normal 0.0000 0.0000 -6.0000
    outer loop
        vertex 2.4000 0.0000 -4.0000
        vertex 2.2409 0.8000 -4.0000
        vertex 3.6000 0.0000 -4.0000
    endloop
endfacet
facet normal 0.0000 0.0000 -0.8881
    outer loop
        vertex 0.9184 2.2173 -4.0000
        vertex 0.8000 2.2409 -4.0000
        vertex 0.0000 3.6000 -4.0000
    endloop
endfacet
facet normal 0.0000 0.0000 6.0000
    outer loop
        vertex 0.0000 3.6000 4.0000
        vertex 0.0000 2.4000 4.0000
        vertex 0.8000 2.2409 4.0000
    endloop
endfacet
facet normal 0.0000 0.0000 4.6305
    outer loop
        vertex 0.0000 3.6000 4.0000
        vertex 1.6971 1.6971 4.0000
        vertex 3.6000 0.0000 4.0000
    endloop
endfacet
facet normal 0.0000 0.0000 3.7427
    outer loop
        vertex 0.0000 3.6000 4.0000
        vertex 0.9184 2.2173 4.0000
        vertex 1.6971 1.6971 4.0000
    endloop
endfacet
facet normal 0.0000 0.0000 0.8881
    outer loop
        vertex 2.2173 0.9184 4.0000
        vertex 2.2409 0.8000 4.0000
        vertex 3.6000 0.0000 4.0000
    endloop
endfacet
facet normal 0.0000 0.0000 3.7429
    outer loop
        vertex 1.6971 1.6971 4.0000
        vertex 2.2173 0.9184 4.0000
        vertex 3.6000 0.0000 4.0000
    endloop
endfacet
facet normal 0.0000 0.0000 6.0000
    outer loop
        vertex 2.2409 0.8000 4.0000
        vertex 2.4000 0.0000 4.0000
        vertex 3.6000 0.0000 4.0000
    endloop
endfacet
facet normal 0.0000 0.0000 0.8881
    outer loop
        vertex 0.8000 2.2409 4.0000
        vertex 0.9184 2.2173 4.0000
        vertex 0.0000 3.6000 4.0000
    endloop
endfacet
facet normal 7.5387 -0.4968 241.7908
    outer loop
        vertex 23.1072 0.0000 2.8400
        vertex 22.9085 -3.0155 2.8400
        vertex 23.1060 -3.0415 -3.8000
    endloop
endfacet
facet normal 7.6037 -0.5011 243.9571
    outer loop
        vertex 23.1060 -3.0415 -3.8000
        vertex 23.3064 0.0000 -3.8000
        vertex 23.1072 0.0000 2.8400
    endloop
endfacet
facet normal 7.4116 -1.4731 241.8377
    outer loop
        vertex 22.9085 -3.0155 2.8400
        vertex 22.3192 -5.9801 2.8400
        vertex 22.5117 -6.0317 -3.8000
    endloop
endfacet
facet normal 7.4755 -1.4858 244.0044
    outer loop
        vertex 22.5117 -6.0317 -3.8000
        vertex 23.1060 -3.0415 -3.8000
        vertex 22.9085 -3.0155 2.8400
    endloop
endfacet
facet normal 7.1575 -2.4263 241.8767
    outer loop
        vertex 22.3192 -5.9801 2.8400
        vertex 21.3487 -8.8431 2.8400
        vertex 21.5328 -8.9194 -3.8000
    endloop
endfacet
facet normal 7.2192 -2.4472 244.0437
    outer loop
        vertex 21.5328 -8.9194 -3.8000
        vertex 22.5117 -6.0317 -3.8000
        vertex 22.3192 -5.9801 2.8400
    endloop
endfacet
facet normal 6.7762 -3.3448 241.8520
    outer loop
        vertex 21.3487 -8.8431 2.8400
        vertex 20.0108 -11.5536 2.8400
        vertex 20.1833 -11.6532 -3.8000
    endloop
endfacet
facet normal 6.8346 -3.3736 244.0189
    outer loop
        vertex 20.1833 -11.6532 -3.8000
        vertex 21.5328 -8.9194 -3.8000
        vertex 21.3487 -8.8431 2.8400
    endloop
endfacet
facet normal 6.2852 -4.1940 241.8309
    outer loop
        vertex 20.0108 -11.5536 2.8400
        vertex 18.3333 -14.0677 2.8400
        vertex 18.4913 -14.1889 -3.8000
    endloop
endfacet
facet normal 6.3393 -4.2301 243.9975
    outer loop
        vertex 18.4913 -14.1889 -3.8000
        vertex 20.1833 -11.6532 -3.8000
        vertex 20.0108 -11.5536 2.8400
    endloop
endfacet
facet normal 5.6786 -4.9854 241.8498
    outer loop
        vertex 18.3333 -14.0677 2.8400
        vertex 16.3391 -16.3391 2.8400
        vertex 16.4800 -16.4800 -3.8000
    endloop
endfacet
facet normal 5.7275 -5.0284 244.0166
    outer loop
        vertex 16.4800 -16.4800 -3.8000
        vertex 18.4913 -14.1889 -3.8000
        vertex 18.3333 -14.0677 2.8400
    endloop
endfacet
facet normal 4.9854 -5.6786 241.8498
    outer loop
        vertex 16.3391 -16.3391 2.8400
        vertex 14.0677 -18.3333 2.8400
        vertex 14.1889 -18.4913 -3.8000
    endloop
endfacet
facet normal 5.0284 -5.7275 244.0166
    outer loop
        vertex 14.1889 -18.4913 -3.8000
        vertex 16.4800 -16.4800 -3.8000
        vertex 16.3391 -16.3391 2.8400
    endloop
endfacet
facet normal 4.1940 -6.2852 241.8309
    outer loop
        vertex 14.0677 -18.3333 2.8400
        vertex 11.5536 -20.0108 2.8400
        vertex 11.6532 -20.1833 -3.8000
    endloop
endfacet
facet normal 4.2301 -6.3393 243.9975
    outer loop
        vertex 11.6532 -20.1833 -3.8000
        vertex 14.1889 -18.4913 -3.8000
        vertex 14.0677 -18.3333 2.8400
    endloop
endfacet
facet normal 3.3448 -6.7762 241.8520
    outer loop
        vertex 11.5536 -20.0108 2.8400
        vertex 8.8431 -21.3487 2.8400
        vertex 8.9194 -21.5328 -3.8000
    endloop
endfacet
facet normal 3.3736 -6.8346 244.0189
    outer loop
        vertex 8.9194 -21.5328 -3.8000
        vertex 11.6532 -20.1833 -3.8000
        vertex 11.5536 -20.0108 2.8400
    endloop
endfacet
facet normal 2.4263 -7.1575 241.8767
    outer loop
        vertex 8.8431 -21.3487 2.8400
        vertex 5.9801 -22.3192 2.8400
        vertex 6.0317 -22.5117 -3.8000
    endloop
endfacet
facet normal 2.4472 -7.2192 244.0437
    outer loop
        vertex 6.0317 -22.5117 -3.8000
        vertex 8.9194 -21.5328 -3.8000
        vertex 8.8431 -21.3487 2.8400
    endloop
endfacet
facet normal 1.4731 -7.4116 241.8377
    outer loop
        vertex 5.9801 -22.3192 2.8400
        vertex 3.0155 -22.9085 2.8400
        vertex 3.0415 -23.1060 -3.8000
    endloop
endfacet
facet normal 1.4858 -7.4755 244.0044
    outer loop
        vertex 3.0415 -23.1060 -3.8000
        vertex 6.0317 -22.5117 -3.8000
        vertex 5.9801 -22.3192 2.8400
    endloop
endfacet
facet normal 0.4968 -7.5387 241.7908
    outer loop
        vertex 3.0155 -22.9085 2.8400
        vertex 0.0000 -23.1072 2.8400
        vertex 0.0000 -23.3064 -3.8000
    endloop
endfacet
facet normal 0.5011 -7.6037 243.9571
    outer loop
        vertex 0.0000 -23.3064 -3.8000
        vertex 3.0415 -23.1060 -3.8000
        vertex 3.0155 -22.9085 2.8400
    endloop
endfacet
facet normal 0.0000 0.0000 8.7483
    outer loop
        vertex 26.8800 0.0000 3.5000
        vertex 26.6488 -3.5078 3.5000
        vertex 26.8800 -5.3464 3.5000
    endloop
endfacet
facet normal 0.0000 0.0000 8.7472
    outer loop
        vertex 26.6488 -3.5078 3.5000
        vertex 25.9634 -6.9565 3.5000
        vertex 26.8800 -5.3464 3.5000
    endloop
endfacet
facet normal 0.0000 0.0000 8.7483
    outer loop
        vertex 24.8344 -10.2870 3.5000
        vertex 26.8800 -5.3464 3.5000
        vertex 25.9634 -6.9565 3.5000
    endloop
endfacet
facet normal 0.0000 0.0000 8.7483
    outer loop
        vertex 24.8344 -10.2870 3.5000
        vertex 23.2781 -13.4400 3.5000
        vertex 22.7889 -15.2275 3.5000
    endloop
endfacet
facet normal 0.0000 0.0000 8.7472
    outer loop
        vertex 23.2781 -13.4400 3.5000
        vertex 21.3266 -16.3645 3.5000
        vertex 22.7889 -15.2275 3.5000
    endloop
endfacet
facet normal 0.0000 0.0000 8.7483
    outer loop
        vertex 19.0068 -19.0068 3.5000
        vertex 22.7889 -15.2275 3.5000
        vertex 21.3266 -16.3645 3.5000
    endloop
endfacet
facet normal 0.0000 0.0000 8.7483
    outer loop
        vertex 19.0068 -19.0068 3.5000
        vertex 16.3645 -21.3266 3.5000
        vertex 15.2275 -22.7889 3.5000
    endloop
endfacet
facet normal 0.0000 0.0000 8.7472
    outer loop
        vertex 16.3645 -21.3266 3.5000
        vertex 13.4400 -23.2781 3.5000
        vertex 15.2275 -22.7889 3.5000
    endloop
endfacet
facet normal 0.0000 0.0000 8.7483
    outer loop
        vertex 10.2870 -24.8344 3.5000
        vertex 15.2275 -22.7889 3.5000
        vertex 13.4400 -23.2781 3.5000
    endloop
endfacet
facet normal 0.0000 0.0000 8.7483
    outer loop
        vertex 10.2870 -24.8344 3.5000
        vertex 6.9565 -25.9634 3.5000
        vertex 5.3464 -26.8800 3.5000
    endloop
endfacet
facet normal 0.0000 0.0000 8.7472
    outer loop
        vertex 6.9565 -25.9634 3.5000
        vertex 3.5078 -26.6488 3.5000
        vertex 5.3464 -26.8800 3.5000
    endloop
endfacet
facet normal 0.0000 0.0000 8.7483
    outer loop
        vertex 0.0000 -26.8800 3.5000
        vertex 5.3464 -26.8800 3.5000
        vertex 3.5078 -26.6488 3.5000
    endloop
endfacet
facet normal 0.0000 0.0000 7.0983
    outer loop
        vertex 23.1072 0.0000 2.8400
        vertex 22.9085 -3.0155 2.8400
        vertex 23.1072 -4.5960 2.8400
    endloop
endfacet
facet normal 0.0000 0.0000 7.0972
    outer loop
        vertex 22.9085 -3.0155 2.8400
        vertex 22.3192 -5.9801 2.8400
        vertex 23.1072 -4.5960 2.8400
    endloop
endfacet
facet normal 0.0000 0.0000 7.0983
    outer loop
        vertex 21.3487 -8.8431 2.8400
        vertex 23.1072 -4.5960 2.8400
        vertex 22.3192 -5.9801 2.8400
    endloop
endfacet
facet normal 0.0000 0.0000 7.0983
    outer loop
        vertex 21.3487 -8.8431 2.8400
        vertex 20.0108 -11.5536 2.8400
        vertex 19.5903 -13.0902 2.8400
    endloop
endfacet
facet normal 0.0000 0.0000 7.0972
    outer loop
        vertex 20.0108 -11.5536 2.8400
        vertex 18.3333 -14.0677 2.8400
        vertex 19.5903 -13.0902 2.8400
    endloop
endfacet
facet normal 0.0000 0.0000 7.0983
    outer loop
        vertex 16.3391 -16.3391 2.8400
        vertex 19.5903 -13.0902 2.8400
        vertex 18.3333 -14.0677 2.8400
    endloop
endfacet
facet normal 0.0000 0.0000 7.0983
    outer loop
        vertex 16.3391 -16.3391 2.8400
        vertex 14.0677 -18.3333 2.8400
        vertex 13.0902 -19.5903 2.8400
    endloop
endfacet
facet normal 0.0000 0.0000 7.0972
    outer loop
        vertex 14.0677 -18.3333 2.8400
        vertex 11.5536 -20.0108 2.8400
        vertex 13.0902 -19.5903 2.8400
    endloop
endfacet
facet normal 0.0000 0.0000 7.0983
    outer loop
        vertex 8.8431 -21.3487 2.8400
        vertex 13.0902 -19.5903 2.8400
        vertex 11.5536 -20.0108 2.8400
    endloop
endfacet
facet normal 0.0000 0.0000 7.0983
    outer loop
        vertex 8.8431 -21.3487 2.8400
        vertex 5.9801 -22.3192 2.8400
        vertex 4.5960 -23.1072 2.8400
    endloop
endfacet
facet normal 0.0000 0.0000 7.0972
    outer loop
        vertex 5.9801 -22.3192 2.8400
        vertex 3.0155 -22.9085 2.8400
        vertex 4.5960 -23.1072 2.8400
    endloop
endfacet
facet normal 0.0000 0.0000 7.0983
    outer loop
        vertex 0.0000 -23.1072 2.8400
        vertex 4.5960 -23.1072 2.8400
        vertex 3.0155 -22.9085 2.8400
    endloop
endfacet
facet normal 0.0000 0.0000 -9.4983
    outer loop
        vertex 23.3064 0.0000 -3.8000
        vertex 23.1060 -3.0415 -3.8000
        vertex 23.3064 -4.6356 -3.8000
    endloop
endfacet
facet normal 0.0000 0.0000 -9.4972
    outer loop
        vertex 23.1060 -3.0415 -3.8000
        vertex 22.5117 -6.0317 -3.8000
        vertex 23.3064 -4.6356 -3.8000
    endloop
endfacet
facet normal 0.0000 0.0000 -9.4983
    outer loop
        vertex 21.5328 -8.9194 -3.8000
        vertex 23.3064 -4.6356 -3.8000
        vertex 22.5117 -6.0317 -3.8000
    endloop
endfacet
facet normal 0.0000 0.0000 -9.4983
    outer loop
        vertex 21.5328 -8.9194 -3.8000
        vertex 20.1833 -11.6532 -3.8000
        vertex 19.7592 -13.2031 -3.8000
    endloop
endfacet
facet normal 0.0000 0.0000 -9.4972
    outer loop
        vertex 20.1833 -11.6532 -3.8000
        vertex 18.4913 -14.1889 -3.8000
        vertex 19.7592 -13.2031 -3.8000
    endloop
endfacet
facet normal 0.0000 0.0000 -9.4983
    outer loop
        vertex 16.4800 -16.4800 -3.8000
        vertex 19.7592 -13.2031 -3.8000
        vertex 18.4913 -14.1889 -3.8000
    endloop
endfacet
facet normal 0.0000 0.0000 -9.4983
    outer loop
        vertex 16.4800 -16.4800 -3.8000
        vertex 14.1889 -18.4913 -3.8000
        vertex 13.2031 -19.7592 -3.8000
    endloop
endfacet
facet normal 0.0000 0.0000 -9.4972
    outer loop
        vertex 14.1889 -18.4913 -3.8000
        vertex 11.6532 -20.1833 -3.8000
        vertex 13.2031 -19.7592 -3.8000
    endloop
endfacet
facet normal 0.0000 0.0000 -9.4983
    outer loop
        vertex 8.9194 -21.5328 -3.8000
        vertex 13.2031 -19.7592 -3.8000
        vertex 11.6532 -20.1833 -3.8000
    endloop
endfacet
facet normal 0.0000 0.0000 -9.4983
    outer loop
        vertex 8.9194 -21.5328 -3.8000
        vertex 6.0317 -22.5117 -3.8000
        vertex 4.6356 -23.3064 -3.8000
    endloop
endfacet
facet normal 0.0000 0.0000 -9.4972
    outer loop
        vertex 6.0317 -22.5117 -3.8000
        vertex 3.0415 -23.1060 -3.8000
        vertex 4.6356 -23.3064 -3.8000
    endloop
endfacet
facet normal 0.0000 0.0000 -9.4983
    outer loop
        vertex 0.0000 -23.3064 -3.8000
        vertex 4.6356 -23.3064 -3.8000
        vertex 3.0415 -23.1060 -3.8000
    endloop
endfacet
facet normal 0.0000 0.0000 -60.1162
    outer loop
        vertex 0.0000 -25.2000 2.8400
        vertex 4.5960 -23.1072 2.8400
        vertex 0.0000 -23.1072 2.8400
    endloop
endfacet
facet normal 0.0000 0.0000 -71.0571
    outer loop
        vertex 0.0000 -25.2000 2.8400
        vertex 9.6440 -23.2823 2.8400
        vertex 4.5960 -23.1072 2.8400
    endloop
endfacet
facet normal 0.0000 0.0000 -60.1261
    outer loop
        vertex 9.6440 -23.2823 2.8400
        vertex 8.8431 -21.3488 2.8400
        vertex 4.5960 -23.1072 2.8400
    endloop
endfacet
facet normal 0.0000 0.0000 -60.1268
    outer loop
        vertex 9.6440 -23.2823 2.8400
        vertex 13.0902 -19.5903 2.8400
        vertex 8.8431 -21.3488 2.8400
    endloop
endfacet
facet normal 0.0000 0.0000 -70.9614
    outer loop
        vertex 9.6440 -23.2823 2.8400
        vertex 17.8189 -17.8189 2.8400
        vertex 13.0902 -19.5903 2.8400
    endloop
endfacet
facet normal 0.0000 0.0000 -120.1419
    outer loop
        vertex 17.8189 -17.8189 2.8400
        vertex 19.5903 -13.0902 2.8400
        vertex 13.0902 -19.5903 2.8400
    endloop
endfacet
facet normal 0.0000 0.0000 -70.9614
    outer loop
        vertex 17.8189 -17.8189 2.8400
        vertex 23.2823 -9.6440 2.8400
        vertex 19.5903 -13.0902 2.8400
    endloop
endfacet
facet normal 0.0000 0.0000 -120.2536
    outer loop
        vertex 23.2823 -9.6440 2.8400
        vertex 23.1072 -4.5960 2.8400
        vertex 19.5903 -13.0902 2.8400
    endloop
endfacet
facet normal 0.0000 0.0000 -71.0571
    outer loop
        vertex 23.2823 -9.6440 2.8400
        vertex 25.2000 0.0000 2.8400
        vertex 23.1072 -4.5960 2.8400
    endloop
endfacet
facet normal 0.0000 0.0000 -60.1162
    outer loop
        vertex 23.1072 -4.5960 2.8400
        vertex 25.2000 0.0000 2.8400
        vertex 23.1072 0.0000 2.8400
    endloop
endfacet
facet normal 0.0000 0.0000 -46.3363
    outer loop
        vertex 0.0000 -28.2667 3.5000
        vertex 5.3464 -26.8800 3.5000
        vertex 0.0000 -26.8800 3.5000
    endloop
endfacet
facet normal 0.0000 0.0000 -21.8749
    outer loop
        vertex 0.0000 -28.2667 3.5000
        vertex 10.8176 -26.1156 3.5000
        vertex 5.3464 -26.8800 3.5000
    endloop
endfacet
facet normal 0.0000 0.0000 -21.7518
    outer loop
        vertex 10.8176 -26.1156 3.5000
        vertex 19.9874 -19.9874 3.5000
        vertex 15.2275 -22.7889 3.5000
    endloop
endfacet
facet normal 0.0000 0.0000 -46.3379
    outer loop
        vertex 19.9874 -19.9874 3.5000
        vertex 19.0068 -19.0068 3.5000
        vertex 15.2275 -22.7889 3.5000
    endloop
endfacet
facet normal 0.0000 0.0000 -46.3379
    outer loop
        vertex 19.9874 -19.9874 3.5000
        vertex 22.7889 -15.2275 3.5000
        vertex 19.0068 -19.0068 3.5000
    endloop
endfacet
facet normal 0.0000 0.0000 -46.3449
    outer loop
        vertex 15.2275 -22.7889 3.5000
        vertex 10.2870 -24.8344 3.5000
        vertex 10.8176 -26.1156 3.5000
    endloop
endfacet
facet normal 0.0000 0.0000 -46.3446
    outer loop
        vertex 10.2870 -24.8344 3.5000
        vertex 5.3464 -26.8800 3.5000
        vertex 10.8176 -26.1156 3.5000
    endloop
endfacet
facet normal 0.0000 0.0000 -21.7518
    outer loop
        vertex 19.9874 -19.9874 3.5000
        vertex 26.1156 -10.8176 3.5000
        vertex 22.7889 -15.2275 3.5000
    endloop
endfacet
facet normal 0.0000 0.0000 -46.3449
    outer loop
        vertex 26.1156 -10.8176 3.5000
        vertex 24.8344 -10.2870 3.5000
        vertex 22.7889 -15.2275 3.5000
    endloop
endfacet
facet normal 0.0000 0.0000 -46.3446
    outer loop
        vertex 26.1156 -10.8176 3.5000
        vertex 26.8800 -5.3464 3.5000
        vertex 24.8344 -10.2870 3.5000
    endloop
endfacet
facet normal 0.0000 0.0000 -21.8749
    outer loop
        vertex 26.1156 -10.8176 3.5000
        vertex 28.2667 0.0000 3.5000
        vertex 26.8800 -5.3464 3.5000
    endloop
endfacet
facet normal 0.0000 0.0000 48.0948
    outer loop
        vertex 24.9600 0.0000 -3.8000
        vertex 23.3064 -4.6356 -3.8000
        vertex 23.3000 0.0000 -3.8000
    endloop
endfacet
facet normal 0.0000 0.0000 43.6900
    outer loop
        vertex 24.9600 0.0000 -3.8000
        vertex 23.0606 -9.5522 -3.8000
        vertex 23.3064 -4.6356 -3.8000
    endloop
endfacet
facet normal 0.0000 0.0000 47.9183
    outer loop
        vertex 23.0606 -9.5522 -3.8000
        vertex 19.7592 -13.2031 -3.8000
        vertex 21.5328 -8.9194 -3.8000
    endloop
endfacet
facet normal 0.0000 0.0000 43.5951
    outer loop
        vertex 23.0606 -9.5522 -3.8000
        vertex 17.6492 -17.6492 -3.8000
        vertex 19.7592 -13.2031 -3.8000
    endloop
endfacet
facet normal 0.0000 0.0000 47.9102
    outer loop
        vertex 17.6492 -17.6492 -3.8000
        vertex 16.4800 -16.4800 -3.8000
        vertex 19.7592 -13.2031 -3.8000
    endloop
endfacet
facet normal 0.0000 0.0000 47.9102
    outer loop
        vertex 17.6492 -17.6492 -3.8000
        vertex 13.2031 -19.7592 -3.8000
        vertex 16.4800 -16.4800 -3.8000
    endloop
endfacet
facet normal 0.0000 0.0000 43.5951
    outer loop
        vertex 17.6492 -17.6492 -3.8000
        vertex 9.5522 -23.0606 -3.8000
        vertex 13.2031 -19.7592 -3.8000
    endloop
endfacet
facet normal 0.0000 0.0000 47.9183
    outer loop
        vertex 9.5522 -23.0606 -3.8000
        vertex 8.9194 -21.5328 -3.8000
        vertex 13.2031 -19.7592 -3.8000
    endloop
endfacet
facet normal 0.0000 0.0000 47.9181
    outer loop
        vertex 9.5522 -23.0606 -3.8000
        vertex 4.6356 -23.3064 -3.8000
        vertex 8.9194 -21.5328 -3.8000
    endloop
endfacet
facet normal 0.0000 0.0000 43.6900
    outer loop
        vertex 9.5522 -23.0606 -3.8000
        vertex 0.0000 -24.9600 -3.8000
        vertex 4.6356 -23.3064 -3.8000
    endloop
endfacet
facet normal 0.0000 0.0000 47.9093
    outer loop
        vertex 0.0000 -24.9600 -3.8000
        vertex 0.0000 -23.3064 -3.8000
        vertex 4.6356 -23.3064 -3.8000
    endloop
endfacet
facet normal 0.0000 0.0000 47.9181
    outer loop
        vertex 21.5328 -8.9194 -3.8000
        vertex 23.3064 -4.6356 -3.8000
        vertex 23.0606 -9.5522 -3.8000
    endloop
endfacet
facet normal 0.0000 0.0000 -46.3363
    outer loop
        vertex 26.8800 0.0000 3.5000
        vertex 26.8800 -5.3464 3.5000
        vertex 28.2667 0.0000 3.5000
    endloop
endfacet
facet normal 0.0000 0.0000 -9.8781
    outer loop
        vertex 0.0000 -3.6000 -4.0000
        vertex 3.5690 -0.4698 -4.0000
        vertex 3.6000 0.0000 -4.0000
    endloop
endfacet
facet normal 0.0000 0.0000 -9.8951
    outer loop
        vertex 3.5690 -0.4698 -4.0000
        vertex 0.0000 -3.6000 -4.0000
        vertex 0.4698 -3.5690 -4.0000
    endloop
endfacet
facet normal 0.0000 0.0000 -9.9115
    outer loop
        vertex 0.4698 -3.5690 -4.0000
        vertex 3.4772 -0.9317 -4.0000
        vertex 3.5690 -0.4698 -4.0000
    endloop
endfacet
facet normal 0.0000 0.0000 -9.9273
    outer loop
        vertex 3.4772 -0.9317 -4.0000
        vertex 0.4698 -3.5690 -4.0000
        vertex 0.9317 -3.4772 -4.0000
    endloop
endfacet
facet normal 0.0000 0.0000 -9.9421
    outer loop
        vertex 0.9317 -3.4772 -4.0000
        vertex 3.3260 -1.3777 -4.0000
        vertex 3.4772 -0.9317 -4.0000
    endloop
endfacet
facet normal 0.0000 0.0000 -9.9557
    outer loop
        vertex 3.3260 -1.3777 -4.0000
        vertex 0.9317 -3.4772 -4.0000
        vertex 1.3777 -3.3260 -4.0000
    endloop
endfacet
facet normal 0.0000 0.0000 -9.9679
    outer loop
        vertex 1.3777 -3.3260 -4.0000
        vertex 3.1176 -1.8000 -4.0000
        vertex 3.3260 -1.3777 -4.0000
    endloop
endfacet
facet normal 0.0000 0.0000 -9.9783
    outer loop
        vertex 3.1176 -1.8000 -4.0000
        vertex 1.3777 -3.3260 -4.0000
        vertex 1.8000 -3.1176 -4.0000
    endloop
endfacet
facet normal 0.0000 0.0000 -9.9868
    outer loop
        vertex 1.8000 -3.1176 -4.0000
        vertex 2.8562 -2.1917 -4.0000
        vertex 3.1176 -1.8000 -4.0000
    endloop
endfacet
facet normal 0.0000 0.0000 -9.9933
    outer loop
        vertex 2.8562 -2.1917 -4.0000
        vertex 1.8000 -3.1176 -4.0000
        vertex 2.1917 -2.8562 -4.0000
    endloop
endfacet
facet normal 0.0000 0.0000 -9.9978
    outer loop
        vertex 2.1917 -2.8562 -4.0000
        vertex 2.5456 -2.5456 -4.0000
        vertex 2.8562 -2.1917 -4.0000
    endloop
endfacet
facet normal 0.0000 0.0000 9.8781
    outer loop
        vertex 0.0000 -3.6000 4.0000
        vertex 3.5690 -0.4698 4.0000
        vertex 3.6000 0.0000 4.0000
    endloop
endfacet
facet normal 0.0000 0.0000 9.8951
    outer loop
        vertex 3.5690 -0.4698 4.0000
        vertex 0.0000 -3.6000 4.0000
        vertex 0.4698 -3.5690 4.0000
    endloop
endfacet
facet normal 0.0000 0.0000 9.9115
    outer loop
        vertex 0.4698 -3.5690 4.0000
        vertex 3.4772 -0.9317 4.0000
        vertex 3.5690 -0.4698 4.0000
    endloop
endfacet
facet normal 0.0000 0.0000 9.9273
    outer loop
        vertex 3.4772 -0.9317 4.0000
        vertex 0.4698 -3.5690 4.0000
        vertex 0.9317 -3.4772 4.0000
    endloop
endfacet
facet normal 0.0000 0.0000 9.9421
    outer loop
        vertex 0.9317 -3.4772 4.0000
        vertex 3.3260 -1.3777 4.0000
        vertex 3.4772 -0.9317 4.0000
    endloop
endfacet
facet normal 0.0000 0.0000 9.9557
    outer loop
        vertex 3.3260 -1.3777 4.0000
        vertex 0.9317 -3.4772 4.0000
        vertex 1.3777 -3.3260 4.0000
    endloop
endfacet
facet normal 0.0000 0.0000 9.9679
    outer loop
        vertex 1.3777 -3.3260 4.0000
        vertex 3.1176 -1.8000 4.0000
        vertex 3.3260 -1.3777 4.0000
    endloop
endfacet
facet normal 0.0000 0.0000 9.9783
    outer loop
        vertex 3.1176 -1.8000 4.0000
        vertex 1.3777 -3.3260 4.0000
        vertex 1.8000 -3.1176 4.0000
    endloop
endfacet
facet normal 0.0000 0.0000 9.9868
    outer loop
        vertex 1.8000 -3.1176 4.0000
        vertex 2.8562 -2.1917 4.0000
        vertex 3.1176 -1.8000 4.0000
    endloop
endfacet
facet normal 0.0000 0.0000 9.9933
    outer loop
        vertex 2.8562 -2.1917 4.0000
        vertex 1.8000 -3.1176 4.0000
        vertex 2.1917 -2.8562 4.0000
    endloop
endfacet
facet normal 0.0000 0.0000 9.9978
    outer loop
        vertex 2.1917 -2.8562 4.0000
        vertex 2.5456 -2.5456 4.0000
        vertex 2.8562 -2.1917 4.0000
    endloop
endfacet
facet normal 0.0000 0.0000 6.0000
    outer loop
        vertex 0.0000 -2.4000 -4.0000
        vertex 0.8000 -2.2409 -4.0000
        vertex 0.0000 -3.6000 -4.0000
    endloop
endfacet
facet normal 0.0000 0.0000 4.6305
    outer loop
        vertex 1.6971 -1.6971 -4.0000
        vertex 3.6000 0.0000 -4.0000
        vertex 0.0000 -3.6000 -4.0000
    endloop
endfacet
facet normal 0.0000 0.0000 3.7427
    outer loop
        vertex 0.9184 -2.2173 -4.0000
        vertex 1.6971 -1.6971 -4.0000
        vertex 0.0000 -3.6000 -4.0000
    endloop
endfacet
facet normal 0.0000 0.0000 0.8881
    outer loop
        vertex 2.2409 -0.8000 -4.0000
        vertex 3.6000 0.0000 -4.0000
        vertex 2.2173 -0.9184 -4.0000
    endloop
endfacet
facet normal 0.0000 0.0000 3.7429
    outer loop
        vertex 2.2173 -0.9184 -4.0000
        vertex 3.6000 0.0000 -4.0000
        vertex 1.6971 -1.6971 -4.0000
    endloop
endfacet
facet normal 0.0000 0.0000 6.0000
    outer loop
        vertex 2.4000 0.0000 -4.0000
        vertex 3.6000 0.0000 -4.0000
        vertex 2.2409 -0.8000 -4.0000
    endloop
endfacet
facet normal 0.0000 0.0000 0.8881
    outer loop
        vertex 0.9184 -2.2173 -4.0000
        vertex 0.0000 -3.6000 -4.0000
        vertex 0.8000 -2.2409 -4.0000
    endloop
endfacet
facet normal 0.0000 0.0000 -6.0000
    outer loop
        vertex 0.0000 -3.6000 4.0000
        vertex 0.8000 -2.2409 4.0000
        vertex 0.0000 -2.4000 4.0000
    endloop
endfacet
facet normal 0.0000 0.0000 -4.6305
    outer loop
        vertex 0.0000 -3.6000 4.0000
        vertex 3.6000 0.0000 4.0000
        vertex 1.6971 -1.6971 4.0000
    endloop
endfacet
facet normal 0.0000 0.0000 -3.7427
    outer loop
        vertex 0.0000 -3.6000 4.0000
        vertex 1.6971 -1.6971 4.0000
        vertex 0.9184 -2.2173 4.0000
    endloop
endfacet
facet normal 0.0000 0.0000 -0.8881
    outer loop
        vertex 2.2173 -0.9184 4.0000
        vertex 3.6000 0.0000 4.0000
        vertex 2.2409 -0.8000 4.0000
    endloop
endfacet
facet normal 0.0000 0.0000 -3.7429
    outer loop
        vertex 1.6971 -1.6971 4.0000
        vertex 3.6000 0.0000 4.0000
        vertex 2.2173 -0.9184 4.0000
    endloop
endfacet
facet normal 0.0000 0.0000 -6.0000
    outer loop
        vertex 2.2409 -0.8000 4.0000
        vertex 3.6000 0.0000 4.0000
        vertex 2.4000 0.0000 4.0000
    endloop
endfacet
facet normal 0.0000 0.0000 -0.8881
    outer loop
        vertex 0.8000 -2.2409 4.0000
        vertex 0.0000 -3.6000 4.0000
        vertex 0.9184 -2.2173 4.0000
    endloop
endfacet
facet normal -7.5387 0.4968 241.7908
    outer loop
        vertex -23.1072 0.0000 2.8400
        vertex -22.9085 3.0155 2.8400
        vertex -23.1060 3.0415 -3.8000
    endloop
endfacet
facet normal -7.6037 0.5011 243.9571
    outer loop
        vertex -23.1060 3.0415 -3.8000
        vertex -23.3064 0.0000 -3.8000
        vertex -23.1072 0.0000 2.8400
    endloop
endfacet
facet normal -7.4116 1.4731 241.8377
    outer loop
        vertex -22.9085 3.0155 2.8400
        vertex -22.3192 5.9801 2.8400
        vertex -22.5117 6.0317 -3.8000
    endloop
endfacet
facet normal -7.4755 1.4858 244.0044
    outer loop
        vertex -22.5117 6.0317 -3.8000
        vertex -23.1060 3.0415 -3.8000
        vertex -22.9085 3.0155 2.8400
    endloop
endfacet
facet normal -7.1575 2.4263 241.8767
    outer loop
        vertex -22.3192 5.9801 2.8400
        vertex -21.3487 8.8431 2.8400
        vertex -21.5328 8.9194 -3.8000
    endloop
endfacet
facet normal -7.2192 2.4472 244.0437
    outer loop
        vertex -21.5328 8.9194 -3.8000
        vertex -22.5117 6.0317 -3.8000
        vertex -22.3192 5.9801 2.8400
    endloop
endfacet
facet normal -6.7762 3.3448 241.8520
    outer loop
        vertex -21.3487 8.8431 2.8400
        vertex -20.0108 11.5536 2.8400
        vertex -20.1833 11.6532 -3.8000
    endloop
endfacet
facet normal -6.8346 3.3736 244.0189
    outer loop
        vertex -20.1833 11.6532 -3.8000
        vertex -21.5328 8.9194 -3.8000
        vertex -21.3487 8.8431 2.8400
    endloop
endfacet
facet normal -6.2852 4.1940 241.8309
    outer loop
        vertex -20.0108 11.5536 2.8400
        vertex -18.3333 14.0677 2.8400
        vertex -18.4913 14.1889 -3.8000
    endloop
endfacet
facet normal -6.3393 4.2301 243.9975
    outer loop
        vertex -18.4913 14.1889 -3.8000
        vertex -20.1833 11.6532 -3.8000
        vertex -20.0108 11.5536 2.8400
    endloop
endfacet
facet normal -5.6786 4.9854 241.8498
    outer loop
        vertex -18.3333 14.0677 2.8400
        vertex -16.3391 16.3391 2.8400
        vertex -16.4800 16.4800 -3.8000
    endloop
endfacet
facet normal -5.7275 5.0284 244.0166
    outer loop
        vertex -16.4800 16.4800 -3.8000
        vertex -18.4913 14.1889 -3.8000
        vertex -18.3333 14.0677 2.8400
    endloop
endfacet
facet normal -4.9854 5.6786 241.8498
    outer loop
        vertex -16.3391 16.3391 2.8400
        vertex -14.0677 18.3333 2.8400
        vertex -14.1889 18.4913 -3.8000
    endloop
endfacet
facet normal -5.0284 5.7275 244.0166
    outer loop
        vertex -14.1889 18.4913 -3.8000
        vertex -16.4800 16.4800 -3.8000
        vertex -16.3391 16.3391 2.8400
    endloop
endfacet
facet normal -4.1940 6.2852 241.8309
    outer loop
        vertex -14.0677 18.3333 2.8400
        vertex -11.5536 20.0108 2.8400
        vertex -11.6532 20.1833 -3.8000
    endloop
endfacet
facet normal -4.2301 6.3393 243.9975
    outer loop
        vertex -11.6532 20.1833 -3.8000
        vertex -14.1889 18.4913 -3.8000
        vertex -14.0677 18.3333 2.8400
    endloop
endfacet
facet normal -3.3448 6.7762 241.8520
    outer loop
        vertex -11.5536 20.0108 2.8400
        vertex -8.8431 21.3487 2.8400
        vertex -8.9194 21.5328 -3.8000
    endloop
endfacet
facet normal -3.3736 6.8346 244.0189
    outer loop
        vertex -8.9194 21.5328 -3.8000
        vertex -11.6532 20.1833 -3.8000
        vertex -11.5536 20.0108 2.8400
    endloop
endfacet
facet normal -2.4263 7.1575 241.8767
    outer loop
        vertex -8.8431 21.3487 2.8400
        vertex -5.9801 22.3192 2.8400
        vertex -6.0317 22.5117 -3.8000
    endloop
endfacet
facet normal -2.4472 7.2192 244.0437
    outer loop
        vertex -6.0317 22.5117 -3.8000
        vertex -8.9194 21.5328 -3.8000
        vertex -8.8431 21.3487 2.8400
    endloop
endfacet
facet normal -1.4731 7.4116 241.8377
    outer loop
        vertex -5.9801 22.3192 2.8400
        vertex -3.0155 22.9085 2.8400
        vertex -3.0415 23.1060 -3.8000
    endloop
endfacet
facet normal -1.4858 7.4755 244.0044
    outer loop
        vertex -3.0415 23.1060 -3.8000
        vertex -6.0317 22.5117 -3.8000
        vertex -5.9801 22.3192 2.8400
    endloop
endfacet
facet normal -0.4968 7.5387 241.7908
    outer loop
        vertex -3.0155 22.9085 2.8400
        vertex 0.0000 23.1072 2.8400
        vertex 0.0000 23.3064 -3.8000
    endloop
endfacet
facet normal -0.5011 7.6037 243.9571
    outer loop
        vertex 0.0000 23.3064 -3.8000
        vertex -3.0415 23.1060 -3.8000
        vertex -3.0155 22.9085 2.8400
    endloop
endfacet
facet normal 0.0000 0.0000 8.7483
    outer loop
        vertex -26.8800 0.0000 3.5000
        vertex -26.6488 3.5078 3.5000
        vertex -26.8800 5.3464 3.5000
    endloop
endfacet
facet normal 0.0000 0.0000 8.7472
    outer loop
        vertex -26.6488 3.5078 3.5000
        vertex -25.9634 6.9565 3.5000
        vertex -26.8800 5.3464 3.5000
    endloop
endfacet
facet normal 0.0000 0.0000 8.7483
    outer loop
        vertex -24.8344 10.2870 3.5000
        vertex -26.8800 5.3464 3.5000
        vertex -25.9634 6.9565 3.5000
    endloop
endfacet
facet normal 0.0000 0.0000 8.7483
    outer loop
        vertex -24.8344 10.2870 3.5000
        vertex -23.2781 13.4400 3.5000
        vertex -22.7889 15.2275 3.5000
    endloop
endfacet
facet normal 0.0000 0.0000 8.7472
    outer loop
        vertex -23.2781 13.4400 3.5000
        vertex -21.3266 16.3645 3.5000
        vertex -22.7889 15.2275 3.5000
    endloop
endfacet
facet normal 0.0000 0.0000 8.7483
    outer loop
        vertex -19.0068 19.0068 3.5000
        vertex -22.7889 15.2275 3.5000
        vertex -21.3266 16.3645 3.5000
    endloop
endfacet
facet normal 0.0000 0.0000 8.7483
    outer loop
        vertex -19.0068 19.0068 3.5000
        vertex -16.3645 21.3266 3.5000
        vertex -15.2275 22.7889 3.5000
    endloop
endfacet
facet normal 0.0000 0.0000 8.7472
    outer loop
        vertex -16.3645 21.3266 3.5000
        vertex -13.4400 23.2781 3.5000
        vertex -15.2275 22.7889 3.5000
    endloop
endfacet
facet normal 0.0000 0.0000 8.7483
    outer loop
        vertex -10.2870 24.8344 3.5000
        vertex -15.2275 22.7889 3.5000
        vertex -13.4400 23.2781 3.5000
    endloop
endfacet
facet normal 0.0000 0.0000 8.7483
    outer loop
        vertex -10.2870 24.8344 3.5000
        vertex -6.9565 25.9634 3.5000
        vertex -5.3464 26.8800 3.5000
    endloop
endfacet
facet normal 0.0000 0.0000 8.7472
    outer loop
        vertex -6.9565 25.9634 3.5000
        vertex -3.5078 26.6488 3.5000
        vertex -5.3464 26.8800 3.5000
    endloop
endfacet
facet normal 0.0000 0.0000 8.7483
    outer loop
        vertex 0.0000 26.8800 3.5000
        vertex -5.3464 26.8800 3.5000
        vertex -3.5078 26.6488 3.5000
    endloop
endfacet
facet normal 0.0000 0.0000 7.0983
    outer loop
        vertex -23.1072 0.0000 2.8400
        vertex -22.9085 3.0155 2.8400
        vertex -23.1072 4.5960 2.8400
    endloop
endfacet
facet normal 0.0000 0.0000 7.0972
    outer loop
        vertex -22.9085 3.0155 2.8400
        vertex -22.3192 5.9801 2.8400
        vertex -23.1072 4.5960 2.8400
    endloop
endfacet
facet normal 0.0000 0.0000 7.0983
    outer loop
        vertex -21.3487 8.8431 2.8400
        vertex -23.1072 4.5960 2.8400
        vertex -22.3192 5.9801 2.8400
    endloop
endfacet
facet normal 0.0000 0.0000 7.0983
    outer loop
        vertex -21.3487 8.8431 2.8400
        vertex -20.0108 11.5536 2.8400
        vertex -19.5903 13.0902 2.8400
    endloop
endfacet
facet normal 0.0000 0.0000 7.0972
    outer loop
        vertex -20.0108 11.5536 2.8400
        vertex -18.3333 14.0677 2.8400
        vertex -19.5903 13.0902 2.8400
    endloop
endfacet
facet normal 0.0000 0.0000 7.0983
    outer loop
        vertex -16.3391 16.3391 2.8400
        vertex -19.5903 13.0902 2.8400
        vertex -18.3333 14.0677 2.8400
    endloop
endfacet
facet normal 0.0000 0.0000 7.0983
    outer loop
        vertex -16.3391 16.3391 2.8400
        vertex -14.0677 18.3333 2.8400
        vertex -13.0902 19.5903 2.8400
    endloop
endfacet
facet normal 0.0000 0.0000 7.0972
    outer loop
        vertex -14.0677 18.3333 2.8400
        vertex -11.5536 20.0108 2.8400
        vertex -13.0902 19.5903 2.8400
    endloop
endfacet
facet normal 0.0000 0.0000 7.0983
    outer loop
        vertex -8.8431 21.3487 2.8400
        vertex -13.0902 19.5903 2.8400
        vertex -11.5536 20.0108 2.8400
    endloop
endfacet
facet normal 0.0000 0.0000 7.0983
    outer loop
        vertex -8.8431 21.3487 2.8400
        vertex -5.9801 22.3192 2.8400
        vertex -4.5960 23.1072 2.8400
    endloop
endfacet
facet normal 0.0000 0.0000 7.0972
    outer loop
        vertex -5.9801 22.3192 2.8400
        vertex -3.0155 22.9085 2.8400
        vertex -4.5960 23.1072 2.8400
    endloop
endfacet
facet normal 0.0000 0.0000 7.0983
    outer loop
        vertex 0.0000 23.1072 2.8400
        vertex -4.5960 23.1072 2.8400
        vertex -3.0155 22.9085 2.8400
    endloop
endfacet
facet normal 0.0000 0.0000 -9.4983
    outer loop
        vertex -23.3064 0.0000 -3.8000
        vertex -23.1060 3.0415 -3.8000
        vertex -23.3064 4.6356 -3.8000
    endloop
endfacet
facet normal 0.0000 0.0000 -9.4972
    outer loop
        vertex -23.1060 3.0415 -3.8000
        vertex -22.5117 6.0317 -3.8000
        vertex -23.3064 4.6356 -3.8000
    endloop
endfacet
facet normal 0.0000 0.0000 -9.4983
    outer loop
        vertex -21.5328 8.9194 -3.8000
        vertex -23.3064 4.6356 -3.8000
        vertex -22.5117 6.0317 -3.8000
    endloop
endfacet
facet normal 0.0000 0.0000 -9.4983
    outer loop
        vertex -21.5328 8.9194 -3.8000
        vertex -20.1833 11.6532 -3.8000
        vertex -19.7592 13.2031 -3.8000
    endloop
endfacet
facet normal 0.0000 0.0000 -9.4972
    outer loop
        vertex -20.1833 11.6532 -3.8000
        vertex -18.4913 14.1889 -3.8000
        vertex -19.7592 13.2031 -3.8000
    endloop
endfacet
facet normal 0.0000 0.0000 -9.4983
    outer loop
        vertex -16.4800 16.4800 -3.8000
        vertex -19.7592 13.2031 -3.8000
        vertex -18.4913 14.1889 -3.8000
    endloop
endfacet
facet normal 0.0000 0.0000 -9.4983
    outer loop
        vertex -16.4800 16.4800 -3.8000
        vertex -14.1889 18.4913 -3.8000
        vertex -13.2031 19.7592 -3.8000
    endloop
endfacet
facet normal 0.0000 0.0000 -9.4972
    outer loop
        vertex -14.1889 18.4913 -3.8000
        vertex -11.6532 20.1833 -3.8000
        vertex -13.2031 19.7592 -3.8000
    endloop
endfacet
facet normal 0.0000 0.0000 -9.4983
    outer loop
        vertex -8.9194 21.5328 -3.8000
        vertex -13.2031 19.7592 -3.8000
        vertex -11.6532 20.1833 -3.8000
    endloop
endfacet
facet normal 0.0000 0.0000 -9.4983
    outer loop
        vertex -8.9194 21.5328 -3.8000
        vertex -6.0317 22.5117 -3.8000
        vertex -4.6356 23.3064 -3.8000
    endloop
endfacet
facet normal 0.0000 0.0000 -9.4972
    outer loop
        vertex -6.0317 22.5117 -3.8000
        vertex -3.0415 23.1060 -3.8000
        vertex -4.6356 23.3064 -3.8000
    endloop
endfacet
facet normal 0.0000 0.0000 -9.4983
    outer loop
        vertex 0.0000 23.3064 -3.8000
        vertex -4.6356 23.3064 -3.8000
        vertex -3.0415 23.1060 -3.8000
    endloop
endfacet
facet normal 0.0000 0.0000 -60.1162
    outer loop
        vertex 0.0000 25.2000 2.8400
        vertex -4.5960 23.1072 2.8400
        vertex 0.0000 23.1072 2.8400
    endloop
endfacet
facet normal 0.0000 0.0000 -71.0571
    outer loop
        vertex 0.0000 25.2000 2.8400
        vertex -9.6440 23.2823 2.8400
        vertex -4.5960 23.1072 2.8400
    endloop
endfacet
facet normal 0.0000 0.0000 -60.1261
    outer loop
        vertex -9.6440 23.2823 2.8400
        vertex -8.8431 21.3488 2.8400
        vertex -4.5960 23.1072 2.8400
    endloop
endfacet
facet normal 0.0000 0.0000 -60.1268
    outer loop
        vertex -9.6440 23.2823 2.8400
        vertex -13.0902 19.5903 2.8400
        vertex -8.8431 21.3488 2.8400
    endloop
endfacet
facet normal 0.0000 0.0000 -70.9614
    outer loop
        vertex -9.6440 23.2823 2.8400
        vertex -17.8189 17.8189 2.8400
        vertex -13.0902 19.5903 2.8400
    endloop
endfacet
facet normal 0.0000 0.0000 -120.1419
    outer loop
        vertex -17.8189 17.8189 2.8400
        vertex -19.5903 13.0902 2.8400
        vertex -13.0902 19.5903 2.8400
    endloop
endfacet
facet normal 0.0000 0.0000 -70.9614
    outer loop
        vertex -17.8189 17.8189 2.8400
        vertex -23.2823 9.6440 2.8400
        vertex -19.5903 13.0902 2.8400
    endloop
endfacet
facet normal 0.0000 0.0000 -120.2536
    outer loop
        vertex -23.2823 9.6440 2.8400
        vertex -23.1072 4.5960 2.8400
        vertex -19.5903 13.0902 2.8400
    endloop
endfacet
facet normal 0.0000 0.0000 -71.0571
    outer loop
        vertex -23.2823 9.6440 2.8400
        vertex -25.2000 0.0000 2.8400
        vertex -23.1072 4.5960 2.8400
    endloop
endfacet
facet normal 0.0000 0.0000 -60.1162
    outer loop
        vertex -23.1072 4.5960 2.8400
        vertex -25.2000 0.0000 2.8400
        vertex -23.1072 0.0000 2.8400
    endloop
endfacet
facet normal 0.0000 0.0000 -46.3363
    outer loop
        vertex 0.0000 28.2667 3.5000
        vertex -5.3464 26.8800 3.5000
        vertex 0.0000 26.8800 3.5000
    endloop
endfacet
facet normal 0.0000 0.0000 -21.8749
    outer loop
        vertex 0.0000 28.2667 3.5000
        vertex -10.8176 26.1156 3.5000
        vertex -5.3464 26.8800 3.5000
    endloop
endfacet
facet normal 0.0000 0.0000 -21.7518
    outer loop
        vertex -10.8176 26.1156 3.5000
        vertex -19.9874 19.9874 3.5000
        vertex -15.2275 22.7889 3.5000
    endloop
endfacet
facet normal 0.0000 0.0000 -46.3379
    outer loop
        vertex -19.9874 19.9874 3.5000
        vertex -19.0068 19.0068 3.5000
        vertex -15.2275 22.7889 3.5000
    endloop
endfacet
facet normal 0.0000 0.0000 -46.3379
    outer loop
        vertex -19.9874 19.9874 3.5000
        vertex -22.7889 15.2275 3.5000
        vertex -19.0068 19.0068 3.5000
    endloop
endfacet
facet normal 0.0000 0.0000 -46.3449
    outer loop
        vertex -15.2275 22.7889 3.5000
        vertex -10.2870 24.8344 3.5000
        vertex -10.8176 26.1156 3.5000
    endloop
endfacet
facet normal 0.0000 0.0000 -46.3446
    outer loop
        vertex -10.2870 24.8344 3.5000
        vertex -5.3464 26.8800 3.5000
        vertex -10.8176 26.1156 3.5000
    endloop
endfacet
facet normal 0.0000 0.0000 -21.7518
    outer loop
        vertex -19.9874 19.9874 3.5000
        vertex -26.1156 10.8176 3.5000
        vertex -22.7889 15.2275 3.5000
    endloop
endfacet
facet normal 0.0000 0.0000 -46.3449
    outer loop
        vertex -26.1156 10.8176 3.5000
        vertex -24.8344 10.2870 3.5000
        vertex -22.7889 15.2275 3.5000
    endloop
endfacet
facet normal 0.0000 0.0000 -46.3446
    outer loop
        vertex -26.1156 10.8176 3.5000
        vertex -26.8800 5.3464 3.5000
        vertex -24.8344 10.2870 3.5000
    endloop
endfacet
facet normal 0.0000 0.0000 -21.8749
    outer loop
        vertex -26.1156 10.8176 3.5000
        vertex -28.2667 0.0000 3.5000
        vertex -26.8800 5.3464 3.5000
    endloop
endfacet
facet normal 0.0000 0.0000 48.0948
    outer loop
        vertex -24.9600 0.0000 -3.8000
        vertex -23.3064 4.6356 -3.8000
        vertex -23.3000 0.0000 -3.8000
    endloop
endfacet
facet normal 0.0000 0.0000 43.6900
    outer loop
        vertex -24.9600 0.0000 -3.8000
        vertex -23.0606 9.5522 -3.8000
        vertex -23.3064 4.6356 -3.8000
    endloop
endfacet
facet normal 0.0000 0.0000 47.9183
    outer loop
        vertex -23.0606 9.5522 -3.8000
        vertex -19.7592 13.2031 -3.8000
        vertex -21.5328 8.9194 -3.8000
    endloop
endfacet
facet normal 0.0000 0.0000 43.5951
    outer loop
        vertex -23.0606 9.5522 -3.8000
        vertex -17.6492 17.6492 -3.8000
        vertex -19.7592 13.2031 -3.8000
    endloop
endfacet
facet normal 0.0000 0.0000 47.9102
    outer loop
        vertex -17.6492 17.6492 -3.8000
        vertex -16.4800 16.4800 -3.8000
        vertex -19.7592 13.2031 -3.8000
    endloop
endfacet
facet normal 0.0000 0.0000 47.9102
    outer loop
        vertex -17.6492 17.6492 -3.8000
        vertex -13.2031 19.7592 -3.8000
        vertex -16.4800 16.4800 -3.8000
    endloop
endfacet
facet normal 0.0000 0.0000 43.5951
    outer loop
        vertex -17.6492 17.6492 -3.8000
        vertex -9.5522 23.0606 -3.8000
        vertex -13.2031 19.7592 -3.8000
    endloop
endfacet
facet normal 0.0000 0.0000 47.9183
    outer loop
        vertex -9.5522 23.0606 -3.8000
        vertex -8.9194 21.5328 -3.8000
        vertex -13.2031 19.7592 -3.8000
    endloop
endfacet
facet normal 0.0000 0.0000 47.9181
    outer loop
        vertex -9.5522 23.0606 -3.8000
        vertex -4.6356 23.3064 -3.8000
        vertex -8.9194 21.5328 -3.8000
    endloop
endfacet
facet normal 0.0000 0.0000 43.6900
    outer loop
        vertex -9.5522 23.0606 -3.8000
        vertex 0.0000 24.9600 -3.8000
        vertex -4.6356 23.3064 -3.8000
    endloop
endfacet
facet normal 0.0000 0.0000 47.9093
    outer loop
        vertex 0.0000 24.9600 -3.8000
        vertex 0.0000 23.3064 -3.8000
        vertex -4.6356 23.3064 -3.8000
    endloop
endfacet
facet normal 0.0000 0.0000 47.9181
    outer loop
        vertex -21.5328 8.9194 -3.8000
        vertex -23.3064 4.6356 -3.8000
        vertex -23.0606 9.5522 -3.8000
    endloop
endfacet
facet normal 0.0000 0.0000 -46.3363
    outer loop
        vertex -26.8800 0.0000 3.5000
        vertex -26.8800 5.3464 3.5000
        vertex -28.2667 0.0000 3.5000
    endloop
endfacet
facet normal 0.0000 0.0000 -9.8781
    outer loop
        vertex 0.0000 3.6000 -4.0000
        vertex -3.5690 0.4698 -4.0000
        vertex -3.6000 0.0000 -4.0000
    endloop
endfacet
facet normal 0.0000 0.0000 -9.8951
    outer loop
        vertex -3.5690 0.4698 -4.0000
        vertex 0.0000 3.6000 -4.0000
        vertex -0.4698 3.5690 -4.0000
    endloop
endfacet
facet normal 0.0000 0.0000 -9.9115
    outer loop
        vertex -0.4698 3.5690 -4.0000
        vertex -3.4772 0.9317 -4.0000
        vertex -3.5690 0.4698 -4.0000
    endloop
endfacet
facet normal 0.0000 0.0000 -9.9273
    outer loop
        vertex -3.4772 0.9317 -4.0000
        vertex -0.4698 3.5690 -4.0000
        vertex -0.9317 3.4772 -4.0000
    endloop
endfacet
facet normal 0.0000 0.0000 -9.9421
    outer loop
        vertex -0.9317 3.4772 -4.0000
        vertex -3.3260 1.3777 -4.0000
        vertex -3.4772 0.9317 -4.0000
    endloop
endfacet
facet normal 0.0000 0.0000 -9.9557
    outer loop
        vertex -3.3260 1.3777 -4.0000
        vertex -0.9317 3.4772 -4.0000
        vertex -1.3777 3.3260 -4.0000
    endloop
endfacet
facet normal 0.0000 0.0000 -9.9679
    outer loop
        vertex -1.3777 3.3260 -4.0000
        vertex -3.1176 1.8000 -4.0000
        vertex -3.3260 1.3777 -4.0000
    endloop
endfacet
facet normal 0.0000 0.0000 -9.9783
    outer loop
        vertex -3.1176 1.8000 -4.0000
        vertex -1.3777 3.3260 -4.0000
        vertex -1.8000 3.1176 -4.0000
    endloop
endfacet
facet normal 0.0000 0.0000 -9.9868
    outer loop
        vertex -1.8000 3.1176 -4.0000
        vertex -2.8562 2.1917 -4.0000
        vertex -3.1176 1.8000 -4.0000
    endloop
endfacet
facet normal 0.0000 0.0000 -9.9933
    outer loop
        vertex -2.8562 2.1917 -4.0000
        vertex -1.8000 3.1176 -4.0000
        vertex -2.1917 2.8562 -4.0000
    endloop
endfacet
facet normal 0.0000 0.0000 -9.9978
    outer loop
        vertex -2.1917 2.8562 -4.0000
        vertex -2.5456 2.5456 -4.0000
        vertex -2.8562 2.1917 -4.0000
    endloop
endfacet
facet normal 0.0000 0.0000 9.8781
    outer loop
        vertex 0.0000 3.6000 4.0000
        vertex -3.5690 0.4698 4.0000
        vertex -3.6000 0.0000 4.0000
    endloop
endfacet
facet normal 0.0000 0.0000 9.8951
    outer loop
        vertex -3.5690 0.4698 4.0000
        vertex 0.0000 3.6000 4.0000
        vertex -0.4698 3.5690 4.0000
    endloop
endfacet
facet normal 0.0000 0.0000 9.9115
    outer loop
        vertex -0.4698 3.5690 4.0000
        vertex -3.4772 0.9317 4.0000
        vertex -3.5690 0.4698 4.0000
    endloop
endfacet
facet normal 0.0000 0.0000 9.9273
    outer loop
        vertex -3.4772 0.9317 4.0000
        vertex -0.4698 3.5690 4.0000
        vertex -0.9317 3.4772 4.0000
    endloop
endfacet
facet normal 0.0000 0.0000 9.9421
    outer loop
        vertex -0.9317 3.4772 4.0000
        vertex -3.3260 1.3777 4.0000
        vertex -3.4772 0.9317 4.0000
    endloop
endfacet
facet normal 0.0000 0.0000 9.9557
    outer loop
        vertex -3.3260 1.3777 4.0000
        vertex -0.9317 3.4772 4.0000
        vertex -1.3777 3.3260 4.0000
    endloop
endfacet
facet normal 0.0000 0.0000 9.9679
    outer loop
        vertex -1.3777 3.3260 4.0000
        vertex -3.1176 1.8000 4.0000
        vertex -3.3260 1.3777 4.0000
    endloop
endfacet
facet normal 0.0000 0.0000 9.9783
    outer loop
        vertex -3.1176 1.8000 4.0000
        vertex -1.3777 3.3260 4.0000
        vertex -1.8000 3.1176 4.0000
    endloop
endfacet
facet normal 0.0000 0.0000 9.9868
    outer loop
        vertex -1.8000 3.1176 4.0000
        vertex -2.8562 2.1917 4.0000
        vertex -3.1176 1.8000 4.0000
    endloop
endfacet
facet normal 0.0000 0.0000 9.9933
    outer loop
        vertex -2.8562 2.1917 4.0000
        vertex -1.8000 3.1176 4.0000
        vertex -2.1917 2.8562 4.0000
    endloop
endfacet
facet normal 0.0000 0.0000 9.9978
    outer loop
        vertex -2.1917 2.8562 4.0000
        vertex -2.5456 2.5456 4.0000
        vertex -2.8562 2.1917 4.0000
    endloop
endfacet
facet normal 0.0000 0.0000 6.0000
    outer loop
        vertex 0.0000 2.4000 -4.0000
        vertex -0.8000 2.2409 -4.0000
        vertex 0.0000 3.6000 -4.0000
    endloop
endfacet
facet normal 0.0000 0.0000 4.6305
    outer loop
        vertex -1.6971 1.6971 -4.0000
        vertex -3.6000 0.0000 -4.0000
        vertex 0.0000 3.6000 -4.0000
    endloop
endfacet
facet normal 0.0000 0.0000 3.7427
    outer loop
        vertex -0.9184 2.2173 -4.0000
        vertex -1.6971 1.6971 -4.0000
        vertex 0.0000 3.6000 -4.0000
    endloop
endfacet
facet normal 0.0000 0.0000 0.8881
    outer loop
        vertex -2.2409 0.8000 -4.0000
        vertex -3.6000 0.0000 -4.0000
        vertex -2.2173 0.9184 -4.0000
    endloop
endfacet
facet normal 0.0000 0.0000 3.7429
    outer loop
        vertex -2.2173 0.9184 -4.0000
        vertex -3.6000 0.0000 -4.0000
        vertex -1.6971 1.6971 -4.0000
    endloop
endfacet
facet normal 0.0000 0.0000 6.0000
    outer loop
        vertex -2.4000 0.0000 -4.0000
        vertex -3.6000 0.0000 -4.0000
        vertex -2.2409 0.8000 -4.0000
    endloop
endfacet
facet normal 0.0000 0.0000 0.8881
    outer loop
        vertex -0.9184 2.2173 -4.0000
        vertex 0.0000 3.6000 -4.0000
        vertex -0.8000 2.2409 -4.0000
    endloop
endfacet
facet normal 0.0000 0.0000 -6.0000
    outer loop
        vertex 0.0000 3.6000 4.0000
        vertex -0.8000 2.2409 4.0000
        vertex 0.0000 2.4000 4.0000
    endloop
endfacet
facet normal 0.0000 0.0000 -4.6305
    outer loop
        vertex 0.0000 3.6000 4.0000
        vertex -3.6000 0.0000 4.0000
        vertex -1.6971 1.6971 4.0000
    endloop
endfacet
facet normal 0.0000 0.0000 -3.7427
    outer loop
        vertex 0.0000 3.6000 4.0000
        vertex -1.6971 1.6971 4.0000
        vertex -0.9184 2.2173 4.0000
    endloop
endfacet
facet normal 0.0000 0.0000 -0.8881
    outer loop
        vertex -2.2173 0.9184 4.0000
        vertex -3.6000 0.0000 4.0000
        vertex -2.2409 0.8000 4.0000
    endloop
endfacet
facet normal 0.0000 0.0000 -3.7429
    outer loop
        vertex -1.6971 1.6971 4.0000
        vertex -3.6000 0.0000 4.0000
        vertex -2.2173 0.9184 4.0000
    endloop
endfacet
facet normal 0.0000 0.0000 -6.0000
    outer loop
        vertex -2.2409 0.8000 4.0000
        vertex -3.6000 0.0000 4.0000
        vertex -2.4000 0.0000 4.0000
    endloop
endfacet
facet normal 0.0000 0.0000 -0.8881
    outer loop
        vertex -0.8000 2.2409 4.0000
        vertex 0.0000 3.6000 4.0000
        vertex -0.9184 2.2173 4.0000
    endloop
endfacet
facet normal -7.5387 -0.4968 241.7908
    outer loop
        vertex -23.1072 0.0000 2.8400
        vertex -22.9085 -3.0155 2.8400
        vertex -23.1060 -3.0415 -3.8000
    endloop
endfacet
facet normal -7.6037 -0.5011 243.9571
    outer loop
        vertex -23.1060 -3.0415 -3.8000
        vertex -23.3064 0.0000 -3.8000
        vertex -23.1072 0.0000 2.8400
    endloop
endfacet
facet normal -7.4116 -1.4731 241.8377
    outer loop
        vertex -22.9085 -3.0155 2.8400
        vertex -22.3192 -5.9801 2.8400
        vertex -22.5117 -6.0317 -3.8000
    endloop
endfacet
facet normal -7.4755 -1.4858 244.0044
    outer loop
        vertex -22.5117 -6.0317 -3.8000
        vertex -23.1060 -3.0415 -3.8000
        vertex -22.9085 -3.0155 2.8400
    endloop
endfacet
facet normal -7.1575 -2.4263 241.8767
    outer loop
        vertex -22.3192 -5.9801 2.8400
        vertex -21.3487 -8.8431 2.8400
        vertex -21.5328 -8.9194 -3.8000
    endloop
endfacet
facet normal -7.2192 -2.4472 244.0437
    outer loop
        vertex -21.5328 -8.9194 -3.8000
        vertex -22.5117 -6.0317 -3.8000
        vertex -22.3192 -5.9801 2.8400
    endloop
endfacet
facet normal -6.7762 -3.3448 241.8520
    outer loop
        vertex -21.3487 -8.8431 2.8400
        vertex -20.0108 -11.5536 2.8400
        vertex -20.1833 -11.6532 -3.8000
    endloop
endfacet
facet normal -6.8346 -3.3736 244.0189
    outer loop
        vertex -20.1833 -11.6532 -3.8000
        vertex -21.5328 -8.9194 -3.8000
        vertex -21.3487 -8.8431 2.8400
    endloop
endfacet
facet normal -6.2852 -4.1940 241.8309
    outer loop
        vertex -20.0108 -11.5536 2.8400
        vertex -18.3333 -14.0677 2.8400
        vertex -18.4913 -14.1889 -3.8000
    endloop
endfacet
facet normal -6.3393 -4.2301 243.9975
    outer loop
        vertex -18.4913 -14.1889 -3.8000
        vertex -20.1833 -11.6532 -3.8000
        vertex -20.0108 -11.5536 2.8400
    endloop
endfacet
facet normal -5.6786 -4.9854 241.8498
    outer loop
        vertex -18.3333 -14.0677 2.8400
        vertex -16.3391 -16.3391 2.8400
        vertex -16.4800 -16.4800 -3.8000
    endloop
endfacet
facet normal -5.7275 -5.0284 244.0166
    outer loop
        vertex -16.4800 -16.4800 -3.8000
        vertex -18.4913 -14.1889 -3.8000
        vertex -18.3333 -14.0677 2.8400
    endloop
endfacet
facet normal -4.9854 -5.6786 241.8498
    outer loop
        vertex -16.3391 -16.3391 2.8400
        vertex -14.0677 -18.3333 2.8400
        vertex -14.1889 -18.4913 -3.8000
    endloop
endfacet
facet normal -5.0284 -5.7275 244.0166
    outer loop
        vertex -14.1889 -18.4913 -3.8000
        vertex -16.4800 -16.4800 -3.8000
        vertex -16.3391 -16.3391 2.8400
    endloop
endfacet
facet normal -4.1940 -6.2852 241.8309
    outer loop
        vertex -14.0677 -18.3333 2.8400
        vertex -11.5536 -20.0108 2.8400
        vertex -11.6532 -20.1833 -3.8000
    endloop
endfacet
facet normal -4.2301 -6.3393 243.9975
    outer loop
        vertex -11.6532 -20.1833 -3.8000
        vertex -14.1889 -18.4913 -3.8000
        vertex -14.0677 -18.3333 2.8400
    endloop
endfacet
facet normal -3.3448 -6.7762 241.8520
    outer loop
        vertex -11.5536 -20.0108 2.8400
        vertex -8.8431 -21.3487 2.8400
        vertex -8.9194 -21.5328 -3.8000
    endloop
endfacet
facet normal -3.3736 -6.8346 244.0189
    outer loop
        vertex -8.9194 -21.5328 -3.8000
        vertex -11.6532 -20.1833 -3.8000
        vertex -11.5536 -20.0108 2.8400
    endloop
endfacet
facet normal -2.4263 -7.1575 241.8767
    outer loop
        vertex -8.8431 -21.3487 2.8400
        vertex -5.9801 -22.3192 2.8400
        vertex -6.0317 -22.5117 -3.8000
    endloop
endfacet
facet normal -2.4472 -7.2192 244.0437
    outer loop
        vertex -6.0317 -22.5117 -3.8000
        vertex -8.9194 -21.5328 -3.8000
        vertex -8.8431 -21.3487 2.8400
    endloop
endfacet
facet normal -1.4731 -7.4116 241.8377
    outer loop
        vertex -5.9801 -22.3192 2.8400
        vertex -3.0155 -22.9085 2.8400
        vertex -3.0415 -23.1060 -3.8000
    endloop
endfacet
facet normal -1.4858 -7.4755 244.0044
    outer loop
        vertex -3.0415 -23.1060 -3.8000
        vertex -6.0317 -22.5117 -3.8000
        vertex -5.9801 -22.3192 2.8400
    endloop
endfacet
facet normal -0.4968 -7.5387 241.7908
    outer loop
        vertex -3.0155 -22.9085 2.8400
        vertex 0.0000 -23.1072 2.8400
        vertex 0.0000 -23.3064 -3.8000
    endloop
endfacet
facet normal -0.5011 -7.6037 243.9571
    outer loop
        vertex 0.0000 -23.3064 -3.8000
        vertex -3.0415 -23.1060 -3.8000
        vertex -3.0155 -22.9085 2.8400
    endloop
endfacet
facet normal 0.0000 0.0000 8.7517
    outer loop
        vertex -26.8800 0.0000 3.5000
        vertex -26.8800 -5.3464 3.5000
        vertex -26.6488 -3.5078 3.5000
    endloop
endfacet
facet normal 0.0000 0.0000 8.7528
    outer loop
        vertex -26.6488 -3.5078 3.5000
        vertex -26.8800 -5.3464 3.5000
        vertex -25.9634 -6.9565 3.5000
    endloop
endfacet
facet normal 0.0000 0.0000 8.7517
    outer loop
        vertex -24.8344 -10.2870 3.5000
        vertex -25.9634 -6.9565 3.5000
        vertex -26.8800 -5.3464 3.5000
    endloop
endfacet
facet normal 0.0000 0.0000 8.7517
    outer loop
        vertex -24.8344 -10.2870 3.5000
        vertex -22.7889 -15.2275 3.5000
        vertex -23.2781 -13.4400 3.5000
    endloop
endfacet
facet normal 0.0000 0.0000 8.7528
    outer loop
        vertex -23.2781 -13.4400 3.5000
        vertex -22.7889 -15.2275 3.5000
        vertex -21.3266 -16.3645 3.5000
    endloop
endfacet
facet normal 0.0000 0.0000 8.7517
    outer loop
        vertex -19.0068 -19.0068 3.5000
        vertex -21.3266 -16.3645 3.5000
        vertex -22.7889 -15.2275 3.5000
    endloop
endfacet
facet normal 0.0000 0.0000 8.7517
    outer loop
        vertex -19.0068 -19.0068 3.5000
        vertex -15.2275 -22.7889 3.5000
        vertex -16.3645 -21.3266 3.5000
    endloop
endfacet
facet normal 0.0000 0.0000 8.7528
    outer loop
        vertex -16.3645 -21.3266 3.5000
        vertex -15.2275 -22.7889 3.5000
        vertex -13.4400 -23.2781 3.5000
    endloop
endfacet
facet normal 0.0000 0.0000 8.7517
    outer loop
        vertex -10.2870 -24.8344 3.5000
        vertex -13.4400 -23.2781 3.5000
        vertex -15.2275 -22.7889 3.5000
    endloop
endfacet
facet normal 0.0000 0.0000 8.7517
    outer loop
        vertex -10.2870 -24.8344 3.5000
        vertex -5.3464 -26.8800 3.5000
        vertex -6.9565 -25.9634 3.5000
    endloop
endfacet
facet normal 0.0000 0.0000 8.7528
    outer loop
        vertex -6.9565 -25.9634 3.5000
        vertex -5.3464 -26.8800 3.5000
        vertex -3.5078 -26.6488 3.5000
    endloop
endfacet
facet normal 0.0000 0.0000 8.7517
    outer loop
        vertex 0.0000 -26.8800 3.5000
        vertex -3.5078 -26.6488 3.5000
        vertex -5.3464 -26.8800 3.5000
    endloop
endfacet
facet normal 0.0000 0.0000 7.1017
    outer loop
        vertex -23.1072 0.0000 2.8400
        vertex -23.1072 -4.5960 2.8400
        vertex -22.9085 -3.0155 2.8400
    endloop
endfacet
facet normal 0.0000 0.0000 7.1028
    outer loop
        vertex -22.9085 -3.0155 2.8400
        vertex -23.1072 -4.5960 2.8400
        vertex -22.3192 -5.9801 2.8400
    endloop
endfacet
facet normal 0.0000 0.0000 7.1017
    outer loop
        vertex -21.3487 -8.8431 2.8400
        vertex -22.3192 -5.9801 2.8400
        vertex -23.1072 -4.5960 2.8400
    endloop
endfacet
facet normal 0.0000 0.0000 7.1017
    outer loop
        vertex -21.3487 -8.8431 2.8400
        vertex -19.5903 -13.0902 2.8400
        vertex -20.0108 -11.5536 2.8400
    endloop
endfacet
facet normal 0.0000 0.0000 7.1028
    outer loop
        vertex -20.0108 -11.5536 2.8400
        vertex -19.5903 -13.0902 2.8400
        vertex -18.3333 -14.0677 2.8400
    endloop
endfacet
facet normal 0.0000 0.0000 7.1017
    outer loop
        vertex -16.3391 -16.3391 2.8400
        vertex -18.3333 -14.0677 2.8400
        vertex -19.5903 -13.0902 2.8400
    endloop
endfacet
facet normal 0.0000 0.0000 7.1017
    outer loop
        vertex -16.3391 -16.3391 2.8400
        vertex -13.0902 -19.5903 2.8400
        vertex -14.0677 -18.3333 2.8400
    endloop
endfacet
facet normal 0.0000 0.0000 7.1028
    outer loop
        vertex -14.0677 -18.3333 2.8400
        vertex -13.0902 -19.5903 2.8400
        vertex -11.5536 -20.0108 2.8400
    endloop
endfacet
facet normal 0.0000 0.0000 7.1017
    outer loop
        vertex -8.8431 -21.3487 2.8400
        vertex -11.5536 -20.0108 2.8400
        vertex -13.0902 -19.5903 2.8400
    endloop
endfacet
facet normal 0.0000 0.0000 7.1017
    outer loop
        vertex -8.8431 -21.3487 2.8400
        vertex -4.5960 -23.1072 2.8400
        vertex -5.9801 -22.3192 2.8400
    endloop
endfacet
facet normal 0.0000 0.0000 7.1028
    outer loop
        vertex -5.9801 -22.3192 2.8400
        vertex -4.5960 -23.1072 2.8400
        vertex -3.0155 -22.9085 2.8400
    endloop
endfacet
facet normal 0.0000 0.0000 7.1017
    outer loop
        vertex 0.0000 -23.1072 2.8400
        vertex -3.0155 -22.9085 2.8400
        vertex -4.5960 -23.1072 2.8400
    endloop
endfacet
facet normal 0.0000 0.0000 -9.4983
    outer loop
        vertex -23.3064 0.0000 -3.8000
        vertex -23.1060 -3.0415 -3.8000
        vertex -23.3064 -4.6356 -3.8000
    endloop
endfacet
facet normal 0.0000 0.0000 -9.4972
    outer loop
        vertex -23.1060 -3.0415 -3.8000
        vertex -22.5117 -6.0317 -3.8000
        vertex -23.3064 -4.6356 -3.8000
    endloop
endfacet
facet normal 0.0000 0.0000 -9.4983
    outer loop
        vertex -21.5328 -8.9194 -3.8000
        vertex -23.3064 -4.6356 -3.8000
        vertex -22.5117 -6.0317 -3.8000
    endloop
endfacet
facet normal 0.0000 0.0000 -9.4983
    outer loop
        vertex -21.5328 -8.9194 -3.8000
        vertex -20.1833 -11.6532 -3.8000
        vertex -19.7592 -13.2031 -3.8000
    endloop
endfacet
facet normal 0.0000 0.0000 -9.4972
    outer loop
        vertex -20.1833 -11.6532 -3.8000
        vertex -18.4913 -14.1889 -3.8000
        vertex -19.7592 -13.2031 -3.8000
    endloop
endfacet
facet normal 0.0000 0.0000 -9.4983
    outer loop
        vertex -16.4800 -16.4800 -3.8000
        vertex -19.7592 -13.2031 -3.8000
        vertex -18.4913 -14.1889 -3.8000
    endloop
endfacet
facet normal 0.0000 0.0000 -9.4983
    outer loop
        vertex -16.4800 -16.4800 -3.8000
        vertex -14.1889 -18.4913 -3.8000
        vertex -13.2031 -19.7592 -3.8000
    endloop
endfacet
facet normal 0.0000 0.0000 -9.4972
    outer loop
        vertex -14.1889 -18.4913 -3.8000
        vertex -11.6532 -20.1833 -3.8000
        vertex -13.2031 -19.7592 -3.8000
    endloop
endfacet
facet normal 0.0000 0.0000 -9.4983
    outer loop
        vertex -8.9194 -21.5328 -3.8000
        vertex -13.2031 -19.7592 -3.8000
        vertex -11.6532 -20.1833 -3.8000
    endloop
endfacet
facet normal 0.0000 0.0000 -9.4983
    outer loop
        vertex -8.9194 -21.5328 -3.8000
        vertex -6.0317 -22.5117 -3.8000
        vertex -4.6356 -23.3064 -3.8000
    endloop
endfacet
facet normal 0.0000 0.0000 -9.4972
    outer loop
        vertex -6.0317 -22.5117 -3.8000
        vertex -3.0415 -23.1060 -3.8000
        vertex -4.6356 -23.3064 -3.8000
    endloop
endfacet
facet normal 0.0000 0.0000 -9.4983
    outer loop
        vertex 0.0000 -23.3064 -3.8000
        vertex -4.6356 -23.3064 -3.8000
        vertex -3.0415 -23.1060 -3.8000
    endloop
endfacet
facet normal 0.0000 0.0000 60.1162
    outer loop
        vertex 0.0000 -25.2000 2.8400
        vertex 0.0000 -23.1072 2.8400
        vertex -4.5960 -23.1072 2.8400
    endloop
endfacet
facet normal 0.0000 0.0000 71.0571
    outer loop
        vertex 0.0000 -25.2000 2.8400
        vertex -4.5960 -23.1072 2.8400
        vertex -9.6440 -23.2823 2.8400
    endloop
endfacet
facet normal 0.0000 0.0000 60.1261
    outer loop
        vertex -9.6440 -23.2823 2.8400
        vertex -4.5960 -23.1072 2.8400
        vertex -8.8431 -21.3488 2.8400
    endloop
endfacet
facet normal 0.0000 0.0000 60.1268
    outer loop
        vertex -9.6440 -23.2823 2.8400
        vertex -8.8431 -21.3488 2.8400
        vertex -13.0902 -19.5903 2.8400
    endloop
endfacet
facet normal 0.0000 0.0000 70.9614
    outer loop
        vertex -9.6440 -23.2823 2.8400
        vertex -13.0902 -19.5903 2.8400
        vertex -17.8189 -17.8189 2.8400
    endloop
endfacet
facet normal 0.0000 0.0000 120.1419
    outer loop
        vertex -17.8189 -17.8189 2.8400
        vertex -13.0902 -19.5903 2.8400
        vertex -19.5903 -13.0902 2.8400
    endloop
endfacet
facet normal 0.0000 0.0000 70.9614
    outer loop
        vertex -17.8189 -17.8189 2.8400
        vertex -19.5903 -13.0902 2.8400
        vertex -23.2823 -9.6440 2.8400
    endloop
endfacet
facet normal 0.0000 0.0000 120.2536
    outer loop
        vertex -23.2823 -9.6440 2.8400
        vertex -19.5903 -13.0902 2.8400
        vertex -23.1072 -4.5960 2.8400
    endloop
endfacet
facet normal 0.0000 0.0000 71.0571
    outer loop
        vertex -23.2823 -9.6440 2.8400
        vertex -23.1072 -4.5960 2.8400
        vertex -25.2000 0.0000 2.8400
    endloop
endfacet
facet normal 0.0000 0.0000 60.1162
    outer loop
        vertex -23.1072 -4.5960 2.8400
        vertex -23.1072 0.0000 2.8400
        vertex -25.2000 0.0000 2.8400
    endloop
endfacet
facet normal 0.0000 0.0000 46.3363
    outer loop
        vertex 0.0000 -28.2667 3.5000
        vertex 0.0000 -26.8800 3.5000
        vertex -5.3464 -26.8800 3.5000
    endloop
endfacet
facet normal 0.0000 0.0000 21.8749
    outer loop
        vertex 0.0000 -28.2667 3.5000
        vertex -5.3464 -26.8800 3.5000
        vertex -10.8176 -26.1156 3.5000
    endloop
endfacet
facet normal 0.0000 0.0000 21.7518
    outer loop
        vertex -10.8176 -26.1156 3.5000
        vertex -15.2275 -22.7889 3.5000
        vertex -19.9874 -19.9874 3.5000
    endloop
endfacet
facet normal 0.0000 0.0000 46.3379
    outer loop
        vertex -19.9874 -19.9874 3.5000
        vertex -15.2275 -22.7889 3.5000
        vertex -19.0068 -19.0068 3.5000
    endloop
endfacet
facet normal 0.0000 0.0000 46.3379
    outer loop
        vertex -19.9874 -19.9874 3.5000
        vertex -19.0068 -19.0068 3.5000
        vertex -22.7889 -15.2275 3.5000
    endloop
endfacet
facet normal 0.0000 0.0000 46.3449
    outer loop
        vertex -15.2275 -22.7889 3.5000
        vertex -10.8176 -26.1156 3.5000
        vertex -10.2870 -24.8344 3.5000
    endloop
endfacet
facet normal 0.0000 0.0000 46.3446
    outer loop
        vertex -10.2870 -24.8344 3.5000
        vertex -10.8176 -26.1156 3.5000
        vertex -5.3464 -26.8800 3.5000
    endloop
endfacet
facet normal 0.0000 0.0000 21.7518
    outer loop
        vertex -19.9874 -19.9874 3.5000
        vertex -22.7889 -15.2275 3.5000
        vertex -26.1156 -10.8176 3.5000
    endloop
endfacet
facet normal 0.0000 0.0000 46.3449
    outer loop
        vertex -26.1156 -10.8176 3.5000
        vertex -22.7889 -15.2275 3.5000
        vertex -24.8344 -10.2870 3.5000
    endloop
endfacet
facet normal 0.0000 0.0000 46.3446
    outer loop
        vertex -26.1156 -10.8176 3.5000
        vertex -24.8344 -10.2870 3.5000
        vertex -26.8800 -5.3464 3.5000
    endloop
endfacet
facet normal 0.0000 0.0000 21.8749
    outer loop
        vertex -26.1156 -10.8176 3.5000
        vertex -26.8800 -5.3464 3.5000
        vertex -28.2667 0.0000 3.5000
    endloop
endfacet
facet normal 0.0000 0.0000 -48.0948
    outer loop
        vertex -24.9600 0.0000 -3.8000
        vertex -23.3000 0.0000 -3.8000
        vertex -23.3064 -4.6356 -3.8000
    endloop
endfacet
facet normal 0.0000 0.0000 -43.6900
    outer loop
        vertex -24.9600 0.0000 -3.8000
        vertex -23.3064 -4.6356 -3.8000
        vertex -23.0606 -9.5522 -3.8000
    endloop
endfacet
facet normal 0.0000 0.0000 -47.9183
    outer loop
        vertex -23.0606 -9.5522 -3.8000
        vertex -21.5328 -8.9194 -3.8000
        vertex -19.7592 -13.2031 -3.8000
    endloop
endfacet
facet normal 0.0000 0.0000 -43.5951
    outer loop
        vertex -23.0606 -9.5522 -3.8000
        vertex -19.7592 -13.2031 -3.8000
        vertex -17.6492 -17.6492 -3.8000
    endloop
endfacet
facet normal 0.0000 0.0000 -47.9102
    outer loop
        vertex -17.6492 -17.6492 -3.8000
        vertex -19.7592 -13.2031 -3.8000
        vertex -16.4800 -16.4800 -3.8000
    endloop
endfacet
facet normal 0.0000 0.0000 -47.9102
    outer loop
        vertex -17.6492 -17.6492 -3.8000
        vertex -16.4800 -16.4800 -3.8000
        vertex -13.2031 -19.7592 -3.8000
    endloop
endfacet
facet normal 0.0000 0.0000 -43.5951
    outer loop
        vertex -17.6492 -17.6492 -3.8000
        vertex -13.2031 -19.7592 -3.8000
        vertex -9.5522 -23.0606 -3.8000
    endloop
endfacet
facet normal 0.0000 0.0000 -47.9183
    outer loop
        vertex -9.5522 -23.0606 -3.8000
        vertex -13.2031 -19.7592 -3.8000
        vertex -8.9194 -21.5328 -3.8000
    endloop
endfacet
facet normal 0.0000 0.0000 -47.9181
    outer loop
        vertex -9.5522 -23.0606 -3.8000
        vertex -8.9194 -21.5328 -3.8000
        vertex -4.6356 -23.3064 -3.8000
    endloop
endfacet
facet normal 0.0000 0.0000 -43.6900
    outer loop
        vertex -9.5522 -23.0606 -3.8000
        vertex -4.6356 -23.3064 -3.8000
        vertex 0.0000 -24.9600 -3.8000
    endloop
endfacet
facet normal 0.0000 0.0000 -47.9093
    outer loop
        vertex 0.0000 -24.9600 -3.8000
        vertex -4.6356 -23.3064 -3.8000
        vertex 0.0000 -23.3064 -3.8000
    endloop
endfacet
facet normal 0.0000 0.0000 -47.9181
    outer loop
        vertex -21.5328 -8.9194 -3.8000
        vertex -23.0606 -9.5522 -3.8000
        vertex -23.3064 -4.6356 -3.8000
    endloop
endfacet
facet normal 0.0000 0.0000 46.3363
    outer loop
        vertex -26.8800 0.0000 3.5000
        vertex -28.2667 0.0000 3.5000
        vertex -26.8800 -5.3464 3.5000
    endloop
endfacet
facet normal 0.0000 0.0000 -9.8781
    outer loop
        vertex 0.0000 -3.6000 -4.0000
        vertex -3.5690 -0.4698 -4.0000
        vertex -3.6000 0.0000 -4.0000
    endloop
endfacet
facet normal 0.0000 0.0000 -9.8951
    outer loop
        vertex -3.5690 -0.4698 -4.0000
        vertex 0.0000 -3.6000 -4.0000
        vertex -0.4698 -3.5690 -4.0000
    endloop
endfacet
facet normal 0.0000 0.0000 -9.9115
    outer loop
        vertex -0.4698 -3.5690 -4.0000
        vertex -3.4772 -0.9317 -4.0000
        vertex -3.5690 -0.4698 -4.0000
    endloop
endfacet
facet normal 0.0000 0.0000 -9.9273
    outer loop
        vertex -3.4772 -0.9317 -4.0000
        vertex -0.4698 -3.5690 -4.0000
        vertex -0.9317 -3.4772 -4.0000
    endloop
endfacet
facet normal 0.0000 0.0000 -9.9421
    outer loop
        vertex -0.9317 -3.4772 -4.0000
        vertex -3.3260 -1.3777 -4.0000
        vertex -3.4772 -0.9317 -4.0000
    endloop
endfacet
facet normal 0.0000 0.0000 -9.9557
    outer loop
        vertex -3.3260 -1.3777 -4.0000
        vertex -0.9317 -3.4772 -4.0000
        vertex -1.3777 -3.3260 -4.0000
    endloop
endfacet
facet normal 0.0000 0.0000 -9.9679
    outer loop
        vertex -1.3777 -3.3260 -4.0000
        vertex -3.1176 -1.8000 -4.0000
        vertex -3.3260 -1.3777 -4.0000
    endloop
endfacet
facet normal 0.0000 0.0000 -9.9783
    outer loop
        vertex -3.1176 -1.8000 -4.0000
        vertex -1.3777 -3.3260 -4.0000
        vertex -1.8000 -3.1176 -4.0000
    endloop
endfacet
facet normal 0.0000 0.0000 -9.9868
    outer loop
        vertex -1.8000 -3.1176 -4.0000
        vertex -2.8562 -2.1917 -4.0000
        vertex -3.1176 -1.8000 -4.0000
    endloop
endfacet
facet normal 0.0000 0.0000 -9.9933
    outer loop
        vertex -2.8562 -2.1917 -4.0000
        vertex -1.8000 -3.1176 -4.0000
        vertex -2.1917 -2.8562 -4.0000
    endloop
endfacet
facet normal 0.0000 0.0000 -9.9978
    outer loop
        vertex -2.1917 -2.8562 -4.0000
        vertex -2.5456 -2.5456 -4.0000
        vertex -2.8562 -2.1917 -4.0000
    endloop
endfacet
facet normal 0.0000 0.0000 10.1219
    outer loop
        vertex 0.0000 -3.6000 4.0000
        vertex -3.6000 0.0000 4.0000
        vertex -3.5690 -0.4698 4.0000
    endloop
endfacet
facet normal 0.0000 0.0000 10.1049
    outer loop
        vertex -3.5690 -0.4698 4.0000
        vertex -0.4698 -3.5690 4.0000
        vertex 0.0000 -3.6000 4.0000
    endloop
endfacet
facet normal 0.0000 0.0000 10.0885
    outer loop
        vertex -0.4698 -3.5690 4.0000
        vertex -3.5690 -0.4698 4.0000
        vertex -3.4772 -0.9317 4.0000
    endloop
endfacet
facet normal 0.0000 0.0000 10.0727
    outer loop
        vertex -3.4772 -0.9317 4.0000
        vertex -0.9317 -3.4772 4.0000
        vertex -0.4698 -3.5690 4.0000
    endloop
endfacet
facet normal 0.0000 0.0000 10.0579
    outer loop
        vertex -0.9317 -3.4772 4.0000
        vertex -3.4772 -0.9317 4.0000
        vertex -3.3260 -1.3777 4.0000
    endloop
endfacet
facet normal 0.0000 0.0000 10.0443
    outer loop
        vertex -3.3260 -1.3777 4.0000
        vertex -1.3777 -3.3260 4.0000
        vertex -0.9317 -3.4772 4.0000
    endloop
endfacet
facet normal 0.0000 0.0000 10.0321
    outer loop
        vertex -1.3777 -3.3260 4.0000
        vertex -3.3260 -1.3777 4.0000
        vertex -3.1176 -1.8000 4.0000
    endloop
endfacet
facet normal 0.0000 0.0000 10.0217
    outer loop
        vertex -3.1176 -1.8000 4.0000
        vertex -1.8000 -3.1176 4.0000
        vertex -1.3777 -3.3260 4.0000
    endloop
endfacet
facet normal 0.0000 0.0000 10.0132
    outer loop
        vertex -1.8000 -3.1176 4.0000
        vertex -3.1176 -1.8000 4.0000
        vertex -2.8562 -2.1917 4.0000
    endloop
endfacet
facet normal 0.0000 0.0000 10.0067
    outer loop
        vertex -2.8562 -2.1917 4.0000
        vertex -2.1917 -2.8562 4.0000
        vertex -1.8000 -3.1176 4.0000
    endloop
endfacet
facet normal 0.0000 0.0000 10.0022
    outer loop
        vertex -2.1917 -2.8562 4.0000
        vertex -2.8562 -2.1917 4.0000
        vertex -2.5456 -2.5456 4.0000
    endloop
endfacet
facet normal 0.0000 0.0000 -6.0000
    outer loop
        vertex 0.0000 -2.4000 -4.0000
        vertex 0.0000 -3.6000 -4.0000
        vertex -0.8000 -2.2409 -4.0000
    endloop
endfacet
facet normal 0.0000 0.0000 -4.6305
    outer loop
        vertex -1.6971 -1.6971 -4.0000
        vertex 0.0000 -3.6000 -4.0000
        vertex -3.6000 0.0000 -4.0000
    endloop
endfacet
facet normal 0.0000 0.0000 -3.7427
    outer loop
        vertex -0.9184 -2.2173 -4.0000
        vertex 0.0000 -3.6000 -4.0000
        vertex -1.6971 -1.6971 -4.0000
    endloop
endfacet
facet normal 0.0000 0.0000 -0.8881
    outer loop
        vertex -2.2409 -0.8000 -4.0000
        vertex -2.2173 -0.9184 -4.0000
        vertex -3.6000 0.0000 -4.0000
    endloop
endfacet
facet normal 0.0000 0.0000 -3.7429
    outer loop
        vertex -2.2173 -0.9184 -4.0000
        vertex -1.6971 -1.6971 -4.0000
        vertex -3.6000 0.0000 -4.0000
    endloop
endfacet
facet normal 0.0000 0.0000 -6.0000
    outer loop
        vertex -2.4000 0.0000 -4.0000
        vertex -2.2409 -0.8000 -4.0000
        vertex -3.6000 0.0000 -4.0000
    endloop
endfacet
facet normal 0.0000 0.0000 -0.8881
    outer loop
        vertex -0.9184 -2.2173 -4.0000
        vertex -0.8000 -2.2409 -4.0000
        vertex 0.0000 -3.6000 -4.0000
    endloop
endfacet
facet normal 0.0000 0.0000 6.0000
    outer loop
        vertex 0.0000 -3.6000 4.0000
        vertex 0.0000 -2.4000 4.0000
        vertex -0.8000 -2.2409 4.0000
    endloop
endfacet
facet normal 0.0000 0.0000 4.6305
    outer loop
        vertex 0.0000 -3.6000 4.0000
        vertex -1.6971 -1.6971 4.0000
        vertex -3.6000 0.0000 4.0000
    endloop
endfacet
facet normal 0.0000 0.0000 3.7427
    outer loop
        vertex 0.0000 -3.6000 4.0000
        vertex -0.9184 -2.2173 4.0000
        vertex -1.6971 -1.6971 4.0000
    endloop
endfacet
facet normal 0.0000 0.0000 0.8881
    outer loop
        vertex -2.2173 -0.9184 4.0000
        vertex -2.2409 -0.8000 4.0000
        vertex -3.6000 0.0000 4.0000
    endloop
endfacet
facet normal 0.0000 0.0000 3.7429
    outer loop
        vertex -1.6971 -1.6971 4.0000
        vertex -2.2173 -0.9184 4.0000
        vertex -3.6000 0.0000 4.0000
    endloop
endfacet
facet normal 0.0000 0.0000 6.0000
    outer loop
        vertex -2.2409 -0.8000 4.0000
        vertex -2.4000 0.0000 4.0000
        vertex -3.6000 0.0000 4.0000
    endloop
endfacet
facet normal 0.0000 0.0000 0.8881
    outer loop
        vertex -0.8000 -2.2409 4.0000
        vertex -0.9184 -2.2173 4.0000
        vertex 0.0000 -3.6000 4.0000
    endloop
endfacet
facet normal 0.0000 0.0000 -9.4934
    outer loop
        vertex 23.0605 9.5522 -3.8000
        vertex 24.7453 3.2573 -3.8000
        vertex 24.9600 0.0000 -3.8000
    endloop
endfacet
facet normal 0.0000 0.0000 -9.4978
    outer loop
        vertex 24.7453 3.2573 -3.8000
        vertex 23.0605 9.5522 -3.8000
        vertex 24.1089 6.4596 -3.8000
    endloop
endfacet
facet normal 0.0000 0.0000 -9.4934
    outer loop
        vertex 17.6492 17.6492 -3.8000
        vertex 21.6154 12.4800 -3.8000
        vertex 23.0605 9.5522 -3.8000
    endloop
endfacet
facet normal 0.0000 0.0000 -9.4977
    outer loop
        vertex 21.6154 12.4800 -3.8000
        vertex 17.6492 17.6492 -3.8000
        vertex 19.8033 15.1956 -3.8000
    endloop
endfacet
facet normal 0.0000 0.0000 -9.4933
    outer loop
        vertex 9.5522 23.0605 -3.8000
        vertex 15.1956 19.8033 -3.8000
        vertex 17.6492 17.6492 -3.8000
    endloop
endfacet
facet normal 0.0000 0.0000 -9.4978
    outer loop
        vertex 15.1956 19.8033 -3.8000
        vertex 9.5522 23.0605 -3.8000
        vertex 12.4800 21.6154 -3.8000
    endloop
endfacet
facet normal 0.0000 0.0000 -9.4934
    outer loop
        vertex 0.0000 24.9600 -3.8000
        vertex 6.4596 24.1089 -3.8000
        vertex 9.5522 23.0605 -3.8000
    endloop
endfacet
facet normal 0.0000 0.0000 -9.4978
    outer loop
        vertex 6.4596 24.1089 -3.8000
        vertex 0.0000 24.9600 -3.8000
        vertex 3.2573 24.7453 -3.8000
    endloop
endfacet
facet normal 0.0000 0.0000 -9.4934
    outer loop
        vertex -9.5522 23.0605 -3.8000
        vertex -3.2573 24.7453 -3.8000
        vertex 0.0000 24.9600 -3.8000
    endloop
endfacet
facet normal 0.0000 0.0000 -9.4978
    outer loop
        vertex -3.2573 24.7453 -3.8000
        vertex -9.5522 23.0605 -3.8000
        vertex -6.4596 24.1089 -3.8000
    endloop
endfacet
facet normal 0.0000 0.0000 -9.4934
    outer loop
        vertex -17.6492 17.6492 -3.8000
        vertex -12.4800 21.6154 -3.8000
        vertex -9.5522 23.0605 -3.8000
    endloop
endfacet
facet normal 0.0000 0.0000 -9.4977
    outer loop
        vertex -12.4800 21.6154 -3.8000
        vertex -17.6492 17.6492 -3.8000
        vertex -15.1956 19.8033 -3.8000
    endloop
endfacet
facet normal 0.0000 0.0000 -9.4933
    outer loop
        vertex -23.0605 9.5522 -3.8000
        vertex -19.8033 15.1956 -3.8000
        vertex -17.6492 17.6492 -3.8000
    endloop
endfacet
facet normal 0.0000 0.0000 -9.4978
    outer loop
        vertex -19.8033 15.1956 -3.8000
        vertex -23.0605 9.5522 -3.8000
        vertex -21.6154 12.4800 -3.8000
    endloop
endfacet
facet normal 0.0000 0.0000 -9.4934
    outer loop
        vertex -24.9600 0.0000 -3.8000
        vertex -24.1089 6.4596 -3.8000
        vertex -23.0605 9.5522 -3.8000
    endloop
endfacet
facet normal 0.0000 0.0000 -9.4978
    outer loop
        vertex -24.1089 6.4596 -3.8000
        vertex -24.9600 0.0000 -3.8000
        vertex -24.7453 3.2573 -3.8000
    endloop
endfacet
facet normal 0.0000 0.0000 -9.4934
    outer loop
        vertex -23.0605 -9.5522 -3.8000
        vertex -24.7453 -3.2573 -3.8000
        vertex -24.9600 0.0000 -3.8000
    endloop
endfacet
facet normal 0.0000 0.0000 -9.4978
    outer loop
        vertex -24.7453 -3.2573 -3.8000
        vertex -23.0605 -9.5522 -3.8000
        vertex -24.1089 -6.4596 -3.8000
    endloop
endfacet
facet normal 0.0000 0.0000 -9.4934
    outer loop
        vertex -17.6492 -17.6492 -3.8000
        vertex -21.6154 -12.4800 -3.8000
        vertex -23.0605 -9.5522 -3.8000
    endloop
endfacet
facet normal 0.0000 0.0000 -9.4977
    outer loop
        vertex -21.6154 -12.4800 -3.8000
        vertex -17.6492 -17.6492 -3.8000
        vertex -19.8033 -15.1956 -3.8000
    endloop
endfacet
facet normal 0.0000 0.0000 -9.4933
    outer loop
        vertex -9.5522 -23.0605 -3.8000
        vertex -15.1956 -19.8033 -3.8000
        vertex -17.6492 -17.6492 -3.8000
    endloop
endfacet
facet normal 0.0000 0.0000 -9.4978
    outer loop
        vertex -15.1956 -19.8033 -3.8000
        vertex -9.5522 -23.0605 -3.8000
        vertex -12.4800 -21.6154 -3.8000
    endloop
endfacet
facet normal 0.0000 0.0000 -9.4934
    outer loop
        vertex 0.0000 -24.9600 -3.8000
        vertex -6.4596 -24.1089 -3.8000
        vertex -9.5522 -23.0605 -3.8000
    endloop
endfacet
facet normal 0.0000 0.0000 -9.4978
    outer loop
        vertex -6.4596 -24.1089 -3.8000
        vertex 0.0000 -24.9600 -3.8000
        vertex -3.2573 -24.7453 -3.8000
    endloop
endfacet
facet normal 0.0000 0.0000 -9.4934
    outer loop
        vertex 9.5522 -23.0605 -3.8000
        vertex 3.2573 -24.7453 -3.8000
        vertex 0.0000 -24.9600 -3.8000
    endloop
endfacet
facet normal 0.0000 0.0000 -9.4978
    outer loop
        vertex 3.2573 -24.7453 -3.8000
        vertex 9.5522 -23.0605 -3.8000
        vertex 6.4596 -24.1089 -3.8000
    endloop
endfacet
facet normal 0.0000 0.0000 -9.4934
    outer loop
        vertex 17.6492 -17.6492 -3.8000
        vertex 12.4800 -21.6154 -3.8000
        vertex 9.5522 -23.0605 -3.8000
    endloop
endfacet
facet normal 0.0000 0.0000 -9.4977
    outer loop
        vertex 12.4800 -21.6154 -3.8000
        vertex 17.6492 -17.6492 -3.8000
        vertex 15.1956 -19.8033 -3.8000
    endloop
endfacet
facet normal 0.0000 0.0000 -9.4933
    outer loop
        vertex 23.0605 -9.5522 -3.8000
        vertex 19.8033 -15.1956 -3.8000
        vertex 17.6492 -17.6492 -3.8000
    endloop
endfacet
facet normal 0.0000 0.0000 -9.4978
    outer loop
        vertex 19.8033 -15.1956 -3.8000
        vertex 23.0605 -9.5522 -3.8000
        vertex 21.6154 -12.4800 -3.8000
    endloop
endfacet
facet normal 0.0000 0.0000 -9.4934
    outer loop
        vertex 24.9600 0.0000 -3.8000
        vertex 24.1089 -6.4596 -3.8000
        vertex 23.0605 -9.5522 -3.8000
    endloop
endfacet
facet normal 0.0000 0.0000 -9.4978
    outer loop
        vertex 24.1089 -6.4596 -3.8000
        vertex 24.9600 0.0000 -3.8000
        vertex 24.7453 -3.2573 -3.8000
    endloop
endfacet
facet normal 8.1432 0.5366 -82.4036
    outer loop
        vertex 24.9600 0.0000 -3.8000
        vertex 24.7453 3.2573 -3.8000
        vertex 25.2212 3.3199 1.2400
    endloop
endfacet
facet normal 8.2998 0.5470 -84.0479
    outer loop
        vertex 25.2212 3.3199 1.2400
        vertex 25.4400 0.0000 1.2400
        vertex 24.9600 0.0000 -3.8000
    endloop
endfacet
facet normal 8.0059 1.5912 -82.4196
    outer loop
        vertex 24.7453 3.2573 -3.8000
        vertex 24.1089 6.4596 -3.8000
        vertex 24.5725 6.5839 1.2400
    endloop
endfacet
facet normal 8.1599 1.6218 -84.0642
    outer loop
        vertex 24.5725 6.5839 1.2400
        vertex 25.2212 3.3199 1.2400
        vertex 24.7453 3.2573 -3.8000
    endloop
endfacet
facet normal 7.7314 2.6208 -82.4328
    outer loop
        vertex 24.1089 6.4596 -3.8000
        vertex 23.0605 9.5522 -3.8000
        vertex 23.5040 9.7359 1.2400
    endloop
endfacet
facet normal 7.8800 2.6712 -84.0777
    outer loop
        vertex 23.5040 9.7359 1.2400
        vertex 24.5725 6.5839 1.2400
        vertex 24.1089 6.4596 -3.8000
    endloop
endfacet
facet normal 7.3195 3.6130 -82.4244
    outer loop
        vertex 23.0605 9.5522 -3.8000
        vertex 21.6154 12.4800 -3.8000
        vertex 22.0310 12.7200 1.2400
    endloop
endfacet
facet normal 7.4603 3.6824 -84.0691
    outer loop
        vertex 22.0310 12.7200 1.2400
        vertex 23.5040 9.7359 1.2400
        vertex 23.0605 9.5522 -3.8000
    endloop
endfacet
facet normal 6.7891 4.5302 -82.4172
    outer loop
        vertex 21.6154 12.4800 -3.8000
        vertex 19.8033 15.1956 -3.8000
        vertex 20.1841 15.4879 1.2400
    endloop
endfacet
facet normal 6.9197 4.6174 -84.0618
    outer loop
        vertex 20.1841 15.4879 1.2400
        vertex 22.0310 12.7200 1.2400
        vertex 21.6154 12.4800 -3.8000
    endloop
endfacet
facet normal 6.1339 5.3851 -82.4237
    outer loop
        vertex 19.8033 15.1956 -3.8000
        vertex 17.6492 17.6492 -3.8000
        vertex 17.9886 17.9886 1.2400
    endloop
endfacet
facet normal 6.2519 5.4887 -84.0684
    outer loop
        vertex 17.9886 17.9886 1.2400
        vertex 20.1841 15.4879 1.2400
        vertex 19.8033 15.1956 -3.8000
    endloop
endfacet
facet normal 5.3851 6.1339 -82.4237
    outer loop
        vertex 17.6492 17.6492 -3.8000
        vertex 15.1956 19.8033 -3.8000
        vertex 15.4879 20.1841 1.2400
    endloop
endfacet
facet normal 5.4887 6.2519 -84.0684
    outer loop
        vertex 15.4879 20.1841 1.2400
        vertex 17.9886 17.9886 1.2400
        vertex 17.6492 17.6492 -3.8000
    endloop
endfacet
facet normal 4.5302 6.7891 -82.4172
    outer loop
        vertex 15.1956 19.8033 -3.8000
        vertex 12.4800 21.6154 -3.8000
        vertex 12.7200 22.0310 1.2400
    endloop
endfacet
facet normal 4.6174 6.9197 -84.0618
    outer loop
        vertex 12.7200 22.0310 1.2400
        vertex 15.4879 20.1841 1.2400
        vertex 15.1956 19.8033 -3.8000
    endloop
endfacet
facet normal 3.6130 7.3195 -82.4244
    outer loop
        vertex 12.4800 21.6154 -3.8000
        vertex 9.5522 23.0605 -3.8000
        vertex 9.7359 23.5040 1.2400
    endloop
endfacet
facet normal 3.6824 7.4603 -84.0691
    outer loop
        vertex 9.7359 23.5040 1.2400
        vertex 12.7200 22.0310 1.2400
        vertex 12.4800 21.6154 -3.8000
    endloop
endfacet
facet normal 2.6208 7.7314 -82.4328
    outer loop
        vertex 9.5522 23.0605 -3.8000
        vertex 6.4596 24.1089 -3.8000
        vertex 6.5839 24.5725 1.2400
    endloop
endfacet
facet normal 2.6712 7.8800 -84.0777
    outer loop
        vertex 6.5839 24.5725 1.2400
        vertex 9.7359 23.5040 1.2400
        vertex 9.5522 23.0605 -3.8000
    endloop
endfacet
facet normal 1.5912 8.0059 -82.4196
    outer loop
        vertex 6.4596 24.1089 -3.8000
        vertex 3.2573 24.7453 -3.8000
        vertex 3.3199 25.2212 1.2400
    endloop
endfacet
facet normal 1.6218 8.1599 -84.0642
    outer loop
        vertex 3.3199 25.2212 1.2400
        vertex 6.5839 24.5725 1.2400
        vertex 6.4596 24.1089 -3.8000
    endloop
endfacet
facet normal 0.5366 8.1432 -82.4036
    outer loop
        vertex 3.2573 24.7453 -3.8000
        vertex 0.0000 24.9600 -3.8000
        vertex 0.0000 25.4400 1.2400
    endloop
endfacet
facet normal 0.5470 8.2998 -84.0479
    outer loop
        vertex 0.0000 25.4400 1.2400
        vertex 3.3199 25.2212 1.2400
        vertex 3.2573 24.7453 -3.8000
    endloop
endfacet
facet normal -0.5366 8.1432 -82.4036
    outer loop
        vertex 0.0000 24.9600 -3.8000
        vertex -3.2573 24.7453 -3.8000
        vertex -3.3199 25.2212 1.2400
    endloop
endfacet
facet normal -0.5470 8.2998 -84.0479
    outer loop
        vertex -3.3199 25.2212 1.2400
        vertex 0.0000 25.4400 1.2400
        vertex 0.0000 24.9600 -3.8000
    endloop
endfacet
facet normal -1.5912 8.0059 -82.4196
    outer loop
        vertex -3.2573 24.7453 -3.8000
        vertex -6.4596 24.1089 -3.8000
        vertex -6.5839 24.5725 1.2400
    endloop
endfacet
facet normal -1.6218 8.1599 -84.0642
    outer loop
        vertex -6.5839 24.5725 1.2400
        vertex -3.3199 25.2212 1.2400
        vertex -3.2573 24.7453 -3.8000
    endloop
endfacet
facet normal -2.6208 7.7314 -82.4328
    outer loop
        vertex -6.4596 24.1089 -3.8000
        vertex -9.5522 23.0605 -3.8000
        vertex -9.7359 23.5040 1.2400
    endloop
endfacet
facet normal -2.6712 7.8800 -84.0777
    outer loop
        vertex -9.7359 23.5040 1.2400
        vertex -6.5839 24.5725 1.2400
        vertex -6.4596 24.1089 -3.8000
    endloop
endfacet
facet normal -3.6130 7.3195 -82.4244
    outer loop
        vertex -9.5522 23.0605 -3.8000
        vertex -12.4800 21.6154 -3.8000
        vertex -12.7200 22.0310 1.2400
    endloop
endfacet
facet normal -3.6824 7.4603 -84.0691
    outer loop
        vertex -12.7200 22.0310 1.2400
        vertex -9.7359 23.5040 1.2400
        vertex -9.5522 23.0605 -3.8000
    endloop
endfacet
facet normal -4.5302 6.7891 -82.4172
    outer loop
        vertex -12.4800 21.6154 -3.8000
        vertex -15.1956 19.8033 -3.8000
        vertex -15.4879 20.1841 1.2400
    endloop
endfacet
facet normal -4.6174 6.9197 -84.0618
    outer loop
        vertex -15.4879 20.1841 1.2400
        vertex -12.7200 22.0310 1.2400
        vertex -12.4800 21.6154 -3.8000
    endloop
endfacet
facet normal -5.3851 6.1339 -82.4237
    outer loop
        vertex -15.1956 19.8033 -3.8000
        vertex -17.6492 17.6492 -3.8000
        vertex -17.9886 17.9886 1.2400
    endloop
endfacet
facet normal -5.4887 6.2519 -84.0684
    outer loop
        vertex -17.9886 17.9886 1.2400
        vertex -15.4879 20.1841 1.2400
        vertex -15.1956 19.8033 -3.8000
    endloop
endfacet
facet normal -6.1339 5.3851 -82.4237
    outer loop
        vertex -17.6492 17.6492 -3.8000
        vertex -19.8033 15.1956 -3.8000
        vertex -20.1841 15.4879 1.2400
    endloop
endfacet
facet normal -6.2519 5.4887 -84.0684
    outer loop
        vertex -20.1841 15.4879 1.2400
        vertex -17.9886 17.9886 1.2400
        vertex -17.6492 17.6492 -3.8000
    endloop
endfacet
facet normal -6.7891 4.5302 -82.4172
    outer loop
        vertex -19.8033 15.1956 -3.8000
        vertex -21.6154 12.4800 -3.8000
        vertex -22.0310 12.7200 1.2400
    endloop
endfacet
facet normal -6.9197 4.6174 -84.0618
    outer loop
        vertex -22.0310 12.7200 1.2400
        vertex -20.1841 15.4879 1.2400
        vertex -19.8033 15.1956 -3.8000
    endloop
endfacet
facet normal -7.3195 3.6130 -82.4244
    outer loop
        vertex -21.6154 12.4800 -3.8000
        vertex -23.0605 9.5522 -3.8000
        vertex -23.5040 9.7359 1.2400
    endloop
endfacet
facet normal -7.4603 3.6824 -84.0691
    outer loop
        vertex -23.5040 9.7359 1.2400
        vertex -22.0310 12.7200 1.2400
        vertex -21.6154 12.4800 -3.8000
    endloop
endfacet
facet normal -7.7314 2.6208 -82.4328
    outer loop
        vertex -23.0605 9.5522 -3.8000
        vertex -24.1089 6.4596 -3.8000
        vertex -24.5725 6.5839 1.2400
    endloop
endfacet
facet normal -7.8800 2.6712 -84.0777
    outer loop
        vertex -24.5725 6.5839 1.2400
        vertex -23.5040 9.7359 1.2400
        vertex -23.0605 9.5522 -3.8000
    endloop
endfacet
facet normal -8.0059 1.5912 -82.4196
    outer loop
        vertex -24.1089 6.4596 -3.8000
        vertex -24.7453 3.2573 -3.8000
        vertex -25.2212 3.3199 1.2400
    endloop
endfacet
facet normal -8.1599 1.6218 -84.0642
    outer loop
        vertex -25.2212 3.3199 1.2400
        vertex -24.5725 6.5839 1.2400
        vertex -24.1089 6.4596 -3.8000
    endloop
endfacet
facet normal -8.1432 0.5366 -82.4036
    outer loop
        vertex -24.7453 3.2573 -3.8000
        vertex -24.9600 0.0000 -3.8000
        vertex -25.4400 0.0000 1.2400
    endloop
endfacet
facet normal -8.2998 0.5470 -84.0479
    outer loop
        vertex -25.4400 0.0000 1.2400
        vertex -25.2212 3.3199 1.2400
        vertex -24.7453 3.2573 -3.8000
    endloop
endfacet
facet normal -8.1432 -0.5366 -82.4036
    outer loop
        vertex -24.9600 0.0000 -3.8000
        vertex -24.7453 -3.2573 -3.8000
        vertex -25.2212 -3.3199 1.2400
    endloop
endfacet
facet normal -8.2998 -0.5470 -84.0479
    outer loop
        vertex -25.2212 -3.3199 1.2400
        vertex -25.4400 0.0000 1.2400
        vertex -24.9600 0.0000 -3.8000
    endloop
endfacet
facet normal -8.0059 -1.5912 -82.4196
    outer loop
        vertex -24.7453 -3.2573 -3.8000
        vertex -24.1089 -6.4596 -3.8000
        vertex -24.5725 -6.5839 1.2400
    endloop
endfacet
facet normal -8.1599 -1.6218 -84.0642
    outer loop
        vertex -24.5725 -6.5839 1.2400
        vertex -25.2212 -3.3199 1.2400
        vertex -24.7453 -3.2573 -3.8000
    endloop
endfacet
facet normal -7.7314 -2.6208 -82.4328
    outer loop
        vertex -24.1089 -6.4596 -3.8000
        vertex -23.0605 -9.5522 -3.8000
        vertex -23.5040 -9.7359 1.2400
    endloop
endfacet
facet normal -7.8800 -2.6712 -84.0777
    outer loop
        vertex -23.5040 -9.7359 1.2400
        vertex -24.5725 -6.5839 1.2400
        vertex -24.1089 -6.4596 -3.8000
    endloop
endfacet
facet normal -7.3195 -3.6130 -82.4244
    outer loop
        vertex -23.0605 -9.5522 -3.8000
        vertex -21.6154 -12.4800 -3.8000
        vertex -22.0310 -12.7200 1.2400
    endloop
endfacet
facet normal -7.4603 -3.6824 -84.0691
    outer loop
        vertex -22.0310 -12.7200 1.2400
        vertex -23.5040 -9.7359 1.2400
        vertex -23.0605 -9.5522 -3.8000
    endloop
endfacet
facet normal -6.7891 -4.5302 -82.4172
    outer loop
        vertex -21.6154 -12.4800 -3.8000
        vertex -19.8033 -15.1956 -3.8000
        vertex -20.1841 -15.4879 1.2400
    endloop
endfacet
facet normal -6.9197 -4.6174 -84.0618
    outer loop
        vertex -20.1841 -15.4879 1.2400
        vertex -22.0310 -12.7200 1.2400
        vertex -21.6154 -12.4800 -3.8000
    endloop
endfacet
facet normal -6.1339 -5.3851 -82.4237
    outer loop
        vertex -19.8033 -15.1956 -3.8000
        vertex -17.6492 -17.6492 -3.8000
        vertex -17.9886 -17.9886 1.2400
    endloop
endfacet
facet normal -6.2519 -5.4887 -84.0684
    outer loop
        vertex -17.9886 -17.9886 1.2400
        vertex -20.1841 -15.4879 1.2400
        vertex -19.8033 -15.1956 -3.8000
    endloop
endfacet
facet normal -5.3851 -6.1339 -82.4237
    outer loop
        vertex -17.6492 -17.6492 -3.8000
        vertex -15.1956 -19.8033 -3.8000
        vertex -15.4879 -20.1841 1.2400
    endloop
endfacet
facet normal -5.4887 -6.2519 -84.0684
    outer loop
        vertex -15.4879 -20.1841 1.2400
        vertex -17.9886 -17.9886 1.2400
        vertex -17.6492 -17.6492 -3.8000
    endloop
endfacet
facet normal -4.5302 -6.7891 -82.4172
    outer loop
        vertex -15.1956 -19.8033 -3.8000
        vertex -12.4800 -21.6154 -3.8000
        vertex -12.7200 -22.0310 1.2400
    endloop
endfacet
facet normal -4.6174 -6.9197 -84.0618
    outer loop
        vertex -12.7200 -22.0310 1.2400
        vertex -15.4879 -20.1841 1.2400
        vertex -15.1956 -19.8033 -3.8000
    endloop
endfacet
facet normal -3.6130 -7.3195 -82.4244
    outer loop
        vertex -12.4800 -21.6154 -3.8000
        vertex -9.5522 -23.0605 -3.8000
        vertex -9.7359 -23.5040 1.2400
    endloop
endfacet
facet normal -3.6824 -7.4603 -84.0691
    outer loop
        vertex -9.7359 -23.5040 1.2400
        vertex -12.7200 -22.0310 1.2400
        vertex -12.4800 -21.6154 -3.8000
    endloop
endfacet
facet normal -2.6208 -7.7314 -82.4328
    outer loop
        vertex -9.5522 -23.0605 -3.8000
        vertex -6.4596 -24.1089 -3.8000
        vertex -6.5839 -24.5725 1.2400
    endloop
endfacet
facet normal -2.6712 -7.8800 -84.0777
    outer loop
        vertex -6.5839 -24.5725 1.2400
        vertex -9.7359 -23.5040 1.2400
        vertex -9.5522 -23.0605 -3.8000
    endloop
endfacet
facet normal -1.5912 -8.0059 -82.4196
    outer loop
        vertex -6.4596 -24.1089 -3.8000
        vertex -3.2573 -24.7453 -3.8000
        vertex -3.3199 -25.2212 1.2400
    endloop
endfacet
facet normal -1.6218 -8.1599 -84.0642
    outer loop
        vertex -3.3199 -25.2212 1.2400
        vertex -6.5839 -24.5725 1.2400
        vertex -6.4596 -24.1089 -3.8000
    endloop
endfacet
facet normal -0.5366 -8.1432 -82.4036
    outer loop
        vertex -3.2573 -24.7453 -3.8000
        vertex 0.0000 -24.9600 -3.8000
        vertex 0.0000 -25.4400 1.2400
    endloop
endfacet
facet normal -0.5470 -8.2998 -84.0479
    outer loop
        vertex 0.0000 -25.4400 1.2400
        vertex -3.3199 -25.2212 1.2400
        vertex -3.2573 -24.7453 -3.8000
    endloop
endfacet
facet normal 0.5366 -8.1432 -82.4036
    outer loop
        vertex 0.0000 -24.9600 -3.8000
        vertex 3.2573 -24.7453 -3.8000
        vertex 3.3199 -25.2212 1.2400
    endloop
endfacet
facet normal 0.5470 -8.2998 -84.0479
    outer loop
        vertex 3.3199 -25.2212 1.2400
        vertex 0.0000 -25.4400 1.2400
        vertex 0.0000 -24.9600 -3.8000
    endloop
endfacet
facet normal 1.5912 -8.0059 -82.4196
    outer loop
        vertex 3.2573 -24.7453 -3.8000
        vertex 6.4596 -24.1089 -3.8000
        vertex 6.5839 -24.5725 1.2400
    endloop
endfacet
facet normal 1.6218 -8.1599 -84.0642
    outer loop
        vertex 6.5839 -24.5725 1.2400
        vertex 3.3199 -25.2212 1.2400
        vertex 3.2573 -24.7453 -3.8000
    endloop
endfacet
facet normal 2.6208 -7.7314 -82.4328
    outer loop
        vertex 6.4596 -24.1089 -3.8000
        vertex 9.5522 -23.0605 -3.8000
        vertex 9.7359 -23.5040 1.2400
    endloop
endfacet
facet normal 2.6712 -7.8800 -84.0777
    outer loop
        vertex 9.7359 -23.5040 1.2400
        vertex 6.5839 -24.5725 1.2400
        vertex 6.4596 -24.1089 -3.8000
    endloop
endfacet
facet normal 3.6130 -7.3195 -82.4244
    outer loop
        vertex 9.5522 -23.0605 -3.8000
        vertex 12.4800 -21.6154 -3.8000
        vertex 12.7200 -22.0310 1.2400
    endloop
endfacet
facet normal 3.6824 -7.4603 -84.0691
    outer loop
        vertex 12.7200 -22.0310 1.2400
        vertex 9.7359 -23.5040 1.2400
        vertex 9.5522 -23.0605 -3.8000
    endloop
endfacet
facet normal 4.5302 -6.7891 -82.4172
    outer loop
        vertex 12.4800 -21.6154 -3.8000
        vertex 15.1956 -19.8033 -3.8000
        vertex 15.4879 -20.1841 1.2400
    endloop
endfacet
facet normal 4.6174 -6.9197 -84.0618
    outer loop
        vertex 15.4879 -20.1841 1.2400
        vertex 12.7200 -22.0310 1.2400
        vertex 12.4800 -21.6154 -3.8000
    endloop
endfacet
facet normal 5.3851 -6.1339 -82.4237
    outer loop
        vertex 15.1956 -19.8033 -3.8000
        vertex 17.6492 -17.6492 -3.8000
        vertex 17.9886 -17.9886 1.2400
    endloop
endfacet
facet normal 5.4887 -6.2519 -84.0684
    outer loop
        vertex 17.9886 -17.9886 1.2400
        vertex 15.4879 -20.1841 1.2400
        vertex 15.1956 -19.8033 -3.8000
    endloop
endfacet
facet normal 6.1339 -5.3851 -82.4237
    outer loop
        vertex 17.6492 -17.6492 -3.8000
        vertex 19.8033 -15.1956 -3.8000
        vertex 20.1841 -15.4879 1.2400
    endloop
endfacet
facet normal 6.2519 -5.4887 -84.0684
    outer loop
        vertex 20.1841 -15.4879 1.2400
        vertex 17.9886 -17.9886 1.2400
        vertex 17.6492 -17.6492 -3.8000
    endloop
endfacet
facet normal 6.7891 -4.5302 -82.4172
    outer loop
        vertex 19.8033 -15.1956 -3.8000
        vertex 21.6154 -12.4800 -3.8000
        vertex 22.0310 -12.7200 1.2400
    endloop
endfacet
facet normal 6.9197 -4.6174 -84.0618
    outer loop
        vertex 22.0310 -12.7200 1.2400
        vertex 20.1841 -15.4879 1.2400
        vertex 19.8033 -15.1956 -3.8000
    endloop
endfacet
facet normal 7.3195 -3.6130 -82.4244
    outer loop
        vertex 21.6154 -12.4800 -3.8000
        vertex 23.0605 -9.5522 -3.8000
        vertex 23.5040 -9.7359 1.2400
    endloop
endfacet
facet normal 7.4603 -3.6824 -84.0691
    outer loop
        vertex 23.5040 -9.7359 1.2400
        vertex 22.0310 -12.7200 1.2400
        vertex 21.6154 -12.4800 -3.8000
    endloop
endfacet
facet normal 7.7314 -2.6208 -82.4328
    outer loop
        vertex 23.0605 -9.5522 -3.8000
        vertex 24.1089 -6.4596 -3.8000
        vertex 24.5725 -6.5839 1.2400
    endloop
endfacet
facet normal 7.8800 -2.6712 -84.0777
    outer loop
        vertex 24.5725 -6.5839 1.2400
        vertex 23.5040 -9.7359 1.2400
        vertex 23.0605 -9.5522 -3.8000
    endloop
endfacet
facet normal 8.0059 -1.5912 -82.4196
    outer loop
        vertex 24.1089 -6.4596 -3.8000
        vertex 24.7453 -3.2573 -3.8000
        vertex 25.2212 -3.3199 1.2400
    endloop
endfacet
facet normal 8.1599 -1.6218 -84.0642
    outer loop
        vertex 25.2212 -3.3199 1.2400
        vertex 24.5725 -6.5839 1.2400
        vertex 24.1089 -6.4596 -3.8000
    endloop
endfacet
facet normal 8.1432 -0.5366 -82.4036
    outer loop
        vertex 24.7453 -3.2573 -3.8000
        vertex 24.9600 0.0000 -3.8000
        vertex 25.4400 0.0000 1.2400
    endloop
endfacet
facet normal 8.2998 -0.5470 -84.0479
    outer loop
        vertex 25.4400 0.0000 1.2400
        vertex 25.2212 -3.3199 1.2400
        vertex 24.7453 -3.2573 -3.8000
    endloop
endfacet
facet normal 8.2998 0.5470 2.6376
    outer loop
        vertex 25.4400 0.0000 1.2400
        vertex 25.2212 3.3199 1.2400
        vertex 28.0236 3.6888 2.3000
    endloop
endfacet
facet normal 9.2220 0.6077 2.2917
    outer loop
        vertex 28.0236 3.6888 2.3000
        vertex 28.2667 0.0000 2.3000
        vertex 25.4400 0.0000 1.2400
    endloop
endfacet
facet normal 8.1599 1.6218 2.6370
    outer loop
        vertex 25.2212 3.3199 1.2400
        vertex 24.5725 6.5839 1.2400
        vertex 27.3028 7.3154 2.3000
    endloop
endfacet
facet normal 9.0665 1.8020 2.2911
    outer loop
        vertex 27.3028 7.3154 2.3000
        vertex 28.0236 3.6888 2.3000
        vertex 25.2212 3.3199 1.2400
    endloop
endfacet
facet normal 7.8800 2.6712 2.6365
    outer loop
        vertex 24.5725 6.5839 1.2400
        vertex 23.5040 9.7359 1.2400
        vertex 26.1156 10.8177 2.3000
    endloop
endfacet
facet normal 8.7556 2.9680 2.2906
    outer loop
        vertex 26.1156 10.8177 2.3000
        vertex 27.3028 7.3154 2.3000
        vertex 24.5725 6.5839 1.2400
    endloop
endfacet
facet normal 7.4603 3.6824 2.6368
    outer loop
        vertex 23.5040 9.7359 1.2400
        vertex 22.0311 12.7200 1.2400
        vertex 24.4789 14.1333 2.3000
    endloop
endfacet
facet normal 8.2892 4.0916 2.2909
    outer loop
        vertex 24.4789 14.1333 2.3000
        vertex 26.1156 10.8177 2.3000
        vertex 23.5040 9.7359 1.2400
    endloop
endfacet
facet normal 6.9197 4.6174 2.6371
    outer loop
        vertex 22.0311 12.7200 1.2400
        vertex 20.1841 15.4879 1.2400
        vertex 22.4268 17.2088 2.3000
    endloop
endfacet
facet normal 7.6885 5.1304 2.2912
    outer loop
        vertex 22.4268 17.2088 2.3000
        vertex 24.4789 14.1333 2.3000
        vertex 22.0311 12.7200 1.2400
    endloop
endfacet
facet normal 6.2519 5.4887 2.6368
    outer loop
        vertex 20.1841 15.4879 1.2400
        vertex 17.9886 17.9886 1.2400
        vertex 19.9874 19.9874 2.3000
    endloop
endfacet
facet normal 6.9465 6.0985 2.2909
    outer loop
        vertex 19.9874 19.9874 2.3000
        vertex 22.4268 17.2088 2.3000
        vertex 20.1841 15.4879 1.2400
    endloop
endfacet
facet normal 5.4887 6.2519 2.6368
    outer loop
        vertex 17.9886 17.9886 1.2400
        vertex 15.4879 20.1841 1.2400
        vertex 17.2088 22.4268 2.3000
    endloop
endfacet
facet normal 6.0985 6.9465 2.2909
    outer loop
        vertex 17.2088 22.4268 2.3000
        vertex 19.9874 19.9874 2.3000
        vertex 17.9886 17.9886 1.2400
    endloop
endfacet
facet normal 4.6174 6.9197 2.6371
    outer loop
        vertex 15.4879 20.1841 1.2400
        vertex 12.7200 22.0311 1.2400
        vertex 14.1333 24.4789 2.3000
    endloop
endfacet
facet normal 5.1304 7.6885 2.2912
    outer loop
        vertex 14.1333 24.4789 2.3000
        vertex 17.2088 22.4268 2.3000
        vertex 15.4879 20.1841 1.2400
    endloop
endfacet
facet normal 3.6824 7.4603 2.6368
    outer loop
        vertex 12.7200 22.0311 1.2400
        vertex 9.7359 23.5040 1.2400
        vertex 10.8177 26.1156 2.3000
    endloop
endfacet
facet normal 4.0916 8.2892 2.2909
    outer loop
        vertex 10.8177 26.1156 2.3000
        vertex 14.1333 24.4789 2.3000
        vertex 12.7200 22.0311 1.2400
    endloop
endfacet
facet normal 2.6712 7.8800 2.6365
    outer loop
        vertex 9.7359 23.5040 1.2400
        vertex 6.5839 24.5725 1.2400
        vertex 7.3154 27.3028 2.3000
    endloop
endfacet
facet normal 2.9680 8.7556 2.2906
    outer loop
        vertex 7.3154 27.3028 2.3000
        vertex 10.8177 26.1156 2.3000
        vertex 9.7359 23.5040 1.2400
    endloop
endfacet
facet normal 1.6218 8.1599 2.6370
    outer loop
        vertex 6.5839 24.5725 1.2400
        vertex 3.3199 25.2212 1.2400
        vertex 3.6888 28.0236 2.3000
    endloop
endfacet
facet normal 1.8020 9.0665 2.2911
    outer loop
        vertex 3.6888 28.0236 2.3000
        vertex 7.3154 27.3028 2.3000
        vertex 6.5839 24.5725 1.2400
    endloop
endfacet
facet normal 0.5470 8.2998 2.6376
    outer loop
        vertex 3.3199 25.2212 1.2400
        vertex 0.0000 25.4400 1.2400
        vertex 0.0000 28.2667 2.3000
    endloop
endfacet
facet normal 0.6077 9.2220 2.2917
    outer loop
        vertex 0.0000 28.2667 2.3000
        vertex 3.6888 28.0236 2.3000
        vertex 3.3199 25.2212 1.2400
    endloop
endfacet
facet normal -0.5470 8.2998 2.6376
    outer loop
        vertex 0.0000 25.4400 1.2400
        vertex -3.3199 25.2212 1.2400
        vertex -3.6888 28.0236 2.3000
    endloop
endfacet
facet normal -0.6077 9.2220 2.2917
    outer loop
        vertex -3.6888 28.0236 2.3000
        vertex 0.0000 28.2667 2.3000
        vertex 0.0000 25.4400 1.2400
    endloop
endfacet
facet normal -1.6218 8.1599 2.6370
    outer loop
        vertex -3.3199 25.2212 1.2400
        vertex -6.5839 24.5725 1.2400
        vertex -7.3154 27.3028 2.3000
    endloop
endfacet
facet normal -1.8020 9.0665 2.2911
    outer loop
        vertex -7.3154 27.3028 2.3000
        vertex -3.6888 28.0236 2.3000
        vertex -3.3199 25.2212 1.2400
    endloop
endfacet
facet normal -2.6712 7.8800 2.6365
    outer loop
        vertex -6.5839 24.5725 1.2400
        vertex -9.7359 23.5040 1.2400
        vertex -10.8177 26.1156 2.3000
    endloop
endfacet
facet normal -2.9680 8.7556 2.2906
    outer loop
        vertex -10.8177 26.1156 2.3000
        vertex -7.3154 27.3028 2.3000
        vertex -6.5839 24.5725 1.2400
    endloop
endfacet
facet normal -3.6824 7.4603 2.6368
    outer loop
        vertex -9.7359 23.5040 1.2400
        vertex -12.7200 22.0311 1.2400
        vertex -14.1333 24.4789 2.3000
    endloop
endfacet
facet normal -4.0916 8.2892 2.2909
    outer loop
        vertex -14.1333 24.4789 2.3000
        vertex -10.8177 26.1156 2.3000
        vertex -9.7359 23.5040 1.2400
    endloop
endfacet
facet normal -4.6174 6.9197 2.6371
    outer loop
        vertex -12.7200 22.0311 1.2400
        vertex -15.4879 20.1841 1.2400
        vertex -17.2088 22.4268 2.3000
    endloop
endfacet
facet normal -5.1304 7.6885 2.2912
    outer loop
        vertex -17.2088 22.4268 2.3000
        vertex -14.1333 24.4789 2.3000
        vertex -12.7200 22.0311 1.2400
    endloop
endfacet
facet normal -5.4887 6.2519 2.6368
    outer loop
        vertex -15.4879 20.1841 1.2400
        vertex -17.9886 17.9886 1.2400
        vertex -19.9874 19.9874 2.3000
    endloop
endfacet
facet normal -6.0985 6.9465 2.2909
    outer loop
        vertex -19.9874 19.9874 2.3000
        vertex -17.2088 22.4268 2.3000
        vertex -15.4879 20.1841 1.2400
    endloop
endfacet
facet normal -6.2519 5.4887 2.6368
    outer loop
        vertex -17.9886 17.9886 1.2400
        vertex -20.1841 15.4879 1.2400
        vertex -22.4268 17.2088 2.3000
    endloop
endfacet
facet normal -6.9465 6.0985 2.2909
    outer loop
        vertex -22.4268 17.2088 2.3000
        vertex -19.9874 19.9874 2.3000
        vertex -17.9886 17.9886 1.2400
    endloop
endfacet
facet normal -6.9197 4.6174 2.6371
    outer loop
        vertex -20.1841 15.4879 1.2400
        vertex -22.0311 12.7200 1.2400
        vertex -24.4789 14.1333 2.3000
    endloop
endfacet
facet normal -7.6885 5.1304 2.2912
    outer loop
        vertex -24.4789 14.1333 2.3000
        vertex -22.4268 17.2088 2.3000
        vertex -20.1841 15.4879 1.2400
    endloop
endfacet
facet normal -7.4603 3.6824 2.6368
    outer loop
        vertex -22.0311 12.7200 1.2400
        vertex -23.5040 9.7359 1.2400
        vertex -26.1156 10.8177 2.3000
    endloop
endfacet
facet normal -8.2892 4.0916 2.2909
    outer loop
        vertex -26.1156 10.8177 2.3000
        vertex -24.4789 14.1333 2.3000
        vertex -22.0311 12.7200 1.2400
    endloop
endfacet
facet normal -7.8800 2.6712 2.6365
    outer loop
        vertex -23.5040 9.7359 1.2400
        vertex -24.5725 6.5839 1.2400
        vertex -27.3028 7.3154 2.3000
    endloop
endfacet
facet normal -8.7556 2.9680 2.2906
    outer loop
        vertex -27.3028 7.3154 2.3000
        vertex -26.1156 10.8177 2.3000
        vertex -23.5040 9.7359 1.2400
    endloop
endfacet
facet normal -8.1599 1.6218 2.6370
    outer loop
        vertex -24.5725 6.5839 1.2400
        vertex -25.2212 3.3199 1.2400
        vertex -28.0236 3.6888 2.3000
    endloop
endfacet
facet normal -9.0665 1.8020 2.2911
    outer loop
        vertex -28.0236 3.6888 2.3000
        vertex -27.3028 7.3154 2.3000
        vertex -24.5725 6.5839 1.2400
    endloop
endfacet
facet normal -8.2998 0.5470 2.6376
    outer loop
        vertex -25.2212 3.3199 1.2400
        vertex -25.4400 0.0000 1.2400
        vertex -28.2667 0.0000 2.3000
    endloop
endfacet
facet normal -9.2220 0.6077 2.2917
    outer loop
        vertex -28.2667 0.0000 2.3000
        vertex -28.0236 3.6888 2.3000
        vertex -25.2212 3.3199 1.2400
    endloop
endfacet
facet normal -8.2998 -0.5470 2.6376
    outer loop
        vertex -25.4400 0.0000 1.2400
        vertex -25.2212 -3.3199 1.2400
        vertex -28.0236 -3.6888 2.3000
    endloop
endfacet
facet normal -9.2220 -0.6077 2.2917
    outer loop
        vertex -28.0236 -3.6888 2.3000
        vertex -28.2667 0.0000 2.3000
        vertex -25.4400 0.0000 1.2400
    endloop
endfacet
facet normal -8.1599 -1.6218 2.6370
    outer loop
        vertex -25.2212 -3.3199 1.2400
        vertex -24.5725 -6.5839 1.2400
        vertex -27.3028 -7.3154 2.3000
    endloop
endfacet
facet normal -9.0665 -1.8020 2.2911
    outer loop
        vertex -27.3028 -7.3154 2.3000
        vertex -28.0236 -3.6888 2.3000
        vertex -25.2212 -3.3199 1.2400
    endloop
endfacet
facet normal -7.8800 -2.6712 2.6365
    outer loop
        vertex -24.5725 -6.5839 1.2400
        vertex -23.5040 -9.7359 1.2400
        vertex -26.1156 -10.8177 2.3000
    endloop
endfacet
facet normal -8.7556 -2.9680 2.2906
    outer loop
        vertex -26.1156 -10.8177 2.3000
        vertex -27.3028 -7.3154 2.3000
        vertex -24.5725 -6.5839 1.2400
    endloop
endfacet
facet normal -7.4603 -3.6824 2.6368
    outer loop
        vertex -23.5040 -9.7359 1.2400
        vertex -22.0311 -12.7200 1.2400
        vertex -24.4789 -14.1333 2.3000
    endloop
endfacet
facet normal -8.2892 -4.0916 2.2909
    outer loop
        vertex -24.4789 -14.1333 2.3000
        vertex -26.1156 -10.8177 2.3000
        vertex -23.5040 -9.7359 1.2400
    endloop
endfacet
facet normal -6.9197 -4.6174 2.6371
    outer loop
        vertex -22.0311 -12.7200 1.2400
        vertex -20.1841 -15.4879 1.2400
        vertex -22.4268 -17.2088 2.3000
    endloop
endfacet
facet normal -7.6885 -5.1304 2.2912
    outer loop
        vertex -22.4268 -17.2088 2.3000
        vertex -24.4789 -14.1333 2.3000
        vertex -22.0311 -12.7200 1.2400
    endloop
endfacet
facet normal -6.2519 -5.4887 2.6368
    outer loop
        vertex -20.1841 -15.4879 1.2400
        vertex -17.9886 -17.9886 1.2400
        vertex -19.9874 -19.9874 2.3000
    endloop
endfacet
facet normal -6.9465 -6.0985 2.2909
    outer loop
        vertex -19.9874 -19.9874 2.3000
        vertex -22.4268 -17.2088 2.3000
        vertex -20.1841 -15.4879 1.2400
    endloop
endfacet
facet normal -5.4887 -6.2519 2.6368
    outer loop
        vertex -17.9886 -17.9886 1.2400
        vertex -15.4879 -20.1841 1.2400
        vertex -17.2088 -22.4268 2.3000
    endloop
endfacet
facet normal -6.0985 -6.9465 2.2909
    outer loop
        vertex -17.2088 -22.4268 2.3000
        vertex -19.9874 -19.9874 2.3000
        vertex -17.9886 -17.9886 1.2400
    endloop
endfacet
facet normal -4.6174 -6.9197 2.6371
    outer loop
        vertex -15.4879 -20.1841 1.2400
        vertex -12.7200 -22.0311 1.2400
        vertex -14.1333 -24.4789 2.3000
    endloop
endfacet
facet normal -5.1304 -7.6885 2.2912
    outer loop
        vertex -14.1333 -24.4789 2.3000
        vertex -17.2088 -22.4268 2.3000
        vertex -15.4879 -20.1841 1.2400
    endloop
endfacet
facet normal -3.6824 -7.4603 2.6368
    outer loop
        vertex -12.7200 -22.0311 1.2400
        vertex -9.7359 -23.5040 1.2400
        vertex -10.8177 -26.1156 2.3000
    endloop
endfacet
facet normal -4.0916 -8.2892 2.2909
    outer loop
        vertex -10.8177 -26.1156 2.3000
        vertex -14.1333 -24.4789 2.3000
        vertex -12.7200 -22.0311 1.2400
    endloop
endfacet
facet normal -2.6712 -7.8800 2.6365
    outer loop
        vertex -9.7359 -23.5040 1.2400
        vertex -6.5839 -24.5725 1.2400
        vertex -7.3154 -27.3028 2.3000
    endloop
endfacet
facet normal -2.9680 -8.7556 2.2906
    outer loop
        vertex -7.3154 -27.3028 2.3000
        vertex -10.8177 -26.1156 2.3000
        vertex -9.7359 -23.5040 1.2400
    endloop
endfacet
facet normal -1.6218 -8.1599 2.6370
    outer loop
        vertex -6.5839 -24.5725 1.2400
        vertex -3.3199 -25.2212 1.2400
        vertex -3.6888 -28.0236 2.3000
    endloop
endfacet
facet normal -1.8020 -9.0665 2.2911
    outer loop
        vertex -3.6888 -28.0236 2.3000
        vertex -7.3154 -27.3028 2.3000
        vertex -6.5839 -24.5725 1.2400
    endloop
endfacet
facet normal -0.5470 -8.2998 2.6376
    outer loop
        vertex -3.3199 -25.2212 1.2400
        vertex 0.0000 -25.4400 1.2400
        vertex 0.0000 -28.2667 2.3000
    endloop
endfacet
facet normal -0.6077 -9.2220 2.2917
    outer loop
        vertex 0.0000 -28.2667 2.3000
        vertex -3.6888 -28.0236 2.3000
        vertex -3.3199 -25.2212 1.2400
    endloop
endfacet
facet normal 0.5470 -8.2998 2.6376
    outer loop
        vertex 0.0000 -25.4400 1.2400
        vertex 3.3199 -25.2212 1.2400
        vertex 3.6888 -28.0236 2.3000
    endloop
endfacet
facet normal 0.6077 -9.2220 2.2917
    outer loop
        vertex 3.6888 -28.0236 2.3000
        vertex 0.0000 -28.2667 2.3000
        vertex 0.0000 -25.4400 1.2400
    endloop
endfacet
facet normal 1.6218 -8.1599 2.6370
    outer loop
        vertex 3.3199 -25.2212 1.2400
        vertex 6.5839 -24.5725 1.2400
        vertex 7.3154 -27.3028 2.3000
    endloop
endfacet
facet normal 1.8020 -9.0665 2.2911
    outer loop
        vertex 7.3154 -27.3028 2.3000
        vertex 3.6888 -28.0236 2.3000
        vertex 3.3199 -25.2212 1.2400
    endloop
endfacet
facet normal 2.6712 -7.8800 2.6365
    outer loop
        vertex 6.5839 -24.5725 1.2400
        vertex 9.7359 -23.5040 1.2400
        vertex 10.8177 -26.1156 2.3000
    endloop
endfacet
facet normal 2.9680 -8.7556 2.2906
    outer loop
        vertex 10.8177 -26.1156 2.3000
        vertex 7.3154 -27.3028 2.3000
        vertex 6.5839 -24.5725 1.2400
    endloop
endfacet
facet normal 3.6824 -7.4603 2.6368
    outer loop
        vertex 9.7359 -23.5040 1.2400
        vertex 12.7200 -22.0311 1.2400
        vertex 14.1333 -24.4789 2.3000
    endloop
endfacet
facet normal 4.0916 -8.2892 2.2909
    outer loop
        vertex 14.1333 -24.4789 2.3000
        vertex 10.8177 -26.1156 2.3000
        vertex 9.7359 -23.5040 1.2400
    endloop
endfacet
facet normal 4.6174 -6.9197 2.6371
    outer loop
        vertex 12.7200 -22.0311 1.2400
        vertex 15.4879 -20.1841 1.2400
        vertex 17.2088 -22.4268 2.3000
    endloop
endfacet
facet normal 5.1304 -7.6885 2.2912
    outer loop
        vertex 17.2088 -22.4268 2.3000
        vertex 14.1333 -24.4789 2.3000
        vertex 12.7200 -22.0311 1.2400
    endloop
endfacet
facet normal 5.4887 -6.2519 2.6368
    outer loop
        vertex 15.4879 -20.1841 1.2400
        vertex 17.9886 -17.9886 1.2400
        vertex 19.9874 -19.9874 2.3000
    endloop
endfacet
facet normal 6.0985 -6.9465 2.2909
    outer loop
        vertex 19.9874 -19.9874 2.3000
        vertex 17.2088 -22.4268 2.3000
        vertex 15.4879 -20.1841 1.2400
    endloop
endfacet
facet normal 6.2519 -5.4887 2.6368
    outer loop
        vertex 17.9886 -17.9886 1.2400
        vertex 20.1841 -15.4879 1.2400
        vertex 22.4268 -17.2088 2.3000
    endloop
endfacet
facet normal 6.9465 -6.0985 2.2909
    outer loop
        vertex 22.4268 -17.2088 2.3000
        vertex 19.9874 -19.9874 2.3000
        vertex 17.9886 -17.9886 1.2400
    endloop
endfacet
facet normal 6.9197 -4.6174 2.6371
    outer loop
        vertex 20.1841 -15.4879 1.2400
        vertex 22.0311 -12.7200 1.2400
        vertex 24.4789 -14.1333 2.3000
    endloop
endfacet
facet normal 7.6885 -5.1304 2.2912
    outer loop
        vertex 24.4789 -14.1333 2.3000
        vertex 22.4268 -17.2088 2.3000
        vertex 20.1841 -15.4879 1.2400
    endloop
endfacet
facet normal 7.4603 -3.6824 2.6368
    outer loop
        vertex 22.0311 -12.7200 1.2400
        vertex 23.5040 -9.7359 1.2400
        vertex 26.1156 -10.8177 2.3000
    endloop
endfacet
facet normal 8.2892 -4.0916 2.2909
    outer loop
        vertex 26.1156 -10.8177 2.3000
        vertex 24.4789 -14.1333 2.3000
        vertex 22.0311 -12.7200 1.2400
    endloop
endfacet
facet normal 7.8800 -2.6712 2.6365
    outer loop
        vertex 23.5040 -9.7359 1.2400
        vertex 24.5725 -6.5839 1.2400
        vertex 27.3028 -7.3154 2.3000
    endloop
endfacet
facet normal 8.7556 -2.9680 2.2906
    outer loop
        vertex 27.3028 -7.3154 2.3000
        vertex 26.1156 -10.8177 2.3000
        vertex 23.5040 -9.7359 1.2400
    endloop
endfacet
facet normal 8.1599 -1.6218 2.6370
    outer loop
        vertex 24.5725 -6.5839 1.2400
        vertex 25.2212 -3.3199 1.2400
        vertex 28.0236 -3.6888 2.3000
    endloop
endfacet
facet normal 9.0665 -1.8020 2.2911
    outer loop
        vertex 28.0236 -3.6888 2.3000
        vertex 27.3028 -7.3154 2.3000
        vertex 24.5725 -6.5839 1.2400
    endloop
endfacet
facet normal 8.2998 -0.5470 2.6376
    outer loop
        vertex 25.2212 -3.3199 1.2400
        vertex 25.4400 0.0000 1.2400
        vertex 28.2667 0.0000 2.3000
    endloop
endfacet
facet normal 9.2220 -0.6077 2.2917
    outer loop
        vertex 28.2667 0.0000 2.3000
        vertex 28.0236 -3.6888 2.3000
        vertex 25.2212 -3.3199 1.2400
    endloop
endfacet
facet normal -9.2220 -0.6077 5.7500
    outer loop
        vertex 28.0236 3.6888 2.3000
        vertex 28.2667 0.0000 3.5000
        vertex 28.2667 0.0000 2.3000
    endloop
endfacet
facet normal -9.2220 -0.6077 5.7500
    outer loop
        vertex 28.2667 0.0000 3.5000
        vertex 28.0236 3.6888 2.3000
        vertex 28.0236 3.6888 3.5000
    endloop
endfacet
facet normal -9.0665 -1.8020 5.7500
    outer loop
        vertex 27.3028 7.3154 2.3000
        vertex 28.0236 3.6888 3.5000
        vertex 28.0236 3.6888 2.3000
    endloop
endfacet
facet normal -9.0665 -1.8020 5.7500
    outer loop
        vertex 28.0236 3.6888 3.5000
        vertex 27.3028 7.3154 2.3000
        vertex 27.3028 7.3154 3.5000
    endloop
endfacet
facet normal -8.7556 -2.9680 5.7500
    outer loop
        vertex 26.1156 10.8177 2.3000
        vertex 27.3028 7.3154 3.5000
        vertex 27.3028 7.3154 2.3000
    endloop
endfacet
facet normal -8.7556 -2.9680 5.7500
    outer loop
        vertex 27.3028 7.3154 3.5000
        vertex 26.1156 10.8177 2.3000
        vertex 26.1156 10.8177 3.5000
    endloop
endfacet
facet normal -8.2892 -4.0916 5.7500
    outer loop
        vertex 24.4789 14.1333 2.3000
        vertex 26.1156 10.8177 3.5000
        vertex 26.1156 10.8177 2.3000
    endloop
endfacet
facet normal -8.2892 -4.0916 5.7500
    outer loop
        vertex 26.1156 10.8177 3.5000
        vertex 24.4789 14.1333 2.3000
        vertex 24.4789 14.1333 3.5000
    endloop
endfacet
facet normal -7.6885 -5.1304 5.7500
    outer loop
        vertex 22.4268 17.2088 2.3000
        vertex 24.4789 14.1333 3.5000
        vertex 24.4789 14.1333 2.3000
    endloop
endfacet
facet normal -7.6885 -5.1304 5.7500
    outer loop
        vertex 24.4789 14.1333 3.5000
        vertex 22.4268 17.2088 2.3000
        vertex 22.4268 17.2088 3.5000
    endloop
endfacet
facet normal -6.9465 -6.0985 5.7500
    outer loop
        vertex 19.9874 19.9874 2.3000
        vertex 22.4268 17.2088 3.5000
        vertex 22.4268 17.2088 2.3000
    endloop
endfacet
facet normal -6.9465 -6.0985 5.7500
    outer loop
        vertex 22.4268 17.2088 3.5000
        vertex 19.9874 19.9874 2.3000
        vertex 19.9874 19.9874 3.5000
    endloop
endfacet
facet normal -6.0985 -6.9465 5.7500
    outer loop
        vertex 17.2088 22.4268 2.3000
        vertex 19.9874 19.9874 3.5000
        vertex 19.9874 19.9874 2.3000
    endloop
endfacet
facet normal -6.0985 -6.9465 5.7500
    outer loop
        vertex 19.9874 19.9874 3.5000
        vertex 17.2088 22.4268 2.3000
        vertex 17.2088 22.4268 3.5000
    endloop
endfacet
facet normal -5.1304 -7.6885 5.7500
    outer loop
        vertex 14.1333 24.4789 2.3000
        vertex 17.2088 22.4268 3.5000
        vertex 17.2088 22.4268 2.3000
    endloop
endfacet
facet normal -5.1304 -7.6885 5.7500
    outer loop
        vertex 17.2088 22.4268 3.5000
        vertex 14.1333 24.4789 2.3000
        vertex 14.1333 24.4789 3.5000
    endloop
endfacet
facet normal -4.0916 -8.2892 5.7500
    outer loop
        vertex 10.8177 26.1156 2.3000
        vertex 14.1333 24.4789 3.5000
        vertex 14.1333 24.4789 2.3000
    endloop
endfacet
facet normal -4.0916 -8.2892 5.7500
    outer loop
        vertex 14.1333 24.4789 3.5000
        vertex 10.8177 26.1156 2.3000
        vertex 10.8177 26.1156 3.5000
    endloop
endfacet
facet normal -2.9680 -8.7556 5.7500
    outer loop
        vertex 7.3154 27.3028 2.3000
        vertex 10.8177 26.1156 3.5000
        vertex 10.8177 26.1156 2.3000
    endloop
endfacet
facet normal -2.9680 -8.7556 5.7500
    outer loop
        vertex 10.8177 26.1156 3.5000
        vertex 7.3154 27.3028 2.3000
        vertex 7.3154 27.3028 3.5000
    endloop
endfacet
facet normal -1.8020 -9.0665 5.7500
    outer loop
        vertex 3.6888 28.0236 2.3000
        vertex 7.3154 27.3028 3.5000
        vertex 7.3154 27.3028 2.3000
    endloop
endfacet
facet normal -1.8020 -9.0665 5.7500
    outer loop
        vertex 7.3154 27.3028 3.5000
        vertex 3.6888 28.0236 2.3000
        vertex 3.6888 28.0236 3.5000
    endloop
endfacet
facet normal -0.6077 -9.2220 5.7500
    outer loop
        vertex 0.0000 28.2667 2.3000
        vertex 3.6888 28.0236 3.5000
        vertex 3.6888 28.0236 2.3000
    endloop
endfacet
facet normal -0.6077 -9.2220 5.7500
    outer loop
        vertex 3.6888 28.0236 3.5000
        vertex 0.0000 28.2667 2.3000
        vertex 0.0000 28.2667 3.5000
    endloop
endfacet
facet normal 0.6077 -9.2220 5.7500
    outer loop
        vertex -3.6888 28.0236 2.3000
        vertex 0.0000 28.2667 3.5000
        vertex 0.0000 28.2667 2.3000
    endloop
endfacet
facet normal 0.6077 -9.2220 5.7500
    outer loop
        vertex 0.0000 28.2667 3.5000
        vertex -3.6888 28.0236 2.3000
        vertex -3.6888 28.0236 3.5000
    endloop
endfacet
facet normal 1.8020 -9.0665 5.7500
    outer loop
        vertex -7.3154 27.3028 2.3000
        vertex -3.6888 28.0236 3.5000
        vertex -3.6888 28.0236 2.3000
    endloop
endfacet
facet normal 1.8020 -9.0665 5.7500
    outer loop
        vertex -3.6888 28.0236 3.5000
        vertex -7.3154 27.3028 2.3000
        vertex -7.3154 27.3028 3.5000
    endloop
endfacet
facet normal 2.9680 -8.7556 5.7500
    outer loop
        vertex -10.8177 26.1156 2.3000
        vertex -7.3154 27.3028 3.5000
        vertex -7.3154 27.3028 2.3000
    endloop
endfacet
facet normal 2.9680 -8.7556 5.7500
    outer loop
        vertex -7.3154 27.3028 3.5000
        vertex -10.8177 26.1156 2.3000
        vertex -10.8177 26.1156 3.5000
    endloop
endfacet
facet normal 4.0916 -8.2892 5.7500
    outer loop
        vertex -14.1333 24.4789 2.3000
        vertex -10.8177 26.1156 3.5000
        vertex -10.8177 26.1156 2.3000
    endloop
endfacet
facet normal 4.0916 -8.2892 5.7500
    outer loop
        vertex -10.8177 26.1156 3.5000
        vertex -14.1333 24.4789 2.3000
        vertex -14.1333 24.4789 3.5000
    endloop
endfacet
facet normal 5.1304 -7.6885 5.7500
    outer loop
        vertex -17.2088 22.4268 2.3000
        vertex -14.1333 24.4789 3.5000
        vertex -14.1333 24.4789 2.3000
    endloop
endfacet
facet normal 5.1304 -7.6885 5.7500
    outer loop
        vertex -14.1333 24.4789 3.5000
        vertex -17.2088 22.4268 2.3000
        vertex -17.2088 22.4268 3.5000
    endloop
endfacet
facet normal 6.0985 -6.9465 5.7500
    outer loop
        vertex -19.9874 19.9874 2.3000
        vertex -17.2088 22.4268 3.5000
        vertex -17.2088 22.4268 2.3000
    endloop
endfacet
facet normal 6.0985 -6.9465 5.7500
    outer loop
        vertex -17.2088 22.4268 3.5000
        vertex -19.9874 19.9874 2.3000
        vertex -19.9874 19.9874 3.5000
    endloop
endfacet
facet normal 6.9465 -6.0985 5.7500
    outer loop
        vertex -22.4268 17.2088 2.3000
        vertex -19.9874 19.9874 3.5000
        vertex -19.9874 19.9874 2.3000
    endloop
endfacet
facet normal 6.9465 -6.0985 5.7500
    outer loop
        vertex -19.9874 19.9874 3.5000
        vertex -22.4268 17.2088 2.3000
        vertex -22.4268 17.2088 3.5000
    endloop
endfacet
facet normal 7.6885 -5.1304 5.7500
    outer loop
        vertex -24.4789 14.1333 2.3000
        vertex -22.4268 17.2088 3.5000
        vertex -22.4268 17.2088 2.3000
    endloop
endfacet
facet normal 7.6885 -5.1304 5.7500
    outer loop
        vertex -22.4268 17.2088 3.5000
        vertex -24.4789 14.1333 2.3000
        vertex -24.4789 14.1333 3.5000
    endloop
endfacet
facet normal 8.2892 -4.0916 5.7500
    outer loop
        vertex -26.1156 10.8177 2.3000
        vertex -24.4789 14.1333 3.5000
        vertex -24.4789 14.1333 2.3000
    endloop
endfacet
facet normal 8.2892 -4.0916 5.7500
    outer loop
        vertex -24.4789 14.1333 3.5000
        vertex -26.1156 10.8177 2.3000
        vertex -26.1156 10.8177 3.5000
    endloop
endfacet
facet normal 8.7556 -2.9680 5.7500
    outer loop
        vertex -27.3028 7.3154 2.3000
        vertex -26.1156 10.8177 3.5000
        vertex -26.1156 10.8177 2.3000
    endloop
endfacet
facet normal 8.7556 -2.9680 5.7500
    outer loop
        vertex -26.1156 10.8177 3.5000
        vertex -27.3028 7.3154 2.3000
        vertex -27.3028 7.3154 3.5000
    endloop
endfacet
facet normal 9.0665 -1.8020 5.7500
    outer loop
        vertex -28.0236 3.6888 2.3000
        vertex -27.3028 7.3154 3.5000
        vertex -27.3028 7.3154 2.3000
    endloop
endfacet
facet normal 9.0665 -1.8020 5.7500
    outer loop
        vertex -27.3028 7.3154 3.5000
        vertex -28.0236 3.6888 2.3000
        vertex -28.0236 3.6888 3.5000
    endloop
endfacet
facet normal 9.2220 -0.6077 5.7500
    outer loop
        vertex -28.2667 0.0000 2.3000
        vertex -28.0236 3.6888 3.5000
        vertex -28.0236 3.6888 2.3000
    endloop
endfacet
facet normal 9.2220 -0.6077 5.7500
    outer loop
        vertex -28.0236 3.6888 3.5000
        vertex -28.2667 0.0000 2.3000
        vertex -28.2667 0.0000 3.5000
    endloop
endfacet
facet normal 9.2220 0.6077 5.7500
    outer loop
        vertex -28.0236 -3.6888 2.3000
        vertex -28.2667 0.0000 3.5000
        vertex -28.2667 0.0000 2.3000
    endloop
endfacet
facet normal 9.2220 0.6077 5.7500
    outer loop
        vertex -28.2667 0.0000 3.5000
        vertex -28.0236 -3.6888 2.3000
        vertex -28.0236 -3.6888 3.5000
    endloop
endfacet
facet normal 9.0665 1.8020 5.7500
    outer loop
        vertex -27.3028 -7.3154 2.3000
        vertex -28.0236 -3.6888 3.5000
        vertex -28.0236 -3.6888 2.3000
    endloop
endfacet
facet normal 9.0665 1.8020 5.7500
    outer loop
        vertex -28.0236 -3.6888 3.5000
        vertex -27.3028 -7.3154 2.3000
        vertex -27.3028 -7.3154 3.5000
    endloop
endfacet
facet normal 8.7556 2.9680 5.7500
    outer loop
        vertex -26.1156 -10.8177 2.3000
        vertex -27.3028 -7.3154 3.5000
        vertex -27.3028 -7.3154 2.3000
    endloop
endfacet
facet normal 8.7556 2.9680 5.7500
    outer loop
        vertex -27.3028 -7.3154 3.5000
        vertex -26.1156 -10.8177 2.3000
        vertex -26.1156 -10.8177 3.5000
    endloop
endfacet
facet normal 8.2892 4.0916 5.7500
    outer loop
        vertex -24.4789 -14.1333 2.3000
        vertex -26.1156 -10.8177 3.5000
        vertex -26.1156 -10.8177 2.3000
    endloop
endfacet
facet normal 8.2892 4.0916 5.7500
    outer loop
        vertex -26.1156 -10.8177 3.5000
        vertex -24.4789 -14.1333 2.3000
        vertex -24.4789 -14.1333 3.5000
    endloop
endfacet
facet normal 7.6885 5.1304 5.7500
    outer loop
        vertex -22.4268 -17.2088 2.3000
        vertex -24.4789 -14.1333 3.5000
        vertex -24.4789 -14.1333 2.3000
    endloop
endfacet
facet normal 7.6885 5.1304 5.7500
    outer loop
        vertex -24.4789 -14.1333 3.5000
        vertex -22.4268 -17.2088 2.3000
        vertex -22.4268 -17.2088 3.5000
    endloop
endfacet
facet normal 6.9465 6.0985 5.7500
    outer loop
        vertex -19.9874 -19.9874 2.3000
        vertex -22.4268 -17.2088 3.5000
        vertex -22.4268 -17.2088 2.3000
    endloop
endfacet
facet normal 6.9465 6.0985 5.7500
    outer loop
        vertex -22.4268 -17.2088 3.5000
        vertex -19.9874 -19.9874 2.3000
        vertex -19.9874 -19.9874 3.5000
    endloop
endfacet
facet normal 6.0985 6.9465 5.7500
    outer loop
        vertex -17.2088 -22.4268 2.3000
        vertex -19.9874 -19.9874 3.5000
        vertex -19.9874 -19.9874 2.3000
    endloop
endfacet
facet normal 6.0985 6.9465 5.7500
    outer loop
        vertex -19.9874 -19.9874 3.5000
        vertex -17.2088 -22.4268 2.3000
        vertex -17.2088 -22.4268 3.5000
    endloop
endfacet
facet normal 5.1304 7.6885 5.7500
    outer loop
        vertex -14.1333 -24.4789 2.3000
        vertex -17.2088 -22.4268 3.5000
        vertex -17.2088 -22.4268 2.3000
    endloop
endfacet
facet normal 5.1304 7.6885 5.7500
    outer loop
        vertex -17.2088 -22.4268 3.5000
        vertex -14.1333 -24.4789 2.3000
        vertex -14.1333 -24.4789 3.5000
    endloop
endfacet
facet normal 4.0916 8.2892 5.7500
    outer loop
        vertex -10.8177 -26.1156 2.3000
        vertex -14.1333 -24.4789 3.5000
        vertex -14.1333 -24.4789 2.3000
    endloop
endfacet
facet normal 4.0916 8.2892 5.7500
    outer loop
        vertex -14.1333 -24.4789 3.5000
        vertex -10.8177 -26.1156 2.3000
        vertex -10.8177 -26.1156 3.5000
    endloop
endfacet
facet normal 2.9680 8.7556 5.7500
    outer loop
        vertex -7.3154 -27.3028 2.3000
        vertex -10.8177 -26.1156 3.5000
        vertex -10.8177 -26.1156 2.3000
    endloop
endfacet
facet normal 2.9680 8.7556 5.7500
    outer loop
        vertex -10.8177 -26.1156 3.5000
        vertex -7.3154 -27.3028 2.3000
        vertex -7.3154 -27.3028 3.5000
    endloop
endfacet
facet normal 1.8020 9.0665 5.7500
    outer loop
        vertex -3.6888 -28.0236 2.3000
        vertex -7.3154 -27.3028 3.5000
        vertex -7.3154 -27.3028 2.3000
    endloop
endfacet
facet normal 1.8020 9.0665 5.7500
    outer loop
        vertex -7.3154 -27.3028 3.5000
        vertex -3.6888 -28.0236 2.3000
        vertex -3.6888 -28.0236 3.5000
    endloop
endfacet
facet normal 0.6077 9.2220 5.7500
    outer loop
        vertex 0.0000 -28.2667 2.3000
        vertex -3.6888 -28.0236 3.5000
        vertex -3.6888 -28.0236 2.3000
    endloop
endfacet
facet normal 0.6077 9.2220 5.7500
    outer loop
        vertex -3.6888 -28.0236 3.5000
        vertex 0.0000 -28.2667 2.3000
        vertex 0.0000 -28.2667 3.5000
    endloop
endfacet
facet normal -0.6077 9.2220 5.7500
    outer loop
        vertex 3.6888 -28.0236 2.3000
        vertex 0.0000 -28.2667 3.5000
        vertex 0.0000 -28.2667 2.3000
    endloop
endfacet
facet normal -0.6077 9.2220 5.7500
    outer loop
        vertex 0.0000 -28.2667 3.5000
        vertex 3.6888 -28.0236 2.3000
        vertex 3.6888 -28.0236 3.5000
    endloop
endfacet
facet normal -1.8020 9.0665 5.7500
    outer loop
        vertex 7.3154 -27.3028 2.3000
        vertex 3.6888 -28.0236 3.5000
        vertex 3.6888 -28.0236 2.3000
    endloop
endfacet
facet normal -1.8020 9.0665 5.7500
    outer loop
        vertex 3.6888 -28.0236 3.5000
        vertex 7.3154 -27.3028 2.3000
        vertex 7.3154 -27.3028 3.5000
    endloop
endfacet
facet normal -2.9680 8.7556 5.7500
    outer loop
        vertex 10.8177 -26.1156 2.3000
        vertex 7.3154 -27.3028 3.5000
        vertex 7.3154 -27.3028 2.3000
    endloop
endfacet
facet normal -2.9680 8.7556 5.7500
    outer loop
        vertex 7.3154 -27.3028 3.5000
        vertex 10.8177 -26.1156 2.3000
        vertex 10.8177 -26.1156 3.5000
    endloop
endfacet
facet normal -4.0916 8.2892 5.7500
    outer loop
        vertex 14.1333 -24.4789 2.3000
        vertex 10.8177 -26.1156 3.5000
        vertex 10.8177 -26.1156 2.3000
    endloop
endfacet
facet normal -4.0916 8.2892 5.7500
    outer loop
        vertex 10.8177 -26.1156 3.5000
        vertex 14.1333 -24.4789 2.3000
        vertex 14.1333 -24.4789 3.5000
    endloop
endfacet
facet normal -5.1304 7.6885 5.7500
    outer loop
        vertex 17.2088 -22.4268 2.3000
        vertex 14.1333 -24.4789 3.5000
        vertex 14.1333 -24.4789 2.3000
    endloop
endfacet
facet normal -5.1304 7.6885 5.7500
    outer loop
        vertex 14.1333 -24.4789 3.5000
        vertex 17.2088 -22.4268 2.3000
        vertex 17.2088 -22.4268 3.5000
    endloop
endfacet
facet normal -6.0985 6.9465 5.7500
    outer loop
        vertex 19.9874 -19.9874 2.3000
        vertex 17.2088 -22.4268 3.5000
        vertex 17.2088 -22.4268 2.3000
    endloop
endfacet
facet normal -6.0985 6.9465 5.7500
    outer loop
        vertex 17.2088 -22.4268 3.5000
        vertex 19.9874 -19.9874 2.3000
        vertex 19.9874 -19.9874 3.5000
    endloop
endfacet
facet normal -6.9465 6.0985 5.7500
    outer loop
        vertex 22.4268 -17.2088 2.3000
        vertex 19.9874 -19.9874 3.5000
        vertex 19.9874 -19.9874 2.3000
    endloop
endfacet
facet normal -6.9465 6.0985 5.7500
    outer loop
        vertex 19.9874 -19.9874 3.5000
        vertex 22.4268 -17.2088 2.3000
        vertex 22.4268 -17.2088 3.5000
    endloop
endfacet
facet normal -7.6885 5.1304 5.7500
    outer loop
        vertex 24.4789 -14.1333 2.3000
        vertex 22.4268 -17.2088 3.5000
        vertex 22.4268 -17.2088 2.3000
    endloop
endfacet
facet normal -7.6885 5.1304 5.7500
    outer loop
        vertex 22.4268 -17.2088 3.5000
        vertex 24.4789 -14.1333 2.3000
        vertex 24.4789 -14.1333 3.5000
    endloop
endfacet
facet normal -8.2892 4.0916 5.7500
    outer loop
        vertex 26.1156 -10.8177 2.3000
        vertex 24.4789 -14.1333 3.5000
        vertex 24.4789 -14.1333 2.3000
    endloop
endfacet
facet normal -8.2892 4.0916 5.7500
    outer loop
        vertex 24.4789 -14.1333 3.5000
        vertex 26.1156 -10.8177 2.3000
        vertex 26.1156 -10.8177 3.5000
    endloop
endfacet
facet normal -8.7556 2.9680 5.7500
    outer loop
        vertex 27.3028 -7.3154 2.3000
        vertex 26.1156 -10.8177 3.5000
        vertex 26.1156 -10.8177 2.3000
    endloop
endfacet
facet normal -8.7556 2.9680 5.7500
    outer loop
        vertex 26.1156 -10.8177 3.5000
        vertex 27.3028 -7.3154 2.3000
        vertex 27.3028 -7.3154 3.5000
    endloop
endfacet
facet normal -9.0665 1.8020 5.7500
    outer loop
        vertex 28.0236 -3.6888 2.3000
        vertex 27.3028 -7.3154 3.5000
        vertex 27.3028 -7.3154 2.3000
    endloop
endfacet
facet normal -9.0665 1.8020 5.7500
    outer loop
        vertex 27.3028 -7.3154 3.5000
        vertex 28.0236 -3.6888 2.3000
        vertex 28.0236 -3.6888 3.5000
    endloop
endfacet
facet normal -9.2220 0.6077 5.7500
    outer loop
        vertex 28.2667 0.0000 2.3000
        vertex 28.0236 -3.6888 3.5000
        vertex 28.0236 -3.6888 2.3000
    endloop
endfacet
facet normal -9.2220 0.6077 5.7500
    outer loop
        vertex 28.0236 -3.6888 3.5000
        vertex 28.2667 0.0000 2.3000
        vertex 28.2667 0.0000 3.5000
    endloop
endfacet
facet normal 0.0000 0.0000 8.7566
    outer loop
        vertex 26.1156 10.8177 3.5000
        vertex 28.2667 0.0000 3.5000
        vertex 28.0236 3.6888 3.5000
    endloop
endfacet
facet normal 0.0000 0.0000 8.7522
    outer loop
        vertex 28.0236 3.6888 3.5000
        vertex 27.3028 7.3154 3.5000
        vertex 26.1156 10.8177 3.5000
    endloop
endfacet
facet normal 0.0000 0.0000 8.7566
    outer loop
        vertex 19.9874 19.9874 3.5000
        vertex 26.1156 10.8177 3.5000
        vertex 24.4789 14.1333 3.5000
    endloop
endfacet
facet normal 0.0000 0.0000 8.7523
    outer loop
        vertex 24.4789 14.1333 3.5000
        vertex 22.4268 17.2088 3.5000
        vertex 19.9874 19.9874 3.5000
    endloop
endfacet
facet normal 0.0000 0.0000 8.7567
    outer loop
        vertex 10.8177 26.1156 3.5000
        vertex 19.9874 19.9874 3.5000
        vertex 17.2088 22.4268 3.5000
    endloop
endfacet
facet normal 0.0000 0.0000 8.7522
    outer loop
        vertex 17.2088 22.4268 3.5000
        vertex 14.1333 24.4789 3.5000
        vertex 10.8177 26.1156 3.5000
    endloop
endfacet
facet normal 0.0000 0.0000 8.7566
    outer loop
        vertex 0.0000 28.2667 3.5000
        vertex 10.8177 26.1156 3.5000
        vertex 7.3154 27.3028 3.5000
    endloop
endfacet
facet normal 0.0000 0.0000 8.7522
    outer loop
        vertex 7.3154 27.3028 3.5000
        vertex 3.6888 28.0236 3.5000
        vertex 0.0000 28.2667 3.5000
    endloop
endfacet
facet normal 0.0000 0.0000 8.7566
    outer loop
        vertex -10.8177 26.1156 3.5000
        vertex 0.0000 28.2667 3.5000
        vertex -3.6888 28.0236 3.5000
    endloop
endfacet
facet normal 0.0000 0.0000 8.7522
    outer loop
        vertex -3.6888 28.0236 3.5000
        vertex -7.3154 27.3028 3.5000
        vertex -10.8177 26.1156 3.5000
    endloop
endfacet
facet normal 0.0000 0.0000 8.7566
    outer loop
        vertex -19.9874 19.9874 3.5000
        vertex -10.8177 26.1156 3.5000
        vertex -14.1333 24.4789 3.5000
    endloop
endfacet
facet normal 0.0000 0.0000 8.7523
    outer loop
        vertex -14.1333 24.4789 3.5000
        vertex -17.2088 22.4268 3.5000
        vertex -19.9874 19.9874 3.5000
    endloop
endfacet
facet normal 0.0000 0.0000 8.7567
    outer loop
        vertex -26.1156 10.8177 3.5000
        vertex -19.9874 19.9874 3.5000
        vertex -22.4268 17.2088 3.5000
    endloop
endfacet
facet normal 0.0000 0.0000 8.7522
    outer loop
        vertex -22.4268 17.2088 3.5000
        vertex -24.4789 14.1333 3.5000
        vertex -26.1156 10.8177 3.5000
    endloop
endfacet
facet normal 0.0000 0.0000 8.7566
    outer loop
        vertex -28.2667 0.0000 3.5000
        vertex -26.1156 10.8177 3.5000
        vertex -27.3028 7.3154 3.5000
    endloop
endfacet
facet normal 0.0000 0.0000 8.7522
    outer loop
        vertex -27.3028 7.3154 3.5000
        vertex -28.0236 3.6888 3.5000
        vertex -28.2667 0.0000 3.5000
    endloop
endfacet
facet normal 0.0000 0.0000 8.7566
    outer loop
        vertex -26.1156 -10.8177 3.5000
        vertex -28.2667 0.0000 3.5000
        vertex -28.0236 -3.6888 3.5000
    endloop
endfacet
facet normal 0.0000 0.0000 8.7522
    outer loop
        vertex -28.0236 -3.6888 3.5000
        vertex -27.3028 -7.3154 3.5000
        vertex -26.1156 -10.8177 3.5000
    endloop
endfacet
facet normal 0.0000 0.0000 8.7566
    outer loop
        vertex -19.9874 -19.9874 3.5000
        vertex -26.1156 -10.8177 3.5000
        vertex -24.4789 -14.1333 3.5000
    endloop
endfacet
facet normal 0.0000 0.0000 8.7523
    outer loop
        vertex -24.4789 -14.1333 3.5000
        vertex -22.4268 -17.2088 3.5000
        vertex -19.9874 -19.9874 3.5000
    endloop
endfacet
facet normal 0.0000 0.0000 8.7567
    outer loop
        vertex -10.8177 -26.1156 3.5000
        vertex -19.9874 -19.9874 3.5000
        vertex -17.2088 -22.4268 3.5000
    endloop
endfacet
facet normal 0.0000 0.0000 8.7522
    outer loop
        vertex -17.2088 -22.4268 3.5000
        vertex -14.1333 -24.4789 3.5000
        vertex -10.8177 -26.1156 3.5000
    endloop
endfacet
facet normal 0.0000 0.0000 8.7566
    outer loop
        vertex 0.0000 -28.2667 3.5000
        vertex -10.8177 -26.1156 3.5000
        vertex -7.3154 -27.3028 3.5000
    endloop
endfacet
facet normal 0.0000 0.0000 8.7522
    outer loop
        vertex -7.3154 -27.3028 3.5000
        vertex -3.6888 -28.0236 3.5000
        vertex 0.0000 -28.2667 3.5000
    endloop
endfacet
facet normal 0.0000 0.0000 8.7566
    outer loop
        vertex 10.8177 -26.1156 3.5000
        vertex 0.0000 -28.2667 3.5000
        vertex 3.6888 -28.0236 3.5000
    endloop
endfacet
facet normal 0.0000 0.0000 8.7522
    outer loop
        vertex 3.6888 -28.0236 3.5000
        vertex 7.3154 -27.3028 3.5000
        vertex 10.8177 -26.1156 3.5000
    endloop
endfacet
facet normal 0.0000 0.0000 8.7566
    outer loop
        vertex 19.9874 -19.9874 3.5000
        vertex 10.8177 -26.1156 3.5000
        vertex 14.1333 -24.4789 3.5000
    endloop
endfacet
facet normal 0.0000 0.0000 8.7523
    outer loop
        vertex 14.1333 -24.4789 3.5000
        vertex 17.2088 -22.4268 3.5000
        vertex 19.9874 -19.9874 3.5000
    endloop
endfacet
facet normal 0.0000 0.0000 8.7567
    outer loop
        vertex 26.1156 -10.8177 3.5000
        vertex 19.9874 -19.9874 3.5000
        vertex 22.4268 -17.2088 3.5000
    endloop
endfacet
facet normal 0.0000 0.0000 8.7522
    outer loop
        vertex 22.4268 -17.2088 3.5000
        vertex 24.4789 -14.1333 3.5000
        vertex 26.1156 -10.8177 3.5000
    endloop
endfacet
facet normal 0.0000 0.0000 8.7566
    outer loop
        vertex 28.2667 0.0000 3.5000
        vertex 26.1156 -10.8177 3.5000
        vertex 27.3028 -7.3154 3.5000
    endloop
endfacet
facet normal 0.0000 0.0000 8.7522
    outer loop
        vertex 27.3028 -7.3154 3.5000
        vertex 28.0236 -3.6888 3.5000
        vertex 28.2667 0.0000 3.5000
    endloop
endfacet
facet normal -8.2215 -0.5418 11.9799
    outer loop
        vertex 25.2000 0.0000 2.8400
        vertex 26.6488 3.5078 3.5000
        vertex 24.9833 3.2886 2.8400
    endloop
endfacet
facet normal -8.7696 -0.5779 12.1952
    outer loop
        vertex 26.6488 3.5078 3.5000
        vertex 25.2000 0.0000 2.8400
        vertex 26.8800 0.0000 3.5000
    endloop
endfacet
facet normal -8.0829 -1.6065 11.9805
    outer loop
        vertex 24.9833 3.2886 2.8400
        vertex 25.9634 6.9565 3.5000
        vertex 24.3407 6.5218 2.8400
    endloop
endfacet
facet normal -8.6218 -1.7136 12.1958
    outer loop
        vertex 25.9634 6.9565 3.5000
        vertex 24.9833 3.2886 2.8400
        vertex 26.6488 3.5078 3.5000
    endloop
endfacet
facet normal -7.8057 -2.6460 11.9810
    outer loop
        vertex 24.3407 6.5218 2.8400
        vertex 24.8344 10.2870 3.5000
        vertex 23.2823 9.6440 2.8400
    endloop
endfacet
facet normal -8.3261 -2.8224 12.1964
    outer loop
        vertex 24.8344 10.2870 3.5000
        vertex 24.3407 6.5218 2.8400
        vertex 25.9634 6.9565 3.5000
    endloop
endfacet
facet normal -7.3899 -3.6477 11.9807
    outer loop
        vertex 23.2823 9.6440 2.8400
        vertex 23.2781 13.4400 3.5000
        vertex 21.8232 12.6000 2.8400
    endloop
endfacet
facet normal -7.8826 -3.8909 12.1960
    outer loop
        vertex 23.2781 13.4400 3.5000
        vertex 23.2823 9.6440 2.8400
        vertex 24.8344 10.2870 3.5000
    endloop
endfacet
facet normal -6.8544 -4.5738 11.9804
    outer loop
        vertex 21.8232 12.6000 2.8400
        vertex 21.3266 16.3645 3.5000
        vertex 19.9937 15.3418 2.8400
    endloop
endfacet
facet normal -7.3114 -4.8787 12.1957
    outer loop
        vertex 21.3266 16.3645 3.5000
        vertex 21.8232 12.6000 2.8400
        vertex 23.2781 13.4400 3.5000
    endloop
endfacet
facet normal -6.1929 -5.4369 11.9806
    outer loop
        vertex 19.9937 15.3418 2.8400
        vertex 19.0068 19.0068 3.5000
        vertex 17.8189 17.8189 2.8400
    endloop
endfacet
facet normal -6.6058 -5.7994 12.1960
    outer loop
        vertex 19.0068 19.0068 3.5000
        vertex 19.9937 15.3418 2.8400
        vertex 21.3266 16.3645 3.5000
    endloop
endfacet
facet normal -5.4369 -6.1929 11.9806
    outer loop
        vertex 17.8189 17.8189 2.8400
        vertex 16.3645 21.3266 3.5000
        vertex 15.3418 19.9937 2.8400
    endloop
endfacet
facet normal -5.7994 -6.6058 12.1960
    outer loop
        vertex 16.3645 21.3266 3.5000
        vertex 17.8189 17.8189 2.8400
        vertex 19.0068 19.0068 3.5000
    endloop
endfacet
facet normal -4.5738 -6.8544 11.9804
    outer loop
        vertex 15.3418 19.9937 2.8400
        vertex 13.4400 23.2781 3.5000
        vertex 12.6000 21.8232 2.8400
    endloop
endfacet
facet normal -4.8787 -7.3114 12.1957
    outer loop
        vertex 13.4400 23.2781 3.5000
        vertex 15.3418 19.9937 2.8400
        vertex 16.3645 21.3266 3.5000
    endloop
endfacet
facet normal -3.6477 -7.3899 11.9807
    outer loop
        vertex 12.6000 21.8232 2.8400
        vertex 10.2870 24.8344 3.5000
        vertex 9.6440 23.2823 2.8400
    endloop
endfacet
facet normal -3.8909 -7.8826 12.1960
    outer loop
        vertex 10.2870 24.8344 3.5000
        vertex 12.6000 21.8232 2.8400
        vertex 13.4400 23.2781 3.5000
    endloop
endfacet
facet normal -2.6460 -7.8057 11.9810
    outer loop
        vertex 9.6440 23.2823 2.8400
        vertex 6.9565 25.9634 3.5000
        vertex 6.5218 24.3407 2.8400
    endloop
endfacet
facet normal -2.8224 -8.3261 12.1964
    outer loop
        vertex 6.9565 25.9634 3.5000
        vertex 9.6440 23.2823 2.8400
        vertex 10.2870 24.8344 3.5000
    endloop
endfacet
facet normal -1.6065 -8.0829 11.9805
    outer loop
        vertex 6.5218 24.3407 2.8400
        vertex 3.5078 26.6488 3.5000
        vertex 3.2886 24.9833 2.8400
    endloop
endfacet
facet normal -1.7136 -8.6218 12.1958
    outer loop
        vertex 3.5078 26.6488 3.5000
        vertex 6.5218 24.3407 2.8400
        vertex 6.9565 25.9634 3.5000
    endloop
endfacet
facet normal -0.5418 -8.2215 11.9799
    outer loop
        vertex 3.2886 24.9833 2.8400
        vertex 0.0000 26.8800 3.5000
        vertex 0.0000 25.2000 2.8400
    endloop
endfacet
facet normal -0.5779 -8.7696 12.1952
    outer loop
        vertex 0.0000 26.8800 3.5000
        vertex 3.2886 24.9833 2.8400
        vertex 3.5078 26.6488 3.5000
    endloop
endfacet
facet normal 0.5418 -8.2215 11.9799
    outer loop
        vertex 0.0000 25.2000 2.8400
        vertex -3.5078 26.6488 3.5000
        vertex -3.2886 24.9833 2.8400
    endloop
endfacet
facet normal 0.5779 -8.7696 12.1952
    outer loop
        vertex -3.5078 26.6488 3.5000
        vertex 0.0000 25.2000 2.8400
        vertex 0.0000 26.8800 3.5000
    endloop
endfacet
facet normal 1.6065 -8.0829 11.9805
    outer loop
        vertex -3.2886 24.9833 2.8400
        vertex -6.9565 25.9634 3.5000
        vertex -6.5218 24.3407 2.8400
    endloop
endfacet
facet normal 1.7136 -8.6218 12.1958
    outer loop
        vertex -6.9565 25.9634 3.5000
        vertex -3.2886 24.9833 2.8400
        vertex -3.5078 26.6488 3.5000
    endloop
endfacet
facet normal 2.6460 -7.8057 11.9810
    outer loop
        vertex -6.5218 24.3407 2.8400
        vertex -10.2870 24.8344 3.5000
        vertex -9.6440 23.2823 2.8400
    endloop
endfacet
facet normal 2.8224 -8.3261 12.1964
    outer loop
        vertex -10.2870 24.8344 3.5000
        vertex -6.5218 24.3407 2.8400
        vertex -6.9565 25.9634 3.5000
    endloop
endfacet
facet normal 3.6477 -7.3899 11.9807
    outer loop
        vertex -9.6440 23.2823 2.8400
        vertex -13.4400 23.2781 3.5000
        vertex -12.6000 21.8232 2.8400
    endloop
endfacet
facet normal 3.8909 -7.8826 12.1960
    outer loop
        vertex -13.4400 23.2781 3.5000
        vertex -9.6440 23.2823 2.8400
        vertex -10.2870 24.8344 3.5000
    endloop
endfacet
facet normal 4.5738 -6.8544 11.9804
    outer loop
        vertex -12.6000 21.8232 2.8400
        vertex -16.3645 21.3266 3.5000
        vertex -15.3418 19.9937 2.8400
    endloop
endfacet
facet normal 4.8787 -7.3114 12.1957
    outer loop
        vertex -16.3645 21.3266 3.5000
        vertex -12.6000 21.8232 2.8400
        vertex -13.4400 23.2781 3.5000
    endloop
endfacet
facet normal 5.4369 -6.1929 11.9806
    outer loop
        vertex -15.3418 19.9937 2.8400
        vertex -19.0068 19.0068 3.5000
        vertex -17.8189 17.8189 2.8400
    endloop
endfacet
facet normal 5.7994 -6.6058 12.1960
    outer loop
        vertex -19.0068 19.0068 3.5000
        vertex -15.3418 19.9937 2.8400
        vertex -16.3645 21.3266 3.5000
    endloop
endfacet
facet normal 6.1929 -5.4369 11.9806
    outer loop
        vertex -17.8189 17.8189 2.8400
        vertex -21.3266 16.3645 3.5000
        vertex -19.9937 15.3418 2.8400
    endloop
endfacet
facet normal 6.6058 -5.7994 12.1960
    outer loop
        vertex -21.3266 16.3645 3.5000
        vertex -17.8189 17.8189 2.8400
        vertex -19.0068 19.0068 3.5000
    endloop
endfacet
facet normal 6.8544 -4.5738 11.9804
    outer loop
        vertex -19.9937 15.3418 2.8400
        vertex -23.2781 13.4400 3.5000
        vertex -21.8232 12.6000 2.8400
    endloop
endfacet
facet normal 7.3114 -4.8787 12.1957
    outer loop
        vertex -23.2781 13.4400 3.5000
        vertex -19.9937 15.3418 2.8400
        vertex -21.3266 16.3645 3.5000
    endloop
endfacet
facet normal 7.3899 -3.6477 11.9807
    outer loop
        vertex -21.8232 12.6000 2.8400
        vertex -24.8344 10.2870 3.5000
        vertex -23.2823 9.6440 2.8400
    endloop
endfacet
facet normal 7.8826 -3.8909 12.1960
    outer loop
        vertex -24.8344 10.2870 3.5000
        vertex -21.8232 12.6000 2.8400
        vertex -23.2781 13.4400 3.5000
    endloop
endfacet
facet normal 7.8057 -2.6460 11.9810
    outer loop
        vertex -23.2823 9.6440 2.8400
        vertex -25.9634 6.9565 3.5000
        vertex -24.3407 6.5218 2.8400
    endloop
endfacet
facet normal 8.3261 -2.8224 12.1964
    outer loop
        vertex -25.9634 6.9565 3.5000
        vertex -23.2823 9.6440 2.8400
        vertex -24.8344 10.2870 3.5000
    endloop
endfacet
facet normal 8.0829 -1.6065 11.9805
    outer loop
        vertex -24.3407 6.5218 2.8400
        vertex -26.6488 3.5078 3.5000
        vertex -24.9833 3.2886 2.8400
    endloop
endfacet
facet normal 8.6218 -1.7136 12.1958
    outer loop
        vertex -26.6488 3.5078 3.5000
        vertex -24.3407 6.5218 2.8400
        vertex -25.9634 6.9565 3.5000
    endloop
endfacet
facet normal 8.2215 -0.5418 11.9799
    outer loop
        vertex -24.9833 3.2886 2.8400
        vertex -26.8800 0.0000 3.5000
        vertex -25.2000 0.0000 2.8400
    endloop
endfacet
facet normal 8.7696 -0.5779 12.1952
    outer loop
        vertex -26.8800 0.0000 3.5000
        vertex -24.9833 3.2886 2.8400
        vertex -26.6488 3.5078 3.5000
    endloop
endfacet
facet normal 8.2215 0.5418 11.9799
    outer loop
        vertex -25.2000 0.0000 2.8400
        vertex -26.6488 -3.5078 3.5000
        vertex -24.9833 -3.2886 2.8400
    endloop
endfacet
facet normal 8.7696 0.5779 12.1952
    outer loop
        vertex -26.6488 -3.5078 3.5000
        vertex -25.2000 0.0000 2.8400
        vertex -26.8800 0.0000 3.5000
    endloop
endfacet
facet normal 8.0829 1.6065 11.9805
    outer loop
        vertex -24.9833 -3.2886 2.8400
        vertex -25.9634 -6.9565 3.5000
        vertex -24.3407 -6.5218 2.8400
    endloop
endfacet
facet normal 8.6218 1.7136 12.1958
    outer loop
        vertex -25.9634 -6.9565 3.5000
        vertex -24.9833 -3.2886 2.8400
        vertex -26.6488 -3.5078 3.5000
    endloop
endfacet
facet normal 7.8057 2.6460 11.9810
    outer loop
        vertex -24.3407 -6.5218 2.8400
        vertex -24.8344 -10.2870 3.5000
        vertex -23.2823 -9.6440 2.8400
    endloop
endfacet
facet normal 8.3261 2.8224 12.1964
    outer loop
        vertex -24.8344 -10.2870 3.5000
        vertex -24.3407 -6.5218 2.8400
        vertex -25.9634 -6.9565 3.5000
    endloop
endfacet
facet normal 7.3899 3.6477 11.9807
    outer loop
        vertex -23.2823 -9.6440 2.8400
        vertex -23.2781 -13.4400 3.5000
        vertex -21.8232 -12.6000 2.8400
    endloop
endfacet
facet normal 7.8826 3.8909 12.1960
    outer loop
        vertex -23.2781 -13.4400 3.5000
        vertex -23.2823 -9.6440 2.8400
        vertex -24.8344 -10.2870 3.5000
    endloop
endfacet
facet normal 6.8544 4.5738 11.9804
    outer loop
        vertex -21.8232 -12.6000 2.8400
        vertex -21.3266 -16.3645 3.5000
        vertex -19.9937 -15.3418 2.8400
    endloop
endfacet
facet normal 7.3114 4.8787 12.1957
    outer loop
        vertex -21.3266 -16.3645 3.5000
        vertex -21.8232 -12.6000 2.8400
        vertex -23.2781 -13.4400 3.5000
    endloop
endfacet
facet normal 6.1929 5.4369 11.9806
    outer loop
        vertex -19.9937 -15.3418 2.8400
        vertex -19.0068 -19.0068 3.5000
        vertex -17.8189 -17.8189 2.8400
    endloop
endfacet
facet normal 6.6058 5.7994 12.1960
    outer loop
        vertex -19.0068 -19.0068 3.5000
        vertex -19.9937 -15.3418 2.8400
        vertex -21.3266 -16.3645 3.5000
    endloop
endfacet
facet normal 5.4369 6.1929 11.9806
    outer loop
        vertex -17.8189 -17.8189 2.8400
        vertex -16.3645 -21.3266 3.5000
        vertex -15.3418 -19.9937 2.8400
    endloop
endfacet
facet normal 5.7994 6.6058 12.1960
    outer loop
        vertex -16.3645 -21.3266 3.5000
        vertex -17.8189 -17.8189 2.8400
        vertex -19.0068 -19.0068 3.5000
    endloop
endfacet
facet normal 4.5738 6.8544 11.9804
    outer loop
        vertex -15.3418 -19.9937 2.8400
        vertex -13.4400 -23.2781 3.5000
        vertex -12.6000 -21.8232 2.8400
    endloop
endfacet
facet normal 4.8787 7.3114 12.1957
    outer loop
        vertex -13.4400 -23.2781 3.5000
        vertex -15.3418 -19.9937 2.8400
        vertex -16.3645 -21.3266 3.5000
    endloop
endfacet
facet normal 3.6477 7.3899 11.9807
    outer loop
        vertex -12.6000 -21.8232 2.8400
        vertex -10.2870 -24.8344 3.5000
        vertex -9.6440 -23.2823 2.8400
    endloop
endfacet
facet normal 3.8909 7.8826 12.1960
    outer loop
        vertex -10.2870 -24.8344 3.5000
        vertex -12.6000 -21.8232 2.8400
        vertex -13.4400 -23.2781 3.5000
    endloop
endfacet
facet normal 2.6460 7.8057 11.9810
    outer loop
        vertex -9.6440 -23.2823 2.8400
        vertex -6.9565 -25.9634 3.5000
        vertex -6.5218 -24.3407 2.8400
    endloop
endfacet
facet normal 2.8224 8.3261 12.1964
    outer loop
        vertex -6.9565 -25.9634 3.5000
        vertex -9.6440 -23.2823 2.8400
        vertex -10.2870 -24.8344 3.5000
    endloop
endfacet
facet normal 1.6065 8.0829 11.9805
    outer loop
        vertex -6.5218 -24.3407 2.8400
        vertex -3.5078 -26.6488 3.5000
        vertex -3.2886 -24.9833 2.8400
    endloop
endfacet
facet normal 1.7136 8.6218 12.1958
    outer loop
        vertex -3.5078 -26.6488 3.5000
        vertex -6.5218 -24.3407 2.8400
        vertex -6.9565 -25.9634 3.5000
    endloop
endfacet
facet normal 0.5418 8.2215 11.9799
    outer loop
        vertex -3.2886 -24.9833 2.8400
        vertex 0.0000 -26.8800 3.5000
        vertex 0.0000 -25.2000 2.8400
    endloop
endfacet
facet normal 0.5779 8.7696 12.1952
    outer loop
        vertex 0.0000 -26.8800 3.5000
        vertex -3.2886 -24.9833 2.8400
        vertex -3.5078 -26.6488 3.5000
    endloop
endfacet
facet normal -0.5418 8.2215 11.9799
    outer loop
        vertex 0.0000 -25.2000 2.8400
        vertex 3.5078 -26.6488 3.5000
        vertex 3.2886 -24.9833 2.8400
    endloop
endfacet
facet normal -0.5779 8.7696 12.1952
    outer loop
        vertex 3.5078 -26.6488 3.5000
        vertex 0.0000 -25.2000 2.8400
        vertex 0.0000 -26.8800 3.5000
    endloop
endfacet
facet normal -1.6065 8.0829 11.9805
    outer loop
        vertex 3.2886 -24.9833 2.8400
        vertex 6.9565 -25.9634 3.5000
        vertex 6.5218 -24.3407 2.8400
    endloop
endfacet
facet normal -1.7136 8.6218 12.1958
    outer loop
        vertex 6.9565 -25.9634 3.5000
        vertex 3.2886 -24.9833 2.8400
        vertex 3.5078 -26.6488 3.5000
    endloop
endfacet
facet normal -2.6460 7.8057 11.9810
    outer loop
        vertex 6.5218 -24.3407 2.8400
        vertex 10.2870 -24.8344 3.5000
        vertex 9.6440 -23.2823 2.8400
    endloop
endfacet
facet normal -2.8224 8.3261 12.1964
    outer loop
        vertex 10.2870 -24.8344 3.5000
        vertex 6.5218 -24.3407 2.8400
        vertex 6.9565 -25.9634 3.5000
    endloop
endfacet
facet normal -3.6477 7.3899 11.9807
    outer loop
        vertex 9.6440 -23.2823 2.8400
        vertex 13.4400 -23.2781 3.5000
        vertex 12.6000 -21.8232 2.8400
    endloop
endfacet
facet normal -3.8909 7.8826 12.1960
    outer loop
        vertex 13.4400 -23.2781 3.5000
        vertex 9.6440 -23.2823 2.8400
        vertex 10.2870 -24.8344 3.5000
    endloop
endfacet
facet normal -4.5738 6.8544 11.9804
    outer loop
        vertex 12.6000 -21.8232 2.8400
        vertex 16.3645 -21.3266 3.5000
        vertex 15.3418 -19.9937 2.8400
    endloop
endfacet
facet normal -4.8787 7.3114 12.1957
    outer loop
        vertex 16.3645 -21.3266 3.5000
        vertex 12.6000 -21.8232 2.8400
        vertex 13.4400 -23.2781 3.5000
    endloop
endfacet
facet normal -5.4369 6.1929 11.9806
    outer loop
        vertex 15.3418 -19.9937 2.8400
        vertex 19.0068 -19.0068 3.5000
        vertex 17.8189 -17.8189 2.8400
    endloop
endfacet
facet normal -5.7994 6.6058 12.1960
    outer loop
        vertex 19.0068 -19.0068 3.5000
        vertex 15.3418 -19.9937 2.8400
        vertex 16.3645 -21.3266 3.5000
    endloop
endfacet
facet normal -6.1929 5.4369 11.9806
    outer loop
        vertex 17.8189 -17.8189 2.8400
        vertex 21.3266 -16.3645 3.5000
        vertex 19.9937 -15.3418 2.8400
    endloop
endfacet
facet normal -6.6058 5.7994 12.1960
    outer loop
        vertex 21.3266 -16.3645 3.5000
        vertex 17.8189 -17.8189 2.8400
        vertex 19.0068 -19.0068 3.5000
    endloop
endfacet
facet normal -6.8544 4.5738 11.9804
    outer loop
        vertex 19.9937 -15.3418 2.8400
        vertex 23.2781 -13.4400 3.5000
        vertex 21.8232 -12.6000 2.8400
    endloop
endfacet
facet normal -7.3114 4.8787 12.1957
    outer loop
        vertex 23.2781 -13.4400 3.5000
        vertex 19.9937 -15.3418 2.8400
        vertex 21.3266 -16.3645 3.5000
    endloop
endfacet
facet normal -7.3899 3.6477 11.9807
    outer loop
        vertex 21.8232 -12.6000 2.8400
        vertex 24.8344 -10.2870 3.5000
        vertex 23.2823 -9.6440 2.8400
    endloop
endfacet
facet normal -7.8826 3.8909 12.1960
    outer loop
        vertex 24.8344 -10.2870 3.5000
        vertex 21.8232 -12.6000 2.8400
        vertex 23.2781 -13.4400 3.5000
    endloop
endfacet
facet normal -7.8057 2.6460 11.9810
    outer loop
        vertex 23.2823 -9.6440 2.8400
        vertex 25.9634 -6.9565 3.5000
        vertex 24.3407 -6.5218 2.8400
    endloop
endfacet
facet normal -8.3261 2.8224 12.1964
    outer loop
        vertex 25.9634 -6.9565 3.5000
        vertex 23.2823 -9.6440 2.8400
        vertex 24.8344 -10.2870 3.5000
    endloop
endfacet
facet normal -8.0829 1.6065 11.9805
    outer loop
        vertex 24.3407 -6.5218 2.8400
        vertex 26.6488 -3.5078 3.5000
        vertex 24.9833 -3.2886 2.8400
    endloop
endfacet
facet normal -8.6218 1.7136 12.1958
    outer loop
        vertex 26.6488 -3.5078 3.5000
        vertex 24.3407 -6.5218 2.8400
        vertex 25.9634 -6.9565 3.5000
    endloop
endfacet
facet normal -8.2215 0.5418 11.9799
    outer loop
        vertex 24.9833 -3.2886 2.8400
        vertex 26.8800 0.0000 3.5000
        vertex 25.2000 0.0000 2.8400
    endloop
endfacet
facet normal -8.7696 0.5779 12.1952
    outer loop
        vertex 26.8800 0.0000 3.5000
        vertex 24.9833 -3.2886 2.8400
        vertex 26.6488 -3.5078 3.5000
    endloop
endfacet
facet normal 0.0000 0.0000 7.1066
    outer loop
        vertex 23.2823 9.6440 2.8400
        vertex 25.2000 0.0000 2.8400
        vertex 24.9833 3.2886 2.8400
    endloop
endfacet
facet normal 0.0000 0.0000 7.1022
    outer loop
        vertex 24.9833 3.2886 2.8400
        vertex 24.3407 6.5218 2.8400
        vertex 23.2823 9.6440 2.8400
    endloop
endfacet
facet normal 0.0000 0.0000 7.1066
    outer loop
        vertex 17.8189 17.8189 2.8400
        vertex 23.2823 9.6440 2.8400
        vertex 21.8232 12.6000 2.8400
    endloop
endfacet
facet normal 0.0000 0.0000 7.1023
    outer loop
        vertex 21.8232 12.6000 2.8400
        vertex 19.9937 15.3418 2.8400
        vertex 17.8189 17.8189 2.8400
    endloop
endfacet
facet normal 0.0000 0.0000 7.1067
    outer loop
        vertex 9.6440 23.2823 2.8400
        vertex 17.8189 17.8189 2.8400
        vertex 15.3418 19.9937 2.8400
    endloop
endfacet
facet normal 0.0000 0.0000 7.1022
    outer loop
        vertex 15.3418 19.9937 2.8400
        vertex 12.6000 21.8232 2.8400
        vertex 9.6440 23.2823 2.8400
    endloop
endfacet
facet normal 0.0000 0.0000 7.1066
    outer loop
        vertex 0.0000 25.2000 2.8400
        vertex 9.6440 23.2823 2.8400
        vertex 6.5218 24.3407 2.8400
    endloop
endfacet
facet normal 0.0000 0.0000 7.1022
    outer loop
        vertex 6.5218 24.3407 2.8400
        vertex 3.2886 24.9833 2.8400
        vertex 0.0000 25.2000 2.8400
    endloop
endfacet
facet normal 0.0000 0.0000 7.1066
    outer loop
        vertex -9.6440 23.2823 2.8400
        vertex 0.0000 25.2000 2.8400
        vertex -3.2886 24.9833 2.8400
    endloop
endfacet
facet normal 0.0000 0.0000 7.1022
    outer loop
        vertex -3.2886 24.9833 2.8400
        vertex -6.5218 24.3407 2.8400
        vertex -9.6440 23.2823 2.8400
    endloop
endfacet
facet normal 0.0000 0.0000 7.1066
    outer loop
        vertex -17.8189 17.8189 2.8400
        vertex -9.6440 23.2823 2.8400
        vertex -12.6000 21.8232 2.8400
    endloop
endfacet
facet normal 0.0000 0.0000 7.1023
    outer loop
        vertex -12.6000 21.8232 2.8400
        vertex -15.3418 19.9937 2.8400
        vertex -17.8189 17.8189 2.8400
    endloop
endfacet
facet normal 0.0000 0.0000 7.1067
    outer loop
        vertex -23.2823 9.6440 2.8400
        vertex -17.8189 17.8189 2.8400
        vertex -19.9937 15.3418 2.8400
    endloop
endfacet
facet normal 0.0000 0.0000 7.1022
    outer loop
        vertex -19.9937 15.3418 2.8400
        vertex -21.8232 12.6000 2.8400
        vertex -23.2823 9.6440 2.8400
    endloop
endfacet
facet normal 0.0000 0.0000 7.1066
    outer loop
        vertex -25.2000 0.0000 2.8400
        vertex -23.2823 9.6440 2.8400
        vertex -24.3407 6.5218 2.8400
    endloop
endfacet
facet normal 0.0000 0.0000 7.1022
    outer loop
        vertex -24.3407 6.5218 2.8400
        vertex -24.9833 3.2886 2.8400
        vertex -25.2000 0.0000 2.8400
    endloop
endfacet
facet normal 0.0000 0.0000 7.1066
    outer loop
        vertex -23.2823 -9.6440 2.8400
        vertex -25.2000 0.0000 2.8400
        vertex -24.9833 -3.2886 2.8400
    endloop
endfacet
facet normal 0.0000 0.0000 7.1022
    outer loop
        vertex -24.9833 -3.2886 2.8400
        vertex -24.3407 -6.5218 2.8400
        vertex -23.2823 -9.6440 2.8400
    endloop
endfacet
facet normal 0.0000 0.0000 7.1066
    outer loop
        vertex -17.8189 -17.8189 2.8400
        vertex -23.2823 -9.6440 2.8400
        vertex -21.8232 -12.6000 2.8400
    endloop
endfacet
facet normal 0.0000 0.0000 7.1023
    outer loop
        vertex -21.8232 -12.6000 2.8400
        vertex -19.9937 -15.3418 2.8400
        vertex -17.8189 -17.8189 2.8400
    endloop
endfacet
facet normal 0.0000 0.0000 7.1067
    outer loop
        vertex -9.6440 -23.2823 2.8400
        vertex -17.8189 -17.8189 2.8400
        vertex -15.3418 -19.9937 2.8400
    endloop
endfacet
facet normal 0.0000 0.0000 7.1022
    outer loop
        vertex -15.3418 -19.9937 2.8400
        vertex -12.6000 -21.8232 2.8400
        vertex -9.6440 -23.2823 2.8400
    endloop
endfacet
facet normal 0.0000 0.0000 7.1066
    outer loop
        vertex 0.0000 -25.2000 2.8400
        vertex -9.6440 -23.2823 2.8400
        vertex -6.5218 -24.3407 2.8400
    endloop
endfacet
facet normal 0.0000 0.0000 7.1022
    outer loop
        vertex -6.5218 -24.3407 2.8400
        vertex -3.2886 -24.9833 2.8400
        vertex 0.0000 -25.2000 2.8400
    endloop
endfacet
facet normal 0.0000 0.0000 7.1066
    outer loop
        vertex 9.6440 -23.2823 2.8400
        vertex 0.0000 -25.2000 2.8400
        vertex 3.2886 -24.9833 2.8400
    endloop
endfacet
facet normal 0.0000 0.0000 7.1022
    outer loop
        vertex 3.2886 -24.9833 2.8400
        vertex 6.5218 -24.3407 2.8400
        vertex 9.6440 -23.2823 2.8400
    endloop
endfacet
facet normal 0.0000 0.0000 7.1066
    outer loop
        vertex 17.8189 -17.8189 2.8400
        vertex 9.6440 -23.2823 2.8400
        vertex 12.6000 -21.8232 2.8400
    endloop
endfacet
facet normal 0.0000 0.0000 7.1023
    outer loop
        vertex 12.6000 -21.8232 2.8400
        vertex 15.3418 -19.9937 2.8400
        vertex 17.8189 -17.8189 2.8400
    endloop
endfacet
facet normal 0.0000 0.0000 7.1067
    outer loop
        vertex 23.2823 -9.6440 2.8400
        vertex 17.8189 -17.8189 2.8400
        vertex 19.9937 -15.3418 2.8400
    endloop
endfacet
facet normal 0.0000 0.0000 7.1022
    outer loop
        vertex 19.9937 -15.3418 2.8400
        vertex 21.8232 -12.6000 2.8400
        vertex 23.2823 -9.6440 2.8400
    endloop
endfacet
facet normal 0.0000 0.0000 7.1066
    outer loop
        vertex 25.2000 0.0000 2.8400
        vertex 23.2823 -9.6440 2.8400
        vertex 24.3407 -6.5218 2.8400
    endloop
endfacet
facet normal 0.0000 0.0000 7.1022
    outer loop
        vertex 24.3407 -6.5218 2.8400
        vertex 24.9833 -3.2886 2.8400
        vertex 25.2000 0.0000 2.8400
    endloop
endfacet
endsolid GiantLegoRocks
