solid GiantLegoRocks
facet normal 0.0000 152.0000 0.0000
    outer loop
        vertex 6.4000 12.8000 -2.4000
        vertex 7.6000 12.8000 -4.0000
        vertex -7.6000 12.8000 -4.0000
    endloop
endfacet
facet normal 0.0000 128.0000 0.0000
    outer loop
        vertex -7.6000 12.8000 -4.0000
        vertex -6.4000 12.8000 -2.4000
        vertex 6.4000 12.8000 -2.4000
    endloop
endfacet
facet normal 0.0000 60.0000 0.0000
    outer loop
        vertex 6.4000 12.8000 2.4000
        vertex 7.6000 12.8000 4.0000
        vertex 7.6000 12.8000 -4.0000
    endloop
endfacet
facet normal 0.0000 36.0000 0.0000
    outer loop
        vertex 7.6000 12.8000 -4.0000
        vertex 6.4000 12.8000 -2.4000
        vertex 6.4000 12.8000 2.4000
    endloop
endfacet
facet normal 0.0000 152.0000 0.0000
    outer loop
        vertex -6.4000 12.8000 2.4000
        vertex -7.6000 12.8000 4.0000
        vertex 7.6000 12.8000 4.0000
    endloop
endfacet
facet normal 0.0000 128.0000 0.0000
    outer loop
        vertex 7.6000 12.8000 4.0000
        vertex 6.4000 12.8000 2.4000
        vertex -6.4000 12.8000 2.4000
    endloop
endfacet
facet normal 0.0000 60.0000 0.0000
    outer loop
        vertex -6.4000 12.8000 -2.4000
        vertex -7.6000 12.8000 -4.0000
        vertex -7.6000 12.8000 4.0000
    endloop
endfacet
facet normal 0.0000 36.0000 0.0000
    outer loop
        vertex -7.6000 12.8000 4.0000
        vertex -6.4000 12.8000 2.4000
        vertex -6.4000 12.8000 -2.4000
    endloop
endfacet
facet normal -12.0000 27.6850 0.0000
    outer loop
        vertex -6.4000 9.3480 -2.4000
        vertex -6.4000 12.8000 -2.4000
        vertex -6.4000 12.8000 2.4000
    endloop
endfacet
facet normal -12.0000 27.6850 0.0000
    outer loop
        vertex -6.4000 12.8000 2.4000
        vertex -6.4000 9.3480 2.4000
        vertex -6.4000 9.3480 -2.4000
    endloop
endfacet
facet normal 12.0000 27.6850 0.0000
    outer loop
        vertex 6.4000 9.3480 -2.4000
        vertex 6.4000 9.3480 2.4000
        vertex 6.4000 12.8000 2.4000
    endloop
endfacet
facet normal 12.0000 27.6850 0.0000
    outer loop
        vertex 6.4000 12.8000 2.4000
        vertex 6.4000 12.8000 -2.4000
        vertex 6.4000 9.3480 -2.4000
    endloop
endfacet
facet normal 0.0000 7.0000 0.0000
    outer loop
        vertex -4.9936 1.2000 2.4000
        vertex 4.9936 1.2000 2.4000
        vertex 4.9936 1.2000 -2.4000
    endloop
endfacet
facet normal 0.0000 7.0000 0.0000
    outer loop
        vertex 4.9936 1.2000 -2.4000
        vertex -4.9936 1.2000 -2.4000
        vertex -4.9936 1.2000 2.4000
    endloop
endfacet
facet normal 23.0000 30.5000 0.0000
    outer loop
        vertex 7.6000 11.6000 -4.0000
        vertex 7.6000 12.8000 -4.0000
        vertex 7.6000 12.8000 4.0000
    endloop
endfacet
facet normal 23.0000 30.5000 0.0000
    outer loop
        vertex 7.6000 12.8000 4.0000
        vertex 7.6000 11.6000 4.0000
        vertex 7.6000 11.6000 -4.0000
    endloop
endfacet
facet normal -23.0000 30.5000 0.0000
    outer loop
        vertex -7.6000 11.6000 4.0000
        vertex -7.6000 12.8000 4.0000
        vertex -7.6000 12.8000 -4.0000
    endloop
endfacet
facet normal -23.0000 30.5000 0.0000
    outer loop
        vertex -7.6000 12.8000 -4.0000
        vertex -7.6000 11.6000 -4.0000
        vertex -7.6000 11.6000 4.0000
    endloop
endfacet
facet normal -40.0000 -6.9000 0.0000
    outer loop
        vertex -5.6000 0.0000 3.2000
        vertex -5.7380 0.8000 4.0000
        vertex -5.7380 0.8000 -4.0000
    endloop
endfacet
facet normal -32.0000 -5.5200 0.0000
    outer loop
        vertex -5.7380 0.8000 -4.0000
        vertex -5.6000 0.0000 -3.2000
        vertex -5.6000 0.0000 3.2000
    endloop
endfacet
facet normal 40.0000 -6.9000 0.0000
    outer loop
        vertex 5.7380 0.8000 -4.0000
        vertex 5.7380 0.8000 4.0000
        vertex 5.6000 0.0000 3.2000
    endloop
endfacet
facet normal 32.0000 -5.5200 0.0000
    outer loop
        vertex 5.6000 0.0000 3.2000
        vertex 5.6000 0.0000 -3.2000
        vertex 5.7380 0.8000 -4.0000
    endloop
endfacet
facet normal 0.0000 -40.0000 0.0000
    outer loop
        vertex -5.6000 0.0000 -3.2000
        vertex -4.8000 0.0000 -4.0000
        vertex -4.8000 0.0000 4.0000
    endloop
endfacet
facet normal 0.0000 -32.0000 0.0000
    outer loop
        vertex -4.8000 0.0000 4.0000
        vertex -5.6000 0.0000 3.2000
        vertex -5.6000 0.0000 -3.2000
    endloop
endfacet
facet normal 0.0000 -4.0000 0.0000
    outer loop
        vertex 4.8000 0.0000 -4.0000
        vertex 4.8000 0.0000 4.0000
        vertex -4.8000 0.0000 4.0000
    endloop
endfacet
facet normal 0.0000 -4.0000 0.0000
    outer loop
        vertex -4.8000 0.0000 4.0000
        vertex -4.8000 0.0000 -4.0000
        vertex 4.8000 0.0000 -4.0000
    endloop
endfacet
facet normal 0.0000 -40.0000 0.0000
    outer loop
        vertex 5.6000 0.0000 3.2000
        vertex 4.8000 0.0000 4.0000
        vertex 4.8000 0.0000 -4.0000
    endloop
endfacet
facet normal 0.0000 -32.0000 0.0000
    outer loop
        vertex 4.8000 0.0000 -4.0000
        vertex 5.6000 0.0000 -3.2000
        vertex 5.6000 0.0000 3.2000
    endloop
endfacet
facet normal -4.0000 -4.6900 -4.0000
    outer loop
        vertex -5.6000 0.0000 -3.2000
        vertex -5.7380 0.8000 -4.0000
        vertex -4.8000 0.0000 -4.0000
    endloop
endfacet
facet normal 4.0000 -4.6900 -4.0000
    outer loop
        vertex 5.6000 0.0000 -3.2000
        vertex 4.8000 0.0000 -4.0000
        vertex 5.7380 0.8000 -4.0000
    endloop
endfacet
facet normal 4.0000 -4.6900 4.0000
    outer loop
        vertex 5.6000 0.0000 3.2000
        vertex 5.7380 0.8000 4.0000
        vertex 4.8000 0.0000 4.0000
    endloop
endfacet
facet normal -4.0000 -4.6900 4.0000
    outer loop
        vertex -5.6000 0.0000 3.2000
        vertex -4.8000 0.0000 4.0000
        vertex -5.7380 0.8000 4.0000
    endloop
endfacet
facet normal -0.7830 0.0000 -0.0516
    outer loop
        vertex 2.3794 0.0000 0.3132
        vertex 2.4000 -1.6000 0.0000
        vertex 2.4000 0.0000 0.0000
    endloop
endfacet
facet normal -0.7830 0.0000 -0.0516
    outer loop
        vertex 2.4000 -1.6000 0.0000
        vertex 2.3794 0.0000 0.3132
        vertex 2.3794 -1.6000 0.3132
    endloop
endfacet
facet normal -0.7698 0.0000 -0.1530
    outer loop
        vertex 2.3182 0.0000 0.6211
        vertex 2.3794 -1.6000 0.3132
        vertex 2.3794 0.0000 0.3132
    endloop
endfacet
facet normal -0.7698 0.0000 -0.1530
    outer loop
        vertex 2.3794 -1.6000 0.3132
        vertex 2.3182 0.0000 0.6211
        vertex 2.3182 -1.6000 0.6211
    endloop
endfacet
facet normal -0.7434 0.0000 -0.2520
    outer loop
        vertex 2.2174 0.0000 0.9185
        vertex 2.3182 -1.6000 0.6211
        vertex 2.3182 0.0000 0.6211
    endloop
endfacet
facet normal -0.7434 0.0000 -0.2520
    outer loop
        vertex 2.3182 -1.6000 0.6211
        vertex 2.2174 0.0000 0.9185
        vertex 2.2174 -1.6000 0.9185
    endloop
endfacet
facet normal -0.7038 0.0000 -0.3474
    outer loop
        vertex 2.0784 0.0000 1.2000
        vertex 2.2174 -1.6000 0.9185
        vertex 2.2174 0.0000 0.9185
    endloop
endfacet
facet normal -0.7038 0.0000 -0.3474
    outer loop
        vertex 2.2174 -1.6000 0.9185
        vertex 2.0784 0.0000 1.2000
        vertex 2.0784 -1.6000 1.2000
    endloop
endfacet
facet normal -0.6528 0.0000 -0.4356
    outer loop
        vertex 1.9042 0.0000 1.4611
        vertex 2.0784 -1.6000 1.2000
        vertex 2.0784 0.0000 1.2000
    endloop
endfacet
facet normal -0.6528 0.0000 -0.4356
    outer loop
        vertex 2.0784 -1.6000 1.2000
        vertex 1.9042 0.0000 1.4611
        vertex 1.9042 -1.6000 1.4611
    endloop
endfacet
facet normal -0.5898 0.0000 -0.5178
    outer loop
        vertex 1.6970 0.0000 1.6970
        vertex 1.9042 -1.6000 1.4611
        vertex 1.9042 0.0000 1.4611
    endloop
endfacet
facet normal -0.5898 0.0000 -0.5178
    outer loop
        vertex 1.9042 -1.6000 1.4611
        vertex 1.6970 0.0000 1.6970
        vertex 1.6970 -1.6000 1.6970
    endloop
endfacet
facet normal -0.5178 0.0000 -0.5898
    outer loop
        vertex 1.4611 0.0000 1.9042
        vertex 1.6970 -1.6000 1.6970
        vertex 1.6970 0.0000 1.6970
    endloop
endfacet
facet normal -0.5178 0.0000 -0.5898
    outer loop
        vertex 1.6970 -1.6000 1.6970
        vertex 1.4611 0.0000 1.9042
        vertex 1.4611 -1.6000 1.9042
    endloop
endfacet
facet normal -0.4356 0.0000 -0.6528
    outer loop
        vertex 1.2000 0.0000 2.0784
        vertex 1.4611 -1.6000 1.9042
        vertex 1.4611 0.0000 1.9042
    endloop
endfacet
facet normal -0.4356 0.0000 -0.6528
    outer loop
        vertex 1.4611 -1.6000 1.9042
        vertex 1.2000 0.0000 2.0784
        vertex 1.2000 -1.6000 2.0784
    endloop
endfacet
facet normal -0.3474 0.0000 -0.7038
    outer loop
        vertex 0.9185 0.0000 2.2174
        vertex 1.2000 -1.6000 2.0784
        vertex 1.2000 0.0000 2.0784
    endloop
endfacet
facet normal -0.3474 0.0000 -0.7038
    outer loop
        vertex 1.2000 -1.6000 2.0784
        vertex 0.9185 0.0000 2.2174
        vertex 0.9185 -1.6000 2.2174
    endloop
endfacet
facet normal -0.2520 0.0000 -0.7434
    outer loop
        vertex 0.6211 0.0000 2.3182
        vertex 0.9185 -1.6000 2.2174
        vertex 0.9185 0.0000 2.2174
    endloop
endfacet
facet normal -0.2520 0.0000 -0.7434
    outer loop
        vertex 0.9185 -1.6000 2.2174
        vertex 0.6211 0.0000 2.3182
        vertex 0.6211 -1.6000 2.3182
    endloop
endfacet
facet normal -0.1530 0.0000 -0.7698
    outer loop
        vertex 0.3132 0.0000 2.3794
        vertex 0.6211 -1.6000 2.3182
        vertex 0.6211 0.0000 2.3182
    endloop
endfacet
facet normal -0.1530 0.0000 -0.7698
    outer loop
        vertex 0.6211 -1.6000 2.3182
        vertex 0.3132 0.0000 2.3794
        vertex 0.3132 -1.6000 2.3794
    endloop
endfacet
facet normal -0.0516 0.0000 -0.7830
    outer loop
        vertex 0.0000 0.0000 2.4000
        vertex 0.3132 -1.6000 2.3794
        vertex 0.3132 0.0000 2.3794
    endloop
endfacet
facet normal -0.0516 0.0000 -0.7830
    outer loop
        vertex 0.3132 -1.6000 2.3794
        vertex 0.0000 0.0000 2.4000
        vertex 0.0000 -1.6000 2.4000
    endloop
endfacet
facet normal 0.0516 0.0000 -0.7830
    outer loop
        vertex -0.3132 0.0000 2.3794
        vertex 0.0000 -1.6000 2.4000
        vertex 0.0000 0.0000 2.4000
    endloop
endfacet
facet normal 0.0516 0.0000 -0.7830
    outer loop
        vertex 0.0000 -1.6000 2.4000
        vertex -0.3132 0.0000 2.3794
        vertex -0.3132 -1.6000 2.3794
    endloop
endfacet
facet normal 0.1530 0.0000 -0.7698
    outer loop
        vertex -0.6211 0.0000 2.3182
        vertex -0.3132 -1.6000 2.3794
        vertex -0.3132 0.0000 2.3794
    endloop
endfacet
facet normal 0.1530 0.0000 -0.7698
    outer loop
        vertex -0.3132 -1.6000 2.3794
        vertex -0.6211 0.0000 2.3182
        vertex -0.6211 -1.6000 2.3182
    endloop
endfacet
facet normal 0.2520 0.0000 -0.7434
    outer loop
        vertex -0.9185 0.0000 2.2174
        vertex -0.6211 -1.6000 2.3182
        vertex -0.6211 0.0000 2.3182
    endloop
endfacet
facet normal 0.2520 0.0000 -0.7434
    outer loop
        vertex -0.6211 -1.6000 2.3182
        vertex -0.9185 0.0000 2.2174
        vertex -0.9185 -1.6000 2.2174
    endloop
endfacet
facet normal 0.3474 0.0000 -0.7038
    outer loop
        vertex -1.2000 0.0000 2.0784
        vertex -0.9185 -1.6000 2.2174
        vertex -0.9185 0.0000 2.2174
    endloop
endfacet
facet normal 0.3474 0.0000 -0.7038
    outer loop
        vertex -0.9185 -1.6000 2.2174
        vertex -1.2000 0.0000 2.0784
        vertex -1.2000 -1.6000 2.0784
    endloop
endfacet
facet normal 0.4356 0.0000 -0.6528
    outer loop
        vertex -1.4611 0.0000 1.9042
        vertex -1.2000 -1.6000 2.0784
        vertex -1.2000 0.0000 2.0784
    endloop
endfacet
facet normal 0.4356 0.0000 -0.6528
    outer loop
        vertex -1.2000 -1.6000 2.0784
        vertex -1.4611 0.0000 1.9042
        vertex -1.4611 -1.6000 1.9042
    endloop
endfacet
facet normal 0.5178 0.0000 -0.5898
    outer loop
        vertex -1.6970 0.0000 1.6970
        vertex -1.4611 -1.6000 1.9042
        vertex -1.4611 0.0000 1.9042
    endloop
endfacet
facet normal 0.5178 0.0000 -0.5898
    outer loop
        vertex -1.4611 -1.6000 1.9042
        vertex -1.6970 0.0000 1.6970
        vertex -1.6970 -1.6000 1.6970
    endloop
endfacet
facet normal 0.5898 0.0000 -0.5178
    outer loop
        vertex -1.9042 0.0000 1.4611
        vertex -1.6970 -1.6000 1.6970
        vertex -1.6970 0.0000 1.6970
    endloop
endfacet
facet normal 0.5898 0.0000 -0.5178
    outer loop
        vertex -1.6970 -1.6000 1.6970
        vertex -1.9042 0.0000 1.4611
        vertex -1.9042 -1.6000 1.4611
    endloop
endfacet
facet normal 0.6528 0.0000 -0.4356
    outer loop
        vertex -2.0784 0.0000 1.2000
        vertex -1.9042 -1.6000 1.4611
        vertex -1.9042 0.0000 1.4611
    endloop
endfacet
facet normal 0.6528 0.0000 -0.4356
    outer loop
        vertex -1.9042 -1.6000 1.4611
        vertex -2.0784 0.0000 1.2000
        vertex -2.0784 -1.6000 1.2000
    endloop
endfacet
facet normal 0.7038 0.0000 -0.3474
    outer loop
        vertex -2.2174 0.0000 0.9185
        vertex -2.0784 -1.6000 1.2000
        vertex -2.0784 0.0000 1.2000
    endloop
endfacet
facet normal 0.7038 0.0000 -0.3474
    outer loop
        vertex -2.0784 -1.6000 1.2000
        vertex -2.2174 0.0000 0.9185
        vertex -2.2174 -1.6000 0.9185
    endloop
endfacet
facet normal 0.7434 0.0000 -0.2520
    outer loop
        vertex -2.3182 0.0000 0.6211
        vertex -2.2174 -1.6000 0.9185
        vertex -2.2174 0.0000 0.9185
    endloop
endfacet
facet normal 0.7434 0.0000 -0.2520
    outer loop
        vertex -2.2174 -1.6000 0.9185
        vertex -2.3182 0.0000 0.6211
        vertex -2.3182 -1.6000 0.6211
    endloop
endfacet
facet normal 0.7698 0.0000 -0.1530
    outer loop
        vertex -2.3794 0.0000 0.3132
        vertex -2.3182 -1.6000 0.6211
        vertex -2.3182 0.0000 0.6211
    endloop
endfacet
facet normal 0.7698 0.0000 -0.1530
    outer loop
        vertex -2.3182 -1.6000 0.6211
        vertex -2.3794 0.0000 0.3132
        vertex -2.3794 -1.6000 0.3132
    endloop
endfacet
facet normal 0.7830 0.0000 -0.0516
    outer loop
        vertex -2.4000 0.0000 0.0000
        vertex -2.3794 -1.6000 0.3132
        vertex -2.3794 0.0000 0.3132
    endloop
endfacet
facet normal 0.7830 0.0000 -0.0516
    outer loop
        vertex -2.3794 -1.6000 0.3132
        vertex -2.4000 0.0000 0.0000
        vertex -2.4000 -1.6000 0.0000
    endloop
endfacet
facet normal 0.7830 0.0000 0.0516
    outer loop
        vertex -2.3794 0.0000 -0.3132
        vertex -2.4000 -1.6000 0.0000
        vertex -2.4000 0.0000 0.0000
    endloop
endfacet
facet normal 0.7830 0.0000 0.0516
    outer loop
        vertex -2.4000 -1.6000 0.0000
        vertex -2.3794 0.0000 -0.3132
        vertex -2.3794 -1.6000 -0.3132
    endloop
endfacet
facet normal 0.7698 0.0000 0.1530
    outer loop
        vertex -2.3182 0.0000 -0.6211
        vertex -2.3794 -1.6000 -0.3132
        vertex -2.3794 0.0000 -0.3132
    endloop
endfacet
facet normal 0.7698 0.0000 0.1530
    outer loop
        vertex -2.3794 -1.6000 -0.3132
        vertex -2.3182 0.0000 -0.6211
        vertex -2.3182 -1.6000 -0.6211
    endloop
endfacet
facet normal 0.7434 0.0000 0.2520
    outer loop
        vertex -2.2174 0.0000 -0.9185
        vertex -2.3182 -1.6000 -0.6211
        vertex -2.3182 0.0000 -0.6211
    endloop
endfacet
facet normal 0.7434 0.0000 0.2520
    outer loop
        vertex -2.3182 -1.6000 -0.6211
        vertex -2.2174 0.0000 -0.9185
        vertex -2.2174 -1.6000 -0.9185
    endloop
endfacet
facet normal 0.7038 0.0000 0.3474
    outer loop
        vertex -2.0784 0.0000 -1.2000
        vertex -2.2174 -1.6000 -0.9185
        vertex -2.2174 0.0000 -0.9185
    endloop
endfacet
facet normal 0.7038 0.0000 0.3474
    outer loop
        vertex -2.2174 -1.6000 -0.9185
        vertex -2.0784 0.0000 -1.2000
        vertex -2.0784 -1.6000 -1.2000
    endloop
endfacet
facet normal 0.6528 0.0000 0.4356
    outer loop
        vertex -1.9042 0.0000 -1.4611
        vertex -2.0784 -1.6000 -1.2000
        vertex -2.0784 0.0000 -1.2000
    endloop
endfacet
facet normal 0.6528 0.0000 0.4356
    outer loop
        vertex -2.0784 -1.6000 -1.2000
        vertex -1.9042 0.0000 -1.4611
        vertex -1.9042 -1.6000 -1.4611
    endloop
endfacet
facet normal 0.5898 0.0000 0.5178
    outer loop
        vertex -1.6970 0.0000 -1.6970
        vertex -1.9042 -1.6000 -1.4611
        vertex -1.9042 0.0000 -1.4611
    endloop
endfacet
facet normal 0.5898 0.0000 0.5178
    outer loop
        vertex -1.9042 -1.6000 -1.4611
        vertex -1.6970 0.0000 -1.6970
        vertex -1.6970 -1.6000 -1.6970
    endloop
endfacet
facet normal 0.5178 0.0000 0.5898
    outer loop
        vertex -1.4611 0.0000 -1.9042
        vertex -1.6970 -1.6000 -1.6970
        vertex -1.6970 0.0000 -1.6970
    endloop
endfacet
facet normal 0.5178 0.0000 0.5898
    outer loop
        vertex -1.6970 -1.6000 -1.6970
        vertex -1.4611 0.0000 -1.9042
        vertex -1.4611 -1.6000 -1.9042
    endloop
endfacet
facet normal 0.4356 0.0000 0.6528
    outer loop
        vertex -1.2000 0.0000 -2.0784
        vertex -1.4611 -1.6000 -1.9042
        vertex -1.4611 0.0000 -1.9042
    endloop
endfacet
facet normal 0.4356 0.0000 0.6528
    outer loop
        vertex -1.4611 -1.6000 -1.9042
        vertex -1.2000 0.0000 -2.0784
        vertex -1.2000 -1.6000 -2.0784
    endloop
endfacet
facet normal 0.3474 0.0000 0.7038
    outer loop
        vertex -0.9185 0.0000 -2.2174
        vertex -1.2000 -1.6000 -2.0784
        vertex -1.2000 0.0000 -2.0784
    endloop
endfacet
facet normal 0.3474 0.0000 0.7038
    outer loop
        vertex -1.2000 -1.6000 -2.0784
        vertex -0.9185 0.0000 -2.2174
        vertex -0.9185 -1.6000 -2.2174
    endloop
endfacet
facet normal 0.2520 0.0000 0.7434
    outer loop
        vertex -0.6211 0.0000 -2.3182
        vertex -0.9185 -1.6000 -2.2174
        vertex -0.9185 0.0000 -2.2174
    endloop
endfacet
facet normal 0.2520 0.0000 0.7434
    outer loop
        vertex -0.9185 -1.6000 -2.2174
        vertex -0.6211 0.0000 -2.3182
        vertex -0.6211 -1.6000 -2.3182
    endloop
endfacet
facet normal 0.1530 0.0000 0.7698
    outer loop
        vertex -0.3132 0.0000 -2.3794
        vertex -0.6211 -1.6000 -2.3182
        vertex -0.6211 0.0000 -2.3182
    endloop
endfacet
facet normal 0.1530 0.0000 0.7698
    outer loop
        vertex -0.6211 -1.6000 -2.3182
        vertex -0.3132 0.0000 -2.3794
        vertex -0.3132 -1.6000 -2.3794
    endloop
endfacet
facet normal 0.0516 0.0000 0.7830
    outer loop
        vertex 0.0000 0.0000 -2.4000
        vertex -0.3132 -1.6000 -2.3794
        vertex -0.3132 0.0000 -2.3794
    endloop
endfacet
facet normal 0.0516 0.0000 0.7830
    outer loop
        vertex -0.3132 -1.6000 -2.3794
        vertex 0.0000 0.0000 -2.4000
        vertex 0.0000 -1.6000 -2.4000
    endloop
endfacet
facet normal -0.0516 0.0000 0.7830
    outer loop
        vertex 0.3132 0.0000 -2.3794
        vertex 0.0000 -1.6000 -2.4000
        vertex 0.0000 0.0000 -2.4000
    endloop
endfacet
facet normal -0.0516 0.0000 0.7830
    outer loop
        vertex 0.0000 -1.6000 -2.4000
        vertex 0.3132 0.0000 -2.3794
        vertex 0.3132 -1.6000 -2.3794
    endloop
endfacet
facet normal -0.1530 0.0000 0.7698
    outer loop
        vertex 0.6211 0.0000 -2.3182
        vertex 0.3132 -1.6000 -2.3794
        vertex 0.3132 0.0000 -2.3794
    endloop
endfacet
facet normal -0.1530 0.0000 0.7698
    outer loop
        vertex 0.3132 -1.6000 -2.3794
        vertex 0.6211 0.0000 -2.3182
        vertex 0.6211 -1.6000 -2.3182
    endloop
endfacet
facet normal -0.2520 0.0000 0.7434
    outer loop
        vertex 0.9185 0.0000 -2.2174
        vertex 0.6211 -1.6000 -2.3182
        vertex 0.6211 0.0000 -2.3182
    endloop
endfacet
facet normal -0.2520 0.0000 0.7434
    outer loop
        vertex 0.6211 -1.6000 -2.3182
        vertex 0.9185 0.0000 -2.2174
        vertex 0.9185 -1.6000 -2.2174
    endloop
endfacet
facet normal -0.3474 0.0000 0.7038
    outer loop
        vertex 1.2000 0.0000 -2.0784
        vertex 0.9185 -1.6000 -2.2174
        vertex 0.9185 0.0000 -2.2174
    endloop
endfacet
facet normal -0.3474 0.0000 0.7038
    outer loop
        vertex 0.9185 -1.6000 -2.2174
        vertex 1.2000 0.0000 -2.0784
        vertex 1.2000 -1.6000 -2.0784
    endloop
endfacet
facet normal -0.4356 0.0000 0.6528
    outer loop
        vertex 1.4611 0.0000 -1.9042
        vertex 1.2000 -1.6000 -2.0784
        vertex 1.2000 0.0000 -2.0784
    endloop
endfacet
facet normal -0.4356 0.0000 0.6528
    outer loop
        vertex 1.2000 -1.6000 -2.0784
        vertex 1.4611 0.0000 -1.9042
        vertex 1.4611 -1.6000 -1.9042
    endloop
endfacet
facet normal -0.5178 0.0000 0.5898
    outer loop
        vertex 1.6970 0.0000 -1.6970
        vertex 1.4611 -1.6000 -1.9042
        vertex 1.4611 0.0000 -1.9042
    endloop
endfacet
facet normal -0.5178 0.0000 0.5898
    outer loop
        vertex 1.4611 -1.6000 -1.9042
        vertex 1.6970 0.0000 -1.6970
        vertex 1.6970 -1.6000 -1.6970
    endloop
endfacet
facet normal -0.5898 0.0000 0.5178
    outer loop
        vertex 1.9042 0.0000 -1.4611
        vertex 1.6970 -1.6000 -1.6970
        vertex 1.6970 0.0000 -1.6970
    endloop
endfacet
facet normal -0.5898 0.0000 0.5178
    outer loop
        vertex 1.6970 -1.6000 -1.6970
        vertex 1.9042 0.0000 -1.4611
        vertex 1.9042 -1.6000 -1.4611
    endloop
endfacet
facet normal -0.6528 0.0000 0.4356
    outer loop
        vertex 2.0784 0.0000 -1.2000
        vertex 1.9042 -1.6000 -1.4611
        vertex 1.9042 0.0000 -1.4611
    endloop
endfacet
facet normal -0.6528 0.0000 0.4356
    outer loop
        vertex 1.9042 -1.6000 -1.4611
        vertex 2.0784 0.0000 -1.2000
        vertex 2.0784 -1.6000 -1.2000
    endloop
endfacet
facet normal -0.7038 0.0000 0.3474
    outer loop
        vertex 2.2174 0.0000 -0.9185
        vertex 2.0784 -1.6000 -1.2000
        vertex 2.0784 0.0000 -1.2000
    endloop
endfacet
facet normal -0.7038 0.0000 0.3474
    outer loop
        vertex 2.0784 -1.6000 -1.2000
        vertex 2.2174 0.0000 -0.9185
        vertex 2.2174 -1.6000 -0.9185
    endloop
endfacet
facet normal -0.7434 0.0000 0.2520
    outer loop
        vertex 2.3182 0.0000 -0.6211
        vertex 2.2174 -1.6000 -0.9185
        vertex 2.2174 0.0000 -0.9185
    endloop
endfacet
facet normal -0.7434 0.0000 0.2520
    outer loop
        vertex 2.2174 -1.6000 -0.9185
        vertex 2.3182 0.0000 -0.6211
        vertex 2.3182 -1.6000 -0.6211
    endloop
endfacet
facet normal -0.7698 0.0000 0.1530
    outer loop
        vertex 2.3794 0.0000 -0.3132
        vertex 2.3182 -1.6000 -0.6211
        vertex 2.3182 0.0000 -0.6211
    endloop
endfacet
facet normal -0.7698 0.0000 0.1530
    outer loop
        vertex 2.3182 -1.6000 -0.6211
        vertex 2.3794 0.0000 -0.3132
        vertex 2.3794 -1.6000 -0.3132
    endloop
endfacet
facet normal -0.7830 0.0000 0.0516
    outer loop
        vertex 2.4000 0.0000 0.0000
        vertex 2.3794 -1.6000 -0.3132
        vertex 2.3794 0.0000 -0.3132
    endloop
endfacet
facet normal -0.7830 0.0000 0.0516
    outer loop
        vertex 2.3794 -1.6000 -0.3132
        vertex 2.4000 0.0000 0.0000
        vertex 2.4000 -1.6000 0.0000
    endloop
endfacet
facet normal -0.5902 -4.0000 0.5172
    outer loop
        vertex 1.9041 -1.6000 -1.4611
        vertex 1.6972 -4.8000 -1.6972
        vertex 1.6972 -1.6000 -1.6972
    endloop
endfacet
facet normal -0.5902 -4.0000 0.5172
    outer loop
        vertex 1.6972 -4.8000 -1.6972
        vertex 1.9041 -1.6000 -1.4611
        vertex 1.9041 -4.8000 -1.4611
    endloop
endfacet
facet normal -0.6526 -4.0000 0.4362
    outer loop
        vertex 2.0786 -1.6000 -1.2001
        vertex 1.9041 -4.8000 -1.4611
        vertex 1.9041 -1.6000 -1.4611
    endloop
endfacet
facet normal -0.6526 -4.0000 0.4362
    outer loop
        vertex 1.9041 -4.8000 -1.4611
        vertex 2.0786 -1.6000 -1.2001
        vertex 2.0786 -4.8000 -1.2001
    endloop
endfacet
facet normal -0.7039 -4.0000 0.3475
    outer loop
        vertex 2.2176 -1.6000 -0.9185
        vertex 2.0786 -4.8000 -1.2001
        vertex 2.0786 -1.6000 -1.2001
    endloop
endfacet
facet normal -0.7039 -4.0000 0.3475
    outer loop
        vertex 2.0786 -4.8000 -1.2001
        vertex 2.2176 -1.6000 -0.9185
        vertex 2.2176 -4.8000 -0.9185
    endloop
endfacet
facet normal -0.7434 -4.0000 0.2520
    outer loop
        vertex 2.3184 -1.6000 -0.6212
        vertex 2.2176 -4.8000 -0.9185
        vertex 2.2176 -1.6000 -0.9185
    endloop
endfacet
facet normal -0.7434 -4.0000 0.2520
    outer loop
        vertex 2.2176 -4.8000 -0.9185
        vertex 2.3184 -1.6000 -0.6212
        vertex 2.3184 -4.8000 -0.6212
    endloop
endfacet
facet normal -0.7697 -4.0000 0.1536
    outer loop
        vertex 2.3798 -1.6000 -0.3133
        vertex 2.3184 -4.8000 -0.6212
        vertex 2.3184 -1.6000 -0.6212
    endloop
endfacet
facet normal -0.7697 -4.0000 0.1536
    outer loop
        vertex 2.3184 -4.8000 -0.6212
        vertex 2.3798 -1.6000 -0.3133
        vertex 2.3798 -4.8000 -0.3133
    endloop
endfacet
facet normal -0.7833 -4.0000 0.0509
    outer loop
        vertex 2.4002 -1.6000 0.0000
        vertex 2.3798 -4.8000 -0.3133
        vertex 2.3798 -1.6000 -0.3133
    endloop
endfacet
facet normal -0.7833 -4.0000 0.0509
    outer loop
        vertex 2.3798 -4.8000 -0.3133
        vertex 2.4002 -1.6000 0.0000
        vertex 2.4002 -4.8000 0.0000
    endloop
endfacet
facet normal -0.7833 -4.0000 -0.0509
    outer loop
        vertex 2.3798 -1.6000 0.3133
        vertex 2.4002 -4.8000 0.0000
        vertex 2.4002 -1.6000 0.0000
    endloop
endfacet
facet normal -0.7833 -4.0000 -0.0509
    outer loop
        vertex 2.4002 -4.8000 0.0000
        vertex 2.3798 -1.6000 0.3133
        vertex 2.3798 -4.8000 0.3133
    endloop
endfacet
facet normal -0.7697 -4.0000 -0.1536
    outer loop
        vertex 2.3184 -1.6000 0.6212
        vertex 2.3798 -4.8000 0.3133
        vertex 2.3798 -1.6000 0.3133
    endloop
endfacet
facet normal -0.7697 -4.0000 -0.1536
    outer loop
        vertex 2.3798 -4.8000 0.3133
        vertex 2.3184 -1.6000 0.6212
        vertex 2.3184 -4.8000 0.6212
    endloop
endfacet
facet normal -0.7434 -4.0000 -0.2520
    outer loop
        vertex 2.2176 -1.6000 0.9185
        vertex 2.3184 -4.8000 0.6212
        vertex 2.3184 -1.6000 0.6212
    endloop
endfacet
facet normal -0.7434 -4.0000 -0.2520
    outer loop
        vertex 2.3184 -4.8000 0.6212
        vertex 2.2176 -1.6000 0.9185
        vertex 2.2176 -4.8000 0.9185
    endloop
endfacet
facet normal -0.7039 -4.0000 -0.3475
    outer loop
        vertex 2.0786 -1.6000 1.2001
        vertex 2.2176 -4.8000 0.9185
        vertex 2.2176 -1.6000 0.9185
    endloop
endfacet
facet normal -0.7039 -4.0000 -0.3475
    outer loop
        vertex 2.2176 -4.8000 0.9185
        vertex 2.0786 -1.6000 1.2001
        vertex 2.0786 -4.8000 1.2001
    endloop
endfacet
facet normal -0.6526 -4.0000 -0.4362
    outer loop
        vertex 1.9041 -1.6000 1.4611
        vertex 2.0786 -4.8000 1.2001
        vertex 2.0786 -1.6000 1.2001
    endloop
endfacet
facet normal -0.6526 -4.0000 -0.4362
    outer loop
        vertex 2.0786 -4.8000 1.2001
        vertex 1.9041 -1.6000 1.4611
        vertex 1.9041 -4.8000 1.4611
    endloop
endfacet
facet normal -0.5902 -4.0000 -0.5172
    outer loop
        vertex 1.6972 -1.6000 1.6972
        vertex 1.9041 -4.8000 1.4611
        vertex 1.9041 -1.6000 1.4611
    endloop
endfacet
facet normal -0.5902 -4.0000 -0.5172
    outer loop
        vertex 1.9041 -4.8000 1.4611
        vertex 1.6972 -1.6000 1.6972
        vertex 1.6972 -4.8000 1.6972
    endloop
endfacet
facet normal -0.5172 -4.0000 -0.5902
    outer loop
        vertex 1.4611 -1.6000 1.9041
        vertex 1.6972 -4.8000 1.6972
        vertex 1.6972 -1.6000 1.6972
    endloop
endfacet
facet normal -0.5172 -4.0000 -0.5902
    outer loop
        vertex 1.6972 -4.8000 1.6972
        vertex 1.4611 -1.6000 1.9041
        vertex 1.4611 -4.8000 1.9041
    endloop
endfacet
facet normal -0.4362 -4.0000 -0.6526
    outer loop
        vertex 1.2001 -1.6000 2.0786
        vertex 1.4611 -4.8000 1.9041
        vertex 1.4611 -1.6000 1.9041
    endloop
endfacet
facet normal -0.4362 -4.0000 -0.6526
    outer loop
        vertex 1.4611 -4.8000 1.9041
        vertex 1.2001 -1.6000 2.0786
        vertex 1.2001 -4.8000 2.0786
    endloop
endfacet
facet normal -0.3475 -4.0000 -0.7039
    outer loop
        vertex 0.9185 -1.6000 2.2176
        vertex 1.2001 -4.8000 2.0786
        vertex 1.2001 -1.6000 2.0786
    endloop
endfacet
facet normal -0.3475 -4.0000 -0.7039
    outer loop
        vertex 1.2001 -4.8000 2.0786
        vertex 0.9185 -1.6000 2.2176
        vertex 0.9185 -4.8000 2.2176
    endloop
endfacet
facet normal -0.2520 -4.0000 -0.7434
    outer loop
        vertex 0.6212 -1.6000 2.3184
        vertex 0.9185 -4.8000 2.2176
        vertex 0.9185 -1.6000 2.2176
    endloop
endfacet
facet normal -0.2520 -4.0000 -0.7434
    outer loop
        vertex 0.9185 -4.8000 2.2176
        vertex 0.6212 -1.6000 2.3184
        vertex 0.6212 -4.8000 2.3184
    endloop
endfacet
facet normal -0.1536 -4.0000 -0.7697
    outer loop
        vertex 0.3133 -1.6000 2.3798
        vertex 0.6212 -4.8000 2.3184
        vertex 0.6212 -1.6000 2.3184
    endloop
endfacet
facet normal -0.1536 -4.0000 -0.7697
    outer loop
        vertex 0.6212 -4.8000 2.3184
        vertex 0.3133 -1.6000 2.3798
        vertex 0.3133 -4.8000 2.3798
    endloop
endfacet
facet normal -0.0509 -4.0000 -0.7833
    outer loop
        vertex 0.0000 -1.6000 2.4002
        vertex 0.3133 -4.8000 2.3798
        vertex 0.3133 -1.6000 2.3798
    endloop
endfacet
facet normal -0.0509 -4.0000 -0.7833
    outer loop
        vertex 0.3133 -4.8000 2.3798
        vertex 0.0000 -1.6000 2.4002
        vertex 0.0000 -4.8000 2.4002
    endloop
endfacet
facet normal 0.0509 -4.0000 -0.7833
    outer loop
        vertex -0.3133 -1.6000 2.3798
        vertex 0.0000 -4.8000 2.4002
        vertex 0.0000 -1.6000 2.4002
    endloop
endfacet
facet normal 0.0509 -4.0000 -0.7833
    outer loop
        vertex 0.0000 -4.8000 2.4002
        vertex -0.3133 -1.6000 2.3798
        vertex -0.3133 -4.8000 2.3798
    endloop
endfacet
facet normal 0.1536 -4.0000 -0.7697
    outer loop
        vertex -0.6212 -1.6000 2.3184
        vertex -0.3133 -4.8000 2.3798
        vertex -0.3133 -1.6000 2.3798
    endloop
endfacet
facet normal 0.1536 -4.0000 -0.7697
    outer loop
        vertex -0.3133 -4.8000 2.3798
        vertex -0.6212 -1.6000 2.3184
        vertex -0.6212 -4.8000 2.3184
    endloop
endfacet
facet normal 0.2520 -4.0000 -0.7434
    outer loop
        vertex -0.9185 -1.6000 2.2176
        vertex -0.6212 -4.8000 2.3184
        vertex -0.6212 -1.6000 2.3184
    endloop
endfacet
facet normal 0.2520 -4.0000 -0.7434
    outer loop
        vertex -0.6212 -4.8000 2.3184
        vertex -0.9185 -1.6000 2.2176
        vertex -0.9185 -4.8000 2.2176
    endloop
endfacet
facet normal 0.3475 -4.0000 -0.7039
    outer loop
        vertex -1.2001 -1.6000 2.0786
        vertex -0.9185 -4.8000 2.2176
        vertex -0.9185 -1.6000 2.2176
    endloop
endfacet
facet normal 0.3475 -4.0000 -0.7039
    outer loop
        vertex -0.9185 -4.8000 2.2176
        vertex -1.2001 -1.6000 2.0786
        vertex -1.2001 -4.8000 2.0786
    endloop
endfacet
facet normal 0.4362 -4.0000 -0.6526
    outer loop
        vertex -1.4611 -1.6000 1.9041
        vertex -1.2001 -4.8000 2.0786
        vertex -1.2001 -1.6000 2.0786
    endloop
endfacet
facet normal 0.4362 -4.0000 -0.6526
    outer loop
        vertex -1.2001 -4.8000 2.0786
        vertex -1.4611 -1.6000 1.9041
        vertex -1.4611 -4.8000 1.9041
    endloop
endfacet
facet normal 0.5172 -4.0000 -0.5902
    outer loop
        vertex -1.6972 -1.6000 1.6972
        vertex -1.4611 -4.8000 1.9041
        vertex -1.4611 -1.6000 1.9041
    endloop
endfacet
facet normal 0.5172 -4.0000 -0.5902
    outer loop
        vertex -1.4611 -4.8000 1.9041
        vertex -1.6972 -1.6000 1.6972
        vertex -1.6972 -4.8000 1.6972
    endloop
endfacet
facet normal 0.5902 -4.0000 -0.5172
    outer loop
        vertex -1.9041 -1.6000 1.4611
        vertex -1.6972 -4.8000 1.6972
        vertex -1.6972 -1.6000 1.6972
    endloop
endfacet
facet normal 0.5902 -4.0000 -0.5172
    outer loop
        vertex -1.6972 -4.8000 1.6972
        vertex -1.9041 -1.6000 1.4611
        vertex -1.9041 -4.8000 1.4611
    endloop
endfacet
facet normal 0.6526 -4.0000 -0.4362
    outer loop
        vertex -2.0786 -1.6000 1.2001
        vertex -1.9041 -4.8000 1.4611
        vertex -1.9041 -1.6000 1.4611
    endloop
endfacet
facet normal 0.6526 -4.0000 -0.4362
    outer loop
        vertex -1.9041 -4.8000 1.4611
        vertex -2.0786 -1.6000 1.2001
        vertex -2.0786 -4.8000 1.2001
    endloop
endfacet
facet normal 0.7039 -4.0000 -0.3475
    outer loop
        vertex -2.2176 -1.6000 0.9185
        vertex -2.0786 -4.8000 1.2001
        vertex -2.0786 -1.6000 1.2001
    endloop
endfacet
facet normal 0.7039 -4.0000 -0.3475
    outer loop
        vertex -2.0786 -4.8000 1.2001
        vertex -2.2176 -1.6000 0.9185
        vertex -2.2176 -4.8000 0.9185
    endloop
endfacet
facet normal 0.7434 -4.0000 -0.2520
    outer loop
        vertex -2.3184 -1.6000 0.6212
        vertex -2.2176 -4.8000 0.9185
        vertex -2.2176 -1.6000 0.9185
    endloop
endfacet
facet normal 0.7434 -4.0000 -0.2520
    outer loop
        vertex -2.2176 -4.8000 0.9185
        vertex -2.3184 -1.6000 0.6212
        vertex -2.3184 -4.8000 0.6212
    endloop
endfacet
facet normal 0.7697 -4.0000 -0.1536
    outer loop
        vertex -2.3798 -1.6000 0.3133
        vertex -2.3184 -4.8000 0.6212
        vertex -2.3184 -1.6000 0.6212
    endloop
endfacet
facet normal 0.7697 -4.0000 -0.1536
    outer loop
        vertex -2.3184 -4.8000 0.6212
        vertex -2.3798 -1.6000 0.3133
        vertex -2.3798 -4.8000 0.3133
    endloop
endfacet
facet normal 0.7833 -4.0000 -0.0509
    outer loop
        vertex -2.4002 -1.6000 0.0000
        vertex -2.3798 -4.8000 0.3133
        vertex -2.3798 -1.6000 0.3133
    endloop
endfacet
facet normal 0.7833 -4.0000 -0.0509
    outer loop
        vertex -2.3798 -4.8000 0.3133
        vertex -2.4002 -1.6000 0.0000
        vertex -2.4002 -4.8000 0.0000
    endloop
endfacet
facet normal 0.7833 -4.0000 0.0509
    outer loop
        vertex -2.3798 -1.6000 -0.3133
        vertex -2.4002 -4.8000 0.0000
        vertex -2.4002 -1.6000 0.0000
    endloop
endfacet
facet normal 0.7833 -4.0000 0.0509
    outer loop
        vertex -2.4002 -4.8000 0.0000
        vertex -2.3798 -1.6000 -0.3133
        vertex -2.3798 -4.8000 -0.3133
    endloop
endfacet
facet normal 0.7697 -4.0000 0.1536
    outer loop
        vertex -2.3184 -1.6000 -0.6212
        vertex -2.3798 -4.8000 -0.3133
        vertex -2.3798 -1.6000 -0.3133
    endloop
endfacet
facet normal 0.7697 -4.0000 0.1536
    outer loop
        vertex -2.3798 -4.8000 -0.3133
        vertex -2.3184 -1.6000 -0.6212
        vertex -2.3184 -4.8000 -0.6212
    endloop
endfacet
facet normal 0.7434 -4.0000 0.2520
    outer loop
        vertex -2.2176 -1.6000 -0.9185
        vertex -2.3184 -4.8000 -0.6212
        vertex -2.3184 -1.6000 -0.6212
    endloop
endfacet
facet normal 0.7434 -4.0000 0.2520
    outer loop
        vertex -2.3184 -4.8000 -0.6212
        vertex -2.2176 -1.6000 -0.9185
        vertex -2.2176 -4.8000 -0.9185
    endloop
endfacet
facet normal 0.7039 -4.0000 0.3475
    outer loop
        vertex -2.0786 -1.6000 -1.2001
        vertex -2.2176 -4.8000 -0.9185
        vertex -2.2176 -1.6000 -0.9185
    endloop
endfacet
facet normal 0.7039 -4.0000 0.3475
    outer loop
        vertex -2.2176 -4.8000 -0.9185
        vertex -2.0786 -1.6000 -1.2001
        vertex -2.0786 -4.8000 -1.2001
    endloop
endfacet
facet normal 0.6526 -4.0000 0.4362
    outer loop
        vertex -1.9041 -1.6000 -1.4611
        vertex -2.0786 -4.8000 -1.2001
        vertex -2.0786 -1.6000 -1.2001
    endloop
endfacet
facet normal 0.6526 -4.0000 0.4362
    outer loop
        vertex -2.0786 -4.8000 -1.2001
        vertex -1.9041 -1.6000 -1.4611
        vertex -1.9041 -4.8000 -1.4611
    endloop
endfacet
facet normal 0.5902 -4.0000 0.5172
    outer loop
        vertex -1.6972 -1.6000 -1.6972
        vertex -1.9041 -4.8000 -1.4611
        vertex -1.9041 -1.6000 -1.4611
    endloop
endfacet
facet normal 0.5902 -4.0000 0.5172
    outer loop
        vertex -1.9041 -4.8000 -1.4611
        vertex -1.6972 -1.6000 -1.6972
        vertex -1.6972 -4.8000 -1.6972
    endloop
endfacet
facet normal 0.0000 -12.1305 0.0000
    outer loop
        vertex 0.0000 -4.8000 0.0000
        vertex 2.4000 -4.8000 0.0000
        vertex 2.3794 -4.8000 0.3132
    endloop
endfacet
facet normal 0.0000 -12.1305 0.0000
    outer loop
        vertex 0.0000 -4.8000 0.0000
        vertex 2.3794 -4.8000 0.3132
        vertex 2.3182 -4.8000 0.6211
    endloop
endfacet
facet normal 0.0000 -12.1305 0.0000
    outer loop
        vertex 0.0000 -4.8000 0.0000
        vertex 2.3182 -4.8000 0.6211
        vertex 2.2174 -4.8000 0.9185
    endloop
endfacet
facet normal 0.0000 -12.1305 0.0000
    outer loop
        vertex 0.0000 -4.8000 0.0000
        vertex 2.2174 -4.8000 0.9185
        vertex 2.0784 -4.8000 1.2000
    endloop
endfacet
facet normal 0.0000 -12.1305 0.0000
    outer loop
        vertex 0.0000 -4.8000 0.0000
        vertex 2.0784 -4.8000 1.2000
        vertex 1.9042 -4.8000 1.4611
    endloop
endfacet
facet normal 0.0000 -12.1305 0.0000
    outer loop
        vertex 0.0000 -4.8000 0.0000
        vertex 1.9042 -4.8000 1.4611
        vertex 1.6970 -4.8000 1.6970
    endloop
endfacet
facet normal 0.0000 -12.1305 0.0000
    outer loop
        vertex 0.0000 -4.8000 0.0000
        vertex 1.6970 -4.8000 1.6970
        vertex 1.4611 -4.8000 1.9042
    endloop
endfacet
facet normal 0.0000 -12.1305 0.0000
    outer loop
        vertex 0.0000 -4.8000 0.0000
        vertex 1.4611 -4.8000 1.9042
        vertex 1.2000 -4.8000 2.0784
    endloop
endfacet
facet normal 0.0000 -12.1305 0.0000
    outer loop
        vertex 0.0000 -4.8000 0.0000
        vertex 1.2000 -4.8000 2.0784
        vertex 0.9185 -4.8000 2.2174
    endloop
endfacet
facet normal 0.0000 -12.1305 0.0000
    outer loop
        vertex 0.0000 -4.8000 0.0000
        vertex 0.9185 -4.8000 2.2174
        vertex 0.6211 -4.8000 2.3182
    endloop
endfacet
facet normal 0.0000 -12.1305 0.0000
    outer loop
        vertex 0.0000 -4.8000 0.0000
        vertex 0.6211 -4.8000 2.3182
        vertex 0.3132 -4.8000 2.3794
    endloop
endfacet
facet normal 0.0000 -12.1305 0.0000
    outer loop
        vertex 0.0000 -4.8000 0.0000
        vertex 0.3132 -4.8000 2.3794
        vertex 0.0000 -4.8000 2.4000
    endloop
endfacet
facet normal 0.0000 -12.1305 0.0000
    outer loop
        vertex 0.0000 -4.8000 0.0000
        vertex 0.0000 -4.8000 2.4000
        vertex -0.3132 -4.8000 2.3794
    endloop
endfacet
facet normal 0.0000 -12.1305 0.0000
    outer loop
        vertex 0.0000 -4.8000 0.0000
        vertex -0.3132 -4.8000 2.3794
        vertex -0.6211 -4.8000 2.3182
    endloop
endfacet
facet normal 0.0000 -12.1305 0.0000
    outer loop
        vertex 0.0000 -4.8000 0.0000
        vertex -0.6211 -4.8000 2.3182
        vertex -0.9185 -4.8000 2.2174
    endloop
endfacet
facet normal 0.0000 -12.1305 0.0000
    outer loop
        vertex 0.0000 -4.8000 0.0000
        vertex -0.9185 -4.8000 2.2174
        vertex -1.2000 -4.8000 2.0784
    endloop
endfacet
facet normal 0.0000 -12.1305 0.0000
    outer loop
        vertex 0.0000 -4.8000 0.0000
        vertex -1.2000 -4.8000 2.0784
        vertex -1.4611 -4.8000 1.9042
    endloop
endfacet
facet normal 0.0000 -12.1305 0.0000
    outer loop
        vertex 0.0000 -4.8000 0.0000
        vertex -1.4611 -4.8000 1.9042
        vertex -1.6970 -4.8000 1.6970
    endloop
endfacet
facet normal 0.0000 -12.1305 0.0000
    outer loop
        vertex 0.0000 -4.8000 0.0000
        vertex -1.6970 -4.8000 1.6970
        vertex -1.9042 -4.8000 1.4611
    endloop
endfacet
facet normal 0.0000 -12.1305 0.0000
    outer loop
        vertex 0.0000 -4.8000 0.0000
        vertex -1.9042 -4.8000 1.4611
        vertex -2.0784 -4.8000 1.2000
    endloop
endfacet
facet normal 0.0000 -12.1305 0.0000
    outer loop
        vertex 0.0000 -4.8000 0.0000
        vertex -2.0784 -4.8000 1.2000
        vertex -2.2174 -4.8000 0.9185
    endloop
endfacet
facet normal 0.0000 -12.1305 0.0000
    outer loop
        vertex 0.0000 -4.8000 0.0000
        vertex -2.2174 -4.8000 0.9185
        vertex -2.3182 -4.8000 0.6211
    endloop
endfacet
facet normal 0.0000 -12.1305 0.0000
    outer loop
        vertex 0.0000 -4.8000 0.0000
        vertex -2.3182 -4.8000 0.6211
        vertex -2.3794 -4.8000 0.3132
    endloop
endfacet
facet normal 0.0000 -12.1305 0.0000
    outer loop
        vertex 0.0000 -4.8000 0.0000
        vertex -2.3794 -4.8000 0.3132
        vertex -2.4000 -4.8000 0.0000
    endloop
endfacet
facet normal 0.0000 -12.1305 0.0000
    outer loop
        vertex 0.0000 -4.8000 0.0000
        vertex -2.4000 -4.8000 0.0000
        vertex -2.3794 -4.8000 -0.3132
    endloop
endfacet
facet normal 0.0000 -12.1305 0.0000
    outer loop
        vertex 0.0000 -4.8000 0.0000
        vertex -2.3794 -4.8000 -0.3132
        vertex -2.3182 -4.8000 -0.6211
    endloop
endfacet
facet normal 0.0000 -12.1305 0.0000
    outer loop
        vertex 0.0000 -4.8000 0.0000
        vertex -2.3182 -4.8000 -0.6211
        vertex -2.2174 -4.8000 -0.9185
    endloop
endfacet
facet normal 0.0000 -12.1305 0.0000
    outer loop
        vertex 0.0000 -4.8000 0.0000
        vertex -2.2174 -4.8000 -0.9185
        vertex -2.0784 -4.8000 -1.2000
    endloop
endfacet
facet normal 0.0000 -12.1305 0.0000
    outer loop
        vertex 0.0000 -4.8000 0.0000
        vertex -2.0784 -4.8000 -1.2000
        vertex -1.9042 -4.8000 -1.4611
    endloop
endfacet
facet normal 0.0000 -12.1305 0.0000
    outer loop
        vertex 0.0000 -4.8000 0.0000
        vertex -1.9042 -4.8000 -1.4611
        vertex -1.6970 -4.8000 -1.6970
    endloop
endfacet
facet normal 0.0000 -12.1305 0.0000
    outer loop
        vertex 0.0000 -4.8000 0.0000
        vertex -1.6970 -4.8000 -1.6970
        vertex -1.4611 -4.8000 -1.9042
    endloop
endfacet
facet normal 0.0000 -12.1305 0.0000
    outer loop
        vertex 0.0000 -4.8000 0.0000
        vertex -1.4611 -4.8000 -1.9042
        vertex -1.2000 -4.8000 -2.0784
    endloop
endfacet
facet normal 0.0000 -12.1305 0.0000
    outer loop
        vertex 0.0000 -4.8000 0.0000
        vertex -1.2000 -4.8000 -2.0784
        vertex -0.9185 -4.8000 -2.2174
    endloop
endfacet
facet normal 0.0000 -12.1305 0.0000
    outer loop
        vertex 0.0000 -4.8000 0.0000
        vertex -0.9185 -4.8000 -2.2174
        vertex -0.6211 -4.8000 -2.3182
    endloop
endfacet
facet normal 0.0000 -12.1305 0.0000
    outer loop
        vertex 0.0000 -4.8000 0.0000
        vertex -0.6211 -4.8000 -2.3182
        vertex -0.3132 -4.8000 -2.3794
    endloop
endfacet
facet normal 0.0000 -12.1305 0.0000
    outer loop
        vertex 0.0000 -4.8000 0.0000
        vertex -0.3132 -4.8000 -2.3794
        vertex 0.0000 -4.8000 -2.4000
    endloop
endfacet
facet normal 0.0000 -12.1305 0.0000
    outer loop
        vertex 0.0000 -4.8000 0.0000
        vertex 0.0000 -4.8000 -2.4000
        vertex 0.3132 -4.8000 -2.3794
    endloop
endfacet
facet normal 0.0000 -12.1305 0.0000
    outer loop
        vertex 0.0000 -4.8000 0.0000
        vertex 0.3132 -4.8000 -2.3794
        vertex 0.6211 -4.8000 -2.3182
    endloop
endfacet
facet normal 0.0000 -12.1305 0.0000
    outer loop
        vertex 0.0000 -4.8000 0.0000
        vertex 0.6211 -4.8000 -2.3182
        vertex 0.9185 -4.8000 -2.2174
    endloop
endfacet
facet normal 0.0000 -12.1305 0.0000
    outer loop
        vertex 0.0000 -4.8000 0.0000
        vertex 0.9185 -4.8000 -2.2174
        vertex 1.2000 -4.8000 -2.0784
    endloop
endfacet
facet normal 0.0000 -12.1305 0.0000
    outer loop
        vertex 0.0000 -4.8000 0.0000
        vertex 1.2000 -4.8000 -2.0784
        vertex 1.4611 -4.8000 -1.9042
    endloop
endfacet
facet normal 0.0000 -12.1305 0.0000
    outer loop
        vertex 0.0000 -4.8000 0.0000
        vertex 1.4611 -4.8000 -1.9042
        vertex 1.6970 -4.8000 -1.6970
    endloop
endfacet
facet normal 0.0000 -12.1305 0.0000
    outer loop
        vertex 0.0000 -4.8000 0.0000
        vertex 1.6970 -4.8000 -1.6970
        vertex 1.9042 -4.8000 -1.4611
    endloop
endfacet
facet normal 0.0000 -12.1305 0.0000
    outer loop
        vertex 0.0000 -4.8000 0.0000
        vertex 1.9042 -4.8000 -1.4611
        vertex 2.0784 -4.8000 -1.2000
    endloop
endfacet
facet normal 0.0000 -12.1305 0.0000
    outer loop
        vertex 0.0000 -4.8000 0.0000
        vertex 2.0784 -4.8000 -1.2000
        vertex 2.2174 -4.8000 -0.9185
    endloop
endfacet
facet normal 0.0000 -12.1305 0.0000
    outer loop
        vertex 0.0000 -4.8000 0.0000
        vertex 2.2174 -4.8000 -0.9185
        vertex 2.3182 -4.8000 -0.6211
    endloop
endfacet
facet normal 0.0000 -12.1305 0.0000
    outer loop
        vertex 0.0000 -4.8000 0.0000
        vertex 2.3182 -4.8000 -0.6211
        vertex 2.3794 -4.8000 -0.3132
    endloop
endfacet
facet normal 0.0000 -12.1305 0.0000
    outer loop
        vertex 0.0000 -4.8000 0.0000
        vertex 2.3794 -4.8000 -0.3132
        vertex 2.4000 -4.8000 0.0000
    endloop
endfacet
facet normal 13.6689 9.8637 0.0430
    outer loop
        vertex 5.7603 5.6415 0.2610
        vertex 5.7632 5.6584 0.0000
        vertex 6.5512 5.5224 0.0000
    endloop
endfacet
facet normal 13.6689 9.8637 0.0430
    outer loop
        vertex 6.5512 5.5224 0.0000
        vertex 6.5483 5.5055 0.2610
        vertex 5.7603 5.6415 0.2610
    endloop
endfacet
facet normal 13.6671 9.8529 0.1275
    outer loop
        vertex 5.7516 5.5912 0.5176
        vertex 5.7603 5.6415 0.2610
        vertex 6.5483 5.5055 0.2610
    endloop
endfacet
facet normal 13.6671 9.8529 0.1275
    outer loop
        vertex 6.5483 5.5055 0.2610
        vertex 6.5396 5.4552 0.5176
        vertex 5.7516 5.5912 0.5176
    endloop
endfacet
facet normal 13.6633 9.8312 0.2100
    outer loop
        vertex 5.7373 5.5085 0.7654
        vertex 5.7516 5.5912 0.5176
        vertex 6.5396 5.4552 0.5176
    endloop
endfacet
facet normal 13.6633 9.8312 0.2100
    outer loop
        vertex 6.5396 5.4552 0.5176
        vertex 6.5253 5.3725 0.7654
        vertex 5.7373 5.5085 0.7654
    endloop
endfacet
facet normal 13.6577 9.7987 0.2895
    outer loop
        vertex 5.7176 5.3944 1.0000
        vertex 5.7373 5.5085 0.7654
        vertex 6.5253 5.3725 0.7654
    endloop
endfacet
facet normal 13.6577 9.7987 0.2895
    outer loop
        vertex 6.5253 5.3725 0.7654
        vertex 6.5056 5.2584 1.0000
        vertex 5.7176 5.3944 1.0000
    endloop
endfacet
facet normal 13.6505 9.7568 0.3630
    outer loop
        vertex 5.6930 5.2514 1.2176
        vertex 5.7176 5.3944 1.0000
        vertex 6.5056 5.2584 1.0000
    endloop
endfacet
facet normal 13.6505 9.7568 0.3630
    outer loop
        vertex 6.5056 5.2584 1.0000
        vertex 6.4810 5.1154 1.2176
        vertex 5.6930 5.2514 1.2176
    endloop
endfacet
facet normal 13.6416 9.7051 0.4315
    outer loop
        vertex 5.6636 5.0814 1.4142
        vertex 5.6930 5.2514 1.2176
        vertex 6.4810 5.1154 1.2176
    endloop
endfacet
facet normal 13.6416 9.7051 0.4315
    outer loop
        vertex 6.4810 5.1154 1.2176
        vertex 6.4516 4.9454 1.4142
        vertex 5.6636 5.0814 1.4142
    endloop
endfacet
facet normal 13.6314 9.6460 0.4915
    outer loop
        vertex 5.6302 4.8877 1.5868
        vertex 5.6636 5.0814 1.4142
        vertex 6.4516 4.9454 1.4142
    endloop
endfacet
facet normal 13.6314 9.6460 0.4915
    outer loop
        vertex 6.4516 4.9454 1.4142
        vertex 6.4182 4.7517 1.5868
        vertex 5.6302 4.8877 1.5868
    endloop
endfacet
facet normal 13.6197 9.5786 0.5440
    outer loop
        vertex 5.5932 4.6734 1.7320
        vertex 5.6302 4.8877 1.5868
        vertex 6.4182 4.7517 1.5868
    endloop
endfacet
facet normal 13.6197 9.5786 0.5440
    outer loop
        vertex 6.4182 4.7517 1.5868
        vertex 6.3812 4.5374 1.7320
        vertex 5.5932 4.6734 1.7320
    endloop
endfacet
facet normal 13.6072 9.5062 0.5865
    outer loop
        vertex 5.5533 4.4423 1.8478
        vertex 5.5932 4.6734 1.7320
        vertex 6.3812 4.5374 1.7320
    endloop
endfacet
facet normal 13.6072 9.5062 0.5865
    outer loop
        vertex 6.3812 4.5374 1.7320
        vertex 6.3413 4.3063 1.8478
        vertex 5.5533 4.4423 1.8478
    endloop
endfacet
facet normal 13.5937 9.4278 0.6195
    outer loop
        vertex 5.5112 4.1982 1.9318
        vertex 5.5533 4.4423 1.8478
        vertex 6.3413 4.3063 1.8478
    endloop
endfacet
facet normal 13.5937 9.4278 0.6195
    outer loop
        vertex 6.3413 4.3063 1.8478
        vertex 6.2992 4.0622 1.9318
        vertex 5.5112 4.1982 1.9318
    endloop
endfacet
facet normal 13.5797 9.3466 0.6415
    outer loop
        vertex 5.4676 3.9455 1.9828
        vertex 5.5112 4.1982 1.9318
        vertex 6.2992 4.0622 1.9318
    endloop
endfacet
facet normal 13.5797 9.3466 0.6415
    outer loop
        vertex 6.2992 4.0622 1.9318
        vertex 6.2556 3.8095 1.9828
        vertex 5.4676 3.9455 1.9828
    endloop
endfacet
facet normal 13.5653 9.2634 0.6525
    outer loop
        vertex 5.4232 3.6884 2.0000
        vertex 5.4676 3.9455 1.9828
        vertex 6.2556 3.8095 1.9828
    endloop
endfacet
facet normal 13.5653 9.2634 0.6525
    outer loop
        vertex 6.2556 3.8095 1.9828
        vertex 6.2112 3.5524 2.0000
        vertex 5.4232 3.6884 2.0000
    endloop
endfacet
facet normal 13.5507 9.1786 0.6525
    outer loop
        vertex 5.3788 3.4313 1.9828
        vertex 5.4232 3.6884 2.0000
        vertex 6.2112 3.5524 2.0000
    endloop
endfacet
facet normal 13.5507 9.1786 0.6525
    outer loop
        vertex 6.2112 3.5524 2.0000
        vertex 6.1668 3.2953 1.9828
        vertex 5.3788 3.4313 1.9828
    endloop
endfacet
facet normal 13.5363 9.0954 0.6415
    outer loop
        vertex 5.3352 3.1786 1.9318
        vertex 5.3788 3.4313 1.9828
        vertex 6.1668 3.2953 1.9828
    endloop
endfacet
facet normal 13.5363 9.0954 0.6415
    outer loop
        vertex 6.1668 3.2953 1.9828
        vertex 6.1232 3.0426 1.9318
        vertex 5.3352 3.1786 1.9318
    endloop
endfacet
facet normal 13.5223 9.0142 0.6195
    outer loop
        vertex 5.2931 2.9345 1.8478
        vertex 5.3352 3.1786 1.9318
        vertex 6.1232 3.0426 1.9318
    endloop
endfacet
facet normal 13.5223 9.0142 0.6195
    outer loop
        vertex 6.1232 3.0426 1.9318
        vertex 6.0811 2.7985 1.8478
        vertex 5.2931 2.9345 1.8478
    endloop
endfacet
facet normal 13.5088 8.9358 0.5865
    outer loop
        vertex 5.2532 2.7034 1.7320
        vertex 5.2931 2.9345 1.8478
        vertex 6.0811 2.7985 1.8478
    endloop
endfacet
facet normal 13.5088 8.9358 0.5865
    outer loop
        vertex 6.0811 2.7985 1.8478
        vertex 6.0412 2.5674 1.7320
        vertex 5.2532 2.7034 1.7320
    endloop
endfacet
facet normal 13.4963 8.8634 0.5440
    outer loop
        vertex 5.2162 2.4891 1.5868
        vertex 5.2532 2.7034 1.7320
        vertex 6.0412 2.5674 1.7320
    endloop
endfacet
facet normal 13.4963 8.8634 0.5440
    outer loop
        vertex 6.0412 2.5674 1.7320
        vertex 6.0042 2.3531 1.5868
        vertex 5.2162 2.4891 1.5868
    endloop
endfacet
facet normal 13.4846 8.7960 0.4915
    outer loop
        vertex 5.1828 2.2954 1.4142
        vertex 5.2162 2.4891 1.5868
        vertex 6.0042 2.3531 1.5868
    endloop
endfacet
facet normal 13.4846 8.7960 0.4915
    outer loop
        vertex 6.0042 2.3531 1.5868
        vertex 5.9708 2.1594 1.4142
        vertex 5.1828 2.2954 1.4142
    endloop
endfacet
facet normal 13.4744 8.7369 0.4315
    outer loop
        vertex 5.1534 2.1254 1.2176
        vertex 5.1828 2.2954 1.4142
        vertex 5.9708 2.1594 1.4142
    endloop
endfacet
facet normal 13.4744 8.7369 0.4315
    outer loop
        vertex 5.9708 2.1594 1.4142
        vertex 5.9414 1.9894 1.2176
        vertex 5.1534 2.1254 1.2176
    endloop
endfacet
facet normal 13.4655 8.6852 0.3630
    outer loop
        vertex 5.1288 1.9824 1.0000
        vertex 5.1534 2.1254 1.2176
        vertex 5.9414 1.9894 1.2176
    endloop
endfacet
facet normal 13.4655 8.6852 0.3630
    outer loop
        vertex 5.9414 1.9894 1.2176
        vertex 5.9168 1.8464 1.0000
        vertex 5.1288 1.9824 1.0000
    endloop
endfacet
facet normal 13.4583 8.6433 0.2895
    outer loop
        vertex 5.1091 1.8683 0.7654
        vertex 5.1288 1.9824 1.0000
        vertex 5.9168 1.8464 1.0000
    endloop
endfacet
facet normal 13.4583 8.6433 0.2895
    outer loop
        vertex 5.9168 1.8464 1.0000
        vertex 5.8971 1.7323 0.7654
        vertex 5.1091 1.8683 0.7654
    endloop
endfacet
facet normal 13.4527 8.6108 0.2100
    outer loop
        vertex 5.0948 1.7856 0.5176
        vertex 5.1091 1.8683 0.7654
        vertex 5.8971 1.7323 0.7654
    endloop
endfacet
facet normal 13.4527 8.6108 0.2100
    outer loop
        vertex 5.8971 1.7323 0.7654
        vertex 5.8828 1.6496 0.5176
        vertex 5.0948 1.7856 0.5176
    endloop
endfacet
facet normal 13.4489 8.5891 0.1275
    outer loop
        vertex 5.0861 1.7353 0.2610
        vertex 5.0948 1.7856 0.5176
        vertex 5.8828 1.6496 0.5176
    endloop
endfacet
facet normal 13.4489 8.5891 0.1275
    outer loop
        vertex 5.8828 1.6496 0.5176
        vertex 5.8741 1.5993 0.2610
        vertex 5.0861 1.7353 0.2610
    endloop
endfacet
facet normal 13.4471 8.5783 0.0430
    outer loop
        vertex 5.0832 1.7184 0.0000
        vertex 5.0861 1.7353 0.2610
        vertex 5.8741 1.5993 0.2610
    endloop
endfacet
facet normal 13.4471 8.5783 0.0430
    outer loop
        vertex 5.8741 1.5993 0.2610
        vertex 5.8712 1.5824 0.0000
        vertex 5.0832 1.7184 0.0000
    endloop
endfacet
facet normal 13.4471 8.5783 -0.0430
    outer loop
        vertex 5.0861 1.7353 -0.2610
        vertex 5.0832 1.7184 0.0000
        vertex 5.8712 1.5824 0.0000
    endloop
endfacet
facet normal 13.4471 8.5783 -0.0430
    outer loop
        vertex 5.8712 1.5824 0.0000
        vertex 5.8741 1.5993 -0.2610
        vertex 5.0861 1.7353 -0.2610
    endloop
endfacet
facet normal 13.4489 8.5891 -0.1275
    outer loop
        vertex 5.0948 1.7856 -0.5176
        vertex 5.0861 1.7353 -0.2610
        vertex 5.8741 1.5993 -0.2610
    endloop
endfacet
facet normal 13.4489 8.5891 -0.1275
    outer loop
        vertex 5.8741 1.5993 -0.2610
        vertex 5.8828 1.6496 -0.5176
        vertex 5.0948 1.7856 -0.5176
    endloop
endfacet
facet normal 13.4527 8.6108 -0.2100
    outer loop
        vertex 5.1091 1.8683 -0.7654
        vertex 5.0948 1.7856 -0.5176
        vertex 5.8828 1.6496 -0.5176
    endloop
endfacet
facet normal 13.4527 8.6108 -0.2100
    outer loop
        vertex 5.8828 1.6496 -0.5176
        vertex 5.8971 1.7323 -0.7654
        vertex 5.1091 1.8683 -0.7654
    endloop
endfacet
facet normal 13.4583 8.6433 -0.2895
    outer loop
        vertex 5.1288 1.9824 -1.0000
        vertex 5.1091 1.8683 -0.7654
        vertex 5.8971 1.7323 -0.7654
    endloop
endfacet
facet normal 13.4583 8.6433 -0.2895
    outer loop
        vertex 5.8971 1.7323 -0.7654
        vertex 5.9168 1.8464 -1.0000
        vertex 5.1288 1.9824 -1.0000
    endloop
endfacet
facet normal 13.4655 8.6852 -0.3630
    outer loop
        vertex 5.1534 2.1254 -1.2176
        vertex 5.1288 1.9824 -1.0000
        vertex 5.9168 1.8464 -1.0000
    endloop
endfacet
facet normal 13.4655 8.6852 -0.3630
    outer loop
        vertex 5.9168 1.8464 -1.0000
        vertex 5.9414 1.9894 -1.2176
        vertex 5.1534 2.1254 -1.2176
    endloop
endfacet
facet normal 13.4744 8.7369 -0.4315
    outer loop
        vertex 5.1828 2.2954 -1.4142
        vertex 5.1534 2.1254 -1.2176
        vertex 5.9414 1.9894 -1.2176
    endloop
endfacet
facet normal 13.4744 8.7369 -0.4315
    outer loop
        vertex 5.9414 1.9894 -1.2176
        vertex 5.9708 2.1594 -1.4142
        vertex 5.1828 2.2954 -1.4142
    endloop
endfacet
facet normal 13.4846 8.7960 -0.4915
    outer loop
        vertex 5.2162 2.4891 -1.5868
        vertex 5.1828 2.2954 -1.4142
        vertex 5.9708 2.1594 -1.4142
    endloop
endfacet
facet normal 13.4846 8.7960 -0.4915
    outer loop
        vertex 5.9708 2.1594 -1.4142
        vertex 6.0042 2.3531 -1.5868
        vertex 5.2162 2.4891 -1.5868
    endloop
endfacet
facet normal 13.4963 8.8634 -0.5440
    outer loop
        vertex 5.2532 2.7034 -1.7320
        vertex 5.2162 2.4891 -1.5868
        vertex 6.0042 2.3531 -1.5868
    endloop
endfacet
facet normal 13.4963 8.8634 -0.5440
    outer loop
        vertex 6.0042 2.3531 -1.5868
        vertex 6.0412 2.5674 -1.7320
        vertex 5.2532 2.7034 -1.7320
    endloop
endfacet
facet normal 13.5088 8.9358 -0.5865
    outer loop
        vertex 5.2931 2.9345 -1.8478
        vertex 5.2532 2.7034 -1.7320
        vertex 6.0412 2.5674 -1.7320
    endloop
endfacet
facet normal 13.5088 8.9358 -0.5865
    outer loop
        vertex 6.0412 2.5674 -1.7320
        vertex 6.0811 2.7985 -1.8478
        vertex 5.2931 2.9345 -1.8478
    endloop
endfacet
facet normal 13.5223 9.0142 -0.6195
    outer loop
        vertex 5.3352 3.1786 -1.9318
        vertex 5.2931 2.9345 -1.8478
        vertex 6.0811 2.7985 -1.8478
    endloop
endfacet
facet normal 13.5223 9.0142 -0.6195
    outer loop
        vertex 6.0811 2.7985 -1.8478
        vertex 6.1232 3.0426 -1.9318
        vertex 5.3352 3.1786 -1.9318
    endloop
endfacet
facet normal 13.5363 9.0954 -0.6415
    outer loop
        vertex 5.3788 3.4313 -1.9828
        vertex 5.3352 3.1786 -1.9318
        vertex 6.1232 3.0426 -1.9318
    endloop
endfacet
facet normal 13.5363 9.0954 -0.6415
    outer loop
        vertex 6.1232 3.0426 -1.9318
        vertex 6.1668 3.2953 -1.9828
        vertex 5.3788 3.4313 -1.9828
    endloop
endfacet
facet normal 13.5507 9.1786 -0.6525
    outer loop
        vertex 5.4232 3.6884 -2.0000
        vertex 5.3788 3.4313 -1.9828
        vertex 6.1668 3.2953 -1.9828
    endloop
endfacet
facet normal 13.5507 9.1786 -0.6525
    outer loop
        vertex 6.1668 3.2953 -1.9828
        vertex 6.2112 3.5524 -2.0000
        vertex 5.4232 3.6884 -2.0000
    endloop
endfacet
facet normal 13.5653 9.2634 -0.6525
    outer loop
        vertex 5.4676 3.9455 -1.9828
        vertex 5.4232 3.6884 -2.0000
        vertex 6.2112 3.5524 -2.0000
    endloop
endfacet
facet normal 13.5653 9.2634 -0.6525
    outer loop
        vertex 6.2112 3.5524 -2.0000
        vertex 6.2556 3.8095 -1.9828
        vertex 5.4676 3.9455 -1.9828
    endloop
endfacet
facet normal 13.5797 9.3466 -0.6415
    outer loop
        vertex 5.5112 4.1982 -1.9318
        vertex 5.4676 3.9455 -1.9828
        vertex 6.2556 3.8095 -1.9828
    endloop
endfacet
facet normal 13.5797 9.3466 -0.6415
    outer loop
        vertex 6.2556 3.8095 -1.9828
        vertex 6.2992 4.0622 -1.9318
        vertex 5.5112 4.1982 -1.9318
    endloop
endfacet
facet normal 13.5937 9.4278 -0.6195
    outer loop
        vertex 5.5533 4.4423 -1.8478
        vertex 5.5112 4.1982 -1.9318
        vertex 6.2992 4.0622 -1.9318
    endloop
endfacet
facet normal 13.5937 9.4278 -0.6195
    outer loop
        vertex 6.2992 4.0622 -1.9318
        vertex 6.3413 4.3063 -1.8478
        vertex 5.5533 4.4423 -1.8478
    endloop
endfacet
facet normal 13.6072 9.5062 -0.5865
    outer loop
        vertex 5.5932 4.6734 -1.7320
        vertex 5.5533 4.4423 -1.8478
        vertex 6.3413 4.3063 -1.8478
    endloop
endfacet
facet normal 13.6072 9.5062 -0.5865
    outer loop
        vertex 6.3413 4.3063 -1.8478
        vertex 6.3812 4.5374 -1.7320
        vertex 5.5932 4.6734 -1.7320
    endloop
endfacet
facet normal 13.6197 9.5786 -0.5440
    outer loop
        vertex 5.6302 4.8877 -1.5868
        vertex 5.5932 4.6734 -1.7320
        vertex 6.3812 4.5374 -1.7320
    endloop
endfacet
facet normal 13.6197 9.5786 -0.5440
    outer loop
        vertex 6.3812 4.5374 -1.7320
        vertex 6.4182 4.7517 -1.5868
        vertex 5.6302 4.8877 -1.5868
    endloop
endfacet
facet normal 13.6314 9.6460 -0.4915
    outer loop
        vertex 5.6636 5.0814 -1.4142
        vertex 5.6302 4.8877 -1.5868
        vertex 6.4182 4.7517 -1.5868
    endloop
endfacet
facet normal 13.6314 9.6460 -0.4915
    outer loop
        vertex 6.4182 4.7517 -1.5868
        vertex 6.4516 4.9454 -1.4142
        vertex 5.6636 5.0814 -1.4142
    endloop
endfacet
facet normal 13.6416 9.7051 -0.4315
    outer loop
        vertex 5.6930 5.2514 -1.2176
        vertex 5.6636 5.0814 -1.4142
        vertex 6.4516 4.9454 -1.4142
    endloop
endfacet
facet normal 13.6416 9.7051 -0.4315
    outer loop
        vertex 6.4516 4.9454 -1.4142
        vertex 6.4810 5.1154 -1.2176
        vertex 5.6930 5.2514 -1.2176
    endloop
endfacet
facet normal 13.6505 9.7568 -0.3630
    outer loop
        vertex 5.7176 5.3944 -1.0000
        vertex 5.6930 5.2514 -1.2176
        vertex 6.4810 5.1154 -1.2176
    endloop
endfacet
facet normal 13.6505 9.7568 -0.3630
    outer loop
        vertex 6.4810 5.1154 -1.2176
        vertex 6.5056 5.2584 -1.0000
        vertex 5.7176 5.3944 -1.0000
    endloop
endfacet
facet normal 13.6577 9.7987 -0.2895
    outer loop
        vertex 5.7373 5.5085 -0.7654
        vertex 5.7176 5.3944 -1.0000
        vertex 6.5056 5.2584 -1.0000
    endloop
endfacet
facet normal 13.6577 9.7987 -0.2895
    outer loop
        vertex 6.5056 5.2584 -1.0000
        vertex 6.5253 5.3725 -0.7654
        vertex 5.7373 5.5085 -0.7654
    endloop
endfacet
facet normal 13.6633 9.8312 -0.2100
    outer loop
        vertex 5.7516 5.5912 -0.5176
        vertex 5.7373 5.5085 -0.7654
        vertex 6.5253 5.3725 -0.7654
    endloop
endfacet
facet normal 13.6633 9.8312 -0.2100
    outer loop
        vertex 6.5253 5.3725 -0.7654
        vertex 6.5396 5.4552 -0.5176
        vertex 5.7516 5.5912 -0.5176
    endloop
endfacet
facet normal 13.6671 9.8529 -0.1275
    outer loop
        vertex 5.7603 5.6415 -0.2610
        vertex 5.7516 5.5912 -0.5176
        vertex 6.5396 5.4552 -0.5176
    endloop
endfacet
facet normal 13.6671 9.8529 -0.1275
    outer loop
        vertex 6.5396 5.4552 -0.5176
        vertex 6.5483 5.5055 -0.2610
        vertex 5.7603 5.6415 -0.2610
    endloop
endfacet
facet normal 13.6689 9.8637 -0.0430
    outer loop
        vertex 5.7632 5.6584 0.0000
        vertex 5.7603 5.6415 -0.2610
        vertex 6.5483 5.5055 -0.2610
    endloop
endfacet
facet normal 13.6689 9.8637 -0.0430
    outer loop
        vertex 6.5483 5.5055 -0.2610
        vertex 6.5512 5.5224 0.0000
        vertex 5.7632 5.6584 0.0000
    endloop
endfacet
facet normal 13.5580 9.2124 0.0000
    outer loop
        vertex 5.7603 5.6415 0.2610
        vertex 5.7632 5.6584 2.0000
        vertex 5.7632 5.6584 0.0000
    endloop
endfacet
facet normal 13.5580 9.1977 0.0000
    outer loop
        vertex 5.7516 5.5912 0.5176
        vertex 5.7632 5.6584 2.0000
        vertex 5.7603 5.6415 0.2610
    endloop
endfacet
facet normal 13.5580 9.1856 0.0000
    outer loop
        vertex 5.7373 5.5085 0.7654
        vertex 5.7632 5.6584 2.0000
        vertex 5.7516 5.5912 0.5176
    endloop
endfacet
facet normal 13.5580 9.1763 0.0000
    outer loop
        vertex 5.7176 5.3944 1.0000
        vertex 5.7632 5.6584 2.0000
        vertex 5.7373 5.5085 0.7654
    endloop
endfacet
facet normal 13.5580 9.1701 0.0000
    outer loop
        vertex 5.6930 5.2514 1.2176
        vertex 5.7632 5.6584 2.0000
        vertex 5.7176 5.3944 1.0000
    endloop
endfacet
facet normal 13.5580 9.1669 0.0000
    outer loop
        vertex 5.6636 5.0814 1.4142
        vertex 5.7632 5.6584 2.0000
        vertex 5.6930 5.2514 1.2176
    endloop
endfacet
facet normal 13.5580 9.1669 0.0000
    outer loop
        vertex 5.6302 4.8877 1.5868
        vertex 5.7632 5.6584 2.0000
        vertex 5.6636 5.0814 1.4142
    endloop
endfacet
facet normal 13.5580 9.1701 0.0000
    outer loop
        vertex 5.5932 4.6734 1.7320
        vertex 5.7632 5.6584 2.0000
        vertex 5.6302 4.8877 1.5868
    endloop
endfacet
facet normal 13.5580 9.1763 0.0000
    outer loop
        vertex 5.5533 4.4423 1.8478
        vertex 5.7632 5.6584 2.0000
        vertex 5.5932 4.6734 1.7320
    endloop
endfacet
facet normal 13.5580 9.1856 0.0000
    outer loop
        vertex 5.5112 4.1982 1.9318
        vertex 5.7632 5.6584 2.0000
        vertex 5.5533 4.4423 1.8478
    endloop
endfacet
facet normal 13.5580 9.1977 0.0000
    outer loop
        vertex 5.4676 3.9455 1.9828
        vertex 5.7632 5.6584 2.0000
        vertex 5.5112 4.1982 1.9318
    endloop
endfacet
facet normal 13.5580 9.2124 0.0000
    outer loop
        vertex 5.4232 3.6884 2.0000
        vertex 5.7632 5.6584 2.0000
        vertex 5.4676 3.9455 1.9828
    endloop
endfacet
facet normal 13.5580 9.2124 0.0000
    outer loop
        vertex 5.3788 3.4313 1.9828
        vertex 5.0832 1.7184 2.0000
        vertex 5.4232 3.6884 2.0000
    endloop
endfacet
facet normal 13.5580 9.1977 0.0000
    outer loop
        vertex 5.3352 3.1786 1.9318
        vertex 5.0832 1.7184 2.0000
        vertex 5.3788 3.4313 1.9828
    endloop
endfacet
facet normal 13.5580 9.1856 0.0000
    outer loop
        vertex 5.2931 2.9345 1.8478
        vertex 5.0832 1.7184 2.0000
        vertex 5.3352 3.1786 1.9318
    endloop
endfacet
facet normal 13.5580 9.1763 0.0000
    outer loop
        vertex 5.2532 2.7034 1.7320
        vertex 5.0832 1.7184 2.0000
        vertex 5.2931 2.9345 1.8478
    endloop
endfacet
facet normal 13.5580 9.1701 0.0000
    outer loop
        vertex 5.2162 2.4891 1.5868
        vertex 5.0832 1.7184 2.0000
        vertex 5.2532 2.7034 1.7320
    endloop
endfacet
facet normal 13.5580 9.1669 0.0000
    outer loop
        vertex 5.1828 2.2954 1.4142
        vertex 5.0832 1.7184 2.0000
        vertex 5.2162 2.4891 1.5868
    endloop
endfacet
facet normal 13.5580 9.1669 0.0000
    outer loop
        vertex 5.1534 2.1254 1.2176
        vertex 5.0832 1.7184 2.0000
        vertex 5.1828 2.2954 1.4142
    endloop
endfacet
facet normal 13.5580 9.1701 0.0000
    outer loop
        vertex 5.1288 1.9824 1.0000
        vertex 5.0832 1.7184 2.0000
        vertex 5.1534 2.1254 1.2176
    endloop
endfacet
facet normal 13.5580 9.1763 0.0000
    outer loop
        vertex 5.1091 1.8683 0.7654
        vertex 5.0832 1.7184 2.0000
        vertex 5.1288 1.9824 1.0000
    endloop
endfacet
facet normal 13.5580 9.1856 0.0000
    outer loop
        vertex 5.0948 1.7856 0.5176
        vertex 5.0832 1.7184 2.0000
        vertex 5.1091 1.8683 0.7654
    endloop
endfacet
facet normal 13.5580 9.1977 0.0000
    outer loop
        vertex 5.0861 1.7353 0.2610
        vertex 5.0832 1.7184 2.0000
        vertex 5.0948 1.7856 0.5176
    endloop
endfacet
facet normal 13.5580 9.2124 0.0000
    outer loop
        vertex 5.0832 1.7184 0.0000
        vertex 5.0832 1.7184 2.0000
        vertex 5.0861 1.7353 0.2610
    endloop
endfacet
facet normal 13.5580 9.2124 0.0000
    outer loop
        vertex 5.0861 1.7353 -0.2610
        vertex 5.0832 1.7184 -2.0000
        vertex 5.0832 1.7184 0.0000
    endloop
endfacet
facet normal 13.5580 9.1977 0.0000
    outer loop
        vertex 5.0948 1.7856 -0.5176
        vertex 5.0832 1.7184 -2.0000
        vertex 5.0861 1.7353 -0.2610
    endloop
endfacet
facet normal 13.5580 9.1856 0.0000
    outer loop
        vertex 5.1091 1.8683 -0.7654
        vertex 5.0832 1.7184 -2.0000
        vertex 5.0948 1.7856 -0.5176
    endloop
endfacet
facet normal 13.5580 9.1763 0.0000
    outer loop
        vertex 5.1288 1.9824 -1.0000
        vertex 5.0832 1.7184 -2.0000
        vertex 5.1091 1.8683 -0.7654
    endloop
endfacet
facet normal 13.5580 9.1701 0.0000
    outer loop
        vertex 5.1534 2.1254 -1.2176
        vertex 5.0832 1.7184 -2.0000
        vertex 5.1288 1.9824 -1.0000
    endloop
endfacet
facet normal 13.5580 9.1669 0.0000
    outer loop
        vertex 5.1828 2.2954 -1.4142
        vertex 5.0832 1.7184 -2.0000
        vertex 5.1534 2.1254 -1.2176
    endloop
endfacet
facet normal 13.5580 9.1669 0.0000
    outer loop
        vertex 5.2162 2.4891 -1.5868
        vertex 5.0832 1.7184 -2.0000
        vertex 5.1828 2.2954 -1.4142
    endloop
endfacet
facet normal 13.5580 9.1701 0.0000
    outer loop
        vertex 5.2532 2.7034 -1.7320
        vertex 5.0832 1.7184 -2.0000
        vertex 5.2162 2.4891 -1.5868
    endloop
endfacet
facet normal 13.5580 9.1763 0.0000
    outer loop
        vertex 5.2931 2.9345 -1.8478
        vertex 5.0832 1.7184 -2.0000
        vertex 5.2532 2.7034 -1.7320
    endloop
endfacet
facet normal 13.5580 9.1856 0.0000
    outer loop
        vertex 5.3352 3.1786 -1.9318
        vertex 5.0832 1.7184 -2.0000
        vertex 5.2931 2.9345 -1.8478
    endloop
endfacet
facet normal 13.5580 9.1977 0.0000
    outer loop
        vertex 5.3788 3.4313 -1.9828
        vertex 5.0832 1.7184 -2.0000
        vertex 5.3352 3.1786 -1.9318
    endloop
endfacet
facet normal 13.5580 9.2124 0.0000
    outer loop
        vertex 5.4232 3.6884 -2.0000
        vertex 5.0832 1.7184 -2.0000
        vertex 5.3788 3.4313 -1.9828
    endloop
endfacet
facet normal 13.5580 9.2124 0.0000
    outer loop
        vertex 5.4676 3.9455 -1.9828
        vertex 5.7632 5.6584 -2.0000
        vertex 5.4232 3.6884 -2.0000
    endloop
endfacet
facet normal 13.5580 9.1977 0.0000
    outer loop
        vertex 5.5112 4.1982 -1.9318
        vertex 5.7632 5.6584 -2.0000
        vertex 5.4676 3.9455 -1.9828
    endloop
endfacet
facet normal 13.5580 9.1856 0.0000
    outer loop
        vertex 5.5533 4.4423 -1.8478
        vertex 5.7632 5.6584 -2.0000
        vertex 5.5112 4.1982 -1.9318
    endloop
endfacet
facet normal 13.5580 9.1763 0.0000
    outer loop
        vertex 5.5932 4.6734 -1.7320
        vertex 5.7632 5.6584 -2.0000
        vertex 5.5533 4.4423 -1.8478
    endloop
endfacet
facet normal 13.5580 9.1701 0.0000
    outer loop
        vertex 5.6302 4.8877 -1.5868
        vertex 5.7632 5.6584 -2.0000
        vertex 5.5932 4.6734 -1.7320
    endloop
endfacet
facet normal 13.5580 9.1669 0.0000
    outer loop
        vertex 5.6636 5.0814 -1.4142
        vertex 5.7632 5.6584 -2.0000
        vertex 5.6302 4.8877 -1.5868
    endloop
endfacet
facet normal 13.5580 9.1669 0.0000
    outer loop
        vertex 5.6930 5.2514 -1.2176
        vertex 5.7632 5.6584 -2.0000
        vertex 5.6636 5.0814 -1.4142
    endloop
endfacet
facet normal 13.5580 9.1701 0.0000
    outer loop
        vertex 5.7176 5.3944 -1.0000
        vertex 5.7632 5.6584 -2.0000
        vertex 5.6930 5.2514 -1.2176
    endloop
endfacet
facet normal 13.5580 9.1763 0.0000
    outer loop
        vertex 5.7373 5.5085 -0.7654
        vertex 5.7632 5.6584 -2.0000
        vertex 5.7176 5.3944 -1.0000
    endloop
endfacet
facet normal 13.5580 9.1856 0.0000
    outer loop
        vertex 5.7516 5.5912 -0.5176
        vertex 5.7632 5.6584 -2.0000
        vertex 5.7373 5.5085 -0.7654
    endloop
endfacet
facet normal 13.5580 9.1977 0.0000
    outer loop
        vertex 5.7603 5.6415 -0.2610
        vertex 5.7632 5.6584 -2.0000
        vertex 5.7516 5.5912 -0.5176
    endloop
endfacet
facet normal 13.5580 9.2124 0.0000
    outer loop
        vertex 5.7632 5.6584 0.0000
        vertex 5.7632 5.6584 -2.0000
        vertex 5.7603 5.6415 -0.2610
    endloop
endfacet
facet normal 15.5280 8.8724 0.0000
    outer loop
        vertex 6.5483 5.5055 0.2610
        vertex 6.5512 5.5224 0.0000
        vertex 6.5512 5.5224 2.0000
    endloop
endfacet
facet normal 15.5280 8.8577 0.0000
    outer loop
        vertex 6.5396 5.4552 0.5176
        vertex 6.5483 5.5055 0.2610
        vertex 6.5512 5.5224 2.0000
    endloop
endfacet
facet normal 15.5280 8.8456 0.0000
    outer loop
        vertex 6.5253 5.3725 0.7654
        vertex 6.5396 5.4552 0.5176
        vertex 6.5512 5.5224 2.0000
    endloop
endfacet
facet normal 15.5280 8.8363 0.0000
    outer loop
        vertex 6.5056 5.2584 1.0000
        vertex 6.5253 5.3725 0.7654
        vertex 6.5512 5.5224 2.0000
    endloop
endfacet
facet normal 15.5280 8.8301 0.0000
    outer loop
        vertex 6.4810 5.1154 1.2176
        vertex 6.5056 5.2584 1.0000
        vertex 6.5512 5.5224 2.0000
    endloop
endfacet
facet normal 15.5280 8.8269 0.0000
    outer loop
        vertex 6.4516 4.9454 1.4142
        vertex 6.4810 5.1154 1.2176
        vertex 6.5512 5.5224 2.0000
    endloop
endfacet
facet normal 15.5280 8.8269 0.0000
    outer loop
        vertex 6.4182 4.7517 1.5868
        vertex 6.4516 4.9454 1.4142
        vertex 6.5512 5.5224 2.0000
    endloop
endfacet
facet normal 15.5280 8.8301 0.0000
    outer loop
        vertex 6.3812 4.5374 1.7320
        vertex 6.4182 4.7517 1.5868
        vertex 6.5512 5.5224 2.0000
    endloop
endfacet
facet normal 15.5280 8.8363 0.0000
    outer loop
        vertex 6.3413 4.3063 1.8478
        vertex 6.3812 4.5374 1.7320
        vertex 6.5512 5.5224 2.0000
    endloop
endfacet
facet normal 15.5280 8.8456 0.0000
    outer loop
        vertex 6.2992 4.0622 1.9318
        vertex 6.3413 4.3063 1.8478
        vertex 6.5512 5.5224 2.0000
    endloop
endfacet
facet normal 15.5280 8.8577 0.0000
    outer loop
        vertex 6.2556 3.8095 1.9828
        vertex 6.2992 4.0622 1.9318
        vertex 6.5512 5.5224 2.0000
    endloop
endfacet
facet normal 15.5280 8.8724 0.0000
    outer loop
        vertex 6.2112 3.5524 2.0000
        vertex 6.2556 3.8095 1.9828
        vertex 6.5512 5.5224 2.0000
    endloop
endfacet
facet normal 15.5280 8.8724 0.0000
    outer loop
        vertex 6.1668 3.2953 1.9828
        vertex 6.2112 3.5524 2.0000
        vertex 5.8712 1.5824 2.0000
    endloop
endfacet
facet normal 15.5280 8.8577 0.0000
    outer loop
        vertex 6.1232 3.0426 1.9318
        vertex 6.1668 3.2953 1.9828
        vertex 5.8712 1.5824 2.0000
    endloop
endfacet
facet normal 15.5280 8.8456 0.0000
    outer loop
        vertex 6.0811 2.7985 1.8478
        vertex 6.1232 3.0426 1.9318
        vertex 5.8712 1.5824 2.0000
    endloop
endfacet
facet normal 15.5280 8.8363 0.0000
    outer loop
        vertex 6.0412 2.5674 1.7320
        vertex 6.0811 2.7985 1.8478
        vertex 5.8712 1.5824 2.0000
    endloop
endfacet
facet normal 15.5280 8.8301 0.0000
    outer loop
        vertex 6.0042 2.3531 1.5868
        vertex 6.0412 2.5674 1.7320
        vertex 5.8712 1.5824 2.0000
    endloop
endfacet
facet normal 15.5280 8.8269 0.0000
    outer loop
        vertex 5.9708 2.1594 1.4142
        vertex 6.0042 2.3531 1.5868
        vertex 5.8712 1.5824 2.0000
    endloop
endfacet
facet normal 15.5280 8.8269 0.0000
    outer loop
        vertex 5.9414 1.9894 1.2176
        vertex 5.9708 2.1594 1.4142
        vertex 5.8712 1.5824 2.0000
    endloop
endfacet
facet normal 15.5280 8.8301 0.0000
    outer loop
        vertex 5.9168 1.8464 1.0000
        vertex 5.9414 1.9894 1.2176
        vertex 5.8712 1.5824 2.0000
    endloop
endfacet
facet normal 15.5280 8.8363 0.0000
    outer loop
        vertex 5.8971 1.7323 0.7654
        vertex 5.9168 1.8464 1.0000
        vertex 5.8712 1.5824 2.0000
    endloop
endfacet
facet normal 15.5280 8.8456 0.0000
    outer loop
        vertex 5.8828 1.6496 0.5176
        vertex 5.8971 1.7323 0.7654
        vertex 5.8712 1.5824 2.0000
    endloop
endfacet
facet normal 15.5280 8.8577 0.0000
    outer loop
        vertex 5.8741 1.5993 0.2610
        vertex 5.8828 1.6496 0.5176
        vertex 5.8712 1.5824 2.0000
    endloop
endfacet
facet normal 15.5280 8.8724 0.0000
    outer loop
        vertex 5.8712 1.5824 0.0000
        vertex 5.8741 1.5993 0.2610
        vertex 5.8712 1.5824 2.0000
    endloop
endfacet
facet normal 15.5280 8.8724 0.0000
    outer loop
        vertex 5.8741 1.5993 -0.2610
        vertex 5.8712 1.5824 0.0000
        vertex 5.8712 1.5824 -2.0000
    endloop
endfacet
facet normal 15.5280 8.8577 0.0000
    outer loop
        vertex 5.8828 1.6496 -0.5176
        vertex 5.8741 1.5993 -0.2610
        vertex 5.8712 1.5824 -2.0000
    endloop
endfacet
facet normal 15.5280 8.8456 0.0000
    outer loop
        vertex 5.8971 1.7323 -0.7654
        vertex 5.8828 1.6496 -0.5176
        vertex 5.8712 1.5824 -2.0000
    endloop
endfacet
facet normal 15.5280 8.8363 0.0000
    outer loop
        vertex 5.9168 1.8464 -1.0000
        vertex 5.8971 1.7323 -0.7654
        vertex 5.8712 1.5824 -2.0000
    endloop
endfacet
facet normal 15.5280 8.8301 0.0000
    outer loop
        vertex 5.9414 1.9894 -1.2176
        vertex 5.9168 1.8464 -1.0000
        vertex 5.8712 1.5824 -2.0000
    endloop
endfacet
facet normal 15.5280 8.8269 0.0000
    outer loop
        vertex 5.9708 2.1594 -1.4142
        vertex 5.9414 1.9894 -1.2176
        vertex 5.8712 1.5824 -2.0000
    endloop
endfacet
facet normal 15.5280 8.8269 0.0000
    outer loop
        vertex 6.0042 2.3531 -1.5868
        vertex 5.9708 2.1594 -1.4142
        vertex 5.8712 1.5824 -2.0000
    endloop
endfacet
facet normal 15.5280 8.8301 0.0000
    outer loop
        vertex 6.0412 2.5674 -1.7320
        vertex 6.0042 2.3531 -1.5868
        vertex 5.8712 1.5824 -2.0000
    endloop
endfacet
facet normal 15.5280 8.8363 0.0000
    outer loop
        vertex 6.0811 2.7985 -1.8478
        vertex 6.0412 2.5674 -1.7320
        vertex 5.8712 1.5824 -2.0000
    endloop
endfacet
facet normal 15.5280 8.8456 0.0000
    outer loop
        vertex 6.1232 3.0426 -1.9318
        vertex 6.0811 2.7985 -1.8478
        vertex 5.8712 1.5824 -2.0000
    endloop
endfacet
facet normal 15.5280 8.8577 0.0000
    outer loop
        vertex 6.1668 3.2953 -1.9828
        vertex 6.1232 3.0426 -1.9318
        vertex 5.8712 1.5824 -2.0000
    endloop
endfacet
facet normal 15.5280 8.8724 0.0000
    outer loop
        vertex 6.2112 3.5524 -2.0000
        vertex 6.1668 3.2953 -1.9828
        vertex 5.8712 1.5824 -2.0000
    endloop
endfacet
facet normal 15.5280 8.8724 0.0000
    outer loop
        vertex 6.2556 3.8095 -1.9828
        vertex 6.2112 3.5524 -2.0000
        vertex 6.5512 5.5224 -2.0000
    endloop
endfacet
facet normal 15.5280 8.8577 0.0000
    outer loop
        vertex 6.2992 4.0622 -1.9318
        vertex 6.2556 3.8095 -1.9828
        vertex 6.5512 5.5224 -2.0000
    endloop
endfacet
facet normal 15.5280 8.8456 0.0000
    outer loop
        vertex 6.3413 4.3063 -1.8478
        vertex 6.2992 4.0622 -1.9318
        vertex 6.5512 5.5224 -2.0000
    endloop
endfacet
facet normal 15.5280 8.8363 0.0000
    outer loop
        vertex 6.3812 4.5374 -1.7320
        vertex 6.3413 4.3063 -1.8478
        vertex 6.5512 5.5224 -2.0000
    endloop
endfacet
facet normal 15.5280 8.8301 0.0000
    outer loop
        vertex 6.4182 4.7517 -1.5868
        vertex 6.3812 4.5374 -1.7320
        vertex 6.5512 5.5224 -2.0000
    endloop
endfacet
facet normal 15.5280 8.8269 0.0000
    outer loop
        vertex 6.4516 4.9454 -1.4142
        vertex 6.4182 4.7517 -1.5868
        vertex 6.5512 5.5224 -2.0000
    endloop
endfacet
facet normal 15.5280 8.8269 0.0000
    outer loop
        vertex 6.4810 5.1154 -1.2176
        vertex 6.4516 4.9454 -1.4142
        vertex 6.5512 5.5224 -2.0000
    endloop
endfacet
facet normal 15.5280 8.8301 0.0000
    outer loop
        vertex 6.5056 5.2584 -1.0000
        vertex 6.4810 5.1154 -1.2176
        vertex 6.5512 5.5224 -2.0000
    endloop
endfacet
facet normal 15.5280 8.8363 0.0000
    outer loop
        vertex 6.5253 5.3725 -0.7654
        vertex 6.5056 5.2584 -1.0000
        vertex 6.5512 5.5224 -2.0000
    endloop
endfacet
facet normal 15.5280 8.8456 0.0000
    outer loop
        vertex 6.5396 5.4552 -0.5176
        vertex 6.5253 5.3725 -0.7654
        vertex 6.5512 5.5224 -2.0000
    endloop
endfacet
facet normal 15.5280 8.8577 0.0000
    outer loop
        vertex 6.5483 5.5055 -0.2610
        vertex 6.5396 5.4552 -0.5176
        vertex 6.5512 5.5224 -2.0000
    endloop
endfacet
facet normal 15.5280 8.8724 0.0000
    outer loop
        vertex 6.5512 5.5224 0.0000
        vertex 6.5483 5.5055 -0.2610
        vertex 6.5512 5.5224 -2.0000
    endloop
endfacet
facet normal -13.4471 8.5783 -0.0430
    outer loop
        vertex -5.7603 5.6415 0.2610
        vertex -6.5512 5.5224 0.0000
        vertex -5.7632 5.6584 0.0000
    endloop
endfacet
facet normal -13.4471 8.5783 -0.0430
    outer loop
        vertex -6.5512 5.5224 0.0000
        vertex -5.7603 5.6415 0.2610
        vertex -6.5483 5.5055 0.2610
    endloop
endfacet
facet normal -13.4489 8.5891 -0.1275
    outer loop
        vertex -5.7516 5.5912 0.5176
        vertex -6.5483 5.5055 0.2610
        vertex -5.7603 5.6415 0.2610
    endloop
endfacet
facet normal -13.4489 8.5891 -0.1275
    outer loop
        vertex -6.5483 5.5055 0.2610
        vertex -5.7516 5.5912 0.5176
        vertex -6.5396 5.4552 0.5176
    endloop
endfacet
facet normal -13.4527 8.6108 -0.2100
    outer loop
        vertex -5.7373 5.5085 0.7654
        vertex -6.5396 5.4552 0.5176
        vertex -5.7516 5.5912 0.5176
    endloop
endfacet
facet normal -13.4527 8.6108 -0.2100
    outer loop
        vertex -6.5396 5.4552 0.5176
        vertex -5.7373 5.5085 0.7654
        vertex -6.5253 5.3725 0.7654
    endloop
endfacet
facet normal -13.4583 8.6433 -0.2895
    outer loop
        vertex -5.7176 5.3944 1.0000
        vertex -6.5253 5.3725 0.7654
        vertex -5.7373 5.5085 0.7654
    endloop
endfacet
facet normal -13.4583 8.6433 -0.2895
    outer loop
        vertex -6.5253 5.3725 0.7654
        vertex -5.7176 5.3944 1.0000
        vertex -6.5056 5.2584 1.0000
    endloop
endfacet
facet normal -13.4655 8.6852 -0.3630
    outer loop
        vertex -5.6930 5.2514 1.2176
        vertex -6.5056 5.2584 1.0000
        vertex -5.7176 5.3944 1.0000
    endloop
endfacet
facet normal -13.4655 8.6852 -0.3630
    outer loop
        vertex -6.5056 5.2584 1.0000
        vertex -5.6930 5.2514 1.2176
        vertex -6.4810 5.1154 1.2176
    endloop
endfacet
facet normal -13.4744 8.7369 -0.4315
    outer loop
        vertex -5.6636 5.0814 1.4142
        vertex -6.4810 5.1154 1.2176
        vertex -5.6930 5.2514 1.2176
    endloop
endfacet
facet normal -13.4744 8.7369 -0.4315
    outer loop
        vertex -6.4810 5.1154 1.2176
        vertex -5.6636 5.0814 1.4142
        vertex -6.4516 4.9454 1.4142
    endloop
endfacet
facet normal -13.4846 8.7960 -0.4915
    outer loop
        vertex -5.6302 4.8877 1.5868
        vertex -6.4516 4.9454 1.4142
        vertex -5.6636 5.0814 1.4142
    endloop
endfacet
facet normal -13.4846 8.7960 -0.4915
    outer loop
        vertex -6.4516 4.9454 1.4142
        vertex -5.6302 4.8877 1.5868
        vertex -6.4182 4.7517 1.5868
    endloop
endfacet
facet normal -13.4963 8.8634 -0.5440
    outer loop
        vertex -5.5932 4.6734 1.7320
        vertex -6.4182 4.7517 1.5868
        vertex -5.6302 4.8877 1.5868
    endloop
endfacet
facet normal -13.4963 8.8634 -0.5440
    outer loop
        vertex -6.4182 4.7517 1.5868
        vertex -5.5932 4.6734 1.7320
        vertex -6.3812 4.5374 1.7320
    endloop
endfacet
facet normal -13.5088 8.9358 -0.5865
    outer loop
        vertex -5.5533 4.4423 1.8478
        vertex -6.3812 4.5374 1.7320
        vertex -5.5932 4.6734 1.7320
    endloop
endfacet
facet normal -13.5088 8.9358 -0.5865
    outer loop
        vertex -6.3812 4.5374 1.7320
        vertex -5.5533 4.4423 1.8478
        vertex -6.3413 4.3063 1.8478
    endloop
endfacet
facet normal -13.5223 9.0142 -0.6195
    outer loop
        vertex -5.5112 4.1982 1.9318
        vertex -6.3413 4.3063 1.8478
        vertex -5.5533 4.4423 1.8478
    endloop
endfacet
facet normal -13.5223 9.0142 -0.6195
    outer loop
        vertex -6.3413 4.3063 1.8478
        vertex -5.5112 4.1982 1.9318
        vertex -6.2992 4.0622 1.9318
    endloop
endfacet
facet normal -13.5363 9.0954 -0.6415
    outer loop
        vertex -5.4676 3.9455 1.9828
        vertex -6.2992 4.0622 1.9318
        vertex -5.5112 4.1982 1.9318
    endloop
endfacet
facet normal -13.5363 9.0954 -0.6415
    outer loop
        vertex -6.2992 4.0622 1.9318
        vertex -5.4676 3.9455 1.9828
        vertex -6.2556 3.8095 1.9828
    endloop
endfacet
facet normal -13.5507 9.1786 -0.6525
    outer loop
        vertex -5.4232 3.6884 2.0000
        vertex -6.2556 3.8095 1.9828
        vertex -5.4676 3.9455 1.9828
    endloop
endfacet
facet normal -13.5507 9.1786 -0.6525
    outer loop
        vertex -6.2556 3.8095 1.9828
        vertex -5.4232 3.6884 2.0000
        vertex -6.2112 3.5524 2.0000
    endloop
endfacet
facet normal -13.5653 9.2634 -0.6525
    outer loop
        vertex -5.3788 3.4313 1.9828
        vertex -6.2112 3.5524 2.0000
        vertex -5.4232 3.6884 2.0000
    endloop
endfacet
facet normal -13.5653 9.2634 -0.6525
    outer loop
        vertex -6.2112 3.5524 2.0000
        vertex -5.3788 3.4313 1.9828
        vertex -6.1668 3.2953 1.9828
    endloop
endfacet
facet normal -13.5797 9.3466 -0.6415
    outer loop
        vertex -5.3352 3.1786 1.9318
        vertex -6.1668 3.2953 1.9828
        vertex -5.3788 3.4313 1.9828
    endloop
endfacet
facet normal -13.5797 9.3466 -0.6415
    outer loop
        vertex -6.1668 3.2953 1.9828
        vertex -5.3352 3.1786 1.9318
        vertex -6.1232 3.0426 1.9318
    endloop
endfacet
facet normal -13.5937 9.4278 -0.6195
    outer loop
        vertex -5.2931 2.9345 1.8478
        vertex -6.1232 3.0426 1.9318
        vertex -5.3352 3.1786 1.9318
    endloop
endfacet
facet normal -13.5937 9.4278 -0.6195
    outer loop
        vertex -6.1232 3.0426 1.9318
        vertex -5.2931 2.9345 1.8478
        vertex -6.0811 2.7985 1.8478
    endloop
endfacet
facet normal -13.6072 9.5062 -0.5865
    outer loop
        vertex -5.2532 2.7034 1.7320
        vertex -6.0811 2.7985 1.8478
        vertex -5.2931 2.9345 1.8478
    endloop
endfacet
facet normal -13.6072 9.5062 -0.5865
    outer loop
        vertex -6.0811 2.7985 1.8478
        vertex -5.2532 2.7034 1.7320
        vertex -6.0412 2.5674 1.7320
    endloop
endfacet
facet normal -13.6197 9.5786 -0.5440
    outer loop
        vertex -5.2162 2.4891 1.5868
        vertex -6.0412 2.5674 1.7320
        vertex -5.2532 2.7034 1.7320
    endloop
endfacet
facet normal -13.6197 9.5786 -0.5440
    outer loop
        vertex -6.0412 2.5674 1.7320
        vertex -5.2162 2.4891 1.5868
        vertex -6.0042 2.3531 1.5868
    endloop
endfacet
facet normal -13.6314 9.6460 -0.4915
    outer loop
        vertex -5.1828 2.2954 1.4142
        vertex -6.0042 2.3531 1.5868
        vertex -5.2162 2.4891 1.5868
    endloop
endfacet
facet normal -13.6314 9.6460 -0.4915
    outer loop
        vertex -6.0042 2.3531 1.5868
        vertex -5.1828 2.2954 1.4142
        vertex -5.9708 2.1594 1.4142
    endloop
endfacet
facet normal -13.6416 9.7051 -0.4315
    outer loop
        vertex -5.1534 2.1254 1.2176
        vertex -5.9708 2.1594 1.4142
        vertex -5.1828 2.2954 1.4142
    endloop
endfacet
facet normal -13.6416 9.7051 -0.4315
    outer loop
        vertex -5.9708 2.1594 1.4142
        vertex -5.1534 2.1254 1.2176
        vertex -5.9414 1.9894 1.2176
    endloop
endfacet
facet normal -13.6505 9.7568 -0.3630
    outer loop
        vertex -5.1288 1.9824 1.0000
        vertex -5.9414 1.9894 1.2176
        vertex -5.1534 2.1254 1.2176
    endloop
endfacet
facet normal -13.6505 9.7568 -0.3630
    outer loop
        vertex -5.9414 1.9894 1.2176
        vertex -5.1288 1.9824 1.0000
        vertex -5.9168 1.8464 1.0000
    endloop
endfacet
facet normal -13.6577 9.7987 -0.2895
    outer loop
        vertex -5.1091 1.8683 0.7654
        vertex -5.9168 1.8464 1.0000
        vertex -5.1288 1.9824 1.0000
    endloop
endfacet
facet normal -13.6577 9.7987 -0.2895
    outer loop
        vertex -5.9168 1.8464 1.0000
        vertex -5.1091 1.8683 0.7654
        vertex -5.8971 1.7323 0.7654
    endloop
endfacet
facet normal -13.6633 9.8312 -0.2100
    outer loop
        vertex -5.0948 1.7856 0.5176
        vertex -5.8971 1.7323 0.7654
        vertex -5.1091 1.8683 0.7654
    endloop
endfacet
facet normal -13.6633 9.8312 -0.2100
    outer loop
        vertex -5.8971 1.7323 0.7654
        vertex -5.0948 1.7856 0.5176
        vertex -5.8828 1.6496 0.5176
    endloop
endfacet
facet normal -13.6671 9.8529 -0.1275
    outer loop
        vertex -5.0861 1.7353 0.2610
        vertex -5.8828 1.6496 0.5176
        vertex -5.0948 1.7856 0.5176
    endloop
endfacet
facet normal -13.6671 9.8529 -0.1275
    outer loop
        vertex -5.8828 1.6496 0.5176
        vertex -5.0861 1.7353 0.2610
        vertex -5.8741 1.5993 0.2610
    endloop
endfacet
facet normal -13.6689 9.8637 -0.0430
    outer loop
        vertex -5.0832 1.7184 0.0000
        vertex -5.8741 1.5993 0.2610
        vertex -5.0861 1.7353 0.2610
    endloop
endfacet
facet normal -13.6689 9.8637 -0.0430
    outer loop
        vertex -5.8741 1.5993 0.2610
        vertex -5.0832 1.7184 0.0000
        vertex -5.8712 1.5824 0.0000
    endloop
endfacet
facet normal -13.6689 9.8637 0.0430
    outer loop
        vertex -5.0861 1.7353 -0.2610
        vertex -5.8712 1.5824 0.0000
        vertex -5.0832 1.7184 0.0000
    endloop
endfacet
facet normal -13.6689 9.8637 0.0430
    outer loop
        vertex -5.8712 1.5824 0.0000
        vertex -5.0861 1.7353 -0.2610
        vertex -5.8741 1.5993 -0.2610
    endloop
endfacet
facet normal -13.6671 9.8529 0.1275
    outer loop
        vertex -5.0948 1.7856 -0.5176
        vertex -5.8741 1.5993 -0.2610
        vertex -5.0861 1.7353 -0.2610
    endloop
endfacet
facet normal -13.6671 9.8529 0.1275
    outer loop
        vertex -5.8741 1.5993 -0.2610
        vertex -5.0948 1.7856 -0.5176
        vertex -5.8828 1.6496 -0.5176
    endloop
endfacet
facet normal -13.6633 9.8312 0.2100
    outer loop
        vertex -5.1091 1.8683 -0.7654
        vertex -5.8828 1.6496 -0.5176
        vertex -5.0948 1.7856 -0.5176
    endloop
endfacet
facet normal -13.6633 9.8312 0.2100
    outer loop
        vertex -5.8828 1.6496 -0.5176
        vertex -5.1091 1.8683 -0.7654
        vertex -5.8971 1.7323 -0.7654
    endloop
endfacet
facet normal -13.6577 9.7987 0.2895
    outer loop
        vertex -5.1288 1.9824 -1.0000
        vertex -5.8971 1.7323 -0.7654
        vertex -5.1091 1.8683 -0.7654
    endloop
endfacet
facet normal -13.6577 9.7987 0.2895
    outer loop
        vertex -5.8971 1.7323 -0.7654
        vertex -5.1288 1.9824 -1.0000
        vertex -5.9168 1.8464 -1.0000
    endloop
endfacet
facet normal -13.6505 9.7568 0.3630
    outer loop
        vertex -5.1534 2.1254 -1.2176
        vertex -5.9168 1.8464 -1.0000
        vertex -5.1288 1.9824 -1.0000
    endloop
endfacet
facet normal -13.6505 9.7568 0.3630
    outer loop
        vertex -5.9168 1.8464 -1.0000
        vertex -5.1534 2.1254 -1.2176
        vertex -5.9414 1.9894 -1.2176
    endloop
endfacet
facet normal -13.6416 9.7051 0.4315
    outer loop
        vertex -5.1828 2.2954 -1.4142
        vertex -5.9414 1.9894 -1.2176
        vertex -5.1534 2.1254 -1.2176
    endloop
endfacet
facet normal -13.6416 9.7051 0.4315
    outer loop
        vertex -5.9414 1.9894 -1.2176
        vertex -5.1828 2.2954 -1.4142
        vertex -5.9708 2.1594 -1.4142
    endloop
endfacet
facet normal -13.6314 9.6460 0.4915
    outer loop
        vertex -5.2162 2.4891 -1.5868
        vertex -5.9708 2.1594 -1.4142
        vertex -5.1828 2.2954 -1.4142
    endloop
endfacet
facet normal -13.6314 9.6460 0.4915
    outer loop
        vertex -5.9708 2.1594 -1.4142
        vertex -5.2162 2.4891 -1.5868
        vertex -6.0042 2.3531 -1.5868
    endloop
endfacet
facet normal -13.6197 9.5786 0.5440
    outer loop
        vertex -5.2532 2.7034 -1.7320
        vertex -6.0042 2.3531 -1.5868
        vertex -5.2162 2.4891 -1.5868
    endloop
endfacet
facet normal -13.6197 9.5786 0.5440
    outer loop
        vertex -6.0042 2.3531 -1.5868
        vertex -5.2532 2.7034 -1.7320
        vertex -6.0412 2.5674 -1.7320
    endloop
endfacet
facet normal -13.6072 9.5062 0.5865
    outer loop
        vertex -5.2931 2.9345 -1.8478
        vertex -6.0412 2.5674 -1.7320
        vertex -5.2532 2.7034 -1.7320
    endloop
endfacet
facet normal -13.6072 9.5062 0.5865
    outer loop
        vertex -6.0412 2.5674 -1.7320
        vertex -5.2931 2.9345 -1.8478
        vertex -6.0811 2.7985 -1.8478
    endloop
endfacet
facet normal -13.5937 9.4278 0.6195
    outer loop
        vertex -5.3352 3.1786 -1.9318
        vertex -6.0811 2.7985 -1.8478
        vertex -5.2931 2.9345 -1.8478
    endloop
endfacet
facet normal -13.5937 9.4278 0.6195
    outer loop
        vertex -6.0811 2.7985 -1.8478
        vertex -5.3352 3.1786 -1.9318
        vertex -6.1232 3.0426 -1.9318
    endloop
endfacet
facet normal -13.5797 9.3466 0.6415
    outer loop
        vertex -5.3788 3.4313 -1.9828
        vertex -6.1232 3.0426 -1.9318
        vertex -5.3352 3.1786 -1.9318
    endloop
endfacet
facet normal -13.5797 9.3466 0.6415
    outer loop
        vertex -6.1232 3.0426 -1.9318
        vertex -5.3788 3.4313 -1.9828
        vertex -6.1668 3.2953 -1.9828
    endloop
endfacet
facet normal -13.5653 9.2634 0.6525
    outer loop
        vertex -5.4232 3.6884 -2.0000
        vertex -6.1668 3.2953 -1.9828
        vertex -5.3788 3.4313 -1.9828
    endloop
endfacet
facet normal -13.5653 9.2634 0.6525
    outer loop
        vertex -6.1668 3.2953 -1.9828
        vertex -5.4232 3.6884 -2.0000
        vertex -6.2112 3.5524 -2.0000
    endloop
endfacet
facet normal -13.5507 9.1786 0.6525
    outer loop
        vertex -5.4676 3.9455 -1.9828
        vertex -6.2112 3.5524 -2.0000
        vertex -5.4232 3.6884 -2.0000
    endloop
endfacet
facet normal -13.5507 9.1786 0.6525
    outer loop
        vertex -6.2112 3.5524 -2.0000
        vertex -5.4676 3.9455 -1.9828
        vertex -6.2556 3.8095 -1.9828
    endloop
endfacet
facet normal -13.5363 9.0954 0.6415
    outer loop
        vertex -5.5112 4.1982 -1.9318
        vertex -6.2556 3.8095 -1.9828
        vertex -5.4676 3.9455 -1.9828
    endloop
endfacet
facet normal -13.5363 9.0954 0.6415
    outer loop
        vertex -6.2556 3.8095 -1.9828
        vertex -5.5112 4.1982 -1.9318
        vertex -6.2992 4.0622 -1.9318
    endloop
endfacet
facet normal -13.5223 9.0142 0.6195
    outer loop
        vertex -5.5533 4.4423 -1.8478
        vertex -6.2992 4.0622 -1.9318
        vertex -5.5112 4.1982 -1.9318
    endloop
endfacet
facet normal -13.5223 9.0142 0.6195
    outer loop
        vertex -6.2992 4.0622 -1.9318
        vertex -5.5533 4.4423 -1.8478
        vertex -6.3413 4.3063 -1.8478
    endloop
endfacet
facet normal -13.5088 8.9358 0.5865
    outer loop
        vertex -5.5932 4.6734 -1.7320
        vertex -6.3413 4.3063 -1.8478
        vertex -5.5533 4.4423 -1.8478
    endloop
endfacet
facet normal -13.5088 8.9358 0.5865
    outer loop
        vertex -6.3413 4.3063 -1.8478
        vertex -5.5932 4.6734 -1.7320
        vertex -6.3812 4.5374 -1.7320
    endloop
endfacet
facet normal -13.4963 8.8634 0.5440
    outer loop
        vertex -5.6302 4.8877 -1.5868
        vertex -6.3812 4.5374 -1.7320
        vertex -5.5932 4.6734 -1.7320
    endloop
endfacet
facet normal -13.4963 8.8634 0.5440
    outer loop
        vertex -6.3812 4.5374 -1.7320
        vertex -5.6302 4.8877 -1.5868
        vertex -6.4182 4.7517 -1.5868
    endloop
endfacet
facet normal -13.4846 8.7960 0.4915
    outer loop
        vertex -5.6636 5.0814 -1.4142
        vertex -6.4182 4.7517 -1.5868
        vertex -5.6302 4.8877 -1.5868
    endloop
endfacet
facet normal -13.4846 8.7960 0.4915
    outer loop
        vertex -6.4182 4.7517 -1.5868
        vertex -5.6636 5.0814 -1.4142
        vertex -6.4516 4.9454 -1.4142
    endloop
endfacet
facet normal -13.4744 8.7369 0.4315
    outer loop
        vertex -5.6930 5.2514 -1.2176
        vertex -6.4516 4.9454 -1.4142
        vertex -5.6636 5.0814 -1.4142
    endloop
endfacet
facet normal -13.4744 8.7369 0.4315
    outer loop
        vertex -6.4516 4.9454 -1.4142
        vertex -5.6930 5.2514 -1.2176
        vertex -6.4810 5.1154 -1.2176
    endloop
endfacet
facet normal -13.4655 8.6852 0.3630
    outer loop
        vertex -5.7176 5.3944 -1.0000
        vertex -6.4810 5.1154 -1.2176
        vertex -5.6930 5.2514 -1.2176
    endloop
endfacet
facet normal -13.4655 8.6852 0.3630
    outer loop
        vertex -6.4810 5.1154 -1.2176
        vertex -5.7176 5.3944 -1.0000
        vertex -6.5056 5.2584 -1.0000
    endloop
endfacet
facet normal -13.4583 8.6433 0.2895
    outer loop
        vertex -5.7373 5.5085 -0.7654
        vertex -6.5056 5.2584 -1.0000
        vertex -5.7176 5.3944 -1.0000
    endloop
endfacet
facet normal -13.4583 8.6433 0.2895
    outer loop
        vertex -6.5056 5.2584 -1.0000
        vertex -5.7373 5.5085 -0.7654
        vertex -6.5253 5.3725 -0.7654
    endloop
endfacet
facet normal -13.4527 8.6108 0.2100
    outer loop
        vertex -5.7516 5.5912 -0.5176
        vertex -6.5253 5.3725 -0.7654
        vertex -5.7373 5.5085 -0.7654
    endloop
endfacet
facet normal -13.4527 8.6108 0.2100
    outer loop
        vertex -6.5253 5.3725 -0.7654
        vertex -5.7516 5.5912 -0.5176
        vertex -6.5396 5.4552 -0.5176
    endloop
endfacet
facet normal -13.4489 8.5891 0.1275
    outer loop
        vertex -5.7603 5.6415 -0.2610
        vertex -6.5396 5.4552 -0.5176
        vertex -5.7516 5.5912 -0.5176
    endloop
endfacet
facet normal -13.4489 8.5891 0.1275
    outer loop
        vertex -6.5396 5.4552 -0.5176
        vertex -5.7603 5.6415 -0.2610
        vertex -6.5483 5.5055 -0.2610
    endloop
endfacet
facet normal -13.4471 8.5783 0.0430
    outer loop
        vertex -5.7632 5.6584 0.0000
        vertex -6.5483 5.5055 -0.2610
        vertex -5.7603 5.6415 -0.2610
    endloop
endfacet
facet normal -13.4471 8.5783 0.0430
    outer loop
        vertex -6.5483 5.5055 -0.2610
        vertex -5.7632 5.6584 0.0000
        vertex -6.5512 5.5224 0.0000
    endloop
endfacet
facet normal -13.5580 9.2296 0.0000
    outer loop
        vertex -5.7603 5.6415 0.2610
        vertex -5.7632 5.6584 0.0000
        vertex -5.7632 5.6584 2.0000
    endloop
endfacet
facet normal -13.5580 9.2443 0.0000
    outer loop
        vertex -5.7516 5.5912 0.5176
        vertex -5.7603 5.6415 0.2610
        vertex -5.7632 5.6584 2.0000
    endloop
endfacet
facet normal -13.5580 9.2564 0.0000
    outer loop
        vertex -5.7373 5.5085 0.7654
        vertex -5.7516 5.5912 0.5176
        vertex -5.7632 5.6584 2.0000
    endloop
endfacet
facet normal -13.5580 9.2657 0.0000
    outer loop
        vertex -5.7176 5.3944 1.0000
        vertex -5.7373 5.5085 0.7654
        vertex -5.7632 5.6584 2.0000
    endloop
endfacet
facet normal -13.5580 9.2719 0.0000
    outer loop
        vertex -5.6930 5.2514 1.2176
        vertex -5.7176 5.3944 1.0000
        vertex -5.7632 5.6584 2.0000
    endloop
endfacet
facet normal -13.5580 9.2751 0.0000
    outer loop
        vertex -5.6636 5.0814 1.4142
        vertex -5.6930 5.2514 1.2176
        vertex -5.7632 5.6584 2.0000
    endloop
endfacet
facet normal -13.5580 9.2751 0.0000
    outer loop
        vertex -5.6302 4.8877 1.5868
        vertex -5.6636 5.0814 1.4142
        vertex -5.7632 5.6584 2.0000
    endloop
endfacet
facet normal -13.5580 9.2719 0.0000
    outer loop
        vertex -5.5932 4.6734 1.7320
        vertex -5.6302 4.8877 1.5868
        vertex -5.7632 5.6584 2.0000
    endloop
endfacet
facet normal -13.5580 9.2657 0.0000
    outer loop
        vertex -5.5533 4.4423 1.8478
        vertex -5.5932 4.6734 1.7320
        vertex -5.7632 5.6584 2.0000
    endloop
endfacet
facet normal -13.5580 9.2564 0.0000
    outer loop
        vertex -5.5112 4.1982 1.9318
        vertex -5.5533 4.4423 1.8478
        vertex -5.7632 5.6584 2.0000
    endloop
endfacet
facet normal -13.5580 9.2443 0.0000
    outer loop
        vertex -5.4676 3.9455 1.9828
        vertex -5.5112 4.1982 1.9318
        vertex -5.7632 5.6584 2.0000
    endloop
endfacet
facet normal -13.5580 9.2296 0.0000
    outer loop
        vertex -5.4232 3.6884 2.0000
        vertex -5.4676 3.9455 1.9828
        vertex -5.7632 5.6584 2.0000
    endloop
endfacet
facet normal -13.5580 9.2296 0.0000
    outer loop
        vertex -5.3788 3.4313 1.9828
        vertex -5.4232 3.6884 2.0000
        vertex -5.0832 1.7184 2.0000
    endloop
endfacet
facet normal -13.5580 9.2443 0.0000
    outer loop
        vertex -5.3352 3.1786 1.9318
        vertex -5.3788 3.4313 1.9828
        vertex -5.0832 1.7184 2.0000
    endloop
endfacet
facet normal -13.5580 9.2564 0.0000
    outer loop
        vertex -5.2931 2.9345 1.8478
        vertex -5.3352 3.1786 1.9318
        vertex -5.0832 1.7184 2.0000
    endloop
endfacet
facet normal -13.5580 9.2657 0.0000
    outer loop
        vertex -5.2532 2.7034 1.7320
        vertex -5.2931 2.9345 1.8478
        vertex -5.0832 1.7184 2.0000
    endloop
endfacet
facet normal -13.5580 9.2719 0.0000
    outer loop
        vertex -5.2162 2.4891 1.5868
        vertex -5.2532 2.7034 1.7320
        vertex -5.0832 1.7184 2.0000
    endloop
endfacet
facet normal -13.5580 9.2751 0.0000
    outer loop
        vertex -5.1828 2.2954 1.4142
        vertex -5.2162 2.4891 1.5868
        vertex -5.0832 1.7184 2.0000
    endloop
endfacet
facet normal -13.5580 9.2751 0.0000
    outer loop
        vertex -5.1534 2.1254 1.2176
        vertex -5.1828 2.2954 1.4142
        vertex -5.0832 1.7184 2.0000
    endloop
endfacet
facet normal -13.5580 9.2719 0.0000
    outer loop
        vertex -5.1288 1.9824 1.0000
        vertex -5.1534 2.1254 1.2176
        vertex -5.0832 1.7184 2.0000
    endloop
endfacet
facet normal -13.5580 9.2657 0.0000
    outer loop
        vertex -5.1091 1.8683 0.7654
        vertex -5.1288 1.9824 1.0000
        vertex -5.0832 1.7184 2.0000
    endloop
endfacet
facet normal -13.5580 9.2564 0.0000
    outer loop
        vertex -5.0948 1.7856 0.5176
        vertex -5.1091 1.8683 0.7654
        vertex -5.0832 1.7184 2.0000
    endloop
endfacet
facet normal -13.5580 9.2443 0.0000
    outer loop
        vertex -5.0861 1.7353 0.2610
        vertex -5.0948 1.7856 0.5176
        vertex -5.0832 1.7184 2.0000
    endloop
endfacet
facet normal -13.5580 9.2296 0.0000
    outer loop
        vertex -5.0832 1.7184 0.0000
        vertex -5.0861 1.7353 0.2610
        vertex -5.0832 1.7184 2.0000
    endloop
endfacet
facet normal -13.5580 9.2296 0.0000
    outer loop
        vertex -5.0861 1.7353 -0.2610
        vertex -5.0832 1.7184 0.0000
        vertex -5.0832 1.7184 -2.0000
    endloop
endfacet
facet normal -13.5580 9.2443 0.0000
    outer loop
        vertex -5.0948 1.7856 -0.5176
        vertex -5.0861 1.7353 -0.2610
        vertex -5.0832 1.7184 -2.0000
    endloop
endfacet
facet normal -13.5580 9.2564 0.0000
    outer loop
        vertex -5.1091 1.8683 -0.7654
        vertex -5.0948 1.7856 -0.5176
        vertex -5.0832 1.7184 -2.0000
    endloop
endfacet
facet normal -13.5580 9.2657 0.0000
    outer loop
        vertex -5.1288 1.9824 -1.0000
        vertex -5.1091 1.8683 -0.7654
        vertex -5.0832 1.7184 -2.0000
    endloop
endfacet
facet normal -13.5580 9.2719 0.0000
    outer loop
        vertex -5.1534 2.1254 -1.2176
        vertex -5.1288 1.9824 -1.0000
        vertex -5.0832 1.7184 -2.0000
    endloop
endfacet
facet normal -13.5580 9.2751 0.0000
    outer loop
        vertex -5.1828 2.2954 -1.4142
        vertex -5.1534 2.1254 -1.2176
        vertex -5.0832 1.7184 -2.0000
    endloop
endfacet
facet normal -13.5580 9.2751 0.0000
    outer loop
        vertex -5.2162 2.4891 -1.5868
        vertex -5.1828 2.2954 -1.4142
        vertex -5.0832 1.7184 -2.0000
    endloop
endfacet
facet normal -13.5580 9.2719 0.0000
    outer loop
        vertex -5.2532 2.7034 -1.7320
        vertex -5.2162 2.4891 -1.5868
        vertex -5.0832 1.7184 -2.0000
    endloop
endfacet
facet normal -13.5580 9.2657 0.0000
    outer loop
        vertex -5.2931 2.9345 -1.8478
        vertex -5.2532 2.7034 -1.7320
        vertex -5.0832 1.7184 -2.0000
    endloop
endfacet
facet normal -13.5580 9.2564 0.0000
    outer loop
        vertex -5.3352 3.1786 -1.9318
        vertex -5.2931 2.9345 -1.8478
        vertex -5.0832 1.7184 -2.0000
    endloop
endfacet
facet normal -13.5580 9.2443 0.0000
    outer loop
        vertex -5.3788 3.4313 -1.9828
        vertex -5.3352 3.1786 -1.9318
        vertex -5.0832 1.7184 -2.0000
    endloop
endfacet
facet normal -13.5580 9.2296 0.0000
    outer loop
        vertex -5.4232 3.6884 -2.0000
        vertex -5.3788 3.4313 -1.9828
        vertex -5.0832 1.7184 -2.0000
    endloop
endfacet
facet normal -13.5580 9.2296 0.0000
    outer loop
        vertex -5.4676 3.9455 -1.9828
        vertex -5.4232 3.6884 -2.0000
        vertex -5.7632 5.6584 -2.0000
    endloop
endfacet
facet normal -13.5580 9.2443 0.0000
    outer loop
        vertex -5.5112 4.1982 -1.9318
        vertex -5.4676 3.9455 -1.9828
        vertex -5.7632 5.6584 -2.0000
    endloop
endfacet
facet normal -13.5580 9.2564 0.0000
    outer loop
        vertex -5.5533 4.4423 -1.8478
        vertex -5.5112 4.1982 -1.9318
        vertex -5.7632 5.6584 -2.0000
    endloop
endfacet
facet normal -13.5580 9.2657 0.0000
    outer loop
        vertex -5.5932 4.6734 -1.7320
        vertex -5.5533 4.4423 -1.8478
        vertex -5.7632 5.6584 -2.0000
    endloop
endfacet
facet normal -13.5580 9.2719 0.0000
    outer loop
        vertex -5.6302 4.8877 -1.5868
        vertex -5.5932 4.6734 -1.7320
        vertex -5.7632 5.6584 -2.0000
    endloop
endfacet
facet normal -13.5580 9.2751 0.0000
    outer loop
        vertex -5.6636 5.0814 -1.4142
        vertex -5.6302 4.8877 -1.5868
        vertex -5.7632 5.6584 -2.0000
    endloop
endfacet
facet normal -13.5580 9.2751 0.0000
    outer loop
        vertex -5.6930 5.2514 -1.2176
        vertex -5.6636 5.0814 -1.4142
        vertex -5.7632 5.6584 -2.0000
    endloop
endfacet
facet normal -13.5580 9.2719 0.0000
    outer loop
        vertex -5.7176 5.3944 -1.0000
        vertex -5.6930 5.2514 -1.2176
        vertex -5.7632 5.6584 -2.0000
    endloop
endfacet
facet normal -13.5580 9.2657 0.0000
    outer loop
        vertex -5.7373 5.5085 -0.7654
        vertex -5.7176 5.3944 -1.0000
        vertex -5.7632 5.6584 -2.0000
    endloop
endfacet
facet normal -13.5580 9.2564 0.0000
    outer loop
        vertex -5.7516 5.5912 -0.5176
        vertex -5.7373 5.5085 -0.7654
        vertex -5.7632 5.6584 -2.0000
    endloop
endfacet
facet normal -13.5580 9.2443 0.0000
    outer loop
        vertex -5.7603 5.6415 -0.2610
        vertex -5.7516 5.5912 -0.5176
        vertex -5.7632 5.6584 -2.0000
    endloop
endfacet
facet normal -13.5580 9.2296 0.0000
    outer loop
        vertex -5.7632 5.6584 0.0000
        vertex -5.7603 5.6415 -0.2610
        vertex -5.7632 5.6584 -2.0000
    endloop
endfacet
facet normal -15.5280 8.8896 0.0000
    outer loop
        vertex -6.5483 5.5055 0.2610
        vertex -6.5512 5.5224 2.0000
        vertex -6.5512 5.5224 0.0000
    endloop
endfacet
facet normal -15.5280 8.9043 0.0000
    outer loop
        vertex -6.5396 5.4552 0.5176
        vertex -6.5512 5.5224 2.0000
        vertex -6.5483 5.5055 0.2610
    endloop
endfacet
facet normal -15.5280 8.9164 0.0000
    outer loop
        vertex -6.5253 5.3725 0.7654
        vertex -6.5512 5.5224 2.0000
        vertex -6.5396 5.4552 0.5176
    endloop
endfacet
facet normal -15.5280 8.9257 0.0000
    outer loop
        vertex -6.5056 5.2584 1.0000
        vertex -6.5512 5.5224 2.0000
        vertex -6.5253 5.3725 0.7654
    endloop
endfacet
facet normal -15.5280 8.9319 0.0000
    outer loop
        vertex -6.4810 5.1154 1.2176
        vertex -6.5512 5.5224 2.0000
        vertex -6.5056 5.2584 1.0000
    endloop
endfacet
facet normal -15.5280 8.9351 0.0000
    outer loop
        vertex -6.4516 4.9454 1.4142
        vertex -6.5512 5.5224 2.0000
        vertex -6.4810 5.1154 1.2176
    endloop
endfacet
facet normal -15.5280 8.9351 0.0000
    outer loop
        vertex -6.4182 4.7517 1.5868
        vertex -6.5512 5.5224 2.0000
        vertex -6.4516 4.9454 1.4142
    endloop
endfacet
facet normal -15.5280 8.9319 0.0000
    outer loop
        vertex -6.3812 4.5374 1.7320
        vertex -6.5512 5.5224 2.0000
        vertex -6.4182 4.7517 1.5868
    endloop
endfacet
facet normal -15.5280 8.9257 0.0000
    outer loop
        vertex -6.3413 4.3063 1.8478
        vertex -6.5512 5.5224 2.0000
        vertex -6.3812 4.5374 1.7320
    endloop
endfacet
facet normal -15.5280 8.9164 0.0000
    outer loop
        vertex -6.2992 4.0622 1.9318
        vertex -6.5512 5.5224 2.0000
        vertex -6.3413 4.3063 1.8478
    endloop
endfacet
facet normal -15.5280 8.9043 0.0000
    outer loop
        vertex -6.2556 3.8095 1.9828
        vertex -6.5512 5.5224 2.0000
        vertex -6.2992 4.0622 1.9318
    endloop
endfacet
facet normal -15.5280 8.8896 0.0000
    outer loop
        vertex -6.2112 3.5524 2.0000
        vertex -6.5512 5.5224 2.0000
        vertex -6.2556 3.8095 1.9828
    endloop
endfacet
facet normal -15.5280 8.8896 0.0000
    outer loop
        vertex -6.1668 3.2953 1.9828
        vertex -5.8712 1.5824 2.0000
        vertex -6.2112 3.5524 2.0000
    endloop
endfacet
facet normal -15.5280 8.9043 0.0000
    outer loop
        vertex -6.1232 3.0426 1.9318
        vertex -5.8712 1.5824 2.0000
        vertex -6.1668 3.2953 1.9828
    endloop
endfacet
facet normal -15.5280 8.9164 0.0000
    outer loop
        vertex -6.0811 2.7985 1.8478
        vertex -5.8712 1.5824 2.0000
        vertex -6.1232 3.0426 1.9318
    endloop
endfacet
facet normal -15.5280 8.9257 0.0000
    outer loop
        vertex -6.0412 2.5674 1.7320
        vertex -5.8712 1.5824 2.0000
        vertex -6.0811 2.7985 1.8478
    endloop
endfacet
facet normal -15.5280 8.9319 0.0000
    outer loop
        vertex -6.0042 2.3531 1.5868
        vertex -5.8712 1.5824 2.0000
        vertex -6.0412 2.5674 1.7320
    endloop
endfacet
facet normal -15.5280 8.9351 0.0000
    outer loop
        vertex -5.9708 2.1594 1.4142
        vertex -5.8712 1.5824 2.0000
        vertex -6.0042 2.3531 1.5868
    endloop
endfacet
facet normal -15.5280 8.9351 0.0000
    outer loop
        vertex -5.9414 1.9894 1.2176
        vertex -5.8712 1.5824 2.0000
        vertex -5.9708 2.1594 1.4142
    endloop
endfacet
facet normal -15.5280 8.9319 0.0000
    outer loop
        vertex -5.9168 1.8464 1.0000
        vertex -5.8712 1.5824 2.0000
        vertex -5.9414 1.9894 1.2176
    endloop
endfacet
facet normal -15.5280 8.9257 0.0000
    outer loop
        vertex -5.8971 1.7323 0.7654
        vertex -5.8712 1.5824 2.0000
        vertex -5.9168 1.8464 1.0000
    endloop
endfacet
facet normal -15.5280 8.9164 0.0000
    outer loop
        vertex -5.8828 1.6496 0.5176
        vertex -5.8712 1.5824 2.0000
        vertex -5.8971 1.7323 0.7654
    endloop
endfacet
facet normal -15.5280 8.9043 0.0000
    outer loop
        vertex -5.8741 1.5993 0.2610
        vertex -5.8712 1.5824 2.0000
        vertex -5.8828 1.6496 0.5176
    endloop
endfacet
facet normal -15.5280 8.8896 0.0000
    outer loop
        vertex -5.8712 1.5824 0.0000
        vertex -5.8712 1.5824 2.0000
        vertex -5.8741 1.5993 0.2610
    endloop
endfacet
facet normal -15.5280 8.8896 0.0000
    outer loop
        vertex -5.8741 1.5993 -0.2610
        vertex -5.8712 1.5824 -2.0000
        vertex -5.8712 1.5824 0.0000
    endloop
endfacet
facet normal -15.5280 8.9043 0.0000
    outer loop
        vertex -5.8828 1.6496 -0.5176
        vertex -5.8712 1.5824 -2.0000
        vertex -5.8741 1.5993 -0.2610
    endloop
endfacet
facet normal -15.5280 8.9164 0.0000
    outer loop
        vertex -5.8971 1.7323 -0.7654
        vertex -5.8712 1.5824 -2.0000
        vertex -5.8828 1.6496 -0.5176
    endloop
endfacet
facet normal -15.5280 8.9257 0.0000
    outer loop
        vertex -5.9168 1.8464 -1.0000
        vertex -5.8712 1.5824 -2.0000
        vertex -5.8971 1.7323 -0.7654
    endloop
endfacet
facet normal -15.5280 8.9319 0.0000
    outer loop
        vertex -5.9414 1.9894 -1.2176
        vertex -5.8712 1.5824 -2.0000
        vertex -5.9168 1.8464 -1.0000
    endloop
endfacet
facet normal -15.5280 8.9351 0.0000
    outer loop
        vertex -5.9708 2.1594 -1.4142
        vertex -5.8712 1.5824 -2.0000
        vertex -5.9414 1.9894 -1.2176
    endloop
endfacet
facet normal -15.5280 8.9351 0.0000
    outer loop
        vertex -6.0042 2.3531 -1.5868
        vertex -5.8712 1.5824 -2.0000
        vertex -5.9708 2.1594 -1.4142
    endloop
endfacet
facet normal -15.5280 8.9319 0.0000
    outer loop
        vertex -6.0412 2.5674 -1.7320
        vertex -5.8712 1.5824 -2.0000
        vertex -6.0042 2.3531 -1.5868
    endloop
endfacet
facet normal -15.5280 8.9257 0.0000
    outer loop
        vertex -6.0811 2.7985 -1.8478
        vertex -5.8712 1.5824 -2.0000
        vertex -6.0412 2.5674 -1.7320
    endloop
endfacet
facet normal -15.5280 8.9164 0.0000
    outer loop
        vertex -6.1232 3.0426 -1.9318
        vertex -5.8712 1.5824 -2.0000
        vertex -6.0811 2.7985 -1.8478
    endloop
endfacet
facet normal -15.5280 8.9043 0.0000
    outer loop
        vertex -6.1668 3.2953 -1.9828
        vertex -5.8712 1.5824 -2.0000
        vertex -6.1232 3.0426 -1.9318
    endloop
endfacet
facet normal -15.5280 8.8896 0.0000
    outer loop
        vertex -6.2112 3.5524 -2.0000
        vertex -5.8712 1.5824 -2.0000
        vertex -6.1668 3.2953 -1.9828
    endloop
endfacet
facet normal -15.5280 8.8896 0.0000
    outer loop
        vertex -6.2556 3.8095 -1.9828
        vertex -6.5512 5.5224 -2.0000
        vertex -6.2112 3.5524 -2.0000
    endloop
endfacet
facet normal -15.5280 8.9043 0.0000
    outer loop
        vertex -6.2992 4.0622 -1.9318
        vertex -6.5512 5.5224 -2.0000
        vertex -6.2556 3.8095 -1.9828
    endloop
endfacet
facet normal -15.5280 8.9164 0.0000
    outer loop
        vertex -6.3413 4.3063 -1.8478
        vertex -6.5512 5.5224 -2.0000
        vertex -6.2992 4.0622 -1.9318
    endloop
endfacet
facet normal -15.5280 8.9257 0.0000
    outer loop
        vertex -6.3812 4.5374 -1.7320
        vertex -6.5512 5.5224 -2.0000
        vertex -6.3413 4.3063 -1.8478
    endloop
endfacet
facet normal -15.5280 8.9319 0.0000
    outer loop
        vertex -6.4182 4.7517 -1.5868
        vertex -6.5512 5.5224 -2.0000
        vertex -6.3812 4.5374 -1.7320
    endloop
endfacet
facet normal -15.5280 8.9351 0.0000
    outer loop
        vertex -6.4516 4.9454 -1.4142
        vertex -6.5512 5.5224 -2.0000
        vertex -6.4182 4.7517 -1.5868
    endloop
endfacet
facet normal -15.5280 8.9351 0.0000
    outer loop
        vertex -6.4810 5.1154 -1.2176
        vertex -6.5512 5.5224 -2.0000
        vertex -6.4516 4.9454 -1.4142
    endloop
endfacet
facet normal -15.5280 8.9319 0.0000
    outer loop
        vertex -6.5056 5.2584 -1.0000
        vertex -6.5512 5.5224 -2.0000
        vertex -6.4810 5.1154 -1.2176
    endloop
endfacet
facet normal -15.5280 8.9257 0.0000
    outer loop
        vertex -6.5253 5.3725 -0.7654
        vertex -6.5512 5.5224 -2.0000
        vertex -6.5056 5.2584 -1.0000
    endloop
endfacet
facet normal -15.5280 8.9164 0.0000
    outer loop
        vertex -6.5396 5.4552 -0.5176
        vertex -6.5512 5.5224 -2.0000
        vertex -6.5253 5.3725 -0.7654
    endloop
endfacet
facet normal -15.5280 8.9043 0.0000
    outer loop
        vertex -6.5483 5.5055 -0.2610
        vertex -6.5512 5.5224 -2.0000
        vertex -6.5396 5.4552 -0.5176
    endloop
endfacet
facet normal -15.5280 8.8896 0.0000
    outer loop
        vertex -6.5512 5.5224 0.0000
        vertex -6.5512 5.5224 -2.0000
        vertex -6.5483 5.5055 -0.2610
    endloop
endfacet
facet normal -19.5600 -3.3300 0.0000
    outer loop
        vertex -5.7380 0.8000 4.0000
        vertex -5.8712 1.5824 2.0000
        vertex -5.8712 1.5824 -2.0000
    endloop
endfacet
facet normal -39.1200 -6.6600 0.0000
    outer loop
        vertex -5.8712 1.5824 -2.0000
        vertex -5.7380 0.8000 -4.0000
        vertex -5.7380 0.8000 4.0000
    endloop
endfacet
facet normal -135.0000 -23.2750 0.1142
    outer loop
        vertex -7.6000 11.6000 -4.0000
        vertex -5.7380 0.8000 -4.0000
        vertex -5.8712 1.5824 -2.0000
    endloop
endfacet
facet normal -49.2500 -8.5000 -0.0031
    outer loop
        vertex -5.8712 1.5824 -2.0000
        vertex -6.5512 5.5224 -2.0000
        vertex -7.6000 11.6000 -4.0000
    endloop
endfacet
facet normal -151.9400 -26.2200 0.0000
    outer loop
        vertex -7.6000 11.6000 -4.0000
        vertex -6.5512 5.5224 -2.0000
        vertex -6.5512 5.5224 2.0000
    endloop
endfacet
facet normal -303.8800 -52.4400 0.0000
    outer loop
        vertex -6.5512 5.5224 2.0000
        vertex -7.6000 11.6000 4.0000
        vertex -7.6000 11.6000 -4.0000
    endloop
endfacet
facet normal -49.2500 -8.5000 0.0031
    outer loop
        vertex -7.6000 11.6000 4.0000
        vertex -6.5512 5.5224 2.0000
        vertex -5.8712 1.5824 2.0000
    endloop
endfacet
facet normal -135.0000 -23.2750 -0.1142
    outer loop
        vertex -5.8712 1.5824 2.0000
        vertex -5.7380 0.8000 4.0000
        vertex -7.6000 11.6000 4.0000
    endloop
endfacet
facet normal 12.9600 2.2400 0.0000
    outer loop
        vertex -4.9936 1.2000 -2.4000
        vertex -5.0832 1.7184 -2.0000
        vertex -5.0832 1.7184 2.0000
    endloop
endfacet
facet normal 15.5520 2.6880 0.0000
    outer loop
        vertex -5.0832 1.7184 2.0000
        vertex -4.9936 1.2000 2.4000
        vertex -4.9936 1.2000 -2.4000
    endloop
endfacet
facet normal 9.8500 1.7000 -0.0032
    outer loop
        vertex -4.9936 1.2000 2.4000
        vertex -5.0832 1.7184 2.0000
        vertex -5.7632 5.6584 2.0000
    endloop
endfacet
facet normal 20.3700 3.5160 -0.0025
    outer loop
        vertex -5.7632 5.6584 2.0000
        vertex -6.4000 9.3480 2.4000
        vertex -4.9936 1.2000 2.4000
    endloop
endfacet
facet normal 110.6880 19.1040 0.0000
    outer loop
        vertex -6.4000 9.3480 -2.4000
        vertex -6.4000 9.3480 2.4000
        vertex -5.7632 5.6584 2.0000
    endloop
endfacet
facet normal 92.2400 15.9200 0.0000
    outer loop
        vertex -5.7632 5.6584 2.0000
        vertex -5.7632 5.6584 -2.0000
        vertex -6.4000 9.3480 -2.4000
    endloop
endfacet
facet normal 9.8500 1.7000 -0.0004
    outer loop
        vertex -6.4000 9.3480 -2.4000
        vertex -5.7632 5.6584 -2.0000
        vertex -5.0832 1.7184 -2.0000
    endloop
endfacet
facet normal 20.3700 3.5160 0.0061
    outer loop
        vertex -5.0832 1.7184 -2.0000
        vertex -4.9936 1.2000 -2.4000
        vertex -6.4000 9.3480 -2.4000
    endloop
endfacet
facet normal 19.5600 -3.3300 0.0000
    outer loop
        vertex 5.8712 1.5824 -2.0000
        vertex 5.8712 1.5824 2.0000
        vertex 5.7380 0.8000 4.0000
    endloop
endfacet
facet normal 39.1200 -6.6600 0.0000
    outer loop
        vertex 5.7380 0.8000 4.0000
        vertex 5.7380 0.8000 -4.0000
        vertex 5.8712 1.5824 -2.0000
    endloop
endfacet
facet normal 135.0000 -23.2750 0.1142
    outer loop
        vertex 5.8712 1.5824 -2.0000
        vertex 5.7380 0.8000 -4.0000
        vertex 7.6000 11.6000 -4.0000
    endloop
endfacet
facet normal 49.2500 -8.5000 -0.0031
    outer loop
        vertex 7.6000 11.6000 -4.0000
        vertex 6.5512 5.5224 -2.0000
        vertex 5.8712 1.5824 -2.0000
    endloop
endfacet
facet normal 151.9400 -26.2200 0.0000
    outer loop
        vertex 6.5512 5.5224 2.0000
        vertex 6.5512 5.5224 -2.0000
        vertex 7.6000 11.6000 -4.0000
    endloop
endfacet
facet normal 303.8800 -52.4400 0.0000
    outer loop
        vertex 7.6000 11.6000 -4.0000
        vertex 7.6000 11.6000 4.0000
        vertex 6.5512 5.5224 2.0000
    endloop
endfacet
facet normal 49.2500 -8.5000 0.0031
    outer loop
        vertex 5.8712 1.5824 2.0000
        vertex 6.5512 5.5224 2.0000
        vertex 7.6000 11.6000 4.0000
    endloop
endfacet
facet normal 135.0000 -23.2750 -0.1142
    outer loop
        vertex 7.6000 11.6000 4.0000
        vertex 5.7380 0.8000 4.0000
        vertex 5.8712 1.5824 2.0000
    endloop
endfacet
facet normal -12.9600 2.2400 0.0000
    outer loop
        vertex 5.0832 1.7184 2.0000
        vertex 5.0832 1.7184 -2.0000
        vertex 4.9936 1.2000 -2.4000
    endloop
endfacet
facet normal -15.5520 2.6880 0.0000
    outer loop
        vertex 4.9936 1.2000 -2.4000
        vertex 4.9936 1.2000 2.4000
        vertex 5.0832 1.7184 2.0000
    endloop
endfacet
facet normal -9.8500 1.7000 -0.0032
    outer loop
        vertex 5.7632 5.6584 2.0000
        vertex 5.0832 1.7184 2.0000
        vertex 4.9936 1.2000 2.4000
    endloop
endfacet
facet normal -20.3700 3.5160 -0.0025
    outer loop
        vertex 4.9936 1.2000 2.4000
        vertex 6.4000 9.3480 2.4000
        vertex 5.7632 5.6584 2.0000
    endloop
endfacet
facet normal -110.6880 19.1040 0.0000
    outer loop
        vertex 5.7632 5.6584 2.0000
        vertex 6.4000 9.3480 2.4000
        vertex 6.4000 9.3480 -2.4000
    endloop
endfacet
facet normal -92.2400 15.9200 0.0000
    outer loop
        vertex 6.4000 9.3480 -2.4000
        vertex 5.7632 5.6584 -2.0000
        vertex 5.7632 5.6584 2.0000
    endloop
endfacet
facet normal -9.8500 1.7000 -0.0004
    outer loop
        vertex 5.0832 1.7184 -2.0000
        vertex 5.7632 5.6584 -2.0000
        vertex 6.4000 9.3480 -2.4000
    endloop
endfacet
facet normal -20.3700 3.5160 0.0061
    outer loop
        vertex 6.4000 9.3480 -2.4000
        vertex 4.9936 1.2000 -2.4000
        vertex 5.0832 1.7184 -2.0000
    endloop
endfacet
facet normal 1.4640 3.0000 0.9280
    outer loop
        vertex 1.6000 12.8000 2.4000
        vertex 1.6000 12.8000 1.3856
        vertex 1.6000 1.2000 1.3856
    endloop
endfacet
facet normal 1.4640 3.0000 0.9280
    outer loop
        vertex 1.6000 1.2000 1.3856
        vertex 1.6000 1.2000 2.4000
        vertex 1.6000 12.8000 2.4000
    endloop
endfacet
facet normal 4.0000 3.0000 0.9280
    outer loop
        vertex 1.6000 12.8000 1.3856
        vertex 2.6144 12.8000 2.4000
        vertex 2.6144 1.2000 2.4000
    endloop
endfacet
facet normal 4.0000 3.0000 0.9280
    outer loop
        vertex 2.6144 1.2000 2.4000
        vertex 1.6000 1.2000 1.3856
        vertex 1.6000 12.8000 1.3856
    endloop
endfacet
facet normal 4.0000 32.0000 3.4640
    outer loop
        vertex 1.6000 12.8000 1.3856
        vertex 1.6000 12.8000 2.4000
        vertex 2.6144 12.8000 2.4000
    endloop
endfacet
facet normal -6.5360 3.0000 6.0000
    outer loop
        vertex -1.6000 12.8000 2.4000
        vertex -1.6000 1.2000 1.3856
        vertex -1.6000 12.8000 1.3856
    endloop
endfacet
facet normal -6.5360 3.0000 6.0000
    outer loop
        vertex -1.6000 1.2000 1.3856
        vertex -1.6000 12.8000 2.4000
        vertex -1.6000 1.2000 2.4000
    endloop
endfacet
facet normal -4.0000 3.0000 6.0000
    outer loop
        vertex -1.6000 12.8000 1.3856
        vertex -2.6144 1.2000 2.4000
        vertex -2.6144 12.8000 2.4000
    endloop
endfacet
facet normal -4.0000 3.0000 6.0000
    outer loop
        vertex -2.6144 1.2000 2.4000
        vertex -1.6000 12.8000 1.3856
        vertex -1.6000 1.2000 1.3856
    endloop
endfacet
facet normal -4.0000 -26.0000 3.4640
    outer loop
        vertex -1.6000 12.8000 1.3856
        vertex -2.6144 12.8000 2.4000
        vertex -1.6000 12.8000 2.4000
    endloop
endfacet
facet normal 6.5360 3.0000 -6.0000
    outer loop
        vertex 1.6000 12.8000 -2.4000
        vertex 1.6000 1.2000 -1.3856
        vertex 1.6000 12.8000 -1.3856
    endloop
endfacet
facet normal 6.5360 3.0000 -6.0000
    outer loop
        vertex 1.6000 1.2000 -1.3856
        vertex 1.6000 12.8000 -2.4000
        vertex 1.6000 1.2000 -2.4000
    endloop
endfacet
facet normal 4.0000 3.0000 -6.0000
    outer loop
        vertex 1.6000 12.8000 -1.3856
        vertex 2.6144 1.2000 -2.4000
        vertex 2.6144 12.8000 -2.4000
    endloop
endfacet
facet normal 4.0000 3.0000 -6.0000
    outer loop
        vertex 2.6144 1.2000 -2.4000
        vertex 1.6000 12.8000 -1.3856
        vertex 1.6000 1.2000 -1.3856
    endloop
endfacet
facet normal 4.0000 -26.0000 -3.4640
    outer loop
        vertex 1.6000 12.8000 -1.3856
        vertex 2.6144 12.8000 -2.4000
        vertex 1.6000 12.8000 -2.4000
    endloop
endfacet
facet normal -1.4640 3.0000 -0.9280
    outer loop
        vertex -1.6000 12.8000 -2.4000
        vertex -1.6000 12.8000 -1.3856
        vertex -1.6000 1.2000 -1.3856
    endloop
endfacet
facet normal -1.4640 3.0000 -0.9280
    outer loop
        vertex -1.6000 1.2000 -1.3856
        vertex -1.6000 1.2000 -2.4000
        vertex -1.6000 12.8000 -2.4000
    endloop
endfacet
facet normal -4.0000 3.0000 -0.9280
    outer loop
        vertex -1.6000 12.8000 -1.3856
        vertex -2.6144 12.8000 -2.4000
        vertex -2.6144 1.2000 -2.4000
    endloop
endfacet
facet normal -4.0000 3.0000 -0.9280
    outer loop
        vertex -2.6144 1.2000 -2.4000
        vertex -1.6000 1.2000 -1.3856
        vertex -1.6000 12.8000 -1.3856
    endloop
endfacet
facet normal -4.0000 32.0000 -3.4640
    outer loop
        vertex -1.6000 12.8000 -1.3856
        vertex -1.6000 12.8000 -2.4000
        vertex -2.6144 12.8000 -2.4000
    endloop
endfacet
facet normal 0.0000 0.0000 274.4560
    outer loop
        vertex -2.6144 12.8000 -2.4000
        vertex -6.4000 12.8000 -2.4000
        vertex -4.9936 1.2000 -2.4000
    endloop
endfacet
facet normal 0.0000 0.0000 172.4920
    outer loop
        vertex -4.9936 1.2000 -2.4000
        vertex -2.6144 1.2000 -2.4000
        vertex -2.6144 12.8000 -2.4000
    endloop
endfacet
facet normal 0.0000 0.0000 30.3431
    outer loop
        vertex -6.4000 9.3480 -2.4000
        vertex -4.9936 1.2000 -2.4000
        vertex -6.4000 12.8000 -2.4000
    endloop
endfacet
facet normal 0.0000 0.0000 274.4560
    outer loop
        vertex 4.9936 1.2000 -2.4000
        vertex 6.4000 12.8000 -2.4000
        vertex 2.6144 12.8000 -2.4000
    endloop
endfacet
facet normal 0.0000 0.0000 172.4920
    outer loop
        vertex 2.6144 12.8000 -2.4000
        vertex 2.6144 1.2000 -2.4000
        vertex 4.9936 1.2000 -2.4000
    endloop
endfacet
facet normal 0.0000 0.0000 30.3431
    outer loop
        vertex 4.9936 1.2000 -2.4000
        vertex 6.4000 9.3480 -2.4000
        vertex 6.4000 12.8000 -2.4000
    endloop
endfacet
facet normal 0.0000 17.5000 -2.0000
    outer loop
        vertex 1.6000 1.2000 -2.4000
        vertex 1.6000 12.8000 -2.4000
        vertex -1.6000 12.8000 -2.4000
    endloop
endfacet
facet normal 0.0000 17.5000 -2.0000
    outer loop
        vertex -1.6000 12.8000 -2.4000
        vertex -1.6000 1.2000 -2.4000
        vertex 1.6000 1.2000 -2.4000
    endloop
endfacet
facet normal 0.0000 0.0000 -274.4560
    outer loop
        vertex -4.9936 1.2000 2.4000
        vertex -6.4000 12.8000 2.4000
        vertex -2.6144 12.8000 2.4000
    endloop
endfacet
facet normal 0.0000 0.0000 -172.4920
    outer loop
        vertex -2.6144 12.8000 2.4000
        vertex -2.6144 1.2000 2.4000
        vertex -4.9936 1.2000 2.4000
    endloop
endfacet
facet normal 0.0000 0.0000 -30.3431
    outer loop
        vertex -4.9936 1.2000 2.4000
        vertex -6.4000 9.3480 2.4000
        vertex -6.4000 12.8000 2.4000
    endloop
endfacet
facet normal 0.0000 0.0000 -274.4560
    outer loop
        vertex 2.6144 12.8000 2.4000
        vertex 6.4000 12.8000 2.4000
        vertex 4.9936 1.2000 2.4000
    endloop
endfacet
facet normal 0.0000 0.0000 -172.4920
    outer loop
        vertex 4.9936 1.2000 2.4000
        vertex 2.6144 1.2000 2.4000
        vertex 2.6144 12.8000 2.4000
    endloop
endfacet
facet normal 0.0000 0.0000 -30.3431
    outer loop
        vertex 6.4000 9.3480 2.4000
        vertex 4.9936 1.2000 2.4000
        vertex 6.4000 12.8000 2.4000
    endloop
endfacet
facet normal 0.0000 17.5000 2.0000
    outer loop
        vertex 1.6000 1.2000 2.4000
        vertex -1.6000 1.2000 2.4000
        vertex -1.6000 12.8000 2.4000
    endloop
endfacet
facet normal 0.0000 17.5000 2.0000
    outer loop
        vertex -1.6000 12.8000 2.4000
        vertex 1.6000 12.8000 2.4000
        vertex 1.6000 1.2000 2.4000
    endloop
endfacet
facet normal 0.5172 -4.0000 -0.5902
    outer loop
        vertex 1.4611 -1.6000 -1.9041
        vertex 1.6972 -1.6000 -1.6972
        vertex 1.6972 -4.8000 -1.6972
    endloop
endfacet
facet normal 0.5172 -4.0000 -0.5902
    outer loop
        vertex 1.6972 -4.8000 -1.6972
        vertex 1.4611 -4.8000 -1.9041
        vertex 1.4611 -1.6000 -1.9041
    endloop
endfacet
facet normal 0.4362 -4.0000 -0.6526
    outer loop
        vertex 1.2001 -1.6000 -2.0786
        vertex 1.4611 -1.6000 -1.9041
        vertex 1.4611 -4.8000 -1.9041
    endloop
endfacet
facet normal 0.4362 -4.0000 -0.6526
    outer loop
        vertex 1.4611 -4.8000 -1.9041
        vertex 1.2001 -4.8000 -2.0786
        vertex 1.2001 -1.6000 -2.0786
    endloop
endfacet
facet normal 0.3475 -4.0000 -0.7039
    outer loop
        vertex 0.9185 -1.6000 -2.2176
        vertex 1.2001 -1.6000 -2.0786
        vertex 1.2001 -4.8000 -2.0786
    endloop
endfacet
facet normal 0.3475 -4.0000 -0.7039
    outer loop
        vertex 1.2001 -4.8000 -2.0786
        vertex 0.9185 -4.8000 -2.2176
        vertex 0.9185 -1.6000 -2.2176
    endloop
endfacet
facet normal 0.2520 -4.0000 -0.7434
    outer loop
        vertex 0.6212 -1.6000 -2.3184
        vertex 0.9185 -1.6000 -2.2176
        vertex 0.9185 -4.8000 -2.2176
    endloop
endfacet
facet normal 0.2520 -4.0000 -0.7434
    outer loop
        vertex 0.9185 -4.8000 -2.2176
        vertex 0.6212 -4.8000 -2.3184
        vertex 0.6212 -1.6000 -2.3184
    endloop
endfacet
facet normal 0.1536 -4.0000 -0.7697
    outer loop
        vertex 0.3133 -1.6000 -2.3798
        vertex 0.6212 -1.6000 -2.3184
        vertex 0.6212 -4.8000 -2.3184
    endloop
endfacet
facet normal 0.1536 -4.0000 -0.7697
    outer loop
        vertex 0.6212 -4.8000 -2.3184
        vertex 0.3133 -4.8000 -2.3798
        vertex 0.3133 -1.6000 -2.3798
    endloop
endfacet
facet normal 0.0509 -4.0000 -0.7833
    outer loop
        vertex 0.0000 -1.6000 -2.4002
        vertex 0.3133 -1.6000 -2.3798
        vertex 0.3133 -4.8000 -2.3798
    endloop
endfacet
facet normal 0.0509 -4.0000 -0.7833
    outer loop
        vertex 0.3133 -4.8000 -2.3798
        vertex 0.0000 -4.8000 -2.4002
        vertex 0.0000 -1.6000 -2.4002
    endloop
endfacet
facet normal -0.0509 -4.0000 -0.7833
    outer loop
        vertex -0.3133 -1.6000 -2.3798
        vertex 0.0000 -1.6000 -2.4002
        vertex 0.0000 -4.8000 -2.4002
    endloop
endfacet
facet normal -0.0509 -4.0000 -0.7833
    outer loop
        vertex 0.0000 -4.8000 -2.4002
        vertex -0.3133 -4.8000 -2.3798
        vertex -0.3133 -1.6000 -2.3798
    endloop
endfacet
facet normal -0.1536 -4.0000 -0.7697
    outer loop
        vertex -0.6212 -1.6000 -2.3184
        vertex -0.3133 -1.6000 -2.3798
        vertex -0.3133 -4.8000 -2.3798
    endloop
endfacet
facet normal -0.1536 -4.0000 -0.7697
    outer loop
        vertex -0.3133 -4.8000 -2.3798
        vertex -0.6212 -4.8000 -2.3184
        vertex -0.6212 -1.6000 -2.3184
    endloop
endfacet
facet normal -0.2520 -4.0000 -0.7434
    outer loop
        vertex -0.9185 -1.6000 -2.2176
        vertex -0.6212 -1.6000 -2.3184
        vertex -0.6212 -4.8000 -2.3184
    endloop
endfacet
facet normal -0.2520 -4.0000 -0.7434
    outer loop
        vertex -0.6212 -4.8000 -2.3184
        vertex -0.9185 -4.8000 -2.2176
        vertex -0.9185 -1.6000 -2.2176
    endloop
endfacet
facet normal -0.3475 -4.0000 -0.7039
    outer loop
        vertex -1.2001 -1.6000 -2.0786
        vertex -0.9185 -1.6000 -2.2176
        vertex -0.9185 -4.8000 -2.2176
    endloop
endfacet
facet normal -0.3475 -4.0000 -0.7039
    outer loop
        vertex -0.9185 -4.8000 -2.2176
        vertex -1.2001 -4.8000 -2.0786
        vertex -1.2001 -1.6000 -2.0786
    endloop
endfacet
facet normal -0.4362 -4.0000 -0.6526
    outer loop
        vertex -1.4611 -1.6000 -1.9041
        vertex -1.2001 -1.6000 -2.0786
        vertex -1.2001 -4.8000 -2.0786
    endloop
endfacet
facet normal -0.4362 -4.0000 -0.6526
    outer loop
        vertex -1.2001 -4.8000 -2.0786
        vertex -1.4611 -4.8000 -1.9041
        vertex -1.4611 -1.6000 -1.9041
    endloop
endfacet
facet normal -0.5172 -4.0000 -0.5902
    outer loop
        vertex -1.6972 -1.6000 -1.6972
        vertex -1.4611 -1.6000 -1.9041
        vertex -1.4611 -4.8000 -1.9041
    endloop
endfacet
facet normal -0.5172 -4.0000 -0.5902
    outer loop
        vertex -1.4611 -4.8000 -1.9041
        vertex -1.6972 -4.8000 -1.6972
        vertex -1.6972 -1.6000 -1.6972
    endloop
endfacet
facet normal 0.0000 0.0000 10.1725
    outer loop
        vertex 2.7400 3.2400 4.0000
        vertex 2.7800 3.3000 4.0000
        vertex 2.3200 3.3000 4.0000
    endloop
endfacet
facet normal 0.0000 0.0000 10.1425
    outer loop
        vertex 2.3200 3.3000 4.0000
        vertex 2.3600 3.2400 4.0000
        vertex 2.7400 3.2400 4.0000
    endloop
endfacet
facet normal 0.0000 0.0000 10.0950
    outer loop
        vertex 2.5400 3.2000 4.0000
        vertex 2.7400 3.2400 4.0000
        vertex 2.3600 3.2400 4.0000
    endloop
endfacet
facet normal 0.0000 0.0000 10.1725
    outer loop
        vertex 2.3200 4.3600 4.0000
        vertex 2.7800 4.3600 4.0000
        vertex 2.7400 4.4200 4.0000
    endloop
endfacet
facet normal 0.0000 0.0000 10.1425
    outer loop
        vertex 2.7400 4.4200 4.0000
        vertex 2.3600 4.4200 4.0000
        vertex 2.3200 4.3600 4.0000
    endloop
endfacet
facet normal 0.0000 0.0000 10.0950
    outer loop
        vertex 2.3600 4.4200 4.0000
        vertex 2.7400 4.4200 4.0000
        vertex 2.5400 4.4600 4.0000
    endloop
endfacet
facet normal 0.0000 0.0000 13.0475
    outer loop
        vertex 2.3200 3.3000 4.0000
        vertex 2.7800 3.3000 4.0000
        vertex 2.7800 4.3600 4.0000
    endloop
endfacet
facet normal 0.0000 0.0000 13.0475
    outer loop
        vertex 2.7800 4.3600 4.0000
        vertex 2.3200 4.3600 4.0000
        vertex 2.3200 3.3000 4.0000
    endloop
endfacet
facet normal 0.0000 0.0000 10.1725
    outer loop
        vertex 2.0600 2.2000 4.0000
        vertex 2.1000 2.2600 4.0000
        vertex 1.6400 2.2600 4.0000
    endloop
endfacet
facet normal 0.0000 0.0000 10.1425
    outer loop
        vertex 1.6400 2.2600 4.0000
        vertex 1.6800 2.2000 4.0000
        vertex 2.0600 2.2000 4.0000
    endloop
endfacet
facet normal 0.0000 0.0000 10.0950
    outer loop
        vertex 1.8600 2.1600 4.0000
        vertex 2.0600 2.2000 4.0000
        vertex 1.6800 2.2000 4.0000
    endloop
endfacet
facet normal 0.0000 0.0000 10.1725
    outer loop
        vertex 1.6400 3.6200 4.0000
        vertex 2.1000 3.6200 4.0000
        vertex 2.0600 3.6800 4.0000
    endloop
endfacet
facet normal 0.0000 0.0000 10.1425
    outer loop
        vertex 2.0600 3.6800 4.0000
        vertex 1.6800 3.6800 4.0000
        vertex 1.6400 3.6200 4.0000
    endloop
endfacet
facet normal 0.0000 0.0000 10.0950
    outer loop
        vertex 1.6800 3.6800 4.0000
        vertex 2.0600 3.6800 4.0000
        vertex 1.8600 3.7200 4.0000
    endloop
endfacet
facet normal 0.0000 0.0000 13.9100
    outer loop
        vertex 1.6400 2.2600 4.0000
        vertex 2.1000 2.2600 4.0000
        vertex 2.1000 3.6200 4.0000
    endloop
endfacet
facet normal 0.0000 0.0000 13.9100
    outer loop
        vertex 2.1000 3.6200 4.0000
        vertex 1.6400 3.6200 4.0000
        vertex 1.6400 2.2600 4.0000
    endloop
endfacet
facet normal 0.0000 0.0000 10.1725
    outer loop
        vertex 1.3200 2.2000 4.0000
        vertex 1.3600 2.2600 4.0000
        vertex 0.9000 2.2600 4.0000
    endloop
endfacet
facet normal 0.0000 0.0000 10.1425
    outer loop
        vertex 0.9000 2.2600 4.0000
        vertex 0.9400 2.2000 4.0000
        vertex 1.3200 2.2000 4.0000
    endloop
endfacet
facet normal 0.0000 0.0000 10.0950
    outer loop
        vertex 1.1200 2.1600 4.0000
        vertex 1.3200 2.2000 4.0000
        vertex 0.9400 2.2000 4.0000
    endloop
endfacet
facet normal 0.0000 0.0000 10.1725
    outer loop
        vertex 0.9000 2.9400 4.0000
        vertex 1.3600 2.9400 4.0000
        vertex 1.3200 3.0000 4.0000
    endloop
endfacet
facet normal 0.0000 0.0000 10.1425
    outer loop
        vertex 1.3200 3.0000 4.0000
        vertex 0.9400 3.0000 4.0000
        vertex 0.9000 2.9400 4.0000
    endloop
endfacet
facet normal 0.0000 0.0000 10.0950
    outer loop
        vertex 0.9400 3.0000 4.0000
        vertex 1.3200 3.0000 4.0000
        vertex 1.1200 3.0400 4.0000
    endloop
endfacet
facet normal 0.0000 0.0000 11.9550
    outer loop
        vertex 0.9000 2.2600 4.0000
        vertex 1.3600 2.2600 4.0000
        vertex 1.3600 2.9400 4.0000
    endloop
endfacet
facet normal 0.0000 0.0000 11.9550
    outer loop
        vertex 1.3600 2.9400 4.0000
        vertex 0.9000 2.9400 4.0000
        vertex 0.9000 2.2600 4.0000
    endloop
endfacet
facet normal 0.0000 0.0000 10.1725
    outer loop
        vertex 3.4400 3.2400 4.0000
        vertex 3.4800 3.3000 4.0000
        vertex 3.0200 3.3000 4.0000
    endloop
endfacet
facet normal 0.0000 0.0000 10.1425
    outer loop
        vertex 3.0200 3.3000 4.0000
        vertex 3.0600 3.2400 4.0000
        vertex 3.4400 3.2400 4.0000
    endloop
endfacet
facet normal 0.0000 0.0000 10.0950
    outer loop
        vertex 3.2400 3.2000 4.0000
        vertex 3.4400 3.2400 4.0000
        vertex 3.0600 3.2400 4.0000
    endloop
endfacet
facet normal 0.0000 0.0000 10.1725
    outer loop
        vertex 3.0200 5.0200 4.0000
        vertex 3.4800 5.0200 4.0000
        vertex 3.4400 5.0800 4.0000
    endloop
endfacet
facet normal 0.0000 0.0000 10.1425
    outer loop
        vertex 3.4400 5.0800 4.0000
        vertex 3.0600 5.0800 4.0000
        vertex 3.0200 5.0200 4.0000
    endloop
endfacet
facet normal 0.0000 0.0000 10.0950
    outer loop
        vertex 3.0600 5.0800 4.0000
        vertex 3.4400 5.0800 4.0000
        vertex 3.2400 5.1200 4.0000
    endloop
endfacet
facet normal 0.0000 0.0000 14.9450
    outer loop
        vertex 3.0200 3.3000 4.0000
        vertex 3.4800 3.3000 4.0000
        vertex 3.4800 5.0200 4.0000
    endloop
endfacet
facet normal 0.0000 0.0000 14.9450
    outer loop
        vertex 3.4800 5.0200 4.0000
        vertex 3.0200 5.0200 4.0000
        vertex 3.0200 3.3000 4.0000
    endloop
endfacet
facet normal 0.0000 0.0000 10.1725
    outer loop
        vertex 4.1600 4.6600 4.0000
        vertex 4.2000 4.7200 4.0000
        vertex 3.7400 4.7200 4.0000
    endloop
endfacet
facet normal 0.0000 0.0000 10.1425
    outer loop
        vertex 3.7400 4.7200 4.0000
        vertex 3.7800 4.6600 4.0000
        vertex 4.1600 4.6600 4.0000
    endloop
endfacet
facet normal 0.0000 0.0000 10.0950
    outer loop
        vertex 3.9600 4.6200 4.0000
        vertex 4.1600 4.6600 4.0000
        vertex 3.7800 4.6600 4.0000
    endloop
endfacet
facet normal 0.0000 0.0000 10.1725
    outer loop
        vertex 3.7400 5.6800 4.0000
        vertex 4.2000 5.6800 4.0000
        vertex 4.1600 5.7400 4.0000
    endloop
endfacet
facet normal 0.0000 0.0000 10.2550
    outer loop
        vertex 4.1600 5.7400 4.0000
        vertex 3.7600 5.7800 4.0000
        vertex 3.7400 5.6800 4.0000
    endloop
endfacet
facet normal 0.0000 0.0000 10.1000
    outer loop
        vertex 4.1600 5.7400 4.0000
        vertex 3.9600 5.8000 4.0000
        vertex 3.7600 5.7800 4.0000
    endloop
endfacet
facet normal 0.0000 0.0000 12.7600
    outer loop
        vertex 3.7400 4.7200 4.0000
        vertex 4.2000 4.7200 4.0000
        vertex 4.2000 5.6800 4.0000
    endloop
endfacet
facet normal 0.0000 0.0000 12.7600
    outer loop
        vertex 4.2000 5.6800 4.0000
        vertex 3.7400 5.6800 4.0000
        vertex 3.7400 4.7200 4.0000
    endloop
endfacet
facet normal 0.0000 0.0000 10.1725
    outer loop
        vertex 2.1000 4.3800 4.0000
        vertex 2.0400 4.4200 4.0000
        vertex 2.0400 3.9600 4.0000
    endloop
endfacet
facet normal 0.0000 0.0000 10.1425
    outer loop
        vertex 2.0400 3.9600 4.0000
        vertex 2.1000 4.0000 4.0000
        vertex 2.1000 4.3800 4.0000
    endloop
endfacet
facet normal 0.0000 0.0000 10.0950
    outer loop
        vertex 2.1000 4.0000 4.0000
        vertex 2.1400 4.1800 4.0000
        vertex 2.1000 4.3800 4.0000
    endloop
endfacet
facet normal 0.0000 0.0000 10.1725
    outer loop
        vertex 1.1800 3.9600 4.0000
        vertex 1.1800 4.4200 4.0000
        vertex 1.1200 4.3800 4.0000
    endloop
endfacet
facet normal 0.0000 0.0000 10.1425
    outer loop
        vertex 1.1200 4.3800 4.0000
        vertex 1.1200 4.0000 4.0000
        vertex 1.1800 3.9600 4.0000
    endloop
endfacet
facet normal 0.0000 0.0000 10.0950
    outer loop
        vertex 1.1200 4.0000 4.0000
        vertex 1.1200 4.3800 4.0000
        vertex 1.0800 4.1800 4.0000
    endloop
endfacet
facet normal 0.0000 0.0000 12.4725
    outer loop
        vertex 2.0400 3.9600 4.0000
        vertex 2.0400 4.4200 4.0000
        vertex 1.1800 4.4200 4.0000
    endloop
endfacet
facet normal 0.0000 0.0000 12.4725
    outer loop
        vertex 1.1800 4.4200 4.0000
        vertex 1.1800 3.9600 4.0000
        vertex 2.0400 3.9600 4.0000
    endloop
endfacet
facet normal 0.0000 0.0000 10.1725
    outer loop
        vertex 4.0200 2.9400 4.0000
        vertex 3.9600 2.9800 4.0000
        vertex 3.9600 2.5200 4.0000
    endloop
endfacet
facet normal 0.0000 0.0000 10.1425
    outer loop
        vertex 3.9600 2.5200 4.0000
        vertex 4.0200 2.5600 4.0000
        vertex 4.0200 2.9400 4.0000
    endloop
endfacet
facet normal 0.0000 0.0000 10.0950
    outer loop
        vertex 4.0200 2.5600 4.0000
        vertex 4.0600 2.7400 4.0000
        vertex 4.0200 2.9400 4.0000
    endloop
endfacet
facet normal 0.0000 0.0000 10.1725
    outer loop
        vertex 2.4200 2.5200 4.0000
        vertex 2.4200 2.9800 4.0000
        vertex 2.3600 2.9400 4.0000
    endloop
endfacet
facet normal 0.0000 0.0000 10.1425
    outer loop
        vertex 2.3600 2.9400 4.0000
        vertex 2.3600 2.5600 4.0000
        vertex 2.4200 2.5200 4.0000
    endloop
endfacet
facet normal 0.0000 0.0000 10.0950
    outer loop
        vertex 2.3600 2.5600 4.0000
        vertex 2.3600 2.9400 4.0000
        vertex 2.3200 2.7400 4.0000
    endloop
endfacet
facet normal 0.0000 0.0000 14.4275
    outer loop
        vertex 3.9600 2.5200 4.0000
        vertex 3.9600 2.9800 4.0000
        vertex 2.4200 2.9800 4.0000
    endloop
endfacet
facet normal 0.0000 0.0000 14.4275
    outer loop
        vertex 2.4200 2.9800 4.0000
        vertex 2.4200 2.5200 4.0000
        vertex 3.9600 2.5200 4.0000
    endloop
endfacet
facet normal 0.0000 0.0000 10.1725
    outer loop
        vertex 4.5000 3.6800 4.0000
        vertex 4.4400 3.7200 4.0000
        vertex 4.4400 3.2600 4.0000
    endloop
endfacet
facet normal 0.0000 0.0000 10.1425
    outer loop
        vertex 4.4400 3.2600 4.0000
        vertex 4.5000 3.3000 4.0000
        vertex 4.5000 3.6800 4.0000
    endloop
endfacet
facet normal 0.0000 0.0000 10.0950
    outer loop
        vertex 4.5000 3.3000 4.0000
        vertex 4.5400 3.4800 4.0000
        vertex 4.5000 3.6800 4.0000
    endloop
endfacet
facet normal 0.0000 0.0000 10.1725
    outer loop
        vertex 3.8000 3.2600 4.0000
        vertex 3.8000 3.7200 4.0000
        vertex 3.7400 3.6800 4.0000
    endloop
endfacet
facet normal 0.0000 0.0000 10.1425
    outer loop
        vertex 3.7400 3.6800 4.0000
        vertex 3.7400 3.3000 4.0000
        vertex 3.8000 3.2600 4.0000
    endloop
endfacet
facet normal 0.0000 0.0000 10.0950
    outer loop
        vertex 3.7400 3.3000 4.0000
        vertex 3.7400 3.6800 4.0000
        vertex 3.7000 3.4800 4.0000
    endloop
endfacet
facet normal 0.0000 0.0000 11.8400
    outer loop
        vertex 4.4400 3.2600 4.0000
        vertex 4.4400 3.7200 4.0000
        vertex 3.8000 3.7200 4.0000
    endloop
endfacet
facet normal 0.0000 0.0000 11.8400
    outer loop
        vertex 3.8000 3.7200 4.0000
        vertex 3.8000 3.2600 4.0000
        vertex 4.4400 3.2600 4.0000
    endloop
endfacet
facet normal 0.0000 0.0000 10.1725
    outer loop
        vertex 4.5800 4.3800 4.0000
        vertex 4.5200 4.4200 4.0000
        vertex 4.5200 3.9600 4.0000
    endloop
endfacet
facet normal 0.0000 0.0000 10.1425
    outer loop
        vertex 4.5200 3.9600 4.0000
        vertex 4.5800 4.0000 4.0000
        vertex 4.5800 4.3800 4.0000
    endloop
endfacet
facet normal 0.0000 0.0000 10.0950
    outer loop
        vertex 4.5800 4.0000 4.0000
        vertex 4.6200 4.1800 4.0000
        vertex 4.5800 4.3800 4.0000
    endloop
endfacet
facet normal 0.0000 0.0000 10.1725
    outer loop
        vertex 3.8000 3.9600 4.0000
        vertex 3.8000 4.4200 4.0000
        vertex 3.7400 4.3800 4.0000
    endloop
endfacet
facet normal 0.0000 0.0000 10.1425
    outer loop
        vertex 3.7400 4.3800 4.0000
        vertex 3.7400 4.0000 4.0000
        vertex 3.8000 3.9600 4.0000
    endloop
endfacet
facet normal 0.0000 0.0000 10.0950
    outer loop
        vertex 3.7400 4.0000 4.0000
        vertex 3.7400 4.3800 4.0000
        vertex 3.7000 4.1800 4.0000
    endloop
endfacet
facet normal 0.0000 0.0000 12.0700
    outer loop
        vertex 4.5200 3.9600 4.0000
        vertex 4.5200 4.4200 4.0000
        vertex 3.8000 4.4200 4.0000
    endloop
endfacet
facet normal 0.0000 0.0000 12.0700
    outer loop
        vertex 3.8000 4.4200 4.0000
        vertex 3.8000 3.9600 4.0000
        vertex 4.5200 3.9600 4.0000
    endloop
endfacet
facet normal 0.0000 0.0000 10.1725
    outer loop
        vertex 3.4800 5.8000 4.0000
        vertex 3.4200 5.8400 4.0000
        vertex 3.4200 5.3800 4.0000
    endloop
endfacet
facet normal 0.0000 0.0000 10.1425
    outer loop
        vertex 3.4200 5.3800 4.0000
        vertex 3.4800 5.4200 4.0000
        vertex 3.4800 5.8000 4.0000
    endloop
endfacet
facet normal 0.0000 0.0000 10.0950
    outer loop
        vertex 3.4800 5.4200 4.0000
        vertex 3.5200 5.6000 4.0000
        vertex 3.4800 5.8000 4.0000
    endloop
endfacet
facet normal 0.0000 0.0000 10.1725
    outer loop
        vertex 2.5600 5.3800 4.0000
        vertex 2.5600 5.8400 4.0000
        vertex 2.5000 5.8000 4.0000
    endloop
endfacet
facet normal 0.0000 0.0000 10.1425
    outer loop
        vertex 2.5000 5.8000 4.0000
        vertex 2.5000 5.4200 4.0000
        vertex 2.5600 5.3800 4.0000
    endloop
endfacet
facet normal 0.0000 0.0000 10.0950
    outer loop
        vertex 2.5000 5.4200 4.0000
        vertex 2.5000 5.8000 4.0000
        vertex 2.4600 5.6000 4.0000
    endloop
endfacet
facet normal 0.0000 0.0000 12.4725
    outer loop
        vertex 3.4200 5.3800 4.0000
        vertex 3.4200 5.8400 4.0000
        vertex 2.5600 5.8400 4.0000
    endloop
endfacet
facet normal 0.0000 0.0000 12.4725
    outer loop
        vertex 2.5600 5.8400 4.0000
        vertex 2.5600 5.3800 4.0000
        vertex 3.4200 5.3800 4.0000
    endloop
endfacet
facet normal 0.0000 0.0000 10.1725
    outer loop
        vertex 2.7400 5.0800 4.0000
        vertex 2.6800 5.1200 4.0000
        vertex 2.6800 4.6600 4.0000
    endloop
endfacet
facet normal 0.0000 0.0000 10.1425
    outer loop
        vertex 2.6800 4.6600 4.0000
        vertex 2.7400 4.7000 4.0000
        vertex 2.7400 5.0800 4.0000
    endloop
endfacet
facet normal 0.0000 0.0000 10.0950
    outer loop
        vertex 2.7400 4.7000 4.0000
        vertex 2.7800 4.8800 4.0000
        vertex 2.7400 5.0800 4.0000
    endloop
endfacet
facet normal 0.0000 0.0000 10.1225
    outer loop
        vertex 1.8200 5.1200 4.0000
        vertex 1.7600 5.0800 4.0000
        vertex 1.6200 4.6600 4.0000
    endloop
endfacet
facet normal 0.0000 0.0000 13.0475
    outer loop
        vertex 1.6200 4.6600 4.0000
        vertex 2.6800 4.6600 4.0000
        vertex 1.8200 5.1200 4.0000
    endloop
endfacet
facet normal 0.0000 0.0000 12.4725
    outer loop
        vertex 2.6800 4.6600 4.0000
        vertex 2.6800 5.1200 4.0000
        vertex 1.8200 5.1200 4.0000
    endloop
endfacet
facet normal 0.0000 0.0000 10.1925
    outer loop
        vertex 1.5600 4.7000 4.0000
        vertex 1.6200 4.6600 4.0000
        vertex 1.7600 5.0800 4.0000
    endloop
endfacet
facet normal 0.0000 0.0000 10.1000
    outer loop
        vertex 1.7600 5.0800 4.0000
        vertex 1.5600 4.7800 4.0000
        vertex 1.5600 4.7000 4.0000
    endloop
endfacet
facet normal 0.0000 0.0000 10.1725
    outer loop
        vertex 1.3800 3.6600 4.0000
        vertex 1.3200 3.7000 4.0000
        vertex 1.3200 3.2400 4.0000
    endloop
endfacet
facet normal 0.0000 0.0000 10.1425
    outer loop
        vertex 1.3200 3.2400 4.0000
        vertex 1.3800 3.2800 4.0000
        vertex 1.3800 3.6600 4.0000
    endloop
endfacet
facet normal 0.0000 0.0000 10.0950
    outer loop
        vertex 1.3800 3.2800 4.0000
        vertex 1.4200 3.4600 4.0000
        vertex 1.3800 3.6600 4.0000
    endloop
endfacet
facet normal 0.0000 0.0000 10.1225
    outer loop
        vertex 0.6600 3.7000 4.0000
        vertex 0.6000 3.6600 4.0000
        vertex 0.4600 3.2400 4.0000
    endloop
endfacet
facet normal 0.0000 0.0000 12.4725
    outer loop
        vertex 0.4600 3.2400 4.0000
        vertex 1.3200 3.2400 4.0000
        vertex 0.6600 3.7000 4.0000
    endloop
endfacet
facet normal 0.0000 0.0000 11.8975
    outer loop
        vertex 1.3200 3.2400 4.0000
        vertex 1.3200 3.7000 4.0000
        vertex 0.6600 3.7000 4.0000
    endloop
endfacet
facet normal 0.0000 0.0000 10.1925
    outer loop
        vertex 0.4000 3.2800 4.0000
        vertex 0.4600 3.2400 4.0000
        vertex 0.6000 3.6600 4.0000
    endloop
endfacet
facet normal 0.0000 0.0000 10.1000
    outer loop
        vertex 0.6000 3.6600 4.0000
        vertex 0.4000 3.3600 4.0000
        vertex 0.4000 3.2800 4.0000
    endloop
endfacet
facet normal 0.0000 0.0000 10.1725
    outer loop
        vertex 0.6600 2.9400 4.0000
        vertex 0.6000 2.9800 4.0000
        vertex 0.6000 2.5200 4.0000
    endloop
endfacet
facet normal 0.0000 0.0000 10.1425
    outer loop
        vertex 0.6000 2.5200 4.0000
        vertex 0.6600 2.5600 4.0000
        vertex 0.6600 2.9400 4.0000
    endloop
endfacet
facet normal 0.0000 0.0000 10.0950
    outer loop
        vertex 0.6600 2.5600 4.0000
        vertex 0.7000 2.7400 4.0000
        vertex 0.6600 2.9400 4.0000
    endloop
endfacet
facet normal 0.0000 0.0000 10.1225
    outer loop
        vertex 0.0400 2.9800 4.0000
        vertex -0.0200 2.9400 4.0000
        vertex -0.1600 2.5200 4.0000
    endloop
endfacet
facet normal 0.0000 0.0000 12.1850
    outer loop
        vertex -0.1600 2.5200 4.0000
        vertex 0.6000 2.5200 4.0000
        vertex 0.0400 2.9800 4.0000
    endloop
endfacet
facet normal 0.0000 0.0000 11.6100
    outer loop
        vertex 0.6000 2.5200 4.0000
        vertex 0.6000 2.9800 4.0000
        vertex 0.0400 2.9800 4.0000
    endloop
endfacet
facet normal 0.0000 0.0000 10.1925
    outer loop
        vertex -0.2200 2.5600 4.0000
        vertex -0.1600 2.5200 4.0000
        vertex -0.0200 2.9400 4.0000
    endloop
endfacet
facet normal 0.0000 0.0000 10.1000
    outer loop
        vertex -0.0200 2.9400 4.0000
        vertex -0.2200 2.6400 4.0000
        vertex -0.2200 2.5600 4.0000
    endloop
endfacet
facet normal 0.0000 0.0000 10.1275
    outer loop
        vertex 2.2400 5.4000 4.0000
        vertex 2.2800 5.4600 4.0000
        vertex 1.9400 5.4600 4.0000
    endloop
endfacet
facet normal 0.0000 0.0000 10.0975
    outer loop
        vertex 1.9400 5.4600 4.0000
        vertex 1.9800 5.4000 4.0000
        vertex 2.2400 5.4000 4.0000
    endloop
endfacet
facet normal 0.0000 0.0000 10.0650
    outer loop
        vertex 2.1000 5.3600 4.0000
        vertex 2.2400 5.4000 4.0000
        vertex 1.9800 5.4000 4.0000
    endloop
endfacet
facet normal 0.0000 0.0000 10.1275
    outer loop
        vertex 1.9400 5.8400 4.0000
        vertex 2.2800 5.8400 4.0000
        vertex 2.2400 5.9000 4.0000
    endloop
endfacet
facet normal 0.0000 0.0000 10.0975
    outer loop
        vertex 2.2400 5.9000 4.0000
        vertex 1.9800 5.9000 4.0000
        vertex 1.9400 5.8400 4.0000
    endloop
endfacet
facet normal 0.0000 0.0000 10.0650
    outer loop
        vertex 1.9800 5.9000 4.0000
        vertex 2.2400 5.9000 4.0000
        vertex 2.1000 5.9400 4.0000
    endloop
endfacet
facet normal 0.0000 0.0000 10.8075
    outer loop
        vertex 1.9400 5.4600 4.0000
        vertex 2.2800 5.4600 4.0000
        vertex 2.2800 5.8400 4.0000
    endloop
endfacet
facet normal 0.0000 0.0000 10.8075
    outer loop
        vertex 2.2800 5.8400 4.0000
        vertex 1.9400 5.8400 4.0000
        vertex 1.9400 5.4600 4.0000
    endloop
endfacet
facet normal 0.0000 0.0000 10.1725
    outer loop
        vertex -3.4400 2.2200 4.0000
        vertex -3.5000 2.2600 4.0000
        vertex -3.5000 1.8000 4.0000
    endloop
endfacet
facet normal 0.0000 0.0000 10.1425
    outer loop
        vertex -3.5000 1.8000 4.0000
        vertex -3.4400 1.8400 4.0000
        vertex -3.4400 2.2200 4.0000
    endloop
endfacet
facet normal 0.0000 0.0000 10.0950
    outer loop
        vertex -3.4400 1.8400 4.0000
        vertex -3.4000 2.0200 4.0000
        vertex -3.4400 2.2200 4.0000
    endloop
endfacet
facet normal 0.0000 0.0000 10.1825
    outer loop
        vertex -4.2200 1.8000 4.0000
        vertex -4.2600 2.2600 4.0000
        vertex -4.3200 2.2200 4.0000
    endloop
endfacet
facet normal 0.0000 0.0000 10.1325
    outer loop
        vertex -4.3200 2.2200 4.0000
        vertex -4.2800 1.8400 4.0000
        vertex -4.2200 1.8000 4.0000
    endloop
endfacet
facet normal 0.0000 0.0000 10.0975
    outer loop
        vertex -4.2800 1.8400 4.0000
        vertex -4.3200 2.2200 4.0000
        vertex -4.3400 2.0200 4.0000
    endloop
endfacet
facet normal 0.0000 0.0000 12.1850
    outer loop
        vertex -3.5000 1.8000 4.0000
        vertex -3.5000 2.2600 4.0000
        vertex -4.2600 2.2600 4.0000
    endloop
endfacet
facet normal 0.0000 0.0000 12.0700
    outer loop
        vertex -4.2600 2.2600 4.0000
        vertex -4.2200 1.8000 4.0000
        vertex -3.5000 1.8000 4.0000
    endloop
endfacet
facet normal 0.0000 0.0000 10.0375
    outer loop
        vertex -2.2200 1.2800 4.0000
        vertex -2.2200 1.3800 4.0000
        vertex -2.2800 1.4600 4.0000
    endloop
endfacet
facet normal 0.0000 0.0000 10.2325
    outer loop
        vertex -2.2800 1.4600 4.0000
        vertex -2.5200 1.5600 4.0000
        vertex -2.2200 1.2800 4.0000
    endloop
endfacet
facet normal 0.0000 0.0000 10.1775
    outer loop
        vertex -2.2200 1.2800 4.0000
        vertex -2.5200 1.5600 4.0000
        vertex -2.6000 1.5400 4.0000
    endloop
endfacet
facet normal 0.0000 0.0000 10.3200
    outer loop
        vertex -2.6000 1.5400 4.0000
        vertex -2.6800 1.4600 4.0000
        vertex -2.2200 1.2800 4.0000
    endloop
endfacet
facet normal 0.0000 0.0000 10.8700
    outer loop
        vertex -2.2200 1.2800 4.0000
        vertex -2.6800 1.4600 4.0000
        vertex -2.8400 1.2200 4.0000
    endloop
endfacet
facet normal 0.0000 0.0000 11.0100
    outer loop
        vertex -2.8400 1.2200 4.0000
        vertex -2.4200 1.0000 4.0000
        vertex -2.2200 1.2800 4.0000
    endloop
endfacet
facet normal 0.0000 0.0000 10.7950
    outer loop
        vertex -2.4200 1.0000 4.0000
        vertex -2.8400 1.2200 4.0000
        vertex -2.9600 0.9800 4.0000
    endloop
endfacet
facet normal 0.0000 0.0000 10.7300
    outer loop
        vertex -2.9600 0.9800 4.0000
        vertex -2.5200 0.7800 4.0000
        vertex -2.4200 1.0000 4.0000
    endloop
endfacet
facet normal 0.0000 0.0000 10.8450
    outer loop
        vertex -2.5200 0.7800 4.0000
        vertex -2.9600 0.9800 4.0000
        vertex -3.0200 0.7000 4.0000
    endloop
endfacet
facet normal 0.0000 0.0000 10.9700
    outer loop
        vertex -3.0200 0.7000 4.0000
        vertex -2.5800 0.4600 4.0000
        vertex -2.5200 0.7800 4.0000
    endloop
endfacet
facet normal 0.0000 0.0000 10.6900
    outer loop
        vertex -3.0400 0.4600 4.0000
        vertex -2.5800 0.4600 4.0000
        vertex -3.0200 0.7000 4.0000
    endloop
endfacet
facet normal 0.0000 0.0000 12.9900
    outer loop
        vertex -3.9000 0.4600 4.0000
        vertex -3.3800 0.4600 4.0000
        vertex -3.3800 1.3800 4.0000
    endloop
endfacet
facet normal 0.0000 0.0000 12.9900
    outer loop
        vertex -3.3800 1.3800 4.0000
        vertex -3.9000 1.3800 4.0000
        vertex -3.9000 0.4600 4.0000
    endloop
endfacet
facet normal 0.0000 0.0000 10.3250
    outer loop
        vertex -3.9000 1.3800 4.0000
        vertex -3.3800 1.3800 4.0000
        vertex -3.4200 1.4800 4.0000
    endloop
endfacet
facet normal 0.0000 0.0000 10.2750
    outer loop
        vertex -3.4200 1.4800 4.0000
        vertex -3.8600 1.4800 4.0000
        vertex -3.9000 1.3800 4.0000
    endloop
endfacet
facet normal 0.0000 0.0000 10.1650
    outer loop
        vertex -3.8600 1.4800 4.0000
        vertex -3.4200 1.4800 4.0000
        vertex -3.5000 1.5400 4.0000
    endloop
endfacet
facet normal 0.0000 0.0000 10.1050
    outer loop
        vertex -3.5000 1.5400 4.0000
        vertex -3.7800 1.5400 4.0000
        vertex -3.8600 1.4800 4.0000
    endloop
endfacet
facet normal 0.0000 0.0000 10.0525
    outer loop
        vertex -4.1800 2.4800 4.0000
        vertex -4.0600 2.5000 4.0000
        vertex -4.0000 2.5800 4.0000
    endloop
endfacet
facet normal 0.0000 0.0000 10.1000
    outer loop
        vertex -4.0000 2.5800 4.0000
        vertex -3.9800 2.6800 4.0000
        vertex -4.1800 2.4800 4.0000
    endloop
endfacet
facet normal 0.0000 0.0000 10.2000
    outer loop
        vertex -4.1800 2.4800 4.0000
        vertex -3.9800 2.6800 4.0000
        vertex -4.0400 2.7800 4.0000
    endloop
endfacet
facet normal 0.0000 0.0000 10.2975
    outer loop
        vertex -4.0400 2.7800 4.0000
        vertex -4.3200 2.5200 4.0000
        vertex -4.1800 2.4800 4.0000
    endloop
endfacet
facet normal 0.0000 0.0000 10.3375
    outer loop
        vertex -4.4200 2.6200 4.0000
        vertex -4.3200 2.5200 4.0000
        vertex -4.0400 2.7800 4.0000
    endloop
endfacet
facet normal 0.0000 0.0000 10.6275
    outer loop
        vertex -4.0400 2.7800 4.0000
        vertex -4.2400 2.9600 4.0000
        vertex -4.4200 2.6200 4.0000
    endloop
endfacet
facet normal 0.0000 0.0000 10.2775
    outer loop
        vertex -4.4200 2.6200 4.0000
        vertex -4.2400 2.9600 4.0000
        vertex -4.3600 2.9800 4.0000
    endloop
endfacet
facet normal 0.0000 0.0000 10.2325
    outer loop
        vertex -4.3600 2.9800 4.0000
        vertex -4.5000 2.7600 4.0000
        vertex -4.4200 2.6200 4.0000
    endloop
endfacet
facet normal 0.0000 0.0000 10.0875
    outer loop
        vertex -4.5000 2.8600 4.0000
        vertex -4.5000 2.7600 4.0000
        vertex -4.3600 2.9800 4.0000
    endloop
endfacet
facet normal 0.0000 0.0000 10.0400
    outer loop
        vertex -4.3600 2.9800 4.0000
        vertex -4.4600 2.9400 4.0000
        vertex -4.5000 2.8600 4.0000
    endloop
endfacet
facet normal 0.0000 0.0000 10.3875
    outer loop
        vertex -4.5000 4.6600 4.0000
        vertex -4.2200 5.0000 4.0000
        vertex -4.3200 5.1000 4.0000
    endloop
endfacet
facet normal 0.0000 0.0000 10.4850
    outer loop
        vertex -4.3200 5.1000 4.0000
        vertex -4.4800 5.1400 4.0000
        vertex -4.5000 4.6600 4.0000
    endloop
endfacet
facet normal 0.0000 0.0000 10.3550
    outer loop
        vertex -4.5000 4.6600 4.0000
        vertex -4.4800 5.1400 4.0000
        vertex -4.6000 5.1000 4.0000
    endloop
endfacet
facet normal 0.0000 0.0000 10.4975
    outer loop
        vertex -4.6000 5.1000 4.0000
        vertex -4.7400 4.9200 4.0000
        vertex -4.5000 4.6600 4.0000
    endloop
endfacet
facet normal 0.0000 0.0000 10.2725
    outer loop
        vertex -4.5000 4.6600 4.0000
        vertex -4.7400 4.9200 4.0000
        vertex -4.7600 4.7600 4.0000
    endloop
endfacet
facet normal 0.0000 0.0000 10.1275
    outer loop
        vertex -4.7600 4.7600 4.0000
        vertex -4.6000 4.6200 4.0000
        vertex -4.5000 4.6600 4.0000
    endloop
endfacet
facet normal 0.0000 0.0000 10.0650
    outer loop
        vertex -4.6000 4.6200 4.0000
        vertex -4.7600 4.7600 4.0000
        vertex -4.7200 4.6600 4.0000
    endloop
endfacet
facet normal 0.0000 0.0000 10.0350
    outer loop
        vertex -3.6200 5.6600 4.0000
        vertex -3.5800 5.7400 4.0000
        vertex -3.6200 5.8000 4.0000
    endloop
endfacet
facet normal 0.0000 0.0000 10.1225
    outer loop
        vertex -3.6200 5.8000 4.0000
        vertex -3.7600 5.8000 4.0000
        vertex -3.6200 5.6600 4.0000
    endloop
endfacet
facet normal 0.0000 0.0000 10.4725
    outer loop
        vertex -3.8800 5.3800 4.0000
        vertex -3.6200 5.6600 4.0000
        vertex -3.7600 5.8000 4.0000
    endloop
endfacet
facet normal 0.0000 0.0000 10.3525
    outer loop
        vertex -3.7600 5.8000 4.0000
        vertex -4.0200 5.3600 4.0000
        vertex -3.8800 5.3800 4.0000
    endloop
endfacet
facet normal 0.0000 0.0000 10.6150
    outer loop
        vertex -4.2200 5.4000 4.0000
        vertex -4.0200 5.3600 4.0000
        vertex -3.7600 5.8000 4.0000
    endloop
endfacet
facet normal 0.0000 0.0000 10.8350
    outer loop
        vertex -3.7600 5.8000 4.0000
        vertex -4.1400 5.7600 4.0000
        vertex -4.2200 5.4000 4.0000
    endloop
endfacet
facet normal 0.0000 0.0000 10.1750
    outer loop
        vertex -4.2800 5.4800 4.0000
        vertex -4.2200 5.4000 4.0000
        vertex -4.1400 5.7600 4.0000
    endloop
endfacet
facet normal 0.0000 0.0000 10.0875
    outer loop
        vertex -4.1400 5.7600 4.0000
        vertex -4.2800 5.5800 4.0000
        vertex -4.2800 5.4800 4.0000
    endloop
endfacet
facet normal 0.0000 0.0000 10.0425
    outer loop
        vertex -4.2800 5.5800 4.0000
        vertex -4.1400 5.7600 4.0000
        vertex -4.2400 5.6800 4.0000
    endloop
endfacet
facet normal 0.0000 0.0000 10.1125
    outer loop
        vertex -3.2800 6.1600 4.0000
        vertex -3.1000 6.2800 4.0000
        vertex -3.0400 6.4200 4.0000
    endloop
endfacet
facet normal 0.0000 0.0000 10.1825
    outer loop
        vertex -3.0400 6.4200 4.0000
        vertex -3.0600 6.5200 4.0000
        vertex -3.2800 6.1600 4.0000
    endloop
endfacet
facet normal 0.0000 0.0000 10.3250
    outer loop
        vertex -3.2800 6.1600 4.0000
        vertex -3.0600 6.5200 4.0000
        vertex -3.1800 6.5600 4.0000
    endloop
endfacet
facet normal 0.0000 0.0000 10.3000
    outer loop
        vertex -3.1800 6.5600 4.0000
        vertex -3.4200 6.0800 4.0000
        vertex -3.2800 6.1600 4.0000
    endloop
endfacet
facet normal 0.0000 0.0000 12.6700
    outer loop
        vertex -4.3600 5.9800 4.0000
        vertex -3.4200 6.0800 4.0000
        vertex -3.1800 6.5600 4.0000
    endloop
endfacet
facet normal 0.0000 0.0000 13.6100
    outer loop
        vertex -3.1800 6.5600 4.0000
        vertex -4.4200 6.4400 4.0000
        vertex -4.3600 5.9800 4.0000
    endloop
endfacet
facet normal 0.0000 0.0000 10.4825
    outer loop
        vertex -4.3600 5.9800 4.0000
        vertex -4.4200 6.4400 4.0000
        vertex -4.5800 6.3800 4.0000
    endloop
endfacet
facet normal 0.0000 0.0000 10.3875
    outer loop
        vertex -4.5800 6.3800 4.0000
        vertex -4.6800 6.2800 4.0000
        vertex -4.3600 5.9800 4.0000
    endloop
endfacet
facet normal 0.0000 0.0000 13.2000
    outer loop
        vertex -5.0000 4.9800 4.0000
        vertex -4.3600 5.9800 4.0000
        vertex -4.6800 6.2800 4.0000
    endloop
endfacet
facet normal 0.0000 0.0000 13.1600
    outer loop
        vertex -4.6800 6.2800 4.0000
        vertex -5.3200 5.2600 4.0000
        vertex -5.0000 4.9800 4.0000
    endloop
endfacet
facet normal 0.0000 0.0000 10.4200
    outer loop
        vertex -5.0000 4.9800 4.0000
        vertex -5.3200 5.2600 4.0000
        vertex -5.4000 5.1200 4.0000
    endloop
endfacet
facet normal 0.0000 0.0000 10.4350
    outer loop
        vertex -5.4000 5.1200 4.0000
        vertex -5.4400 4.9600 4.0000
        vertex -5.0000 4.9800 4.0000
    endloop
endfacet
facet normal 0.0000 0.0000 10.2725
    outer loop
        vertex -5.0200 4.8800 4.0000
        vertex -5.0000 4.9800 4.0000
        vertex -5.4400 4.9600 4.0000
    endloop
endfacet
facet normal 0.0000 0.0000 11.1450
    outer loop
        vertex -5.4400 4.9600 4.0000
        vertex -5.4200 4.5200 4.0000
        vertex -5.0200 4.8800 4.0000
    endloop
endfacet
facet normal 0.0000 0.0000 10.7950
    outer loop
        vertex -5.0000 4.5800 4.0000
        vertex -5.0200 4.8800 4.0000
        vertex -5.4200 4.5200 4.0000
    endloop
endfacet
facet normal 0.0000 0.0000 12.0775
    outer loop
        vertex -5.4200 4.5200 4.0000
        vertex -5.3400 3.7400 4.0000
        vertex -5.0000 4.5800 4.0000
    endloop
endfacet
facet normal 0.0000 0.0000 12.0975
    outer loop
        vertex -4.9000 3.8400 4.0000
        vertex -5.0000 4.5800 4.0000
        vertex -5.3400 3.7400 4.0000
    endloop
endfacet
facet normal 0.0000 0.0000 13.7125
    outer loop
        vertex -5.3400 3.7400 4.0000
        vertex -5.1200 2.4400 4.0000
        vertex -4.9000 3.8400 4.0000
    endloop
endfacet
facet normal 0.0000 0.0000 14.3375
    outer loop
        vertex -4.6400 2.3400 4.0000
        vertex -4.9000 3.8400 4.0000
        vertex -5.1200 2.4400 4.0000
    endloop
endfacet
facet normal 0.0000 0.0000 12.7550
    outer loop
        vertex -5.1200 2.4400 4.0000
        vertex -4.9200 1.4800 4.0000
        vertex -4.6400 2.3400 4.0000
    endloop
endfacet
facet normal 0.0000 0.0000 12.6850
    outer loop
        vertex -4.4400 1.4200 4.0000
        vertex -4.6400 2.3400 4.0000
        vertex -4.9200 1.4800 4.0000
    endloop
endfacet
facet normal 0.0000 0.0000 11.8000
    outer loop
        vertex -4.9200 1.4800 4.0000
        vertex -4.7600 0.8600 4.0000
        vertex -4.4400 1.4200 4.0000
    endloop
endfacet
facet normal 0.0000 0.0000 11.6800
    outer loop
        vertex -4.2800 0.8600 4.0000
        vertex -4.4400 1.4200 4.0000
        vertex -4.7600 0.8600 4.0000
    endloop
endfacet
facet normal 0.0000 0.0000 11.0200
    outer loop
        vertex -4.7600 0.8600 4.0000
        vertex -4.6400 0.5200 4.0000
        vertex -4.2800 0.8600 4.0000
    endloop
endfacet
facet normal 0.0000 0.0000 11.1975
    outer loop
        vertex -4.1400 0.4600 4.0000
        vertex -4.2800 0.8600 4.0000
        vertex -4.6400 0.5200 4.0000
    endloop
endfacet
facet normal 0.0000 0.0000 10.2650
    outer loop
        vertex 5.1000 2.6200 4.0000
        vertex 5.1200 2.7200 4.0000
        vertex 4.7200 2.8400 4.0000
    endloop
endfacet
facet normal 0.0000 0.0000 10.4625
    outer loop
        vertex 4.7200 2.8400 4.0000
        vertex 5.0400 2.4600 4.0000
        vertex 5.1000 2.6200 4.0000
    endloop
endfacet
facet normal 0.0000 0.0000 10.3350
    outer loop
        vertex 5.0400 2.4600 4.0000
        vertex 4.7200 2.8400 4.0000
        vertex 4.6800 2.7200 4.0000
    endloop
endfacet
facet normal 0.0000 0.0000 11.9800
    outer loop
        vertex 4.6800 2.7200 4.0000
        vertex 4.6800 1.8400 4.0000
        vertex 5.0400 2.4600 4.0000
    endloop
endfacet
facet normal 0.0000 0.0000 12.5300
    outer loop
        vertex 4.6800 1.8400 4.0000
        vertex 4.6800 2.7200 4.0000
        vertex 4.2200 1.8600 4.0000
    endloop
endfacet
facet normal 0.0000 0.0000 11.3625
    outer loop
        vertex 4.2200 1.8600 4.0000
        vertex 4.3600 1.3800 4.0000
        vertex 4.6800 1.8400 4.0000
    endloop
endfacet
facet normal 0.0000 0.0000 10.5000
    outer loop
        vertex 4.3600 1.3800 4.0000
        vertex 4.2200 1.8600 4.0000
        vertex 4.1000 1.7000 4.0000
    endloop
endfacet
facet normal 0.0000 0.0000 10.4025
    outer loop
        vertex 4.1000 1.7000 4.0000
        vertex 4.2400 1.2800 4.0000
        vertex 4.3600 1.3800 4.0000
    endloop
endfacet
facet normal 0.0000 0.0000 10.2450
    outer loop
        vertex 4.1600 1.2400 4.0000
        vertex 4.2400 1.2800 4.0000
        vertex 4.1000 1.7000 4.0000
    endloop
endfacet
facet normal 0.0000 0.0000 10.4100
    outer loop
        vertex 4.1000 1.7000 4.0000
        vertex 4.0200 1.2200 4.0000
        vertex 4.1600 1.2400 4.0000
    endloop
endfacet
facet normal 0.0000 0.0000 10.2900
    outer loop
        vertex 4.0200 1.2200 4.0000
        vertex 4.1000 1.7000 4.0000
        vertex 4.0000 1.6800 4.0000
    endloop
endfacet
facet normal 0.0000 0.0000 10.3425
    outer loop
        vertex 4.0000 1.6800 4.0000
        vertex 3.9000 1.2400 4.0000
        vertex 4.0200 1.2200 4.0000
    endloop
endfacet
facet normal 0.0000 0.0000 10.4100
    outer loop
        vertex 3.9000 1.2400 4.0000
        vertex 4.0000 1.6800 4.0000
        vertex 3.8600 1.7200 4.0000
    endloop
endfacet
facet normal 0.0000 0.0000 11.1200
    outer loop
        vertex 3.8600 1.7200 4.0000
        vertex 3.5200 1.3200 4.0000
        vertex 3.9000 1.2400 4.0000
    endloop
endfacet
facet normal 0.0000 0.0000 11.8125
    outer loop
        vertex 3.5200 1.3200 4.0000
        vertex 3.8600 1.7200 4.0000
        vertex 3.2200 1.8200 4.0000
    endloop
endfacet
facet normal 0.0000 0.0000 11.7500
    outer loop
        vertex 3.2200 1.8200 4.0000
        vertex 2.9000 1.4200 4.0000
        vertex 3.5200 1.3200 4.0000
    endloop
endfacet
facet normal 0.0000 0.0000 11.8100
    outer loop
        vertex 2.9000 1.4200 4.0000
        vertex 3.2200 1.8200 4.0000
        vertex 2.5600 1.9000 4.0000
    endloop
endfacet
facet normal 0.0000 0.0000 11.9725
    outer loop
        vertex 2.5600 1.9000 4.0000
        vertex 2.2000 1.4800 4.0000
        vertex 2.9000 1.4200 4.0000
    endloop
endfacet
facet normal 0.0000 0.0000 12.0400
    outer loop
        vertex 2.2000 1.4800 4.0000
        vertex 2.5600 1.9000 4.0000
        vertex 1.8000 1.9200 4.0000
    endloop
endfacet
facet normal 0.0000 0.0000 18.8050
    outer loop
        vertex 1.8000 1.9200 4.0000
        vertex -1.0200 1.5000 4.0000
        vertex 2.2000 1.4800 4.0000
    endloop
endfacet
facet normal 0.0000 0.0000 16.6150
    outer loop
        vertex -1.0200 1.5000 4.0000
        vertex 1.8000 1.9200 4.0000
        vertex -0.7200 1.9200 4.0000
    endloop
endfacet
facet normal 0.0000 0.0000 10.2250
    outer loop
        vertex -0.7200 1.9200 4.0000
        vertex -0.8200 1.9000 4.0000
        vertex -1.0200 1.5000 4.0000
    endloop
endfacet
facet normal 0.0000 0.0000 10.1750
    outer loop
        vertex -1.0200 1.5000 4.0000
        vertex -0.8200 1.9000 4.0000
        vertex -0.9000 1.8800 4.0000
    endloop
endfacet
facet normal 0.0000 0.0000 10.2050
    outer loop
        vertex -0.9000 1.8800 4.0000
        vertex -1.1000 1.5200 4.0000
        vertex -1.0200 1.5000 4.0000
    endloop
endfacet
facet normal 0.0000 0.0000 10.1400
    outer loop
        vertex -1.1000 1.5200 4.0000
        vertex -0.9000 1.8800 4.0000
        vertex -1.1400 1.5600 4.0000
    endloop
endfacet
facet normal 0.0000 0.0000 15.1450
    outer loop
        vertex 4.9800 4.8200 4.0000
        vertex 4.7200 2.8400 4.0000
        vertex 5.1200 2.7200 4.0000
    endloop
endfacet
facet normal 0.0000 0.0000 15.2500
    outer loop
        vertex 5.1200 2.7200 4.0000
        vertex 5.3800 4.8200 4.0000
        vertex 4.9800 4.8200 4.0000
    endloop
endfacet
facet normal 0.0000 0.0000 10.3500
    outer loop
        vertex 4.9800 4.8200 4.0000
        vertex 5.3800 4.8200 4.0000
        vertex 5.3800 4.9600 4.0000
    endloop
endfacet
facet normal 0.0000 0.0000 10.3850
    outer loop
        vertex 5.3800 4.9600 4.0000
        vertex 5.3400 5.1000 4.0000
        vertex 4.9800 4.8200 4.0000
    endloop
endfacet
facet normal 0.0000 0.0000 10.2250
    outer loop
        vertex 4.9800 4.8200 4.0000
        vertex 5.3400 5.1000 4.0000
        vertex 4.9800 4.9200 4.0000
    endloop
endfacet
facet normal 0.0000 0.0000 13.4875
    outer loop
        vertex 4.9800 4.9200 4.0000
        vertex 5.3400 5.1000 4.0000
        vertex 4.6000 6.2800 4.0000
    endloop
endfacet
facet normal 0.0000 0.0000 13.1125
    outer loop
        vertex 4.6000 6.2800 4.0000
        vertex 4.3400 5.9000 4.0000
        vertex 4.9800 4.9200 4.0000
    endloop
endfacet
facet normal 0.0000 0.0000 10.2725
    outer loop
        vertex 4.3400 5.9000 4.0000
        vertex 4.6000 6.2800 4.0000
        vertex 4.5400 6.3600 4.0000
    endloop
endfacet
facet normal 0.0000 0.0000 10.3625
    outer loop
        vertex 4.5400 6.3600 4.0000
        vertex 4.4400 6.4200 4.0000
        vertex 4.3400 5.9000 4.0000
    endloop
endfacet
facet normal 0.0000 0.0000 10.2325
    outer loop
        vertex 4.3400 5.9000 4.0000
        vertex 4.4400 6.4200 4.0000
        vertex 4.2800 5.9600 4.0000
    endloop
endfacet
facet normal 0.0000 0.0000 10.2700
    outer loop
        vertex 4.2800 5.9600 4.0000
        vertex 4.4400 6.4200 4.0000
        vertex 4.2000 6.0000 4.0000
    endloop
endfacet
facet normal 0.0000 0.0000 15.8125
    outer loop
        vertex 4.2000 6.0000 4.0000
        vertex 4.4400 6.4200 4.0000
        vertex 2.3400 6.6200 4.0000
    endloop
endfacet
facet normal 0.0000 0.0000 10.6200
    outer loop
        vertex 2.3400 6.6200 4.0000
        vertex 2.2400 6.6000 4.0000
        vertex 4.2000 6.0000 4.0000
    endloop
endfacet
facet normal 0.0000 0.0000 11.0350
    outer loop
        vertex 4.2000 6.0000 4.0000
        vertex 2.2400 6.6000 4.0000
        vertex 2.1600 6.5400 4.0000
    endloop
endfacet
facet normal 0.0000 0.0000 14.4175
    outer loop
        vertex 2.1600 6.5400 4.0000
        vertex 2.0600 6.2200 4.0000
        vertex 4.2000 6.0000 4.0000
    endloop
endfacet
facet normal 0.0000 0.0000 10.1850
    outer loop
        vertex 1.9800 6.2600 4.0000
        vertex 2.0600 6.2200 4.0000
        vertex 2.1600 6.5400 4.0000
    endloop
endfacet
facet normal 0.0000 0.0000 10.0900
    outer loop
        vertex 2.1600 6.5400 4.0000
        vertex 1.9800 6.3400 4.0000
        vertex 1.9800 6.2600 4.0000
    endloop
endfacet
facet normal 0.0000 0.0000 10.1750
    outer loop
        vertex -0.6400 9.7000 4.0000
        vertex -0.9000 9.4800 4.0000
        vertex -0.8200 9.4400 4.0000
    endloop
endfacet
facet normal 0.0000 0.0000 10.1225
    outer loop
        vertex -0.8200 9.4400 4.0000
        vertex -0.6200 9.6200 4.0000
        vertex -0.6400 9.7000 4.0000
    endloop
endfacet
facet normal 0.0000 0.0000 10.1025
    outer loop
        vertex -0.6400 9.5200 4.0000
        vertex -0.6200 9.6200 4.0000
        vertex -0.8200 9.4400 4.0000
    endloop
endfacet
facet normal 0.0000 0.0000 10.0400
    outer loop
        vertex -0.8200 9.4400 4.0000
        vertex -0.7400 9.4400 4.0000
        vertex -0.6400 9.5200 4.0000
    endloop
endfacet
facet normal 0.0000 0.0000 10.1750
    outer loop
        vertex -1.9600 10.8200 4.0000
        vertex -1.7000 11.0400 4.0000
        vertex -1.7800 11.0800 4.0000
    endloop
endfacet
facet normal 0.0000 0.0000 10.1225
    outer loop
        vertex -1.7800 11.0800 4.0000
        vertex -1.9800 10.9000 4.0000
        vertex -1.9600 10.8200 4.0000
    endloop
endfacet
facet normal 0.0000 0.0000 10.1025
    outer loop
        vertex -1.9600 11.0000 4.0000
        vertex -1.9800 10.9000 4.0000
        vertex -1.7800 11.0800 4.0000
    endloop
endfacet
facet normal 0.0000 0.0000 10.0400
    outer loop
        vertex -1.7800 11.0800 4.0000
        vertex -1.8600 11.0800 4.0000
        vertex -1.9600 11.0000 4.0000
    endloop
endfacet
facet normal 0.0000 0.0000 13.6350
    outer loop
        vertex -1.9600 10.8200 4.0000
        vertex -0.9000 9.4800 4.0000
        vertex -0.6400 9.7000 4.0000
    endloop
endfacet
facet normal 0.0000 0.0000 13.6350
    outer loop
        vertex -0.6400 9.7000 4.0000
        vertex -1.7000 11.0400 4.0000
        vertex -1.9600 10.8200 4.0000
    endloop
endfacet
facet normal 0.0000 0.0000 10.1755
    outer loop
        vertex -0.8788 10.9824 4.0000
        vertex -0.6172 10.7644 4.0000
        vertex -0.5916 10.8504 4.0000
    endloop
endfacet
facet normal 0.0000 0.0000 10.1224
    outer loop
        vertex -0.5916 10.8504 4.0000
        vertex -0.8036 11.0160 4.0000
        vertex -0.8788 10.9824 4.0000
    endloop
endfacet
facet normal 0.0000 0.0000 10.1024
    outer loop
        vertex -0.7016 11.0136 4.0000
        vertex -0.8036 11.0160 4.0000
        vertex -0.5916 10.8504 4.0000
    endloop
endfacet
facet normal 0.0000 0.0000 10.0396
    outer loop
        vertex -0.5916 10.8504 4.0000
        vertex -0.6056 10.9288 4.0000
        vertex -0.7016 11.0136 4.0000
    endloop
endfacet
facet normal 0.0000 0.0000 10.1748
    outer loop
        vertex -1.7128 9.5080 4.0000
        vertex -1.9744 9.7256 4.0000
        vertex -2.0000 9.6400 4.0000
    endloop
endfacet
facet normal 0.0000 0.0000 10.1224
    outer loop
        vertex -2.0000 9.6400 4.0000
        vertex -1.7880 9.4744 4.0000
        vertex -1.7128 9.5080 4.0000
    endloop
endfacet
facet normal 0.0000 0.0000 10.1024
    outer loop
        vertex -1.8900 9.4768 4.0000
        vertex -1.7880 9.4744 4.0000
        vertex -2.0000 9.6400 4.0000
    endloop
endfacet
facet normal 0.0000 0.0000 10.0399
    outer loop
        vertex -2.0000 9.6400 4.0000
        vertex -1.9860 9.5612 4.0000
        vertex -1.8900 9.4768 4.0000
    endloop
endfacet
facet normal 0.0000 0.0000 10.9790
    outer loop
        vertex -0.9196 10.4176 4.0000
        vertex -0.6172 10.7644 4.0000
        vertex -0.8788 10.9824 4.0000
    endloop
endfacet
facet normal 0.0000 0.0000 10.9338
    outer loop
        vertex -0.8788 10.9824 4.0000
        vertex -1.1672 10.6520 4.0000
        vertex -0.9196 10.4176 4.0000
    endloop
endfacet
facet normal 0.0000 0.0000 10.9085
    outer loop
        vertex -1.7128 9.5080 4.0000
        vertex -1.4320 9.8300 4.0000
        vertex -1.6480 10.1000 4.0000
    endloop
endfacet
facet normal 0.0000 0.0000 11.0560
    outer loop
        vertex -1.6480 10.1000 4.0000
        vertex -1.9744 9.7256 4.0000
        vertex -1.7128 9.5080 4.0000
    endloop
endfacet
facet normal 0.0000 0.0000 10.1750
    outer loop
        vertex -2.9400 9.8600 4.0000
        vertex -3.2000 9.6400 4.0000
        vertex -3.1200 9.6000 4.0000
    endloop
endfacet
facet normal 0.0000 0.0000 10.1225
    outer loop
        vertex -3.1200 9.6000 4.0000
        vertex -2.9200 9.7800 4.0000
        vertex -2.9400 9.8600 4.0000
    endloop
endfacet
facet normal 0.0000 0.0000 10.1025
    outer loop
        vertex -2.9400 9.6800 4.0000
        vertex -2.9200 9.7800 4.0000
        vertex -3.1200 9.6000 4.0000
    endloop
endfacet
facet normal 0.0000 0.0000 10.0400
    outer loop
        vertex -3.1200 9.6000 4.0000
        vertex -3.0400 9.6000 4.0000
        vertex -2.9400 9.6800 4.0000
    endloop
endfacet
facet normal 0.0000 0.0000 10.1750
    outer loop
        vertex -4.2600 10.9800 4.0000
        vertex -4.0000 11.2000 4.0000
        vertex -4.0800 11.2400 4.0000
    endloop
endfacet
facet normal 0.0000 0.0000 10.1225
    outer loop
        vertex -4.0800 11.2400 4.0000
        vertex -4.2800 11.0600 4.0000
        vertex -4.2600 10.9800 4.0000
    endloop
endfacet
facet normal 0.0000 0.0000 10.1025
    outer loop
        vertex -4.2600 11.1600 4.0000
        vertex -4.2800 11.0600 4.0000
        vertex -4.0800 11.2400 4.0000
    endloop
endfacet
facet normal 0.0000 0.0000 10.0400
    outer loop
        vertex -4.0800 11.2400 4.0000
        vertex -4.1600 11.2400 4.0000
        vertex -4.2600 11.1600 4.0000
    endloop
endfacet
facet normal 0.0000 0.0000 13.6350
    outer loop
        vertex -4.2600 10.9800 4.0000
        vertex -3.2000 9.6400 4.0000
        vertex -2.9400 9.8600 4.0000
    endloop
endfacet
facet normal 0.0000 0.0000 13.6350
    outer loop
        vertex -2.9400 9.8600 4.0000
        vertex -4.0000 11.2000 4.0000
        vertex -4.2600 10.9800 4.0000
    endloop
endfacet
facet normal 0.0000 0.0000 10.1755
    outer loop
        vertex -3.1788 11.1424 4.0000
        vertex -2.9172 10.9244 4.0000
        vertex -2.8916 11.0104 4.0000
    endloop
endfacet
facet normal 0.0000 0.0000 10.1224
    outer loop
        vertex -2.8916 11.0104 4.0000
        vertex -3.1036 11.1760 4.0000
        vertex -3.1788 11.1424 4.0000
    endloop
endfacet
facet normal 0.0000 0.0000 10.1024
    outer loop
        vertex -3.0016 11.1736 4.0000
        vertex -3.1036 11.1760 4.0000
        vertex -2.8916 11.0104 4.0000
    endloop
endfacet
facet normal 0.0000 0.0000 10.0396
    outer loop
        vertex -2.8916 11.0104 4.0000
        vertex -2.9056 11.0888 4.0000
        vertex -3.0016 11.1736 4.0000
    endloop
endfacet
facet normal 0.0000 0.0000 10.1748
    outer loop
        vertex -4.0128 9.6680 4.0000
        vertex -4.2744 9.8856 4.0000
        vertex -4.3000 9.8000 4.0000
    endloop
endfacet
facet normal 0.0000 0.0000 10.1224
    outer loop
        vertex -4.3000 9.8000 4.0000
        vertex -4.0880 9.6344 4.0000
        vertex -4.0128 9.6680 4.0000
    endloop
endfacet
facet normal 0.0000 0.0000 10.1024
    outer loop
        vertex -4.1900 9.6368 4.0000
        vertex -4.0880 9.6344 4.0000
        vertex -4.3000 9.8000 4.0000
    endloop
endfacet
facet normal 0.0000 0.0000 10.0399
    outer loop
        vertex -4.3000 9.8000 4.0000
        vertex -4.2860 9.7212 4.0000
        vertex -4.1900 9.6368 4.0000
    endloop
endfacet
facet normal 0.0000 0.0000 10.9790
    outer loop
        vertex -3.2196 10.5776 4.0000
        vertex -2.9172 10.9244 4.0000
        vertex -3.1788 11.1424 4.0000
    endloop
endfacet
facet normal 0.0000 0.0000 10.9338
    outer loop
        vertex -3.1788 11.1424 4.0000
        vertex -3.4672 10.8120 4.0000
        vertex -3.2196 10.5776 4.0000
    endloop
endfacet
facet normal 0.0000 0.0000 10.9085
    outer loop
        vertex -4.0128 9.6680 4.0000
        vertex -3.7320 9.9900 4.0000
        vertex -3.9480 10.2600 4.0000
    endloop
endfacet
facet normal 0.0000 0.0000 11.0560
    outer loop
        vertex -3.9480 10.2600 4.0000
        vertex -4.2744 9.8856 4.0000
        vertex -4.0128 9.6680 4.0000
    endloop
endfacet
facet normal 0.0000 0.0000 16.1975
    outer loop
        vertex 5.5600 9.7600 4.0000
        vertex 6.2800 9.7800 4.0000
        vertex 6.3800 11.1600 4.0000
    endloop
endfacet
facet normal 0.0000 0.0000 17.4950
    outer loop
        vertex 6.3800 11.1600 4.0000
        vertex 5.5000 11.1200 4.0000
        vertex 5.5600 9.7600 4.0000
    endloop
endfacet
facet normal 0.0000 0.0000 10.6950
    outer loop
        vertex 5.5600 9.7600 4.0000
        vertex 5.5000 11.1200 4.0000
        vertex 5.4200 11.0800 4.0000
    endloop
endfacet
facet normal 0.0000 0.0000 10.6425
    outer loop
        vertex 5.4200 11.0800 4.0000
        vertex 5.4800 9.7800 4.0000
        vertex 5.5600 9.7600 4.0000
    endloop
endfacet
facet normal 0.0000 0.0000 10.4650
    outer loop
        vertex 5.4200 9.8400 4.0000
        vertex 5.4800 9.7800 4.0000
        vertex 5.4200 11.0800 4.0000
    endloop
endfacet
facet normal 0.0000 0.0000 10.4650
    outer loop
        vertex 5.4200 11.0800 4.0000
        vertex 5.3600 11.0000 4.0000
        vertex 5.4200 9.8400 4.0000
    endloop
endfacet
facet normal 0.0000 0.0000 10.3575
    outer loop
        vertex -5.5600 9.7800 4.0000
        vertex -5.4600 10.9600 4.0000
        vertex -5.5000 11.0600 4.0000
    endloop
endfacet
facet normal 0.0000 0.0000 10.4500
    outer loop
        vertex -5.5000 11.0600 4.0000
        vertex -5.6200 9.7000 4.0000
        vertex -5.5600 9.7800 4.0000
    endloop
endfacet
facet normal 0.0000 0.0000 10.8350
    outer loop
        vertex -5.7200 9.6800 4.0000
        vertex -5.6200 9.7000 4.0000
        vertex -5.5000 11.0600 4.0000
    endloop
endfacet
facet normal 0.0000 0.0000 10.7450
    outer loop
        vertex -5.5000 11.0600 4.0000
        vertex -5.5800 11.1000 4.0000
        vertex -5.7200 9.6800 4.0000
    endloop
endfacet
facet normal 0.0000 0.0000 10.0325
    outer loop
        vertex 2.3200 7.2000 4.0000
        vertex 2.3400 7.2800 4.0000
        vertex 2.3000 7.3800 4.0000
    endloop
endfacet
facet normal 0.0000 0.0000 10.1050
    outer loop
        vertex 2.3000 7.3800 4.0000
        vertex 2.2400 7.0800 4.0000
        vertex 2.3200 7.2000 4.0000
    endloop
endfacet
facet normal 0.0000 0.0000 10.3375
    outer loop
        vertex 2.2400 7.0800 4.0000
        vertex 2.3000 7.3800 4.0000
        vertex 2.1400 7.4800 4.0000
    endloop
endfacet
facet normal 0.0000 0.0000 11.3125
    outer loop
        vertex 2.1400 7.4800 4.0000
        vertex 1.8400 6.5800 4.0000
        vertex 2.2400 7.0800 4.0000
    endloop
endfacet
facet normal 0.0000 0.0000 13.6000
    outer loop
        vertex 1.8400 6.5800 4.0000
        vertex 2.1400 7.4800 4.0000
        vertex 1.6200 7.8400 4.0000
    endloop
endfacet
facet normal 0.0000 0.0000 14.3650
    outer loop
        vertex 1.6200 7.8400 4.0000
        vertex 1.3800 6.0400 4.0000
        vertex 1.8400 6.5800 4.0000
    endloop
endfacet
facet normal 0.0000 0.0000 15.2050
    outer loop
        vertex 1.3800 6.0400 4.0000
        vertex 1.6200 7.8400 4.0000
        vertex 1.2000 8.1600 4.0000
    endloop
endfacet
facet normal 0.0000 0.0000 11.7475
    outer loop
        vertex 1.2000 8.1600 4.0000
        vertex 1.2600 5.9000 4.0000
        vertex 1.3800 6.0400 4.0000
    endloop
endfacet
facet normal 0.0000 0.0000 11.1375
    outer loop
        vertex 1.1800 5.8800 4.0000
        vertex 1.2600 5.9000 4.0000
        vertex 1.2000 8.1600 4.0000
    endloop
endfacet
facet normal 0.0000 0.0000 11.4275
    outer loop
        vertex 1.2000 8.1600 4.0000
        vertex 1.0800 5.9000 4.0000
        vertex 1.1800 5.8800 4.0000
    endloop
endfacet
facet normal 0.0000 0.0000 14.9075
    outer loop
        vertex 0.7400 6.0400 4.0000
        vertex 1.0800 5.9000 4.0000
        vertex 1.2000 8.1600 4.0000
    endloop
endfacet
facet normal 0.0000 0.0000 18.1325
    outer loop
        vertex 1.2000 8.1600 4.0000
        vertex 0.2000 6.3800 4.0000
        vertex 0.7400 6.0400 4.0000
    endloop
endfacet
facet normal 0.0000 0.0000 16.5750
    outer loop
        vertex -0.2000 6.7200 4.0000
        vertex 0.2000 6.3800 4.0000
        vertex 1.2000 8.1600 4.0000
    endloop
endfacet
facet normal 0.0000 0.0000 17.2750
    outer loop
        vertex 1.2000 8.1600 4.0000
        vertex -0.6000 7.1400 4.0000
        vertex -0.2000 6.7200 4.0000
    endloop
endfacet
facet normal 0.0000 0.0000 13.9750
    outer loop
        vertex -0.8000 7.3800 4.0000
        vertex -0.6000 7.1400 4.0000
        vertex 1.2000 8.1600 4.0000
    endloop
endfacet
facet normal 0.0000 0.0000 11.4450
    outer loop
        vertex 1.2000 8.1600 4.0000
        vertex -0.8400 7.4800 4.0000
        vertex -0.8000 7.3800 4.0000
    endloop
endfacet
facet normal 0.0000 0.0000 11.0200
    outer loop
        vertex -0.8400 7.5600 4.0000
        vertex -0.8400 7.4800 4.0000
        vertex 1.2000 8.1600 4.0000
    endloop
endfacet
facet normal 0.0000 0.0000 10.7950
    outer loop
        vertex 1.2000 8.1600 4.0000
        vertex -0.7800 7.6400 4.0000
        vertex -0.8400 7.5600 4.0000
    endloop
endfacet
facet normal 0.0000 0.0000 16.3800
    outer loop
        vertex -0.7800 7.6400 4.0000
        vertex 1.2000 8.1600 4.0000
        vertex 0.7600 8.5600 4.0000
    endloop
endfacet
facet normal 0.0000 0.0000 13.2675
    outer loop
        vertex -0.7800 7.6400 4.0000
        vertex 0.7600 8.5600 4.0000
        vertex 0.5600 8.7800 4.0000
    endloop
endfacet
facet normal 0.0000 0.0000 12.9250
    outer loop
        vertex 0.5600 8.7800 4.0000
        vertex 0.2200 8.8400 4.0000
        vertex -0.7800 7.6400 4.0000
    endloop
endfacet
facet normal 0.0000 0.0000 10.1825
    outer loop
        vertex 0.2200 8.8400 4.0000
        vertex 0.5600 8.7800 4.0000
        vertex 0.4800 8.8800 4.0000
    endloop
endfacet
facet normal 0.0000 0.0000 10.0850
    outer loop
        vertex 0.4800 8.8800 4.0000
        vertex 0.4000 8.9200 4.0000
        vertex 0.2200 8.8400 4.0000
    endloop
endfacet
facet normal 0.0000 0.0000 10.0275
    outer loop
        vertex 0.2200 8.8400 4.0000
        vertex 0.4000 8.9200 4.0000
        vertex 0.3000 8.9000 4.0000
    endloop
endfacet
facet normal 0.0000 0.0000 10.3200
    outer loop
        vertex 1.3800 5.5200 4.0000
        vertex 1.5600 5.2400 4.0000
        vertex 1.6400 5.4000 4.0000
    endloop
endfacet
facet normal 0.0000 0.0000 10.1275
    outer loop
        vertex 1.6400 5.4000 4.0000
        vertex 1.4200 5.5800 4.0000
        vertex 1.3800 5.5200 4.0000
    endloop
endfacet
facet normal 0.0000 0.0000 10.2925
    outer loop
        vertex 1.4200 5.5800 4.0000
        vertex 1.6400 5.4000 4.0000
        vertex 1.6800 5.5800 4.0000
    endloop
endfacet
facet normal 0.0000 0.0000 10.1625
    outer loop
        vertex 1.6800 5.5800 4.0000
        vertex 1.4400 5.6800 4.0000
        vertex 1.4200 5.5800 4.0000
    endloop
endfacet
facet normal 0.0000 0.0000 10.1375
    outer loop
        vertex 1.4400 5.6800 4.0000
        vertex 1.6800 5.5800 4.0000
        vertex 1.6600 5.6800 4.0000
    endloop
endfacet
facet normal 0.0000 0.0000 10.0825
    outer loop
        vertex 1.6600 5.6800 4.0000
        vertex 1.6200 5.7400 4.0000
        vertex 1.4400 5.6800 4.0000
    endloop
endfacet
facet normal 0.0000 0.0000 10.0525
    outer loop
        vertex 1.4800 5.7400 4.0000
        vertex 1.4400 5.6800 4.0000
        vertex 1.6200 5.7400 4.0000
    endloop
endfacet
facet normal 0.0000 0.0000 10.0175
    outer loop
        vertex 1.6200 5.7400 4.0000
        vertex 1.5400 5.7600 4.0000
        vertex 1.4800 5.7400 4.0000
    endloop
endfacet
facet normal 0.0000 0.0000 10.1625
    outer loop
        vertex 1.5600 5.2400 4.0000
        vertex 1.3800 5.5200 4.0000
        vertex 1.3000 5.5000 4.0000
    endloop
endfacet
facet normal 0.0000 0.0000 11.8525
    outer loop
        vertex 1.3000 5.5000 4.0000
        vertex 1.0400 4.6200 4.0000
        vertex 1.5600 5.2400 4.0000
    endloop
endfacet
facet normal 0.0000 0.0000 11.0550
    outer loop
        vertex 1.0400 4.6200 4.0000
        vertex 1.3000 5.5000 4.0000
        vertex 1.1200 5.5400 4.0000
    endloop
endfacet
facet normal 0.0000 0.0000 13.9100
    outer loop
        vertex 1.1200 5.5400 4.0000
        vertex 0.2800 3.7000 4.0000
        vertex 1.0400 4.6200 4.0000
    endloop
endfacet
facet normal 0.0000 0.0000 14.8750
    outer loop
        vertex 0.2800 3.7000 4.0000
        vertex 1.1200 5.5400 4.0000
        vertex 0.7600 5.6800 4.0000
    endloop
endfacet
facet normal 0.0000 0.0000 18.1225
    outer loop
        vertex 0.7600 5.6800 4.0000
        vertex -0.2600 4.1800 4.0000
        vertex 0.2800 3.7000 4.0000
    endloop
endfacet
facet normal 0.0000 0.0000 10.1425
    outer loop
        vertex -1.4600 7.8000 4.0000
        vertex -1.2400 7.6800 4.0000
        vertex -1.1600 7.7400 4.0000
    endloop
endfacet
facet normal 0.0000 0.0000 10.1875
    outer loop
        vertex -1.1600 7.7400 4.0000
        vertex -1.3600 7.8800 4.0000
        vertex -1.4600 7.8000 4.0000
    endloop
endfacet
facet normal 0.0000 0.0000 10.1200
    outer loop
        vertex -1.3600 7.8800 4.0000
        vertex -1.1600 7.7400 4.0000
        vertex -1.0800 7.7800 4.0000
    endloop
endfacet
facet normal 0.0000 0.0000 10.1800
    outer loop
        vertex -1.0800 7.7800 4.0000
        vertex -1.2400 7.9400 4.0000
        vertex -1.3600 7.8800 4.0000
    endloop
endfacet
facet normal 0.0000 0.0000 10.1200
    outer loop
        vertex -1.1400 7.9600 4.0000
        vertex -1.2400 7.9400 4.0000
        vertex -1.0800 7.7800 4.0000
    endloop
endfacet
facet normal 0.0000 0.0000 10.0675
    outer loop
        vertex -1.0800 7.7800 4.0000
        vertex -1.0400 7.8400 4.0000
        vertex -1.1400 7.9600 4.0000
    endloop
endfacet
facet normal 0.0000 0.0000 10.0350
    outer loop
        vertex -1.0400 7.8400 4.0000
        vertex -1.0600 7.9200 4.0000
        vertex -1.1400 7.9600 4.0000
    endloop
endfacet
facet normal 0.0000 0.0000 10.1375
    outer loop
        vertex -1.2400 7.5800 4.0000
        vertex -1.2400 7.6800 4.0000
        vertex -1.4600 7.8000 4.0000
    endloop
endfacet
facet normal 0.0000 0.0000 11.2925
    outer loop
        vertex -1.4600 7.8000 4.0000
        vertex -1.9000 7.3000 4.0000
        vertex -1.2400 7.5800 4.0000
    endloop
endfacet
facet normal 0.0000 0.0000 10.8825
    outer loop
        vertex -1.1600 7.4000 4.0000
        vertex -1.2400 7.5800 4.0000
        vertex -1.9000 7.3000 4.0000
    endloop
endfacet
facet normal 0.0000 0.0000 14.5000
    outer loop
        vertex -1.9000 7.3000 4.0000
        vertex -2.8400 6.2000 4.0000
        vertex -1.1600 7.4000 4.0000
    endloop
endfacet
facet normal 0.0000 0.0000 13.0000
    outer loop
        vertex -1.0400 7.2000 4.0000
        vertex -1.1600 7.4000 4.0000
        vertex -2.8400 6.2000 4.0000
    endloop
endfacet
facet normal 0.0000 0.0000 17.2250
    outer loop
        vertex -2.8400 6.2000 4.0000
        vertex -3.8800 4.9800 4.0000
        vertex -1.0400 7.2000 4.0000
    endloop
endfacet
facet normal 0.0000 0.0000 18.3775
    outer loop
        vertex -0.8200 6.9000 4.0000
        vertex -1.0400 7.2000 4.0000
        vertex -3.8800 4.9800 4.0000
    endloop
endfacet
facet normal 0.0000 0.0000 36.3925
    outer loop
        vertex -3.8800 4.9800 4.0000
        vertex -0.8200 5.5200 4.0000
        vertex -0.8200 6.9000 4.0000
    endloop
endfacet
facet normal 0.0000 0.0000 10.2900
    outer loop
        vertex -0.0200 9.5600 4.0000
        vertex -0.4600 9.4800 4.0000
        vertex -0.5400 9.3600 4.0000
    endloop
endfacet
facet normal 0.0000 0.0000 10.4000
    outer loop
        vertex -0.5400 9.3600 4.0000
        vertex 0.0400 9.4600 4.0000
        vertex -0.0200 9.5600 4.0000
    endloop
endfacet
facet normal 0.0000 0.0000 10.6650
    outer loop
        vertex 0.0600 9.2800 4.0000
        vertex 0.0400 9.4600 4.0000
        vertex -0.5400 9.3600 4.0000
    endloop
endfacet
facet normal 0.0000 0.0000 10.4600
    outer loop
        vertex -0.5400 9.3600 4.0000
        vertex 0.0400 9.1600 4.0000
        vertex 0.0600 9.2800 4.0000
    endloop
endfacet
facet normal 0.0000 0.0000 11.0925
    outer loop
        vertex -0.0800 8.9000 4.0000
        vertex 0.0400 9.1600 4.0000
        vertex -0.5400 9.3600 4.0000
    endloop
endfacet
facet normal 0.0000 0.0000 10.4600
    outer loop
        vertex -0.5400 9.3600 4.0000
        vertex -0.6400 9.3000 4.0000
        vertex -0.0800 8.9000 4.0000
    endloop
endfacet
facet normal 0.0000 0.0000 11.2700
    outer loop
        vertex -0.2800 8.6800 4.0000
        vertex -0.0800 8.9000 4.0000
        vertex -0.6400 9.3000 4.0000
    endloop
endfacet
facet normal 0.0000 0.0000 11.2250
    outer loop
        vertex -0.6400 9.3000 4.0000
        vertex -0.4800 8.4800 4.0000
        vertex -0.2800 8.6800 4.0000
    endloop
endfacet
facet normal 0.0000 0.0000 10.6550
    outer loop
        vertex -0.4800 8.4800 4.0000
        vertex -0.6400 9.3000 4.0000
        vertex -0.7600 9.2600 4.0000
    endloop
endfacet
facet normal 0.0000 0.0000 10.5850
    outer loop
        vertex -0.4800 8.4800 4.0000
        vertex -0.7600 9.2600 4.0000
        vertex -0.8800 9.2600 4.0000
    endloop
endfacet
facet normal 0.0000 0.0000 10.3875
    outer loop
        vertex -0.4800 8.4800 4.0000
        vertex -0.8800 9.2600 4.0000
        vertex -0.9800 9.3000 4.0000
    endloop
endfacet
facet normal 0.0000 0.0000 13.5250
    outer loop
        vertex -0.9800 9.3000 4.0000
        vertex -1.6800 9.3200 4.0000
        vertex -0.4800 8.4800 4.0000
    endloop
endfacet
facet normal 0.0000 0.0000 10.8250
    outer loop
        vertex -0.4800 8.4800 4.0000
        vertex -1.6800 9.3200 4.0000
        vertex -1.7800 9.2800 4.0000
    endloop
endfacet
facet normal 0.0000 0.0000 11.6200
    outer loop
        vertex -0.9800 9.3000 4.0000
        vertex -1.3200 9.6800 4.0000
        vertex -1.6800 9.3200 4.0000
    endloop
endfacet
facet normal 0.0000 0.0000 10.7000
    outer loop
        vertex -0.4800 8.4800 4.0000
        vertex -1.7800 9.2800 4.0000
        vertex -1.9200 9.2800 4.0000
    endloop
endfacet
facet normal 0.0000 0.0000 17.5200
    outer loop
        vertex -1.9200 9.2800 4.0000
        vertex -2.0200 8.5000 4.0000
        vertex -0.4800 8.4800 4.0000
    endloop
endfacet
facet normal 0.0000 0.0000 16.0575
    outer loop
        vertex -3.2600 8.5200 4.0000
        vertex -2.0200 8.5000 4.0000
        vertex -1.9200 9.2800 4.0000
    endloop
endfacet
facet normal 0.0000 0.0000 10.8100
    outer loop
        vertex -1.9200 9.2800 4.0000
        vertex -2.0200 9.3200 4.0000
        vertex -3.2600 8.5200 4.0000
    endloop
endfacet
facet normal 0.0000 0.0000 11.2750
    outer loop
        vertex -3.2600 8.5200 4.0000
        vertex -2.0200 9.3200 4.0000
        vertex -2.1200 9.4200 4.0000
    endloop
endfacet
facet normal 0.0000 0.0000 14.7625
    outer loop
        vertex -2.1200 9.4200 4.0000
        vertex -2.8400 9.5200 4.0000
        vertex -3.2600 8.5200 4.0000
    endloop
endfacet
facet normal 0.0000 0.0000 10.4675
    outer loop
        vertex -3.2600 8.5200 4.0000
        vertex -2.8400 9.5200 4.0000
        vertex -2.9400 9.4600 4.0000
    endloop
endfacet
facet normal 0.0000 0.0000 10.6250
    outer loop
        vertex -3.2600 8.5200 4.0000
        vertex -2.9400 9.4600 4.0000
        vertex -3.0600 9.4200 4.0000
    endloop
endfacet
facet normal 0.0000 0.0000 10.6750
    outer loop
        vertex -3.2600 8.5200 4.0000
        vertex -3.0600 9.4200 4.0000
        vertex -3.1800 9.4200 4.0000
    endloop
endfacet
facet normal 0.0000 0.0000 10.5825
    outer loop
        vertex -3.2600 8.5200 4.0000
        vertex -3.1800 9.4200 4.0000
        vertex -3.2800 9.4600 4.0000
    endloop
endfacet
facet normal 0.0000 0.0000 16.9300
    outer loop
        vertex -3.2800 9.4600 4.0000
        vertex -4.4400 8.5400 4.0000
        vertex -3.2600 8.5200 4.0000
    endloop
endfacet
facet normal 0.0000 0.0000 14.1700
    outer loop
        vertex -4.4400 8.5400 4.0000
        vertex -3.2800 9.4600 4.0000
        vertex -3.9800 9.4800 4.0000
    endloop
endfacet
facet normal 0.0000 0.0000 10.4725
    outer loop
        vertex -3.9800 9.4800 4.0000
        vertex -4.0800 9.4400 4.0000
        vertex -4.4400 8.5400 4.0000
    endloop
endfacet
facet normal 0.0000 0.0000 11.6200
    outer loop
        vertex -3.2800 9.4600 4.0000
        vertex -3.6200 9.8400 4.0000
        vertex -3.9800 9.4800 4.0000
    endloop
endfacet
facet normal 0.0000 0.0000 10.7875
    outer loop
        vertex -4.4400 8.5400 4.0000
        vertex -4.0800 9.4400 4.0000
        vertex -4.2200 9.4400 4.0000
    endloop
endfacet
facet normal 0.0000 0.0000 10.6175
    outer loop
        vertex -4.4400 8.5400 4.0000
        vertex -4.2200 9.4400 4.0000
        vertex -4.3200 9.4800 4.0000
    endloop
endfacet
facet normal 0.0000 0.0000 10.8275
    outer loop
        vertex -4.3200 9.4800 4.0000
        vertex -4.5400 8.8600 4.0000
        vertex -4.4400 8.5400 4.0000
    endloop
endfacet
facet normal 0.0000 0.0000 10.7675
    outer loop
        vertex -4.6600 9.0800 4.0000
        vertex -4.5400 8.8600 4.0000
        vertex -4.3200 9.4800 4.0000
    endloop
endfacet
facet normal 0.0000 0.0000 10.4625
    outer loop
        vertex -4.3200 9.4800 4.0000
        vertex -4.4200 9.5800 4.0000
        vertex -4.6600 9.0800 4.0000
    endloop
endfacet
facet normal 0.0000 0.0000 10.7700
    outer loop
        vertex -4.8200 9.2600 4.0000
        vertex -4.6600 9.0800 4.0000
        vertex -4.4200 9.5800 4.0000
    endloop
endfacet
facet normal 0.0000 0.0000 10.4200
    outer loop
        vertex -4.4200 9.5800 4.0000
        vertex -4.4800 9.7000 4.0000
        vertex -4.8200 9.2600 4.0000
    endloop
endfacet
facet normal 0.0000 0.0000 10.8475
    outer loop
        vertex -5.0200 9.4000 4.0000
        vertex -4.8200 9.2600 4.0000
        vertex -4.4800 9.7000 4.0000
    endloop
endfacet
facet normal 0.0000 0.0000 10.5100
    outer loop
        vertex -4.4800 9.7000 4.0000
        vertex -4.5000 9.8400 4.0000
        vertex -5.0200 9.4000 4.0000
    endloop
endfacet
facet normal 0.0000 0.0000 11.0950
    outer loop
        vertex -5.3000 9.5000 4.0000
        vertex -5.0200 9.4000 4.0000
        vertex -4.5000 9.8400 4.0000
    endloop
endfacet
facet normal 0.0000 0.0000 10.6000
    outer loop
        vertex -4.5000 9.8400 4.0000
        vertex -4.5000 9.9600 4.0000
        vertex -5.3000 9.5000 4.0000
    endloop
endfacet
facet normal 0.0000 0.0000 17.5550
    outer loop
        vertex -5.1800 11.0800 4.0000
        vertex -5.3000 9.5000 4.0000
        vertex -4.5000 9.9600 4.0000
    endloop
endfacet
facet normal 0.0000 0.0000 11.1000
    outer loop
        vertex -4.5000 9.9600 4.0000
        vertex -4.4400 10.1200 4.0000
        vertex -5.1800 11.0800 4.0000
    endloop
endfacet
facet normal 0.0000 0.0000 13.6625
    outer loop
        vertex -4.4000 10.8600 4.0000
        vertex -5.1800 11.0800 4.0000
        vertex -4.4400 10.1200 4.0000
    endloop
endfacet
facet normal 0.0000 0.0000 11.2875
    outer loop
        vertex -4.4400 10.1200 4.0000
        vertex -4.1400 10.5200 4.0000
        vertex -4.4000 10.8600 4.0000
    endloop
endfacet
facet normal 0.0000 0.0000 10.3750
    outer loop
        vertex -0.4400 9.6200 4.0000
        vertex -0.4600 9.4800 4.0000
        vertex -0.0200 9.5600 4.0000
    endloop
endfacet
facet normal 0.0000 0.0000 10.2475
    outer loop
        vertex -0.0200 9.5600 4.0000
        vertex -0.0600 9.6600 4.0000
        vertex -0.4400 9.6200 4.0000
    endloop
endfacet
facet normal 0.0000 0.0000 10.3325
    outer loop
        vertex -0.4400 9.7600 4.0000
        vertex -0.4400 9.6200 4.0000
        vertex -0.0600 9.6600 4.0000
    endloop
endfacet
facet normal 0.0000 0.0000 10.1775
    outer loop
        vertex -0.0600 9.6600 4.0000
        vertex -0.0800 9.7400 4.0000
        vertex -0.4400 9.7600 4.0000
    endloop
endfacet
facet normal 0.0000 0.0000 10.3100
    outer loop
        vertex -0.4800 9.9000 4.0000
        vertex -0.4400 9.7600 4.0000
        vertex -0.0800 9.7400 4.0000
    endloop
endfacet
facet normal 0.0000 0.0000 10.2900
    outer loop
        vertex -0.0800 9.7400 4.0000
        vertex -0.0400 9.8400 4.0000
        vertex -0.4800 9.9000 4.0000
    endloop
endfacet
facet normal 0.0000 0.0000 10.4100
    outer loop
        vertex -0.5600 10.0600 4.0000
        vertex -0.4800 9.9000 4.0000
        vertex -0.0400 9.8400 4.0000
    endloop
endfacet
facet normal 0.0000 0.0000 12.1800
    outer loop
        vertex -0.0400 9.8400 4.0000
        vertex -0.4400 10.6800 4.0000
        vertex -0.5600 10.0600 4.0000
    endloop
endfacet
facet normal 0.0000 0.0000 10.9550
    outer loop
        vertex -0.5600 10.0600 4.0000
        vertex -0.4400 10.6800 4.0000
        vertex -0.7600 10.3000 4.0000
    endloop
endfacet
facet normal 0.0000 0.0000 22.3300
    outer loop
        vertex -0.4400 10.6800 4.0000
        vertex -0.0400 9.8400 4.0000
        vertex 1.4800 11.5800 4.0000
    endloop
endfacet
facet normal 0.0000 0.0000 11.4550
    outer loop
        vertex 1.4800 11.5800 4.0000
        vertex -0.4000 10.8200 4.0000
        vertex -0.4400 10.6800 4.0000
    endloop
endfacet
facet normal 0.0000 0.0000 11.8800
    outer loop
        vertex -0.4000 10.9800 4.0000
        vertex -0.4000 10.8200 4.0000
        vertex 1.4800 11.5800 4.0000
    endloop
endfacet
facet normal 0.0000 0.0000 11.0250
    outer loop
        vertex 1.4800 11.5800 4.0000
        vertex 1.5200 11.6800 4.0000
        vertex -0.4000 10.9800 4.0000
    endloop
endfacet
facet normal 0.0000 0.0000 12.0950
    outer loop
        vertex -0.4400 11.1400 4.0000
        vertex -0.4000 10.9800 4.0000
        vertex 1.5200 11.6800 4.0000
    endloop
endfacet
facet normal 0.0000 0.0000 11.1150
    outer loop
        vertex 1.5200 11.6800 4.0000
        vertex 1.4800 11.7600 4.0000
        vertex -0.4400 11.1400 4.0000
    endloop
endfacet
facet normal 0.0000 0.0000 10.9450
    outer loop
        vertex -0.4400 11.1400 4.0000
        vertex 1.4800 11.7600 4.0000
        vertex 1.3600 11.8000 4.0000
    endloop
endfacet
facet normal 0.0000 0.0000 15.5500
    outer loop
        vertex 1.3600 11.8000 4.0000
        vertex -0.0400 11.7800 4.0000
        vertex -0.4400 11.1400 4.0000
    endloop
endfacet
facet normal 0.0000 0.0000 10.7000
    outer loop
        vertex -0.4400 11.1400 4.0000
        vertex -0.0400 11.7800 4.0000
        vertex -0.5400 11.2600 4.0000
    endloop
endfacet
facet normal 0.0000 0.0000 10.5775
    outer loop
        vertex -0.5400 11.2600 4.0000
        vertex -0.0400 11.7800 4.0000
        vertex -0.6600 11.3200 4.0000
    endloop
endfacet
facet normal 0.0000 0.0000 10.8750
    outer loop
        vertex -1.2800 11.0000 4.0000
        vertex -1.0000 11.2800 4.0000
        vertex -1.5200 11.2600 4.0000
    endloop
endfacet
facet normal 0.0000 0.0000 10.3075
    outer loop
        vertex -1.0000 11.2800 4.0000
        vertex -0.8600 11.3400 4.0000
        vertex -1.6800 11.3400 4.0000
    endloop
endfacet
facet normal 0.0000 0.0000 10.2800
    outer loop
        vertex -1.6800 11.3400 4.0000
        vertex -1.5200 11.2600 4.0000
        vertex -1.0000 11.2800 4.0000
    endloop
endfacet
facet normal 0.0000 0.0000 10.6525
    outer loop
        vertex -0.6600 11.3200 4.0000
        vertex -0.0400 11.7800 4.0000
        vertex -0.8600 11.3400 4.0000
    endloop
endfacet
facet normal 0.0000 0.0000 12.2550
    outer loop
        vertex -1.6800 11.3400 4.0000
        vertex -0.8600 11.3400 4.0000
        vertex -0.0400 11.7800 4.0000
    endloop
endfacet
facet normal 0.0000 0.0000 10.6450
    outer loop
        vertex -0.0400 11.7800 4.0000
        vertex -1.8400 11.3600 4.0000
        vertex -1.6800 11.3400 4.0000
    endloop
endfacet
facet normal 0.0000 0.0000 15.7900
    outer loop
        vertex -1.8400 11.3600 4.0000
        vertex -0.0400 11.7800 4.0000
        vertex -2.1600 11.8000 4.0000
    endloop
endfacet
facet normal 0.0000 0.0000 10.4800
    outer loop
        vertex -2.1600 11.8000 4.0000
        vertex -2.0000 11.3400 4.0000
        vertex -1.8400 11.3600 4.0000
    endloop
endfacet
facet normal 0.0000 0.0000 12.3350
    outer loop
        vertex -2.8400 11.4200 4.0000
        vertex -2.0000 11.3400 4.0000
        vertex -2.1600 11.8000 4.0000
    endloop
endfacet
facet normal 0.0000 0.0000 10.5400
    outer loop
        vertex -2.1600 11.8000 4.0000
        vertex -2.9600 11.4800 4.0000
        vertex -2.8400 11.4200 4.0000
    endloop
endfacet
facet normal 0.0000 0.0000 10.5300
    outer loop
        vertex -2.7400 11.3000 4.0000
        vertex -2.1000 11.2200 4.0000
        vertex -2.0000 11.3400 4.0000
    endloop
endfacet
facet normal 0.0000 0.0000 10.5800
    outer loop
        vertex -2.0000 11.3400 4.0000
        vertex -2.8400 11.4200 4.0000
        vertex -2.7400 11.3000 4.0000
    endloop
endfacet
facet normal 0.0000 0.0000 10.3550
    outer loop
        vertex -2.7000 11.1400 4.0000
        vertex -2.1400 11.1200 4.0000
        vertex -2.1000 11.2200 4.0000
    endloop
endfacet
facet normal 0.0000 0.0000 10.6200
    outer loop
        vertex -2.1000 11.2200 4.0000
        vertex -2.7400 11.3000 4.0000
        vertex -2.7000 11.1400 4.0000
    endloop
endfacet
facet normal 0.0000 0.0000 10.5625
    outer loop
        vertex -2.1600 10.9600 4.0000
        vertex -2.1400 11.1200 4.0000
        vertex -2.7000 11.1400 4.0000
    endloop
endfacet
facet normal 0.0000 0.0000 10.5400
    outer loop
        vertex -2.7000 11.1400 4.0000
        vertex -2.7000 10.9800 4.0000
        vertex -2.1600 10.9600 4.0000
    endloop
endfacet
facet normal 0.0000 0.0000 10.4700
    outer loop
        vertex -2.1400 10.8200 4.0000
        vertex -2.1600 10.9600 4.0000
        vertex -2.7000 10.9800 4.0000
    endloop
endfacet
facet normal 0.0000 0.0000 10.5300
    outer loop
        vertex -2.7000 10.9800 4.0000
        vertex -2.7400 10.8400 4.0000
        vertex -2.1400 10.8200 4.0000
    endloop
endfacet
facet normal 0.0000 0.0000 10.4450
    outer loop
        vertex -2.1000 10.7000 4.0000
        vertex -2.1400 10.8200 4.0000
        vertex -2.7400 10.8400 4.0000
    endloop
endfacet
facet normal 0.0000 0.0000 12.5850
    outer loop
        vertex -2.7400 10.8400 4.0000
        vertex -2.8600 10.2200 4.0000
        vertex -2.1000 10.7000 4.0000
    endloop
endfacet
facet normal 0.0000 0.0000 10.9550
    outer loop
        vertex -2.8600 10.2200 4.0000
        vertex -2.7400 10.8400 4.0000
        vertex -3.0600 10.4600 4.0000
    endloop
endfacet
facet normal 0.0000 0.0000 11.2875
    outer loop
        vertex -2.1400 9.9600 4.0000
        vertex -1.8400 10.3600 4.0000
        vertex -2.1000 10.7000 4.0000
    endloop
endfacet
facet normal 0.0000 0.0000 12.9850
    outer loop
        vertex -2.1000 10.7000 4.0000
        vertex -2.7800 10.0600 4.0000
        vertex -2.1400 9.9600 4.0000
    endloop
endfacet
facet normal 0.0000 0.0000 11.0000
    outer loop
        vertex -2.7800 10.0600 4.0000
        vertex -2.1000 10.7000 4.0000
        vertex -2.8600 10.2200 4.0000
    endloop
endfacet
facet normal 0.0000 0.0000 10.5850
    outer loop
        vertex -2.2000 9.8000 4.0000
        vertex -2.1400 9.9600 4.0000
        vertex -2.7400 9.9200 4.0000
    endloop
endfacet
facet normal 0.0000 0.0000 10.4725
    outer loop
        vertex -2.7400 9.9200 4.0000
        vertex -2.7400 9.7800 4.0000
        vertex -2.2000 9.8000 4.0000
    endloop
endfacet
facet normal 0.0000 0.0000 10.5350
    outer loop
        vertex -2.7400 9.9200 4.0000
        vertex -2.1400 9.9600 4.0000
        vertex -2.7800 10.0600 4.0000
    endloop
endfacet
facet normal 0.0000 0.0000 10.4050
    outer loop
        vertex -2.2000 9.6800 4.0000
        vertex -2.2000 9.8000 4.0000
        vertex -2.7400 9.7800 4.0000
    endloop
endfacet
facet normal 0.0000 0.0000 10.4850
    outer loop
        vertex -2.7400 9.7800 4.0000
        vertex -2.7600 9.6400 4.0000
        vertex -2.2000 9.6800 4.0000
    endloop
endfacet
facet normal 0.0000 0.0000 10.4950
    outer loop
        vertex -2.1800 9.5400 4.0000
        vertex -2.2000 9.6800 4.0000
        vertex -2.7600 9.6400 4.0000
    endloop
endfacet
facet normal 0.0000 0.0000 10.4850
    outer loop
        vertex -2.7600 9.6400 4.0000
        vertex -2.8400 9.5200 4.0000
        vertex -2.1800 9.5400 4.0000
    endloop
endfacet
facet normal 0.0000 0.0000 10.5025
    outer loop
        vertex -2.1200 9.4200 4.0000
        vertex -2.1800 9.5400 4.0000
        vertex -2.8400 9.5200 4.0000
    endloop
endfacet
facet normal 0.0000 0.0000 10.5000
    outer loop
        vertex -3.1600 11.5000 4.0000
        vertex -2.9600 11.4800 4.0000
        vertex -2.1600 11.8000 4.0000
    endloop
endfacet
facet normal 0.0000 0.0000 12.3125
    outer loop
        vertex -2.1600 11.8000 4.0000
        vertex -3.2600 11.8400 4.0000
        vertex -3.1600 11.5000 4.0000
    endloop
endfacet
facet normal 0.0000 0.0000 10.3350
    outer loop
        vertex -3.3000 11.4400 4.0000
        vertex -3.1600 11.5000 4.0000
        vertex -3.2600 11.8400 4.0000
    endloop
endfacet
facet normal 0.0000 0.0000 11.2950
    outer loop
        vertex -3.2600 11.8400 4.0000
        vertex -3.8200 11.4200 4.0000
        vertex -3.3000 11.4400 4.0000
    endloop
endfacet
facet normal 0.0000 0.0000 10.8750
    outer loop
        vertex -3.5800 11.1600 4.0000
        vertex -3.3000 11.4400 4.0000
        vertex -3.8200 11.4200 4.0000
    endloop
endfacet
facet normal 0.0000 0.0000 10.7000
    outer loop
        vertex -3.9800 11.5000 4.0000
        vertex -3.8200 11.4200 4.0000
        vertex -3.2600 11.8400 4.0000
    endloop
endfacet
facet normal 0.0000 0.0000 11.5825
    outer loop
        vertex -3.2600 11.8400 4.0000
        vertex -3.9200 11.8800 4.0000
        vertex -3.9800 11.5000 4.0000
    endloop
endfacet
facet normal 0.0000 0.0000 10.3875
    outer loop
        vertex -4.1400 11.5200 4.0000
        vertex -3.9800 11.5000 4.0000
        vertex -3.9200 11.8800 4.0000
    endloop
endfacet
facet normal 0.0000 0.0000 10.5225
    outer loop
        vertex -3.9200 11.8800 4.0000
        vertex -4.1400 11.9000 4.0000
        vertex -4.1400 11.5200 4.0000
    endloop
endfacet
facet normal 0.0000 0.0000 10.2375
    outer loop
        vertex -4.1400 11.5200 4.0000
        vertex -4.1400 11.9000 4.0000
        vertex -4.2400 11.9000 4.0000
    endloop
endfacet
facet normal 0.0000 0.0000 10.1800
    outer loop
        vertex -4.2400 11.9000 4.0000
        vertex -4.3000 11.8400 4.0000
        vertex -4.1400 11.5200 4.0000
    endloop
endfacet
facet normal 0.0000 0.0000 10.1800
    outer loop
        vertex -4.1400 11.5200 4.0000
        vertex -4.3000 11.8400 4.0000
        vertex -4.3400 11.7400 4.0000
    endloop
endfacet
facet normal 0.0000 0.0000 10.2450
    outer loop
        vertex -4.3400 11.7400 4.0000
        vertex -4.3000 11.5000 4.0000
        vertex -4.1400 11.5200 4.0000
    endloop
endfacet
facet normal 0.0000 0.0000 10.1650
    outer loop
        vertex -4.3000 11.5000 4.0000
        vertex -4.3400 11.7400 4.0000
        vertex -4.4200 11.5600 4.0000
    endloop
endfacet
facet normal 0.0000 0.0000 10.1275
    outer loop
        vertex -4.4200 11.5600 4.0000
        vertex -4.4000 11.3800 4.0000
        vertex -4.3000 11.5000 4.0000
    endloop
endfacet
facet normal 0.0000 0.0000 10.1800
    outer loop
        vertex -4.4000 11.3800 4.0000
        vertex -4.4200 11.5600 4.0000
        vertex -4.5600 11.3800 4.0000
    endloop
endfacet
facet normal 0.0000 0.0000 10.1000
    outer loop
        vertex -4.5600 11.3800 4.0000
        vertex -4.4400 11.2800 4.0000
        vertex -4.4000 11.3800 4.0000
    endloop
endfacet
facet normal 0.0000 0.0000 10.2300
    outer loop
        vertex -4.4400 11.2800 4.0000
        vertex -4.5600 11.3800 4.0000
        vertex -4.7600 11.2400 4.0000
    endloop
endfacet
facet normal 0.0000 0.0000 10.3150
    outer loop
        vertex -4.7600 11.2400 4.0000
        vertex -4.4600 11.1200 4.0000
        vertex -4.4400 11.2800 4.0000
    endloop
endfacet
facet normal 0.0000 0.0000 10.3375
    outer loop
        vertex -4.4600 11.1200 4.0000
        vertex -4.7600 11.2400 4.0000
        vertex -4.9600 11.1400 4.0000
    endloop
endfacet
facet normal 0.0000 0.0000 10.4350
    outer loop
        vertex -4.9600 11.1400 4.0000
        vertex -4.4400 10.9800 4.0000
        vertex -4.4600 11.1200 4.0000
    endloop
endfacet
facet normal 0.0000 0.0000 10.4150
    outer loop
        vertex -4.4400 10.9800 4.0000
        vertex -4.9600 11.1400 4.0000
        vertex -5.1800 11.0800 4.0000
    endloop
endfacet
facet normal 0.0000 0.0000 10.5300
    outer loop
        vertex -5.1800 11.0800 4.0000
        vertex -4.4000 10.8600 4.0000
        vertex -4.4400 10.9800 4.0000
    endloop
endfacet
facet normal 0.0000 0.0000 10.8975
    outer loop
        vertex 4.2200 8.5600 4.0000
        vertex 4.5400 8.9800 4.0000
        vertex 4.3200 9.1400 4.0000
    endloop
endfacet
facet normal 0.0000 0.0000 10.3375
    outer loop
        vertex 4.3200 9.1400 4.0000
        vertex 4.2200 9.1000 4.0000
        vertex 4.2200 8.5600 4.0000
    endloop
endfacet
facet normal 0.0000 0.0000 11.2150
    outer loop
        vertex 3.8600 8.1200 4.0000
        vertex 4.2200 8.5600 4.0000
        vertex 4.2200 9.1000 4.0000
    endloop
endfacet
facet normal 0.0000 0.0000 10.6125
    outer loop
        vertex 4.2200 9.1000 4.0000
        vertex 4.1200 9.1000 4.0000
        vertex 3.8600 8.1200 4.0000
    endloop
endfacet
facet normal 0.0000 0.0000 12.3825
    outer loop
        vertex 3.2800 7.4000 4.0000
        vertex 3.8600 8.1200 4.0000
        vertex 4.1200 9.1000 4.0000
    endloop
endfacet
facet normal 0.0000 0.0000 10.6425
    outer loop
        vertex 4.1200 9.1000 4.0000
        vertex 3.1800 7.3200 4.0000
        vertex 3.2800 7.4000 4.0000
    endloop
endfacet
facet normal 0.0000 0.0000 10.8900
    outer loop
        vertex 3.1000 7.3200 4.0000
        vertex 3.1800 7.3200 4.0000
        vertex 4.1200 9.1000 4.0000
    endloop
endfacet
facet normal 0.0000 0.0000 12.0350
    outer loop
        vertex 4.1200 9.1000 4.0000
        vertex 2.9400 7.3600 4.0000
        vertex 3.1000 7.3200 4.0000
    endloop
endfacet
facet normal 0.0000 0.0000 15.7475
    outer loop
        vertex 2.9400 7.3600 4.0000
        vertex 4.1200 9.1000 4.0000
        vertex 3.7000 9.2600 4.0000
    endloop
endfacet
facet normal 0.0000 0.0000 15.3675
    outer loop
        vertex 3.7000 9.2600 4.0000
        vertex 2.5600 7.5400 4.0000
        vertex 2.9400 7.3600 4.0000
    endloop
endfacet
facet normal 0.0000 0.0000 16.3675
    outer loop
        vertex 2.1400 7.8000 4.0000
        vertex 2.5600 7.5400 4.0000
        vertex 3.7000 9.2600 4.0000
    endloop
endfacet
facet normal 0.0000 0.0000 16.3550
    outer loop
        vertex 3.7000 9.2600 4.0000
        vertex 3.2600 9.5000 4.0000
        vertex 2.1400 7.8000 4.0000
    endloop
endfacet
facet normal 0.0000 0.0000 17.9725
    outer loop
        vertex 1.6400 8.1800 4.0000
        vertex 2.1400 7.8000 4.0000
        vertex 3.2600 9.5000 4.0000
    endloop
endfacet
facet normal 0.0000 0.0000 16.8700
    outer loop
        vertex 3.2600 9.5000 4.0000
        vertex 2.8200 9.8200 4.0000
        vertex 1.6400 8.1800 4.0000
    endloop
endfacet
facet normal 0.0000 0.0000 16.8125
    outer loop
        vertex 1.2200 8.5200 4.0000
        vertex 1.6400 8.1800 4.0000
        vertex 2.8200 9.8200 4.0000
    endloop
endfacet
facet normal 0.0000 0.0000 16.8500
    outer loop
        vertex 2.8200 9.8200 4.0000
        vertex 2.4200 10.1800 4.0000
        vertex 1.2200 8.5200 4.0000
    endloop
endfacet
facet normal 0.0000 0.0000 15.9275
    outer loop
        vertex 0.8800 8.8400 4.0000
        vertex 1.2200 8.5200 4.0000
        vertex 2.4200 10.1800 4.0000
    endloop
endfacet
facet normal 0.0000 0.0000 15.6175
    outer loop
        vertex 2.4200 10.1800 4.0000
        vertex 2.1400 10.5200 4.0000
        vertex 0.8800 8.8400 4.0000
    endloop
endfacet
facet normal 0.0000 0.0000 10.2050
    outer loop
        vertex 4.3200 9.1400 4.0000
        vertex 4.5400 8.9800 4.0000
        vertex 4.5800 9.1000 4.0000
    endloop
endfacet
facet normal 0.0000 0.0000 10.2325
    outer loop
        vertex 4.5800 9.1000 4.0000
        vertex 4.6000 9.2400 4.0000
        vertex 4.3200 9.1400 4.0000
    endloop
endfacet
facet normal 0.0000 0.0000 10.0925
    outer loop
        vertex 4.3400 9.2000 4.0000
        vertex 4.3200 9.1400 4.0000
        vertex 4.6000 9.2400 4.0000
    endloop
endfacet
facet normal 0.0000 0.0000 10.2375
    outer loop
        vertex 4.6000 9.2400 4.0000
        vertex 4.5600 9.3800 4.0000
        vertex 4.3400 9.2000 4.0000
    endloop
endfacet
facet normal 0.0000 0.0000 10.1275
    outer loop
        vertex 4.3000 9.2600 4.0000
        vertex 4.3400 9.2000 4.0000
        vertex 4.5600 9.3800 4.0000
    endloop
endfacet
facet normal 0.0000 0.0000 10.2875
    outer loop
        vertex 4.5600 9.3800 4.0000
        vertex 4.4800 9.5200 4.0000
        vertex 4.3000 9.2600 4.0000
    endloop
endfacet
facet normal 0.0000 0.0000 10.1425
    outer loop
        vertex 4.2400 9.3000 4.0000
        vertex 4.3000 9.2600 4.0000
        vertex 4.4800 9.5200 4.0000
    endloop
endfacet
facet normal 0.0000 0.0000 10.1450
    outer loop
        vertex 4.4800 9.5200 4.0000
        vertex 4.2000 9.3600 4.0000
        vertex 4.2400 9.3000 4.0000
    endloop
endfacet
facet normal 0.0000 0.0000 10.1400
    outer loop
        vertex 4.2000 9.4400 4.0000
        vertex 4.2000 9.3600 4.0000
        vertex 4.4800 9.5200 4.0000
    endloop
endfacet
facet normal 0.0000 0.0000 10.1200
    outer loop
        vertex 4.4800 9.5200 4.0000
        vertex 4.2400 9.5200 4.0000
        vertex 4.2000 9.4400 4.0000
    endloop
endfacet
facet normal 0.0000 0.0000 10.1200
    outer loop
        vertex 4.2400 9.5200 4.0000
        vertex 4.4800 9.5200 4.0000
        vertex 4.4600 9.6000 4.0000
    endloop
endfacet
facet normal 0.0000 0.0000 10.4300
    outer loop
        vertex 4.4600 9.6000 4.0000
        vertex 4.2600 9.8400 4.0000
        vertex 4.2400 9.5200 4.0000
    endloop
endfacet
facet normal 0.0000 0.0000 10.2500
    outer loop
        vertex 4.4600 9.6000 4.0000
        vertex 4.4600 9.8000 4.0000
        vertex 4.2600 9.8400 4.0000
    endloop
endfacet
facet normal 0.0000 0.0000 10.1400
    outer loop
        vertex 5.1200 11.0400 4.0000
        vertex 5.0800 11.1400 4.0000
        vertex 4.8400 11.1800 4.0000
    endloop
endfacet
facet normal 0.0000 0.0000 10.5950
    outer loop
        vertex 4.8400 11.1800 4.0000
        vertex 5.1200 10.7000 4.0000
        vertex 5.1200 11.0400 4.0000
    endloop
endfacet
facet normal 0.0000 0.0000 13.0800
    outer loop
        vertex 5.1200 10.7000 4.0000
        vertex 4.8400 11.1800 4.0000
        vertex 4.5600 9.9000 4.0000
    endloop
endfacet
facet normal 0.0000 0.0000 10.4400
    outer loop
        vertex 4.5600 9.9000 4.0000
        vertex 4.6200 9.8600 4.0000
        vertex 5.1200 10.7000 4.0000
    endloop
endfacet
facet normal 0.0000 0.0000 12.3975
    outer loop
        vertex 5.1600 10.0000 4.0000
        vertex 5.1200 10.7000 4.0000
        vertex 4.6200 9.8600 4.0000
    endloop
endfacet
facet normal 0.0000 0.0000 10.3550
    outer loop
        vertex 4.6200 9.8600 4.0000
        vertex 4.6400 9.7600 4.0000
        vertex 5.1600 10.0000 4.0000
    endloop
endfacet
facet normal 0.0000 0.0000 11.1000
    outer loop
        vertex 5.2000 9.6800 4.0000
        vertex 5.1600 10.0000 4.0000
        vertex 4.6400 9.7600 4.0000
    endloop
endfacet
facet normal 0.0000 0.0000 10.5500
    outer loop
        vertex 4.6400 9.7600 4.0000
        vertex 4.6600 9.6000 4.0000
        vertex 5.2000 9.6800 4.0000
    endloop
endfacet
facet normal 0.0000 0.0000 10.4250
    outer loop
        vertex 5.2000 9.6800 4.0000
        vertex 4.6600 9.6000 4.0000
        vertex 4.7000 9.4800 4.0000
    endloop
endfacet
facet normal 0.0000 0.0000 10.2625
    outer loop
        vertex 4.7000 9.4800 4.0000
        vertex 4.7600 9.4200 4.0000
        vertex 5.2000 9.6800 4.0000
    endloop
endfacet
facet normal 0.0000 0.0000 10.2425
    outer loop
        vertex 5.1800 9.5800 4.0000
        vertex 5.2000 9.6800 4.0000
        vertex 4.7600 9.4200 4.0000
    endloop
endfacet
facet normal 0.0000 0.0000 10.1700
    outer loop
        vertex 4.7600 9.4200 4.0000
        vertex 5.1400 9.5000 4.0000
        vertex 5.1800 9.5800 4.0000
    endloop
endfacet
facet normal 0.0000 0.0000 10.0875
    outer loop
        vertex 4.8400 9.4000 4.0000
        vertex 5.1400 9.5000 4.0000
        vertex 4.7600 9.4200 4.0000
    endloop
endfacet
facet normal 0.0000 0.0000 12.0950
    outer loop
        vertex 4.5600 9.9000 4.0000
        vertex 4.8400 11.1800 4.0000
        vertex 4.6000 11.2800 4.0000
    endloop
endfacet
facet normal 0.0000 0.0000 10.5125
    outer loop
        vertex 4.6000 11.2800 4.0000
        vertex 4.5000 9.8800 4.0000
        vertex 4.5600 9.9000 4.0000
    endloop
endfacet
facet normal 0.0000 0.0000 12.3000
    outer loop
        vertex 4.5000 9.8800 4.0000
        vertex 4.6000 11.2800 4.0000
        vertex 4.2400 9.9200 4.0000
    endloop
endfacet
facet normal 0.0000 0.0000 10.1250
    outer loop
        vertex 4.2400 9.9200 4.0000
        vertex 4.2600 9.8400 4.0000
        vertex 4.5000 9.8800 4.0000
    endloop
endfacet
facet normal 0.0000 0.0000 10.1100
    outer loop
        vertex 4.4600 9.8000 4.0000
        vertex 4.5000 9.8800 4.0000
        vertex 4.2600 9.8400 4.0000
    endloop
endfacet
facet normal 0.0000 0.0000 11.8000
    outer loop
        vertex 4.2400 9.9200 4.0000
        vertex 4.6000 11.2800 4.0000
        vertex 4.4200 11.4000 4.0000
    endloop
endfacet
facet normal 0.0000 0.0000 10.7850
    outer loop
        vertex 4.4200 11.4000 4.0000
        vertex 4.1600 9.9600 4.0000
        vertex 4.2400 9.9200 4.0000
    endloop
endfacet
facet normal 0.0000 0.0000 10.6875
    outer loop
        vertex 4.0800 9.9400 4.0000
        vertex 4.1600 9.9600 4.0000
        vertex 4.4200 11.4000 4.0000
    endloop
endfacet
facet normal 0.0000 0.0000 11.6175
    outer loop
        vertex 4.4200 11.4000 4.0000
        vertex 4.2800 11.5600 4.0000
        vertex 4.0800 9.9400 4.0000
    endloop
endfacet
facet normal 0.0000 0.0000 16.6825
    outer loop
        vertex 4.0800 9.9400 4.0000
        vertex 4.2800 11.5600 4.0000
        vertex 3.4200 9.9400 4.0000
    endloop
endfacet
facet normal 0.0000 0.0000 10.4125
    outer loop
        vertex 3.4200 9.9400 4.0000
        vertex 3.6800 9.8400 4.0000
        vertex 4.0800 9.9400 4.0000
    endloop
endfacet
facet normal 0.0000 0.0000 10.1250
    outer loop
        vertex 4.0400 9.8800 4.0000
        vertex 4.0800 9.9400 4.0000
        vertex 3.6800 9.8400 4.0000
    endloop
endfacet
facet normal 0.0000 0.0000 10.1850
    outer loop
        vertex 3.6800 9.8400 4.0000
        vertex 3.8800 9.7800 4.0000
        vertex 4.0400 9.8800 4.0000
    endloop
endfacet
facet normal 0.0000 0.0000 10.0725
    outer loop
        vertex 4.0600 9.8200 4.0000
        vertex 4.0400 9.8800 4.0000
        vertex 3.8800 9.7800 4.0000
    endloop
endfacet
facet normal 0.0000 0.0000 10.0575
    outer loop
        vertex 3.8800 9.7800 4.0000
        vertex 4.0200 9.7600 4.0000
        vertex 4.0600 9.8200 4.0000
    endloop
endfacet
facet normal 0.0000 0.0000 11.7775
    outer loop
        vertex 3.4200 9.9400 4.0000
        vertex 4.2800 11.5600 4.0000
        vertex 4.2000 11.7400 4.0000
    endloop
endfacet
facet normal 0.0000 0.0000 14.1250
    outer loop
        vertex 4.2000 11.7400 4.0000
        vertex 3.1400 10.1400 4.0000
        vertex 3.4200 9.9400 4.0000
    endloop
endfacet
facet normal 0.0000 0.0000 14.1900
    outer loop
        vertex 2.8800 10.3800 4.0000
        vertex 3.1400 10.1400 4.0000
        vertex 4.2000 11.7400 4.0000
    endloop
endfacet
facet normal 0.0000 0.0000 13.6800
    outer loop
        vertex 4.2000 11.7400 4.0000
        vertex 2.6800 10.6200 4.0000
        vertex 2.8800 10.3800 4.0000
    endloop
endfacet
facet normal 0.0000 0.0000 12.3600
    outer loop
        vertex 2.5600 10.7800 4.0000
        vertex 2.6800 10.6200 4.0000
        vertex 4.2000 11.7400 4.0000
    endloop
endfacet
facet normal 0.0000 0.0000 11.4700
    outer loop
        vertex 4.2000 11.7400 4.0000
        vertex 2.5200 10.9000 4.0000
        vertex 2.5600 10.7800 4.0000
    endloop
endfacet
facet normal 0.0000 0.0000 10.9450
    outer loop
        vertex 2.5400 11.0000 4.0000
        vertex 2.5200 10.9000 4.0000
        vertex 4.2000 11.7400 4.0000
    endloop
endfacet
facet normal 0.0000 0.0000 10.5525
    outer loop
        vertex 4.2000 11.7400 4.0000
        vertex 2.6000 11.0800 4.0000
        vertex 2.5400 11.0000 4.0000
    endloop
endfacet
facet normal 0.0000 0.0000 10.8350
    outer loop
        vertex 2.6400 11.1800 4.0000
        vertex 2.6000 11.0800 4.0000
        vertex 4.2000 11.7400 4.0000
    endloop
endfacet
facet normal 0.0000 0.0000 11.8950
    outer loop
        vertex 4.2000 11.7400 4.0000
        vertex 4.1600 11.9200 4.0000
        vertex 2.6400 11.1800 4.0000
    endloop
endfacet
facet normal 0.0000 0.0000 10.9450
    outer loop
        vertex 2.6000 11.2600 4.0000
        vertex 2.6400 11.1800 4.0000
        vertex 4.1600 11.9200 4.0000
    endloop
endfacet
facet normal 0.0000 0.0000 13.2550
    outer loop
        vertex 4.1600 11.9200 4.0000
        vertex 2.5200 11.5600 4.0000
        vertex 2.6000 11.2600 4.0000
    endloop
endfacet
facet normal 0.0000 0.0000 12.6000
    outer loop
        vertex 2.5200 11.5600 4.0000
        vertex 4.1600 11.9200 4.0000
        vertex 2.6400 11.8400 4.0000
    endloop
endfacet
facet normal 0.0000 0.0000 10.0800
    outer loop
        vertex 2.6400 11.8400 4.0000
        vertex 2.5000 11.6200 4.0000
        vertex 2.5200 11.5600 4.0000
    endloop
endfacet
facet normal 0.0000 0.0000 10.0700
    outer loop
        vertex 2.5000 11.7000 4.0000
        vertex 2.5000 11.6200 4.0000
        vertex 2.6400 11.8400 4.0000
    endloop
endfacet
facet normal 0.0000 0.0000 10.0350
    outer loop
        vertex 2.6400 11.8400 4.0000
        vertex 2.5400 11.7800 4.0000
        vertex 2.5000 11.7000 4.0000
    endloop
endfacet
facet normal 0.0000 0.0000 10.1400
    outer loop
        vertex 2.5200 11.2800 4.0000
        vertex 2.6000 11.2600 4.0000
        vertex 2.5200 11.5600 4.0000
    endloop
endfacet
facet normal 0.0000 0.0000 10.0700
    outer loop
        vertex 2.5200 11.5600 4.0000
        vertex 2.4800 11.5000 4.0000
        vertex 2.5200 11.2800 4.0000
    endloop
endfacet
facet normal 0.0000 0.0000 10.1700
    outer loop
        vertex 2.4000 11.2600 4.0000
        vertex 2.5200 11.2800 4.0000
        vertex 2.4800 11.5000 4.0000
    endloop
endfacet
facet normal 0.0000 0.0000 10.2600
    outer loop
        vertex 2.4800 11.5000 4.0000
        vertex 2.3000 11.4800 4.0000
        vertex 2.4000 11.2600 4.0000
    endloop
endfacet
facet normal 0.0000 0.0000 10.2850
    outer loop
        vertex 2.2200 11.2000 4.0000
        vertex 2.4000 11.2600 4.0000
        vertex 2.3000 11.4800 4.0000
    endloop
endfacet
facet normal 0.0000 0.0000 10.4900
    outer loop
        vertex 2.3000 11.4800 4.0000
        vertex 2.0200 11.4800 4.0000
        vertex 2.2200 11.2000 4.0000
    endloop
endfacet
facet normal 0.0000 0.0000 10.2150
    outer loop
        vertex 2.1400 11.1400 4.0000
        vertex 2.2200 11.2000 4.0000
        vertex 2.0200 11.4800 4.0000
    endloop
endfacet
facet normal 0.0000 0.0000 10.1700
    outer loop
        vertex 2.0200 11.4800 4.0000
        vertex 2.0600 11.1400 4.0000
        vertex 2.1400 11.1400 4.0000
    endloop
endfacet
facet normal 0.0000 0.0000 10.1175
    outer loop
        vertex 2.0000 11.1800 4.0000
        vertex 2.0600 11.1400 4.0000
        vertex 2.0200 11.4800 4.0000
    endloop
endfacet
facet normal 0.0000 0.0000 10.0825
    outer loop
        vertex 2.0200 11.4800 4.0000
        vertex 1.9600 11.2400 4.0000
        vertex 2.0000 11.1800 4.0000
    endloop
endfacet
facet normal 0.0000 0.0000 16.3525
    outer loop
        vertex 0.5600 9.2200 4.0000
        vertex 0.8800 8.8400 4.0000
        vertex 2.1400 10.5200 4.0000
    endloop
endfacet
facet normal 0.0000 0.0000 15.8650
    outer loop
        vertex 2.1400 10.5200 4.0000
        vertex 0.3000 9.6000 4.0000
        vertex 0.5600 9.2200 4.0000
    endloop
endfacet
facet normal 0.0000 0.0000 11.3800
    outer loop
        vertex 0.2600 9.7000 4.0000
        vertex 0.3000 9.6000 4.0000
        vertex 2.1400 10.5200 4.0000
    endloop
endfacet
facet normal 0.0000 0.0000 10.7050
    outer loop
        vertex 2.1400 10.5200 4.0000
        vertex 0.2600 9.7600 4.0000
        vertex 0.2600 9.7000 4.0000
    endloop
endfacet
facet normal 0.0000 0.0000 10.7500
    outer loop
        vertex 0.3000 9.8400 4.0000
        vertex 0.2600 9.7600 4.0000
        vertex 2.1400 10.5200 4.0000
    endloop
endfacet
facet normal 0.0000 0.0000 13.6750
    outer loop
        vertex 2.1400 10.5200 4.0000
        vertex 0.6800 10.3000 4.0000
        vertex 0.3000 9.8400 4.0000
    endloop
endfacet
facet normal 0.0000 0.0000 13.0125
    outer loop
        vertex 0.6800 10.3000 4.0000
        vertex 2.1400 10.5200 4.0000
        vertex 1.9400 10.8200 4.0000
    endloop
endfacet
facet normal 0.0000 0.0000 13.4050
    outer loop
        vertex 1.9400 10.8200 4.0000
        vertex 1.2800 10.9800 4.0000
        vertex 0.6800 10.3000 4.0000
    endloop
endfacet
facet normal 0.0000 0.0000 10.7875
    outer loop
        vertex 1.9400 10.8200 4.0000
        vertex 1.8200 11.0400 4.0000
        vertex 1.2800 10.9800 4.0000
    endloop
endfacet
facet normal 0.0000 0.0000 10.4125
    outer loop
        vertex 1.2800 10.9800 4.0000
        vertex 1.8200 11.0400 4.0000
        vertex 1.8000 11.1600 4.0000
    endloop
endfacet
facet normal 0.0000 0.0000 10.8525
    outer loop
        vertex 1.8000 11.1600 4.0000
        vertex 1.6200 11.3600 4.0000
        vertex 1.2800 10.9800 4.0000
    endloop
endfacet
facet normal 0.0000 0.0000 10.1150
    outer loop
        vertex 1.6200 11.3600 4.0000
        vertex 1.8000 11.1600 4.0000
        vertex 1.8200 11.2400 4.0000
    endloop
endfacet
facet normal 0.0000 0.0000 10.1600
    outer loop
        vertex 1.8200 11.2400 4.0000
        vertex 1.7000 11.4400 4.0000
        vertex 1.6200 11.3600 4.0000
    endloop
endfacet
facet normal 0.0000 0.0000 10.1550
    outer loop
        vertex 1.8000 11.4800 4.0000
        vertex 1.7000 11.4400 4.0000
        vertex 1.8200 11.2400 4.0000
    endloop
endfacet
facet normal 0.0000 0.0000 10.0650
    outer loop
        vertex 1.8200 11.2400 4.0000
        vertex 1.8600 11.2800 4.0000
        vertex 1.8000 11.4800 4.0000
    endloop
endfacet
facet normal 0.0000 0.0000 10.1325
    outer loop
        vertex 1.9000 11.5000 4.0000
        vertex 1.8000 11.4800 4.0000
        vertex 1.8600 11.2800 4.0000
    endloop
endfacet
facet normal 0.0000 0.0000 10.0775
    outer loop
        vertex 1.8600 11.2800 4.0000
        vertex 1.9200 11.3000 4.0000
        vertex 1.9000 11.5000 4.0000
    endloop
endfacet
facet normal 0.0000 0.0000 10.1475
    outer loop
        vertex 2.0200 11.4800 4.0000
        vertex 1.9000 11.5000 4.0000
        vertex 1.9200 11.3000 4.0000
    endloop
endfacet
facet normal 0.0000 0.0000 10.0825
    outer loop
        vertex 1.9200 11.3000 4.0000
        vertex 1.9600 11.2400 4.0000
        vertex 2.0200 11.4800 4.0000
    endloop
endfacet
facet normal 0.0000 0.0000 16.4724
    outer loop
        vertex 6.8692 9.8128 4.0000
        vertex 7.1288 11.2148 4.0000
        vertex 6.3800 11.1600 4.0000
    endloop
endfacet
facet normal 0.0000 0.0000 15.0613
    outer loop
        vertex 6.3800 11.1600 4.0000
        vertex 6.2800 9.7800 4.0000
        vertex 6.8692 9.8128 4.0000
    endloop
endfacet
facet normal 0.0000 0.0000 20.1204
    outer loop
        vertex -6.8548 9.7360 4.0000
        vertex -5.7200 9.6800 4.0000
        vertex -5.5800 11.1000 4.0000
    endloop
endfacet
facet normal 0.0000 0.0000 23.8990
    outer loop
        vertex -5.5800 11.1000 4.0000
        vertex -7.1244 11.1920 4.0000
        vertex -6.8548 9.7360 4.0000
    endloop
endfacet
facet normal 0.0000 0.0000 10.3125
    outer loop
        vertex 4.2200 1.8600 4.0000
        vertex 4.0200 2.5600 4.0000
        vertex 3.9600 2.5200 4.0000
    endloop
endfacet
facet normal 0.0000 0.0000 10.7550
    outer loop
        vertex 3.9600 2.5200 4.0000
        vertex 4.1000 1.7000 4.0000
        vertex 4.2200 1.8600 4.0000
    endloop
endfacet
facet normal 0.0000 0.0000 10.5300
    outer loop
        vertex 4.0000 1.6800 4.0000
        vertex 4.1000 1.7000 4.0000
        vertex 3.9600 2.5200 4.0000
    endloop
endfacet
facet normal 0.0000 0.0000 10.7250
    outer loop
        vertex 3.9600 2.5200 4.0000
        vertex 3.8600 1.7200 4.0000
        vertex 4.0000 1.6800 4.0000
    endloop
endfacet
facet normal 0.0000 0.0000 13.2625
    outer loop
        vertex 3.2200 1.8200 4.0000
        vertex 3.8600 1.7200 4.0000
        vertex 3.9600 2.5200 4.0000
    endloop
endfacet
facet normal 0.0000 0.0000 16.7375
    outer loop
        vertex 3.9600 2.5200 4.0000
        vertex 2.4200 2.5200 4.0000
        vertex 3.2200 1.8200 4.0000
    endloop
endfacet
facet normal 0.0000 0.0000 12.4875
    outer loop
        vertex 2.5600 1.9000 4.0000
        vertex 3.2200 1.8200 4.0000
        vertex 2.4200 2.5200 4.0000
    endloop
endfacet
facet normal 0.0000 0.0000 11.4675
    outer loop
        vertex 2.4200 2.5200 4.0000
        vertex 2.1000 2.2600 4.0000
        vertex 2.5600 1.9000 4.0000
    endloop
endfacet
facet normal 0.0000 0.0000 10.1775
    outer loop
        vertex 2.1000 2.2600 4.0000
        vertex 2.4200 2.5200 4.0000
        vertex 2.3600 2.5600 4.0000
    endloop
endfacet
facet normal 0.0000 0.0000 10.3675
    outer loop
        vertex 2.1000 2.2600 4.0000
        vertex 2.3600 2.5600 4.0000
        vertex 2.3200 2.7400 4.0000
    endloop
endfacet
facet normal 0.0000 0.0000 11.8700
    outer loop
        vertex 2.3200 2.7400 4.0000
        vertex 2.1000 3.6200 4.0000
        vertex 2.1000 2.2600 4.0000
    endloop
endfacet
facet normal 0.0000 0.0000 10.2625
    outer loop
        vertex 2.5600 1.9000 4.0000
        vertex 2.1000 2.2600 4.0000
        vertex 2.0600 2.2000 4.0000
    endloop
endfacet
facet normal 0.0000 0.0000 10.5000
    outer loop
        vertex 2.5600 1.9000 4.0000
        vertex 2.0600 2.2000 4.0000
        vertex 1.8600 2.1600 4.0000
    endloop
endfacet
facet normal 0.0000 0.0000 11.1475
    outer loop
        vertex 1.8600 2.1600 4.0000
        vertex 1.8000 1.9200 4.0000
        vertex 2.5600 1.9000 4.0000
    endloop
endfacet
facet normal 0.0000 0.0000 10.2850
    outer loop
        vertex 1.8000 1.9200 4.0000
        vertex 1.8600 2.1600 4.0000
        vertex 1.6800 2.2000 4.0000
    endloop
endfacet
facet normal 0.0000 0.0000 10.6300
    outer loop
        vertex 1.6800 2.2000 4.0000
        vertex 1.3200 2.2000 4.0000
        vertex 1.8000 1.9200 4.0000
    endloop
endfacet
facet normal 0.0000 0.0000 10.1350
    outer loop
        vertex 1.3200 2.2000 4.0000
        vertex 1.6800 2.2000 4.0000
        vertex 1.6400 2.2600 4.0000
    endloop
endfacet
facet normal 0.0000 0.0000 10.1050
    outer loop
        vertex 1.6400 2.2600 4.0000
        vertex 1.3600 2.2600 4.0000
        vertex 1.3200 2.2000 4.0000
    endloop
endfacet
facet normal 0.0000 0.0000 10.4700
    outer loop
        vertex 1.8000 1.9200 4.0000
        vertex 1.3200 2.2000 4.0000
        vertex 1.1200 2.1600 4.0000
    endloop
endfacet
facet normal 0.0000 0.0000 10.7300
    outer loop
        vertex 1.1200 2.1600 4.0000
        vertex 0.9400 2.2000 4.0000
        vertex -0.7200 1.9200 4.0000
    endloop
endfacet
facet normal 0.0000 0.0000 13.7800
    outer loop
        vertex -0.7200 1.9200 4.0000
        vertex 1.8000 1.9200 4.0000
        vertex 1.1200 2.1600 4.0000
    endloop
endfacet
facet normal 0.0000 0.0000 10.5500
    outer loop
        vertex 4.6800 2.7200 4.0000
        vertex 4.7200 2.8400 4.0000
        vertex 4.0200 2.9400 4.0000
    endloop
endfacet
facet normal 0.0000 0.0000 10.7700
    outer loop
        vertex 4.0200 2.9400 4.0000
        vertex 4.0600 2.7400 4.0000
        vertex 4.6800 2.7200 4.0000
    endloop
endfacet
facet normal 0.0000 0.0000 10.7025
    outer loop
        vertex 4.6800 2.7200 4.0000
        vertex 4.0600 2.7400 4.0000
        vertex 4.0200 2.5600 4.0000
    endloop
endfacet
facet normal 0.0000 0.0000 13.0875
    outer loop
        vertex 4.0200 2.5600 4.0000
        vertex 4.2200 1.8600 4.0000
        vertex 4.6800 2.7200 4.0000
    endloop
endfacet
facet normal 0.0000 0.0000 10.2275
    outer loop
        vertex 4.7200 2.8400 4.0000
        vertex 4.5000 3.3000 4.0000
        vertex 4.4400 3.2600 4.0000
    endloop
endfacet
facet normal 0.0000 0.0000 11.1200
    outer loop
        vertex 3.9600 2.9800 4.0000
        vertex 4.4400 3.2600 4.0000
        vertex 3.8000 3.2600 4.0000
    endloop
endfacet
facet normal 0.0000 0.0000 10.6500
    outer loop
        vertex 3.8000 3.2600 4.0000
        vertex 3.4400 3.2400 4.0000
        vertex 3.9600 2.9800 4.0000
    endloop
endfacet
facet normal 0.0000 0.0000 10.0650
    outer loop
        vertex 3.8000 3.2600 4.0000
        vertex 3.7400 3.3000 4.0000
        vertex 3.4800 3.3000 4.0000
    endloop
endfacet
facet normal 0.0000 0.0000 10.1300
    outer loop
        vertex 3.4800 3.3000 4.0000
        vertex 3.4400 3.2400 4.0000
        vertex 3.8000 3.2600 4.0000
    endloop
endfacet
facet normal 0.0000 0.0000 10.4550
    outer loop
        vertex 3.9600 2.9800 4.0000
        vertex 3.4400 3.2400 4.0000
        vertex 3.2400 3.2000 4.0000
    endloop
endfacet
facet normal 0.0000 0.0000 12.1175
    outer loop
        vertex 3.2400 3.2000 4.0000
        vertex 2.4200 2.9800 4.0000
        vertex 3.9600 2.9800 4.0000
    endloop
endfacet
facet normal 0.0000 0.0000 10.3625
    outer loop
        vertex 4.7200 2.8400 4.0000
        vertex 4.5400 3.4800 4.0000
        vertex 4.5000 3.3000 4.0000
    endloop
endfacet
facet normal 0.0000 0.0000 10.1100
    outer loop
        vertex 4.5000 3.6800 4.0000
        vertex 4.5200 3.9600 4.0000
        vertex 4.4400 3.7200 4.0000
    endloop
endfacet
facet normal 0.0000 0.0000 11.0800
    outer loop
        vertex 4.4400 3.7200 4.0000
        vertex 4.5200 3.9600 4.0000
        vertex 3.8000 3.9600 4.0000
    endloop
endfacet
facet normal 0.0000 0.0000 10.9600
    outer loop
        vertex 3.8000 3.9600 4.0000
        vertex 3.8000 3.7200 4.0000
        vertex 4.4400 3.7200 4.0000
    endloop
endfacet
facet normal 0.0000 0.0000 10.0900
    outer loop
        vertex 3.8000 3.7200 4.0000
        vertex 3.8000 3.9600 4.0000
        vertex 3.7400 4.0000 4.0000
    endloop
endfacet
facet normal 0.0000 0.0000 10.1200
    outer loop
        vertex 3.7400 4.0000 4.0000
        vertex 3.7400 3.6800 4.0000
        vertex 3.8000 3.7200 4.0000
    endloop
endfacet
facet normal 0.0000 0.0000 10.0800
    outer loop
        vertex 3.7400 3.6800 4.0000
        vertex 3.7400 4.0000 4.0000
        vertex 3.7000 4.1800 4.0000
    endloop
endfacet
facet normal 0.0000 0.0000 10.1750
    outer loop
        vertex 3.7000 4.1800 4.0000
        vertex 3.7000 3.4800 4.0000
        vertex 3.7400 3.6800 4.0000
    endloop
endfacet
facet normal 0.0000 0.0000 10.2925
    outer loop
        vertex 3.4800 3.3000 4.0000
        vertex 3.7400 3.3000 4.0000
        vertex 3.7000 3.4800 4.0000
    endloop
endfacet
facet normal 0.0000 0.0000 10.9625
    outer loop
        vertex 3.4800 3.3000 4.0000
        vertex 3.7000 3.4800 4.0000
        vertex 3.7000 4.1800 4.0000
    endloop
endfacet
facet normal 0.0000 0.0000 12.3650
    outer loop
        vertex 3.7000 4.1800 4.0000
        vertex 3.4800 5.0200 4.0000
        vertex 3.4800 3.3000 4.0000
    endloop
endfacet
facet normal 0.0000 0.0000 10.2650
    outer loop
        vertex 3.8000 4.4200 4.0000
        vertex 3.9600 4.6200 4.0000
        vertex 3.7800 4.6600 4.0000
    endloop
endfacet
facet normal 0.0000 0.0000 10.0950
    outer loop
        vertex 3.7800 4.6600 4.0000
        vertex 3.7400 4.3800 4.0000
        vertex 3.8000 4.4200 4.0000
    endloop
endfacet
facet normal 0.0000 0.0000 10.0850
    outer loop
        vertex 3.7400 4.3800 4.0000
        vertex 3.7800 4.6600 4.0000
        vertex 3.7400 4.7200 4.0000
    endloop
endfacet
facet normal 0.0000 0.0000 10.5525
    outer loop
        vertex 3.7400 4.7200 4.0000
        vertex 3.4800 5.0200 4.0000
        vertex 3.7400 4.3800 4.0000
    endloop
endfacet
facet normal 0.0000 0.0000 10.4850
    outer loop
        vertex 3.7000 4.1800 4.0000
        vertex 3.7400 4.3800 4.0000
        vertex 3.4800 5.0200 4.0000
    endloop
endfacet
facet normal 0.0000 0.0000 10.1850
    outer loop
        vertex 4.5400 3.4800 4.0000
        vertex 4.5800 4.0000 4.0000
        vertex 4.5200 3.9600 4.0000
    endloop
endfacet
facet normal 0.0000 0.0000 10.0950
    outer loop
        vertex 4.5200 3.9600 4.0000
        vertex 4.5000 3.6800 4.0000
        vertex 4.5400 3.4800 4.0000
    endloop
endfacet
facet normal 0.0000 0.0000 10.7450
    outer loop
        vertex 4.5800 4.0000 4.0000
        vertex 4.5400 3.4800 4.0000
        vertex 4.7200 2.8400 4.0000
    endloop
endfacet
facet normal 0.0000 0.0000 10.4475
    outer loop
        vertex 4.7200 2.8400 4.0000
        vertex 4.6200 4.1800 4.0000
        vertex 4.5800 4.0000 4.0000
    endloop
endfacet
facet normal 0.0000 0.0000 10.3025
    outer loop
        vertex 4.5200 4.4200 4.0000
        vertex 4.5800 4.3800 4.0000
        vertex 4.9800 4.9200 4.0000
    endloop
endfacet
facet normal 0.0000 0.0000 11.8625
    outer loop
        vertex 4.9800 4.9200 4.0000
        vertex 4.2000 4.7200 4.0000
        vertex 4.5200 4.4200 4.0000
    endloop
endfacet
facet normal 0.0000 0.0000 10.1950
    outer loop
        vertex 4.5200 4.4200 4.0000
        vertex 4.2000 4.7200 4.0000
        vertex 4.1600 4.6600 4.0000
    endloop
endfacet
facet normal 0.0000 0.0000 10.3900
    outer loop
        vertex 4.5200 4.4200 4.0000
        vertex 4.1600 4.6600 4.0000
        vertex 3.9600 4.6200 4.0000
    endloop
endfacet
facet normal 0.0000 0.0000 10.9000
    outer loop
        vertex 3.9600 4.6200 4.0000
        vertex 3.8000 4.4200 4.0000
        vertex 4.5200 4.4200 4.0000
    endloop
endfacet
facet normal 0.0000 0.0000 13.4150
    outer loop
        vertex 4.7200 2.8400 4.0000
        vertex 4.9800 4.8200 4.0000
        vertex 4.6200 4.1800 4.0000
    endloop
endfacet
facet normal 0.0000 0.0000 10.6100
    outer loop
        vertex 4.5800 4.3800 4.0000
        vertex 4.6200 4.1800 4.0000
        vertex 4.9800 4.8200 4.0000
    endloop
endfacet
facet normal 0.0000 0.0000 10.2500
    outer loop
        vertex 4.9800 4.8200 4.0000
        vertex 4.9800 4.9200 4.0000
        vertex 4.5800 4.3800 4.0000
    endloop
endfacet
facet normal 0.0000 0.0000 14.6800
    outer loop
        vertex 4.2000 5.6800 4.0000
        vertex 4.2000 4.7200 4.0000
        vertex 4.9800 4.9200 4.0000
    endloop
endfacet
facet normal 0.0000 0.0000 11.7375
    outer loop
        vertex 4.9800 4.9200 4.0000
        vertex 4.3400 5.9000 4.0000
        vertex 4.2000 5.6800 4.0000
    endloop
endfacet
facet normal 0.0000 0.0000 10.1075
    outer loop
        vertex 4.1600 5.7400 4.0000
        vertex 4.2000 5.6800 4.0000
        vertex 4.3400 5.9000 4.0000
    endloop
endfacet
facet normal 0.0000 0.0000 10.1275
    outer loop
        vertex 4.3400 5.9000 4.0000
        vertex 4.2800 5.9600 4.0000
        vertex 4.1600 5.7400 4.0000
    endloop
endfacet
facet normal 0.0000 0.0000 10.1400
    outer loop
        vertex 4.1600 5.7400 4.0000
        vertex 4.2800 5.9600 4.0000
        vertex 4.2000 6.0000 4.0000
    endloop
endfacet
facet normal 0.0000 0.0000 10.3400
    outer loop
        vertex 4.2000 6.0000 4.0000
        vertex 3.9600 5.8000 4.0000
        vertex 4.1600 5.7400 4.0000
    endloop
endfacet
facet normal 0.0000 0.0000 10.1775
    outer loop
        vertex 3.4800 5.8000 4.0000
        vertex 3.7400 5.6800 4.0000
        vertex 3.7600 5.7800 4.0000
    endloop
endfacet
facet normal 0.0000 0.0000 10.0625
    outer loop
        vertex 3.7600 5.7800 4.0000
        vertex 3.4200 5.8400 4.0000
        vertex 3.4800 5.8000 4.0000
    endloop
endfacet
facet normal 0.0000 0.0000 10.1175
    outer loop
        vertex 3.4200 5.8400 4.0000
        vertex 3.7600 5.7800 4.0000
        vertex 3.9600 5.8000 4.0000
    endloop
endfacet
facet normal 0.0000 0.0000 10.7350
    outer loop
        vertex 3.9600 5.8000 4.0000
        vertex 4.2000 6.0000 4.0000
        vertex 3.4200 5.8400 4.0000
    endloop
endfacet
facet normal 0.0000 0.0000 10.2950
    outer loop
        vertex 3.5200 5.6000 4.0000
        vertex 3.7400 5.6800 4.0000
        vertex 3.4800 5.8000 4.0000
    endloop
endfacet
facet normal 0.0000 0.0000 10.2275
    outer loop
        vertex 3.7400 5.6800 4.0000
        vertex 3.5200 5.6000 4.0000
        vertex 3.4800 5.4200 4.0000
    endloop
endfacet
facet normal 0.0000 0.0000 10.4875
    outer loop
        vertex 3.4800 5.4200 4.0000
        vertex 3.4400 5.0800 4.0000
        vertex 3.7400 5.6800 4.0000
    endloop
endfacet
facet normal 0.0000 0.0000 10.1175
    outer loop
        vertex 3.4400 5.0800 4.0000
        vertex 3.4800 5.4200 4.0000
        vertex 3.4200 5.3800 4.0000
    endloop
endfacet
facet normal 0.0000 0.0000 10.3700
    outer loop
        vertex 3.4200 5.3800 4.0000
        vertex 3.2400 5.1200 4.0000
        vertex 3.4400 5.0800 4.0000
    endloop
endfacet
facet normal 0.0000 0.0000 11.5600
    outer loop
        vertex 3.4800 5.0200 4.0000
        vertex 3.7400 4.7200 4.0000
        vertex 3.7400 5.6800 4.0000
    endloop
endfacet
facet normal 0.0000 0.0000 10.2625
    outer loop
        vertex 3.7400 5.6800 4.0000
        vertex 3.4400 5.0800 4.0000
        vertex 3.4800 5.0200 4.0000
    endloop
endfacet
facet normal 0.0000 0.0000 10.2475
    outer loop
        vertex 3.0600 5.0800 4.0000
        vertex 3.2400 5.1200 4.0000
        vertex 3.4200 5.3800 4.0000
    endloop
endfacet
facet normal 0.0000 0.0000 10.6000
    outer loop
        vertex 3.4200 5.3800 4.0000
        vertex 2.7400 5.0800 4.0000
        vertex 3.0600 5.0800 4.0000
    endloop
endfacet
facet normal 0.0000 0.0000 10.2825
    outer loop
        vertex 2.6800 5.1200 4.0000
        vertex 2.7400 5.0800 4.0000
        vertex 3.4200 5.3800 4.0000
    endloop
endfacet
facet normal 0.0000 0.0000 11.3975
    outer loop
        vertex 3.4200 5.3800 4.0000
        vertex 2.5600 5.3800 4.0000
        vertex 2.6800 5.1200 4.0000
    endloop
endfacet
facet normal 0.0000 0.0000 10.1200
    outer loop
        vertex 3.0200 5.0200 4.0000
        vertex 3.0600 5.0800 4.0000
        vertex 2.7400 5.0800 4.0000
    endloop
endfacet
facet normal 0.0000 0.0000 10.3350
    outer loop
        vertex 2.7400 5.0800 4.0000
        vertex 2.7800 4.8800 4.0000
        vertex 3.0200 5.0200 4.0000
    endloop
endfacet
facet normal 0.0000 0.0000 10.2850
    outer loop
        vertex 2.6800 4.6600 4.0000
        vertex 2.5400 4.4600 4.0000
        vertex 2.7400 4.4200 4.0000
    endloop
endfacet
facet normal 0.0000 0.0000 10.1050
    outer loop
        vertex 2.7400 4.4200 4.0000
        vertex 2.7400 4.7000 4.0000
        vertex 2.6800 4.6600 4.0000
    endloop
endfacet
facet normal 0.0000 0.0000 10.0700
    outer loop
        vertex 2.7400 4.7000 4.0000
        vertex 2.7400 4.4200 4.0000
        vertex 2.7800 4.3600 4.0000
    endloop
endfacet
facet normal 0.0000 0.0000 10.1300
    outer loop
        vertex 2.7800 4.3600 4.0000
        vertex 2.7800 4.8800 4.0000
        vertex 2.7400 4.7000 4.0000
    endloop
endfacet
facet normal 0.0000 0.0000 10.7800
    outer loop
        vertex 3.0200 5.0200 4.0000
        vertex 2.7800 4.8800 4.0000
        vertex 2.7800 4.3600 4.0000
    endloop
endfacet
facet normal 0.0000 0.0000 12.5800
    outer loop
        vertex 2.7800 4.3600 4.0000
        vertex 3.0200 3.3000 4.0000
        vertex 3.0200 5.0200 4.0000
    endloop
endfacet
facet normal 0.0000 0.0000 11.5900
    outer loop
        vertex 2.7800 3.3000 4.0000
        vertex 3.0200 3.3000 4.0000
        vertex 2.7800 4.3600 4.0000
    endloop
endfacet
facet normal 0.0000 0.0000 10.0900
    outer loop
        vertex 3.0600 3.2400 4.0000
        vertex 3.0200 3.3000 4.0000
        vertex 2.7800 3.3000 4.0000
    endloop
endfacet
facet normal 0.0000 0.0000 10.1200
    outer loop
        vertex 2.7800 3.3000 4.0000
        vertex 2.7400 3.2400 4.0000
        vertex 3.0600 3.2400 4.0000
    endloop
endfacet
facet normal 0.0000 0.0000 10.0800
    outer loop
        vertex 3.2400 3.2000 4.0000
        vertex 3.0600 3.2400 4.0000
        vertex 2.7400 3.2400 4.0000
    endloop
endfacet
facet normal 0.0000 0.0000 10.1750
    outer loop
        vertex 2.7400 3.2400 4.0000
        vertex 2.5400 3.2000 4.0000
        vertex 3.2400 3.2000 4.0000
    endloop
endfacet
facet normal 0.0000 0.0000 10.9625
    outer loop
        vertex 2.4200 2.9800 4.0000
        vertex 3.2400 3.2000 4.0000
        vertex 2.5400 3.2000 4.0000
    endloop
endfacet
facet normal 0.0000 0.0000 10.2775
    outer loop
        vertex 2.4200 2.9800 4.0000
        vertex 2.5400 3.2000 4.0000
        vertex 2.3600 3.2400 4.0000
    endloop
endfacet
facet normal 0.0000 0.0000 10.1125
    outer loop
        vertex 2.3600 3.2400 4.0000
        vertex 2.3600 2.9400 4.0000
        vertex 2.4200 2.9800 4.0000
    endloop
endfacet
facet normal 0.0000 0.0000 10.0750
    outer loop
        vertex 2.3600 2.9400 4.0000
        vertex 2.3600 3.2400 4.0000
        vertex 2.3200 3.3000 4.0000
    endloop
endfacet
facet normal 0.0000 0.0000 10.4150
    outer loop
        vertex 2.3200 3.3000 4.0000
        vertex 2.1000 3.6200 4.0000
        vertex 2.3600 2.9400 4.0000
    endloop
endfacet
facet normal 0.0000 0.0000 10.1375
    outer loop
        vertex 3.9600 2.9800 4.0000
        vertex 4.0200 2.9400 4.0000
        vertex 4.7200 2.8400 4.0000
    endloop
endfacet
facet normal 0.0000 0.0000 11.7500
    outer loop
        vertex 4.7200 2.8400 4.0000
        vertex 4.4400 3.2600 4.0000
        vertex 3.9600 2.9800 4.0000
    endloop
endfacet
facet normal 0.0000 0.0000 10.4950
    outer loop
        vertex 2.3200 2.7400 4.0000
        vertex 2.3600 2.9400 4.0000
        vertex 2.1000 3.6200 4.0000
    endloop
endfacet
facet normal 0.0000 0.0000 10.1425
    outer loop
        vertex 2.1000 3.6200 4.0000
        vertex 2.1000 4.0000 4.0000
        vertex 2.0400 3.9600 4.0000
    endloop
endfacet
facet normal 0.0000 0.0000 10.0625
    outer loop
        vertex 2.0400 3.9600 4.0000
        vertex 2.0600 3.6800 4.0000
        vertex 2.1000 3.6200 4.0000
    endloop
endfacet
facet normal 0.0000 0.0000 10.3450
    outer loop
        vertex 1.8600 3.7200 4.0000
        vertex 2.0600 3.6800 4.0000
        vertex 2.0400 3.9600 4.0000
    endloop
endfacet
facet normal 0.0000 0.0000 11.2900
    outer loop
        vertex 2.0400 3.9600 4.0000
        vertex 1.1800 3.9600 4.0000
        vertex 1.8600 3.7200 4.0000
    endloop
endfacet
facet normal 0.0000 0.0000 10.4400
    outer loop
        vertex 1.6800 3.6800 4.0000
        vertex 1.8600 3.7200 4.0000
        vertex 1.1800 3.9600 4.0000
    endloop
endfacet
facet normal 0.0000 0.0000 10.5675
    outer loop
        vertex 1.1800 3.9600 4.0000
        vertex 1.3200 3.7000 4.0000
        vertex 1.6800 3.6800 4.0000
    endloop
endfacet
facet normal 0.0000 0.0000 10.0825
    outer loop
        vertex 1.6800 3.6800 4.0000
        vertex 1.3200 3.7000 4.0000
        vertex 1.3800 3.6600 4.0000
    endloop
endfacet
facet normal 0.0000 0.0000 10.1075
    outer loop
        vertex 1.3800 3.6600 4.0000
        vertex 1.6400 3.6200 4.0000
        vertex 1.6800 3.6800 4.0000
    endloop
endfacet
facet normal 0.0000 0.0000 10.3150
    outer loop
        vertex 1.4200 3.4600 4.0000
        vertex 1.6400 3.6200 4.0000
        vertex 1.3800 3.6600 4.0000
    endloop
endfacet
facet normal 0.0000 0.0000 10.5225
    outer loop
        vertex 2.1000 4.0000 4.0000
        vertex 2.1000 3.6200 4.0000
        vertex 2.3200 3.3000 4.0000
    endloop
endfacet
facet normal 0.0000 0.0000 10.4225
    outer loop
        vertex 2.3200 3.3000 4.0000
        vertex 2.1400 4.1800 4.0000
        vertex 2.1000 4.0000 4.0000
    endloop
endfacet
facet normal 0.0000 0.0000 11.1925
    outer loop
        vertex 2.1400 4.1800 4.0000
        vertex 2.3200 3.3000 4.0000
        vertex 2.3200 4.3600 4.0000
    endloop
endfacet
facet normal 0.0000 0.0000 10.2700
    outer loop
        vertex 2.3200 4.3600 4.0000
        vertex 2.1000 4.3800 4.0000
        vertex 2.1400 4.1800 4.0000
    endloop
endfacet
facet normal 0.0000 0.0000 10.1200
    outer loop
        vertex 2.3200 4.3600 4.0000
        vertex 2.3600 4.4200 4.0000
        vertex 2.0400 4.4200 4.0000
    endloop
endfacet
facet normal 0.0000 0.0000 10.0475
    outer loop
        vertex 2.0400 4.4200 4.0000
        vertex 2.1000 4.3800 4.0000
        vertex 2.3200 4.3600 4.0000
    endloop
endfacet
facet normal 0.0000 0.0000 10.1900
    outer loop
        vertex 2.3600 4.4200 4.0000
        vertex 2.5400 4.4600 4.0000
        vertex 2.6800 4.6600 4.0000
    endloop
endfacet
facet normal 0.0000 0.0000 10.4800
    outer loop
        vertex 2.6800 4.6600 4.0000
        vertex 2.0400 4.4200 4.0000
        vertex 2.3600 4.4200 4.0000
    endloop
endfacet
facet normal 0.0000 0.0000 11.5900
    outer loop
        vertex 2.0400 4.4200 4.0000
        vertex 2.6800 4.6600 4.0000
        vertex 1.6200 4.6600 4.0000
    endloop
endfacet
facet normal 0.0000 0.0000 11.2900
    outer loop
        vertex 1.6200 4.6600 4.0000
        vertex 1.1800 4.4200 4.0000
        vertex 2.0400 4.4200 4.0000
    endloop
endfacet
facet normal 0.0000 0.0000 10.7600
    outer loop
        vertex 1.0400 4.6200 4.0000
        vertex 1.1800 4.4200 4.0000
        vertex 1.6200 4.6600 4.0000
    endloop
endfacet
facet normal 0.0000 0.0000 10.1600
    outer loop
        vertex 1.6200 4.6600 4.0000
        vertex 1.5600 4.7000 4.0000
        vertex 1.0400 4.6200 4.0000
    endloop
endfacet
facet normal 0.0000 0.0000 10.2600
    outer loop
        vertex 1.0400 4.6200 4.0000
        vertex 1.5600 4.7000 4.0000
        vertex 1.5600 4.7800 4.0000
    endloop
endfacet
facet normal 0.0000 0.0000 11.4950
    outer loop
        vertex 1.5600 5.2400 4.0000
        vertex 1.0400 4.6200 4.0000
        vertex 1.5600 4.7800 4.0000
    endloop
endfacet
facet normal 0.0000 0.0000 10.5750
    outer loop
        vertex 1.5600 4.7800 4.0000
        vertex 1.7600 5.0800 4.0000
        vertex 1.5600 5.2400 4.0000
    endloop
endfacet
facet normal 0.0000 0.0000 10.1100
    outer loop
        vertex 1.5600 5.2400 4.0000
        vertex 1.7600 5.0800 4.0000
        vertex 1.8200 5.1200 4.0000
    endloop
endfacet
facet normal 0.0000 0.0000 10.3200
    outer loop
        vertex 1.8200 5.1200 4.0000
        vertex 1.6400 5.4000 4.0000
        vertex 1.5600 5.2400 4.0000
    endloop
endfacet
facet normal 0.0000 0.0000 10.5925
    outer loop
        vertex 1.9400 5.4600 4.0000
        vertex 1.6400 5.4000 4.0000
        vertex 1.8200 5.1200 4.0000
    endloop
endfacet
facet normal 0.0000 0.0000 10.1300
    outer loop
        vertex 1.8200 5.1200 4.0000
        vertex 1.9800 5.4000 4.0000
        vertex 1.9400 5.4600 4.0000
    endloop
endfacet
facet normal 0.0000 0.0000 10.2500
    outer loop
        vertex 2.1000 5.3600 4.0000
        vertex 1.9800 5.4000 4.0000
        vertex 1.8200 5.1200 4.0000
    endloop
endfacet
facet normal 0.0000 0.0000 11.2900
    outer loop
        vertex 1.8200 5.1200 4.0000
        vertex 2.6800 5.1200 4.0000
        vertex 2.1000 5.3600 4.0000
    endloop
endfacet
facet normal 0.0000 0.0000 10.0675
    outer loop
        vertex 2.6800 5.1200 4.0000
        vertex 2.5600 5.3800 4.0000
        vertex 2.5000 5.4200 4.0000
    endloop
endfacet
facet normal 0.0000 0.0000 10.5100
    outer loop
        vertex 2.5000 5.4200 4.0000
        vertex 2.2400 5.4000 4.0000
        vertex 2.6800 5.1200 4.0000
    endloop
endfacet
facet normal 0.0000 0.0000 10.3550
    outer loop
        vertex 2.6800 5.1200 4.0000
        vertex 2.2400 5.4000 4.0000
        vertex 2.1000 5.3600 4.0000
    endloop
endfacet
facet normal 0.0000 0.0000 10.0925
    outer loop
        vertex 2.2800 5.4600 4.0000
        vertex 2.2400 5.4000 4.0000
        vertex 2.5000 5.4200 4.0000
    endloop
endfacet
facet normal 0.0000 0.0000 10.2375
    outer loop
        vertex 2.5000 5.4200 4.0000
        vertex 2.4600 5.6000 4.0000
        vertex 2.2800 5.4600 4.0000
    endloop
endfacet
facet normal 0.0000 0.0000 10.4275
    outer loop
        vertex 2.2800 5.8400 4.0000
        vertex 2.2800 5.4600 4.0000
        vertex 2.4600 5.6000 4.0000
    endloop
endfacet
facet normal 0.0000 0.0000 10.2850
    outer loop
        vertex 2.4600 5.6000 4.0000
        vertex 2.5000 5.8000 4.0000
        vertex 2.2800 5.8400 4.0000
    endloop
endfacet
facet normal 0.0000 0.0000 10.1025
    outer loop
        vertex 2.5000 5.8000 4.0000
        vertex 2.5600 5.8400 4.0000
        vertex 2.2400 5.9000 4.0000
    endloop
endfacet
facet normal 0.0000 0.0000 10.0725
    outer loop
        vertex 2.2400 5.9000 4.0000
        vertex 2.2800 5.8400 4.0000
        vertex 2.5000 5.8000 4.0000
    endloop
endfacet
facet normal 0.0000 0.0000 10.8600
    outer loop
        vertex 2.5600 5.8400 4.0000
        vertex 3.4200 5.8400 4.0000
        vertex 4.2000 6.0000 4.0000
    endloop
endfacet
facet normal 0.0000 0.0000 14.3950
    outer loop
        vertex 4.2000 6.0000 4.0000
        vertex 2.0600 6.2200 4.0000
        vertex 2.5600 5.8400 4.0000
    endloop
endfacet
facet normal 0.0000 0.0000 10.5725
    outer loop
        vertex 2.2400 5.9000 4.0000
        vertex 2.5600 5.8400 4.0000
        vertex 2.0600 6.2200 4.0000
    endloop
endfacet
facet normal 0.0000 0.0000 10.2350
    outer loop
        vertex 2.0600 6.2200 4.0000
        vertex 2.1000 5.9400 4.0000
        vertex 2.2400 5.9000 4.0000
    endloop
endfacet
facet normal 0.0000 0.0000 10.2200
    outer loop
        vertex 1.9800 5.9000 4.0000
        vertex 2.1000 5.9400 4.0000
        vertex 2.0600 6.2200 4.0000
    endloop
endfacet
facet normal 0.0000 0.0000 10.1800
    outer loop
        vertex 2.0600 6.2200 4.0000
        vertex 1.9800 6.2600 4.0000
        vertex 1.9800 5.9000 4.0000
    endloop
endfacet
facet normal 0.0000 0.0000 11.3500
    outer loop
        vertex 1.9800 5.9000 4.0000
        vertex 1.9800 6.2600 4.0000
        vertex 1.3800 6.0400 4.0000
    endloop
endfacet
facet normal 0.0000 0.0000 10.2600
    outer loop
        vertex 1.3800 6.0400 4.0000
        vertex 1.9400 5.8400 4.0000
        vertex 1.9800 5.9000 4.0000
    endloop
endfacet
facet normal 0.0000 0.0000 10.7500
    outer loop
        vertex 1.6200 5.7400 4.0000
        vertex 1.9400 5.8400 4.0000
        vertex 1.3800 6.0400 4.0000
    endloop
endfacet
facet normal 0.0000 0.0000 10.1200
    outer loop
        vertex 1.3800 6.0400 4.0000
        vertex 1.5400 5.7600 4.0000
        vertex 1.6200 5.7400 4.0000
    endloop
endfacet
facet normal 0.0000 0.0000 10.1250
    outer loop
        vertex 1.4800 5.7400 4.0000
        vertex 1.5400 5.7600 4.0000
        vertex 1.3800 6.0400 4.0000
    endloop
endfacet
facet normal 0.0000 0.0000 10.3125
    outer loop
        vertex 1.3800 6.0400 4.0000
        vertex 1.2600 5.9000 4.0000
        vertex 1.4800 5.7400 4.0000
    endloop
endfacet
facet normal 0.0000 0.0000 10.1225
    outer loop
        vertex 1.4400 5.6800 4.0000
        vertex 1.4800 5.7400 4.0000
        vertex 1.2600 5.9000 4.0000
    endloop
endfacet
facet normal 0.0000 0.0000 10.1325
    outer loop
        vertex 1.2600 5.9000 4.0000
        vertex 1.1800 5.8800 4.0000
        vertex 1.4400 5.6800 4.0000
    endloop
endfacet
facet normal 0.0000 0.0000 10.1875
    outer loop
        vertex 1.4200 5.5800 4.0000
        vertex 1.4400 5.6800 4.0000
        vertex 1.1800 5.8800 4.0000
    endloop
endfacet
facet normal 0.0000 0.0000 10.1650
    outer loop
        vertex 1.1800 5.8800 4.0000
        vertex 1.3800 5.5200 4.0000
        vertex 1.4200 5.5800 4.0000
    endloop
endfacet
facet normal 0.0000 0.0000 10.2050
    outer loop
        vertex 1.3000 5.5000 4.0000
        vertex 1.3800 5.5200 4.0000
        vertex 1.1800 5.8800 4.0000
    endloop
endfacet
facet normal 0.0000 0.0000 10.3975
    outer loop
        vertex 1.1800 5.8800 4.0000
        vertex 1.1200 5.5400 4.0000
        vertex 1.3000 5.5000 4.0000
    endloop
endfacet
facet normal 0.0000 0.0000 10.2200
    outer loop
        vertex 1.1200 5.5400 4.0000
        vertex 1.1800 5.8800 4.0000
        vertex 1.0800 5.9000 4.0000
    endloop
endfacet
facet normal 0.0000 0.0000 10.7750
    outer loop
        vertex 1.0800 5.9000 4.0000
        vertex 0.7600 5.6800 4.0000
        vertex 1.1200 5.5400 4.0000
    endloop
endfacet
facet normal 0.0000 0.0000 10.7475
    outer loop
        vertex 0.7600 5.6800 4.0000
        vertex 1.0800 5.9000 4.0000
        vertex 0.7400 6.0400 4.0000
    endloop
endfacet
facet normal 0.0000 0.0000 11.0925
    outer loop
        vertex 0.7400 6.0400 4.0000
        vertex 0.2600 5.9400 4.0000
        vertex 0.7600 5.6800 4.0000
    endloop
endfacet
facet normal 0.0000 0.0000 10.3225
    outer loop
        vertex 1.6800 5.5800 4.0000
        vertex 1.6400 5.4000 4.0000
        vertex 1.9400 5.4600 4.0000
    endloop
endfacet
facet normal 0.0000 0.0000 10.6175
    outer loop
        vertex 1.9400 5.4600 4.0000
        vertex 1.9400 5.8400 4.0000
        vertex 1.6800 5.5800 4.0000
    endloop
endfacet
facet normal 0.0000 0.0000 10.1950
    outer loop
        vertex 1.6800 5.5800 4.0000
        vertex 1.9400 5.8400 4.0000
        vertex 1.6600 5.6800 4.0000
    endloop
endfacet
facet normal 0.0000 0.0000 10.1450
    outer loop
        vertex 1.6600 5.6800 4.0000
        vertex 1.9400 5.8400 4.0000
        vertex 1.6200 5.7400 4.0000
    endloop
endfacet
facet normal 0.0000 0.0000 11.1900
    outer loop
        vertex 1.3600 2.9400 4.0000
        vertex 1.3600 2.2600 4.0000
        vertex 1.6400 2.2600 4.0000
    endloop
endfacet
facet normal 0.0000 0.0000 10.6800
    outer loop
        vertex 1.6400 2.2600 4.0000
        vertex 1.3800 3.2800 4.0000
        vertex 1.3600 2.9400 4.0000
    endloop
endfacet
facet normal 0.0000 0.0000 10.1225
    outer loop
        vertex 1.3600 2.9400 4.0000
        vertex 1.3800 3.2800 4.0000
        vertex 1.3200 3.2400 4.0000
    endloop
endfacet
facet normal 0.0000 0.0000 10.0600
    outer loop
        vertex 1.3200 3.2400 4.0000
        vertex 1.3200 3.0000 4.0000
        vertex 1.3600 2.9400 4.0000
    endloop
endfacet
facet normal 0.0000 0.0000 10.3000
    outer loop
        vertex 1.1200 3.0400 4.0000
        vertex 1.3200 3.0000 4.0000
        vertex 1.3200 3.2400 4.0000
    endloop
endfacet
facet normal 0.0000 0.0000 11.0750
    outer loop
        vertex 1.3200 3.2400 4.0000
        vertex 0.4600 3.2400 4.0000
        vertex 1.1200 3.0400 4.0000
    endloop
endfacet
facet normal 0.0000 0.0000 10.3900
    outer loop
        vertex 0.9400 3.0000 4.0000
        vertex 1.1200 3.0400 4.0000
        vertex 0.4600 3.2400 4.0000
    endloop
endfacet
facet normal 0.0000 0.0000 10.5700
    outer loop
        vertex 0.4600 3.2400 4.0000
        vertex 0.6000 2.9800 4.0000
        vertex 0.9400 3.0000 4.0000
    endloop
endfacet
facet normal 0.0000 0.0000 10.0925
    outer loop
        vertex 0.9400 3.0000 4.0000
        vertex 0.6000 2.9800 4.0000
        vertex 0.6600 2.9400 4.0000
    endloop
endfacet
facet normal 0.0000 0.0000 10.0900
    outer loop
        vertex 0.6600 2.9400 4.0000
        vertex 0.9000 2.9400 4.0000
        vertex 0.9400 3.0000 4.0000
    endloop
endfacet
facet normal 0.0000 0.0000 10.3000
    outer loop
        vertex 0.9000 2.9400 4.0000
        vertex 0.6600 2.9400 4.0000
        vertex 0.7000 2.7400 4.0000
    endloop
endfacet
facet normal 0.0000 0.0000 10.8500
    outer loop
        vertex 0.7000 2.7400 4.0000
        vertex 0.9000 2.2600 4.0000
        vertex 0.9000 2.9400 4.0000
    endloop
endfacet
facet normal 0.0000 0.0000 10.3450
    outer loop
        vertex 0.9000 2.2600 4.0000
        vertex 0.7000 2.7400 4.0000
        vertex 0.6600 2.5600 4.0000
    endloop
endfacet
facet normal 0.0000 0.0000 10.1725
    outer loop
        vertex 0.9000 2.2600 4.0000
        vertex 0.6600 2.5600 4.0000
        vertex 0.6000 2.5200 4.0000
    endloop
endfacet
facet normal 0.0000 0.0000 10.5475
    outer loop
        vertex 1.4200 3.4600 4.0000
        vertex 1.3800 3.2800 4.0000
        vertex 1.6400 2.2600 4.0000
    endloop
endfacet
facet normal 0.0000 0.0000 11.8700
    outer loop
        vertex 1.6400 2.2600 4.0000
        vertex 1.6400 3.6200 4.0000
        vertex 1.4200 3.4600 4.0000
    endloop
endfacet
facet normal 0.0000 0.0000 10.1100
    outer loop
        vertex 1.1200 4.3800 4.0000
        vertex 1.1800 4.4200 4.0000
        vertex 1.0400 4.6200 4.0000
    endloop
endfacet
facet normal 0.0000 0.0000 10.1600
    outer loop
        vertex 1.0800 4.1800 4.0000
        vertex 1.1200 4.3800 4.0000
        vertex 1.0400 4.6200 4.0000
    endloop
endfacet
facet normal 0.0000 0.0000 12.3200
    outer loop
        vertex 1.0400 4.6200 4.0000
        vertex 0.2800 3.7000 4.0000
        vertex 1.0800 4.1800 4.0000
    endloop
endfacet
facet normal 0.0000 0.0000 11.1400
    outer loop
        vertex 0.6600 3.7000 4.0000
        vertex 1.0800 4.1800 4.0000
        vertex 0.2800 3.7000 4.0000
    endloop
endfacet
facet normal 0.0000 0.0000 10.0950
    outer loop
        vertex 0.2800 3.7000 4.0000
        vertex 0.6000 3.6600 4.0000
        vertex 0.6600 3.7000 4.0000
    endloop
endfacet
facet normal 0.0000 0.0000 10.0625
    outer loop
        vertex 1.3200 3.7000 4.0000
        vertex 1.1800 3.9600 4.0000
        vertex 1.1200 4.0000 4.0000
    endloop
endfacet
facet normal 0.0000 0.0000 11.2375
    outer loop
        vertex 1.1200 4.0000 4.0000
        vertex 0.6600 3.7000 4.0000
        vertex 1.3200 3.7000 4.0000
    endloop
endfacet
facet normal 0.0000 0.0000 10.5925
    outer loop
        vertex 0.6600 3.7000 4.0000
        vertex 1.1200 4.0000 4.0000
        vertex 1.0800 4.1800 4.0000
    endloop
endfacet
facet normal 0.0000 0.0000 10.6500
    outer loop
        vertex 0.4000 3.3600 4.0000
        vertex 0.6000 3.6600 4.0000
        vertex 0.2800 3.7000 4.0000
    endloop
endfacet
facet normal 0.0000 0.0000 11.0500
    outer loop
        vertex 0.2800 3.7000 4.0000
        vertex 0.0400 2.9800 4.0000
        vertex 0.4000 3.3600 4.0000
    endloop
endfacet
facet normal 0.0000 0.0000 10.1800
    outer loop
        vertex 0.0400 2.9800 4.0000
        vertex 0.4000 3.2800 4.0000
        vertex 0.4000 3.3600 4.0000
    endloop
endfacet
facet normal 0.0000 0.0000 10.0625
    outer loop
        vertex 0.6000 2.9800 4.0000
        vertex 0.4600 3.2400 4.0000
        vertex 0.4000 3.2800 4.0000
    endloop
endfacet
facet normal 0.0000 0.0000 11.0500
    outer loop
        vertex 0.4000 3.2800 4.0000
        vertex 0.0400 2.9800 4.0000
        vertex 0.6000 2.9800 4.0000
    endloop
endfacet
facet normal 0.0000 0.0000 10.2100
    outer loop
        vertex -0.0200 2.9400 4.0000
        vertex 0.0400 2.9800 4.0000
        vertex 0.2800 3.7000 4.0000
    endloop
endfacet
facet normal 0.0000 0.0000 10.3875
    outer loop
        vertex -0.2200 2.6400 4.0000
        vertex -0.0200 2.9400 4.0000
        vertex 0.2800 3.7000 4.0000
    endloop
endfacet
facet normal 0.0000 0.0000 12.6175
    outer loop
        vertex 0.2800 3.7000 4.0000
        vertex -0.7000 2.4600 4.0000
        vertex -0.2200 2.6400 4.0000
    endloop
endfacet
facet normal 0.0000 0.0000 10.2400
    outer loop
        vertex -0.7000 2.4600 4.0000
        vertex -0.2200 2.5600 4.0000
        vertex -0.2200 2.6400 4.0000
    endloop
endfacet
facet normal 0.0000 0.0000 10.6925
    outer loop
        vertex -0.7200 1.9200 4.0000
        vertex 0.9400 2.2000 4.0000
        vertex 0.9000 2.2600 4.0000
    endloop
endfacet
facet normal 0.0000 0.0000 13.2700
    outer loop
        vertex 0.9000 2.2600 4.0000
        vertex 0.6000 2.5200 4.0000
        vertex -0.7200 1.9200 4.0000
    endloop
endfacet
facet normal 0.0000 0.0000 12.8500
    outer loop
        vertex -0.7200 1.9200 4.0000
        vertex 0.6000 2.5200 4.0000
        vertex -0.1600 2.5200 4.0000
    endloop
endfacet
facet normal 0.0000 0.0000 11.8150
    outer loop
        vertex -0.1600 2.5200 4.0000
        vertex -0.7000 2.4600 4.0000
        vertex -0.7200 1.9200 4.0000
    endloop
endfacet
facet normal 0.0000 0.0000 10.1575
    outer loop
        vertex -0.7000 2.4600 4.0000
        vertex -0.1600 2.5200 4.0000
        vertex -0.2200 2.5600 4.0000
    endloop
endfacet
facet normal 0.0000 0.0000 10.3350
    outer loop
        vertex -0.8200 1.9000 4.0000
        vertex -0.7200 1.9200 4.0000
        vertex -0.7000 2.4600 4.0000
    endloop
endfacet
facet normal 0.0000 0.0000 10.2650
    outer loop
        vertex -0.9000 1.8800 4.0000
        vertex -0.8200 1.9000 4.0000
        vertex -0.7000 2.4600 4.0000
    endloop
endfacet
facet normal 0.0000 0.0000 11.6300
    outer loop
        vertex -0.9000 1.8800 4.0000
        vertex -0.7000 2.4600 4.0000
        vertex -1.4600 1.5600 4.0000
    endloop
endfacet
facet normal 0.0000 0.0000 10.6400
    outer loop
        vertex -1.4600 1.5600 4.0000
        vertex -1.1400 1.5600 4.0000
        vertex -0.9000 1.8800 4.0000
    endloop
endfacet
facet normal 0.0000 0.0000 10.5100
    outer loop
        vertex -3.3800 0.4600 4.0000
        vertex -3.0400 0.4600 4.0000
        vertex -3.0200 0.7000 4.0000
    endloop
endfacet
facet normal 0.0000 0.0000 12.0700
    outer loop
        vertex -3.0200 0.7000 4.0000
        vertex -3.3800 1.3800 4.0000
        vertex -3.3800 0.4600 4.0000
    endloop
endfacet
facet normal 0.0000 0.0000 10.8850
    outer loop
        vertex -3.0200 0.7000 4.0000
        vertex -2.9600 0.9800 4.0000
        vertex -3.3800 1.3800 4.0000
    endloop
endfacet
facet normal 0.0000 0.0000 10.9300
    outer loop
        vertex -2.9600 0.9800 4.0000
        vertex -2.8400 1.2200 4.0000
        vertex -3.3800 1.3800 4.0000
    endloop
endfacet
facet normal 0.0000 0.0000 10.2700
    outer loop
        vertex -2.2800 1.4600 4.0000
        vertex -2.2200 1.3800 4.0000
        vertex -1.7400 1.4600 4.0000
    endloop
endfacet
facet normal 0.0000 0.0000 10.7425
    outer loop
        vertex -1.7400 1.4600 4.0000
        vertex -2.2000 1.6800 4.0000
        vertex -2.2800 1.4600 4.0000
    endloop
endfacet
facet normal 0.0000 0.0000 10.3800
    outer loop
        vertex -2.5200 1.5600 4.0000
        vertex -2.2800 1.4600 4.0000
        vertex -2.2000 1.6800 4.0000
    endloop
endfacet
facet normal 0.0000 0.0000 11.2100
    outer loop
        vertex -2.2000 1.6800 4.0000
        vertex -2.8000 2.0600 4.0000
        vertex -2.5200 1.5600 4.0000
    endloop
endfacet
facet normal 0.0000 0.0000 10.2850
    outer loop
        vertex -2.6000 1.5400 4.0000
        vertex -2.5200 1.5600 4.0000
        vertex -2.8000 2.0600 4.0000
    endloop
endfacet
facet normal 0.0000 0.0000 10.3600
    outer loop
        vertex -2.6800 1.4600 4.0000
        vertex -2.6000 1.5400 4.0000
        vertex -2.8000 2.0600 4.0000
    endloop
endfacet
facet normal 0.0000 0.0000 12.6850
    outer loop
        vertex -2.8000 2.0600 4.0000
        vertex -3.3800 1.3800 4.0000
        vertex -2.6800 1.4600 4.0000
    endloop
endfacet
facet normal 0.0000 0.0000 10.9700
    outer loop
        vertex -2.8400 1.2200 4.0000
        vertex -2.6800 1.4600 4.0000
        vertex -3.3800 1.3800 4.0000
    endloop
endfacet
facet normal 0.0000 0.0000 10.0800
    outer loop
        vertex -1.1000 1.5200 4.0000
        vertex -1.1400 1.5600 4.0000
        vertex -1.4600 1.5600 4.0000
    endloop
endfacet
facet normal 0.0000 0.0000 10.2500
    outer loop
        vertex -1.4600 1.5600 4.0000
        vertex -1.5600 1.4600 4.0000
        vertex -1.1000 1.5200 4.0000
    endloop
endfacet
facet normal 0.0000 0.0000 10.5325
    outer loop
        vertex -3.4200 1.4800 4.0000
        vertex -3.3800 1.3800 4.0000
        vertex -2.8000 2.0600 4.0000
    endloop
endfacet
facet normal 0.0000 0.0000 11.4675
    outer loop
        vertex -2.8000 2.0600 4.0000
        vertex -3.4400 1.8400 4.0000
        vertex -3.4200 1.4800 4.0000
    endloop
endfacet
facet normal 0.0000 0.0000 10.1725
    outer loop
        vertex -3.5000 1.5400 4.0000
        vertex -3.4200 1.4800 4.0000
        vertex -3.4400 1.8400 4.0000
    endloop
endfacet
facet normal 0.0000 0.0000 10.0975
    outer loop
        vertex -3.4400 1.8400 4.0000
        vertex -3.5000 1.8000 4.0000
        vertex -3.5000 1.5400 4.0000
    endloop
endfacet
facet normal 0.0000 0.0000 10.4550
    outer loop
        vertex -3.7800 1.5400 4.0000
        vertex -3.5000 1.5400 4.0000
        vertex -3.5000 1.8000 4.0000
    endloop
endfacet
facet normal 0.0000 0.0000 11.1700
    outer loop
        vertex -3.5000 1.8000 4.0000
        vertex -4.2200 1.8000 4.0000
        vertex -3.7800 1.5400 4.0000
    endloop
endfacet
facet normal 0.0000 0.0000 10.2950
    outer loop
        vertex -3.8600 1.4800 4.0000
        vertex -3.7800 1.5400 4.0000
        vertex -4.2200 1.8000 4.0000
    endloop
endfacet
facet normal 0.0000 0.0000 11.2950
    outer loop
        vertex -4.2200 1.8000 4.0000
        vertex -4.4400 1.4200 4.0000
        vertex -3.8600 1.4800 4.0000
    endloop
endfacet
facet normal 0.0000 0.0000 10.3475
    outer loop
        vertex -3.9000 1.3800 4.0000
        vertex -3.8600 1.4800 4.0000
        vertex -4.4400 1.4200 4.0000
    endloop
endfacet
facet normal 0.0000 0.0000 11.8500
    outer loop
        vertex -4.4400 1.4200 4.0000
        vertex -4.2800 0.8600 4.0000
        vertex -3.9000 1.3800 4.0000
    endloop
endfacet
facet normal 0.0000 0.0000 12.1850
    outer loop
        vertex -3.9000 0.4600 4.0000
        vertex -3.9000 1.3800 4.0000
        vertex -4.2800 0.8600 4.0000
    endloop
endfacet
facet normal 0.0000 0.0000 10.6000
    outer loop
        vertex -4.2800 0.8600 4.0000
        vertex -4.1400 0.4600 4.0000
        vertex -3.9000 0.4600 4.0000
    endloop
endfacet
facet normal 0.0000 0.0000 10.6650
    outer loop
        vertex -3.4400 1.8400 4.0000
        vertex -2.8000 2.0600 4.0000
        vertex -3.4000 2.0200 4.0000
    endloop
endfacet
facet normal 0.0000 0.0000 10.7600
    outer loop
        vertex -3.4400 2.2200 4.0000
        vertex -3.4000 2.0200 4.0000
        vertex -2.8000 2.0600 4.0000
    endloop
endfacet
facet normal 0.0000 0.0000 11.1600
    outer loop
        vertex -2.8000 2.0600 4.0000
        vertex -3.4000 2.5000 4.0000
        vertex -3.4400 2.2200 4.0000
    endloop
endfacet
facet normal 0.0000 0.0000 10.1150
    outer loop
        vertex -3.4400 2.2200 4.0000
        vertex -3.4000 2.5000 4.0000
        vertex -3.5000 2.2600 4.0000
    endloop
endfacet
facet normal 0.0000 0.0000 10.9500
    outer loop
        vertex -3.5000 2.2600 4.0000
        vertex -3.4000 2.5000 4.0000
        vertex -4.0000 2.5800 4.0000
    endloop
endfacet
facet normal 0.0000 0.0000 10.3700
    outer loop
        vertex -4.0000 2.5800 4.0000
        vertex -4.0600 2.5000 4.0000
        vertex -3.5000 2.2600 4.0000
    endloop
endfacet
facet normal 0.0000 0.0000 10.2500
    outer loop
        vertex -3.5000 2.2600 4.0000
        vertex -4.0600 2.5000 4.0000
        vertex -4.1800 2.4800 4.0000
    endloop
endfacet
facet normal 0.0000 0.0000 11.0450
    outer loop
        vertex -4.1800 2.4800 4.0000
        vertex -4.2600 2.2600 4.0000
        vertex -3.5000 2.2600 4.0000
    endloop
endfacet
facet normal 0.0000 0.0000 10.2125
    outer loop
        vertex -4.2600 2.2600 4.0000
        vertex -4.1800 2.4800 4.0000
        vertex -4.3200 2.5200 4.0000
    endloop
endfacet
facet normal 0.0000 0.0000 10.1125
    outer loop
        vertex -4.3200 2.5200 4.0000
        vertex -4.3200 2.2200 4.0000
        vertex -4.2600 2.2600 4.0000
    endloop
endfacet
facet normal 0.0000 0.0000 10.6000
    outer loop
        vertex -4.3200 2.2200 4.0000
        vertex -4.3200 2.5200 4.0000
        vertex -4.6400 2.3400 4.0000
    endloop
endfacet
facet normal 0.0000 0.0000 10.4150
    outer loop
        vertex -4.6400 2.3400 4.0000
        vertex -4.3400 2.0200 4.0000
        vertex -4.3200 2.2200 4.0000
    endloop
endfacet
facet normal 0.0000 0.0000 10.1975
    outer loop
        vertex -4.4400 1.4200 4.0000
        vertex -4.2200 1.8000 4.0000
        vertex -4.2800 1.8400 4.0000
    endloop
endfacet
facet normal 0.0000 0.0000 10.3375
    outer loop
        vertex -4.4400 1.4200 4.0000
        vertex -4.2800 1.8400 4.0000
        vertex -4.3400 2.0200 4.0000
    endloop
endfacet
facet normal 0.0000 0.0000 11.3250
    outer loop
        vertex -4.3400 2.0200 4.0000
        vertex -4.6400 2.3400 4.0000
        vertex -4.4400 1.4200 4.0000
    endloop
endfacet
facet normal 0.0000 0.0000 10.3850
    outer loop
        vertex -3.9800 2.6800 4.0000
        vertex -4.0000 2.5800 4.0000
        vertex -3.4000 2.5000 4.0000
    endloop
endfacet
facet normal 0.0000 0.0000 11.1000
    outer loop
        vertex -3.4000 2.5000 4.0000
        vertex -3.8400 2.9400 4.0000
        vertex -3.9800 2.6800 4.0000
    endloop
endfacet
facet normal 0.0000 0.0000 10.1850
    outer loop
        vertex -3.9800 2.6800 4.0000
        vertex -3.8400 2.9400 4.0000
        vertex -4.0400 2.7800 4.0000
    endloop
endfacet
facet normal 0.0000 0.0000 10.4250
    outer loop
        vertex -4.2400 2.9600 4.0000
        vertex -4.0400 2.7800 4.0000
        vertex -3.8400 2.9400 4.0000
    endloop
endfacet
facet normal 0.0000 0.0000 11.0975
    outer loop
        vertex -3.8400 2.9400 4.0000
        vertex -4.2600 3.4000 4.0000
        vertex -4.2400 2.9600 4.0000
    endloop
endfacet
facet normal 0.0000 0.0000 10.3275
    outer loop
        vertex -4.3600 2.9800 4.0000
        vertex -4.2400 2.9600 4.0000
        vertex -4.2600 3.4000 4.0000
    endloop
endfacet
facet normal 0.0000 0.0000 11.0775
    outer loop
        vertex -4.2600 3.4000 4.0000
        vertex -4.5800 3.7800 4.0000
        vertex -4.3600 2.9800 4.0000
    endloop
endfacet
facet normal 0.0000 0.0000 10.5550
    outer loop
        vertex -4.4600 2.9400 4.0000
        vertex -4.3600 2.9800 4.0000
        vertex -4.5800 3.7800 4.0000
    endloop
endfacet
facet normal 0.0000 0.0000 11.6350
    outer loop
        vertex -4.5800 3.7800 4.0000
        vertex -4.9000 3.8400 4.0000
        vertex -4.4600 2.9400 4.0000
    endloop
endfacet
facet normal 0.0000 0.0000 10.2100
    outer loop
        vertex -4.5800 3.7800 4.0000
        vertex -4.6600 3.9000 4.0000
        vertex -4.9000 3.8400 4.0000
    endloop
endfacet
facet normal 0.0000 0.0000 10.3125
    outer loop
        vertex -4.6400 2.3400 4.0000
        vertex -4.3200 2.5200 4.0000
        vertex -4.4200 2.6200 4.0000
    endloop
endfacet
facet normal 0.0000 0.0000 10.3325
    outer loop
        vertex -4.6400 2.3400 4.0000
        vertex -4.4200 2.6200 4.0000
        vertex -4.5000 2.7600 4.0000
    endloop
endfacet
facet normal 0.0000 0.0000 10.1500
    outer loop
        vertex -4.9000 3.8400 4.0000
        vertex -4.6600 3.9000 4.0000
        vertex -4.6600 4.0000 4.0000
    endloop
endfacet
facet normal 0.0000 0.0000 11.2100
    outer loop
        vertex -4.6600 4.0000 4.0000
        vertex -5.0000 4.5800 4.0000
        vertex -4.9000 3.8400 4.0000
    endloop
endfacet
facet normal 0.0000 0.0000 10.4725
    outer loop
        vertex -5.0000 4.5800 4.0000
        vertex -4.6600 4.0000 4.0000
        vertex -4.6000 4.1200 4.0000
    endloop
endfacet
facet normal 0.0000 0.0000 11.0050
    outer loop
        vertex -4.6000 4.1200 4.0000
        vertex -4.7200 4.6600 4.0000
        vertex -5.0000 4.5800 4.0000
    endloop
endfacet
facet normal 0.0000 0.0000 10.3750
    outer loop
        vertex -4.6000 4.1200 4.0000
        vertex -4.6000 4.6200 4.0000
        vertex -4.7200 4.6600 4.0000
    endloop
endfacet
facet normal 0.0000 0.0000 10.1950
    outer loop
        vertex -5.0000 4.5800 4.0000
        vertex -4.7200 4.6600 4.0000
        vertex -4.7600 4.7600 4.0000
    endloop
endfacet
facet normal 0.0000 0.0000 10.4725
    outer loop
        vertex -4.7600 4.7600 4.0000
        vertex -5.0200 4.8800 4.0000
        vertex -5.0000 4.5800 4.0000
    endloop
endfacet
facet normal 0.0000 0.0000 10.2750
    outer loop
        vertex -5.0200 4.8800 4.0000
        vertex -4.7600 4.7600 4.0000
        vertex -4.7400 4.9200 4.0000
    endloop
endfacet
facet normal 0.0000 0.0000 10.1700
    outer loop
        vertex -4.7400 4.9200 4.0000
        vertex -5.0000 4.9800 4.0000
        vertex -5.0200 4.8800 4.0000
    endloop
endfacet
facet normal 0.0000 0.0000 10.3450
    outer loop
        vertex -5.0000 4.9800 4.0000
        vertex -4.7400 4.9200 4.0000
        vertex -4.6000 5.1000 4.0000
    endloop
endfacet
facet normal 0.0000 0.0000 10.9600
    outer loop
        vertex -4.6000 5.1000 4.0000
        vertex -4.2800 5.5800 4.0000
        vertex -5.0000 4.9800 4.0000
    endloop
endfacet
facet normal 0.0000 0.0000 10.3500
    outer loop
        vertex -3.8800 4.9800 4.0000
        vertex -3.8800 5.3800 4.0000
        vertex -4.0200 5.3600 4.0000
    endloop
endfacet
facet normal 0.0000 0.0000 10.7900
    outer loop
        vertex -4.0200 5.3600 4.0000
        vertex -4.2200 5.0000 4.0000
        vertex -3.8800 4.9800 4.0000
    endloop
endfacet
facet normal 0.0000 0.0000 10.5000
    outer loop
        vertex -4.2200 5.0000 4.0000
        vertex -4.0200 5.3600 4.0000
        vertex -4.2200 5.4000 4.0000
    endloop
endfacet
facet normal 0.0000 0.0000 10.2500
    outer loop
        vertex -4.2200 5.4000 4.0000
        vertex -4.3200 5.1000 4.0000
        vertex -4.2200 5.0000 4.0000
    endloop
endfacet
facet normal 0.0000 0.0000 10.1625
    outer loop
        vertex -4.3200 5.1000 4.0000
        vertex -4.2200 5.4000 4.0000
        vertex -4.2800 5.4800 4.0000
    endloop
endfacet
facet normal 0.0000 0.0000 10.3900
    outer loop
        vertex -4.2800 5.4800 4.0000
        vertex -4.4800 5.1400 4.0000
        vertex -4.3200 5.1000 4.0000
    endloop
endfacet
facet normal 0.0000 0.0000 10.1250
    outer loop
        vertex -4.4800 5.1400 4.0000
        vertex -4.2800 5.4800 4.0000
        vertex -4.2800 5.5800 4.0000
    endloop
endfacet
facet normal 0.0000 0.0000 10.2800
    outer loop
        vertex -4.2800 5.5800 4.0000
        vertex -4.6000 5.1000 4.0000
        vertex -4.4800 5.1400 4.0000
    endloop
endfacet
facet normal 0.0000 0.0000 12.1000
    outer loop
        vertex -4.3600 5.9800 4.0000
        vertex -5.0000 4.9800 4.0000
        vertex -4.2800 5.5800 4.0000
    endloop
endfacet
facet normal 0.0000 0.0000 10.1500
    outer loop
        vertex -4.2800 5.5800 4.0000
        vertex -4.2400 5.6800 4.0000
        vertex -4.3600 5.9800 4.0000
    endloop
endfacet
facet normal 0.0000 0.0000 10.2475
    outer loop
        vertex -4.2400 5.6800 4.0000
        vertex -4.1400 5.7600 4.0000
        vertex -4.3600 5.9800 4.0000
    endloop
endfacet
facet normal 0.0000 0.0000 10.2850
    outer loop
        vertex -3.2800 6.1600 4.0000
        vertex -2.8400 6.2000 4.0000
        vertex -3.1000 6.2800 4.0000
    endloop
endfacet
facet normal 0.0000 0.0000 10.1850
    outer loop
        vertex -2.8400 6.2000 4.0000
        vertex -3.2800 6.1600 4.0000
        vertex -3.4200 6.0800 4.0000
    endloop
endfacet
facet normal 0.0000 0.0000 11.1125
    outer loop
        vertex -3.4200 6.0800 4.0000
        vertex -3.5800 5.7400 4.0000
        vertex -2.8400 6.2000 4.0000
    endloop
endfacet
facet normal 0.0000 0.0000 10.1450
    outer loop
        vertex -3.5800 5.7400 4.0000
        vertex -3.4200 6.0800 4.0000
        vertex -3.6200 5.8000 4.0000
    endloop
endfacet
facet normal 0.0000 0.0000 10.2450
    outer loop
        vertex -3.7600 5.8000 4.0000
        vertex -3.6200 5.8000 4.0000
        vertex -3.4200 6.0800 4.0000
    endloop
endfacet
facet normal 0.0000 0.0000 11.4325
    outer loop
        vertex -3.4200 6.0800 4.0000
        vertex -4.3600 5.9800 4.0000
        vertex -3.7600 5.8000 4.0000
    endloop
endfacet
facet normal 0.0000 0.0000 10.5775
    outer loop
        vertex -4.1400 5.7600 4.0000
        vertex -3.7600 5.8000 4.0000
        vertex -4.3600 5.9800 4.0000
    endloop
endfacet
facet normal 0.0000 0.0000 10.2550
    outer loop
        vertex -2.8400 6.2000 4.0000
        vertex -3.5800 5.7400 4.0000
        vertex -3.6200 5.6600 4.0000
    endloop
endfacet
facet normal 0.0000 0.0000 12.4375
    outer loop
        vertex -3.6200 5.6600 4.0000
        vertex -3.8800 4.9800 4.0000
        vertex -2.8400 6.2000 4.0000
    endloop
endfacet
facet normal 0.0000 0.0000 10.6500
    outer loop
        vertex -3.8800 4.9800 4.0000
        vertex -3.6200 5.6600 4.0000
        vertex -3.8800 5.3800 4.0000
    endloop
endfacet
facet normal 0.0000 0.0000 10.7575
    outer loop
        vertex -3.8800 4.9800 4.0000
        vertex -4.2200 5.0000 4.0000
        vertex -4.5000 4.6600 4.0000
    endloop
endfacet
facet normal 0.0000 0.0000 11.8925
    outer loop
        vertex -4.5000 4.6600 4.0000
        vertex -4.6000 4.1200 4.0000
        vertex -3.8800 4.9800 4.0000
    endloop
endfacet
facet normal 0.0000 0.0000 10.3125
    outer loop
        vertex -4.6000 4.1200 4.0000
        vertex -4.5000 4.6600 4.0000
        vertex -4.6000 4.6200 4.0000
    endloop
endfacet
facet normal 0.0000 0.0000 10.2575
    outer loop
        vertex -2.8400 6.2000 4.0000
        vertex -3.0400 6.4200 4.0000
        vertex -3.1000 6.2800 4.0000
    endloop
endfacet
facet normal 0.0000 0.0000 10.0975
    outer loop
        vertex -2.8400 6.2000 4.0000
        vertex -3.0600 6.5200 4.0000
        vertex -3.0400 6.4200 4.0000
    endloop
endfacet
facet normal 0.0000 0.0000 11.3575
    outer loop
        vertex 0.2600 5.9400 4.0000
        vertex 0.7400 6.0400 4.0000
        vertex 0.2000 6.3800 4.0000
    endloop
endfacet
facet normal 0.0000 0.0000 11.0425
    outer loop
        vertex 0.2000 6.3800 4.0000
        vertex -0.1600 6.2400 4.0000
        vertex 0.2600 5.9400 4.0000
    endloop
endfacet
facet normal 0.0000 0.0000 11.1150
    outer loop
        vertex -0.1600 6.2400 4.0000
        vertex 0.2000 6.3800 4.0000
        vertex -0.2000 6.7200 4.0000
    endloop
endfacet
facet normal 0.0000 0.0000 11.1100
    outer loop
        vertex -0.2000 6.7200 4.0000
        vertex -0.5600 6.6000 4.0000
        vertex -0.1600 6.2400 4.0000
    endloop
endfacet
facet normal 0.0000 0.0000 11.2450
    outer loop
        vertex -0.5600 6.6000 4.0000
        vertex -0.2000 6.7200 4.0000
        vertex -0.6000 7.1400 4.0000
    endloop
endfacet
facet normal 0.0000 0.0000 10.8025
    outer loop
        vertex -0.6000 7.1400 4.0000
        vertex -0.8200 6.9000 4.0000
        vertex -0.5600 6.6000 4.0000
    endloop
endfacet
facet normal 0.0000 0.0000 10.6300
    outer loop
        vertex -0.8200 6.9000 4.0000
        vertex -0.6000 7.1400 4.0000
        vertex -0.8000 7.3800 4.0000
    endloop
endfacet
facet normal 0.0000 0.0000 10.6975
    outer loop
        vertex -0.8000 7.3800 4.0000
        vertex -1.0400 7.2000 4.0000
        vertex -0.8200 6.9000 4.0000
    endloop
endfacet
facet normal 0.0000 0.0000 10.2200
    outer loop
        vertex -0.8000 7.3800 4.0000
        vertex -0.8400 7.4800 4.0000
        vertex -1.1600 7.4000 4.0000
    endloop
endfacet
facet normal 0.0000 0.0000 10.4350
    outer loop
        vertex -1.1600 7.4000 4.0000
        vertex -1.0400 7.2000 4.0000
        vertex -0.8000 7.3800 4.0000
    endloop
endfacet
facet normal 0.0000 0.0000 10.1600
    outer loop
        vertex -1.1600 7.4000 4.0000
        vertex -0.8400 7.4800 4.0000
        vertex -0.8400 7.5600 4.0000
    endloop
endfacet
facet normal 0.0000 0.0000 10.4400
    outer loop
        vertex -0.8400 7.5600 4.0000
        vertex -1.2400 7.5800 4.0000
        vertex -1.1600 7.4000 4.0000
    endloop
endfacet
facet normal 0.0000 0.0000 10.2500
    outer loop
        vertex -1.2400 7.6800 4.0000
        vertex -1.2400 7.5800 4.0000
        vertex -0.8400 7.5600 4.0000
    endloop
endfacet
facet normal 0.0000 0.0000 10.2100
    outer loop
        vertex -0.8400 7.5600 4.0000
        vertex -1.1600 7.7400 4.0000
        vertex -1.2400 7.6800 4.0000
    endloop
endfacet
facet normal 0.0000 0.0000 10.1700
    outer loop
        vertex -1.0800 7.7800 4.0000
        vertex -1.1600 7.7400 4.0000
        vertex -0.8400 7.5600 4.0000
    endloop
endfacet
facet normal 0.0000 0.0000 10.2025
    outer loop
        vertex -0.8400 7.5600 4.0000
        vertex -0.7800 7.6400 4.0000
        vertex -1.0800 7.7800 4.0000
    endloop
endfacet
facet normal 0.0000 0.0000 10.1475
    outer loop
        vertex -1.0400 7.8400 4.0000
        vertex -1.0800 7.7800 4.0000
        vertex -0.7800 7.6400 4.0000
    endloop
endfacet
facet normal 0.0000 0.0000 11.7400
    outer loop
        vertex -0.7800 7.6400 4.0000
        vertex -0.4800 8.4800 4.0000
        vertex -1.0400 7.8400 4.0000
    endloop
endfacet
facet normal 0.0000 0.0000 10.5325
    outer loop
        vertex 0.0400 9.1600 4.0000
        vertex -0.0800 8.9000 4.0000
        vertex 0.2200 8.8400 4.0000
    endloop
endfacet
facet normal 0.0000 0.0000 10.2275
    outer loop
        vertex 0.2200 8.8400 4.0000
        vertex 0.3000 8.9000 4.0000
        vertex 0.0400 9.1600 4.0000
    endloop
endfacet
facet normal 0.0000 0.0000 10.4875
    outer loop
        vertex -0.2800 8.6800 4.0000
        vertex 0.2200 8.8400 4.0000
        vertex -0.0800 8.9000 4.0000
    endloop
endfacet
facet normal 0.0000 0.0000 10.4250
    outer loop
        vertex 0.2200 8.8400 4.0000
        vertex -0.2800 8.6800 4.0000
        vertex -0.4800 8.4800 4.0000
    endloop
endfacet
facet normal 0.0000 0.0000 13.0000
    outer loop
        vertex -0.4800 8.4800 4.0000
        vertex -0.7800 7.6400 4.0000
        vertex 0.2200 8.8400 4.0000
    endloop
endfacet
facet normal 0.0000 0.0000 10.3600
    outer loop
        vertex -1.0400 7.8400 4.0000
        vertex -0.4800 8.4800 4.0000
        vertex -1.0600 7.9200 4.0000
    endloop
endfacet
facet normal 0.0000 0.0000 10.3000
    outer loop
        vertex 1.3800 6.0400 4.0000
        vertex 1.9800 6.2600 4.0000
        vertex 1.9800 6.3400 4.0000
    endloop
endfacet
facet normal 0.0000 0.0000 11.1625
    outer loop
        vertex 1.9800 6.3400 4.0000
        vertex 1.8400 6.5800 4.0000
        vertex 1.3800 6.0400 4.0000
    endloop
endfacet
facet normal 0.0000 0.0000 10.4450
    outer loop
        vertex 1.8400 6.5800 4.0000
        vertex 1.9800 6.3400 4.0000
        vertex 2.1600 6.5400 4.0000
    endloop
endfacet
facet normal 0.0000 0.0000 11.1000
    outer loop
        vertex 2.1600 6.5400 4.0000
        vertex 2.2400 7.0800 4.0000
        vertex 1.8400 6.5800 4.0000
    endloop
endfacet
facet normal 0.0000 0.0000 10.2400
    outer loop
        vertex 2.2400 7.0800 4.0000
        vertex 2.1600 6.5400 4.0000
        vertex 2.2400 6.6000 4.0000
    endloop
endfacet
facet normal 0.0000 0.0000 10.2400
    outer loop
        vertex 2.2400 6.6000 4.0000
        vertex 2.3200 7.2000 4.0000
        vertex 2.2400 7.0800 4.0000
    endloop
endfacet
facet normal 0.0000 0.0000 10.3650
    outer loop
        vertex 2.3200 7.2000 4.0000
        vertex 2.2400 6.6000 4.0000
        vertex 2.3400 6.6200 4.0000
    endloop
endfacet
facet normal 0.0000 0.0000 10.0825
    outer loop
        vertex 2.3400 6.6200 4.0000
        vertex 2.3400 7.2800 4.0000
        vertex 2.3200 7.2000 4.0000
    endloop
endfacet
facet normal 0.0000 0.0000 12.4750
    outer loop
        vertex 2.3400 7.2800 4.0000
        vertex 2.3400 6.6200 4.0000
        vertex 2.9400 7.3600 4.0000
    endloop
endfacet
facet normal 0.0000 0.0000 10.8650
    outer loop
        vertex 2.9400 7.3600 4.0000
        vertex 2.5600 7.5400 4.0000
        vertex 2.3400 7.2800 4.0000
    endloop
endfacet
facet normal 0.0000 0.0000 10.2025
    outer loop
        vertex 2.3000 7.3800 4.0000
        vertex 2.3400 7.2800 4.0000
        vertex 2.5600 7.5400 4.0000
    endloop
endfacet
facet normal 0.0000 0.0000 10.8425
    outer loop
        vertex 2.5600 7.5400 4.0000
        vertex 2.1400 7.8000 4.0000
        vertex 2.3000 7.3800 4.0000
    endloop
endfacet
facet normal 0.0000 0.0000 10.3200
    outer loop
        vertex 2.1400 7.4800 4.0000
        vertex 2.3000 7.3800 4.0000
        vertex 2.1400 7.8000 4.0000
    endloop
endfacet
facet normal 0.0000 0.0000 11.0400
    outer loop
        vertex 2.1400 7.8000 4.0000
        vertex 1.6200 7.8400 4.0000
        vertex 2.1400 7.4800 4.0000
    endloop
endfacet
facet normal 0.0000 0.0000 11.1100
    outer loop
        vertex 1.6200 7.8400 4.0000
        vertex 2.1400 7.8000 4.0000
        vertex 1.6400 8.1800 4.0000
    endloop
endfacet
facet normal 0.0000 0.0000 10.9325
    outer loop
        vertex 1.6400 8.1800 4.0000
        vertex 1.2000 8.1600 4.0000
        vertex 1.6200 7.8400 4.0000
    endloop
endfacet
facet normal 0.0000 0.0000 10.9875
    outer loop
        vertex 1.2000 8.1600 4.0000
        vertex 1.6400 8.1800 4.0000
        vertex 1.2200 8.5200 4.0000
    endloop
endfacet
facet normal 0.0000 0.0000 11.0400
    outer loop
        vertex 1.2200 8.5200 4.0000
        vertex 0.7600 8.5600 4.0000
        vertex 1.2000 8.1600 4.0000
    endloop
endfacet
facet normal 0.0000 0.0000 10.8350
    outer loop
        vertex 0.7600 8.5600 4.0000
        vertex 1.2200 8.5200 4.0000
        vertex 0.8800 8.8400 4.0000
    endloop
endfacet
facet normal 0.0000 0.0000 10.5150
    outer loop
        vertex 0.8800 8.8400 4.0000
        vertex 0.5600 8.7800 4.0000
        vertex 0.7600 8.5600 4.0000
    endloop
endfacet
facet normal 0.0000 0.0000 10.8800
    outer loop
        vertex 0.5600 8.7800 4.0000
        vertex 0.8800 8.8400 4.0000
        vertex 0.5600 9.2200 4.0000
    endloop
endfacet
facet normal 0.0000 0.0000 10.2200
    outer loop
        vertex 0.5600 9.2200 4.0000
        vertex 0.4800 8.8800 4.0000
        vertex 0.5600 8.7800 4.0000
    endloop
endfacet
facet normal 0.0000 0.0000 10.1900
    outer loop
        vertex 0.4800 8.8800 4.0000
        vertex 0.5600 9.2200 4.0000
        vertex 0.4000 8.9200 4.0000
    endloop
endfacet
facet normal 0.0000 0.0000 10.1675
    outer loop
        vertex 0.3000 8.9000 4.0000
        vertex 0.4000 8.9200 4.0000
        vertex 0.5600 9.2200 4.0000
    endloop
endfacet
facet normal 0.0000 0.0000 10.9425
    outer loop
        vertex 0.5600 9.2200 4.0000
        vertex 0.0400 9.1600 4.0000
        vertex 0.3000 8.9000 4.0000
    endloop
endfacet
facet normal 0.0000 0.0000 10.3825
    outer loop
        vertex 0.0400 9.1600 4.0000
        vertex 0.5600 9.2200 4.0000
        vertex 0.0600 9.2800 4.0000
    endloop
endfacet
facet normal 0.0000 0.0000 10.5550
    outer loop
        vertex 0.0400 9.4600 4.0000
        vertex 0.0600 9.2800 4.0000
        vertex 0.5600 9.2200 4.0000
    endloop
endfacet
facet normal 0.0000 0.0000 10.8450
    outer loop
        vertex 0.5600 9.2200 4.0000
        vertex 0.3000 9.6000 4.0000
        vertex 0.0400 9.4600 4.0000
    endloop
endfacet
facet normal 0.0000 0.0000 10.2150
    outer loop
        vertex -0.0200 9.5600 4.0000
        vertex 0.0400 9.4600 4.0000
        vertex 0.3000 9.6000 4.0000
    endloop
endfacet
facet normal 0.0000 0.0000 10.2100
    outer loop
        vertex 0.3000 9.6000 4.0000
        vertex 0.2600 9.7000 4.0000
        vertex -0.0200 9.5600 4.0000
    endloop
endfacet
facet normal 0.0000 0.0000 10.2100
    outer loop
        vertex -0.0600 9.6600 4.0000
        vertex -0.0200 9.5600 4.0000
        vertex 0.2600 9.7000 4.0000
    endloop
endfacet
facet normal 0.0000 0.0000 10.1650
    outer loop
        vertex 0.2600 9.7000 4.0000
        vertex -0.0800 9.7400 4.0000
        vertex -0.0600 9.6600 4.0000
    endloop
endfacet
facet normal 0.0000 0.0000 10.1275
    outer loop
        vertex -0.0800 9.7400 4.0000
        vertex 0.2600 9.7000 4.0000
        vertex 0.2600 9.7600 4.0000
    endloop
endfacet
facet normal 0.0000 0.0000 10.2075
    outer loop
        vertex 0.2600 9.7600 4.0000
        vertex -0.0400 9.8400 4.0000
        vertex -0.0800 9.7400 4.0000
    endloop
endfacet
facet normal 0.0000 0.0000 10.1700
    outer loop
        vertex 0.2600 9.7600 4.0000
        vertex 0.3000 9.8400 4.0000
        vertex -0.0400 9.8400 4.0000
    endloop
endfacet
facet normal 0.0000 0.0000 10.9775
    outer loop
        vertex -0.0400 9.8400 4.0000
        vertex 0.3000 9.8400 4.0000
        vertex 0.6800 10.3000 4.0000
    endloop
endfacet
facet normal 0.0000 0.0000 13.4600
    outer loop
        vertex 0.6800 10.3000 4.0000
        vertex 1.4800 11.5800 4.0000
        vertex -0.0400 9.8400 4.0000
    endloop
endfacet
facet normal 0.0000 0.0000 11.4000
    outer loop
        vertex 0.6800 10.3000 4.0000
        vertex 1.2800 10.9800 4.0000
        vertex 1.4800 11.5800 4.0000
    endloop
endfacet
facet normal 0.0000 0.0000 10.8000
    outer loop
        vertex 1.2800 10.9800 4.0000
        vertex 1.6200 11.3600 4.0000
        vertex 1.4800 11.5800 4.0000
    endloop
endfacet
facet normal 0.0000 0.0000 10.1800
    outer loop
        vertex 1.4800 11.5800 4.0000
        vertex 1.6200 11.3600 4.0000
        vertex 1.7000 11.4400 4.0000
    endloop
endfacet
facet normal 0.0000 0.0000 10.1725
    outer loop
        vertex 1.7000 11.4400 4.0000
        vertex 1.5200 11.6800 4.0000
        vertex 1.4800 11.5800 4.0000
    endloop
endfacet
facet normal 0.0000 0.0000 10.0625
    outer loop
        vertex 2.3000 11.4800 4.0000
        vertex 2.4800 11.5000 4.0000
        vertex 2.5200 11.5600 4.0000
    endloop
endfacet
facet normal 0.0000 0.0000 10.0925
    outer loop
        vertex 2.5200 11.5600 4.0000
        vertex 2.5000 11.6200 4.0000
        vertex 2.3000 11.4800 4.0000
    endloop
endfacet
facet normal 0.0000 0.0000 10.2450
    outer loop
        vertex 2.0200 11.4800 4.0000
        vertex 2.3000 11.4800 4.0000
        vertex 2.5000 11.6200 4.0000
    endloop
endfacet
facet normal 0.0000 0.0000 10.2400
    outer loop
        vertex 2.5000 11.6200 4.0000
        vertex 2.5000 11.7000 4.0000
        vertex 2.0200 11.4800 4.0000
    endloop
endfacet
facet normal 0.0000 0.0000 10.2250
    outer loop
        vertex 1.9000 11.5000 4.0000
        vertex 2.0200 11.4800 4.0000
        vertex 2.5000 11.7000 4.0000
    endloop
endfacet
facet normal 0.0000 0.0000 10.2500
    outer loop
        vertex 2.5000 11.7000 4.0000
        vertex 2.5400 11.7800 4.0000
        vertex 1.9000 11.5000 4.0000
    endloop
endfacet
facet normal 0.0000 0.0000 11.3850
    outer loop
        vertex 1.9000 11.5000 4.0000
        vertex 2.5400 11.7800 4.0000
        vertex 1.5200 11.6800 4.0000
    endloop
endfacet
facet normal 0.0000 0.0000 10.1600
    outer loop
        vertex 1.5200 11.6800 4.0000
        vertex 1.8000 11.4800 4.0000
        vertex 1.9000 11.5000 4.0000
    endloop
endfacet
facet normal 0.0000 0.0000 10.1950
    outer loop
        vertex 1.7000 11.4400 4.0000
        vertex 1.8000 11.4800 4.0000
        vertex 1.5200 11.6800 4.0000
    endloop
endfacet
facet normal 0.0000 0.0000 10.5350
    outer loop
        vertex 1.5200 11.6800 4.0000
        vertex 2.5400 11.7800 4.0000
        vertex 1.4800 11.7600 4.0000
    endloop
endfacet
facet normal 0.0000 0.0000 10.0450
    outer loop
        vertex 2.6000 11.0800 4.0000
        vertex 2.6400 11.1800 4.0000
        vertex 2.6000 11.2600 4.0000
    endloop
endfacet
facet normal 0.0000 0.0000 10.0900
    outer loop
        vertex 2.6000 11.2600 4.0000
        vertex 2.5200 11.2800 4.0000
        vertex 2.6000 11.0800 4.0000
    endloop
endfacet
facet normal 0.0000 0.0000 10.1600
    outer loop
        vertex 2.6000 11.0800 4.0000
        vertex 2.5200 11.2800 4.0000
        vertex 2.4000 11.2600 4.0000
    endloop
endfacet
facet normal 0.0000 0.0000 10.1675
    outer loop
        vertex 2.4000 11.2600 4.0000
        vertex 2.5400 11.0000 4.0000
        vertex 2.6000 11.0800 4.0000
    endloop
endfacet
facet normal 0.0000 0.0000 10.3450
    outer loop
        vertex 2.5400 11.0000 4.0000
        vertex 2.4000 11.2600 4.0000
        vertex 2.2200 11.2000 4.0000
    endloop
endfacet
facet normal 0.0000 0.0000 10.2250
    outer loop
        vertex 2.2200 11.2000 4.0000
        vertex 2.5200 10.9000 4.0000
        vertex 2.5400 11.0000 4.0000
    endloop
endfacet
facet normal 0.0000 0.0000 10.2625
    outer loop
        vertex 2.5200 10.9000 4.0000
        vertex 2.2200 11.2000 4.0000
        vertex 2.1400 11.1400 4.0000
    endloop
endfacet
facet normal 0.0000 0.0000 11.0600
    outer loop
        vertex 2.1400 11.1400 4.0000
        vertex 1.9400 10.8200 4.0000
        vertex 2.5200 10.9000 4.0000
    endloop
endfacet
facet normal 0.0000 0.0000 10.1600
    outer loop
        vertex 1.9400 10.8200 4.0000
        vertex 2.1400 11.1400 4.0000
        vertex 2.0600 11.1400 4.0000
    endloop
endfacet
facet normal 0.0000 0.0000 10.1500
    outer loop
        vertex 1.9400 10.8200 4.0000
        vertex 2.0600 11.1400 4.0000
        vertex 2.0000 11.1800 4.0000
    endloop
endfacet
facet normal 0.0000 0.0000 10.3525
    outer loop
        vertex 2.0000 11.1800 4.0000
        vertex 1.8200 11.0400 4.0000
        vertex 1.9400 10.8200 4.0000
    endloop
endfacet
facet normal 0.0000 0.0000 10.1525
    outer loop
        vertex 1.8000 11.1600 4.0000
        vertex 1.8200 11.0400 4.0000
        vertex 2.0000 11.1800 4.0000
    endloop
endfacet
facet normal 0.0000 0.0000 10.0800
    outer loop
        vertex 2.0000 11.1800 4.0000
        vertex 1.9600 11.2400 4.0000
        vertex 1.8000 11.1600 4.0000
    endloop
endfacet
facet normal 0.0000 0.0000 10.0700
    outer loop
        vertex 1.8200 11.2400 4.0000
        vertex 1.8000 11.1600 4.0000
        vertex 1.9600 11.2400 4.0000
    endloop
endfacet
facet normal 0.0000 0.0000 10.0350
    outer loop
        vertex 1.9600 11.2400 4.0000
        vertex 1.8600 11.2800 4.0000
        vertex 1.8200 11.2400 4.0000
    endloop
endfacet
facet normal 0.0000 0.0000 10.0275
    outer loop
        vertex 1.9600 11.2400 4.0000
        vertex 1.9200 11.3000 4.0000
        vertex 1.8600 11.2800 4.0000
    endloop
endfacet
facet normal 0.0000 0.0000 10.4550
    outer loop
        vertex 2.5600 10.7800 4.0000
        vertex 2.5200 10.9000 4.0000
        vertex 1.9400 10.8200 4.0000
    endloop
endfacet
facet normal 0.0000 0.0000 11.1125
    outer loop
        vertex 1.9400 10.8200 4.0000
        vertex 2.1400 10.5200 4.0000
        vertex 2.5600 10.7800 4.0000
    endloop
endfacet
facet normal 0.0000 0.0000 10.6150
    outer loop
        vertex 2.6800 10.6200 4.0000
        vertex 2.5600 10.7800 4.0000
        vertex 2.1400 10.5200 4.0000
    endloop
endfacet
facet normal 0.0000 0.0000 11.3225
    outer loop
        vertex 2.1400 10.5200 4.0000
        vertex 2.4200 10.1800 4.0000
        vertex 2.6800 10.6200 4.0000
    endloop
endfacet
facet normal 0.0000 0.0000 10.9400
    outer loop
        vertex 2.8800 10.3800 4.0000
        vertex 2.6800 10.6200 4.0000
        vertex 2.4200 10.1800 4.0000
    endloop
endfacet
facet normal 0.0000 0.0000 11.5350
    outer loop
        vertex 2.4200 10.1800 4.0000
        vertex 2.8200 9.8200 4.0000
        vertex 2.8800 10.3800 4.0000
    endloop
endfacet
facet normal 0.0000 0.0000 11.0000
    outer loop
        vertex 3.1400 10.1400 4.0000
        vertex 2.8800 10.3800 4.0000
        vertex 2.8200 9.8200 4.0000
    endloop
endfacet
facet normal 0.0000 0.0000 11.5200
    outer loop
        vertex 2.8200 9.8200 4.0000
        vertex 3.2600 9.5000 4.0000
        vertex 3.1400 10.1400 4.0000
    endloop
endfacet
facet normal 0.0000 0.0000 10.9700
    outer loop
        vertex 3.2600 9.5000 4.0000
        vertex 3.4200 9.9400 4.0000
        vertex 3.1400 10.1400 4.0000
    endloop
endfacet
facet normal 0.0000 0.0000 10.0350
    outer loop
        vertex 4.2600 9.8400 4.0000
        vertex 4.2400 9.9200 4.0000
        vertex 4.1600 9.9600 4.0000
    endloop
endfacet
facet normal 0.0000 0.0000 10.0725
    outer loop
        vertex 4.1600 9.9600 4.0000
        vertex 4.0800 9.9400 4.0000
        vertex 4.2600 9.8400 4.0000
    endloop
endfacet
facet normal 0.0000 0.0000 10.0925
    outer loop
        vertex 4.2600 9.8400 4.0000
        vertex 4.0800 9.9400 4.0000
        vertex 4.0400 9.8800 4.0000
    endloop
endfacet
facet normal 0.0000 0.0000 10.0775
    outer loop
        vertex 4.0400 9.8800 4.0000
        vertex 4.0600 9.8200 4.0000
        vertex 4.2600 9.8400 4.0000
    endloop
endfacet
facet normal 0.0000 0.0000 10.3975
    outer loop
        vertex 4.2400 9.5200 4.0000
        vertex 4.2600 9.8400 4.0000
        vertex 4.0600 9.8200 4.0000
    endloop
endfacet
facet normal 0.0000 0.0000 10.1425
    outer loop
        vertex 4.0600 9.8200 4.0000
        vertex 4.0200 9.7600 4.0000
        vertex 4.2400 9.5200 4.0000
    endloop
endfacet
facet normal 0.0000 0.0000 10.1700
    outer loop
        vertex 4.2000 9.4400 4.0000
        vertex 4.2400 9.5200 4.0000
        vertex 4.0200 9.7600 4.0000
    endloop
endfacet
facet normal 0.0000 0.0000 10.2575
    outer loop
        vertex 4.0200 9.7600 4.0000
        vertex 3.8800 9.7800 4.0000
        vertex 4.2000 9.4400 4.0000
    endloop
endfacet
facet normal 0.0000 0.0000 11.4225
    outer loop
        vertex 3.7000 9.2600 4.0000
        vertex 4.2000 9.4400 4.0000
        vertex 3.8800 9.7800 4.0000
    endloop
endfacet
facet normal 0.0000 0.0000 10.7175
    outer loop
        vertex 3.8800 9.7800 4.0000
        vertex 3.6800 9.8400 4.0000
        vertex 3.7000 9.2600 4.0000
    endloop
endfacet
facet normal 0.0000 0.0000 11.5650
    outer loop
        vertex 3.2600 9.5000 4.0000
        vertex 3.7000 9.2600 4.0000
        vertex 3.6800 9.8400 4.0000
    endloop
endfacet
facet normal 0.0000 0.0000 10.8150
    outer loop
        vertex 3.6800 9.8400 4.0000
        vertex 3.4200 9.9400 4.0000
        vertex 3.2600 9.5000 4.0000
    endloop
endfacet
facet normal 0.0000 0.0000 10.0325
    outer loop
        vertex 4.2200 9.1000 4.0000
        vertex 4.3200 9.1400 4.0000
        vertex 4.3400 9.2000 4.0000
    endloop
endfacet
facet normal 0.0000 0.0000 10.0700
    outer loop
        vertex 4.3400 9.2000 4.0000
        vertex 4.3000 9.2600 4.0000
        vertex 4.2200 9.1000 4.0000
    endloop
endfacet
facet normal 0.0000 0.0000 10.0800
    outer loop
        vertex 4.2200 9.1000 4.0000
        vertex 4.3000 9.2600 4.0000
        vertex 4.2400 9.3000 4.0000
    endloop
endfacet
facet normal 0.0000 0.0000 10.1250
    outer loop
        vertex 4.2400 9.3000 4.0000
        vertex 4.1200 9.1000 4.0000
        vertex 4.2200 9.1000 4.0000
    endloop
endfacet
facet normal 0.0000 0.0000 10.0950
    outer loop
        vertex 4.1200 9.1000 4.0000
        vertex 4.2400 9.3000 4.0000
        vertex 4.2000 9.3600 4.0000
    endloop
endfacet
facet normal 0.0000 0.0000 10.7625
    outer loop
        vertex 4.2000 9.3600 4.0000
        vertex 3.7000 9.2600 4.0000
        vertex 4.1200 9.1000 4.0000
    endloop
endfacet
facet normal 0.0000 0.0000 10.2500
    outer loop
        vertex 3.7000 9.2600 4.0000
        vertex 4.2000 9.3600 4.0000
        vertex 4.2000 9.4400 4.0000
    endloop
endfacet
facet normal 0.0000 0.0000 10.1100
    outer loop
        vertex 4.6000 9.2400 4.0000
        vertex 4.8400 9.4000 4.0000
        vertex 4.7600 9.4200 4.0000
    endloop
endfacet
facet normal 0.0000 0.0000 10.1850
    outer loop
        vertex 4.7600 9.4200 4.0000
        vertex 4.5600 9.3800 4.0000
        vertex 4.6000 9.2400 4.0000
    endloop
endfacet
facet normal 0.0000 0.0000 10.0900
    outer loop
        vertex 4.5600 9.3800 4.0000
        vertex 4.7600 9.4200 4.0000
        vertex 4.7000 9.4800 4.0000
    endloop
endfacet
facet normal 0.0000 0.0000 10.1725
    outer loop
        vertex 4.7000 9.4800 4.0000
        vertex 4.4800 9.5200 4.0000
        vertex 4.5600 9.3800 4.0000
    endloop
endfacet
facet normal 0.0000 0.0000 10.1550
    outer loop
        vertex 4.4800 9.5200 4.0000
        vertex 4.7000 9.4800 4.0000
        vertex 4.6600 9.6000 4.0000
    endloop
endfacet
facet normal 0.0000 0.0000 10.1000
    outer loop
        vertex 4.6600 9.6000 4.0000
        vertex 4.4600 9.6000 4.0000
        vertex 4.4800 9.5200 4.0000
    endloop
endfacet
facet normal 0.0000 0.0000 10.2000
    outer loop
        vertex 4.4600 9.6000 4.0000
        vertex 4.6600 9.6000 4.0000
        vertex 4.6400 9.7600 4.0000
    endloop
endfacet
facet normal 0.0000 0.0000 10.2250
    outer loop
        vertex 4.6400 9.7600 4.0000
        vertex 4.4600 9.8000 4.0000
        vertex 4.4600 9.6000 4.0000
    endloop
endfacet
facet normal 0.0000 0.0000 10.1075
    outer loop
        vertex 4.4600 9.8000 4.0000
        vertex 4.6400 9.7600 4.0000
        vertex 4.6200 9.8600 4.0000
    endloop
endfacet
facet normal 0.0000 0.0000 10.0650
    outer loop
        vertex 4.6200 9.8600 4.0000
        vertex 4.5000 9.8800 4.0000
        vertex 4.4600 9.8000 4.0000
    endloop
endfacet
facet normal 0.0000 0.0000 10.0225
    outer loop
        vertex 4.6200 9.8600 4.0000
        vertex 4.5600 9.9000 4.0000
        vertex 4.5000 9.8800 4.0000
    endloop
endfacet
facet normal 0.0000 0.0000 10.1900
    outer loop
        vertex 4.8400 9.4000 4.0000
        vertex 4.6000 9.2400 4.0000
        vertex 4.5800 9.1000 4.0000
    endloop
endfacet
facet normal 0.0000 0.0000 10.4000
    outer loop
        vertex 4.5800 9.1000 4.0000
        vertex 5.1400 9.5000 4.0000
        vertex 4.8400 9.4000 4.0000
    endloop
endfacet
facet normal 0.0000 0.0000 10.3200
    outer loop
        vertex 4.5400 8.9800 4.0000
        vertex 5.1400 9.5000 4.0000
        vertex 4.5800 9.1000 4.0000
    endloop
endfacet
facet normal 0.0000 0.0000 10.1425
    outer loop
        vertex 5.4800 9.7800 4.0000
        vertex 5.4200 9.8400 4.0000
        vertex 5.2000 9.6800 4.0000
    endloop
endfacet
facet normal 0.0000 0.0000 10.1625
    outer loop
        vertex 5.2000 9.6800 4.0000
        vertex 5.1800 9.5800 4.0000
        vertex 5.4800 9.7800 4.0000
    endloop
endfacet
facet normal 0.0000 0.0000 10.1375
    outer loop
        vertex 5.1800 9.5800 4.0000
        vertex 5.5600 9.7600 4.0000
        vertex 5.4800 9.7800 4.0000
    endloop
endfacet
facet normal 0.0000 0.0000 10.4800
    outer loop
        vertex 5.1600 10.0000 4.0000
        vertex 5.2000 9.6800 4.0000
        vertex 5.4200 9.8400 4.0000
    endloop
endfacet
facet normal 0.0000 0.0000 11.0975
    outer loop
        vertex 5.4200 9.8400 4.0000
        vertex 5.1200 10.7000 4.0000
        vertex 5.1600 10.0000 4.0000
    endloop
endfacet
facet normal 0.0000 0.0000 11.8525
    outer loop
        vertex 5.1200 10.7000 4.0000
        vertex 5.4200 9.8400 4.0000
        vertex 5.3600 11.0000 4.0000
    endloop
endfacet
facet normal 0.0000 0.0000 10.5100
    outer loop
        vertex 5.3600 11.0000 4.0000
        vertex 5.1200 11.0400 4.0000
        vertex 5.1200 10.7000 4.0000
    endloop
endfacet
facet normal 0.0000 0.0000 10.1925
    outer loop
        vertex 5.3600 11.0000 4.0000
        vertex 5.4200 11.0800 4.0000
        vertex 5.0800 11.1400 4.0000
    endloop
endfacet
facet normal 0.0000 0.0000 10.1400
    outer loop
        vertex 5.0800 11.1400 4.0000
        vertex 5.1200 11.0400 4.0000
        vertex 5.3600 11.0000 4.0000
    endloop
endfacet
facet normal 0.0000 0.0000 10.1150
    outer loop
        vertex 5.4200 11.0800 4.0000
        vertex 5.5000 11.1200 4.0000
        vertex 5.0800 11.1400 4.0000
    endloop
endfacet
facet normal 0.0000 0.0000 10.0900
    outer loop
        vertex -0.7600 9.2600 4.0000
        vertex -0.7400 9.4400 4.0000
        vertex -0.8200 9.4400 4.0000
    endloop
endfacet
facet normal 0.0000 0.0000 10.1350
    outer loop
        vertex -0.8200 9.4400 4.0000
        vertex -0.8800 9.2600 4.0000
        vertex -0.7600 9.2600 4.0000
    endloop
endfacet
facet normal 0.0000 0.0000 10.1050
    outer loop
        vertex -0.8800 9.2600 4.0000
        vertex -0.8200 9.4400 4.0000
        vertex -0.9000 9.4800 4.0000
    endloop
endfacet
facet normal 0.0000 0.0000 10.1325
    outer loop
        vertex -0.9000 9.4800 4.0000
        vertex -0.9800 9.3000 4.0000
        vertex -0.8800 9.2600 4.0000
    endloop
endfacet
facet normal 0.0000 0.0000 10.5725
    outer loop
        vertex -1.3200 9.6800 4.0000
        vertex -0.9800 9.3000 4.0000
        vertex -0.9000 9.4800 4.0000
    endloop
endfacet
facet normal 0.0000 0.0000 10.2538
    outer loop
        vertex -0.9000 9.4800 4.0000
        vertex -1.4320 9.8300 4.0000
        vertex -1.3200 9.6800 4.0000
    endloop
endfacet
facet normal 0.0000 0.0000 10.4886
    outer loop
        vertex -1.3200 9.6800 4.0000
        vertex -1.4320 9.8300 4.0000
        vertex -1.7128 9.5080 4.0000
    endloop
endfacet
facet normal 0.0000 0.0000 10.4968
    outer loop
        vertex -1.7128 9.5080 4.0000
        vertex -1.6800 9.3200 4.0000
        vertex -1.3200 9.6800 4.0000
    endloop
endfacet
facet normal 0.0000 0.0000 10.0952
    outer loop
        vertex -1.6800 9.3200 4.0000
        vertex -1.7128 9.5080 4.0000
        vertex -1.7880 9.4744 4.0000
    endloop
endfacet
facet normal 0.0000 0.0000 10.1235
    outer loop
        vertex -1.7880 9.4744 4.0000
        vertex -1.7800 9.2800 4.0000
        vertex -1.6800 9.3200 4.0000
    endloop
endfacet
facet normal 0.0000 0.0000 10.1238
    outer loop
        vertex -1.7800 9.2800 4.0000
        vertex -1.7880 9.4744 4.0000
        vertex -1.8900 9.4768 4.0000
    endloop
endfacet
facet normal 0.0000 0.0000 10.1722
    outer loop
        vertex -1.8900 9.4768 4.0000
        vertex -1.9200 9.2800 4.0000
        vertex -1.7800 9.2800 4.0000
    endloop
endfacet
facet normal 0.0000 0.0000 10.1305
    outer loop
        vertex -2.0200 9.3200 4.0000
        vertex -1.9200 9.2800 4.0000
        vertex -1.8900 9.4768 4.0000
    endloop
endfacet
facet normal 0.0000 0.0000 10.1627
    outer loop
        vertex -1.8900 9.4768 4.0000
        vertex -1.9860 9.5612 4.0000
        vertex -2.0200 9.3200 4.0000
    endloop
endfacet
facet normal 0.0000 0.0000 10.1720
    outer loop
        vertex -2.1200 9.4200 4.0000
        vertex -2.0200 9.3200 4.0000
        vertex -1.9860 9.5612 4.0000
    endloop
endfacet
facet normal 0.0000 0.0000 10.1534
    outer loop
        vertex -1.9860 9.5612 4.0000
        vertex -2.1800 9.5400 4.0000
        vertex -2.1200 9.4200 4.0000
    endloop
endfacet
facet normal 0.0000 0.0000 10.1724
    outer loop
        vertex -2.2000 9.6800 4.0000
        vertex -2.1800 9.5400 4.0000
        vertex -1.9860 9.5612 4.0000
    endloop
endfacet
facet normal 0.0000 0.0000 10.0950
    outer loop
        vertex -1.9860 9.5612 4.0000
        vertex -2.0000 9.6400 4.0000
        vertex -2.2000 9.6800 4.0000
    endloop
endfacet
facet normal 0.0000 0.0000 10.1500
    outer loop
        vertex -2.2000 9.8000 4.0000
        vertex -2.2000 9.6800 4.0000
        vertex -2.0000 9.6400 4.0000
    endloop
endfacet
facet normal 0.0000 0.0000 10.1326
    outer loop
        vertex -2.0000 9.6400 4.0000
        vertex -1.9744 9.7256 4.0000
        vertex -2.2000 9.8000 4.0000
    endloop
endfacet
facet normal 0.0000 0.0000 10.2535
    outer loop
        vertex -2.1400 9.9600 4.0000
        vertex -2.2000 9.8000 4.0000
        vertex -1.9744 9.7256 4.0000
    endloop
endfacet
facet normal 0.0000 0.0000 10.8657
    outer loop
        vertex -1.9744 9.7256 4.0000
        vertex -1.6480 10.1000 4.0000
        vertex -2.1400 9.9600 4.0000
    endloop
endfacet
facet normal 0.0000 0.0000 10.9675
    outer loop
        vertex -2.1400 9.9600 4.0000
        vertex -1.6480 10.1000 4.0000
        vertex -1.8400 10.3600 4.0000
    endloop
endfacet
facet normal 0.0000 0.0000 10.4925
    outer loop
        vertex -2.1000 10.7000 4.0000
        vertex -1.8400 10.3600 4.0000
        vertex -1.9600 10.8200 4.0000
    endloop
endfacet
facet normal 0.0000 0.0000 10.1350
    outer loop
        vertex -1.9600 10.8200 4.0000
        vertex -2.1400 10.8200 4.0000
        vertex -2.1000 10.7000 4.0000
    endloop
endfacet
facet normal 0.0000 0.0000 10.0900
    outer loop
        vertex -2.1400 10.8200 4.0000
        vertex -1.9600 10.8200 4.0000
        vertex -1.9800 10.9000 4.0000
    endloop
endfacet
facet normal 0.0000 0.0000 10.1500
    outer loop
        vertex -1.9800 10.9000 4.0000
        vertex -2.1600 10.9600 4.0000
        vertex -2.1400 10.8200 4.0000
    endloop
endfacet
facet normal 0.0000 0.0000 10.1200
    outer loop
        vertex -2.1600 10.9600 4.0000
        vertex -1.9800 10.9000 4.0000
        vertex -1.9600 11.0000 4.0000
    endloop
endfacet
facet normal 0.0000 0.0000 10.1950
    outer loop
        vertex -1.9600 11.0000 4.0000
        vertex -2.1400 11.1200 4.0000
        vertex -2.1600 10.9600 4.0000
    endloop
endfacet
facet normal 0.0000 0.0000 10.1650
    outer loop
        vertex -2.1400 11.1200 4.0000
        vertex -1.9600 11.0000 4.0000
        vertex -1.8600 11.0800 4.0000
    endloop
endfacet
facet normal 0.0000 0.0000 10.1850
    outer loop
        vertex -1.8600 11.0800 4.0000
        vertex -2.1000 11.2200 4.0000
        vertex -2.1400 11.1200 4.0000
    endloop
endfacet
facet normal 0.0000 0.0000 10.2675
    outer loop
        vertex -2.0000 11.3400 4.0000
        vertex -2.1000 11.2200 4.0000
        vertex -1.8600 11.0800 4.0000
    endloop
endfacet
facet normal 0.0000 0.0000 10.2775
    outer loop
        vertex -1.8600 11.0800 4.0000
        vertex -1.8400 11.3600 4.0000
        vertex -2.0000 11.3400 4.0000
    endloop
endfacet
facet normal 0.0000 0.0000 10.1400
    outer loop
        vertex -1.8400 11.3600 4.0000
        vertex -1.8600 11.0800 4.0000
        vertex -1.7800 11.0800 4.0000
    endloop
endfacet
facet normal 0.0000 0.0000 10.2725
    outer loop
        vertex -1.7800 11.0800 4.0000
        vertex -1.6800 11.3400 4.0000
        vertex -1.8400 11.3600 4.0000
    endloop
endfacet
facet normal 0.0000 0.0000 10.3100
    outer loop
        vertex -1.5200 11.2600 4.0000
        vertex -1.6800 11.3400 4.0000
        vertex -1.7800 11.0800 4.0000
    endloop
endfacet
facet normal 0.0000 0.0000 10.1550
    outer loop
        vertex -1.7800 11.0800 4.0000
        vertex -1.7000 11.0400 4.0000
        vertex -1.5200 11.2600 4.0000
    endloop
endfacet
facet normal 0.0000 0.0000 10.6225
    outer loop
        vertex -1.2800 11.0000 4.0000
        vertex -1.5200 11.2600 4.0000
        vertex -1.7000 11.0400 4.0000
    endloop
endfacet
facet normal 0.0000 0.0000 10.8853
    outer loop
        vertex -1.7000 11.0400 4.0000
        vertex -1.1672 10.6520 4.0000
        vertex -1.2800 11.0000 4.0000
    endloop
endfacet
facet normal 0.0000 0.0000 10.5897
    outer loop
        vertex -0.7600 10.3000 4.0000
        vertex -0.4400 10.6800 4.0000
        vertex -0.6172 10.7644 4.0000
    endloop
endfacet
facet normal 0.0000 0.0000 10.5682
    outer loop
        vertex -0.6172 10.7644 4.0000
        vertex -0.9196 10.4176 4.0000
        vertex -0.7600 10.3000 4.0000
    endloop
endfacet
facet normal 0.0000 0.0000 10.1753
    outer loop
        vertex -0.4400 10.6800 4.0000
        vertex -0.4000 10.8200 4.0000
        vertex -0.5916 10.8504 4.0000
    endloop
endfacet
facet normal 0.0000 0.0000 10.1087
    outer loop
        vertex -0.5916 10.8504 4.0000
        vertex -0.6172 10.7644 4.0000
        vertex -0.4400 10.6800 4.0000
    endloop
endfacet
facet normal 0.0000 0.0000 10.2056
    outer loop
        vertex -0.4000 10.8200 4.0000
        vertex -0.4000 10.9800 4.0000
        vertex -0.6056 10.9288 4.0000
    endloop
endfacet
facet normal 0.0000 0.0000 10.0912
    outer loop
        vertex -0.6056 10.9288 4.0000
        vertex -0.5916 10.8504 4.0000
        vertex -0.4000 10.8200 4.0000
    endloop
endfacet
facet normal 0.0000 0.0000 10.1397
    outer loop
        vertex -0.7016 11.0136 4.0000
        vertex -0.6056 10.9288 4.0000
        vertex -0.4000 10.9800 4.0000
    endloop
endfacet
facet normal 0.0000 0.0000 10.2932
    outer loop
        vertex -0.4000 10.9800 4.0000
        vertex -0.4400 11.1400 4.0000
        vertex -0.7016 11.0136 4.0000
    endloop
endfacet
facet normal 0.0000 0.0000 10.2752
    outer loop
        vertex -0.7016 11.0136 4.0000
        vertex -0.4400 11.1400 4.0000
        vertex -0.5400 11.2600 4.0000
    endloop
endfacet
facet normal 0.0000 0.0000 10.2454
    outer loop
        vertex -0.5400 11.2600 4.0000
        vertex -0.6600 11.3200 4.0000
        vertex -0.7016 11.0136 4.0000
    endloop
endfacet
facet normal 0.0000 0.0000 10.1960
    outer loop
        vertex -0.8036 11.0160 4.0000
        vertex -0.7016 11.0136 4.0000
        vertex -0.6600 11.3200 4.0000
    endloop
endfacet
facet normal 0.0000 0.0000 10.3980
    outer loop
        vertex -0.6600 11.3200 4.0000
        vertex -0.8600 11.3400 4.0000
        vertex -0.8036 11.0160 4.0000
    endloop
endfacet
facet normal 0.0000 0.0000 10.3047
    outer loop
        vertex -0.8036 11.0160 4.0000
        vertex -0.8600 11.3400 4.0000
        vertex -1.0000 11.2800 4.0000
    endloop
endfacet
facet normal 0.0000 0.0000 10.1653
    outer loop
        vertex -1.0000 11.2800 4.0000
        vertex -0.8788 10.9824 4.0000
        vertex -0.8036 11.0160 4.0000
    endloop
endfacet
facet normal 0.0000 0.0000 10.7329
    outer loop
        vertex -0.8788 10.9824 4.0000
        vertex -1.0000 11.2800 4.0000
        vertex -1.2800 11.0000 4.0000
    endloop
endfacet
facet normal 0.0000 0.0000 10.8602
    outer loop
        vertex -1.2800 11.0000 4.0000
        vertex -1.1672 10.6520 4.0000
        vertex -0.8788 10.9824 4.0000
    endloop
endfacet
facet normal 0.0000 0.0000 10.1300
    outer loop
        vertex -0.7400 9.4400 4.0000
        vertex -0.7600 9.2600 4.0000
        vertex -0.6400 9.3000 4.0000
    endloop
endfacet
facet normal 0.0000 0.0000 10.1250
    outer loop
        vertex -0.6400 9.3000 4.0000
        vertex -0.5400 9.3600 4.0000
        vertex -0.7400 9.4400 4.0000
    endloop
endfacet
facet normal 0.0000 0.0000 10.1500
    outer loop
        vertex -0.6400 9.5200 4.0000
        vertex -0.7400 9.4400 4.0000
        vertex -0.5400 9.3600 4.0000
    endloop
endfacet
facet normal 0.0000 0.0000 10.1550
    outer loop
        vertex -0.5400 9.3600 4.0000
        vertex -0.4600 9.4800 4.0000
        vertex -0.6400 9.5200 4.0000
    endloop
endfacet
facet normal 0.0000 0.0000 10.1175
    outer loop
        vertex -0.6200 9.6200 4.0000
        vertex -0.6400 9.5200 4.0000
        vertex -0.4600 9.4800 4.0000
    endloop
endfacet
facet normal 0.0000 0.0000 10.1575
    outer loop
        vertex -0.4600 9.4800 4.0000
        vertex -0.4400 9.6200 4.0000
        vertex -0.6200 9.6200 4.0000
    endloop
endfacet
facet normal 0.0000 0.0000 10.0900
    outer loop
        vertex -0.6400 9.7000 4.0000
        vertex -0.6200 9.6200 4.0000
        vertex -0.4400 9.6200 4.0000
    endloop
endfacet
facet normal 0.0000 0.0000 10.1750
    outer loop
        vertex -0.4400 9.6200 4.0000
        vertex -0.4400 9.7600 4.0000
        vertex -0.6400 9.7000 4.0000
    endloop
endfacet
facet normal 0.0000 0.0000 10.1900
    outer loop
        vertex -0.6400 9.7000 4.0000
        vertex -0.4400 9.7600 4.0000
        vertex -0.4800 9.9000 4.0000
    endloop
endfacet
facet normal 0.0000 0.0000 10.2600
    outer loop
        vertex -0.4800 9.9000 4.0000
        vertex -0.5600 10.0600 4.0000
        vertex -0.6400 9.7000 4.0000
    endloop
endfacet
facet normal 0.0000 0.0000 10.5700
    outer loop
        vertex -0.6400 9.7000 4.0000
        vertex -0.5600 10.0600 4.0000
        vertex -0.7600 10.3000 4.0000
    endloop
endfacet
facet normal 0.0000 0.0000 10.5103
    outer loop
        vertex -0.7600 10.3000 4.0000
        vertex -0.9196 10.4176 4.0000
        vertex -0.6400 9.7000 4.0000
    endloop
endfacet
facet normal 0.0000 0.0000 10.7009
    outer loop
        vertex -0.6400 9.7000 4.0000
        vertex -0.9196 10.4176 4.0000
        vertex -1.1672 10.6520 4.0000
    endloop
endfacet
facet normal 0.0000 0.0000 11.8917
    outer loop
        vertex -1.1672 10.6520 4.0000
        vertex -1.7000 11.0400 4.0000
        vertex -0.6400 9.7000 4.0000
    endloop
endfacet
facet normal 0.0000 0.0000 10.4253
    outer loop
        vertex -1.6480 10.1000 4.0000
        vertex -1.4320 9.8300 4.0000
        vertex -0.9000 9.4800 4.0000
    endloop
endfacet
facet normal 0.0000 0.0000 12.1570
    outer loop
        vertex -0.9000 9.4800 4.0000
        vertex -1.9600 10.8200 4.0000
        vertex -1.6480 10.1000 4.0000
    endloop
endfacet
facet normal 0.0000 0.0000 10.3570
    outer loop
        vertex -1.6480 10.1000 4.0000
        vertex -1.9600 10.8200 4.0000
        vertex -1.8400 10.3600 4.0000
    endloop
endfacet
facet normal 0.0000 0.0000 10.1300
    outer loop
        vertex -3.0600 9.4200 4.0000
        vertex -2.9400 9.4600 4.0000
        vertex -3.0400 9.6000 4.0000
    endloop
endfacet
facet normal 0.0000 0.0000 10.0900
    outer loop
        vertex -3.0400 9.6000 4.0000
        vertex -3.1200 9.6000 4.0000
        vertex -3.0600 9.4200 4.0000
    endloop
endfacet
facet normal 0.0000 0.0000 10.1350
    outer loop
        vertex -3.1800 9.4200 4.0000
        vertex -3.0600 9.4200 4.0000
        vertex -3.1200 9.6000 4.0000
    endloop
endfacet
facet normal 0.0000 0.0000 10.1050
    outer loop
        vertex -3.1200 9.6000 4.0000
        vertex -3.2000 9.6400 4.0000
        vertex -3.1800 9.4200 4.0000
    endloop
endfacet
facet normal 0.0000 0.0000 10.1325
    outer loop
        vertex -3.2800 9.4600 4.0000
        vertex -3.1800 9.4200 4.0000
        vertex -3.2000 9.6400 4.0000
    endloop
endfacet
facet normal 0.0000 0.0000 10.5725
    outer loop
        vertex -3.2000 9.6400 4.0000
        vertex -3.6200 9.8400 4.0000
        vertex -3.2800 9.4600 4.0000
    endloop
endfacet
facet normal 0.0000 0.0000 10.2538
    outer loop
        vertex -3.2000 9.6400 4.0000
        vertex -3.7320 9.9900 4.0000
        vertex -3.6200 9.8400 4.0000
    endloop
endfacet
facet normal 0.0000 0.0000 10.5895
    outer loop
        vertex -3.9800 9.4800 4.0000
        vertex -3.6200 9.8400 4.0000
        vertex -3.7320 9.9900 4.0000
    endloop
endfacet
facet normal 0.0000 0.0000 10.3960
    outer loop
        vertex -3.7320 9.9900 4.0000
        vertex -4.0128 9.6680 4.0000
        vertex -3.9800 9.4800 4.0000
    endloop
endfacet
facet normal 0.0000 0.0000 10.0952
    outer loop
        vertex -3.9800 9.4800 4.0000
        vertex -4.0128 9.6680 4.0000
        vertex -4.0880 9.6344 4.0000
    endloop
endfacet
facet normal 0.0000 0.0000 10.1235
    outer loop
        vertex -4.0880 9.6344 4.0000
        vertex -4.0800 9.4400 4.0000
        vertex -3.9800 9.4800 4.0000
    endloop
endfacet
facet normal 0.0000 0.0000 10.1238
    outer loop
        vertex -4.0800 9.4400 4.0000
        vertex -4.0880 9.6344 4.0000
        vertex -4.1900 9.6368 4.0000
    endloop
endfacet
facet normal 0.0000 0.0000 10.1722
    outer loop
        vertex -4.1900 9.6368 4.0000
        vertex -4.2200 9.4400 4.0000
        vertex -4.0800 9.4400 4.0000
    endloop
endfacet
facet normal 0.0000 0.0000 10.1305
    outer loop
        vertex -4.3200 9.4800 4.0000
        vertex -4.2200 9.4400 4.0000
        vertex -4.1900 9.6368 4.0000
    endloop
endfacet
facet normal 0.0000 0.0000 10.1627
    outer loop
        vertex -4.1900 9.6368 4.0000
        vertex -4.2860 9.7212 4.0000
        vertex -4.3200 9.4800 4.0000
    endloop
endfacet
facet normal 0.0000 0.0000 10.1720
    outer loop
        vertex -4.4200 9.5800 4.0000
        vertex -4.3200 9.4800 4.0000
        vertex -4.2860 9.7212 4.0000
    endloop
endfacet
facet normal 0.0000 0.0000 10.1534
    outer loop
        vertex -4.2860 9.7212 4.0000
        vertex -4.4800 9.7000 4.0000
        vertex -4.4200 9.5800 4.0000
    endloop
endfacet
facet normal 0.0000 0.0000 10.0974
    outer loop
        vertex -4.4800 9.7000 4.0000
        vertex -4.2860 9.7212 4.0000
        vertex -4.3000 9.8000 4.0000
    endloop
endfacet
facet normal 0.0000 0.0000 10.1700
    outer loop
        vertex -4.3000 9.8000 4.0000
        vertex -4.5000 9.8400 4.0000
        vertex -4.4800 9.7000 4.0000
    endloop
endfacet
facet normal 0.0000 0.0000 10.1134
    outer loop
        vertex -4.5000 9.8400 4.0000
        vertex -4.3000 9.8000 4.0000
        vertex -4.2744 9.8856 4.0000
    endloop
endfacet
facet normal 0.0000 0.0000 10.1692
    outer loop
        vertex -4.2744 9.8856 4.0000
        vertex -4.5000 9.9600 4.0000
        vertex -4.5000 9.8400 4.0000
    endloop
endfacet
facet normal 0.0000 0.0000 10.2535
    outer loop
        vertex -4.4400 10.1200 4.0000
        vertex -4.5000 9.9600 4.0000
        vertex -4.2744 9.8856 4.0000
    endloop
endfacet
facet normal 0.0000 0.0000 10.8657
    outer loop
        vertex -4.2744 9.8856 4.0000
        vertex -3.9480 10.2600 4.0000
        vertex -4.4400 10.1200 4.0000
    endloop
endfacet
facet normal 0.0000 0.0000 10.9675
    outer loop
        vertex -4.4400 10.1200 4.0000
        vertex -3.9480 10.2600 4.0000
        vertex -4.1400 10.5200 4.0000
    endloop
endfacet
facet normal 0.0000 0.0000 10.4925
    outer loop
        vertex -4.4000 10.8600 4.0000
        vertex -4.1400 10.5200 4.0000
        vertex -4.2600 10.9800 4.0000
    endloop
endfacet
facet normal 0.0000 0.0000 10.1350
    outer loop
        vertex -4.2600 10.9800 4.0000
        vertex -4.4400 10.9800 4.0000
        vertex -4.4000 10.8600 4.0000
    endloop
endfacet
facet normal 0.0000 0.0000 10.0900
    outer loop
        vertex -4.4400 10.9800 4.0000
        vertex -4.2600 10.9800 4.0000
        vertex -4.2800 11.0600 4.0000
    endloop
endfacet
facet normal 0.0000 0.0000 10.1500
    outer loop
        vertex -4.2800 11.0600 4.0000
        vertex -4.4600 11.1200 4.0000
        vertex -4.4400 10.9800 4.0000
    endloop
endfacet
facet normal 0.0000 0.0000 10.1200
    outer loop
        vertex -4.4600 11.1200 4.0000
        vertex -4.2800 11.0600 4.0000
        vertex -4.2600 11.1600 4.0000
    endloop
endfacet
facet normal 0.0000 0.0000 10.1950
    outer loop
        vertex -4.2600 11.1600 4.0000
        vertex -4.4400 11.2800 4.0000
        vertex -4.4600 11.1200 4.0000
    endloop
endfacet
facet normal 0.0000 0.0000 10.1425
    outer loop
        vertex -4.4000 11.3800 4.0000
        vertex -4.4400 11.2800 4.0000
        vertex -4.2600 11.1600 4.0000
    endloop
endfacet
facet normal 0.0000 0.0000 10.2075
    outer loop
        vertex -4.2600 11.1600 4.0000
        vertex -4.1600 11.2400 4.0000
        vertex -4.4000 11.3800 4.0000
    endloop
endfacet
facet normal 0.0000 0.0000 10.2675
    outer loop
        vertex -4.3000 11.5000 4.0000
        vertex -4.4000 11.3800 4.0000
        vertex -4.1600 11.2400 4.0000
    endloop
endfacet
facet normal 0.0000 0.0000 10.2775
    outer loop
        vertex -4.1600 11.2400 4.0000
        vertex -4.1400 11.5200 4.0000
        vertex -4.3000 11.5000 4.0000
    endloop
endfacet
facet normal 0.0000 0.0000 10.1400
    outer loop
        vertex -4.1400 11.5200 4.0000
        vertex -4.1600 11.2400 4.0000
        vertex -4.0800 11.2400 4.0000
    endloop
endfacet
facet normal 0.0000 0.0000 10.2725
    outer loop
        vertex -4.0800 11.2400 4.0000
        vertex -3.9800 11.5000 4.0000
        vertex -4.1400 11.5200 4.0000
    endloop
endfacet
facet normal 0.0000 0.0000 10.3100
    outer loop
        vertex -3.8200 11.4200 4.0000
        vertex -3.9800 11.5000 4.0000
        vertex -4.0800 11.2400 4.0000
    endloop
endfacet
facet normal 0.0000 0.0000 10.1550
    outer loop
        vertex -4.0800 11.2400 4.0000
        vertex -4.0000 11.2000 4.0000
        vertex -3.8200 11.4200 4.0000
    endloop
endfacet
facet normal 0.0000 0.0000 10.6225
    outer loop
        vertex -3.5800 11.1600 4.0000
        vertex -3.8200 11.4200 4.0000
        vertex -4.0000 11.2000 4.0000
    endloop
endfacet
facet normal 0.0000 0.0000 10.8853
    outer loop
        vertex -4.0000 11.2000 4.0000
        vertex -3.4672 10.8120 4.0000
        vertex -3.5800 11.1600 4.0000
    endloop
endfacet
facet normal 0.0000 0.0000 10.8602
    outer loop
        vertex -3.5800 11.1600 4.0000
        vertex -3.4672 10.8120 4.0000
        vertex -3.1788 11.1424 4.0000
    endloop
endfacet
facet normal 0.0000 0.0000 10.7329
    outer loop
        vertex -3.1788 11.1424 4.0000
        vertex -3.3000 11.4400 4.0000
        vertex -3.5800 11.1600 4.0000
    endloop
endfacet
facet normal 0.0000 0.0000 10.1653
    outer loop
        vertex -3.3000 11.4400 4.0000
        vertex -3.1788 11.1424 4.0000
        vertex -3.1036 11.1760 4.0000
    endloop
endfacet
facet normal 0.0000 0.0000 10.3046
    outer loop
        vertex -3.1036 11.1760 4.0000
        vertex -3.1600 11.5000 4.0000
        vertex -3.3000 11.4400 4.0000
    endloop
endfacet
facet normal 0.0000 0.0000 10.3979
    outer loop
        vertex -2.9600 11.4800 4.0000
        vertex -3.1600 11.5000 4.0000
        vertex -3.1036 11.1760 4.0000
    endloop
endfacet
facet normal 0.0000 0.0000 10.1960
    outer loop
        vertex -3.1036 11.1760 4.0000
        vertex -3.0016 11.1736 4.0000
        vertex -2.9600 11.4800 4.0000
    endloop
endfacet
facet normal 0.0000 0.0000 10.2454
    outer loop
        vertex -2.8400 11.4200 4.0000
        vertex -2.9600 11.4800 4.0000
        vertex -3.0016 11.1736 4.0000
    endloop
endfacet
facet normal 0.0000 0.0000 10.2752
    outer loop
        vertex -3.0016 11.1736 4.0000
        vertex -2.7400 11.3000 4.0000
        vertex -2.8400 11.4200 4.0000
    endloop
endfacet
facet normal 0.0000 0.0000 10.2145
    outer loop
        vertex -2.7400 11.3000 4.0000
        vertex -3.0016 11.1736 4.0000
        vertex -2.9056 11.0888 4.0000
    endloop
endfacet
facet normal 0.0000 0.0000 10.2184
    outer loop
        vertex -2.9056 11.0888 4.0000
        vertex -2.7000 11.1400 4.0000
        vertex -2.7400 11.3000 4.0000
    endloop
endfacet
facet normal 0.0000 0.0000 10.1052
    outer loop
        vertex -2.7000 11.1400 4.0000
        vertex -2.9056 11.0888 4.0000
        vertex -2.8916 11.0104 4.0000
    endloop
endfacet
facet normal 0.0000 0.0000 10.1916
    outer loop
        vertex -2.8916 11.0104 4.0000
        vertex -2.7000 10.9800 4.0000
        vertex -2.7000 11.1400 4.0000
    endloop
endfacet
facet normal 0.0000 0.0000 10.1078
    outer loop
        vertex -2.7000 10.9800 4.0000
        vertex -2.8916 11.0104 4.0000
        vertex -2.9172 10.9244 4.0000
    endloop
endfacet
facet normal 0.0000 0.0000 10.1761
    outer loop
        vertex -2.9172 10.9244 4.0000
        vertex -2.7400 10.8400 4.0000
        vertex -2.7000 10.9800 4.0000
    endloop
endfacet
facet normal 0.0000 0.0000 10.5436
    outer loop
        vertex -2.7400 10.8400 4.0000
        vertex -2.9172 10.9244 4.0000
        vertex -3.2196 10.5776 4.0000
    endloop
endfacet
facet normal 0.0000 0.0000 10.6143
    outer loop
        vertex -3.2196 10.5776 4.0000
        vertex -3.0600 10.4600 4.0000
        vertex -2.7400 10.8400 4.0000
    endloop
endfacet
facet normal 0.0000 0.0000 10.1250
    outer loop
        vertex -3.0400 9.6000 4.0000
        vertex -2.9400 9.4600 4.0000
        vertex -2.8400 9.5200 4.0000
    endloop
endfacet
facet normal 0.0000 0.0000 10.1500
    outer loop
        vertex -2.8400 9.5200 4.0000
        vertex -2.9400 9.6800 4.0000
        vertex -3.0400 9.6000 4.0000
    endloop
endfacet
facet normal 0.0000 0.0000 10.1550
    outer loop
        vertex -2.9400 9.6800 4.0000
        vertex -2.8400 9.5200 4.0000
        vertex -2.7600 9.6400 4.0000
    endloop
endfacet
facet normal 0.0000 0.0000 10.1625
    outer loop
        vertex -2.7600 9.6400 4.0000
        vertex -2.7400 9.7800 4.0000
        vertex -2.9400 9.6800 4.0000
    endloop
endfacet
facet normal 0.0000 0.0000 10.1125
    outer loop
        vertex -2.9200 9.7800 4.0000
        vertex -2.9400 9.6800 4.0000
        vertex -2.7400 9.7800 4.0000
    endloop
endfacet
facet normal 0.0000 0.0000 10.1575
    outer loop
        vertex -2.7400 9.7800 4.0000
        vertex -2.7400 9.9200 4.0000
        vertex -2.9200 9.7800 4.0000
    endloop
endfacet
facet normal 0.0000 0.0000 10.1075
    outer loop
        vertex -2.9400 9.8600 4.0000
        vertex -2.9200 9.7800 4.0000
        vertex -2.7400 9.9200 4.0000
    endloop
endfacet
facet normal 0.0000 0.0000 10.1900
    outer loop
        vertex -2.7400 9.9200 4.0000
        vertex -2.7800 10.0600 4.0000
        vertex -2.9400 9.8600 4.0000
    endloop
endfacet
facet normal 0.0000 0.0000 10.2600
    outer loop
        vertex -2.9400 9.8600 4.0000
        vertex -2.7800 10.0600 4.0000
        vertex -2.8600 10.2200 4.0000
    endloop
endfacet
facet normal 0.0000 0.0000 10.5700
    outer loop
        vertex -2.8600 10.2200 4.0000
        vertex -3.0600 10.4600 4.0000
        vertex -2.9400 9.8600 4.0000
    endloop
endfacet
facet normal 0.0000 0.0000 10.5103
    outer loop
        vertex -2.9400 9.8600 4.0000
        vertex -3.0600 10.4600 4.0000
        vertex -3.2196 10.5776 4.0000
    endloop
endfacet
facet normal 0.0000 0.0000 10.7009
    outer loop
        vertex -2.9400 9.8600 4.0000
        vertex -3.2196 10.5776 4.0000
        vertex -3.4672 10.8120 4.0000
    endloop
endfacet
facet normal 0.0000 0.0000 11.8917
    outer loop
        vertex -3.4672 10.8120 4.0000
        vertex -4.0000 11.2000 4.0000
        vertex -2.9400 9.8600 4.0000
    endloop
endfacet
facet normal 0.0000 0.0000 10.4252
    outer loop
        vertex -3.9480 10.2600 4.0000
        vertex -3.7320 9.9900 4.0000
        vertex -3.2000 9.6400 4.0000
    endloop
endfacet
facet normal 0.0000 0.0000 12.1570
    outer loop
        vertex -3.2000 9.6400 4.0000
        vertex -4.2600 10.9800 4.0000
        vertex -3.9480 10.2600 4.0000
    endloop
endfacet
facet normal 0.0000 0.0000 10.3570
    outer loop
        vertex -3.9480 10.2600 4.0000
        vertex -4.2600 10.9800 4.0000
        vertex -4.1400 10.5200 4.0000
    endloop
endfacet
facet normal 0.0000 0.0000 10.2350
    outer loop
        vertex -5.3000 9.5000 4.0000
        vertex -5.5600 9.7800 4.0000
        vertex -5.6200 9.7000 4.0000
    endloop
endfacet
facet normal 0.0000 0.0000 10.1650
    outer loop
        vertex -5.3000 9.5000 4.0000
        vertex -5.6200 9.7000 4.0000
        vertex -5.7200 9.6800 4.0000
    endloop
endfacet
facet normal 0.0000 0.0000 12.7775
    outer loop
        vertex -5.5600 9.7800 4.0000
        vertex -5.3000 9.5000 4.0000
        vertex -5.1800 11.0800 4.0000
    endloop
endfacet
facet normal 0.0000 0.0000 11.9900
    outer loop
        vertex -5.1800 11.0800 4.0000
        vertex -5.4600 10.9600 4.0000
        vertex -5.5600 9.7800 4.0000
    endloop
endfacet
facet normal 0.0000 0.0000 10.2050
    outer loop
        vertex -5.4600 10.9600 4.0000
        vertex -5.1800 11.0800 4.0000
        vertex -5.5000 11.0600 4.0000
    endloop
endfacet
facet normal 0.0000 0.0000 10.0900
    outer loop
        vertex -5.5000 11.0600 4.0000
        vertex -5.1800 11.0800 4.0000
        vertex -5.5800 11.1000 4.0000
    endloop
endfacet
facet normal 0.0000 0.0000 10.4550
    outer loop
        vertex 2.5400 11.7800 4.0000
        vertex 2.6400 11.8400 4.0000
        vertex 1.3600 11.8000 4.0000
    endloop
endfacet
facet normal 0.0000 0.0000 10.2800
    outer loop
        vertex 1.3600 11.8000 4.0000
        vertex 1.4800 11.7600 4.0000
        vertex 2.5400 11.7800 4.0000
    endloop
endfacet
facet normal 0.0000 0.0000 10.0875
    outer loop
        vertex -4.6400 2.3400 4.0000
        vertex -4.5000 2.7600 4.0000
        vertex -4.5000 2.8600 4.0000
    endloop
endfacet
facet normal 0.0000 0.0000 12.1575
    outer loop
        vertex -4.5000 2.8600 4.0000
        vertex -4.9000 3.8400 4.0000
        vertex -4.6400 2.3400 4.0000
    endloop
endfacet
facet normal 0.0000 0.0000 10.4450
    outer loop
        vertex -4.5000 2.8600 4.0000
        vertex -4.4600 2.9400 4.0000
        vertex -4.9000 3.8400 4.0000
    endloop
endfacet
facet normal 0.0000 0.0000 10.2225
    outer loop
        vertex -0.6400 3.9200 4.0000
        vertex -0.2400 4.1000 4.0000
        vertex -0.2600 4.1800 4.0000
    endloop
endfacet
facet normal 0.0000 0.0000 10.4450
    outer loop
        vertex -0.2600 4.1800 4.0000
        vertex -0.6800 4.0800 4.0000
        vertex -0.6400 3.9200 4.0000
    endloop
endfacet
facet normal 0.0000 0.0000 11.0900
    outer loop
        vertex -1.6400 3.5600 4.0000
        vertex -0.6400 3.9200 4.0000
        vertex -0.6800 4.0800 4.0000
    endloop
endfacet
facet normal 0.0000 0.0000 11.2150
    outer loop
        vertex -0.6800 4.0800 4.0000
        vertex -1.4600 3.8600 4.0000
        vertex -1.6400 3.5600 4.0000
    endloop
endfacet
facet normal 0.0000 0.0000 10.5400
    outer loop
        vertex -2.0000 3.4400 4.0000
        vertex -1.6400 3.5600 4.0000
        vertex -1.4600 3.8600 4.0000
    endloop
endfacet
facet normal 0.0000 0.0000 10.5250
    outer loop
        vertex -1.4600 3.8600 4.0000
        vertex -1.8400 3.7200 4.0000
        vertex -2.0000 3.4400 4.0000
    endloop
endfacet
facet normal 0.0000 0.0000 11.2000
    outer loop
        vertex -2.8000 3.2400 4.0000
        vertex -2.0000 3.4400 4.0000
        vertex -1.8400 3.7200 4.0000
    endloop
endfacet
facet normal 0.0000 0.0000 10.6600
    outer loop
        vertex -1.8400 3.7200 4.0000
        vertex -2.8200 3.3400 4.0000
        vertex -2.8000 3.2400 4.0000
    endloop
endfacet
facet normal 0.0000 0.0000 10.5675
    outer loop
        vertex -1.0400 4.7000 4.0000
        vertex -0.7200 5.4800 4.0000
        vertex -0.8200 5.5200 4.0000
    endloop
endfacet
facet normal 0.0000 0.0000 11.2100
    outer loop
        vertex -0.8200 5.5200 4.0000
        vertex -1.2600 4.7600 4.0000
        vertex -1.0400 4.7000 4.0000
    endloop
endfacet
facet normal 0.0000 0.0000 11.3125
    outer loop
        vertex -1.4600 3.8600 4.0000
        vertex -1.0400 4.7000 4.0000
        vertex -1.2600 4.7600 4.0000
    endloop
endfacet
facet normal 0.0000 0.0000 11.9625
    outer loop
        vertex -1.2600 4.7600 4.0000
        vertex -1.8400 3.7200 4.0000
        vertex -1.4600 3.8600 4.0000
    endloop
endfacet
facet normal 0.0000 0.0000 10.9150
    outer loop
        vertex -1.9800 3.0400 4.0000
        vertex -1.6400 3.5600 4.0000
        vertex -2.0000 3.4400 4.0000
    endloop
endfacet
facet normal 0.0000 0.0000 10.6600
    outer loop
        vertex -2.0000 3.4400 4.0000
        vertex -2.2400 2.9600 4.0000
        vertex -1.9800 3.0400 4.0000
    endloop
endfacet
facet normal 0.0000 0.0000 10.7625
    outer loop
        vertex -2.3400 2.4600 4.0000
        vertex -1.9800 3.0400 4.0000
        vertex -2.2400 2.9600 4.0000
    endloop
endfacet
facet normal 0.0000 0.0000 10.2750
    outer loop
        vertex -2.2400 2.9600 4.0000
        vertex -2.4200 2.5000 4.0000
        vertex -2.3400 2.4600 4.0000
    endloop
endfacet
facet normal 0.0000 0.0000 10.2100
    outer loop
        vertex 0.2800 3.7000 4.0000
        vertex -0.2600 4.1800 4.0000
        vertex -0.2400 4.1000 4.0000
    endloop
endfacet
facet normal 0.0000 0.0000 16.3450
    outer loop
        vertex -0.2600 4.1800 4.0000
        vertex 0.7600 5.6800 4.0000
        vertex 0.2600 5.9400 4.0000
    endloop
endfacet
facet normal 0.0000 0.0000 19.2850
    outer loop
        vertex 0.2600 5.9400 4.0000
        vertex -0.7200 5.4800 4.0000
        vertex -0.2600 4.1800 4.0000
    endloop
endfacet
facet normal 0.0000 0.0000 13.0450
    outer loop
        vertex -0.7200 5.4800 4.0000
        vertex 0.2600 5.9400 4.0000
        vertex -0.1600 6.2400 4.0000
    endloop
endfacet
facet normal 0.0000 0.0000 10.6150
    outer loop
        vertex -0.1600 6.2400 4.0000
        vertex -0.8200 5.5200 4.0000
        vertex -0.7200 5.4800 4.0000
    endloop
endfacet
facet normal 0.0000 0.0000 13.2850
    outer loop
        vertex -0.8200 5.5200 4.0000
        vertex -0.1600 6.2400 4.0000
        vertex -0.5600 6.6000 4.0000
    endloop
endfacet
facet normal 0.0000 0.0000 12.2425
    outer loop
        vertex -0.8200 5.5200 4.0000
        vertex -0.5600 6.6000 4.0000
        vertex -0.8200 6.9000 4.0000
    endloop
endfacet
facet normal 0.0000 0.0000 23.0500
    outer loop
        vertex -1.2600 4.7600 4.0000
        vertex -0.8200 5.5200 4.0000
        vertex -3.8800 4.9800 4.0000
    endloop
endfacet
facet normal 0.0000 0.0000 35.3975
    outer loop
        vertex -3.8800 4.9800 4.0000
        vertex -2.8200 3.3400 4.0000
        vertex -1.2600 4.7600 4.0000
    endloop
endfacet
facet normal 0.0000 0.0000 14.9925
    outer loop
        vertex -2.8200 3.3400 4.0000
        vertex -1.8400 3.7200 4.0000
        vertex -1.2600 4.7600 4.0000
    endloop
endfacet
facet normal 0.0000 0.0000 11.8525
    outer loop
        vertex -1.0400 4.7000 4.0000
        vertex -0.6800 4.0800 4.0000
        vertex -0.2600 4.1800 4.0000
    endloop
endfacet
facet normal 0.0000 0.0000 14.8425
    outer loop
        vertex -0.2600 4.1800 4.0000
        vertex -0.7200 5.4800 4.0000
        vertex -1.0400 4.7000 4.0000
    endloop
endfacet
facet normal 0.0000 0.0000 13.5175
    outer loop
        vertex -1.4600 3.8600 4.0000
        vertex -0.6800 4.0800 4.0000
        vertex -1.0400 4.7000 4.0000
    endloop
endfacet
facet normal 0.0000 0.0000 11.5850
    outer loop
        vertex 0.2800 3.7000 4.0000
        vertex -0.2400 4.1000 4.0000
        vertex -0.6400 3.9200 4.0000
    endloop
endfacet
facet normal 0.0000 0.0000 18.4775
    outer loop
        vertex -0.6400 3.9200 4.0000
        vertex -0.7000 2.4600 4.0000
        vertex 0.2800 3.7000 4.0000
    endloop
endfacet
facet normal 0.0000 0.0000 18.9900
    outer loop
        vertex -0.7000 2.4600 4.0000
        vertex -0.6400 3.9200 4.0000
        vertex -1.6400 3.5600 4.0000
    endloop
endfacet
facet normal 0.0000 0.0000 15.3925
    outer loop
        vertex -1.6400 3.5600 4.0000
        vertex -1.9800 3.0400 4.0000
        vertex -0.7000 2.4600 4.0000
    endloop
endfacet
facet normal 0.0000 0.0000 19.9550
    outer loop
        vertex -1.4600 1.5600 4.0000
        vertex -0.7000 2.4600 4.0000
        vertex -1.9800 3.0400 4.0000
    endloop
endfacet
facet normal 0.0000 0.0000 11.2500
    outer loop
        vertex -1.9800 3.0400 4.0000
        vertex -1.5600 1.4600 4.0000
        vertex -1.4600 1.5600 4.0000
    endloop
endfacet
facet normal 0.0000 0.0000 10.8425
    outer loop
        vertex -1.6400 1.4400 4.0000
        vertex -1.5600 1.4600 4.0000
        vertex -1.9800 3.0400 4.0000
    endloop
endfacet
facet normal 0.0000 0.0000 10.9575
    outer loop
        vertex -1.9800 3.0400 4.0000
        vertex -1.7400 1.4600 4.0000
        vertex -1.6400 1.4400 4.0000
    endloop
endfacet
facet normal 0.0000 0.0000 14.4250
    outer loop
        vertex -1.7400 1.4600 4.0000
        vertex -1.9800 3.0400 4.0000
        vertex -2.3400 2.4600 4.0000
    endloop
endfacet
facet normal 0.0000 0.0000 12.0500
    outer loop
        vertex -2.3400 2.4600 4.0000
        vertex -2.2000 1.6800 4.0000
        vertex -1.7400 1.4600 4.0000
    endloop
endfacet
facet normal 0.0000 0.0000 12.5925
    outer loop
        vertex -2.8000 2.0600 4.0000
        vertex -2.2000 1.6800 4.0000
        vertex -2.3400 2.4600 4.0000
    endloop
endfacet
facet normal 0.0000 0.0000 10.3150
    outer loop
        vertex -2.3400 2.4600 4.0000
        vertex -2.4200 2.5000 4.0000
        vertex -2.8000 2.0600 4.0000
    endloop
endfacet
facet normal 0.0000 0.0000 12.6950
    outer loop
        vertex -3.4000 2.5000 4.0000
        vertex -2.8000 2.0600 4.0000
        vertex -2.4200 2.5000 4.0000
    endloop
endfacet
facet normal 0.0000 0.0000 14.5325
    outer loop
        vertex -2.4200 2.5000 4.0000
        vertex -2.8000 3.2400 4.0000
        vertex -3.4000 2.5000 4.0000
    endloop
endfacet
facet normal 0.0000 0.0000 24.3625
    outer loop
        vertex -4.2600 3.4000 4.0000
        vertex -2.8200 3.3400 4.0000
        vertex -3.8800 4.9800 4.0000
    endloop
endfacet
facet normal 0.0000 0.0000 15.0675
    outer loop
        vertex -3.8800 4.9800 4.0000
        vertex -4.6000 4.1200 4.0000
        vertex -4.2600 3.4000 4.0000
    endloop
endfacet
facet normal 0.0000 0.0000 10.6325
    outer loop
        vertex -4.5800 3.7800 4.0000
        vertex -4.2600 3.4000 4.0000
        vertex -4.6000 4.1200 4.0000
    endloop
endfacet
facet normal 0.0000 0.0000 10.1425
    outer loop
        vertex -4.6000 4.1200 4.0000
        vertex -4.6600 4.0000 4.0000
        vertex -4.5800 3.7800 4.0000
    endloop
endfacet
facet normal 0.0000 0.0000 10.0500
    outer loop
        vertex -4.5800 3.7800 4.0000
        vertex -4.6600 4.0000 4.0000
        vertex -4.6600 3.9000 4.0000
    endloop
endfacet
facet normal 0.0000 0.0000 12.1000
    outer loop
        vertex -2.2400 2.9600 4.0000
        vertex -2.0000 3.4400 4.0000
        vertex -2.8000 3.2400 4.0000
    endloop
endfacet
facet normal 0.0000 0.0000 11.9250
    outer loop
        vertex -2.4200 2.5000 4.0000
        vertex -2.2400 2.9600 4.0000
        vertex -2.8000 3.2400 4.0000
    endloop
endfacet
facet normal 0.0000 0.0000 10.4675
    outer loop
        vertex -3.4000 2.5000 4.0000
        vertex -2.8000 3.2400 4.0000
        vertex -2.8200 3.3400 4.0000
    endloop
endfacet
facet normal 0.0000 0.0000 13.9050
    outer loop
        vertex -2.8200 3.3400 4.0000
        vertex -3.8400 2.9400 4.0000
        vertex -3.4000 2.5000 4.0000
    endloop
endfacet
facet normal 0.0000 0.0000 13.9825
    outer loop
        vertex -3.8400 2.9400 4.0000
        vertex -2.8200 3.3400 4.0000
        vertex -4.2600 3.4000 4.0000
    endloop
endfacet
facet normal 0.0000 0.0000 -0.1375
    outer loop
        vertex -3.2400 4.2800 -4.0000
        vertex -3.3600 4.1400 -4.0000
        vertex -3.3800 4.3000 -4.0000
    endloop
endfacet
facet normal 0.0000 0.0000 -0.1475
    outer loop
        vertex -3.3800 4.3000 -4.0000
        vertex -3.3200 4.4600 -4.0000
        vertex -3.2400 4.2800 -4.0000
    endloop
endfacet
facet normal 0.0000 0.0000 -0.1200
    outer loop
        vertex -3.1600 4.3400 -4.0000
        vertex -3.2400 4.2800 -4.0000
        vertex -3.3200 4.4600 -4.0000
    endloop
endfacet
facet normal 0.0000 0.0000 -0.1900
    outer loop
        vertex -3.3200 4.4600 -4.0000
        vertex -3.2000 4.5600 -4.0000
        vertex -3.1600 4.3400 -4.0000
    endloop
endfacet
facet normal 0.0000 0.0000 -0.2350
    outer loop
        vertex -3.0000 4.4000 -4.0000
        vertex -3.1600 4.3400 -4.0000
        vertex -3.2000 4.5600 -4.0000
    endloop
endfacet
facet normal 0.0000 0.0000 -0.2350
    outer loop
        vertex -3.2000 4.5600 -4.0000
        vertex -3.0400 4.6200 -4.0000
        vertex -3.0000 4.4000 -4.0000
    endloop
endfacet
facet normal 0.0000 0.0000 -0.2800
    outer loop
        vertex -2.8000 4.4200 -4.0000
        vertex -3.0000 4.4000 -4.0000
        vertex -3.0400 4.6200 -4.0000
    endloop
endfacet
facet normal 0.0000 0.0000 -0.2350
    outer loop
        vertex -3.0400 4.6200 -4.0000
        vertex -2.9000 4.6600 -4.0000
        vertex -2.8000 4.4200 -4.0000
    endloop
endfacet
facet normal 0.0000 0.0000 -0.2300
    outer loop
        vertex -2.8000 4.4200 -4.0000
        vertex -2.9000 4.6600 -4.0000
        vertex -2.7800 4.7400 -4.0000
    endloop
endfacet
facet normal 0.0000 0.0000 -0.1800
    outer loop
        vertex -2.2600 4.4800 -4.0000
        vertex -2.3800 4.7600 -4.0000
        vertex -2.2600 4.7200 -4.0000
    endloop
endfacet
facet normal 0.0000 0.0000 -0.2400
    outer loop
        vertex -2.2600 4.7200 -4.0000
        vertex -2.1000 4.5000 -4.0000
        vertex -2.2600 4.4800 -4.0000
    endloop
endfacet
facet normal 0.0000 0.0000 -0.2750
    outer loop
        vertex -2.1000 4.5000 -4.0000
        vertex -2.2600 4.7200 -4.0000
        vertex -2.0600 4.7200 -4.0000
    endloop
endfacet
facet normal 0.0000 0.0000 -0.1975
    outer loop
        vertex -2.0600 4.7200 -4.0000
        vertex -1.9600 4.4800 -4.0000
        vertex -2.1000 4.5000 -4.0000
    endloop
endfacet
facet normal 0.0000 0.0000 -0.2275
    outer loop
        vertex -1.9600 4.4800 -4.0000
        vertex -2.0600 4.7200 -4.0000
        vertex -1.9000 4.7000 -4.0000
    endloop
endfacet
facet normal 0.0000 0.0000 -0.1800
    outer loop
        vertex -1.9000 4.7000 -4.0000
        vertex -1.8400 4.4400 -4.0000
        vertex -1.9600 4.4800 -4.0000
    endloop
endfacet
facet normal 0.0000 0.0000 -0.1975
    outer loop
        vertex -1.8400 4.4400 -4.0000
        vertex -1.9000 4.7000 -4.0000
        vertex -1.7600 4.6200 -4.0000
    endloop
endfacet
facet normal 0.0000 0.0000 -0.1650
    outer loop
        vertex -1.7600 4.6200 -4.0000
        vertex -1.7200 4.3800 -4.0000
        vertex -1.8400 4.4400 -4.0000
    endloop
endfacet
facet normal 0.0000 0.0000 -0.0900
    outer loop
        vertex -1.7200 4.3800 -4.0000
        vertex -1.7600 4.6200 -4.0000
        vertex -1.6800 4.5000 -4.0000
    endloop
endfacet
facet normal 0.0000 0.0000 -0.0750
    outer loop
        vertex -1.6800 4.5000 -4.0000
        vertex -1.6400 4.3200 -4.0000
        vertex -1.7200 4.3800 -4.0000
    endloop
endfacet
facet normal 0.0000 0.0000 -0.7975
    outer loop
        vertex -2.8000 4.4200 -4.0000
        vertex -2.7800 4.7400 -4.0000
        vertex -2.3800 4.7600 -4.0000
    endloop
endfacet
facet normal 0.0000 0.0000 -0.9900
    outer loop
        vertex -2.3800 4.7600 -4.0000
        vertex -2.2600 4.4800 -4.0000
        vertex -2.8000 4.4200 -4.0000
    endloop
endfacet
facet normal 0.0000 0.0000 -0.1400
    outer loop
        vertex -3.9000 4.2000 -4.0000
        vertex -4.0000 4.0800 -4.0000
        vertex -4.0200 4.2800 -4.0000
    endloop
endfacet
facet normal 0.0000 0.0000 -0.1900
    outer loop
        vertex -4.0200 4.2800 -4.0000
        vertex -4.0000 4.5200 -4.0000
        vertex -3.9000 4.2000 -4.0000
    endloop
endfacet
facet normal 0.0000 0.0000 -0.3575
    outer loop
        vertex -3.7400 4.2600 -4.0000
        vertex -3.9000 4.2000 -4.0000
        vertex -4.0000 4.5200 -4.0000
    endloop
endfacet
facet normal 0.0000 0.0000 -0.6175
    outer loop
        vertex -4.0000 4.5200 -4.0000
        vertex -3.8600 4.7600 -4.0000
        vertex -3.7400 4.2600 -4.0000
    endloop
endfacet
facet normal 0.0000 0.0000 -0.2975
    outer loop
        vertex -3.6400 4.2400 -4.0000
        vertex -3.7400 4.2600 -4.0000
        vertex -3.8600 4.7600 -4.0000
    endloop
endfacet
facet normal 0.0000 0.0000 -0.9275
    outer loop
        vertex -3.8600 4.7600 -4.0000
        vertex -3.3800 4.3000 -4.0000
        vertex -3.6400 4.2400 -4.0000
    endloop
endfacet
facet normal 0.0000 0.0000 -0.1925
    outer loop
        vertex -3.5600 4.1400 -4.0000
        vertex -3.6400 4.2400 -4.0000
        vertex -3.3800 4.3000 -4.0000
    endloop
endfacet
facet normal 0.0000 0.0000 -0.2000
    outer loop
        vertex -3.3800 4.3000 -4.0000
        vertex -3.3600 4.1400 -4.0000
        vertex -3.5600 4.1400 -4.0000
    endloop
endfacet
facet normal 0.0000 0.0000 -0.2250
    outer loop
        vertex -3.5600 3.9600 -4.0000
        vertex -3.5600 4.1400 -4.0000
        vertex -3.3600 4.1400 -4.0000
    endloop
endfacet
facet normal 0.0000 0.0000 -1.2100
    outer loop
        vertex -3.3600 4.1400 -4.0000
        vertex -3.0400 3.4600 -4.0000
        vertex -3.5600 3.9600 -4.0000
    endloop
endfacet
facet normal 0.0000 0.0000 -0.5675
    outer loop
        vertex -3.5600 3.9600 -4.0000
        vertex -3.0400 3.4600 -4.0000
        vertex -3.1800 3.4200 -4.0000
    endloop
endfacet
facet normal 0.0000 0.0000 -0.7050
    outer loop
        vertex -3.1800 3.4200 -4.0000
        vertex -3.6000 3.7200 -4.0000
        vertex -3.5600 3.9600 -4.0000
    endloop
endfacet
facet normal 0.0000 0.0000 -0.3975
    outer loop
        vertex -3.6000 3.7200 -4.0000
        vertex -3.1800 3.4200 -4.0000
        vertex -3.2800 3.3400 -4.0000
    endloop
endfacet
facet normal 0.0000 0.0000 -0.4950
    outer loop
        vertex -3.2800 3.3400 -4.0000
        vertex -3.6400 3.5200 -4.0000
        vertex -3.6000 3.7200 -4.0000
    endloop
endfacet
facet normal 0.0000 0.0000 -0.4725
    outer loop
        vertex -3.6200 3.3000 -4.0000
        vertex -3.6400 3.5200 -4.0000
        vertex -3.2800 3.3400 -4.0000
    endloop
endfacet
facet normal 0.0000 0.0000 -0.2825
    outer loop
        vertex -3.2800 3.3400 -4.0000
        vertex -3.3400 3.2000 -4.0000
        vertex -3.6200 3.3000 -4.0000
    endloop
endfacet
facet normal 0.0000 0.0000 -0.2425
    outer loop
        vertex -3.5600 3.1400 -4.0000
        vertex -3.6200 3.3000 -4.0000
        vertex -3.3400 3.2000 -4.0000
    endloop
endfacet
facet normal 0.0000 0.0000 -0.2650
    outer loop
        vertex -3.3400 3.2000 -4.0000
        vertex -3.4400 2.9800 -4.0000
        vertex -3.5600 3.1400 -4.0000
    endloop
endfacet
facet normal 0.0000 0.0000 -0.0600
    outer loop
        vertex -3.4400 2.9800 -4.0000
        vertex -3.3400 3.2000 -4.0000
        vertex -3.3600 3.0600 -4.0000
    endloop
endfacet
facet normal 0.0000 0.0000 -0.0800
    outer loop
        vertex -3.3400 2.9200 -4.0000
        vertex -3.4400 2.9800 -4.0000
        vertex -3.3600 3.0600 -4.0000
    endloop
endfacet
facet normal 0.0000 0.0000 -0.6525
    outer loop
        vertex -3.3200 4.4600 -4.0000
        vertex -3.3800 4.3000 -4.0000
        vertex -3.8600 4.7600 -4.0000
    endloop
endfacet
facet normal 0.0000 0.0000 -1.6125
    outer loop
        vertex -3.8600 4.7600 -4.0000
        vertex -3.5400 5.0600 -4.0000
        vertex -3.3200 4.4600 -4.0000
    endloop
endfacet
facet normal 0.0000 0.0000 -0.1025
    outer loop
        vertex -2.9800 5.1000 -4.0000
        vertex -2.9600 4.9400 -4.0000
        vertex -3.0600 4.9200 -4.0000
    endloop
endfacet
facet normal 0.0000 0.0000 -0.1850
    outer loop
        vertex -3.0600 4.9200 -4.0000
        vertex -3.1000 5.2000 -4.0000
        vertex -2.9800 5.1000 -4.0000
    endloop
endfacet
facet normal 0.0000 0.0000 -0.1575
    outer loop
        vertex -2.9800 5.1000 -4.0000
        vertex -3.1000 5.2000 -4.0000
        vertex -2.9200 5.2600 -4.0000
    endloop
endfacet
facet normal 0.0000 0.0000 -0.7050
    outer loop
        vertex -2.9200 5.2600 -4.0000
        vertex -2.2600 5.1400 -4.0000
        vertex -2.9800 5.1000 -4.0000
    endloop
endfacet
facet normal 0.0000 0.0000 -0.0625
    outer loop
        vertex -2.1600 5.0200 -4.0000
        vertex -2.2600 5.0400 -4.0000
        vertex -2.2600 5.1400 -4.0000
    endloop
endfacet
facet normal 0.0000 0.0000 -0.1650
    outer loop
        vertex -2.2600 5.1400 -4.0000
        vertex -2.1400 5.2600 -4.0000
        vertex -2.1600 5.0200 -4.0000
    endloop
endfacet
facet normal 0.0000 0.0000 -0.1800
    outer loop
        vertex -2.3400 5.3000 -4.0000
        vertex -2.1400 5.2600 -4.0000
        vertex -2.2600 5.1400 -4.0000
    endloop
endfacet
facet normal 0.0000 0.0000 -0.6000
    outer loop
        vertex -2.2600 5.1400 -4.0000
        vertex -2.9200 5.2600 -4.0000
        vertex -2.3400 5.3000 -4.0000
    endloop
endfacet
facet normal 0.0000 0.0000 -0.1000
    outer loop
        vertex -2.9200 5.2600 -4.0000
        vertex -2.7400 5.3400 -4.0000
        vertex -2.5400 5.3400 -4.0000
    endloop
endfacet
facet normal 0.0000 0.0000 -0.1950
    outer loop
        vertex -2.5400 5.3400 -4.0000
        vertex -2.3400 5.3000 -4.0000
        vertex -2.9200 5.2600 -4.0000
    endloop
endfacet
facet normal 0.0000 0.0000 -0.2000
    outer loop
        vertex -2.5400 5.3400 -4.0000
        vertex -2.7400 5.3400 -4.0000
        vertex -2.7600 5.5000 -4.0000
    endloop
endfacet
facet normal 0.0000 0.0000 -0.2000
    outer loop
        vertex -2.7600 5.5000 -4.0000
        vertex -2.5600 5.5000 -4.0000
        vertex -2.5400 5.3400 -4.0000
    endloop
endfacet
facet normal 0.0000 0.0000 -0.8050
    outer loop
        vertex -3.5400 5.0600 -4.0000
        vertex -3.1000 5.2000 -4.0000
        vertex -3.0600 4.9200 -4.0000
    endloop
endfacet
facet normal 0.0000 0.0000 -1.2025
    outer loop
        vertex -3.0600 4.9200 -4.0000
        vertex -3.2000 4.5600 -4.0000
        vertex -3.5400 5.0600 -4.0000
    endloop
endfacet
facet normal 0.0000 0.0000 -0.5875
    outer loop
        vertex -3.3200 4.4600 -4.0000
        vertex -3.5400 5.0600 -4.0000
        vertex -3.2000 4.5600 -4.0000
    endloop
endfacet
facet normal 0.0000 0.0000 -0.3075
    outer loop
        vertex -3.0400 4.6200 -4.0000
        vertex -3.2000 4.5600 -4.0000
        vertex -3.0600 4.9200 -4.0000
    endloop
endfacet
facet normal 0.0000 0.0000 -0.1900
    outer loop
        vertex -3.0600 4.9200 -4.0000
        vertex -2.9600 4.9400 -4.0000
        vertex -3.0400 4.6200 -4.0000
    endloop
endfacet
facet normal 0.0000 0.0000 -0.2600
    outer loop
        vertex -2.9000 4.6600 -4.0000
        vertex -3.0400 4.6200 -4.0000
        vertex -2.9600 4.9400 -4.0000
    endloop
endfacet
facet normal 0.0000 0.0000 -0.2400
    outer loop
        vertex -2.9600 4.9400 -4.0000
        vertex -2.7800 4.7400 -4.0000
        vertex -2.9000 4.6600 -4.0000
    endloop
endfacet
facet normal 0.0000 0.0000 -0.1550
    outer loop
        vertex -2.7800 4.7400 -4.0000
        vertex -2.9600 4.9400 -4.0000
        vertex -2.9800 5.1000 -4.0000
    endloop
endfacet
facet normal 0.0000 0.0000 -1.6700
    outer loop
        vertex -2.9800 5.1000 -4.0000
        vertex -2.2600 5.1400 -4.0000
        vertex -2.7800 4.7400 -4.0000
    endloop
endfacet
facet normal 0.0000 0.0000 -0.3250
    outer loop
        vertex -2.7800 4.7400 -4.0000
        vertex -2.2600 5.1400 -4.0000
        vertex -2.2600 5.0400 -4.0000
    endloop
endfacet
facet normal 0.0000 0.0000 -0.6850
    outer loop
        vertex -2.2600 5.0400 -4.0000
        vertex -2.3800 4.7600 -4.0000
        vertex -2.7800 4.7400 -4.0000
    endloop
endfacet
facet normal 0.0000 0.0000 -0.2400
    outer loop
        vertex -2.2600 4.7200 -4.0000
        vertex -2.3800 4.7600 -4.0000
        vertex -2.2600 5.0400 -4.0000
    endloop
endfacet
facet normal 0.0000 0.0000 -0.2000
    outer loop
        vertex -2.2600 5.0400 -4.0000
        vertex -2.1600 5.0200 -4.0000
        vertex -2.2600 4.7200 -4.0000
    endloop
endfacet
facet normal 0.0000 0.0000 -0.3750
    outer loop
        vertex -2.0600 4.7200 -4.0000
        vertex -2.2600 4.7200 -4.0000
        vertex -2.1600 5.0200 -4.0000
    endloop
endfacet
facet normal 0.0000 0.0000 -0.2875
    outer loop
        vertex -1.9000 4.7000 -4.0000
        vertex -2.0600 4.7200 -4.0000
        vertex -2.1600 5.0200 -4.0000
    endloop
endfacet
facet normal 0.0000 0.0000 -0.4300
    outer loop
        vertex -2.1600 5.0200 -4.0000
        vertex -2.1400 5.2600 -4.0000
        vertex -1.9000 4.7000 -4.0000
    endloop
endfacet
facet normal 0.0000 0.0000 -0.7900
    outer loop
        vertex -3.0400 3.4600 -4.0000
        vertex -3.3600 4.1400 -4.0000
        vertex -3.2400 4.2800 -4.0000
    endloop
endfacet
facet normal 0.0000 0.0000 -0.4850
    outer loop
        vertex -3.2400 4.2800 -4.0000
        vertex -3.1600 4.3400 -4.0000
        vertex -3.0400 3.4600 -4.0000
    endloop
endfacet
facet normal 0.0000 0.0000 -0.9250
    outer loop
        vertex -3.0400 3.4600 -4.0000
        vertex -3.1600 4.3400 -4.0000
        vertex -3.0000 4.4000 -4.0000
    endloop
endfacet
facet normal 0.0000 0.0000 -1.1700
    outer loop
        vertex -3.0000 4.4000 -4.0000
        vertex -2.8000 4.4200 -4.0000
        vertex -3.0400 3.4600 -4.0000
    endloop
endfacet
facet normal 0.0000 0.0000 -0.8700
    outer loop
        vertex -2.9000 3.4400 -4.0000
        vertex -3.0400 3.4600 -4.0000
        vertex -2.8000 4.4200 -4.0000
    endloop
endfacet
facet normal 0.0000 0.0000 -0.6750
    outer loop
        vertex -2.8000 3.3400 -4.0000
        vertex -2.9000 3.4400 -4.0000
        vertex -2.8000 4.4200 -4.0000
    endloop
endfacet
facet normal 0.0000 0.0000 -3.6450
    outer loop
        vertex -2.8000 4.4200 -4.0000
        vertex -2.2600 4.4800 -4.0000
        vertex -2.8000 3.3400 -4.0000
    endloop
endfacet
facet normal 0.0000 0.0000 -5.0700
    outer loop
        vertex -2.8000 3.3400 -4.0000
        vertex -2.2600 4.4800 -4.0000
        vertex -2.0600 3.4000 -4.0000
    endloop
endfacet
facet normal 0.0000 0.0000 -0.6625
    outer loop
        vertex -2.0600 3.4000 -4.0000
        vertex -2.7600 3.2000 -4.0000
        vertex -2.8000 3.3400 -4.0000
    endloop
endfacet
facet normal 0.0000 0.0000 -0.7000
    outer loop
        vertex -2.7600 3.2000 -4.0000
        vertex -2.0600 3.4000 -4.0000
        vertex -2.0600 3.2400 -4.0000
    endloop
endfacet
facet normal 0.0000 0.0000 -0.7050
    outer loop
        vertex -2.0600 3.2400 -4.0000
        vertex -2.7400 3.0400 -4.0000
        vertex -2.7600 3.2000 -4.0000
    endloop
endfacet
facet normal 0.0000 0.0000 -0.6450
    outer loop
        vertex -2.7000 2.9000 -4.0000
        vertex -2.7400 3.0400 -4.0000
        vertex -2.0600 3.2400 -4.0000
    endloop
endfacet
facet normal 0.0000 0.0000 -0.6875
    outer loop
        vertex -2.0600 3.2400 -4.0000
        vertex -2.0000 3.1000 -4.0000
        vertex -2.7000 2.9000 -4.0000
    endloop
endfacet
facet normal 0.0000 0.0000 -0.5375
    outer loop
        vertex -2.6200 2.8000 -4.0000
        vertex -2.7000 2.9000 -4.0000
        vertex -2.0000 3.1000 -4.0000
    endloop
endfacet
facet normal 0.0000 0.0000 -0.5350
    outer loop
        vertex -2.0000 3.1000 -4.0000
        vertex -2.5000 2.7200 -4.0000
        vertex -2.6200 2.8000 -4.0000
    endloop
endfacet
facet normal 0.0000 0.0000 -0.5650
    outer loop
        vertex -2.5000 2.7200 -4.0000
        vertex -2.0000 3.1000 -4.0000
        vertex -1.9200 2.9800 -4.0000
    endloop
endfacet
facet normal 0.0000 0.0000 -0.6450
    outer loop
        vertex -1.9200 2.9800 -4.0000
        vertex -1.8800 2.8200 -4.0000
        vertex -2.5000 2.7200 -4.0000
    endloop
endfacet
facet normal 0.0000 0.0000 -0.5525
    outer loop
        vertex -2.3600 2.6000 -4.0000
        vertex -2.5000 2.7200 -4.0000
        vertex -1.8800 2.8200 -4.0000
    endloop
endfacet
facet normal 0.0000 0.0000 -0.4800
    outer loop
        vertex -1.8800 2.8200 -4.0000
        vertex -1.8800 2.6600 -4.0000
        vertex -2.3600 2.6000 -4.0000
    endloop
endfacet
facet normal 0.0000 0.0000 -0.4050
    outer loop
        vertex -2.3600 2.6000 -4.0000
        vertex -1.8800 2.6600 -4.0000
        vertex -1.9200 2.5200 -4.0000
    endloop
endfacet
facet normal 0.0000 0.0000 -0.2550
    outer loop
        vertex -1.9200 2.5200 -4.0000
        vertex -2.3200 2.5000 -4.0000
        vertex -2.3600 2.6000 -4.0000
    endloop
endfacet
facet normal 0.0000 0.0000 -0.2425
    outer loop
        vertex -2.3200 2.5000 -4.0000
        vertex -1.9200 2.5200 -4.0000
        vertex -1.9800 2.4200 -4.0000
    endloop
endfacet
facet normal 0.0000 0.0000 -0.2975
    outer loop
        vertex -1.9800 2.4200 -4.0000
        vertex -2.3200 2.3600 -4.0000
        vertex -2.3200 2.5000 -4.0000
    endloop
endfacet
facet normal 0.0000 0.0000 -0.2025
    outer loop
        vertex -2.3200 2.3600 -4.0000
        vertex -1.9800 2.4200 -4.0000
        vertex -2.1200 2.3000 -4.0000
    endloop
endfacet
facet normal 0.0000 0.0000 -0.1125
    outer loop
        vertex -2.1200 2.3000 -4.0000
        vertex -2.2200 2.2400 -4.0000
        vertex -2.3200 2.3600 -4.0000
    endloop
endfacet
facet normal 0.0000 0.0000 -0.1450
    outer loop
        vertex -2.3800 2.2000 -4.0000
        vertex -2.3200 2.3600 -4.0000
        vertex -2.2200 2.2400 -4.0000
    endloop
endfacet
facet normal 0.0000 0.0000 -0.6900
    outer loop
        vertex -1.9800 3.5200 -4.0000
        vertex -2.0600 3.4000 -4.0000
        vertex -2.2600 4.4800 -4.0000
    endloop
endfacet
facet normal 0.0000 0.0000 -0.9950
    outer loop
        vertex -2.2600 4.4800 -4.0000
        vertex -2.1000 4.5000 -4.0000
        vertex -1.9800 3.5200 -4.0000
    endloop
endfacet
facet normal 0.0000 0.0000 -1.0100
    outer loop
        vertex -1.8200 3.5600 -4.0000
        vertex -1.9800 3.5200 -4.0000
        vertex -2.1000 4.5000 -4.0000
    endloop
endfacet
facet normal 0.0000 0.0000 -0.7875
    outer loop
        vertex -2.1000 4.5000 -4.0000
        vertex -1.9600 4.4800 -4.0000
        vertex -1.8200 3.5600 -4.0000
    endloop
endfacet
facet normal 0.0000 0.0000 -0.6550
    outer loop
        vertex -1.8200 3.5600 -4.0000
        vertex -1.9600 4.4800 -4.0000
        vertex -1.8400 4.4400 -4.0000
    endloop
endfacet
facet normal 0.0000 0.0000 -0.6525
    outer loop
        vertex -1.8400 4.4400 -4.0000
        vertex -1.7200 4.3800 -4.0000
        vertex -1.8200 3.5600 -4.0000
    endloop
endfacet
facet normal 0.0000 0.0000 -0.4475
    outer loop
        vertex -1.8200 3.5600 -4.0000
        vertex -1.7200 4.3800 -4.0000
        vertex -1.6400 4.3200 -4.0000
    endloop
endfacet
facet normal 0.0000 0.0000 -0.7825
    outer loop
        vertex -1.6400 4.3200 -4.0000
        vertex -1.6600 3.5400 -4.0000
        vertex -1.8200 3.5600 -4.0000
    endloop
endfacet
facet normal 0.0000 0.0000 -1.0850
    outer loop
        vertex -1.6600 3.5400 -4.0000
        vertex -1.6400 4.3200 -4.0000
        vertex -1.4200 4.2200 -4.0000
    endloop
endfacet
facet normal 0.0000 0.0000 -0.5850
    outer loop
        vertex -1.4200 4.2200 -4.0000
        vertex -1.3600 4.0000 -4.0000
        vertex -1.6600 3.5400 -4.0000
    endloop
endfacet
facet normal 0.0000 0.0000 -0.5525
    outer loop
        vertex -1.5200 3.4600 -4.0000
        vertex -1.6600 3.5400 -4.0000
        vertex -1.3600 4.0000 -4.0000
    endloop
endfacet
facet normal 0.0000 0.0000 -0.5975
    outer loop
        vertex -1.3600 4.0000 -4.0000
        vertex -1.2600 3.7400 -4.0000
        vertex -1.5200 3.4600 -4.0000
    endloop
endfacet
facet normal 0.0000 0.0000 -0.4925
    outer loop
        vertex -1.5200 3.4600 -4.0000
        vertex -1.2600 3.7400 -4.0000
        vertex -1.2200 3.4800 -4.0000
    endloop
endfacet
facet normal 0.0000 0.0000 -0.1975
    outer loop
        vertex -1.2200 3.4800 -4.0000
        vertex -1.4400 3.3600 -4.0000
        vertex -1.5200 3.4600 -4.0000
    endloop
endfacet
facet normal 0.0000 0.0000 -0.2325
    outer loop
        vertex -1.4400 3.3600 -4.0000
        vertex -1.2200 3.4800 -4.0000
        vertex -1.2400 3.3000 -4.0000
    endloop
endfacet
facet normal 0.0000 0.0000 -0.1350
    outer loop
        vertex -1.2400 3.3000 -4.0000
        vertex -1.4000 3.2400 -4.0000
        vertex -1.4400 3.3600 -4.0000
    endloop
endfacet
facet normal 0.0000 0.0000 -0.0850
    outer loop
        vertex -1.4000 3.2400 -4.0000
        vertex -1.2400 3.3000 -4.0000
        vertex -1.2800 3.2000 -4.0000
    endloop
endfacet
facet normal 0.0000 0.0000 -0.1200
    outer loop
        vertex -1.2800 3.2000 -4.0000
        vertex -1.4000 3.0800 -4.0000
        vertex -1.4000 3.2400 -4.0000
    endloop
endfacet
facet normal 0.0000 0.0000 -0.2225
    outer loop
        vertex -1.4200 4.2200 -4.0000
        vertex -1.6400 4.3200 -4.0000
        vertex -1.6800 4.5000 -4.0000
    endloop
endfacet
facet normal 0.0000 0.0000 -0.2650
    outer loop
        vertex -1.6800 4.5000 -4.0000
        vertex -1.3800 4.3400 -4.0000
        vertex -1.4200 4.2200 -4.0000
    endloop
endfacet
facet normal 0.0000 0.0000 -0.2125
    outer loop
        vertex -1.2800 4.4000 -4.0000
        vertex -1.3800 4.3400 -4.0000
        vertex -1.6800 4.5000 -4.0000
    endloop
endfacet
facet normal 0.0000 0.0000 -0.2500
    outer loop
        vertex -1.6800 4.5000 -4.0000
        vertex -1.7600 4.6200 -4.0000
        vertex -1.2800 4.4000 -4.0000
    endloop
endfacet
facet normal 0.0000 0.0000 -1.8125
    outer loop
        vertex -1.2800 4.4000 -4.0000
        vertex -1.7600 4.6200 -4.0000
        vertex -1.1400 4.9400 -4.0000
    endloop
endfacet
facet normal 0.0000 0.0000 -0.6300
    outer loop
        vertex -1.1400 4.9400 -4.0000
        vertex -1.0000 4.7600 -4.0000
        vertex -1.2800 4.4000 -4.0000
    endloop
endfacet
facet normal 0.0000 0.0000 -0.3050
    outer loop
        vertex -1.1600 4.3800 -4.0000
        vertex -1.2800 4.4000 -4.0000
        vertex -1.0000 4.7600 -4.0000
    endloop
endfacet
facet normal 0.0000 0.0000 -0.4100
    outer loop
        vertex -1.0000 4.7600 -4.0000
        vertex -0.9200 4.5400 -4.0000
        vertex -1.1600 4.3800 -4.0000
    endloop
endfacet
facet normal 0.0000 0.0000 -0.1400
    outer loop
        vertex -1.0800 4.3400 -4.0000
        vertex -1.1600 4.3800 -4.0000
        vertex -0.9200 4.5400 -4.0000
    endloop
endfacet
facet normal 0.0000 0.0000 -0.1450
    outer loop
        vertex -0.9200 4.5400 -4.0000
        vertex -0.9000 4.4200 -4.0000
        vertex -1.0800 4.3400 -4.0000
    endloop
endfacet
facet normal 0.0000 0.0000 -0.0975
    outer loop
        vertex -1.0200 4.2800 -4.0000
        vertex -1.0800 4.3400 -4.0000
        vertex -0.9000 4.4200 -4.0000
    endloop
endfacet
facet normal 0.0000 0.0000 -0.0900
    outer loop
        vertex -0.9000 4.4200 -4.0000
        vertex -0.9000 4.3000 -4.0000
        vertex -1.0200 4.2800 -4.0000
    endloop
endfacet
facet normal 0.0000 0.0000 -0.0850
    outer loop
        vertex -0.9400 4.1800 -4.0000
        vertex -1.0200 4.2800 -4.0000
        vertex -0.9000 4.3000 -4.0000
    endloop
endfacet
facet normal 0.0000 0.0000 -0.1950
    outer loop
        vertex -2.3400 5.3000 -4.0000
        vertex -2.5400 5.3400 -4.0000
        vertex -2.5600 5.5000 -4.0000
    endloop
endfacet
facet normal 0.0000 0.0000 -0.3400
    outer loop
        vertex -2.5600 5.5000 -4.0000
        vertex -2.4200 5.6200 -4.0000
        vertex -2.3400 5.3000 -4.0000
    endloop
endfacet
facet normal 0.0000 0.0000 -0.3400
    outer loop
        vertex -2.3400 5.3000 -4.0000
        vertex -2.4200 5.6200 -4.0000
        vertex -2.2600 5.6600 -4.0000
    endloop
endfacet
facet normal 0.0000 0.0000 -0.2700
    outer loop
        vertex -2.2600 5.6600 -4.0000
        vertex -2.1400 5.6600 -4.0000
        vertex -2.3400 5.3000 -4.0000
    endloop
endfacet
facet normal 0.0000 0.0000 -0.5000
    outer loop
        vertex -2.1400 5.2600 -4.0000
        vertex -2.3400 5.3000 -4.0000
        vertex -2.1400 5.6600 -4.0000
    endloop
endfacet
facet normal 0.0000 0.0000 -0.5000
    outer loop
        vertex -2.1400 5.6600 -4.0000
        vertex -1.9400 5.4800 -4.0000
        vertex -2.1400 5.2600 -4.0000
    endloop
endfacet
facet normal 0.0000 0.0000 -1.0300
    outer loop
        vertex -1.9000 4.7000 -4.0000
        vertex -2.1400 5.2600 -4.0000
        vertex -1.9400 5.4800 -4.0000
    endloop
endfacet
facet normal 0.0000 0.0000 -1.3100
    outer loop
        vertex -1.9400 5.4800 -4.0000
        vertex -1.6600 5.2600 -4.0000
        vertex -1.9000 4.7000 -4.0000
    endloop
endfacet
facet normal 0.0000 0.0000 -0.6100
    outer loop
        vertex -1.7600 4.6200 -4.0000
        vertex -1.9000 4.7000 -4.0000
        vertex -1.6600 5.2600 -4.0000
    endloop
endfacet
facet normal 0.0000 0.0000 -1.1525
    outer loop
        vertex -1.6600 5.2600 -4.0000
        vertex -1.4000 5.0800 -4.0000
        vertex -1.7600 4.6200 -4.0000
    endloop
endfacet
facet normal 0.0000 0.0000 -1.0625
    outer loop
        vertex -1.7600 4.6200 -4.0000
        vertex -1.4000 5.0800 -4.0000
        vertex -1.1400 4.9400 -4.0000
    endloop
endfacet
facet normal 0.0000 0.0000 -0.4125
    outer loop
        vertex -3.1000 5.2000 -4.0000
        vertex -3.5400 5.0600 -4.0000
        vertex -3.3200 5.2800 -4.0000
    endloop
endfacet
facet normal 0.0000 0.0000 -0.1725
    outer loop
        vertex -3.3200 5.2800 -4.0000
        vertex -2.9200 5.2600 -4.0000
        vertex -3.1000 5.2000 -4.0000
    endloop
endfacet
facet normal 0.0000 0.0000 -0.7775
    outer loop
        vertex -2.9200 5.2600 -4.0000
        vertex -3.3200 5.2800 -4.0000
        vertex -3.1000 5.5800 -4.0000
    endloop
endfacet
facet normal 0.0000 0.0000 -0.4500
    outer loop
        vertex -3.1000 5.5800 -4.0000
        vertex -2.7400 5.3400 -4.0000
        vertex -2.9200 5.2600 -4.0000
    endloop
endfacet
facet normal 0.0000 0.0000 -0.3300
    outer loop
        vertex -2.7400 5.3400 -4.0000
        vertex -3.1000 5.5800 -4.0000
        vertex -2.7600 5.5000 -4.0000
    endloop
endfacet
facet normal 0.0000 0.0000 -0.4075
    outer loop
        vertex -2.6600 5.8000 -4.0000
        vertex -2.9400 5.8600 -4.0000
        vertex -2.8800 6.0800 -4.0000
    endloop
endfacet
facet normal 0.0000 0.0000 -0.7025
    outer loop
        vertex -2.8800 6.0800 -4.0000
        vertex -2.4000 5.9800 -4.0000
        vertex -2.6600 5.8000 -4.0000
    endloop
endfacet
facet normal 0.0000 0.0000 -0.4150
    outer loop
        vertex -2.6000 6.1600 -4.0000
        vertex -2.4000 5.9800 -4.0000
        vertex -2.8800 6.0800 -4.0000
    endloop
endfacet
facet normal 0.0000 0.0000 -0.2600
    outer loop
        vertex -2.8800 6.0800 -4.0000
        vertex -2.8400 6.2400 -4.0000
        vertex -2.6000 6.1600 -4.0000
    endloop
endfacet
facet normal 0.0000 0.0000 -0.1100
    outer loop
        vertex -2.6000 6.1600 -4.0000
        vertex -2.8400 6.2400 -4.0000
        vertex -2.6800 6.2600 -4.0000
    endloop
endfacet
facet normal 0.0000 0.0000 -0.8400
    outer loop
        vertex -2.1000 0.6600 -4.0000
        vertex -2.2400 1.1200 -4.0000
        vertex -1.9600 1.1600 -4.0000
    endloop
endfacet
facet normal 0.0000 0.0000 -0.9650
    outer loop
        vertex -1.9600 1.1600 -4.0000
        vertex -1.7800 0.7000 -4.0000
        vertex -2.1000 0.6600 -4.0000
    endloop
endfacet
facet normal 0.0000 0.0000 -1.2400
    outer loop
        vertex -1.3800 0.7800 -4.0000
        vertex -1.7800 0.7000 -4.0000
        vertex -1.9600 1.1600 -4.0000
    endloop
endfacet
facet normal 0.0000 0.0000 -1.0975
    outer loop
        vertex -1.9600 1.1600 -4.0000
        vertex -1.6200 1.2400 -4.0000
        vertex -1.3800 0.7800 -4.0000
    endloop
endfacet
facet normal 0.0000 0.0000 -1.4750
    outer loop
        vertex -0.9400 0.9200 -4.0000
        vertex -1.3800 0.7800 -4.0000
        vertex -1.6200 1.2400 -4.0000
    endloop
endfacet
facet normal 0.0000 0.0000 -1.1500
    outer loop
        vertex -1.6200 1.2400 -4.0000
        vertex -1.3000 1.3600 -4.0000
        vertex -0.9400 0.9200 -4.0000
    endloop
endfacet
facet normal 0.0000 0.0000 -1.8450
    outer loop
        vertex -0.4000 1.0800 -4.0000
        vertex -0.9400 0.9200 -4.0000
        vertex -1.3000 1.3600 -4.0000
    endloop
endfacet
facet normal 0.0000 0.0000 -5.9200
    outer loop
        vertex -1.3000 1.3600 -4.0000
        vertex -0.3600 2.1200 -4.0000
        vertex -0.4000 1.0800 -4.0000
    endloop
endfacet
facet normal 0.0000 0.0000 -2.8150
    outer loop
        vertex 0.0400 1.2600 -4.0000
        vertex -0.4000 1.0800 -4.0000
        vertex -0.3600 2.1200 -4.0000
    endloop
endfacet
facet normal 0.0000 0.0000 -1.1425
    outer loop
        vertex -0.3600 2.1200 -4.0000
        vertex 0.0200 1.7600 -4.0000
        vertex 0.0400 1.2600 -4.0000
    endloop
endfacet
facet normal 0.0000 0.0000 -1.1500
    outer loop
        vertex 0.0400 1.2600 -4.0000
        vertex 0.0200 1.7600 -4.0000
        vertex 0.4000 1.4600 -4.0000
    endloop
endfacet
facet normal 0.0000 0.0000 -1.1000
    outer loop
        vertex 0.1000 2.0000 -4.0000
        vertex -0.1400 2.2600 -4.0000
        vertex 0.2600 2.5600 -4.0000
    endloop
endfacet
facet normal 0.0000 0.0000 -3.2400
    outer loop
        vertex 0.2600 2.5600 -4.0000
        vertex 1.0600 2.1200 -4.0000
        vertex 0.1000 2.0000 -4.0000
    endloop
endfacet
facet normal 0.0000 0.0000 -2.1000
    outer loop
        vertex 0.5000 1.7000 -4.0000
        vertex 0.1000 2.0000 -4.0000
        vertex 1.0600 2.1200 -4.0000
    endloop
endfacet
facet normal 0.0000 0.0000 -2.2925
    outer loop
        vertex 1.0600 2.1200 -4.0000
        vertex 1.0000 1.4200 -4.0000
        vertex 0.5000 1.7000 -4.0000
    endloop
endfacet
facet normal 0.0000 0.0000 -1.7900
    outer loop
        vertex 1.0000 1.4200 -4.0000
        vertex 1.0600 2.1200 -4.0000
        vertex 1.4400 1.7800 -4.0000
    endloop
endfacet
facet normal 0.0000 0.0000 -2.1300
    outer loop
        vertex 1.4400 1.7800 -4.0000
        vertex 1.5800 1.1200 -4.0000
        vertex 1.0000 1.4200 -4.0000
    endloop
endfacet
facet normal 0.0000 0.0000 -1.6000
    outer loop
        vertex 1.5800 1.1200 -4.0000
        vertex 1.4400 1.7800 -4.0000
        vertex 1.9000 1.4400 -4.0000
    endloop
endfacet
facet normal 0.0000 0.0000 -1.1600
    outer loop
        vertex 1.9000 1.4400 -4.0000
        vertex 1.9600 0.9200 -4.0000
        vertex 1.5800 1.1200 -4.0000
    endloop
endfacet
facet normal 0.0000 0.0000 -0.7700
    outer loop
        vertex 1.9600 0.9200 -4.0000
        vertex 1.9000 1.4400 -4.0000
        vertex 2.1600 1.2400 -4.0000
    endloop
endfacet
facet normal 0.0000 0.0000 -0.4550
    outer loop
        vertex 2.1600 1.2400 -4.0000
        vertex 2.3000 1.1000 -4.0000
        vertex 1.9600 0.9200 -4.0000
    endloop
endfacet
facet normal 0.0000 0.0000 -0.3950
    outer loop
        vertex 2.1600 0.8400 -4.0000
        vertex 1.9600 0.9200 -4.0000
        vertex 2.3000 1.1000 -4.0000
    endloop
endfacet
facet normal 0.0000 0.0000 -0.2375
    outer loop
        vertex 2.3000 1.1000 -4.0000
        vertex 2.3600 0.9400 -4.0000
        vertex 2.1600 0.8400 -4.0000
    endloop
endfacet
facet normal 0.0000 0.0000 -0.1250
    outer loop
        vertex 2.2800 0.8000 -4.0000
        vertex 2.1600 0.8400 -4.0000
        vertex 2.3600 0.9400 -4.0000
    endloop
endfacet
facet normal 0.0000 0.0000 -0.0675
    outer loop
        vertex 2.3600 0.9400 -4.0000
        vertex 2.3800 0.8400 -4.0000
        vertex 2.2800 0.8000 -4.0000
    endloop
endfacet
facet normal 0.0000 0.0000 -1.1400
    outer loop
        vertex 1.0600 2.1200 -4.0000
        vertex 0.2600 2.5600 -4.0000
        vertex 0.4200 2.7000 -4.0000
    endloop
endfacet
facet normal 0.0000 0.0000 -0.7050
    outer loop
        vertex 0.4200 2.7000 -4.0000
        vertex 1.1000 2.2600 -4.0000
        vertex 1.0600 2.1200 -4.0000
    endloop
endfacet
facet normal 0.0000 0.0000 -0.6750
    outer loop
        vertex 1.1000 2.2600 -4.0000
        vertex 0.4200 2.7000 -4.0000
        vertex 0.4800 2.8200 -4.0000
    endloop
endfacet
facet normal 0.0000 0.0000 -2.4700
    outer loop
        vertex 0.4800 2.8200 -4.0000
        vertex 1.5400 2.5000 -4.0000
        vertex 1.1000 2.2600 -4.0000
    endloop
endfacet
facet normal 0.0000 0.0000 -0.3400
    outer loop
        vertex 1.1800 2.1800 -4.0000
        vertex 1.1000 2.2600 -4.0000
        vertex 1.5400 2.5000 -4.0000
    endloop
endfacet
facet normal 0.0000 0.0000 -0.4150
    outer loop
        vertex 1.5400 2.5000 -4.0000
        vertex 1.3200 2.1200 -4.0000
        vertex 1.1800 2.1800 -4.0000
    endloop
endfacet
facet normal 0.0000 0.0000 -0.3150
    outer loop
        vertex 1.3200 2.1200 -4.0000
        vertex 1.5400 2.5000 -4.0000
        vertex 1.5800 2.3400 -4.0000
    endloop
endfacet
facet normal 0.0000 0.0000 -0.2275
    outer loop
        vertex 1.5800 2.3400 -4.0000
        vertex 1.5800 2.2000 -4.0000
        vertex 1.3200 2.1200 -4.0000
    endloop
endfacet
facet normal 0.0000 0.0000 -0.0825
    outer loop
        vertex 1.4200 2.1000 -4.0000
        vertex 1.3200 2.1200 -4.0000
        vertex 1.5800 2.2000 -4.0000
    endloop
endfacet
facet normal 0.0000 0.0000 -0.0425
    outer loop
        vertex 1.5800 2.2000 -4.0000
        vertex 1.5200 2.1200 -4.0000
        vertex 1.4200 2.1000 -4.0000
    endloop
endfacet
facet normal 0.0000 0.0000 -2.2275
    outer loop
        vertex 1.5400 2.5000 -4.0000
        vertex 0.4800 2.8200 -4.0000
        vertex 0.6000 3.1200 -4.0000
    endloop
endfacet
facet normal 0.0000 0.0000 -0.7800
    outer loop
        vertex 0.6000 3.1200 -4.0000
        vertex 1.6200 2.5800 -4.0000
        vertex 1.5400 2.5000 -4.0000
    endloop
endfacet
facet normal 0.0000 0.0000 -0.7050
    outer loop
        vertex 1.6400 2.6800 -4.0000
        vertex 1.6200 2.5800 -4.0000
        vertex 0.6000 3.1200 -4.0000
    endloop
endfacet
facet normal 0.0000 0.0000 -0.7250
    outer loop
        vertex 0.6000 3.1200 -4.0000
        vertex 1.6200 2.8000 -4.0000
        vertex 1.6400 2.6800 -4.0000
    endloop
endfacet
facet normal 0.0000 0.0000 -0.5175
    outer loop
        vertex 1.5600 2.9000 -4.0000
        vertex 1.6200 2.8000 -4.0000
        vertex 0.6000 3.1200 -4.0000
    endloop
endfacet
facet normal 0.0000 0.0000 -1.2250
    outer loop
        vertex 0.6000 3.1200 -4.0000
        vertex 0.8800 3.2600 -4.0000
        vertex 1.5600 2.9000 -4.0000
    endloop
endfacet
facet normal 0.0000 0.0000 -0.1050
    outer loop
        vertex 0.7600 3.2600 -4.0000
        vertex 0.8800 3.2600 -4.0000
        vertex 0.6000 3.1200 -4.0000
    endloop
endfacet
facet normal 0.0000 0.0000 -0.0300
    outer loop
        vertex 0.6000 3.1200 -4.0000
        vertex 0.6800 3.2200 -4.0000
        vertex 0.7600 3.2600 -4.0000
    endloop
endfacet
facet normal 0.0000 0.0000 -0.0900
    outer loop
        vertex 0.9800 3.5000 -4.0000
        vertex 0.8000 3.5000 -4.0000
        vertex 0.7400 3.5800 -4.0000
    endloop
endfacet
facet normal 0.0000 0.0000 -0.1300
    outer loop
        vertex 0.7400 3.5800 -4.0000
        vertex 1.0600 3.5600 -4.0000
        vertex 0.9800 3.5000 -4.0000
    endloop
endfacet
facet normal 0.0000 0.0000 -0.2400
    outer loop
        vertex 1.0600 3.5600 -4.0000
        vertex 0.7400 3.5800 -4.0000
        vertex 0.7400 3.7000 -4.0000
    endloop
endfacet
facet normal 0.0000 0.0000 -0.3150
    outer loop
        vertex 0.7400 3.7000 -4.0000
        vertex 0.7800 3.8400 -4.0000
        vertex 1.0600 3.5600 -4.0000
    endloop
endfacet
facet normal 0.0000 0.0000 -0.2800
    outer loop
        vertex 1.0600 3.7200 -4.0000
        vertex 1.0600 3.5600 -4.0000
        vertex 0.7800 3.8400 -4.0000
    endloop
endfacet
facet normal 0.0000 0.0000 -0.1800
    outer loop
        vertex 0.7800 3.8400 -4.0000
        vertex 1.0200 3.8400 -4.0000
        vertex 1.0600 3.7200 -4.0000
    endloop
endfacet
facet normal 0.0000 0.0000 -0.1200
    outer loop
        vertex 1.0200 3.8400 -4.0000
        vertex 0.7800 3.8400 -4.0000
        vertex 0.8400 3.9200 -4.0000
    endloop
endfacet
facet normal 0.0000 0.0000 -0.0500
    outer loop
        vertex 0.8400 3.9200 -4.0000
        vertex 0.9400 3.9200 -4.0000
        vertex 1.0200 3.8400 -4.0000
    endloop
endfacet
facet normal 0.0000 0.0000 -0.1420
    outer loop
        vertex 1.6584 6.0600 -4.0000
        vertex 1.6708 5.9980 -4.0000
        vertex 1.3324 5.8580 -4.0000
    endloop
endfacet
facet normal 0.0000 0.0000 -0.4621
    outer loop
        vertex 1.3324 5.8580 -4.0000
        vertex 1.2924 6.0600 -4.0000
        vertex 1.6584 6.0600 -4.0000
    endloop
endfacet
facet normal 0.0000 0.0000 -0.1418
    outer loop
        vertex 1.6708 6.1220 -4.0000
        vertex 1.6584 6.0600 -4.0000
        vertex 1.2924 6.0600 -4.0000
    endloop
endfacet
facet normal 0.0000 0.0000 -0.4622
    outer loop
        vertex 1.2924 6.0600 -4.0000
        vertex 1.3324 6.2620 -4.0000
        vertex 1.6708 6.1220 -4.0000
    endloop
endfacet
facet normal 0.0000 0.0000 -0.1416
    outer loop
        vertex 1.7060 6.1744 -4.0000
        vertex 1.6708 6.1220 -4.0000
        vertex 1.3324 6.2620 -4.0000
    endloop
endfacet
facet normal 0.0000 0.0000 -0.4624
    outer loop
        vertex 1.3324 6.2620 -4.0000
        vertex 1.4468 6.4332 -4.0000
        vertex 1.7060 6.1744 -4.0000
    endloop
endfacet
facet normal 0.0000 0.0000 -0.1405
    outer loop
        vertex 1.7580 6.2092 -4.0000
        vertex 1.7060 6.1744 -4.0000
        vertex 1.4468 6.4332 -4.0000
    endloop
endfacet
facet normal 0.0000 0.0000 -0.4622
    outer loop
        vertex 1.4468 6.4332 -4.0000
        vertex 1.6180 6.5476 -4.0000
        vertex 1.7580 6.2092 -4.0000
    endloop
endfacet
facet normal 0.0000 0.0000 -0.1420
    outer loop
        vertex 1.8200 6.2216 -4.0000
        vertex 1.7580 6.2092 -4.0000
        vertex 1.6180 6.5476 -4.0000
    endloop
endfacet
facet normal 0.0000 0.0000 -0.4621
    outer loop
        vertex 1.6180 6.5476 -4.0000
        vertex 1.8200 6.5876 -4.0000
        vertex 1.8200 6.2216 -4.0000
    endloop
endfacet
facet normal 0.0000 0.0000 -0.1418
    outer loop
        vertex 1.8820 6.2092 -4.0000
        vertex 1.8200 6.2216 -4.0000
        vertex 1.8200 6.5876 -4.0000
    endloop
endfacet
facet normal 0.0000 0.0000 -0.4622
    outer loop
        vertex 1.8200 6.5876 -4.0000
        vertex 2.0220 6.5476 -4.0000
        vertex 1.8820 6.2092 -4.0000
    endloop
endfacet
facet normal 0.0000 0.0000 -0.1413
    outer loop
        vertex 1.9344 6.1744 -4.0000
        vertex 1.8820 6.2092 -4.0000
        vertex 2.0220 6.5476 -4.0000
    endloop
endfacet
facet normal 0.0000 0.0000 -0.4620
    outer loop
        vertex 2.0220 6.5476 -4.0000
        vertex 2.1932 6.4332 -4.0000
        vertex 1.9344 6.1744 -4.0000
    endloop
endfacet
facet normal 0.0000 0.0000 -0.1410
    outer loop
        vertex 1.9692 6.1220 -4.0000
        vertex 1.9344 6.1744 -4.0000
        vertex 2.1932 6.4332 -4.0000
    endloop
endfacet
facet normal 0.0000 0.0000 -0.4622
    outer loop
        vertex 2.1932 6.4332 -4.0000
        vertex 2.3076 6.2620 -4.0000
        vertex 1.9692 6.1220 -4.0000
    endloop
endfacet
facet normal 0.0000 0.0000 -0.1420
    outer loop
        vertex 1.9816 6.0600 -4.0000
        vertex 1.9692 6.1220 -4.0000
        vertex 2.3076 6.2620 -4.0000
    endloop
endfacet
facet normal 0.0000 0.0000 -0.4621
    outer loop
        vertex 2.3076 6.2620 -4.0000
        vertex 2.3476 6.0600 -4.0000
        vertex 1.9816 6.0600 -4.0000
    endloop
endfacet
facet normal 0.0000 0.0000 -0.1418
    outer loop
        vertex 1.9692 5.9980 -4.0000
        vertex 1.9816 6.0600 -4.0000
        vertex 2.3476 6.0600 -4.0000
    endloop
endfacet
facet normal 0.0000 0.0000 -0.4622
    outer loop
        vertex 2.3476 6.0600 -4.0000
        vertex 2.3076 5.8580 -4.0000
        vertex 1.9692 5.9980 -4.0000
    endloop
endfacet
facet normal 0.0000 0.0000 -0.1404
    outer loop
        vertex 1.9344 5.9460 -4.0000
        vertex 1.9692 5.9980 -4.0000
        vertex 2.3076 5.8580 -4.0000
    endloop
endfacet
facet normal 0.0000 0.0000 -0.4622
    outer loop
        vertex 2.3076 5.8580 -4.0000
        vertex 2.1932 5.6868 -4.0000
        vertex 1.9344 5.9460 -4.0000
    endloop
endfacet
facet normal 0.0000 0.0000 -0.1418
    outer loop
        vertex 1.8820 5.9108 -4.0000
        vertex 1.9344 5.9460 -4.0000
        vertex 2.1932 5.6868 -4.0000
    endloop
endfacet
facet normal 0.0000 0.0000 -0.4622
    outer loop
        vertex 2.1932 5.6868 -4.0000
        vertex 2.0220 5.5724 -4.0000
        vertex 1.8820 5.9108 -4.0000
    endloop
endfacet
facet normal 0.0000 0.0000 -0.1420
    outer loop
        vertex 1.8200 5.8984 -4.0000
        vertex 1.8820 5.9108 -4.0000
        vertex 2.0220 5.5724 -4.0000
    endloop
endfacet
facet normal 0.0000 0.0000 -0.4621
    outer loop
        vertex 2.0220 5.5724 -4.0000
        vertex 1.8200 5.5324 -4.0000
        vertex 1.8200 5.8984 -4.0000
    endloop
endfacet
facet normal 0.0000 0.0000 -0.1418
    outer loop
        vertex 1.7580 5.9108 -4.0000
        vertex 1.8200 5.8984 -4.0000
        vertex 1.8200 5.5324 -4.0000
    endloop
endfacet
facet normal 0.0000 0.0000 -0.4622
    outer loop
        vertex 1.8200 5.5324 -4.0000
        vertex 1.6180 5.5724 -4.0000
        vertex 1.7580 5.9108 -4.0000
    endloop
endfacet
facet normal 0.0000 0.0000 -0.1408
    outer loop
        vertex 1.7060 5.9460 -4.0000
        vertex 1.7580 5.9108 -4.0000
        vertex 1.6180 5.5724 -4.0000
    endloop
endfacet
facet normal 0.0000 0.0000 -0.4627
    outer loop
        vertex 1.6180 5.5724 -4.0000
        vertex 1.4468 5.6868 -4.0000
        vertex 1.7060 5.9460 -4.0000
    endloop
endfacet
facet normal 0.0000 0.0000 -0.1413
    outer loop
        vertex 1.6708 5.9980 -4.0000
        vertex 1.7060 5.9460 -4.0000
        vertex 1.4468 5.6868 -4.0000
    endloop
endfacet
facet normal 0.0000 0.0000 -0.4622
    outer loop
        vertex 1.4468 5.6868 -4.0000
        vertex 1.3324 5.8580 -4.0000
        vertex 1.6708 5.9980 -4.0000
    endloop
endfacet
facet normal 0.0000 0.0000 -0.0096
    outer loop
        vertex 1.6708 5.9980 -4.0000
        vertex 1.6584 6.0600 -4.0000
        vertex 1.6708 6.1220 -4.0000
    endloop
endfacet
facet normal 0.0000 0.0000 -0.0273
    outer loop
        vertex 1.6708 6.1220 -4.0000
        vertex 1.7060 6.1744 -4.0000
        vertex 1.6708 5.9980 -4.0000
    endloop
endfacet
facet normal 0.0000 0.0000 -0.0502
    outer loop
        vertex 1.7060 5.9460 -4.0000
        vertex 1.6708 5.9980 -4.0000
        vertex 1.7060 6.1744 -4.0000
    endloop
endfacet
facet normal 0.0000 0.0000 -0.0742
    outer loop
        vertex 1.7060 6.1744 -4.0000
        vertex 1.7580 5.9108 -4.0000
        vertex 1.7060 5.9460 -4.0000
    endloop
endfacet
facet normal 0.0000 0.0000 -0.0970
    outer loop
        vertex 1.7580 5.9108 -4.0000
        vertex 1.7060 6.1744 -4.0000
        vertex 1.7580 6.2092 -4.0000
    endloop
endfacet
facet normal 0.0000 0.0000 -0.1156
    outer loop
        vertex 1.7580 6.2092 -4.0000
        vertex 1.8200 6.2216 -4.0000
        vertex 1.7580 5.9108 -4.0000
    endloop
endfacet
facet normal 0.0000 0.0000 -0.1252
    outer loop
        vertex 1.8200 5.8984 -4.0000
        vertex 1.7580 5.9108 -4.0000
        vertex 1.8200 6.2216 -4.0000
    endloop
endfacet
facet normal 0.0000 0.0000 -0.1252
    outer loop
        vertex 1.8200 6.2216 -4.0000
        vertex 1.8820 5.9108 -4.0000
        vertex 1.8200 5.8984 -4.0000
    endloop
endfacet
facet normal 0.0000 0.0000 -0.1156
    outer loop
        vertex 1.8820 5.9108 -4.0000
        vertex 1.8200 6.2216 -4.0000
        vertex 1.8820 6.2092 -4.0000
    endloop
endfacet
facet normal 0.0000 0.0000 -0.0977
    outer loop
        vertex 1.8820 6.2092 -4.0000
        vertex 1.9344 6.1744 -4.0000
        vertex 1.8820 5.9108 -4.0000
    endloop
endfacet
facet normal 0.0000 0.0000 -0.0748
    outer loop
        vertex 1.9344 5.9460 -4.0000
        vertex 1.8820 5.9108 -4.0000
        vertex 1.9344 6.1744 -4.0000
    endloop
endfacet
facet normal 0.0000 0.0000 -0.0497
    outer loop
        vertex 1.9344 6.1744 -4.0000
        vertex 1.9692 5.9980 -4.0000
        vertex 1.9344 5.9460 -4.0000
    endloop
endfacet
facet normal 0.0000 0.0000 -0.0096
    outer loop
        vertex 1.9692 6.1220 -4.0000
        vertex 1.9816 6.0600 -4.0000
        vertex 1.9692 5.9980 -4.0000
    endloop
endfacet
facet normal 0.0000 0.0000 -0.0270
    outer loop
        vertex 1.9692 5.9980 -4.0000
        vertex 1.9344 6.1744 -4.0000
        vertex 1.9692 6.1220 -4.0000
    endloop
endfacet
facet normal 0.0000 0.0000 -0.1420
    outer loop
        vertex 3.7184 6.6600 -4.0000
        vertex 3.7308 6.5980 -4.0000
        vertex 3.3924 6.4580 -4.0000
    endloop
endfacet
facet normal 0.0000 0.0000 -0.4621
    outer loop
        vertex 3.3924 6.4580 -4.0000
        vertex 3.3524 6.6600 -4.0000
        vertex 3.7184 6.6600 -4.0000
    endloop
endfacet
facet normal 0.0000 0.0000 -0.1418
    outer loop
        vertex 3.7308 6.7220 -4.0000
        vertex 3.7184 6.6600 -4.0000
        vertex 3.3524 6.6600 -4.0000
    endloop
endfacet
facet normal 0.0000 0.0000 -0.4622
    outer loop
        vertex 3.3524 6.6600 -4.0000
        vertex 3.3924 6.8620 -4.0000
        vertex 3.7308 6.7220 -4.0000
    endloop
endfacet
facet normal 0.0000 0.0000 -0.1416
    outer loop
        vertex 3.7660 6.7744 -4.0000
        vertex 3.7308 6.7220 -4.0000
        vertex 3.3924 6.8620 -4.0000
    endloop
endfacet
facet normal 0.0000 0.0000 -0.4624
    outer loop
        vertex 3.3924 6.8620 -4.0000
        vertex 3.5068 7.0332 -4.0000
        vertex 3.7660 6.7744 -4.0000
    endloop
endfacet
facet normal 0.0000 0.0000 -0.1405
    outer loop
        vertex 3.8180 6.8092 -4.0000
        vertex 3.7660 6.7744 -4.0000
        vertex 3.5068 7.0332 -4.0000
    endloop
endfacet
facet normal 0.0000 0.0000 -0.4622
    outer loop
        vertex 3.5068 7.0332 -4.0000
        vertex 3.6780 7.1476 -4.0000
        vertex 3.8180 6.8092 -4.0000
    endloop
endfacet
facet normal 0.0000 0.0000 -0.1420
    outer loop
        vertex 3.8800 6.8216 -4.0000
        vertex 3.8180 6.8092 -4.0000
        vertex 3.6780 7.1476 -4.0000
    endloop
endfacet
facet normal 0.0000 0.0000 -0.4621
    outer loop
        vertex 3.6780 7.1476 -4.0000
        vertex 3.8800 7.1876 -4.0000
        vertex 3.8800 6.8216 -4.0000
    endloop
endfacet
facet normal 0.0000 0.0000 -0.1418
    outer loop
        vertex 3.9420 6.8092 -4.0000
        vertex 3.8800 6.8216 -4.0000
        vertex 3.8800 7.1876 -4.0000
    endloop
endfacet
facet normal 0.0000 0.0000 -0.4622
    outer loop
        vertex 3.8800 7.1876 -4.0000
        vertex 4.0820 7.1476 -4.0000
        vertex 3.9420 6.8092 -4.0000
    endloop
endfacet
facet normal 0.0000 0.0000 -0.1413
    outer loop
        vertex 3.9944 6.7744 -4.0000
        vertex 3.9420 6.8092 -4.0000
        vertex 4.0820 7.1476 -4.0000
    endloop
endfacet
facet normal 0.0000 0.0000 -0.4620
    outer loop
        vertex 4.0820 7.1476 -4.0000
        vertex 4.2532 7.0332 -4.0000
        vertex 3.9944 6.7744 -4.0000
    endloop
endfacet
facet normal 0.0000 0.0000 -0.1410
    outer loop
        vertex 4.0292 6.7220 -4.0000
        vertex 3.9944 6.7744 -4.0000
        vertex 4.2532 7.0332 -4.0000
    endloop
endfacet
facet normal 0.0000 0.0000 -0.4622
    outer loop
        vertex 4.2532 7.0332 -4.0000
        vertex 4.3676 6.8620 -4.0000
        vertex 4.0292 6.7220 -4.0000
    endloop
endfacet
facet normal 0.0000 0.0000 -0.1420
    outer loop
        vertex 4.0416 6.6600 -4.0000
        vertex 4.0292 6.7220 -4.0000
        vertex 4.3676 6.8620 -4.0000
    endloop
endfacet
facet normal 0.0000 0.0000 -0.4621
    outer loop
        vertex 4.3676 6.8620 -4.0000
        vertex 4.4076 6.6600 -4.0000
        vertex 4.0416 6.6600 -4.0000
    endloop
endfacet
facet normal 0.0000 0.0000 -0.1418
    outer loop
        vertex 4.0292 6.5980 -4.0000
        vertex 4.0416 6.6600 -4.0000
        vertex 4.4076 6.6600 -4.0000
    endloop
endfacet
facet normal 0.0000 0.0000 -0.4622
    outer loop
        vertex 4.4076 6.6600 -4.0000
        vertex 4.3676 6.4580 -4.0000
        vertex 4.0292 6.5980 -4.0000
    endloop
endfacet
facet normal 0.0000 0.0000 -0.1404
    outer loop
        vertex 3.9944 6.5460 -4.0000
        vertex 4.0292 6.5980 -4.0000
        vertex 4.3676 6.4580 -4.0000
    endloop
endfacet
facet normal 0.0000 0.0000 -0.4622
    outer loop
        vertex 4.3676 6.4580 -4.0000
        vertex 4.2532 6.2868 -4.0000
        vertex 3.9944 6.5460 -4.0000
    endloop
endfacet
facet normal 0.0000 0.0000 -0.1418
    outer loop
        vertex 3.9420 6.5108 -4.0000
        vertex 3.9944 6.5460 -4.0000
        vertex 4.2532 6.2868 -4.0000
    endloop
endfacet
facet normal 0.0000 0.0000 -0.4622
    outer loop
        vertex 4.2532 6.2868 -4.0000
        vertex 4.0820 6.1724 -4.0000
        vertex 3.9420 6.5108 -4.0000
    endloop
endfacet
facet normal 0.0000 0.0000 -0.1420
    outer loop
        vertex 3.8800 6.4984 -4.0000
        vertex 3.9420 6.5108 -4.0000
        vertex 4.0820 6.1724 -4.0000
    endloop
endfacet
facet normal 0.0000 0.0000 -0.4621
    outer loop
        vertex 4.0820 6.1724 -4.0000
        vertex 3.8800 6.1324 -4.0000
        vertex 3.8800 6.4984 -4.0000
    endloop
endfacet
facet normal 0.0000 0.0000 -0.1418
    outer loop
        vertex 3.8180 6.5108 -4.0000
        vertex 3.8800 6.4984 -4.0000
        vertex 3.8800 6.1324 -4.0000
    endloop
endfacet
facet normal 0.0000 0.0000 -0.4622
    outer loop
        vertex 3.8800 6.1324 -4.0000
        vertex 3.6780 6.1724 -4.0000
        vertex 3.8180 6.5108 -4.0000
    endloop
endfacet
facet normal 0.0000 0.0000 -0.1408
    outer loop
        vertex 3.7660 6.5460 -4.0000
        vertex 3.8180 6.5108 -4.0000
        vertex 3.6780 6.1724 -4.0000
    endloop
endfacet
facet normal 0.0000 0.0000 -0.4627
    outer loop
        vertex 3.6780 6.1724 -4.0000
        vertex 3.5068 6.2868 -4.0000
        vertex 3.7660 6.5460 -4.0000
    endloop
endfacet
facet normal 0.0000 0.0000 -0.1413
    outer loop
        vertex 3.7308 6.5980 -4.0000
        vertex 3.7660 6.5460 -4.0000
        vertex 3.5068 6.2868 -4.0000
    endloop
endfacet
facet normal 0.0000 0.0000 -0.4622
    outer loop
        vertex 3.5068 6.2868 -4.0000
        vertex 3.3924 6.4580 -4.0000
        vertex 3.7308 6.5980 -4.0000
    endloop
endfacet
facet normal 0.0000 0.0000 -0.0096
    outer loop
        vertex 3.7308 6.5980 -4.0000
        vertex 3.7184 6.6600 -4.0000
        vertex 3.7308 6.7220 -4.0000
    endloop
endfacet
facet normal 0.0000 0.0000 -0.0273
    outer loop
        vertex 3.7308 6.7220 -4.0000
        vertex 3.7660 6.7744 -4.0000
        vertex 3.7308 6.5980 -4.0000
    endloop
endfacet
facet normal 0.0000 0.0000 -0.0502
    outer loop
        vertex 3.7660 6.5460 -4.0000
        vertex 3.7308 6.5980 -4.0000
        vertex 3.7660 6.7744 -4.0000
    endloop
endfacet
facet normal 0.0000 0.0000 -0.0742
    outer loop
        vertex 3.7660 6.7744 -4.0000
        vertex 3.8180 6.5108 -4.0000
        vertex 3.7660 6.5460 -4.0000
    endloop
endfacet
facet normal 0.0000 0.0000 -0.0970
    outer loop
        vertex 3.8180 6.5108 -4.0000
        vertex 3.7660 6.7744 -4.0000
        vertex 3.8180 6.8092 -4.0000
    endloop
endfacet
facet normal 0.0000 0.0000 -0.1156
    outer loop
        vertex 3.8180 6.8092 -4.0000
        vertex 3.8800 6.8216 -4.0000
        vertex 3.8180 6.5108 -4.0000
    endloop
endfacet
facet normal 0.0000 0.0000 -0.1252
    outer loop
        vertex 3.8800 6.4984 -4.0000
        vertex 3.8180 6.5108 -4.0000
        vertex 3.8800 6.8216 -4.0000
    endloop
endfacet
facet normal 0.0000 0.0000 -0.1252
    outer loop
        vertex 3.8800 6.8216 -4.0000
        vertex 3.9420 6.5108 -4.0000
        vertex 3.8800 6.4984 -4.0000
    endloop
endfacet
facet normal 0.0000 0.0000 -0.1156
    outer loop
        vertex 3.9420 6.5108 -4.0000
        vertex 3.8800 6.8216 -4.0000
        vertex 3.9420 6.8092 -4.0000
    endloop
endfacet
facet normal 0.0000 0.0000 -0.0977
    outer loop
        vertex 3.9420 6.8092 -4.0000
        vertex 3.9944 6.7744 -4.0000
        vertex 3.9420 6.5108 -4.0000
    endloop
endfacet
facet normal 0.0000 0.0000 -0.0748
    outer loop
        vertex 3.9944 6.5460 -4.0000
        vertex 3.9420 6.5108 -4.0000
        vertex 3.9944 6.7744 -4.0000
    endloop
endfacet
facet normal 0.0000 0.0000 -0.0497
    outer loop
        vertex 3.9944 6.7744 -4.0000
        vertex 4.0292 6.5980 -4.0000
        vertex 3.9944 6.5460 -4.0000
    endloop
endfacet
facet normal 0.0000 0.0000 -0.0096
    outer loop
        vertex 4.0292 6.7220 -4.0000
        vertex 4.0416 6.6600 -4.0000
        vertex 4.0292 6.5980 -4.0000
    endloop
endfacet
facet normal 0.0000 0.0000 -0.0270
    outer loop
        vertex 4.0292 6.5980 -4.0000
        vertex 3.9944 6.7744 -4.0000
        vertex 4.0292 6.7220 -4.0000
    endloop
endfacet
facet normal 0.0000 0.0000 -0.1300
    outer loop
        vertex 2.6800 8.4600 -4.0000
        vertex 2.4800 8.5200 -4.0000
        vertex 2.3600 8.6600 -4.0000
    endloop
endfacet
facet normal 0.0000 0.0000 -0.2400
    outer loop
        vertex 2.3600 8.6600 -4.0000
        vertex 2.8400 8.4800 -4.0000
        vertex 2.6800 8.4600 -4.0000
    endloop
endfacet
facet normal 0.0000 0.0000 -0.4200
    outer loop
        vertex 3.0000 8.5600 -4.0000
        vertex 2.8400 8.4800 -4.0000
        vertex 2.3600 8.6600 -4.0000
    endloop
endfacet
facet normal 0.0000 0.0000 -0.5225
    outer loop
        vertex 2.3600 8.6600 -4.0000
        vertex 2.3000 8.8000 -4.0000
        vertex 3.0000 8.5600 -4.0000
    endloop
endfacet
facet normal 0.0000 0.0000 -0.7875
    outer loop
        vertex 3.0000 8.5600 -4.0000
        vertex 2.3000 8.8000 -4.0000
        vertex 2.3000 8.9800 -4.0000
    endloop
endfacet
facet normal 0.0000 0.0000 -0.7175
    outer loop
        vertex 2.3000 8.9800 -4.0000
        vertex 2.3400 9.1200 -4.0000
        vertex 3.0000 8.5600 -4.0000
    endloop
endfacet
facet normal 0.0000 0.0000 -0.9850
    outer loop
        vertex 3.1400 8.6800 -4.0000
        vertex 3.0000 8.5600 -4.0000
        vertex 2.3400 9.1200 -4.0000
    endloop
endfacet
facet normal 0.0000 0.0000 -1.0200
    outer loop
        vertex 2.3400 9.1200 -4.0000
        vertex 3.2200 8.8400 -4.0000
        vertex 3.1400 8.6800 -4.0000
    endloop
endfacet
facet normal 0.0000 0.0000 -1.6450
    outer loop
        vertex 3.2800 9.1200 -4.0000
        vertex 3.2200 8.8400 -4.0000
        vertex 2.3400 9.1200 -4.0000
    endloop
endfacet
facet normal 0.0000 0.0000 -2.8200
    outer loop
        vertex 2.3400 9.1200 -4.0000
        vertex 2.6000 9.6000 -4.0000
        vertex 3.2800 9.1200 -4.0000
    endloop
endfacet
facet normal 0.0000 0.0000 -2.3100
    outer loop
        vertex 3.2800 9.1200 -4.0000
        vertex 2.6000 9.6000 -4.0000
        vertex 2.8600 9.9600 -4.0000
    endloop
endfacet
facet normal 0.0000 0.0000 -2.0475
    outer loop
        vertex 2.8600 9.9600 -4.0000
        vertex 3.4200 9.6200 -4.0000
        vertex 3.2800 9.1200 -4.0000
    endloop
endfacet
facet normal 0.0000 0.0000 -2.1500
    outer loop
        vertex 3.4200 9.6200 -4.0000
        vertex 2.8600 9.9600 -4.0000
        vertex 3.1800 10.3800 -4.0000
    endloop
endfacet
facet normal 0.0000 0.0000 -1.8200
    outer loop
        vertex 3.1800 10.3800 -4.0000
        vertex 3.6200 10.2000 -4.0000
        vertex 3.4200 9.6200 -4.0000
    endloop
endfacet
facet normal 0.0000 0.0000 -0.9525
    outer loop
        vertex 3.6200 10.2000 -4.0000
        vertex 3.1800 10.3800 -4.0000
        vertex 3.4400 10.6200 -4.0000
    endloop
endfacet
facet normal 0.0000 0.0000 -0.7050
    outer loop
        vertex 3.4400 10.6200 -4.0000
        vertex 3.7600 10.5000 -4.0000
        vertex 3.6200 10.2000 -4.0000
    endloop
endfacet
facet normal 0.0000 0.0000 -0.5400
    outer loop
        vertex 3.7600 10.5000 -4.0000
        vertex 3.4400 10.6200 -4.0000
        vertex 3.6800 10.8000 -4.0000
    endloop
endfacet
facet normal 0.0000 0.0000 -0.3250
    outer loop
        vertex 3.6800 10.8000 -4.0000
        vertex 3.8800 10.7000 -4.0000
        vertex 3.7600 10.5000 -4.0000
    endloop
endfacet
facet normal 0.0000 0.0000 -0.2750
    outer loop
        vertex 3.8800 10.7000 -4.0000
        vertex 3.6800 10.8000 -4.0000
        vertex 3.8800 10.9200 -4.0000
    endloop
endfacet
facet normal 0.0000 0.0000 -0.1300
    outer loop
        vertex 4.7600 9.0600 -4.0000
        vertex 4.5600 9.1200 -4.0000
        vertex 4.4400 9.2600 -4.0000
    endloop
endfacet
facet normal 0.0000 0.0000 -0.2400
    outer loop
        vertex 4.4400 9.2600 -4.0000
        vertex 4.9200 9.0800 -4.0000
        vertex 4.7600 9.0600 -4.0000
    endloop
endfacet
facet normal 0.0000 0.0000 -0.4200
    outer loop
        vertex 5.0800 9.1600 -4.0000
        vertex 4.9200 9.0800 -4.0000
        vertex 4.4400 9.2600 -4.0000
    endloop
endfacet
facet normal 0.0000 0.0000 -0.5225
    outer loop
        vertex 4.4400 9.2600 -4.0000
        vertex 4.3800 9.4000 -4.0000
        vertex 5.0800 9.1600 -4.0000
    endloop
endfacet
facet normal 0.0000 0.0000 -0.7875
    outer loop
        vertex 5.0800 9.1600 -4.0000
        vertex 4.3800 9.4000 -4.0000
        vertex 4.3800 9.5800 -4.0000
    endloop
endfacet
facet normal 0.0000 0.0000 -0.7175
    outer loop
        vertex 4.3800 9.5800 -4.0000
        vertex 4.4200 9.7200 -4.0000
        vertex 5.0800 9.1600 -4.0000
    endloop
endfacet
facet normal 0.0000 0.0000 -0.9850
    outer loop
        vertex 5.2200 9.2800 -4.0000
        vertex 5.0800 9.1600 -4.0000
        vertex 4.4200 9.7200 -4.0000
    endloop
endfacet
facet normal 0.0000 0.0000 -1.0200
    outer loop
        vertex 4.4200 9.7200 -4.0000
        vertex 5.3000 9.4400 -4.0000
        vertex 5.2200 9.2800 -4.0000
    endloop
endfacet
facet normal 0.0000 0.0000 -1.6450
    outer loop
        vertex 5.3600 9.7200 -4.0000
        vertex 5.3000 9.4400 -4.0000
        vertex 4.4200 9.7200 -4.0000
    endloop
endfacet
facet normal 0.0000 0.0000 -2.8200
    outer loop
        vertex 4.4200 9.7200 -4.0000
        vertex 4.6800 10.2000 -4.0000
        vertex 5.3600 9.7200 -4.0000
    endloop
endfacet
facet normal 0.0000 0.0000 -2.3100
    outer loop
        vertex 5.3600 9.7200 -4.0000
        vertex 4.6800 10.2000 -4.0000
        vertex 4.9400 10.5600 -4.0000
    endloop
endfacet
facet normal 0.0000 0.0000 -2.0475
    outer loop
        vertex 4.9400 10.5600 -4.0000
        vertex 5.5000 10.2200 -4.0000
        vertex 5.3600 9.7200 -4.0000
    endloop
endfacet
facet normal 0.0000 0.0000 -2.1500
    outer loop
        vertex 5.5000 10.2200 -4.0000
        vertex 4.9400 10.5600 -4.0000
        vertex 5.2600 10.9800 -4.0000
    endloop
endfacet
facet normal 0.0000 0.0000 -1.8200
    outer loop
        vertex 5.2600 10.9800 -4.0000
        vertex 5.7000 10.8000 -4.0000
        vertex 5.5000 10.2200 -4.0000
    endloop
endfacet
facet normal 0.0000 0.0000 -0.9525
    outer loop
        vertex 5.7000 10.8000 -4.0000
        vertex 5.2600 10.9800 -4.0000
        vertex 5.5200 11.2200 -4.0000
    endloop
endfacet
facet normal 0.0000 0.0000 -0.7050
    outer loop
        vertex 5.5200 11.2200 -4.0000
        vertex 5.8400 11.1000 -4.0000
        vertex 5.7000 10.8000 -4.0000
    endloop
endfacet
facet normal 0.0000 0.0000 -0.5400
    outer loop
        vertex 5.8400 11.1000 -4.0000
        vertex 5.5200 11.2200 -4.0000
        vertex 5.7600 11.4000 -4.0000
    endloop
endfacet
facet normal 0.0000 0.0000 -0.3250
    outer loop
        vertex 5.7600 11.4000 -4.0000
        vertex 5.9600 11.3000 -4.0000
        vertex 5.8400 11.1000 -4.0000
    endloop
endfacet
facet normal 0.0000 0.0000 -0.2375
    outer loop
        vertex 5.9600 11.3000 -4.0000
        vertex 5.7600 11.4000 -4.0000
        vertex 5.9400 11.5000 -4.0000
    endloop
endfacet
facet normal 0.0000 0.0000 -0.4302
    outer loop
        vertex -2.2300 8.0016 -4.0000
        vertex -2.5748 7.8040 -4.0000
        vertex -2.6132 7.9816 -4.0000
    endloop
endfacet
facet normal 0.0000 0.0000 -0.4306
    outer loop
        vertex -2.6132 7.9816 -4.0000
        vertex -2.5936 8.1624 -4.0000
        vertex -2.2300 8.0016 -4.0000
    endloop
endfacet
facet normal 0.0000 0.0000 -0.4310
    outer loop
        vertex -2.2300 8.0016 -4.0000
        vertex -2.5936 8.1624 -4.0000
        vertex -2.5184 8.3188 -4.0000
    endloop
endfacet
facet normal 0.0000 0.0000 -0.4302
    outer loop
        vertex -2.5184 8.3188 -4.0000
        vertex -2.3996 8.4268 -4.0000
        vertex -2.2300 8.0016 -4.0000
    endloop
endfacet
facet normal 0.0000 0.0000 -0.4310
    outer loop
        vertex -2.2300 8.0016 -4.0000
        vertex -2.3996 8.4268 -4.0000
        vertex -2.2548 8.4704 -4.0000
    endloop
endfacet
facet normal 0.0000 0.0000 -0.4305
    outer loop
        vertex -2.2548 8.4704 -4.0000
        vertex -2.1064 8.4424 -4.0000
        vertex -2.2300 8.0016 -4.0000
    endloop
endfacet
facet normal 0.0000 0.0000 -0.4306
    outer loop
        vertex -2.2300 8.0016 -4.0000
        vertex -2.1064 8.4424 -4.0000
        vertex -1.9768 8.3472 -4.0000
    endloop
endfacet
facet normal 0.0000 0.0000 -0.4306
    outer loop
        vertex -1.9768 8.3472 -4.0000
        vertex -1.8856 8.1996 -4.0000
        vertex -2.2300 8.0016 -4.0000
    endloop
endfacet
facet normal 0.0000 0.0000 -0.4307
    outer loop
        vertex -2.2300 8.0016 -4.0000
        vertex -1.8856 8.1996 -4.0000
        vertex -1.8472 8.0216 -4.0000
    endloop
endfacet
facet normal 0.0000 0.0000 -0.4301
    outer loop
        vertex -1.8472 8.0216 -4.0000
        vertex -1.8668 7.8408 -4.0000
        vertex -2.2300 8.0016 -4.0000
    endloop
endfacet
facet normal 0.0000 0.0000 -0.4306
    outer loop
        vertex -2.2300 8.0016 -4.0000
        vertex -1.8668 7.8408 -4.0000
        vertex -1.9420 7.6844 -4.0000
    endloop
endfacet
facet normal 0.0000 0.0000 -0.4299
    outer loop
        vertex -1.9420 7.6844 -4.0000
        vertex -2.0608 7.5764 -4.0000
        vertex -2.2300 8.0016 -4.0000
    endloop
endfacet
facet normal 0.0000 0.0000 -0.4305
    outer loop
        vertex -2.2300 8.0016 -4.0000
        vertex -2.0608 7.5764 -4.0000
        vertex -2.2056 7.5332 -4.0000
    endloop
endfacet
facet normal 0.0000 0.0000 -0.4302
    outer loop
        vertex -2.2056 7.5332 -4.0000
        vertex -2.3540 7.5612 -4.0000
        vertex -2.2300 8.0016 -4.0000
    endloop
endfacet
facet normal 0.0000 0.0000 -0.4302
    outer loop
        vertex -2.2300 8.0016 -4.0000
        vertex -2.3540 7.5612 -4.0000
        vertex -2.4836 7.6560 -4.0000
    endloop
endfacet
facet normal 0.0000 0.0000 -0.4316
    outer loop
        vertex -2.4836 7.6560 -4.0000
        vertex -2.5748 7.8040 -4.0000
        vertex -2.2300 8.0016 -4.0000
    endloop
endfacet
facet normal 0.0000 0.0000 -0.4302
    outer loop
        vertex -2.2100 9.3016 -4.0000
        vertex -2.5548 9.1040 -4.0000
        vertex -2.5932 9.2816 -4.0000
    endloop
endfacet
facet normal 0.0000 0.0000 -0.4306
    outer loop
        vertex -2.5932 9.2816 -4.0000
        vertex -2.5736 9.4624 -4.0000
        vertex -2.2100 9.3016 -4.0000
    endloop
endfacet
facet normal 0.0000 0.0000 -0.4310
    outer loop
        vertex -2.2100 9.3016 -4.0000
        vertex -2.5736 9.4624 -4.0000
        vertex -2.4984 9.6188 -4.0000
    endloop
endfacet
facet normal 0.0000 0.0000 -0.4302
    outer loop
        vertex -2.4984 9.6188 -4.0000
        vertex -2.3796 9.7268 -4.0000
        vertex -2.2100 9.3016 -4.0000
    endloop
endfacet
facet normal 0.0000 0.0000 -0.4310
    outer loop
        vertex -2.2100 9.3016 -4.0000
        vertex -2.3796 9.7268 -4.0000
        vertex -2.2348 9.7704 -4.0000
    endloop
endfacet
facet normal 0.0000 0.0000 -0.4305
    outer loop
        vertex -2.2348 9.7704 -4.0000
        vertex -2.0864 9.7424 -4.0000
        vertex -2.2100 9.3016 -4.0000
    endloop
endfacet
facet normal 0.0000 0.0000 -0.4306
    outer loop
        vertex -2.2100 9.3016 -4.0000
        vertex -2.0864 9.7424 -4.0000
        vertex -1.9568 9.6472 -4.0000
    endloop
endfacet
facet normal 0.0000 0.0000 -0.4306
    outer loop
        vertex -1.9568 9.6472 -4.0000
        vertex -1.8656 9.4996 -4.0000
        vertex -2.2100 9.3016 -4.0000
    endloop
endfacet
facet normal 0.0000 0.0000 -0.4307
    outer loop
        vertex -2.2100 9.3016 -4.0000
        vertex -1.8656 9.4996 -4.0000
        vertex -1.8272 9.3216 -4.0000
    endloop
endfacet
facet normal 0.0000 0.0000 -0.4301
    outer loop
        vertex -1.8272 9.3216 -4.0000
        vertex -1.8468 9.1408 -4.0000
        vertex -2.2100 9.3016 -4.0000
    endloop
endfacet
facet normal 0.0000 0.0000 -0.4306
    outer loop
        vertex -2.2100 9.3016 -4.0000
        vertex -1.8468 9.1408 -4.0000
        vertex -1.9220 8.9844 -4.0000
    endloop
endfacet
facet normal 0.0000 0.0000 -0.4299
    outer loop
        vertex -1.9220 8.9844 -4.0000
        vertex -2.0408 8.8764 -4.0000
        vertex -2.2100 9.3016 -4.0000
    endloop
endfacet
facet normal 0.0000 0.0000 -0.4305
    outer loop
        vertex -2.2100 9.3016 -4.0000
        vertex -2.0408 8.8764 -4.0000
        vertex -2.1856 8.8332 -4.0000
    endloop
endfacet
facet normal 0.0000 0.0000 -0.4302
    outer loop
        vertex -2.1856 8.8332 -4.0000
        vertex -2.3340 8.8612 -4.0000
        vertex -2.2100 9.3016 -4.0000
    endloop
endfacet
facet normal 0.0000 0.0000 -0.4302
    outer loop
        vertex -2.2100 9.3016 -4.0000
        vertex -2.3340 8.8612 -4.0000
        vertex -2.4636 8.9560 -4.0000
    endloop
endfacet
facet normal 0.0000 0.0000 -0.4316
    outer loop
        vertex -2.4636 8.9560 -4.0000
        vertex -2.5548 9.1040 -4.0000
        vertex -2.2100 9.3016 -4.0000
    endloop
endfacet
facet normal 0.0000 0.0000 -0.4302
    outer loop
        vertex -2.2300 10.5016 -4.0000
        vertex -2.5748 10.3040 -4.0000
        vertex -2.6132 10.4816 -4.0000
    endloop
endfacet
facet normal 0.0000 0.0000 -0.4306
    outer loop
        vertex -2.6132 10.4816 -4.0000
        vertex -2.5936 10.6624 -4.0000
        vertex -2.2300 10.5016 -4.0000
    endloop
endfacet
facet normal 0.0000 0.0000 -0.4310
    outer loop
        vertex -2.2300 10.5016 -4.0000
        vertex -2.5936 10.6624 -4.0000
        vertex -2.5184 10.8188 -4.0000
    endloop
endfacet
facet normal 0.0000 0.0000 -0.4302
    outer loop
        vertex -2.5184 10.8188 -4.0000
        vertex -2.3996 10.9268 -4.0000
        vertex -2.2300 10.5016 -4.0000
    endloop
endfacet
facet normal 0.0000 0.0000 -0.4310
    outer loop
        vertex -2.2300 10.5016 -4.0000
        vertex -2.3996 10.9268 -4.0000
        vertex -2.2548 10.9704 -4.0000
    endloop
endfacet
facet normal 0.0000 0.0000 -0.4305
    outer loop
        vertex -2.2548 10.9704 -4.0000
        vertex -2.1064 10.9424 -4.0000
        vertex -2.2300 10.5016 -4.0000
    endloop
endfacet
facet normal 0.0000 0.0000 -0.4306
    outer loop
        vertex -2.2300 10.5016 -4.0000
        vertex -2.1064 10.9424 -4.0000
        vertex -1.9768 10.8472 -4.0000
    endloop
endfacet
facet normal 0.0000 0.0000 -0.4306
    outer loop
        vertex -1.9768 10.8472 -4.0000
        vertex -1.8856 10.6996 -4.0000
        vertex -2.2300 10.5016 -4.0000
    endloop
endfacet
facet normal 0.0000 0.0000 -0.4307
    outer loop
        vertex -2.2300 10.5016 -4.0000
        vertex -1.8856 10.6996 -4.0000
        vertex -1.8472 10.5216 -4.0000
    endloop
endfacet
facet normal 0.0000 0.0000 -0.4301
    outer loop
        vertex -1.8472 10.5216 -4.0000
        vertex -1.8668 10.3408 -4.0000
        vertex -2.2300 10.5016 -4.0000
    endloop
endfacet
facet normal 0.0000 0.0000 -0.4306
    outer loop
        vertex -2.2300 10.5016 -4.0000
        vertex -1.8668 10.3408 -4.0000
        vertex -1.9420 10.1844 -4.0000
    endloop
endfacet
facet normal 0.0000 0.0000 -0.4299
    outer loop
        vertex -1.9420 10.1844 -4.0000
        vertex -2.0608 10.0764 -4.0000
        vertex -2.2300 10.5016 -4.0000
    endloop
endfacet
facet normal 0.0000 0.0000 -0.4305
    outer loop
        vertex -2.2300 10.5016 -4.0000
        vertex -2.0608 10.0764 -4.0000
        vertex -2.2056 10.0332 -4.0000
    endloop
endfacet
facet normal 0.0000 0.0000 -0.4302
    outer loop
        vertex -2.2056 10.0332 -4.0000
        vertex -2.3540 10.0612 -4.0000
        vertex -2.2300 10.5016 -4.0000
    endloop
endfacet
facet normal 0.0000 0.0000 -0.4302
    outer loop
        vertex -2.2300 10.5016 -4.0000
        vertex -2.3540 10.0612 -4.0000
        vertex -2.4836 10.1560 -4.0000
    endloop
endfacet
facet normal 0.0000 0.0000 -0.4316
    outer loop
        vertex -2.4836 10.1560 -4.0000
        vertex -2.5748 10.3040 -4.0000
        vertex -2.2300 10.5016 -4.0000
    endloop
endfacet
facet normal 0.0000 0.0000 -0.4450
    outer loop
        vertex -3.9800 7.3000 -4.0000
        vertex -4.3400 7.2600 -4.0000
        vertex -4.3200 7.4600 -4.0000
    endloop
endfacet
facet normal 0.0000 0.0000 -0.4000
    outer loop
        vertex -4.3200 7.4600 -4.0000
        vertex -4.2600 7.6200 -4.0000
        vertex -3.9800 7.3000 -4.0000
    endloop
endfacet
facet normal 0.0000 0.0000 -0.5300
    outer loop
        vertex -3.9800 7.3000 -4.0000
        vertex -4.2600 7.6200 -4.0000
        vertex -4.1000 7.7400 -4.0000
    endloop
endfacet
facet normal 0.0000 0.0000 -0.5950
    outer loop
        vertex -4.1000 7.7400 -4.0000
        vertex -3.9000 7.8000 -4.0000
        vertex -3.9800 7.3000 -4.0000
    endloop
endfacet
facet normal 0.0000 0.0000 -1.4700
    outer loop
        vertex -3.5000 7.3600 -4.0000
        vertex -3.9800 7.3000 -4.0000
        vertex -3.9000 7.8000 -4.0000
    endloop
endfacet
facet normal 0.0000 0.0000 -0.8750
    outer loop
        vertex -3.9000 7.8000 -4.0000
        vertex -3.6000 7.8200 -4.0000
        vertex -3.5000 7.3600 -4.0000
    endloop
endfacet
facet normal 0.0000 0.0000 -0.6525
    outer loop
        vertex -3.5000 7.3600 -4.0000
        vertex -3.6000 7.8200 -4.0000
        vertex -3.3600 7.7600 -4.0000
    endloop
endfacet
facet normal 0.0000 0.0000 -0.5375
    outer loop
        vertex -3.3600 7.7600 -4.0000
        vertex -3.1800 7.6600 -4.0000
        vertex -3.5000 7.3600 -4.0000
    endloop
endfacet
facet normal 0.0000 0.0000 -0.8125
    outer loop
        vertex -3.5000 7.3600 -4.0000
        vertex -3.1800 7.6600 -4.0000
        vertex -2.9600 7.4600 -4.0000
    endloop
endfacet
facet normal 0.0000 0.0000 -0.4453
    outer loop
        vertex -3.9912 8.6528 -4.0000
        vertex -4.3528 8.6316 -4.0000
        vertex -4.3224 8.8304 -4.0000
    endloop
endfacet
facet normal 0.0000 0.0000 -0.4001
    outer loop
        vertex -4.3224 8.8304 -4.0000
        vertex -4.2544 8.9872 -4.0000
        vertex -3.9912 8.6528 -4.0000
    endloop
endfacet
facet normal 0.0000 0.0000 -0.5307
    outer loop
        vertex -3.9912 8.6528 -4.0000
        vertex -4.2544 8.9872 -4.0000
        vertex -4.0880 9.0984 -4.0000
    endloop
endfacet
facet normal 0.0000 0.0000 -0.5948
    outer loop
        vertex -4.0880 9.0984 -4.0000
        vertex -3.8852 9.1480 -4.0000
        vertex -3.9912 8.6528 -4.0000
    endloop
endfacet
facet normal 0.0000 0.0000 -1.4700
    outer loop
        vertex -3.5088 8.6876 -4.0000
        vertex -3.9912 8.6528 -4.0000
        vertex -3.8852 9.1480 -4.0000
    endloop
endfacet
facet normal 0.0000 0.0000 -0.8748
    outer loop
        vertex -3.8852 9.1480 -4.0000
        vertex -3.5848 9.1524 -4.0000
        vertex -3.5088 8.6876 -4.0000
    endloop
endfacet
facet normal 0.0000 0.0000 -0.6533
    outer loop
        vertex -3.5088 8.6876 -4.0000
        vertex -3.5848 9.1524 -4.0000
        vertex -3.3480 9.0796 -4.0000
    endloop
endfacet
facet normal 0.0000 0.0000 -0.5370
    outer loop
        vertex -3.3480 9.0796 -4.0000
        vertex -3.1736 8.9704 -4.0000
        vertex -3.5088 8.6876 -4.0000
    endloop
endfacet
facet normal 0.0000 0.0000 -0.8122
    outer loop
        vertex -3.5088 8.6876 -4.0000
        vertex -3.1736 8.9704 -4.0000
        vertex -2.9644 8.7592 -4.0000
    endloop
endfacet
facet normal 0.0000 0.0000 -0.4456
    outer loop
        vertex -4.0284 9.8968 -4.0000
        vertex -4.3908 9.8884 -4.0000
        vertex -4.3532 10.0860 -4.0000
    endloop
endfacet
facet normal 0.0000 0.0000 -0.3997
    outer loop
        vertex -4.3532 10.0860 -4.0000
        vertex -4.2796 10.2400 -4.0000
        vertex -4.0284 9.8968 -4.0000
    endloop
endfacet
facet normal 0.0000 0.0000 -0.5304
    outer loop
        vertex -4.0284 9.8968 -4.0000
        vertex -4.2796 10.2400 -4.0000
        vertex -4.1096 10.3456 -4.0000
    endloop
endfacet
facet normal 0.0000 0.0000 -0.5949
    outer loop
        vertex -4.1096 10.3456 -4.0000
        vertex -3.9052 10.3880 -4.0000
        vertex -4.0284 9.8968 -4.0000
    endloop
endfacet
facet normal 0.0000 0.0000 -1.4696
    outer loop
        vertex -3.5452 9.9148 -4.0000
        vertex -4.0284 9.8968 -4.0000
        vertex -3.9052 10.3880 -4.0000
    endloop
endfacet
facet normal 0.0000 0.0000 -0.8740
    outer loop
        vertex -3.9052 10.3880 -4.0000
        vertex -3.6048 10.3816 -4.0000
        vertex -3.5452 9.9148 -4.0000
    endloop
endfacet
facet normal 0.0000 0.0000 -0.6527
    outer loop
        vertex -3.5452 9.9148 -4.0000
        vertex -3.6048 10.3816 -4.0000
        vertex -3.3708 10.3012 -4.0000
    endloop
endfacet
facet normal 0.0000 0.0000 -0.5375
    outer loop
        vertex -3.3708 10.3012 -4.0000
        vertex -3.2004 10.1856 -4.0000
        vertex -3.5452 9.9148 -4.0000
    endloop
endfacet
facet normal 0.0000 0.0000 -0.8125
    outer loop
        vertex -3.5452 9.9148 -4.0000
        vertex -3.2004 10.1856 -4.0000
        vertex -2.9984 9.9672 -4.0000
    endloop
endfacet
facet normal 0.0000 0.0000 -0.0800
    outer loop
        vertex -4.5000 7.4400 -4.0000
        vertex -4.5800 7.4200 -4.0000
        vertex -4.6600 7.5600 -4.0000
    endloop
endfacet
facet normal 0.0000 0.0000 -0.1950
    outer loop
        vertex -4.6600 7.5600 -4.0000
        vertex -4.4800 7.6200 -4.0000
        vertex -4.5000 7.4400 -4.0000
    endloop
endfacet
facet normal 0.0000 0.0000 -0.1950
    outer loop
        vertex -4.4800 7.6200 -4.0000
        vertex -4.6600 7.5600 -4.0000
        vertex -4.7000 7.7200 -4.0000
    endloop
endfacet
facet normal 0.0000 0.0000 -0.3300
    outer loop
        vertex -4.7000 7.7200 -4.0000
        vertex -4.7000 7.9600 -4.0000
        vertex -4.4800 7.6200 -4.0000
    endloop
endfacet
facet normal 0.0000 0.0000 -0.3200
    outer loop
        vertex -4.4200 7.7600 -4.0000
        vertex -4.4800 7.6200 -4.0000
        vertex -4.7000 7.9600 -4.0000
    endloop
endfacet
facet normal 0.0000 0.0000 -0.3550
    outer loop
        vertex -4.7000 7.9600 -4.0000
        vertex -4.6400 8.1200 -4.0000
        vertex -4.4200 7.7600 -4.0000
    endloop
endfacet
facet normal 0.0000 0.0000 -0.4075
    outer loop
        vertex -4.4200 7.7600 -4.0000
        vertex -4.6400 8.1200 -4.0000
        vertex -4.5200 8.2200 -4.0000
    endloop
endfacet
facet normal 0.0000 0.0000 -0.6050
    outer loop
        vertex -4.5200 8.2200 -4.0000
        vertex -4.2400 7.9000 -4.0000
        vertex -4.4200 7.7600 -4.0000
    endloop
endfacet
facet normal 0.0000 0.0000 -0.3850
    outer loop
        vertex -4.2400 7.9000 -4.0000
        vertex -4.5200 8.2200 -4.0000
        vertex -4.3800 8.2800 -4.0000
    endloop
endfacet
facet normal 0.0000 0.0000 -0.6400
    outer loop
        vertex -4.3800 8.2800 -4.0000
        vertex -4.0000 7.9800 -4.0000
        vertex -4.2400 7.9000 -4.0000
    endloop
endfacet
facet normal 0.0000 0.0000 -1.2575
    outer loop
        vertex -4.0000 7.9800 -4.0000
        vertex -4.3800 8.2800 -4.0000
        vertex -3.7600 8.3200 -4.0000
    endloop
endfacet
facet normal 0.0000 0.0000 -0.9900
    outer loop
        vertex -3.7600 8.3200 -4.0000
        vertex -3.5200 8.0000 -4.0000
        vertex -4.0000 7.9800 -4.0000
    endloop
endfacet
facet normal 0.0000 0.0000 -1.0200
    outer loop
        vertex -3.5200 8.0000 -4.0000
        vertex -3.7600 8.3200 -4.0000
        vertex -3.2800 8.3600 -4.0000
    endloop
endfacet
facet normal 0.0000 0.0000 -0.5100
    outer loop
        vertex -3.2800 8.3600 -4.0000
        vertex -3.3200 7.9600 -4.0000
        vertex -3.5200 8.0000 -4.0000
    endloop
endfacet
facet normal 0.0000 0.0000 -0.6450
    outer loop
        vertex -3.3200 7.9600 -4.0000
        vertex -3.2800 8.3600 -4.0000
        vertex -3.0200 8.3800 -4.0000
    endloop
endfacet
facet normal 0.0000 0.0000 -0.6225
    outer loop
        vertex -3.0200 8.3800 -4.0000
        vertex -3.1400 7.8800 -4.0000
        vertex -3.3200 7.9600 -4.0000
    endloop
endfacet
facet normal 0.0000 0.0000 -0.8600
    outer loop
        vertex -3.1400 7.8800 -4.0000
        vertex -3.0200 8.3800 -4.0000
        vertex -2.7400 8.4000 -4.0000
    endloop
endfacet
facet normal 0.0000 0.0000 -0.3700
    outer loop
        vertex -2.7400 8.4000 -4.0000
        vertex -2.7800 8.2000 -4.0000
        vertex -3.1400 7.8800 -4.0000
    endloop
endfacet
facet normal 0.0000 0.0000 -0.5050
    outer loop
        vertex -3.0000 7.7800 -4.0000
        vertex -3.1400 7.8800 -4.0000
        vertex -2.7800 8.2000 -4.0000
    endloop
endfacet
facet normal 0.0000 0.0000 -0.3300
    outer loop
        vertex -2.7800 8.2000 -4.0000
        vertex -2.7800 7.9600 -4.0000
        vertex -3.0000 7.7800 -4.0000
    endloop
endfacet
facet normal 0.0000 0.0000 -0.2725
    outer loop
        vertex -2.8800 7.6800 -4.0000
        vertex -3.0000 7.7800 -4.0000
        vertex -2.7800 7.9600 -4.0000
    endloop
endfacet
facet normal 0.0000 0.0000 -0.1725
    outer loop
        vertex -2.7800 7.9600 -4.0000
        vertex -2.7600 7.7400 -4.0000
        vertex -2.8800 7.6800 -4.0000
    endloop
endfacet
facet normal 0.0000 0.0000 -0.1500
    outer loop
        vertex -2.7200 7.5600 -4.0000
        vertex -2.8800 7.6800 -4.0000
        vertex -2.7600 7.7400 -4.0000
    endloop
endfacet
facet normal 0.0000 0.0000 -0.0800
    outer loop
        vertex -4.5200 8.7600 -4.0000
        vertex -4.6000 8.7400 -4.0000
        vertex -4.6800 8.8800 -4.0000
    endloop
endfacet
facet normal 0.0000 0.0000 -0.1950
    outer loop
        vertex -4.6800 8.8800 -4.0000
        vertex -4.5000 8.9400 -4.0000
        vertex -4.5200 8.7600 -4.0000
    endloop
endfacet
facet normal 0.0000 0.0000 -0.1950
    outer loop
        vertex -4.5000 8.9400 -4.0000
        vertex -4.6800 8.8800 -4.0000
        vertex -4.7200 9.0400 -4.0000
    endloop
endfacet
facet normal 0.0000 0.0000 -0.3300
    outer loop
        vertex -4.7200 9.0400 -4.0000
        vertex -4.7200 9.2800 -4.0000
        vertex -4.5000 8.9400 -4.0000
    endloop
endfacet
facet normal 0.0000 0.0000 -0.3200
    outer loop
        vertex -4.4400 9.0800 -4.0000
        vertex -4.5000 8.9400 -4.0000
        vertex -4.7200 9.2800 -4.0000
    endloop
endfacet
facet normal 0.0000 0.0000 -0.3550
    outer loop
        vertex -4.7200 9.2800 -4.0000
        vertex -4.6600 9.4400 -4.0000
        vertex -4.4400 9.0800 -4.0000
    endloop
endfacet
facet normal 0.0000 0.0000 -0.4075
    outer loop
        vertex -4.4400 9.0800 -4.0000
        vertex -4.6600 9.4400 -4.0000
        vertex -4.5400 9.5400 -4.0000
    endloop
endfacet
facet normal 0.0000 0.0000 -0.6050
    outer loop
        vertex -4.5400 9.5400 -4.0000
        vertex -4.2600 9.2200 -4.0000
        vertex -4.4400 9.0800 -4.0000
    endloop
endfacet
facet normal 0.0000 0.0000 -0.3850
    outer loop
        vertex -4.2600 9.2200 -4.0000
        vertex -4.5400 9.5400 -4.0000
        vertex -4.4000 9.6000 -4.0000
    endloop
endfacet
facet normal 0.0000 0.0000 -0.6400
    outer loop
        vertex -4.4000 9.6000 -4.0000
        vertex -4.0200 9.3000 -4.0000
        vertex -4.2600 9.2200 -4.0000
    endloop
endfacet
facet normal 0.0000 0.0000 -1.2575
    outer loop
        vertex -4.0200 9.3000 -4.0000
        vertex -4.4000 9.6000 -4.0000
        vertex -3.7800 9.6400 -4.0000
    endloop
endfacet
facet normal 0.0000 0.0000 -0.9900
    outer loop
        vertex -3.7800 9.6400 -4.0000
        vertex -3.5400 9.3200 -4.0000
        vertex -4.0200 9.3000 -4.0000
    endloop
endfacet
facet normal 0.0000 0.0000 -1.0200
    outer loop
        vertex -3.5400 9.3200 -4.0000
        vertex -3.7800 9.6400 -4.0000
        vertex -3.3000 9.6800 -4.0000
    endloop
endfacet
facet normal 0.0000 0.0000 -0.5100
    outer loop
        vertex -3.3000 9.6800 -4.0000
        vertex -3.3400 9.2800 -4.0000
        vertex -3.5400 9.3200 -4.0000
    endloop
endfacet
facet normal 0.0000 0.0000 -0.6450
    outer loop
        vertex -3.3400 9.2800 -4.0000
        vertex -3.3000 9.6800 -4.0000
        vertex -3.0400 9.7000 -4.0000
    endloop
endfacet
facet normal 0.0000 0.0000 -0.6225
    outer loop
        vertex -3.0400 9.7000 -4.0000
        vertex -3.1600 9.2000 -4.0000
        vertex -3.3400 9.2800 -4.0000
    endloop
endfacet
facet normal 0.0000 0.0000 -0.8600
    outer loop
        vertex -3.1600 9.2000 -4.0000
        vertex -3.0400 9.7000 -4.0000
        vertex -2.7600 9.7200 -4.0000
    endloop
endfacet
facet normal 0.0000 0.0000 -0.3700
    outer loop
        vertex -2.7600 9.7200 -4.0000
        vertex -2.8000 9.5200 -4.0000
        vertex -3.1600 9.2000 -4.0000
    endloop
endfacet
facet normal 0.0000 0.0000 -0.5050
    outer loop
        vertex -3.0200 9.1000 -4.0000
        vertex -3.1600 9.2000 -4.0000
        vertex -2.8000 9.5200 -4.0000
    endloop
endfacet
facet normal 0.0000 0.0000 -0.3300
    outer loop
        vertex -2.8000 9.5200 -4.0000
        vertex -2.8000 9.2800 -4.0000
        vertex -3.0200 9.1000 -4.0000
    endloop
endfacet
facet normal 0.0000 0.0000 -0.2725
    outer loop
        vertex -2.9000 9.0000 -4.0000
        vertex -3.0200 9.1000 -4.0000
        vertex -2.8000 9.2800 -4.0000
    endloop
endfacet
facet normal 0.0000 0.0000 -0.1725
    outer loop
        vertex -2.8000 9.2800 -4.0000
        vertex -2.7800 9.0600 -4.0000
        vertex -2.9000 9.0000 -4.0000
    endloop
endfacet
facet normal 0.0000 0.0000 -0.1500
    outer loop
        vertex -2.7400 8.8800 -4.0000
        vertex -2.9000 9.0000 -4.0000
        vertex -2.7800 9.0600 -4.0000
    endloop
endfacet
facet normal 0.0000 0.0000 -0.0798
    outer loop
        vertex -4.5176 10.0416 -4.0000
        vertex -4.5980 10.0244 -4.0000
        vertex -4.6732 10.1672 -4.0000
    endloop
endfacet
facet normal 0.0000 0.0000 -0.1950
    outer loop
        vertex -4.6732 10.1672 -4.0000
        vertex -4.4912 10.2208 -4.0000
        vertex -4.5176 10.0416 -4.0000
    endloop
endfacet
facet normal 0.0000 0.0000 -0.1949
    outer loop
        vertex -4.4912 10.2208 -4.0000
        vertex -4.6732 10.1672 -4.0000
        vertex -4.7076 10.3284 -4.0000
    endloop
endfacet
facet normal 0.0000 0.0000 -0.3297
    outer loop
        vertex -4.7076 10.3284 -4.0000
        vertex -4.6992 10.5680 -4.0000
        vertex -4.4912 10.2208 -4.0000
    endloop
endfacet
facet normal 0.0000 0.0000 -0.3195
    outer loop
        vertex -4.4264 10.3584 -4.0000
        vertex -4.4912 10.2208 -4.0000
        vertex -4.6992 10.5680 -4.0000
    endloop
endfacet
facet normal 0.0000 0.0000 -0.3553
    outer loop
        vertex -4.6992 10.5680 -4.0000
        vertex -4.6336 10.7260 -4.0000
        vertex -4.4264 10.3584 -4.0000
    endloop
endfacet
facet normal 0.0000 0.0000 -0.4078
    outer loop
        vertex -4.4264 10.3584 -4.0000
        vertex -4.6336 10.7260 -4.0000
        vertex -4.5100 10.8216 -4.0000
    endloop
endfacet
facet normal 0.0000 0.0000 -0.6048
    outer loop
        vertex -4.5100 10.8216 -4.0000
        vertex -4.2416 10.4920 -4.0000
        vertex -4.4264 10.3584 -4.0000
    endloop
endfacet
facet normal 0.0000 0.0000 -0.3851
    outer loop
        vertex -4.2416 10.4920 -4.0000
        vertex -4.5100 10.8216 -4.0000
        vertex -4.3680 10.8768 -4.0000
    endloop
endfacet
facet normal 0.0000 0.0000 -0.6405
    outer loop
        vertex -4.3680 10.8768 -4.0000
        vertex -3.9988 10.5636 -4.0000
        vertex -4.2416 10.4920 -4.0000
    endloop
endfacet
facet normal 0.0000 0.0000 -1.2577
    outer loop
        vertex -3.9988 10.5636 -4.0000
        vertex -4.3680 10.8768 -4.0000
        vertex -3.7472 10.8952 -4.0000
    endloop
endfacet
facet normal 0.0000 0.0000 -0.9906
    outer loop
        vertex -3.7472 10.8952 -4.0000
        vertex -3.5184 10.5668 -4.0000
        vertex -3.9988 10.5636 -4.0000
    endloop
endfacet
facet normal 0.0000 0.0000 -1.0208
    outer loop
        vertex -3.5184 10.5668 -4.0000
        vertex -3.7472 10.8952 -4.0000
        vertex -3.2660 10.9184 -4.0000
    endloop
endfacet
facet normal 0.0000 0.0000 -0.5098
    outer loop
        vertex -3.2660 10.9184 -4.0000
        vertex -3.3200 10.5200 -4.0000
        vertex -3.5184 10.5668 -4.0000
    endloop
endfacet
facet normal 0.0000 0.0000 -0.6448
    outer loop
        vertex -3.3200 10.5200 -4.0000
        vertex -3.2660 10.9184 -4.0000
        vertex -3.0056 10.9292 -4.0000
    endloop
endfacet
facet normal 0.0000 0.0000 -0.6230
    outer loop
        vertex -3.0056 10.9292 -4.0000
        vertex -3.1428 10.4336 -4.0000
        vertex -3.3200 10.5200 -4.0000
    endloop
endfacet
facet normal 0.0000 0.0000 -0.8609
    outer loop
        vertex -3.1428 10.4336 -4.0000
        vertex -3.0056 10.9292 -4.0000
        vertex -2.7248 10.9396 -4.0000
    endloop
endfacet
facet normal 0.0000 0.0000 -0.3690
    outer loop
        vertex -2.7248 10.9396 -4.0000
        vertex -2.7720 10.7412 -4.0000
        vertex -3.1428 10.4336 -4.0000
    endloop
endfacet
facet normal 0.0000 0.0000 -0.5051
    outer loop
        vertex -3.0064 10.3288 -4.0000
        vertex -3.1428 10.4336 -4.0000
        vertex -2.7720 10.7412 -4.0000
    endloop
endfacet
facet normal 0.0000 0.0000 -0.3299
    outer loop
        vertex -2.7720 10.7412 -4.0000
        vertex -2.7804 10.5012 -4.0000
        vertex -3.0064 10.3288 -4.0000
    endloop
endfacet
facet normal 0.0000 0.0000 -0.2723
    outer loop
        vertex -2.8900 10.2248 -4.0000
        vertex -3.0064 10.3288 -4.0000
        vertex -2.7804 10.5012 -4.0000
    endloop
endfacet
facet normal 0.0000 0.0000 -0.1727
    outer loop
        vertex -2.7804 10.5012 -4.0000
        vertex -2.7680 10.2804 -4.0000
        vertex -2.8900 10.2248 -4.0000
    endloop
endfacet
facet normal 0.0000 0.0000 -0.1498
    outer loop
        vertex -2.7344 10.0992 -4.0000
        vertex -2.8900 10.2248 -4.0000
        vertex -2.7680 10.2804 -4.0000
    endloop
endfacet
facet normal 0.0000 0.0000 -14.9500
    outer loop
        vertex -5.0400 10.3600 -4.0000
        vertex -6.7600 10.2400 -4.0000
        vertex -7.2000 11.6000 -4.0000
    endloop
endfacet
facet normal 0.0000 0.0000 -3.9750
    outer loop
        vertex -7.2000 11.6000 -4.0000
        vertex -4.9800 10.6200 -4.0000
        vertex -5.0400 10.3600 -4.0000
    endloop
endfacet
facet normal 0.0000 0.0000 -3.6650
    outer loop
        vertex -4.9800 10.6200 -4.0000
        vertex -7.2000 11.6000 -4.0000
        vertex -4.8800 10.8400 -4.0000
    endloop
endfacet
facet normal 0.0000 0.0000 -3.7550
    outer loop
        vertex -4.8800 10.8400 -4.0000
        vertex -7.2000 11.6000 -4.0000
        vertex -4.7000 11.0400 -4.0000
    endloop
endfacet
facet normal 0.0000 0.0000 -2.5425
    outer loop
        vertex -4.4200 11.1400 -4.0000
        vertex -4.7000 11.0400 -4.0000
        vertex -7.2000 11.6000 -4.0000
    endloop
endfacet
facet normal 0.0000 0.0000 -8.5300
    outer loop
        vertex -7.2000 11.6000 -4.0000
        vertex -5.2000 11.7600 -4.0000
        vertex -4.4200 11.1400 -4.0000
    endloop
endfacet
facet normal 0.0000 0.0000 -1.8025
    outer loop
        vertex -3.9800 11.1600 -4.0000
        vertex -4.4200 11.1400 -4.0000
        vertex -5.2000 11.7600 -4.0000
    endloop
endfacet
facet normal 0.0000 0.0000 -4.8825
    outer loop
        vertex -5.2000 11.7600 -4.0000
        vertex -4.0200 11.8200 -4.0000
        vertex -3.9800 11.1600 -4.0000
    endloop
endfacet
facet normal 0.0000 0.0000 -5.8650
    outer loop
        vertex -2.1600 11.2400 -4.0000
        vertex -3.5800 11.1800 -4.0000
        vertex -3.6000 11.8400 -4.0000
    endloop
endfacet
facet normal 0.0000 0.0000 -8.3850
    outer loop
        vertex -3.6000 11.8400 -4.0000
        vertex -1.4600 11.8800 -4.0000
        vertex -2.1600 11.2400 -4.0000
    endloop
endfacet
facet normal 0.0000 0.0000 -1.0550
    outer loop
        vertex -1.9400 11.2000 -4.0000
        vertex -2.1600 11.2400 -4.0000
        vertex -1.4600 11.8800 -4.0000
    endloop
endfacet
facet normal 0.0000 0.0000 -1.0650
    outer loop
        vertex -1.7600 11.1000 -4.0000
        vertex -1.9400 11.2000 -4.0000
        vertex -1.4600 11.8800 -4.0000
    endloop
endfacet
facet normal 0.0000 0.0000 -0.9225
    outer loop
        vertex -1.6400 10.9200 -4.0000
        vertex -1.7600 11.1000 -4.0000
        vertex -1.4600 11.8800 -4.0000
    endloop
endfacet
facet normal 0.0000 0.0000 -8.7375
    outer loop
        vertex -1.4600 11.8800 -4.0000
        vertex 0.0000 11.9000 -4.0000
        vertex -1.6400 10.9200 -4.0000
    endloop
endfacet
facet normal 0.0000 0.0000 -2.4175
    outer loop
        vertex -1.5800 10.7200 -4.0000
        vertex -1.6400 10.9200 -4.0000
        vertex 0.0000 11.9000 -4.0000
    endloop
endfacet
facet normal 0.0000 0.0000 -14.0225
    outer loop
        vertex 0.0000 11.9000 -4.0000
        vertex 0.0000 10.4800 -4.0000
        vertex -1.5800 10.7200 -4.0000
    endloop
endfacet
facet normal 0.0000 0.0000 -2.1425
    outer loop
        vertex 0.0000 10.4800 -4.0000
        vertex -1.5600 10.5000 -4.0000
        vertex -1.5800 10.7200 -4.0000
    endloop
endfacet
facet normal 0.0000 0.0000 -25.5600
    outer loop
        vertex 2.8800 10.4800 -4.0000
        vertex 0.0000 10.4800 -4.0000
        vertex 0.0000 11.9000 -4.0000
    endloop
endfacet
facet normal 0.0000 0.0000 -9.6700
    outer loop
        vertex 0.0000 11.9000 -4.0000
        vertex 3.2800 10.8200 -4.0000
        vertex 2.8800 10.4800 -4.0000
    endloop
endfacet
facet normal 0.0000 0.0000 -10.0750
    outer loop
        vertex 3.2800 10.8200 -4.0000
        vertex 0.0000 11.9000 -4.0000
        vertex 3.7400 11.1600 -4.0000
    endloop
endfacet
facet normal 0.0000 0.0000 -5.8725
    outer loop
        vertex 3.7400 11.1600 -4.0000
        vertex 0.0000 11.9000 -4.0000
        vertex 4.1000 11.3400 -4.0000
    endloop
endfacet
facet normal 0.0000 0.0000 -4.4050
    outer loop
        vertex 4.4800 11.4600 -4.0000
        vertex 4.1000 11.3400 -4.0000
        vertex 0.0000 11.9000 -4.0000
    endloop
endfacet
facet normal 0.0000 0.0000 -9.8800
    outer loop
        vertex 0.0000 11.9000 -4.0000
        vertex 4.0000 11.8600 -4.0000
        vertex 4.4800 11.4600 -4.0000
    endloop
endfacet
facet normal 0.0000 0.0000 -0.3500
    outer loop
        vertex 4.6200 11.4600 -4.0000
        vertex 4.4800 11.4600 -4.0000
        vertex 4.0000 11.8600 -4.0000
    endloop
endfacet
facet normal 0.0000 0.0000 -2.0450
    outer loop
        vertex 4.0000 11.8600 -4.0000
        vertex 4.8800 11.8200 -4.0000
        vertex 4.6200 11.4600 -4.0000
    endloop
endfacet
facet normal 0.0000 0.0000 -2.0900
    outer loop
        vertex 4.6200 11.4600 -4.0000
        vertex 4.8800 11.8200 -4.0000
        vertex 5.7800 11.7800 -4.0000
    endloop
endfacet
facet normal 0.0000 0.0000 -1.0350
    outer loop
        vertex 5.7800 11.7800 -4.0000
        vertex 5.5000 11.5600 -4.0000
        vertex 4.6200 11.4600 -4.0000
    endloop
endfacet
facet normal 0.0000 0.0000 -0.4650
    outer loop
        vertex 4.6600 11.3800 -4.0000
        vertex 4.6200 11.4600 -4.0000
        vertex 5.5000 11.5600 -4.0000
    endloop
endfacet
facet normal 0.0000 0.0000 -1.3575
    outer loop
        vertex 5.5000 11.5600 -4.0000
        vertex 5.1200 11.2200 -4.0000
        vertex 4.6600 11.3800 -4.0000
    endloop
endfacet
facet normal 0.0000 0.0000 -0.4625
    outer loop
        vertex 4.6000 11.2400 -4.0000
        vertex 4.6600 11.3800 -4.0000
        vertex 5.1200 11.2200 -4.0000
    endloop
endfacet
facet normal 0.0000 0.0000 -1.0075
    outer loop
        vertex 5.1200 11.2200 -4.0000
        vertex 4.8600 10.9200 -4.0000
        vertex 4.6000 11.2400 -4.0000
    endloop
endfacet
facet normal 0.0000 0.0000 -0.8625
    outer loop
        vertex 4.3800 10.9800 -4.0000
        vertex 4.6000 11.2400 -4.0000
        vertex 4.8600 10.9200 -4.0000
    endloop
endfacet
facet normal 0.0000 0.0000 -0.7275
    outer loop
        vertex 4.8600 10.9200 -4.0000
        vertex 4.6800 10.7000 -4.0000
        vertex 4.3800 10.9800 -4.0000
    endloop
endfacet
facet normal 0.0000 0.0000 -0.9475
    outer loop
        vertex 4.1600 10.6800 -4.0000
        vertex 4.3800 10.9800 -4.0000
        vertex 4.6800 10.7000 -4.0000
    endloop
endfacet
facet normal 0.0000 0.0000 -0.6375
    outer loop
        vertex 4.6800 10.7000 -4.0000
        vertex 4.0600 10.4800 -4.0000
        vertex 4.1600 10.6800 -4.0000
    endloop
endfacet
facet normal 0.0000 0.0000 -0.6325
    outer loop
        vertex 4.5200 10.4800 -4.0000
        vertex 4.0600 10.4800 -4.0000
        vertex 4.6800 10.7000 -4.0000
    endloop
endfacet
facet normal 0.0000 0.0000 -0.8200
    outer loop
        vertex 0.3200 7.1200 -4.0000
        vertex 0.1400 7.3400 -4.0000
        vertex 0.5400 7.5800 -4.0000
    endloop
endfacet
facet normal 0.0000 0.0000 -0.7875
    outer loop
        vertex 0.4600 6.8400 -4.0000
        vertex 0.3200 7.1200 -4.0000
        vertex 0.5400 7.5800 -4.0000
    endloop
endfacet
facet normal 0.0000 0.0000 -5.0050
    outer loop
        vertex 0.5400 7.5800 -4.0000
        vertex 1.5400 6.8200 -4.0000
        vertex 0.4600 6.8400 -4.0000
    endloop
endfacet
facet normal 0.0000 0.0000 -0.8350
    outer loop
        vertex 0.4600 6.8400 -4.0000
        vertex 1.5400 6.8200 -4.0000
        vertex 1.3400 6.7000 -4.0000
    endloop
endfacet
facet normal 0.0000 0.0000 -1.4700
    outer loop
        vertex 1.3400 6.7000 -4.0000
        vertex 0.5400 6.5600 -4.0000
        vertex 0.4600 6.8400 -4.0000
    endloop
endfacet
facet normal 0.0000 0.0000 -0.7600
    outer loop
        vertex 0.5400 6.5600 -4.0000
        vertex 1.3400 6.7000 -4.0000
        vertex 1.1800 6.5200 -4.0000
    endloop
endfacet
facet normal 0.0000 0.0000 -1.2600
    outer loop
        vertex 1.1800 6.5200 -4.0000
        vertex 0.6200 6.2400 -4.0000
        vertex 0.5400 6.5600 -4.0000
    endloop
endfacet
facet normal 0.0000 0.0000 -0.5600
    outer loop
        vertex 0.6200 6.2400 -4.0000
        vertex 1.1800 6.5200 -4.0000
        vertex 1.0600 6.3000 -4.0000
    endloop
endfacet
facet normal 0.0000 0.0000 -0.5650
    outer loop
        vertex 1.0600 6.3000 -4.0000
        vertex 0.6600 6.0400 -4.0000
        vertex 0.6200 6.2400 -4.0000
    endloop
endfacet
facet normal 0.0000 0.0000 -0.3350
    outer loop
        vertex 0.6600 6.0400 -4.0000
        vertex 1.0600 6.3000 -4.0000
        vertex 1.0200 6.1400 -4.0000
    endloop
endfacet
facet normal 0.0000 0.0000 -3.7800
    outer loop
        vertex 1.5400 6.8200 -4.0000
        vertex 0.5400 7.5800 -4.0000
        vertex 1.0200 7.8200 -4.0000
    endloop
endfacet
facet normal 0.0000 0.0000 -4.7350
    outer loop
        vertex 1.0200 7.8200 -4.0000
        vertex 1.8400 7.7000 -4.0000
        vertex 1.5400 6.8200 -4.0000
    endloop
endfacet
facet normal 0.0000 0.0000 -1.7525
    outer loop
        vertex 1.8400 7.7000 -4.0000
        vertex 1.0200 7.8200 -4.0000
        vertex 1.5800 8.0800 -4.0000
    endloop
endfacet
facet normal 0.0000 0.0000 -0.8700
    outer loop
        vertex 1.5800 8.0800 -4.0000
        vertex 1.9600 8.0600 -4.0000
        vertex 1.8400 7.7000 -4.0000
    endloop
endfacet
facet normal 0.0000 0.0000 -0.3175
    outer loop
        vertex 1.9600 8.0600 -4.0000
        vertex 1.5800 8.0800 -4.0000
        vertex 1.8400 8.2000 -4.0000
    endloop
endfacet
facet normal 0.0000 0.0000 -0.0775
    outer loop
        vertex 1.8400 8.2000 -4.0000
        vertex 1.9800 8.1400 -4.0000
        vertex 1.9600 8.0600 -4.0000
    endloop
endfacet
facet normal 0.0000 0.0000 -0.0375
    outer loop
        vertex 1.9800 8.1400 -4.0000
        vertex 1.8400 8.2000 -4.0000
        vertex 1.9400 8.2000 -4.0000
    endloop
endfacet
facet normal 0.0000 0.0000 -3.8750
    outer loop
        vertex 2.2400 6.7600 -4.0000
        vertex 1.8400 6.8800 -4.0000
        vertex 2.3400 8.2800 -4.0000
    endloop
endfacet
facet normal 0.0000 0.0000 -3.9000
    outer loop
        vertex 2.3400 8.2800 -4.0000
        vertex 2.7400 8.1200 -4.0000
        vertex 2.2400 6.7600 -4.0000
    endloop
endfacet
facet normal 0.0000 0.0000 -3.8750
    outer loop
        vertex 4.3000 7.3800 -4.0000
        vertex 3.9000 7.5000 -4.0000
        vertex 4.4000 8.9000 -4.0000
    endloop
endfacet
facet normal 0.0000 0.0000 -3.9000
    outer loop
        vertex 4.4000 8.9000 -4.0000
        vertex 4.8000 8.7400 -4.0000
        vertex 4.3000 7.3800 -4.0000
    endloop
endfacet
facet normal 0.0000 0.0000 -1.7850
    outer loop
        vertex 3.4400 7.2600 -4.0000
        vertex 2.6600 7.0400 -4.0000
        vertex 2.7800 7.4400 -4.0000
    endloop
endfacet
facet normal 0.0000 0.0000 -0.4650
    outer loop
        vertex 2.7800 7.4400 -4.0000
        vertex 3.5600 7.3400 -4.0000
        vertex 3.4400 7.2600 -4.0000
    endloop
endfacet
facet normal 0.0000 0.0000 -0.6225
    outer loop
        vertex 3.6200 7.4600 -4.0000
        vertex 3.5600 7.3400 -4.0000
        vertex 2.7800 7.4400 -4.0000
    endloop
endfacet
facet normal 0.0000 0.0000 -4.4800
    outer loop
        vertex 2.7800 7.4400 -4.0000
        vertex 3.0600 8.3000 -4.0000
        vertex 3.6200 7.4600 -4.0000
    endloop
endfacet
facet normal 0.0000 0.0000 -0.9800
    outer loop
        vertex 3.6200 7.4600 -4.0000
        vertex 3.0600 8.3000 -4.0000
        vertex 3.1800 8.4000 -4.0000
    endloop
endfacet
facet normal 0.0000 0.0000 -0.8700
    outer loop
        vertex 3.1800 8.4000 -4.0000
        vertex 3.3000 8.4600 -4.0000
        vertex 3.6200 7.4600 -4.0000
    endloop
endfacet
facet normal 0.0000 0.0000 -0.7450
    outer loop
        vertex 3.6200 7.4600 -4.0000
        vertex 3.3000 8.4600 -4.0000
        vertex 3.4000 8.5200 -4.0000
    endloop
endfacet
facet normal 0.0000 0.0000 -0.7225
    outer loop
        vertex 3.6200 7.4600 -4.0000
        vertex 3.4000 8.5200 -4.0000
        vertex 3.4800 8.6600 -4.0000
    endloop
endfacet
facet normal 0.0000 0.0000 -0.6700
    outer loop
        vertex 3.4800 8.6600 -4.0000
        vertex 3.5600 8.7400 -4.0000
        vertex 3.6200 7.4600 -4.0000
    endloop
endfacet
facet normal 0.0000 0.0000 -1.3100
    outer loop
        vertex 3.6200 7.4600 -4.0000
        vertex 3.5600 8.7400 -4.0000
        vertex 3.7200 8.8200 -4.0000
    endloop
endfacet
facet normal 0.0000 0.0000 -2.7825
    outer loop
        vertex 3.7200 8.8200 -4.0000
        vertex 4.0400 8.7200 -4.0000
        vertex 3.6200 7.4600 -4.0000
    endloop
endfacet
facet normal 0.0000 0.0000 -0.2025
    outer loop
        vertex 4.0400 8.7200 -4.0000
        vertex 3.7200 8.8200 -4.0000
        vertex 3.9800 8.8400 -4.0000
    endloop
endfacet
facet normal 0.0000 0.0000 -0.0300
    outer loop
        vertex 3.9800 8.8400 -4.0000
        vertex 4.0400 8.8000 -4.0000
        vertex 4.0400 8.7200 -4.0000
    endloop
endfacet
facet normal 0.0000 0.0000 -3.2700
    outer loop
        vertex 5.1800 7.6800 -4.0000
        vertex 4.7200 7.6000 -4.0000
        vertex 5.0800 8.8000 -4.0000
    endloop
endfacet
facet normal 0.0000 0.0000 -0.9275
    outer loop
        vertex 5.0800 8.8000 -4.0000
        vertex 5.2000 8.9400 -4.0000
        vertex 5.1800 7.6800 -4.0000
    endloop
endfacet
facet normal 0.0000 0.0000 -1.4050
    outer loop
        vertex 5.1800 7.6800 -4.0000
        vertex 5.2000 8.9400 -4.0000
        vertex 5.3800 9.0400 -4.0000
    endloop
endfacet
facet normal 0.0000 0.0000 -1.9400
    outer loop
        vertex 5.3800 9.0400 -4.0000
        vertex 5.6200 9.1200 -4.0000
        vertex 5.1800 7.6800 -4.0000
    endloop
endfacet
facet normal 0.0000 0.0000 -5.5400
    outer loop
        vertex 5.8200 7.7600 -4.0000
        vertex 5.1800 7.6800 -4.0000
        vertex 5.6200 9.1200 -4.0000
    endloop
endfacet
facet normal 0.0000 0.0000 -3.3300
    outer loop
        vertex 5.6200 9.1200 -4.0000
        vertex 6.0000 9.2000 -4.0000
        vertex 5.8200 7.7600 -4.0000
    endloop
endfacet
facet normal 0.0000 0.0000 -2.0700
    outer loop
        vertex -3.9000 1.1800 -4.0000
        vertex -4.0200 1.8600 -4.0000
        vertex -3.5400 1.9000 -4.0000
    endloop
endfacet
facet normal 0.0000 0.0000 -2.0250
    outer loop
        vertex -3.5400 1.9000 -4.0000
        vertex -3.4200 1.2400 -4.0000
        vertex -3.9000 1.1800 -4.0000
    endloop
endfacet
facet normal 0.0000 0.0000 -2.2125
    outer loop
        vertex -3.7600 0.4600 -4.0000
        vertex -3.9000 1.1800 -4.0000
        vertex -3.4200 1.2400 -4.0000
    endloop
endfacet
facet normal 0.0000 0.0000 -2.5350
    outer loop
        vertex -3.4200 1.2400 -4.0000
        vertex -3.2400 0.4600 -4.0000
        vertex -3.7600 0.4600 -4.0000
    endloop
endfacet
facet normal 0.0000 0.0000 -0.0650
    outer loop
        vertex -4.0200 1.8600 -4.0000
        vertex -3.9800 1.9200 -4.0000
        vertex -3.7800 1.9600 -4.0000
    endloop
endfacet
facet normal 0.0000 0.0000 -0.2400
    outer loop
        vertex -3.7800 1.9600 -4.0000
        vertex -3.5400 1.9000 -4.0000
        vertex -4.0200 1.8600 -4.0000
    endloop
endfacet
facet normal 0.0000 0.0000 -0.0675
    outer loop
        vertex -3.5400 1.9000 -4.0000
        vertex -3.7800 1.9600 -4.0000
        vertex -3.6000 1.9600 -4.0000
    endloop
endfacet
facet normal 0.0000 0.0000 -0.1150
    outer loop
        vertex -4.0800 2.2200 -4.0000
        vertex -4.1400 2.5600 -4.0000
        vertex -4.1000 2.6400 -4.0000
    endloop
endfacet
facet normal 0.0000 0.0000 -0.2050
    outer loop
        vertex -4.1000 2.6400 -4.0000
        vertex -4.0000 2.1800 -4.0000
        vertex -4.0800 2.2200 -4.0000
    endloop
endfacet
facet normal 0.0000 0.0000 -0.4600
    outer loop
        vertex -3.8400 2.1800 -4.0000
        vertex -4.0000 2.1800 -4.0000
        vertex -4.1000 2.6400 -4.0000
    endloop
endfacet
facet normal 0.0000 0.0000 -0.6400
    outer loop
        vertex -4.1000 2.6400 -4.0000
        vertex -3.9000 2.6800 -4.0000
        vertex -3.8400 2.1800 -4.0000
    endloop
endfacet
facet normal 0.0000 0.0000 -0.9450
    outer loop
        vertex -3.8400 2.1800 -4.0000
        vertex -3.9000 2.6800 -4.0000
        vertex -3.6000 2.7000 -4.0000
    endloop
endfacet
facet normal 0.0000 0.0000 -0.8500
    outer loop
        vertex -3.6000 2.7000 -4.0000
        vertex -3.5600 2.2200 -4.0000
        vertex -3.8400 2.1800 -4.0000
    endloop
endfacet
facet normal 0.0000 0.0000 -0.4450
    outer loop
        vertex -3.5600 2.2200 -4.0000
        vertex -3.6000 2.7000 -4.0000
        vertex -3.4400 2.5600 -4.0000
    endloop
endfacet
facet normal 0.0000 0.0000 -0.4225
    outer loop
        vertex -3.4400 2.5600 -4.0000
        vertex -3.3400 2.2800 -4.0000
        vertex -3.5600 2.2200 -4.0000
    endloop
endfacet
facet normal 0.0000 0.0000 -0.2175
    outer loop
        vertex -3.3400 2.2800 -4.0000
        vertex -3.4400 2.5600 -4.0000
        vertex -3.2800 2.4600 -4.0000
    endloop
endfacet
facet normal 0.0000 0.0000 -0.2100
    outer loop
        vertex -3.3400 2.2800 -4.0000
        vertex -3.2800 2.4600 -4.0000
        vertex -3.1200 2.3800 -4.0000
    endloop
endfacet
facet normal 0.0000 0.0000 -0.0675
    outer loop
        vertex -4.0800 2.2200 -4.0000
        vertex -4.1400 2.3800 -4.0000
        vertex -4.1400 2.5600 -4.0000
    endloop
endfacet
facet normal 0.0000 0.0000 -0.8550
    outer loop
        vertex -4.2400 2.8600 -4.0000
        vertex -4.3200 3.3000 -4.0000
        vertex -4.0200 3.3600 -4.0000
    endloop
endfacet
facet normal 0.0000 0.0000 -0.4025
    outer loop
        vertex -4.0200 3.3600 -4.0000
        vertex -3.9000 3.3400 -4.0000
        vertex -4.2400 2.8600 -4.0000
    endloop
endfacet
facet normal 0.0000 0.0000 -0.4600
    outer loop
        vertex -4.2400 2.8600 -4.0000
        vertex -3.9000 3.3400 -4.0000
        vertex -3.8600 3.1800 -4.0000
    endloop
endfacet
facet normal 0.0000 0.0000 -0.3925
    outer loop
        vertex -3.8600 3.1800 -4.0000
        vertex -4.0200 2.8800 -4.0000
        vertex -4.2400 2.8600 -4.0000
    endloop
endfacet
facet normal 0.0000 0.0000 -0.2775
    outer loop
        vertex -3.8400 2.9400 -4.0000
        vertex -4.0200 2.8800 -4.0000
        vertex -3.8600 3.1800 -4.0000
    endloop
endfacet
facet normal 0.0000 0.0000 -0.0675
    outer loop
        vertex -3.8600 3.1800 -4.0000
        vertex -3.8000 3.0000 -4.0000
        vertex -3.8400 2.9400 -4.0000
    endloop
endfacet
facet normal 0.0000 0.0000 -0.1550
    outer loop
        vertex -4.2400 2.8600 -4.0000
        vertex -4.3200 2.9000 -4.0000
        vertex -4.3800 3.2400 -4.0000
    endloop
endfacet
facet normal 0.0000 0.0000 -0.1950
    outer loop
        vertex -4.3800 3.2400 -4.0000
        vertex -4.3200 3.3000 -4.0000
        vertex -4.2400 2.8600 -4.0000
    endloop
endfacet
facet normal 0.0000 0.0000 -0.0675
    outer loop
        vertex -4.3200 2.9000 -4.0000
        vertex -4.3800 3.0600 -4.0000
        vertex -4.3800 3.2400 -4.0000
    endloop
endfacet
facet normal 0.0000 0.0000 -0.0250
    outer loop
        vertex -4.2400 3.5600 -4.0000
        vertex -4.3400 3.5400 -4.0000
        vertex -4.4400 3.5600 -4.0000
    endloop
endfacet
facet normal 0.0000 0.0000 -0.0750
    outer loop
        vertex -4.4400 3.5600 -4.0000
        vertex -4.2200 3.6200 -4.0000
        vertex -4.2400 3.5600 -4.0000
    endloop
endfacet
facet normal 0.0000 0.0000 -0.1250
    outer loop
        vertex -4.2200 3.6200 -4.0000
        vertex -4.4400 3.5600 -4.0000
        vertex -4.4800 3.6400 -4.0000
    endloop
endfacet
facet normal 0.0000 0.0000 -0.1600
    outer loop
        vertex -4.4800 3.6400 -4.0000
        vertex -4.2400 3.7200 -4.0000
        vertex -4.2200 3.6200 -4.0000
    endloop
endfacet
facet normal 0.0000 0.0000 -0.3500
    outer loop
        vertex -4.2400 3.7200 -4.0000
        vertex -4.4800 3.6400 -4.0000
        vertex -4.5200 3.8600 -4.0000
    endloop
endfacet
facet normal 0.0000 0.0000 -0.2450
    outer loop
        vertex -4.5200 3.8600 -4.0000
        vertex -4.3200 3.9000 -4.0000
        vertex -4.2400 3.7200 -4.0000
    endloop
endfacet
facet normal 0.0000 0.0000 -0.2500
    outer loop
        vertex -4.3200 3.9000 -4.0000
        vertex -4.5200 3.8600 -4.0000
        vertex -4.5200 4.0600 -4.0000
    endloop
endfacet
facet normal 0.0000 0.0000 -0.2550
    outer loop
        vertex -4.5200 4.0600 -4.0000
        vertex -4.3400 4.1200 -4.0000
        vertex -4.3200 3.9000 -4.0000
    endloop
endfacet
facet normal 0.0000 0.0000 -0.3075
    outer loop
        vertex -4.3400 4.1200 -4.0000
        vertex -4.5200 4.0600 -4.0000
        vertex -4.5600 4.3200 -4.0000
    endloop
endfacet
facet normal 0.0000 0.0000 -0.3825
    outer loop
        vertex -4.5600 4.3200 -4.0000
        vertex -4.3200 4.3800 -4.0000
        vertex -4.3400 4.1200 -4.0000
    endloop
endfacet
facet normal 0.0000 0.0000 -0.6825
    outer loop
        vertex -4.3200 4.3800 -4.0000
        vertex -4.5600 4.3200 -4.0000
        vertex -4.6200 4.7600 -4.0000
    endloop
endfacet
facet normal 0.0000 0.0000 -0.5175
    outer loop
        vertex -4.6200 4.7600 -4.0000
        vertex -4.2600 4.5800 -4.0000
        vertex -4.3200 4.3800 -4.0000
    endloop
endfacet
facet normal 0.0000 0.0000 -0.7425
    outer loop
        vertex -4.3200 4.9400 -4.0000
        vertex -4.2600 4.5800 -4.0000
        vertex -4.6200 4.7600 -4.0000
    endloop
endfacet
facet normal 0.0000 0.0000 -0.8100
    outer loop
        vertex -4.6200 4.7600 -4.0000
        vertex -4.6400 5.1800 -4.0000
        vertex -4.3200 4.9400 -4.0000
    endloop
endfacet
facet normal 0.0000 0.0000 -0.2000
    outer loop
        vertex -4.3200 4.9400 -4.0000
        vertex -4.6400 5.1800 -4.0000
        vertex -4.6400 5.2800 -4.0000
    endloop
endfacet
facet normal 0.0000 0.0000 -0.4275
    outer loop
        vertex -4.6400 5.2800 -4.0000
        vertex -4.4200 5.2600 -4.0000
        vertex -4.3200 4.9400 -4.0000
    endloop
endfacet
facet normal 0.0000 0.0000 -0.1400
    outer loop
        vertex -4.4200 5.2600 -4.0000
        vertex -4.6400 5.2800 -4.0000
        vertex -4.6200 5.3800 -4.0000
    endloop
endfacet
facet normal 0.0000 0.0000 -0.1750
    outer loop
        vertex -4.6200 5.3800 -4.0000
        vertex -4.4200 5.4000 -4.0000
        vertex -4.4200 5.2600 -4.0000
    endloop
endfacet
facet normal 0.0000 0.0000 -0.0900
    outer loop
        vertex -4.4200 5.4000 -4.0000
        vertex -4.6200 5.3800 -4.0000
        vertex -4.5400 5.4600 -4.0000
    endloop
endfacet
facet normal 0.0000 0.0000 -0.0300
    outer loop
        vertex -4.5400 5.4600 -4.0000
        vertex -4.4600 5.4600 -4.0000
        vertex -4.4200 5.4000 -4.0000
    endloop
endfacet
facet normal 0.0000 0.0000 -0.0350
    outer loop
        vertex -3.9200 5.1000 -4.0000
        vertex -4.0200 5.0800 -4.0000
        vertex -4.1000 5.1200 -4.0000
    endloop
endfacet
facet normal 0.0000 0.0000 -0.0725
    outer loop
        vertex -4.1000 5.1200 -4.0000
        vertex -3.8800 5.1600 -4.0000
        vertex -3.9200 5.1000 -4.0000
    endloop
endfacet
facet normal 0.0000 0.0000 -0.2150
    outer loop
        vertex -3.8600 5.3200 -4.0000
        vertex -3.8800 5.1600 -4.0000
        vertex -4.1000 5.1200 -4.0000
    endloop
endfacet
facet normal 0.0000 0.0000 -0.1400
    outer loop
        vertex -4.1000 5.1200 -4.0000
        vertex -4.1400 5.1800 -4.0000
        vertex -3.8600 5.3200 -4.0000
    endloop
endfacet
facet normal 0.0000 0.0000 -0.4550
    outer loop
        vertex -3.8600 5.3200 -4.0000
        vertex -4.1400 5.1800 -4.0000
        vertex -4.1800 5.4200 -4.0000
    endloop
endfacet
facet normal 0.0000 0.0000 -0.1325
    outer loop
        vertex -4.1800 5.4200 -4.0000
        vertex -4.1600 5.4800 -4.0000
        vertex -3.8600 5.3200 -4.0000
    endloop
endfacet
facet normal 0.0000 0.0000 -0.1350
    outer loop
        vertex -3.8600 5.3200 -4.0000
        vertex -4.1600 5.4800 -4.0000
        vertex -4.1000 5.5200 -4.0000
    endloop
endfacet
facet normal 0.0000 0.0000 -0.2900
    outer loop
        vertex -4.1000 5.5200 -4.0000
        vertex -3.7000 5.3800 -4.0000
        vertex -3.8600 5.3200 -4.0000
    endloop
endfacet
facet normal 0.0000 0.0000 -0.3225
    outer loop
        vertex -3.5600 5.4600 -4.0000
        vertex -3.7000 5.3800 -4.0000
        vertex -4.1000 5.5200 -4.0000
    endloop
endfacet
facet normal 0.0000 0.0000 -0.4950
    outer loop
        vertex -4.1000 5.5200 -4.0000
        vertex -3.6800 5.6200 -4.0000
        vertex -3.5600 5.4600 -4.0000
    endloop
endfacet
facet normal 0.0000 0.0000 -0.1000
    outer loop
        vertex -3.5600 5.4600 -4.0000
        vertex -3.6800 5.6200 -4.0000
        vertex -3.5800 5.6200 -4.0000
    endloop
endfacet
facet normal 0.0000 0.0000 -0.0475
    outer loop
        vertex -3.5800 5.6200 -4.0000
        vertex -3.5200 5.5200 -4.0000
        vertex -3.5600 5.4600 -4.0000
    endloop
endfacet
facet normal 0.0000 0.0000 -0.0225
    outer loop
        vertex -3.5200 5.5200 -4.0000
        vertex -3.5800 5.6200 -4.0000
        vertex -3.5200 5.5800 -4.0000
    endloop
endfacet
facet normal 0.0000 0.0000 -0.0575
    outer loop
        vertex -3.7400 5.9200 -4.0000
        vertex -3.8000 6.1400 -4.0000
        vertex -3.7800 6.2200 -4.0000
    endloop
endfacet
facet normal 0.0000 0.0000 -0.0975
    outer loop
        vertex -3.7800 6.2200 -4.0000
        vertex -3.6800 5.8600 -4.0000
        vertex -3.7400 5.9200 -4.0000
    endloop
endfacet
facet normal 0.0000 0.0000 -0.2125
    outer loop
        vertex -3.5800 5.8400 -4.0000
        vertex -3.6800 5.8600 -4.0000
        vertex -3.7800 6.2200 -4.0000
    endloop
endfacet
facet normal 0.0000 0.0000 -0.1925
    outer loop
        vertex -3.7800 6.2200 -4.0000
        vertex -3.7200 6.2600 -4.0000
        vertex -3.5800 5.8400 -4.0000
    endloop
endfacet
facet normal 0.0000 0.0000 -0.8750
    outer loop
        vertex -3.5800 5.8400 -4.0000
        vertex -3.7200 6.2600 -4.0000
        vertex -3.4000 6.3000 -4.0000
    endloop
endfacet
facet normal 0.0000 0.0000 -0.5875
    outer loop
        vertex -3.4000 6.3000 -4.0000
        vertex -3.3600 5.8800 -4.0000
        vertex -3.5800 5.8400 -4.0000
    endloop
endfacet
facet normal 0.0000 0.0000 -0.1675
    outer loop
        vertex -3.3000 5.9200 -4.0000
        vertex -3.3600 5.8800 -4.0000
        vertex -3.4000 6.3000 -4.0000
    endloop
endfacet
facet normal 0.0000 0.0000 -0.1450
    outer loop
        vertex -3.4000 6.3000 -4.0000
        vertex -3.2600 6.0000 -4.0000
        vertex -3.3000 5.9200 -4.0000
    endloop
endfacet
facet normal 0.0000 0.0000 -0.1125
    outer loop
        vertex -3.2600 6.0000 -4.0000
        vertex -3.4000 6.3000 -4.0000
        vertex -3.3400 6.3000 -4.0000
    endloop
endfacet
facet normal 0.0000 0.0000 -0.0825
    outer loop
        vertex -3.3400 6.3000 -4.0000
        vertex -3.2800 6.2400 -4.0000
        vertex -3.2600 6.0000 -4.0000
    endloop
endfacet
facet normal 0.0000 0.0000 -0.0200
    outer loop
        vertex -1.8000 5.8600 -4.0000
        vertex -1.8400 5.8200 -4.0000
        vertex -1.9000 5.8400 -4.0000
    endloop
endfacet
facet normal 0.0000 0.0000 -0.0475
    outer loop
        vertex -1.9000 5.8400 -4.0000
        vertex -1.9800 5.9000 -4.0000
        vertex -1.8000 5.8600 -4.0000
    endloop
endfacet
facet normal 0.0000 0.0000 -0.0900
    outer loop
        vertex -1.8000 5.9400 -4.0000
        vertex -1.8000 5.8600 -4.0000
        vertex -1.9800 5.9000 -4.0000
    endloop
endfacet
facet normal 0.0000 0.0000 -0.4975
    outer loop
        vertex -1.9800 5.9000 -4.0000
        vertex -2.2600 6.2800 -4.0000
        vertex -1.8000 5.9400 -4.0000
    endloop
endfacet
facet normal 0.0000 0.0000 -1.0800
    outer loop
        vertex -1.8600 6.3600 -4.0000
        vertex -1.8000 5.9400 -4.0000
        vertex -2.2600 6.2800 -4.0000
    endloop
endfacet
facet normal 0.0000 0.0000 -0.1700
    outer loop
        vertex -2.2600 6.2800 -4.0000
        vertex -1.9000 6.4200 -4.0000
        vertex -1.8600 6.3600 -4.0000
    endloop
endfacet
facet normal 0.0000 0.0000 -0.1350
    outer loop
        vertex -1.9000 6.4200 -4.0000
        vertex -2.2600 6.2800 -4.0000
        vertex -2.2600 6.3400 -4.0000
    endloop
endfacet
facet normal 0.0000 0.0000 -0.1250
    outer loop
        vertex -2.2600 6.3400 -4.0000
        vertex -2.2400 6.4000 -4.0000
        vertex -1.9000 6.4200 -4.0000
    endloop
endfacet
facet normal 0.0000 0.0000 -0.0925
    outer loop
        vertex -2.2400 6.4000 -4.0000
        vertex -1.9600 6.4600 -4.0000
        vertex -1.9000 6.4200 -4.0000
    endloop
endfacet
facet normal 0.0000 0.0000 -0.5075
    outer loop
        vertex -1.0400 5.8600 -4.0000
        vertex -1.5200 5.6400 -4.0000
        vertex -1.5400 5.8000 -4.0000
    endloop
endfacet
facet normal 0.0000 0.0000 -0.3900
    outer loop
        vertex -1.5400 5.8000 -4.0000
        vertex -1.0800 5.9800 -4.0000
        vertex -1.0400 5.8600 -4.0000
    endloop
endfacet
facet normal 0.0000 0.0000 -0.1600
    outer loop
        vertex -1.1200 6.0200 -4.0000
        vertex -1.0800 5.9800 -4.0000
        vertex -1.5400 5.8000 -4.0000
    endloop
endfacet
facet normal 0.0000 0.0000 -0.3150
    outer loop
        vertex -1.5400 5.8000 -4.0000
        vertex -1.5400 5.9200 -4.0000
        vertex -1.1200 6.0200 -4.0000
    endloop
endfacet
facet normal 0.0000 0.0000 -0.1325
    outer loop
        vertex -1.1200 6.0200 -4.0000
        vertex -1.5400 5.9200 -4.0000
        vertex -1.5000 5.9800 -4.0000
    endloop
endfacet
facet normal 0.0000 0.0000 -0.0675
    outer loop
        vertex -1.5000 5.9800 -4.0000
        vertex -1.2000 6.0400 -4.0000
        vertex -1.1200 6.0200 -4.0000
    endloop
endfacet
facet normal 0.0000 0.0000 -0.5025
    outer loop
        vertex -1.4600 5.5000 -4.0000
        vertex -1.5200 5.6400 -4.0000
        vertex -1.0400 5.8600 -4.0000
    endloop
endfacet
facet normal 0.0000 0.0000 -0.3900
    outer loop
        vertex -1.0400 5.8600 -4.0000
        vertex -1.3800 5.4200 -4.0000
        vertex -1.4600 5.5000 -4.0000
    endloop
endfacet
facet normal 0.0000 0.0000 -1.0550
    outer loop
        vertex -1.1200 5.2600 -4.0000
        vertex -1.3800 5.4200 -4.0000
        vertex -1.0400 5.8600 -4.0000
    endloop
endfacet
facet normal 0.0000 0.0000 -0.2300
    outer loop
        vertex -1.0400 5.8600 -4.0000
        vertex -1.0000 5.7000 -4.0000
        vertex -1.1200 5.2600 -4.0000
    endloop
endfacet
facet normal 0.0000 0.0000 -0.3500
    outer loop
        vertex -1.1200 5.2600 -4.0000
        vertex -1.0000 5.7000 -4.0000
        vertex -0.9600 5.3800 -4.0000
    endloop
endfacet
facet normal 0.0000 0.0000 -0.1400
    outer loop
        vertex -0.9600 5.3800 -4.0000
        vertex -0.9600 5.2400 -4.0000
        vertex -1.1200 5.2600 -4.0000
    endloop
endfacet
facet normal 0.0000 0.0000 -0.0525
    outer loop
        vertex -1.0600 5.2000 -4.0000
        vertex -1.1200 5.2600 -4.0000
        vertex -0.9600 5.2400 -4.0000
    endloop
endfacet
facet normal 0.0000 0.0000 -0.0200
    outer loop
        vertex -0.9600 5.2400 -4.0000
        vertex -0.9800 5.2000 -4.0000
        vertex -1.0600 5.2000 -4.0000
    endloop
endfacet
facet normal 0.0000 0.0000 -0.0100
    outer loop
        vertex -1.0200 5.1800 -4.0000
        vertex -1.0600 5.2000 -4.0000
        vertex -0.9800 5.2000 -4.0000
    endloop
endfacet
facet normal 0.0000 0.0000 -0.0475
    outer loop
        vertex -0.8600 6.0800 -4.0000
        vertex -0.8200 6.1400 -4.0000
        vertex -0.6800 6.1600 -4.0000
    endloop
endfacet
facet normal 0.0000 0.0000 -0.0525
    outer loop
        vertex -0.6800 6.1600 -4.0000
        vertex -0.6200 6.1400 -4.0000
        vertex -0.8600 6.0800 -4.0000
    endloop
endfacet
facet normal 0.0000 0.0000 -0.2175
    outer loop
        vertex -0.8400 5.9400 -4.0000
        vertex -0.8600 6.0800 -4.0000
        vertex -0.6200 6.1400 -4.0000
    endloop
endfacet
facet normal 0.0000 0.0000 -0.2650
    outer loop
        vertex -0.6200 6.1400 -4.0000
        vertex -0.5400 6.0200 -4.0000
        vertex -0.8400 5.9400 -4.0000
    endloop
endfacet
facet normal 0.0000 0.0000 -0.2725
    outer loop
        vertex -0.8400 5.9400 -4.0000
        vertex -0.5400 6.0200 -4.0000
        vertex -0.5200 5.8800 -4.0000
    endloop
endfacet
facet normal 0.0000 0.0000 -0.3050
    outer loop
        vertex -0.5200 5.8800 -4.0000
        vertex -0.8000 5.7800 -4.0000
        vertex -0.8400 5.9400 -4.0000
    endloop
endfacet
facet normal 0.0000 0.0000 -0.1300
    outer loop
        vertex -0.7600 5.7200 -4.0000
        vertex -0.8000 5.7800 -4.0000
        vertex -0.5200 5.8800 -4.0000
    endloop
endfacet
facet normal 0.0000 0.0000 -0.1500
    outer loop
        vertex -0.5200 5.8800 -4.0000
        vertex -0.5200 5.7800 -4.0000
        vertex -0.7600 5.7200 -4.0000
    endloop
endfacet
facet normal 0.0000 0.0000 -0.0900
    outer loop
        vertex -0.6800 5.6800 -4.0000
        vertex -0.7600 5.7200 -4.0000
        vertex -0.5200 5.7800 -4.0000
    endloop
endfacet
facet normal 0.0000 0.0000 -0.0550
    outer loop
        vertex -0.5200 5.7800 -4.0000
        vertex -0.5600 5.7000 -4.0000
        vertex -0.6800 5.6800 -4.0000
    endloop
endfacet
facet normal 0.0000 0.0000 -0.0525
    outer loop
        vertex -0.7200 5.4200 -4.0000
        vertex -0.6600 5.4800 -4.0000
        vertex -0.5000 5.5000 -4.0000
    endloop
endfacet
facet normal 0.0000 0.0000 -0.0950
    outer loop
        vertex -0.5000 5.5000 -4.0000
        vertex -0.4200 5.4600 -4.0000
        vertex -0.7200 5.4200 -4.0000
    endloop
endfacet
facet normal 0.0000 0.0000 -0.2350
    outer loop
        vertex -0.7200 5.4200 -4.0000
        vertex -0.4200 5.4600 -4.0000
        vertex -0.3800 5.3400 -4.0000
    endloop
endfacet
facet normal 0.0000 0.0000 -0.2550
    outer loop
        vertex -0.3800 5.3400 -4.0000
        vertex -0.7200 5.3000 -4.0000
        vertex -0.7200 5.4200 -4.0000
    endloop
endfacet
facet normal 0.0000 0.0000 -0.5200
    outer loop
        vertex -0.6800 5.0600 -4.0000
        vertex -0.7200 5.3000 -4.0000
        vertex -0.3800 5.3400 -4.0000
    endloop
endfacet
facet normal 0.0000 0.0000 -0.6325
    outer loop
        vertex -0.3800 5.3400 -4.0000
        vertex -0.3400 5.0400 -4.0000
        vertex -0.6800 5.0600 -4.0000
    endloop
endfacet
facet normal 0.0000 0.0000 -1.0925
    outer loop
        vertex -0.5800 4.5400 -4.0000
        vertex -0.6800 5.0600 -4.0000
        vertex -0.3400 5.0400 -4.0000
    endloop
endfacet
facet normal 0.0000 0.0000 -1.1750
    outer loop
        vertex -0.3400 5.0400 -4.0000
        vertex -0.3000 4.3400 -4.0000
        vertex -0.5800 4.5400 -4.0000
    endloop
endfacet
facet normal 0.0000 0.0000 -0.6100
    outer loop
        vertex -0.4800 4.1200 -4.0000
        vertex -0.5800 4.5400 -4.0000
        vertex -0.3000 4.3400 -4.0000
    endloop
endfacet
facet normal 0.0000 0.0000 -0.2875
    outer loop
        vertex -0.3000 4.3400 -4.0000
        vertex -0.3200 4.0600 -4.0000
        vertex -0.4800 4.1200 -4.0000
    endloop
endfacet
facet normal 0.0000 0.0000 -0.0975
    outer loop
        vertex -0.4200 4.0000 -4.0000
        vertex -0.4800 4.1200 -4.0000
        vertex -0.3200 4.0600 -4.0000
    endloop
endfacet
facet normal 0.0000 0.0000 -0.0300
    outer loop
        vertex -0.3200 4.0600 -4.0000
        vertex -0.3400 4.0000 -4.0000
        vertex -0.4200 4.0000 -4.0000
    endloop
endfacet
facet normal 0.0000 0.0000 -0.0100
    outer loop
        vertex -0.3800 3.9800 -4.0000
        vertex -0.4200 4.0000 -4.0000
        vertex -0.3400 4.0000 -4.0000
    endloop
endfacet
facet normal 0.0000 0.0000 -0.2000
    outer loop
        vertex -0.6200 3.7000 -4.0000
        vertex -0.9400 3.6200 -4.0000
        vertex -0.9400 3.7200 -4.0000
    endloop
endfacet
facet normal 0.0000 0.0000 -0.1950
    outer loop
        vertex -0.9400 3.7200 -4.0000
        vertex -0.6600 3.8000 -4.0000
        vertex -0.6200 3.7000 -4.0000
    endloop
endfacet
facet normal 0.0000 0.0000 -0.1200
    outer loop
        vertex -0.6600 3.8000 -4.0000
        vertex -0.9400 3.7200 -4.0000
        vertex -0.9000 3.8000 -4.0000
    endloop
endfacet
facet normal 0.0000 0.0000 -0.0600
    outer loop
        vertex -0.9000 3.8000 -4.0000
        vertex -0.7400 3.8400 -4.0000
        vertex -0.6600 3.8000 -4.0000
    endloop
endfacet
facet normal 0.0000 0.0000 -0.2400
    outer loop
        vertex -0.8600 3.5200 -4.0000
        vertex -0.9400 3.6200 -4.0000
        vertex -0.6200 3.7000 -4.0000
    endloop
endfacet
facet normal 0.0000 0.0000 -0.1575
    outer loop
        vertex -0.6200 3.7000 -4.0000
        vertex -0.6400 3.5800 -4.0000
        vertex -0.8600 3.5200 -4.0000
    endloop
endfacet
facet normal 0.0000 0.0000 -0.0525
    outer loop
        vertex -0.7200 3.5200 -4.0000
        vertex -0.8600 3.5200 -4.0000
        vertex -0.6400 3.5800 -4.0000
    endloop
endfacet
facet normal 0.0000 0.0000 -0.7150
    outer loop
        vertex -4.1000 0.4600 -4.0000
        vertex -4.6200 0.4600 -4.0000
        vertex -4.6800 0.6800 -4.0000
    endloop
endfacet
facet normal 0.0000 0.0000 -1.2675
    outer loop
        vertex -4.6800 0.6800 -4.0000
        vertex -4.1800 0.8400 -4.0000
        vertex -4.1000 0.4600 -4.0000
    endloop
endfacet
facet normal 0.0000 0.0000 -3.8225
    outer loop
        vertex -4.1800 0.8400 -4.0000
        vertex -4.6800 0.6800 -4.0000
        vertex -4.9400 1.8200 -4.0000
    endloop
endfacet
facet normal 0.0000 0.0000 -4.2700
    outer loop
        vertex -4.9400 1.8200 -4.0000
        vertex -4.4600 2.1000 -4.0000
        vertex -4.1800 0.8400 -4.0000
    endloop
endfacet
facet normal 0.0000 0.0000 -4.9300
    outer loop
        vertex -4.4600 2.1000 -4.0000
        vertex -4.9400 1.8200 -4.0000
        vertex -5.2200 3.3000 -4.0000
    endloop
endfacet
facet normal 0.0000 0.0000 -5.6350
    outer loop
        vertex -5.2200 3.3000 -4.0000
        vertex -4.7600 3.7600 -4.0000
        vertex -4.4600 2.1000 -4.0000
    endloop
endfacet
facet normal 0.0000 0.0000 -4.3700
    outer loop
        vertex -4.7600 3.7600 -4.0000
        vertex -5.2200 3.3000 -4.0000
        vertex -5.4200 4.6200 -4.0000
    endloop
endfacet
facet normal 0.0000 0.0000 -4.0650
    outer loop
        vertex -5.4200 4.6200 -4.0000
        vertex -4.9400 4.9800 -4.0000
        vertex -4.7600 3.7600 -4.0000
    endloop
endfacet
facet normal 0.0000 0.0000 -1.5750
    outer loop
        vertex -4.9400 4.9800 -4.0000
        vertex -5.4200 4.6200 -4.0000
        vertex -5.4800 5.1000 -4.0000
    endloop
endfacet
facet normal 0.0000 0.0000 -0.6075
    outer loop
        vertex -5.4800 5.1000 -4.0000
        vertex -5.4800 5.2800 -4.0000
        vertex -4.9400 4.9800 -4.0000
    endloop
endfacet
facet normal 0.0000 0.0000 -0.5400
    outer loop
        vertex -4.9400 5.1400 -4.0000
        vertex -4.9400 4.9800 -4.0000
        vertex -5.4800 5.2800 -4.0000
    endloop
endfacet
facet normal 0.0000 0.0000 -0.6425
    outer loop
        vertex -5.4800 5.2800 -4.0000
        vertex -5.4400 5.4600 -4.0000
        vertex -4.9400 5.1400 -4.0000
    endloop
endfacet
facet normal 0.0000 0.0000 -0.4150
    outer loop
        vertex -4.9400 5.1400 -4.0000
        vertex -5.4400 5.4600 -4.0000
        vertex -4.9200 5.2600 -4.0000
    endloop
endfacet
facet normal 0.0000 0.0000 -5.5750
    outer loop
        vertex -4.9200 5.2600 -4.0000
        vertex -5.4400 5.4600 -4.0000
        vertex -4.6200 6.8600 -4.0000
    endloop
endfacet
facet normal 0.0000 0.0000 -3.8500
    outer loop
        vertex -4.6200 6.8600 -4.0000
        vertex -4.3400 6.3000 -4.0000
        vertex -4.9200 5.2600 -4.0000
    endloop
endfacet
facet normal 0.0000 0.0000 -0.4900
    outer loop
        vertex -4.3400 6.3000 -4.0000
        vertex -4.6200 6.8600 -4.0000
        vertex -4.5200 6.9400 -4.0000
    endloop
endfacet
facet normal 0.0000 0.0000 -0.5125
    outer loop
        vertex -4.5200 6.9400 -4.0000
        vertex -4.2400 6.4000 -4.0000
        vertex -4.3400 6.3000 -4.0000
    endloop
endfacet
facet normal 0.0000 0.0000 -0.6450
    outer loop
        vertex -4.2400 6.4000 -4.0000
        vertex -4.5200 6.9400 -4.0000
        vertex -4.3600 7.0000 -4.0000
    endloop
endfacet
facet normal 0.0000 0.0000 -0.5700
    outer loop
        vertex -4.3600 7.0000 -4.0000
        vertex -4.1000 6.4600 -4.0000
        vertex -4.2400 6.4000 -4.0000
    endloop
endfacet
facet normal 0.0000 0.0000 -9.2950
    outer loop
        vertex -1.5000 6.7800 -4.0000
        vertex -4.1000 6.4600 -4.0000
        vertex -4.3600 7.0000 -4.0000
    endloop
endfacet
facet normal 0.0000 0.0000 -9.3225
    outer loop
        vertex -4.3600 7.0000 -4.0000
        vertex -1.4800 7.3000 -4.0000
        vertex -1.5000 6.7800 -4.0000
    endloop
endfacet
facet normal 0.0000 0.0000 -0.5850
    outer loop
        vertex -1.5000 6.7800 -4.0000
        vertex -1.4800 7.3000 -4.0000
        vertex -1.3000 7.3000 -4.0000
    endloop
endfacet
facet normal 0.0000 0.0000 -0.3900
    outer loop
        vertex -1.3000 7.3000 -4.0000
        vertex -1.3800 6.7800 -4.0000
        vertex -1.5000 6.7800 -4.0000
    endloop
endfacet
facet normal 0.0000 0.0000 -0.5400
    outer loop
        vertex -1.3800 6.7800 -4.0000
        vertex -1.3000 7.3000 -4.0000
        vertex -1.1400 7.2600 -4.0000
    endloop
endfacet
facet normal 0.0000 0.0000 -0.5100
    outer loop
        vertex -1.1400 7.2600 -4.0000
        vertex -1.2200 6.7600 -4.0000
        vertex -1.3800 6.7800 -4.0000
    endloop
endfacet
facet normal 0.0000 0.0000 -2.6900
    outer loop
        vertex -1.2200 6.7600 -4.0000
        vertex -1.1400 7.2600 -4.0000
        vertex -0.3400 6.8800 -4.0000
    endloop
endfacet
facet normal 0.0000 0.0000 -2.3800
    outer loop
        vertex -0.3400 6.8800 -4.0000
        vertex -0.5400 6.4200 -4.0000
        vertex -1.2200 6.7600 -4.0000
    endloop
endfacet
facet normal 0.0000 0.0000 -1.0875
    outer loop
        vertex -0.5400 6.4200 -4.0000
        vertex -0.3400 6.8800 -4.0000
        vertex -0.0400 6.7000 -4.0000
    endloop
endfacet
facet normal 0.0000 0.0000 -0.7725
    outer loop
        vertex -0.0400 6.7000 -4.0000
        vertex 0.0800 6.5200 -4.0000
        vertex -0.5400 6.4200 -4.0000
    endloop
endfacet
facet normal 0.0000 0.0000 -0.5525
    outer loop
        vertex -0.4000 6.3000 -4.0000
        vertex -0.5400 6.4200 -4.0000
        vertex 0.0800 6.5200 -4.0000
    endloop
endfacet
facet normal 0.0000 0.0000 -0.7975
    outer loop
        vertex 0.0800 6.5200 -4.0000
        vertex 0.1800 6.3000 -4.0000
        vertex -0.4000 6.3000 -4.0000
    endloop
endfacet
facet normal 0.0000 0.0000 -0.4350
    outer loop
        vertex -0.3000 6.1800 -4.0000
        vertex -0.4000 6.3000 -4.0000
        vertex 0.1800 6.3000 -4.0000
    endloop
endfacet
facet normal 0.0000 0.0000 -1.4100
    outer loop
        vertex 0.1800 6.3000 -4.0000
        vertex 0.3000 5.8600 -4.0000
        vertex -0.3000 6.1800 -4.0000
    endloop
endfacet
facet normal 0.0000 0.0000 -1.3350
    outer loop
        vertex -0.1800 5.7600 -4.0000
        vertex -0.3000 6.1800 -4.0000
        vertex 0.3000 5.8600 -4.0000
    endloop
endfacet
facet normal 0.0000 0.0000 -2.0425
    outer loop
        vertex 0.3000 5.8600 -4.0000
        vertex 0.4000 5.2000 -4.0000
        vertex -0.1800 5.7600 -4.0000
    endloop
endfacet
facet normal 0.0000 0.0000 -2.4775
    outer loop
        vertex -0.0800 4.9800 -4.0000
        vertex -0.1800 5.7600 -4.0000
        vertex 0.4000 5.2000 -4.0000
    endloop
endfacet
facet normal 0.0000 0.0000 -2.4225
    outer loop
        vertex 0.4000 5.2000 -4.0000
        vertex 0.4600 4.4200 -4.0000
        vertex -0.0800 4.9800 -4.0000
    endloop
endfacet
facet normal 0.0000 0.0000 -2.2900
    outer loop
        vertex -0.0400 4.2600 -4.0000
        vertex -0.0800 4.9800 -4.0000
        vertex 0.4600 4.4200 -4.0000
    endloop
endfacet
facet normal 0.0000 0.0000 -1.8550
    outer loop
        vertex 0.4600 4.4200 -4.0000
        vertex 0.4400 3.8200 -4.0000
        vertex -0.0400 4.2600 -4.0000
    endloop
endfacet
facet normal 0.0000 0.0000 -1.9100
    outer loop
        vertex -0.0800 3.6600 -4.0000
        vertex -0.0400 4.2600 -4.0000
        vertex 0.4400 3.8200 -4.0000
    endloop
endfacet
facet normal 0.0000 0.0000 -1.7400
    outer loop
        vertex 0.4400 3.8200 -4.0000
        vertex 0.3600 3.2600 -4.0000
        vertex -0.0800 3.6600 -4.0000
    endloop
endfacet
facet normal 0.0000 0.0000 -1.0900
    outer loop
        vertex -0.1200 3.3000 -4.0000
        vertex -0.0800 3.6600 -4.0000
        vertex 0.3600 3.2600 -4.0000
    endloop
endfacet
facet normal 0.0000 0.0000 -0.8000
    outer loop
        vertex 0.3600 3.2600 -4.0000
        vertex 0.2800 3.0000 -4.0000
        vertex -0.1200 3.3000 -4.0000
    endloop
endfacet
facet normal 0.0000 0.0000 -0.4625
    outer loop
        vertex -0.1200 3.3000 -4.0000
        vertex 0.2800 3.0000 -4.0000
        vertex 0.2200 2.8600 -4.0000
    endloop
endfacet
facet normal 0.0000 0.0000 -0.3775
    outer loop
        vertex 0.2200 2.8600 -4.0000
        vertex -0.1800 3.2000 -4.0000
        vertex -0.1200 3.3000 -4.0000
    endloop
endfacet
facet normal 0.0000 0.0000 -0.5550
    outer loop
        vertex -0.1800 3.2000 -4.0000
        vertex 0.2200 2.8600 -4.0000
        vertex 0.1000 2.7400 -4.0000
    endloop
endfacet
facet normal 0.0000 0.0000 -6.5050
    outer loop
        vertex 0.1000 2.7400 -4.0000
        vertex -1.7000 1.9800 -4.0000
        vertex -0.1800 3.2000 -4.0000
    endloop
endfacet
facet normal 0.0000 0.0000 -2.9425
    outer loop
        vertex -2.5800 1.2800 -4.0000
        vertex -2.8600 0.4600 -4.0000
        vertex -3.1200 1.3800 -4.0000
    endloop
endfacet
facet normal 0.0000 0.0000 -0.5275
    outer loop
        vertex -3.1200 1.3800 -4.0000
        vertex -3.1400 1.5400 -4.0000
        vertex -2.5800 1.2800 -4.0000
    endloop
endfacet
facet normal 0.0000 0.0000 -0.5550
    outer loop
        vertex -2.5800 1.2800 -4.0000
        vertex -3.1400 1.5400 -4.0000
        vertex -3.1000 1.6800 -4.0000
    endloop
endfacet
facet normal 0.0000 0.0000 -0.6250
    outer loop
        vertex -3.1000 1.6800 -4.0000
        vertex -2.9800 1.7800 -4.0000
        vertex -2.5800 1.2800 -4.0000
    endloop
endfacet
facet normal 0.0000 0.0000 -0.7750
    outer loop
        vertex -2.3800 1.3400 -4.0000
        vertex -2.5800 1.2800 -4.0000
        vertex -2.9800 1.7800 -4.0000
    endloop
endfacet
facet normal 0.0000 0.0000 -1.4000
    outer loop
        vertex -2.9800 1.7800 -4.0000
        vertex -2.5800 1.8600 -4.0000
        vertex -2.3800 1.3400 -4.0000
    endloop
endfacet
facet normal 0.0000 0.0000 -1.3500
    outer loop
        vertex -1.9800 1.3800 -4.0000
        vertex -2.3800 1.3400 -4.0000
        vertex -2.5800 1.8600 -4.0000
    endloop
endfacet
facet normal 0.0000 0.0000 -2.1450
    outer loop
        vertex -2.5800 1.8600 -4.0000
        vertex -1.9400 1.9200 -4.0000
        vertex -1.9800 1.3800 -4.0000
    endloop
endfacet
facet normal 0.0000 0.0000 -0.6700
    outer loop
        vertex -1.7800 1.4000 -4.0000
        vertex -1.9800 1.3800 -4.0000
        vertex -1.9400 1.9200 -4.0000
    endloop
endfacet
facet normal 0.0000 0.0000 -0.5800
    outer loop
        vertex -1.9400 1.9200 -4.0000
        vertex -1.6200 1.4600 -4.0000
        vertex -1.7800 1.4000 -4.0000
    endloop
endfacet
facet normal 0.0000 0.0000 -0.3850
    outer loop
        vertex -1.6200 1.4600 -4.0000
        vertex -1.9400 1.9200 -4.0000
        vertex -1.8200 1.9400 -4.0000
    endloop
endfacet
facet normal 0.0000 0.0000 -0.4100
    outer loop
        vertex -1.6200 1.4600 -4.0000
        vertex -1.8200 1.9400 -4.0000
        vertex -1.7000 1.9800 -4.0000
    endloop
endfacet
facet normal 0.0000 0.0000 -6.2300
    outer loop
        vertex -1.6200 1.4600 -4.0000
        vertex -1.7000 1.9800 -4.0000
        vertex 0.1000 2.7400 -4.0000
    endloop
endfacet
facet normal 0.0000 0.0000 -0.3275
    outer loop
        vertex -2.5800 1.2800 -4.0000
        vertex -2.3800 1.3400 -4.0000
        vertex -2.2400 1.1200 -4.0000
    endloop
endfacet
facet normal 0.0000 0.0000 -1.5225
    outer loop
        vertex -2.2400 1.1200 -4.0000
        vertex -2.3600 0.4600 -4.0000
        vertex -2.5800 1.2800 -4.0000
    endloop
endfacet
facet normal 0.0000 0.0000 -0.9225
    outer loop
        vertex -2.3600 0.4600 -4.0000
        vertex -2.2400 1.1200 -4.0000
        vertex -2.1000 0.6600 -4.0000
    endloop
endfacet
facet normal 0.0000 0.0000 -0.4425
    outer loop
        vertex -1.9800 0.4800 -4.0000
        vertex -2.3600 0.4600 -4.0000
        vertex -2.1000 0.6600 -4.0000
    endloop
endfacet
facet normal 0.0000 0.0000 -0.3900
    outer loop
        vertex -2.1000 0.6600 -4.0000
        vertex -1.7800 0.7000 -4.0000
        vertex -1.9800 0.4800 -4.0000
    endloop
endfacet
facet normal 0.0000 0.0000 -0.5000
    outer loop
        vertex -1.5800 0.5200 -4.0000
        vertex -1.9800 0.4800 -4.0000
        vertex -1.7800 0.7000 -4.0000
    endloop
endfacet
facet normal 0.0000 0.0000 -0.5500
    outer loop
        vertex -1.7800 0.7000 -4.0000
        vertex -1.3800 0.7800 -4.0000
        vertex -1.5800 0.5200 -4.0000
    endloop
endfacet
facet normal 0.0000 0.0000 -0.6550
    outer loop
        vertex -1.1000 0.6200 -4.0000
        vertex -1.5800 0.5200 -4.0000
        vertex -1.3800 0.7800 -4.0000
    endloop
endfacet
facet normal 0.0000 0.0000 -0.6850
    outer loop
        vertex -1.3800 0.7800 -4.0000
        vertex -0.9400 0.9200 -4.0000
        vertex -1.1000 0.6200 -4.0000
    endloop
endfacet
facet normal 0.0000 0.0000 -0.8900
    outer loop
        vertex -0.5400 0.7800 -4.0000
        vertex -1.1000 0.6200 -4.0000
        vertex -0.9400 0.9200 -4.0000
    endloop
endfacet
facet normal 0.0000 0.0000 -0.8725
    outer loop
        vertex -0.9400 0.9200 -4.0000
        vertex -0.4000 1.0800 -4.0000
        vertex -0.5400 0.7800 -4.0000
    endloop
endfacet
facet normal 0.0000 0.0000 -0.8550
    outer loop
        vertex 0.0000 0.9600 -4.0000
        vertex -0.5400 0.7800 -4.0000
        vertex -0.4000 1.0800 -4.0000
    endloop
endfacet
facet normal 0.0000 0.0000 -0.7800
    outer loop
        vertex -0.4000 1.0800 -4.0000
        vertex 0.0400 1.2600 -4.0000
        vertex 0.0000 0.9600 -4.0000
    endloop
endfacet
facet normal 0.0000 0.0000 -0.5850
    outer loop
        vertex 0.3200 1.0200 -4.0000
        vertex 0.0000 0.9600 -4.0000
        vertex 0.0400 1.2600 -4.0000
    endloop
endfacet
facet normal 0.0000 0.0000 -0.8900
    outer loop
        vertex 0.0400 1.2600 -4.0000
        vertex 0.4000 1.4600 -4.0000
        vertex 0.3200 1.0200 -4.0000
    endloop
endfacet
facet normal 0.0000 0.0000 -0.7150
    outer loop
        vertex 0.5800 1.0200 -4.0000
        vertex 0.3200 1.0200 -4.0000
        vertex 0.4000 1.4600 -4.0000
    endloop
endfacet
facet normal 0.0000 0.0000 -1.6050
    outer loop
        vertex 0.4000 1.4600 -4.0000
        vertex 1.0000 1.4200 -4.0000
        vertex 0.5800 1.0200 -4.0000
    endloop
endfacet
facet normal 0.0000 0.0000 -1.0050
    outer loop
        vertex 0.9400 0.9800 -4.0000
        vertex 0.5800 1.0200 -4.0000
        vertex 1.0000 1.4200 -4.0000
    endloop
endfacet
facet normal 0.0000 0.0000 -1.7075
    outer loop
        vertex 1.0000 1.4200 -4.0000
        vertex 1.5800 1.1200 -4.0000
        vertex 0.9400 0.9800 -4.0000
    endloop
endfacet
facet normal 0.0000 0.0000 -0.8125
    outer loop
        vertex 1.3200 0.8600 -4.0000
        vertex 0.9400 0.9800 -4.0000
        vertex 1.5800 1.1200 -4.0000
    endloop
endfacet
facet normal 0.0000 0.0000 -0.9425
    outer loop
        vertex 1.5800 1.1200 -4.0000
        vertex 1.9600 0.9200 -4.0000
        vertex 1.3200 0.8600 -4.0000
    endloop
endfacet
facet normal 0.0000 0.0000 -1.0675
    outer loop
        vertex 1.8200 0.6400 -4.0000
        vertex 1.3200 0.8600 -4.0000
        vertex 1.9600 0.9200 -4.0000
    endloop
endfacet
facet normal 0.0000 0.0000 -0.4200
    outer loop
        vertex 1.9600 0.9200 -4.0000
        vertex 2.1600 0.8400 -4.0000
        vertex 1.8200 0.6400 -4.0000
    endloop
endfacet
facet normal 0.0000 0.0000 -0.8475
    outer loop
        vertex 2.2600 0.5000 -4.0000
        vertex 1.8200 0.6400 -4.0000
        vertex 2.1600 0.8400 -4.0000
    endloop
endfacet
facet normal 0.0000 0.0000 -0.2300
    outer loop
        vertex 2.1600 0.8400 -4.0000
        vertex 2.2800 0.8000 -4.0000
        vertex 2.2600 0.5000 -4.0000
    endloop
endfacet
facet normal 0.0000 0.0000 -0.4150
    outer loop
        vertex 2.4800 0.4800 -4.0000
        vertex 2.2600 0.5000 -4.0000
        vertex 2.2800 0.8000 -4.0000
    endloop
endfacet
facet normal 0.0000 0.0000 -0.2500
    outer loop
        vertex 2.2800 0.8000 -4.0000
        vertex 2.3800 0.8400 -4.0000
        vertex 2.4800 0.4800 -4.0000
    endloop
endfacet
facet normal 0.0000 0.0000 -0.4300
    outer loop
        vertex 2.6600 0.5200 -4.0000
        vertex 2.4800 0.4800 -4.0000
        vertex 2.3800 0.8400 -4.0000
    endloop
endfacet
facet normal 0.0000 0.0000 -0.3800
    outer loop
        vertex 2.3800 0.8400 -4.0000
        vertex 2.7800 0.6000 -4.0000
        vertex 2.6600 0.5200 -4.0000
    endloop
endfacet
facet normal 0.0000 0.0000 -0.4200
    outer loop
        vertex 2.8600 0.7200 -4.0000
        vertex 2.7800 0.6000 -4.0000
        vertex 2.3800 0.8400 -4.0000
    endloop
endfacet
facet normal 0.0000 0.0000 -0.4950
    outer loop
        vertex 2.3800 0.8400 -4.0000
        vertex 2.8800 0.8800 -4.0000
        vertex 2.8600 0.7200 -4.0000
    endloop
endfacet
facet normal 0.0000 0.0000 -0.3175
    outer loop
        vertex 2.8800 0.8800 -4.0000
        vertex 2.3800 0.8400 -4.0000
        vertex 2.3600 0.9400 -4.0000
    endloop
endfacet
facet normal 0.0000 0.0000 -0.6925
    outer loop
        vertex 2.3600 0.9400 -4.0000
        vertex 2.8200 1.1000 -4.0000
        vertex 2.8800 0.8800 -4.0000
    endloop
endfacet
facet normal 0.0000 0.0000 -0.5200
    outer loop
        vertex 2.8200 1.1000 -4.0000
        vertex 2.3600 0.9400 -4.0000
        vertex 2.3000 1.1000 -4.0000
    endloop
endfacet
facet normal 0.0000 0.0000 -2.0800
    outer loop
        vertex 2.3000 1.1000 -4.0000
        vertex 2.6200 1.7400 -4.0000
        vertex 2.8200 1.1000 -4.0000
    endloop
endfacet
facet normal 0.0000 0.0000 -0.8400
    outer loop
        vertex 2.6200 1.7400 -4.0000
        vertex 2.3000 1.1000 -4.0000
        vertex 2.1600 1.2400 -4.0000
    endloop
endfacet
facet normal 0.0000 0.0000 -3.6550
    outer loop
        vertex 2.1600 1.2400 -4.0000
        vertex 2.2600 2.6200 -4.0000
        vertex 2.6200 1.7400 -4.0000
    endloop
endfacet
facet normal 0.0000 0.0000 -2.3675
    outer loop
        vertex 2.2600 2.6200 -4.0000
        vertex 2.1600 1.2400 -4.0000
        vertex 1.9000 1.4400 -4.0000
    endloop
endfacet
facet normal 0.0000 0.0000 -4.6300
    outer loop
        vertex 1.9000 1.4400 -4.0000
        vertex 1.6200 2.5800 -4.0000
        vertex 2.2600 2.6200 -4.0000
    endloop
endfacet
facet normal 0.0000 0.0000 -0.7050
    outer loop
        vertex 1.6200 2.5800 -4.0000
        vertex 1.9000 1.4400 -4.0000
        vertex 1.5800 2.3400 -4.0000
    endloop
endfacet
facet normal 0.0000 0.0000 -0.1000
    outer loop
        vertex 1.5800 2.3400 -4.0000
        vertex 1.5400 2.5000 -4.0000
        vertex 1.6200 2.5800 -4.0000
    endloop
endfacet
facet normal 0.0000 0.0000 -0.0900
    outer loop
        vertex 1.0600 2.1200 -4.0000
        vertex 1.1000 2.2600 -4.0000
        vertex 1.1800 2.1800 -4.0000
    endloop
endfacet
facet normal 0.0000 0.0000 -0.0975
    outer loop
        vertex 1.0600 2.1200 -4.0000
        vertex 1.1800 2.1800 -4.0000
        vertex 1.3200 2.1200 -4.0000
    endloop
endfacet
facet normal 0.0000 0.0000 -0.5525
    outer loop
        vertex 1.3200 2.1200 -4.0000
        vertex 1.4400 1.7800 -4.0000
        vertex 1.0600 2.1200 -4.0000
    endloop
endfacet
facet normal 0.0000 0.0000 -0.1975
    outer loop
        vertex 1.4400 1.7800 -4.0000
        vertex 1.3200 2.1200 -4.0000
        vertex 1.4200 2.1000 -4.0000
    endloop
endfacet
facet normal 0.0000 0.0000 -0.2025
    outer loop
        vertex 1.4400 1.7800 -4.0000
        vertex 1.4200 2.1000 -4.0000
        vertex 1.5200 2.1200 -4.0000
    endloop
endfacet
facet normal 0.0000 0.0000 -1.1475
    outer loop
        vertex 1.5200 2.1200 -4.0000
        vertex 1.9000 1.4400 -4.0000
        vertex 1.4400 1.7800 -4.0000
    endloop
endfacet
facet normal 0.0000 0.0000 -0.4450
    outer loop
        vertex 1.9000 1.4400 -4.0000
        vertex 1.5200 2.1200 -4.0000
        vertex 1.5800 2.2000 -4.0000
    endloop
endfacet
facet normal 0.0000 0.0000 -0.2800
    outer loop
        vertex 1.9000 1.4400 -4.0000
        vertex 1.5800 2.2000 -4.0000
        vertex 1.5800 2.3400 -4.0000
    endloop
endfacet
facet normal 0.0000 0.0000 -0.8275
    outer loop
        vertex 0.0200 1.7600 -4.0000
        vertex -0.3600 2.1200 -4.0000
        vertex -0.1400 2.2600 -4.0000
    endloop
endfacet
facet normal 0.0000 0.0000 -0.4900
    outer loop
        vertex -0.1400 2.2600 -4.0000
        vertex 0.1000 2.0000 -4.0000
        vertex 0.0200 1.7600 -4.0000
    endloop
endfacet
facet normal 0.0000 0.0000 -0.7575
    outer loop
        vertex 0.5000 1.7000 -4.0000
        vertex 0.4000 1.4600 -4.0000
        vertex 0.0200 1.7600 -4.0000
    endloop
endfacet
facet normal 0.0000 0.0000 -0.7500
    outer loop
        vertex 0.0200 1.7600 -4.0000
        vertex 0.1000 2.0000 -4.0000
        vertex 0.5000 1.7000 -4.0000
    endloop
endfacet
facet normal 0.0000 0.0000 -0.9250
    outer loop
        vertex 1.0000 1.4200 -4.0000
        vertex 0.4000 1.4600 -4.0000
        vertex 0.5000 1.7000 -4.0000
    endloop
endfacet
facet normal 0.0000 0.0000 -0.5850
    outer loop
        vertex -2.2400 1.1200 -4.0000
        vertex -2.3800 1.3400 -4.0000
        vertex -1.9800 1.3800 -4.0000
    endloop
endfacet
facet normal 0.0000 0.0000 -0.3900
    outer loop
        vertex -1.9800 1.3800 -4.0000
        vertex -1.9600 1.1600 -4.0000
        vertex -2.2400 1.1200 -4.0000
    endloop
endfacet
facet normal 0.0000 0.0000 -0.2775
    outer loop
        vertex -1.9600 1.1600 -4.0000
        vertex -1.9800 1.3800 -4.0000
        vertex -1.7800 1.4000 -4.0000
    endloop
endfacet
facet normal 0.0000 0.0000 -0.4200
    outer loop
        vertex -1.7800 1.4000 -4.0000
        vertex -1.6200 1.2400 -4.0000
        vertex -1.9600 1.1600 -4.0000
    endloop
endfacet
facet normal 0.0000 0.0000 -0.2200
    outer loop
        vertex -1.6200 1.2400 -4.0000
        vertex -1.7800 1.4000 -4.0000
        vertex -1.6200 1.4600 -4.0000
    endloop
endfacet
facet normal 0.0000 0.0000 -0.4400
    outer loop
        vertex -1.6200 1.4600 -4.0000
        vertex -1.3000 1.3600 -4.0000
        vertex -1.6200 1.2400 -4.0000
    endloop
endfacet
facet normal 0.0000 0.0000 -2.1075
    outer loop
        vertex -0.3600 2.1200 -4.0000
        vertex -1.3000 1.3600 -4.0000
        vertex -1.6200 1.4600 -4.0000
    endloop
endfacet
facet normal 0.0000 0.0000 -2.9850
    outer loop
        vertex -1.6200 1.4600 -4.0000
        vertex 0.1000 2.7400 -4.0000
        vertex -0.3600 2.1200 -4.0000
    endloop
endfacet
facet normal 0.0000 0.0000 -0.4500
    outer loop
        vertex -0.1400 2.2600 -4.0000
        vertex -0.3600 2.1200 -4.0000
        vertex 0.1000 2.7400 -4.0000
    endloop
endfacet
facet normal 0.0000 0.0000 -0.7500
    outer loop
        vertex 0.1000 2.7400 -4.0000
        vertex 0.2600 2.5600 -4.0000
        vertex -0.1400 2.2600 -4.0000
    endloop
endfacet
facet normal 0.0000 0.0000 -0.2550
    outer loop
        vertex 0.2600 2.5600 -4.0000
        vertex 0.1000 2.7400 -4.0000
        vertex 0.2200 2.8600 -4.0000
    endloop
endfacet
facet normal 0.0000 0.0000 -0.3350
    outer loop
        vertex 0.2200 2.8600 -4.0000
        vertex 0.4200 2.7000 -4.0000
        vertex 0.2600 2.5600 -4.0000
    endloop
endfacet
facet normal 0.0000 0.0000 -0.2100
    outer loop
        vertex 0.4800 2.8200 -4.0000
        vertex 0.4200 2.7000 -4.0000
        vertex 0.2200 2.8600 -4.0000
    endloop
endfacet
facet normal 0.0000 0.0000 -0.2425
    outer loop
        vertex 0.2200 2.8600 -4.0000
        vertex 0.2800 3.0000 -4.0000
        vertex 0.4800 2.8200 -4.0000
    endloop
endfacet
facet normal 0.0000 0.0000 -0.5100
    outer loop
        vertex 0.6000 3.1200 -4.0000
        vertex 0.4800 2.8200 -4.0000
        vertex 0.2800 3.0000 -4.0000
    endloop
endfacet
facet normal 0.0000 0.0000 -0.4600
    outer loop
        vertex 0.2800 3.0000 -4.0000
        vertex 0.3600 3.2600 -4.0000
        vertex 0.6000 3.1200 -4.0000
    endloop
endfacet
facet normal 0.0000 0.0000 -0.2200
    outer loop
        vertex 0.6800 3.2200 -4.0000
        vertex 0.6000 3.1200 -4.0000
        vertex 0.3600 3.2600 -4.0000
    endloop
endfacet
facet normal 0.0000 0.0000 -0.7350
    outer loop
        vertex 0.3600 3.2600 -4.0000
        vertex 0.7400 3.5800 -4.0000
        vertex 0.6800 3.2200 -4.0000
    endloop
endfacet
facet normal 0.0000 0.0000 -0.1650
    outer loop
        vertex 0.6800 3.2200 -4.0000
        vertex 0.7400 3.5800 -4.0000
        vertex 0.8000 3.5000 -4.0000
    endloop
endfacet
facet normal 0.0000 0.0000 -0.1100
    outer loop
        vertex 0.8000 3.5000 -4.0000
        vertex 0.7600 3.2600 -4.0000
        vertex 0.6800 3.2200 -4.0000
    endloop
endfacet
facet normal 0.0000 0.0000 -0.2700
    outer loop
        vertex 0.7600 3.2600 -4.0000
        vertex 0.8000 3.5000 -4.0000
        vertex 0.9800 3.5000 -4.0000
    endloop
endfacet
facet normal 0.0000 0.0000 -0.1800
    outer loop
        vertex 0.9800 3.5000 -4.0000
        vertex 0.8800 3.2600 -4.0000
        vertex 0.7600 3.2600 -4.0000
    endloop
endfacet
facet normal 0.0000 0.0000 -0.2850
    outer loop
        vertex 0.7400 3.7000 -4.0000
        vertex 0.7400 3.5800 -4.0000
        vertex 0.3600 3.2600 -4.0000
    endloop
endfacet
facet normal 0.0000 0.0000 -1.1100
    outer loop
        vertex 0.3600 3.2600 -4.0000
        vertex 0.4400 3.8200 -4.0000
        vertex 0.7400 3.7000 -4.0000
    endloop
endfacet
facet normal 0.0000 0.0000 -0.2925
    outer loop
        vertex 0.7800 3.8400 -4.0000
        vertex 0.7400 3.7000 -4.0000
        vertex 0.4400 3.8200 -4.0000
    endloop
endfacet
facet normal 0.0000 0.0000 -1.2725
    outer loop
        vertex 0.4400 3.8200 -4.0000
        vertex 0.4600 4.4200 -4.0000
        vertex 0.7800 3.8400 -4.0000
    endloop
endfacet
facet normal 0.0000 0.0000 -0.3775
    outer loop
        vertex 0.7800 3.8400 -4.0000
        vertex 0.4600 4.4200 -4.0000
        vertex 0.8400 3.9200 -4.0000
    endloop
endfacet
facet normal 0.0000 0.0000 -0.3125
    outer loop
        vertex 0.9400 3.9200 -4.0000
        vertex 0.8400 3.9200 -4.0000
        vertex 0.4600 4.4200 -4.0000
    endloop
endfacet
facet normal 0.0000 0.0000 -2.3100
    outer loop
        vertex 0.4600 4.4200 -4.0000
        vertex 1.1800 4.4400 -4.0000
        vertex 0.9400 3.9200 -4.0000
    endloop
endfacet
facet normal 0.0000 0.0000 -1.4500
    outer loop
        vertex 1.0200 3.8400 -4.0000
        vertex 1.1800 4.4400 -4.0000
        vertex 1.4600 4.0400 -4.0000
    endloop
endfacet
facet normal 0.0000 0.0000 -0.3800
    outer loop
        vertex 1.4600 4.0400 -4.0000
        vertex 1.0600 3.7200 -4.0000
        vertex 1.0200 3.8400 -4.0000
    endloop
endfacet
facet normal 0.0000 0.0000 -2.0800
    outer loop
        vertex 1.0600 3.7200 -4.0000
        vertex 1.4600 4.0400 -4.0000
        vertex 1.8000 3.4800 -4.0000
    endloop
endfacet
facet normal 0.0000 0.0000 -0.7400
    outer loop
        vertex 1.8000 3.4800 -4.0000
        vertex 1.0600 3.5600 -4.0000
        vertex 1.0600 3.7200 -4.0000
    endloop
endfacet
facet normal 0.0000 0.0000 -0.0825
    outer loop
        vertex 0.8800 3.2600 -4.0000
        vertex 0.9800 3.5000 -4.0000
        vertex 1.0600 3.5600 -4.0000
    endloop
endfacet
facet normal 0.0000 0.0000 -1.6800
    outer loop
        vertex 1.0600 3.5600 -4.0000
        vertex 1.5600 2.9000 -4.0000
        vertex 0.8800 3.2600 -4.0000
    endloop
endfacet
facet normal 0.0000 0.0000 -2.8025
    outer loop
        vertex 1.5600 2.9000 -4.0000
        vertex 1.0600 3.5600 -4.0000
        vertex 1.8000 3.4800 -4.0000
    endloop
endfacet
facet normal 0.0000 0.0000 -0.3675
    outer loop
        vertex 1.6200 2.8000 -4.0000
        vertex 1.5600 2.9000 -4.0000
        vertex 1.8000 3.4800 -4.0000
    endloop
endfacet
facet normal 0.0000 0.0000 -2.9225
    outer loop
        vertex 1.8000 3.4800 -4.0000
        vertex 2.2600 2.6200 -4.0000
        vertex 1.6200 2.8000 -4.0000
    endloop
endfacet
facet normal 0.0000 0.0000 -0.3950
    outer loop
        vertex 1.6200 2.5800 -4.0000
        vertex 1.6400 2.6800 -4.0000
        vertex 2.2600 2.6200 -4.0000
    endloop
endfacet
facet normal 0.0000 0.0000 -0.4575
    outer loop
        vertex 2.2600 2.6200 -4.0000
        vertex 1.6400 2.6800 -4.0000
        vertex 1.6200 2.8000 -4.0000
    endloop
endfacet
facet normal 0.0000 0.0000 -1.8325
    outer loop
        vertex 0.9200 4.8400 -4.0000
        vertex 1.1800 4.4400 -4.0000
        vertex 0.4600 4.4200 -4.0000
    endloop
endfacet
facet normal 0.0000 0.0000 -2.4000
    outer loop
        vertex 0.4600 4.4200 -4.0000
        vertex 0.4000 5.2000 -4.0000
        vertex 0.9200 4.8400 -4.0000
    endloop
endfacet
facet normal 0.0000 0.0000 -0.6600
    outer loop
        vertex 0.9200 4.8400 -4.0000
        vertex 0.4000 5.2000 -4.0000
        vertex 0.7800 5.1400 -4.0000
    endloop
endfacet
facet normal 0.0000 0.0000 -0.7375
    outer loop
        vertex 0.7200 5.4600 -4.0000
        vertex 0.7800 5.1400 -4.0000
        vertex 0.4000 5.2000 -4.0000
    endloop
endfacet
facet normal 0.0000 0.0000 -1.4825
    outer loop
        vertex 0.4000 5.2000 -4.0000
        vertex 0.3000 5.8600 -4.0000
        vertex 0.7200 5.4600 -4.0000
    endloop
endfacet
facet normal 0.0000 0.0000 -0.6275
    outer loop
        vertex 0.7400 5.6800 -4.0000
        vertex 0.7200 5.4600 -4.0000
        vertex 0.3000 5.8600 -4.0000
    endloop
endfacet
facet normal 0.0000 0.0000 -0.9000
    outer loop
        vertex 0.3000 5.8600 -4.0000
        vertex 0.6600 6.0400 -4.0000
        vertex 0.7400 5.6800 -4.0000
    endloop
endfacet
facet normal 0.0000 0.0000 -0.3300
    outer loop
        vertex 0.8600 5.8000 -4.0000
        vertex 0.7400 5.6800 -4.0000
        vertex 0.6600 6.0400 -4.0000
    endloop
endfacet
facet normal 0.0000 0.0000 -0.6650
    outer loop
        vertex 0.6600 6.0400 -4.0000
        vertex 1.0200 6.1400 -4.0000
        vertex 0.8600 5.8000 -4.0000
    endloop
endfacet
facet normal 0.0000 0.0000 -0.3200
    outer loop
        vertex 1.0200 5.8200 -4.0000
        vertex 0.8600 5.8000 -4.0000
        vertex 1.0200 6.1400 -4.0000
    endloop
endfacet
facet normal 0.0000 0.0000 -0.5448
    outer loop
        vertex 1.0200 6.1400 -4.0000
        vertex 1.2924 6.0600 -4.0000
        vertex 1.0200 5.8200 -4.0000
    endloop
endfacet
facet normal 0.0000 0.0000 -0.4039
    outer loop
        vertex 1.0200 5.8200 -4.0000
        vertex 1.2924 6.0600 -4.0000
        vertex 1.3324 5.8580 -4.0000
    endloop
endfacet
facet normal 0.0000 0.0000 -0.5504
    outer loop
        vertex 1.3324 5.8580 -4.0000
        vertex 1.2000 5.5600 -4.0000
        vertex 1.0200 5.8200 -4.0000
    endloop
endfacet
facet normal 0.0000 0.0000 -0.3547
    outer loop
        vertex 1.2000 5.5600 -4.0000
        vertex 1.3324 5.8580 -4.0000
        vertex 1.4468 5.6868 -4.0000
    endloop
endfacet
facet normal 0.0000 0.0000 -0.4212
    outer loop
        vertex 1.4468 5.6868 -4.0000
        vertex 1.4200 5.4000 -4.0000
        vertex 1.2000 5.5600 -4.0000
    endloop
endfacet
facet normal 0.0000 0.0000 -0.3260
    outer loop
        vertex 1.4200 5.4000 -4.0000
        vertex 1.4468 5.6868 -4.0000
        vertex 1.6180 5.5724 -4.0000
    endloop
endfacet
facet normal 0.0000 0.0000 -0.2897
    outer loop
        vertex 1.6180 5.5724 -4.0000
        vertex 1.6200 5.3400 -4.0000
        vertex 1.4200 5.4000 -4.0000
    endloop
endfacet
facet normal 0.0000 0.0000 -0.2929
    outer loop
        vertex 1.6200 5.3400 -4.0000
        vertex 1.6180 5.5724 -4.0000
        vertex 1.8200 5.5324 -4.0000
    endloop
endfacet
facet normal 0.0000 0.0000 -0.4829
    outer loop
        vertex 1.8200 5.5324 -4.0000
        vertex 1.9800 5.3000 -4.0000
        vertex 1.6200 5.3400 -4.0000
    endloop
endfacet
facet normal 0.0000 0.0000 -0.9675
    outer loop
        vertex -0.0400 6.7000 -4.0000
        vertex 0.1400 7.3400 -4.0000
        vertex 0.3200 7.1200 -4.0000
    endloop
endfacet
facet normal 0.0000 0.0000 -0.9975
    outer loop
        vertex 0.3200 7.1200 -4.0000
        vertex 0.4600 6.8400 -4.0000
        vertex -0.0400 6.7000 -4.0000
    endloop
endfacet
facet normal 0.0000 0.0000 -0.6675
    outer loop
        vertex 0.0800 6.5200 -4.0000
        vertex -0.0400 6.7000 -4.0000
        vertex 0.4600 6.8400 -4.0000
    endloop
endfacet
facet normal 0.0000 0.0000 -0.8250
    outer loop
        vertex 0.4600 6.8400 -4.0000
        vertex 0.5400 6.5600 -4.0000
        vertex 0.0800 6.5200 -4.0000
    endloop
endfacet
facet normal 0.0000 0.0000 -0.6575
    outer loop
        vertex 0.1800 6.3000 -4.0000
        vertex 0.0800 6.5200 -4.0000
        vertex 0.5400 6.5600 -4.0000
    endloop
endfacet
facet normal 0.0000 0.0000 -0.8500
    outer loop
        vertex 0.5400 6.5600 -4.0000
        vertex 0.6200 6.2400 -4.0000
        vertex 0.1800 6.3000 -4.0000
    endloop
endfacet
facet normal 0.0000 0.0000 -1.1650
    outer loop
        vertex 0.3000 5.8600 -4.0000
        vertex 0.1800 6.3000 -4.0000
        vertex 0.6200 6.2400 -4.0000
    endloop
endfacet
facet normal 0.0000 0.0000 -0.4950
    outer loop
        vertex 0.6200 6.2400 -4.0000
        vertex 0.6600 6.0400 -4.0000
        vertex 0.3000 5.8600 -4.0000
    endloop
endfacet
facet normal 0.0000 0.0000 -0.2819
    outer loop
        vertex 1.0200 6.1400 -4.0000
        vertex 1.0600 6.3000 -4.0000
        vertex 1.3324 6.2620 -4.0000
    endloop
endfacet
facet normal 0.0000 0.0000 -0.3639
    outer loop
        vertex 1.3324 6.2620 -4.0000
        vertex 1.2924 6.0600 -4.0000
        vertex 1.0200 6.1400 -4.0000
    endloop
endfacet
facet normal 0.0000 0.0000 -0.4031
    outer loop
        vertex 1.3324 6.2620 -4.0000
        vertex 1.0600 6.3000 -4.0000
        vertex 1.1800 6.5200 -4.0000
    endloop
endfacet
facet normal 0.0000 0.0000 -0.3475
    outer loop
        vertex 1.1800 6.5200 -4.0000
        vertex 1.4468 6.4332 -4.0000
        vertex 1.3324 6.2620 -4.0000
    endloop
endfacet
facet normal 0.0000 0.0000 -0.3870
    outer loop
        vertex 1.4468 6.4332 -4.0000
        vertex 1.1800 6.5200 -4.0000
        vertex 1.3400 6.7000 -4.0000
    endloop
endfacet
facet normal 0.0000 0.0000 -0.3618
    outer loop
        vertex 1.3400 6.7000 -4.0000
        vertex 1.6180 6.5476 -4.0000
        vertex 1.4468 6.4332 -4.0000
    endloop
endfacet
facet normal 0.0000 0.0000 -0.3990
    outer loop
        vertex 1.6180 6.5476 -4.0000
        vertex 1.3400 6.7000 -4.0000
        vertex 1.5400 6.8200 -4.0000
    endloop
endfacet
facet normal 0.0000 0.0000 -0.3634
    outer loop
        vertex 1.5400 6.8200 -4.0000
        vertex 1.8200 6.5876 -4.0000
        vertex 1.6180 6.5476 -4.0000
    endloop
endfacet
facet normal 0.0000 0.0000 -0.5407
    outer loop
        vertex 1.8200 6.5876 -4.0000
        vertex 1.5400 6.8200 -4.0000
        vertex 1.8400 6.8800 -4.0000
    endloop
endfacet
facet normal 0.0000 0.0000 -0.3742
    outer loop
        vertex 1.8400 6.8800 -4.0000
        vertex 2.0220 6.5476 -4.0000
        vertex 1.8200 6.5876 -4.0000
    endloop
endfacet
facet normal 0.0000 0.0000 -0.6945
    outer loop
        vertex 2.0220 6.5476 -4.0000
        vertex 1.8400 6.8800 -4.0000
        vertex 2.2400 6.7600 -4.0000
    endloop
endfacet
facet normal 0.0000 0.0000 -0.3831
    outer loop
        vertex 2.2400 6.7600 -4.0000
        vertex 2.1932 6.4332 -4.0000
        vertex 2.0220 6.5476 -4.0000
    endloop
endfacet
facet normal 0.0000 0.0000 -0.3334
    outer loop
        vertex 1.9800 5.3000 -4.0000
        vertex 1.8200 5.5324 -4.0000
        vertex 2.0220 5.5724 -4.0000
    endloop
endfacet
facet normal 0.0000 0.0000 -0.4635
    outer loop
        vertex 2.0220 5.5724 -4.0000
        vertex 2.2800 5.4800 -4.0000
        vertex 1.9800 5.3000 -4.0000
    endloop
endfacet
facet normal 0.0000 0.0000 -0.2833
    outer loop
        vertex 2.2800 5.4800 -4.0000
        vertex 2.0220 5.5724 -4.0000
        vertex 2.1932 5.6868 -4.0000
    endloop
endfacet
facet normal 0.0000 0.0000 -0.3712
    outer loop
        vertex 2.1932 5.6868 -4.0000
        vertex 2.5000 5.6400 -4.0000
        vertex 2.2800 5.4800 -4.0000
    endloop
endfacet
facet normal 0.0000 0.0000 -0.3617
    outer loop
        vertex 2.5000 5.6400 -4.0000
        vertex 2.1932 5.6868 -4.0000
        vertex 2.3076 5.8580 -4.0000
    endloop
endfacet
facet normal 0.0000 0.0000 -0.5098
    outer loop
        vertex 2.3076 5.8580 -4.0000
        vertex 2.6800 5.8600 -4.0000
        vertex 2.5000 5.6400 -4.0000
    endloop
endfacet
facet normal 0.0000 0.0000 -0.4697
    outer loop
        vertex 2.6800 5.8600 -4.0000
        vertex 2.3076 5.8580 -4.0000
        vertex 2.3476 6.0600 -4.0000
    endloop
endfacet
facet normal 0.0000 0.0000 -0.5570
    outer loop
        vertex 2.3476 6.0600 -4.0000
        vertex 2.7600 6.0800 -4.0000
        vertex 2.6800 5.8600 -4.0000
    endloop
endfacet
facet normal 0.0000 0.0000 -0.5257
    outer loop
        vertex 2.7600 6.0800 -4.0000
        vertex 2.3476 6.0600 -4.0000
        vertex 2.3076 6.2620 -4.0000
    endloop
endfacet
facet normal 0.0000 0.0000 -0.6448
    outer loop
        vertex 2.3076 6.2620 -4.0000
        vertex 2.7800 6.3000 -4.0000
        vertex 2.7600 6.0800 -4.0000
    endloop
endfacet
facet normal 0.0000 0.0000 -0.6543
    outer loop
        vertex 2.7600 6.5200 -4.0000
        vertex 2.7800 6.3000 -4.0000
        vertex 2.3076 6.2620 -4.0000
    endloop
endfacet
facet normal 0.0000 0.0000 -0.6685
    outer loop
        vertex 2.3076 6.2620 -4.0000
        vertex 2.1932 6.4332 -4.0000
        vertex 2.7600 6.5200 -4.0000
    endloop
endfacet
facet normal 0.0000 0.0000 -0.7411
    outer loop
        vertex 2.7000 6.7200 -4.0000
        vertex 2.7600 6.5200 -4.0000
        vertex 2.1932 6.4332 -4.0000
    endloop
endfacet
facet normal 0.0000 0.0000 -0.9513
    outer loop
        vertex 2.1932 6.4332 -4.0000
        vertex 2.2400 6.7600 -4.0000
        vertex 2.7000 6.7200 -4.0000
    endloop
endfacet
facet normal 0.0000 0.0000 -0.9100
    outer loop
        vertex 2.7000 6.7200 -4.0000
        vertex 2.2400 6.7600 -4.0000
        vertex 2.6600 7.0400 -4.0000
    endloop
endfacet
facet normal 0.0000 0.0000 -0.4650
    outer loop
        vertex 2.6600 7.0400 -4.0000
        vertex 2.9200 6.8200 -4.0000
        vertex 2.7000 6.7200 -4.0000
    endloop
endfacet
facet normal 0.0000 0.0000 -0.9525
    outer loop
        vertex 2.2600 4.9600 -4.0000
        vertex 1.9800 5.3000 -4.0000
        vertex 2.2800 5.4800 -4.0000
    endloop
endfacet
facet normal 0.0000 0.0000 -1.2300
    outer loop
        vertex 2.2800 5.4800 -4.0000
        vertex 2.6400 5.0000 -4.0000
        vertex 2.2600 4.9600 -4.0000
    endloop
endfacet
facet normal 0.0000 0.0000 -1.6400
    outer loop
        vertex 2.7400 4.3200 -4.0000
        vertex 2.2600 4.9600 -4.0000
        vertex 2.6400 5.0000 -4.0000
    endloop
endfacet
facet normal 0.0000 0.0000 -1.4700
    outer loop
        vertex 2.6400 5.0000 -4.0000
        vertex 3.0800 4.3600 -4.0000
        vertex 2.7400 4.3200 -4.0000
    endloop
endfacet
facet normal 0.0000 0.0000 -1.6025
    outer loop
        vertex 3.2000 3.6200 -4.0000
        vertex 2.7400 4.3200 -4.0000
        vertex 3.0800 4.3600 -4.0000
    endloop
endfacet
facet normal 0.0000 0.0000 -1.5875
    outer loop
        vertex 3.0800 4.3600 -4.0000
        vertex 3.5400 3.6400 -4.0000
        vertex 3.2000 3.6200 -4.0000
    endloop
endfacet
facet normal 0.0000 0.0000 -1.3625
    outer loop
        vertex 3.5600 3.0000 -4.0000
        vertex 3.2000 3.6200 -4.0000
        vertex 3.5400 3.6400 -4.0000
    endloop
endfacet
facet normal 0.0000 0.0000 -1.6575
    outer loop
        vertex 3.5400 3.6400 -4.0000
        vertex 3.9800 2.8200 -4.0000
        vertex 3.5600 3.0000 -4.0000
    endloop
endfacet
facet normal 0.0000 0.0000 -1.6200
    outer loop
        vertex 3.9400 2.2200 -4.0000
        vertex 3.5600 3.0000 -4.0000
        vertex 3.9800 2.8200 -4.0000
    endloop
endfacet
facet normal 0.0000 0.0000 -1.3800
    outer loop
        vertex 3.9800 2.8200 -4.0000
        vertex 4.3000 2.1000 -4.0000
        vertex 3.9400 2.2200 -4.0000
    endloop
endfacet
facet normal 0.0000 0.0000 -1.2150
    outer loop
        vertex 4.1800 1.6000 -4.0000
        vertex 3.9400 2.2200 -4.0000
        vertex 4.3000 2.1000 -4.0000
    endloop
endfacet
facet normal 0.0000 0.0000 -0.8750
    outer loop
        vertex 4.3000 2.1000 -4.0000
        vertex 4.4600 1.6000 -4.0000
        vertex 4.1800 1.6000 -4.0000
    endloop
endfacet
facet normal 0.0000 0.0000 -0.9800
    outer loop
        vertex 4.3400 1.0400 -4.0000
        vertex 4.1800 1.6000 -4.0000
        vertex 4.4600 1.6000 -4.0000
    endloop
endfacet
facet normal 0.0000 0.0000 -0.9950
    outer loop
        vertex 4.4600 1.6000 -4.0000
        vertex 4.6200 1.0200 -4.0000
        vertex 4.3400 1.0400 -4.0000
    endloop
endfacet
facet normal 0.0000 0.0000 -0.5175
    outer loop
        vertex 4.3400 1.0400 -4.0000
        vertex 4.6200 1.0200 -4.0000
        vertex 4.6800 0.7200 -4.0000
    endloop
endfacet
facet normal 0.0000 0.0000 -0.7375
    outer loop
        vertex 4.6800 0.7200 -4.0000
        vertex 4.4600 0.5800 -4.0000
        vertex 4.3400 1.0400 -4.0000
    endloop
endfacet
facet normal 0.0000 0.0000 -0.4050
    outer loop
        vertex 3.1200 6.9000 -4.0000
        vertex 2.9200 6.8200 -4.0000
        vertex 2.6600 7.0400 -4.0000
    endloop
endfacet
facet normal 0.0000 0.0000 -1.3150
    outer loop
        vertex 2.6600 7.0400 -4.0000
        vertex 3.4400 7.2600 -4.0000
        vertex 3.1200 6.9000 -4.0000
    endloop
endfacet
facet normal 0.0000 0.0000 -0.6039
    outer loop
        vertex 3.1200 6.9000 -4.0000
        vertex 3.4400 7.2600 -4.0000
        vertex 3.5068 7.0332 -4.0000
    endloop
endfacet
facet normal 0.0000 0.0000 -0.3186
    outer loop
        vertex 3.5068 7.0332 -4.0000
        vertex 3.3924 6.8620 -4.0000
        vertex 3.1200 6.9000 -4.0000
    endloop
endfacet
facet normal 0.0000 0.0000 -0.2479
    outer loop
        vertex 3.0800 6.7600 -4.0000
        vertex 3.1200 6.9000 -4.0000
        vertex 3.3924 6.8620 -4.0000
    endloop
endfacet
facet normal 0.0000 0.0000 -0.3689
    outer loop
        vertex 3.3924 6.8620 -4.0000
        vertex 3.3524 6.6600 -4.0000
        vertex 3.0800 6.7600 -4.0000
    endloop
endfacet
facet normal 0.0000 0.0000 -0.3961
    outer loop
        vertex 3.1000 6.5200 -4.0000
        vertex 3.0800 6.7600 -4.0000
        vertex 3.3524 6.6600 -4.0000
    endloop
endfacet
facet normal 0.0000 0.0000 -0.3537
    outer loop
        vertex 3.3524 6.6600 -4.0000
        vertex 3.3924 6.4580 -4.0000
        vertex 3.1000 6.5200 -4.0000
    endloop
endfacet
facet normal 0.0000 0.0000 -0.4076
    outer loop
        vertex 3.1800 6.2800 -4.0000
        vertex 3.1000 6.5200 -4.0000
        vertex 3.3924 6.4580 -4.0000
    endloop
endfacet
facet normal 0.0000 0.0000 -0.3947
    outer loop
        vertex 3.3924 6.4580 -4.0000
        vertex 3.3200 6.1000 -4.0000
        vertex 3.1800 6.2800 -4.0000
    endloop
endfacet
facet normal 0.0000 0.0000 -0.3334
    outer loop
        vertex 3.3200 6.1000 -4.0000
        vertex 3.3924 6.4580 -4.0000
        vertex 3.5068 6.2868 -4.0000
    endloop
endfacet
facet normal 0.0000 0.0000 -0.3736
    outer loop
        vertex 3.5068 6.2868 -4.0000
        vertex 3.5000 5.9600 -4.0000
        vertex 3.3200 6.1000 -4.0000
    endloop
endfacet
facet normal 0.0000 0.0000 -0.3545
    outer loop
        vertex 3.5000 5.9600 -4.0000
        vertex 3.5068 6.2868 -4.0000
        vertex 3.6780 6.1724 -4.0000
    endloop
endfacet
facet normal 0.0000 0.0000 -0.4076
    outer loop
        vertex 3.6780 6.1724 -4.0000
        vertex 3.7400 5.8800 -4.0000
        vertex 3.5000 5.9600 -4.0000
    endloop
endfacet
facet normal 0.0000 0.0000 -0.3537
    outer loop
        vertex 3.7400 5.8800 -4.0000
        vertex 3.6780 6.1724 -4.0000
        vertex 3.8800 6.1324 -4.0000
    endloop
endfacet
facet normal 0.0000 0.0000 -0.3471
    outer loop
        vertex 3.8800 6.1324 -4.0000
        vertex 3.9600 5.8800 -4.0000
        vertex 3.7400 5.8800 -4.0000
    endloop
endfacet
facet normal 0.0000 0.0000 -0.4086
    outer loop
        vertex 4.2000 5.9400 -4.0000
        vertex 3.9600 5.8800 -4.0000
        vertex 3.8800 6.1324 -4.0000
    endloop
endfacet
facet normal 0.0000 0.0000 -0.3229
    outer loop
        vertex 3.8800 6.1324 -4.0000
        vertex 4.0820 6.1724 -4.0000
        vertex 4.2000 5.9400 -4.0000
    endloop
endfacet
facet normal 0.0000 0.0000 -0.3062
    outer loop
        vertex 4.3600 6.0400 -4.0000
        vertex 4.2000 5.9400 -4.0000
        vertex 4.0820 6.1724 -4.0000
    endloop
endfacet
facet normal 0.0000 0.0000 -0.3404
    outer loop
        vertex 4.0820 6.1724 -4.0000
        vertex 4.2532 6.2868 -4.0000
        vertex 4.3600 6.0400 -4.0000
    endloop
endfacet
facet normal 0.0000 0.0000 -0.4420
    outer loop
        vertex 4.5600 6.2400 -4.0000
        vertex 4.3600 6.0400 -4.0000
        vertex 4.2532 6.2868 -4.0000
    endloop
endfacet
facet normal 0.0000 0.0000 -0.3617
    outer loop
        vertex 4.2532 6.2868 -4.0000
        vertex 4.3676 6.4580 -4.0000
        vertex 4.5600 6.2400 -4.0000
    endloop
endfacet
facet normal 0.0000 0.0000 -0.5066
    outer loop
        vertex 4.7200 6.4800 -4.0000
        vertex 4.5600 6.2400 -4.0000
        vertex 4.3676 6.4580 -4.0000
    endloop
endfacet
facet normal 0.0000 0.0000 -0.4394
    outer loop
        vertex 4.3676 6.4580 -4.0000
        vertex 4.4076 6.6600 -4.0000
        vertex 4.7200 6.4800 -4.0000
    endloop
endfacet
facet normal 0.0000 0.0000 -0.4580
    outer loop
        vertex 4.7800 6.6800 -4.0000
        vertex 4.7200 6.4800 -4.0000
        vertex 4.4076 6.6600 -4.0000
    endloop
endfacet
facet normal 0.0000 0.0000 -0.4752
    outer loop
        vertex 4.4076 6.6600 -4.0000
        vertex 4.3676 6.8620 -4.0000
        vertex 4.7800 6.6800 -4.0000
    endloop
endfacet
facet normal 0.0000 0.0000 -0.6186
    outer loop
        vertex 4.7800 6.9200 -4.0000
        vertex 4.7800 6.6800 -4.0000
        vertex 4.3676 6.8620 -4.0000
    endloop
endfacet
facet normal 0.0000 0.0000 -0.5300
    outer loop
        vertex 4.3676 6.8620 -4.0000
        vertex 4.7400 7.1200 -4.0000
        vertex 4.7800 6.9200 -4.0000
    endloop
endfacet
facet normal 0.0000 0.0000 -0.5829
    outer loop
        vertex 4.7400 7.1200 -4.0000
        vertex 4.3676 6.8620 -4.0000
        vertex 4.2532 7.0332 -4.0000
    endloop
endfacet
facet normal 0.0000 0.0000 -0.6194
    outer loop
        vertex 4.2532 7.0332 -4.0000
        vertex 4.7200 7.3200 -4.0000
        vertex 4.7400 7.1200 -4.0000
    endloop
endfacet
facet normal 0.0000 0.0000 -0.9279
    outer loop
        vertex 4.3000 7.3800 -4.0000
        vertex 4.7200 7.3200 -4.0000
        vertex 4.2532 7.0332 -4.0000
    endloop
endfacet
facet normal 0.0000 0.0000 -0.4045
    outer loop
        vertex 4.2532 7.0332 -4.0000
        vertex 4.0820 7.1476 -4.0000
        vertex 4.3000 7.3800 -4.0000
    endloop
endfacet
facet normal 0.0000 0.0000 -0.7445
    outer loop
        vertex 3.9000 7.5000 -4.0000
        vertex 4.3000 7.3800 -4.0000
        vertex 4.0820 7.1476 -4.0000
    endloop
endfacet
facet normal 0.0000 0.0000 -0.3994
    outer loop
        vertex 4.0820 7.1476 -4.0000
        vertex 3.8800 7.1876 -4.0000
        vertex 3.9000 7.5000 -4.0000
    endloop
endfacet
facet normal 0.0000 0.0000 -0.5417
    outer loop
        vertex 3.6200 7.4600 -4.0000
        vertex 3.9000 7.5000 -4.0000
        vertex 3.8800 7.1876 -4.0000
    endloop
endfacet
facet normal 0.0000 0.0000 -0.2971
    outer loop
        vertex 3.8800 7.1876 -4.0000
        vertex 3.5600 7.3400 -4.0000
        vertex 3.6200 7.4600 -4.0000
    endloop
endfacet
facet normal 0.0000 0.0000 -0.2724
    outer loop
        vertex 3.5600 7.3400 -4.0000
        vertex 3.8800 7.1876 -4.0000
        vertex 3.6780 7.1476 -4.0000
    endloop
endfacet
facet normal 0.0000 0.0000 -0.2033
    outer loop
        vertex 3.6780 7.1476 -4.0000
        vertex 3.4400 7.2600 -4.0000
        vertex 3.5600 7.3400 -4.0000
    endloop
endfacet
facet normal 0.0000 0.0000 -0.2904
    outer loop
        vertex 3.5068 7.0332 -4.0000
        vertex 3.4400 7.2600 -4.0000
        vertex 3.6780 7.1476 -4.0000
    endloop
endfacet
facet normal 0.0000 0.0000 -0.7350
    outer loop
        vertex 4.7200 7.3200 -4.0000
        vertex 4.3000 7.3800 -4.0000
        vertex 4.7200 7.6000 -4.0000
    endloop
endfacet
facet normal 0.0000 0.0000 -0.9100
    outer loop
        vertex 4.7200 7.6000 -4.0000
        vertex 5.2400 7.4400 -4.0000
        vertex 4.7200 7.3200 -4.0000
    endloop
endfacet
facet normal 0.0000 0.0000 -0.7200
    outer loop
        vertex 5.2400 7.4400 -4.0000
        vertex 4.7200 7.6000 -4.0000
        vertex 5.1800 7.6800 -4.0000
    endloop
endfacet
facet normal 0.0000 0.0000 -0.7125
    outer loop
        vertex 5.1800 7.6800 -4.0000
        vertex 5.7000 7.5000 -4.0000
        vertex 5.2400 7.4400 -4.0000
    endloop
endfacet
facet normal 0.0000 0.0000 -0.9800
    outer loop
        vertex 5.7000 7.5000 -4.0000
        vertex 5.1800 7.6800 -4.0000
        vertex 5.8200 7.7600 -4.0000
    endloop
endfacet
facet normal 0.0000 0.0000 -1.1579
    outer loop
        vertex 5.8200 7.7600 -4.0000
        vertex 6.4480 7.5768 -4.0000
        vertex 5.7000 7.5000 -4.0000
    endloop
endfacet
facet normal 0.0000 0.0000 -0.3800
    outer loop
        vertex 5.0200 5.5600 -4.0000
        vertex 4.7200 5.7800 -4.0000
        vertex 5.1600 5.6600 -4.0000
    endloop
endfacet
facet normal 0.0000 0.0000 -0.3550
    outer loop
        vertex 5.2800 5.3400 -4.0000
        vertex 5.0200 5.5600 -4.0000
        vertex 5.1600 5.6600 -4.0000
    endloop
endfacet
facet normal 0.0000 0.0000 -0.5400
    outer loop
        vertex 5.1600 5.6600 -4.0000
        vertex 5.5200 5.4200 -4.0000
        vertex 5.2800 5.3400 -4.0000
    endloop
endfacet
facet normal 0.0000 0.0000 -0.5200
    outer loop
        vertex 5.5400 5.0800 -4.0000
        vertex 5.2800 5.3400 -4.0000
        vertex 5.5200 5.4200 -4.0000
    endloop
endfacet
facet normal 0.0000 0.0000 -0.5625
    outer loop
        vertex 5.5200 5.4200 -4.0000
        vertex 5.8000 5.1600 -4.0000
        vertex 5.5400 5.0800 -4.0000
    endloop
endfacet
facet normal 0.0000 0.0000 -0.4800
    outer loop
        vertex 5.7200 4.8400 -4.0000
        vertex 5.5400 5.0800 -4.0000
        vertex 5.8000 5.1600 -4.0000
    endloop
endfacet
facet normal 0.0000 0.0000 -0.4400
    outer loop
        vertex 5.8000 5.1600 -4.0000
        vertex 5.9600 4.9200 -4.0000
        vertex 5.7200 4.8400 -4.0000
    endloop
endfacet
facet normal 0.0000 0.0000 -0.2200
    outer loop
        vertex 5.7200 6.0200 -4.0000
        vertex 5.4800 6.1600 -4.0000
        vertex 5.8000 6.1200 -4.0000
    endloop
endfacet
facet normal 0.0000 0.0000 -0.2050
    outer loop
        vertex 5.9200 5.8600 -4.0000
        vertex 5.7200 6.0200 -4.0000
        vertex 5.8000 6.1200 -4.0000
    endloop
endfacet
facet normal 0.0000 0.0000 -0.2850
    outer loop
        vertex 5.8000 6.1200 -4.0000
        vertex 6.0400 5.9800 -4.0000
        vertex 5.9200 5.8600 -4.0000
    endloop
endfacet
facet normal 0.0000 0.0000 -0.2250
    outer loop
        vertex 6.0600 5.7000 -4.0000
        vertex 5.9200 5.8600 -4.0000
        vertex 6.0400 5.9800 -4.0000
    endloop
endfacet
facet normal 0.0000 0.0000 -0.2950
    outer loop
        vertex 6.0400 5.9800 -4.0000
        vertex 6.2200 5.8200 -4.0000
        vertex 6.0600 5.7000 -4.0000
    endloop
endfacet
facet normal 0.0000 0.0000 -0.3400
    outer loop
        vertex -5.8600 6.6600 -4.0000
        vertex -6.0200 6.3400 -4.0000
        vertex -6.0200 6.6800 -4.0000
    endloop
endfacet
facet normal 0.0000 0.0000 -0.3125
    outer loop
        vertex -6.0200 6.6800 -4.0000
        vertex -5.9200 6.9800 -4.0000
        vertex -5.8600 6.6600 -4.0000
    endloop
endfacet
facet normal 0.0000 0.0000 -0.4975
    outer loop
        vertex -5.6600 6.9200 -4.0000
        vertex -5.8600 6.6600 -4.0000
        vertex -5.9200 6.9800 -4.0000
    endloop
endfacet
facet normal 0.0000 0.0000 -0.4875
    outer loop
        vertex -5.9200 6.9800 -4.0000
        vertex -5.6600 7.2200 -4.0000
        vertex -5.6600 6.9200 -4.0000
    endloop
endfacet
facet normal 0.0000 0.0000 -0.4125
    outer loop
        vertex -5.4400 7.0600 -4.0000
        vertex -5.6600 6.9200 -4.0000
        vertex -5.6600 7.2200 -4.0000
    endloop
endfacet
facet normal 0.0000 0.0000 -0.5050
    outer loop
        vertex -5.6600 7.2200 -4.0000
        vertex -5.3200 7.3400 -4.0000
        vertex -5.4400 7.0600 -4.0000
    endloop
endfacet
facet normal 0.0000 0.0000 -0.2900
    outer loop
        vertex -5.4400 7.0600 -4.0000
        vertex -5.3200 7.3400 -4.0000
        vertex -5.2400 7.1400 -4.0000
    endloop
endfacet
facet normal 0.0000 0.0000 -0.3486
    outer loop
        vertex -2.1064 8.4424 -4.0000
        vertex -2.2548 8.4704 -4.0000
        vertex -2.1856 8.8332 -4.0000
    endloop
endfacet
facet normal 0.0000 0.0000 -0.3751
    outer loop
        vertex -2.1856 8.8332 -4.0000
        vertex -2.0408 8.8764 -4.0000
        vertex -2.1064 8.4424 -4.0000
    endloop
endfacet
facet normal 0.0000 0.0000 -0.3906
    outer loop
        vertex -1.9768 8.3472 -4.0000
        vertex -2.1064 8.4424 -4.0000
        vertex -2.0408 8.8764 -4.0000
    endloop
endfacet
facet normal 0.0000 0.0000 -1.1628
    outer loop
        vertex -2.0408 8.8764 -4.0000
        vertex -1.6800 8.8000 -4.0000
        vertex -1.9768 8.3472 -4.0000
    endloop
endfacet
facet normal 0.0000 0.0000 -0.9194
    outer loop
        vertex -1.9768 8.3472 -4.0000
        vertex -1.6800 8.8000 -4.0000
        vertex -1.4600 8.6400 -4.0000
    endloop
endfacet
facet normal 0.0000 0.0000 -0.6436
    outer loop
        vertex -1.4600 8.6400 -4.0000
        vertex -1.8856 8.1996 -4.0000
        vertex -1.9768 8.3472 -4.0000
    endloop
endfacet
facet normal 0.0000 0.0000 -0.8642
    outer loop
        vertex -1.8856 8.1996 -4.0000
        vertex -1.4600 8.6400 -4.0000
        vertex -1.3200 8.4600 -4.0000
    endloop
endfacet
facet normal 0.0000 0.0000 -0.9079
    outer loop
        vertex -1.3200 8.4600 -4.0000
        vertex -1.2400 8.2400 -4.0000
        vertex -1.8856 8.1996 -4.0000
    endloop
endfacet
facet normal 0.0000 0.0000 -0.7279
    outer loop
        vertex -1.8472 8.0216 -4.0000
        vertex -1.8856 8.1996 -4.0000
        vertex -1.2400 8.2400 -4.0000
    endloop
endfacet
facet normal 0.0000 0.0000 -1.3449
    outer loop
        vertex -1.2400 8.2400 -4.0000
        vertex -1.2000 7.9000 -4.0000
        vertex -1.8472 8.0216 -4.0000
    endloop
endfacet
facet normal 0.0000 0.0000 -0.7462
    outer loop
        vertex -1.8668 7.8408 -4.0000
        vertex -1.8472 8.0216 -4.0000
        vertex -1.2000 7.9000 -4.0000
    endloop
endfacet
facet normal 0.0000 0.0000 -2.3969
    outer loop
        vertex -1.2000 7.9000 -4.0000
        vertex -1.4800 7.3000 -4.0000
        vertex -1.8668 7.8408 -4.0000
    endloop
endfacet
facet normal 0.0000 0.0000 -0.6750
    outer loop
        vertex -1.3000 7.3000 -4.0000
        vertex -1.4800 7.3000 -4.0000
        vertex -1.2000 7.9000 -4.0000
    endloop
endfacet
facet normal 0.0000 0.0000 -0.8625
    outer loop
        vertex -1.2000 7.9000 -4.0000
        vertex -0.9800 7.8400 -4.0000
        vertex -1.3000 7.3000 -4.0000
    endloop
endfacet
facet normal 0.0000 0.0000 -0.6200
    outer loop
        vertex -1.1400 7.2600 -4.0000
        vertex -1.3000 7.3000 -4.0000
        vertex -0.9800 7.8400 -4.0000
    endloop
endfacet
facet normal 0.0000 0.0000 -0.8050
    outer loop
        vertex -0.9800 7.8400 -4.0000
        vertex -0.7800 7.7600 -4.0000
        vertex -1.1400 7.2600 -4.0000
    endloop
endfacet
facet normal 0.0000 0.0000 -1.2350
    outer loop
        vertex -1.1400 7.2600 -4.0000
        vertex -0.7800 7.7600 -4.0000
        vertex -0.5000 7.6000 -4.0000
    endloop
endfacet
facet normal 0.0000 0.0000 -3.2200
    outer loop
        vertex -0.5000 7.6000 -4.0000
        vertex -0.3400 6.8800 -4.0000
        vertex -1.1400 7.2600 -4.0000
    endloop
endfacet
facet normal 0.0000 0.0000 -2.6200
    outer loop
        vertex -0.3400 6.8800 -4.0000
        vertex -0.5000 7.6000 -4.0000
        vertex 0.1400 7.3400 -4.0000
    endloop
endfacet
facet normal 0.0000 0.0000 -1.4025
    outer loop
        vertex 0.1400 7.3400 -4.0000
        vertex -0.0400 6.7000 -4.0000
        vertex -0.3400 6.8800 -4.0000
    endloop
endfacet
facet normal 0.0000 0.0000 -2.4150
    outer loop
        vertex 0.1400 7.3400 -4.0000
        vertex -0.5000 7.6000 -4.0000
        vertex 0.1000 7.9600 -4.0000
    endloop
endfacet
facet normal 0.0000 0.0000 -1.6100
    outer loop
        vertex 0.1000 7.9600 -4.0000
        vertex 0.5400 7.5800 -4.0000
        vertex 0.1400 7.3400 -4.0000
    endloop
endfacet
facet normal 0.0000 0.0000 -1.3025
    outer loop
        vertex 0.5400 7.5800 -4.0000
        vertex 0.1000 7.9600 -4.0000
        vertex 0.4400 8.1400 -4.0000
    endloop
endfacet
facet normal 0.0000 0.0000 -1.8300
    outer loop
        vertex 0.4400 8.1400 -4.0000
        vertex 1.0200 7.8200 -4.0000
        vertex 0.5400 7.5800 -4.0000
    endloop
endfacet
facet normal 0.0000 0.0000 -2.4075
    outer loop
        vertex 1.0200 7.8200 -4.0000
        vertex 0.4400 8.1400 -4.0000
        vertex 1.1000 8.4400 -4.0000
    endloop
endfacet
facet normal 0.0000 0.0000 -2.0400
    outer loop
        vertex 1.1000 8.4400 -4.0000
        vertex 1.5800 8.0800 -4.0000
        vertex 1.0200 7.8200 -4.0000
    endloop
endfacet
facet normal 0.0000 0.0000 -1.6350
    outer loop
        vertex 1.5800 8.0800 -4.0000
        vertex 1.1000 8.4400 -4.0000
        vertex 1.5600 8.6400 -4.0000
    endloop
endfacet
facet normal 0.0000 0.0000 -0.9250
    outer loop
        vertex 1.5600 8.6400 -4.0000
        vertex 1.8400 8.2000 -4.0000
        vertex 1.5800 8.0800 -4.0000
    endloop
endfacet
facet normal 0.0000 0.0000 -1.4350
    outer loop
        vertex 1.8400 8.2000 -4.0000
        vertex 1.5600 8.6400 -4.0000
        vertex 1.9800 8.8000 -4.0000
    endloop
endfacet
facet normal 0.0000 0.0000 -0.3750
    outer loop
        vertex 1.9800 8.8000 -4.0000
        vertex 1.9400 8.2000 -4.0000
        vertex 1.8400 8.2000 -4.0000
    endloop
endfacet
facet normal 0.0000 0.0000 -1.2000
    outer loop
        vertex 1.9400 8.2000 -4.0000
        vertex 1.9800 8.8000 -4.0000
        vertex 2.3000 8.8000 -4.0000
    endloop
endfacet
facet normal 0.0000 0.0000 -0.5400
    outer loop
        vertex 2.3000 8.8000 -4.0000
        vertex 2.3600 8.6600 -4.0000
        vertex 1.9400 8.2000 -4.0000
    endloop
endfacet
facet normal 0.0000 0.0000 -0.2725
    outer loop
        vertex 1.9800 8.1400 -4.0000
        vertex 1.9400 8.2000 -4.0000
        vertex 2.3600 8.6600 -4.0000
    endloop
endfacet
facet normal 0.0000 0.0000 -0.8375
    outer loop
        vertex 2.3600 8.6600 -4.0000
        vertex 2.3400 8.2800 -4.0000
        vertex 1.9800 8.1400 -4.0000
    endloop
endfacet
facet normal 0.0000 0.0000 -0.3025
    outer loop
        vertex 2.3400 8.2800 -4.0000
        vertex 2.3600 8.6600 -4.0000
        vertex 2.4800 8.5200 -4.0000
    endloop
endfacet
facet normal 0.0000 0.0000 -0.3525
    outer loop
        vertex 2.3400 8.2800 -4.0000
        vertex 2.4800 8.5200 -4.0000
        vertex 2.6800 8.4600 -4.0000
    endloop
endfacet
facet normal 0.0000 0.0000 -0.7900
    outer loop
        vertex 2.6800 8.4600 -4.0000
        vertex 2.7400 8.1200 -4.0000
        vertex 2.3400 8.2800 -4.0000
    endloop
endfacet
facet normal 0.0000 0.0000 -0.3475
    outer loop
        vertex 2.7400 8.1200 -4.0000
        vertex 2.6800 8.4600 -4.0000
        vertex 2.8400 8.4800 -4.0000
    endloop
endfacet
facet normal 0.0000 0.0000 -0.6075
    outer loop
        vertex 2.8400 8.4800 -4.0000
        vertex 3.0600 8.3000 -4.0000
        vertex 2.7400 8.1200 -4.0000
    endloop
endfacet
facet normal 0.0000 0.0000 -1.4050
    outer loop
        vertex 2.7400 8.1200 -4.0000
        vertex 3.0600 8.3000 -4.0000
        vertex 2.7800 7.4400 -4.0000
    endloop
endfacet
facet normal 0.0000 0.0000 -2.4650
    outer loop
        vertex 2.7800 7.4400 -4.0000
        vertex 2.2400 6.7600 -4.0000
        vertex 2.7400 8.1200 -4.0000
    endloop
endfacet
facet normal 0.0000 0.0000 -0.8400
    outer loop
        vertex 2.2400 6.7600 -4.0000
        vertex 2.7800 7.4400 -4.0000
        vertex 2.6600 7.0400 -4.0000
    endloop
endfacet
facet normal 0.0000 0.0000 -1.5375
    outer loop
        vertex 1.8400 6.8800 -4.0000
        vertex 1.5400 6.8200 -4.0000
        vertex 1.8400 7.7000 -4.0000
    endloop
endfacet
facet normal 0.0000 0.0000 -2.5625
    outer loop
        vertex 1.8400 7.7000 -4.0000
        vertex 2.3400 8.2800 -4.0000
        vertex 1.8400 6.8800 -4.0000
    endloop
endfacet
facet normal 0.0000 0.0000 -0.6900
    outer loop
        vertex 1.8400 7.7000 -4.0000
        vertex 1.9600 8.0600 -4.0000
        vertex 2.3400 8.2800 -4.0000
    endloop
endfacet
facet normal 0.0000 0.0000 -0.1625
    outer loop
        vertex 1.9600 8.0600 -4.0000
        vertex 1.9800 8.1400 -4.0000
        vertex 2.3400 8.2800 -4.0000
    endloop
endfacet
facet normal 0.0000 0.0000 -0.3003
    outer loop
        vertex -1.6800 8.8000 -4.0000
        vertex -2.0408 8.8764 -4.0000
        vertex -1.9220 8.9844 -4.0000
    endloop
endfacet
facet normal 0.0000 0.0000 -0.4869
    outer loop
        vertex -1.9220 8.9844 -4.0000
        vertex -1.5200 9.0000 -4.0000
        vertex -1.6800 8.8000 -4.0000
    endloop
endfacet
facet normal 0.0000 0.0000 -0.3856
    outer loop
        vertex -1.5200 9.0000 -4.0000
        vertex -1.9220 8.9844 -4.0000
        vertex -1.8468 9.1408 -4.0000
    endloop
endfacet
facet normal 0.0000 0.0000 -0.4204
    outer loop
        vertex -1.8468 9.1408 -4.0000
        vertex -1.4600 9.1800 -4.0000
        vertex -1.5200 9.0000 -4.0000
    endloop
endfacet
facet normal 0.0000 0.0000 -0.4323
    outer loop
        vertex -1.4600 9.1800 -4.0000
        vertex -1.8468 9.1408 -4.0000
        vertex -1.8272 9.3216 -4.0000
    endloop
endfacet
facet normal 0.0000 0.0000 -0.5226
    outer loop
        vertex -1.8272 9.3216 -4.0000
        vertex -1.4400 9.4000 -4.0000
        vertex -1.4600 9.1800 -4.0000
    endloop
endfacet
facet normal 0.0000 0.0000 -0.4496
    outer loop
        vertex -1.4400 9.4000 -4.0000
        vertex -1.8272 9.3216 -4.0000
        vertex -1.8656 9.4996 -4.0000
    endloop
endfacet
facet normal 0.0000 0.0000 -0.5728
    outer loop
        vertex -1.8656 9.4996 -4.0000
        vertex -1.4600 9.6200 -4.0000
        vertex -1.4400 9.4000 -4.0000
    endloop
endfacet
facet normal 0.0000 0.0000 -0.4428
    outer loop
        vertex -1.4600 9.6200 -4.0000
        vertex -1.8656 9.4996 -4.0000
        vertex -1.9568 9.6472 -4.0000
    endloop
endfacet
facet normal 0.0000 0.0000 -0.6074
    outer loop
        vertex -1.9568 9.6472 -4.0000
        vertex -1.5400 9.8200 -4.0000
        vertex -1.4600 9.6200 -4.0000
    endloop
endfacet
facet normal 0.0000 0.0000 -0.3880
    outer loop
        vertex -1.5400 9.8200 -4.0000
        vertex -1.9568 9.6472 -4.0000
        vertex -2.0864 9.7424 -4.0000
    endloop
endfacet
facet normal 0.0000 0.0000 -0.8778
    outer loop
        vertex -2.0864 9.7424 -4.0000
        vertex -1.6600 10.0600 -4.0000
        vertex -1.5400 9.8200 -4.0000
    endloop
endfacet
facet normal 0.0000 0.0000 -0.8393
    outer loop
        vertex -1.6600 10.0600 -4.0000
        vertex -2.0864 9.7424 -4.0000
        vertex -2.0608 10.0764 -4.0000
    endloop
endfacet
facet normal 0.0000 0.0000 -0.2827
    outer loop
        vertex -2.0608 10.0764 -4.0000
        vertex -1.9420 10.1844 -4.0000
        vertex -1.6600 10.0600 -4.0000
    endloop
endfacet
facet normal 0.0000 0.0000 -0.2343
    outer loop
        vertex -1.5400 10.1400 -4.0000
        vertex -1.6600 10.0600 -4.0000
        vertex -1.9420 10.1844 -4.0000
    endloop
endfacet
facet normal 0.0000 0.0000 -0.4138
    outer loop
        vertex -1.9420 10.1844 -4.0000
        vertex -1.8668 10.3408 -4.0000
        vertex -1.5400 10.1400 -4.0000
    endloop
endfacet
facet normal 0.0000 0.0000 -0.2387
    outer loop
        vertex -1.4800 10.2200 -4.0000
        vertex -1.5400 10.1400 -4.0000
        vertex -1.8668 10.3408 -4.0000
    endloop
endfacet
facet normal 0.0000 0.0000 -0.6165
    outer loop
        vertex -1.8668 10.3408 -4.0000
        vertex -1.5600 10.5000 -4.0000
        vertex -1.4800 10.2200 -4.0000
    endloop
endfacet
facet normal 0.0000 0.0000 -0.4550
    outer loop
        vertex -1.2200 10.2200 -4.0000
        vertex -1.4800 10.2200 -4.0000
        vertex -1.5600 10.5000 -4.0000
    endloop
endfacet
facet normal 0.0000 0.0000 -2.6875
    outer loop
        vertex -1.5600 10.5000 -4.0000
        vertex 0.0000 10.4800 -4.0000
        vertex -1.2200 10.2200 -4.0000
    endloop
endfacet
facet normal 0.0000 0.0000 -0.5300
    outer loop
        vertex -1.2200 10.2200 -4.0000
        vertex 0.0000 10.4800 -4.0000
        vertex -0.8000 10.2400 -4.0000
    endloop
endfacet
facet normal 0.0000 0.0000 -3.1600
    outer loop
        vertex 1.2400 10.2200 -4.0000
        vertex -0.8000 10.2400 -4.0000
        vertex 0.0000 10.4800 -4.0000
    endloop
endfacet
facet normal 0.0000 0.0000 -4.6800
    outer loop
        vertex 0.0000 10.4800 -4.0000
        vertex 2.8800 10.4800 -4.0000
        vertex 1.2400 10.2200 -4.0000
    endloop
endfacet
facet normal 0.0000 0.0000 -2.3725
    outer loop
        vertex 2.7000 10.2200 -4.0000
        vertex 1.2400 10.2200 -4.0000
        vertex 2.8800 10.4800 -4.0000
    endloop
endfacet
facet normal 0.0000 0.0000 -1.1800
    outer loop
        vertex -1.0200 9.7800 -4.0000
        vertex -1.2200 10.2200 -4.0000
        vertex -0.8000 10.2400 -4.0000
    endloop
endfacet
facet normal 0.0000 0.0000 -1.0400
    outer loop
        vertex -0.8000 10.2400 -4.0000
        vertex -0.6200 9.8600 -4.0000
        vertex -1.0200 9.7800 -4.0000
    endloop
endfacet
facet normal 0.0000 0.0000 -1.7700
    outer loop
        vertex -0.6800 9.1400 -4.0000
        vertex -1.0200 9.7800 -4.0000
        vertex -0.6200 9.8600 -4.0000
    endloop
endfacet
facet normal 0.0000 0.0000 -2.0700
    outer loop
        vertex -0.6200 9.8600 -4.0000
        vertex -0.2200 9.1400 -4.0000
        vertex -0.6800 9.1400 -4.0000
    endloop
endfacet
facet normal 0.0000 0.0000 -1.8975
    outer loop
        vertex -0.2600 8.4800 -4.0000
        vertex -0.6800 9.1400 -4.0000
        vertex -0.2200 9.1400 -4.0000
    endloop
endfacet
facet normal 0.0000 0.0000 -1.5425
    outer loop
        vertex -0.2200 9.1400 -4.0000
        vertex 0.1200 8.5800 -4.0000
        vertex -0.2600 8.4800 -4.0000
    endloop
endfacet
facet normal 0.0000 0.0000 -1.4600
    outer loop
        vertex 0.1000 7.9600 -4.0000
        vertex -0.2600 8.4800 -4.0000
        vertex 0.1200 8.5800 -4.0000
    endloop
endfacet
facet normal 0.0000 0.0000 -1.2950
    outer loop
        vertex 0.1200 8.5800 -4.0000
        vertex 0.4400 8.1400 -4.0000
        vertex 0.1000 7.9600 -4.0000
    endloop
endfacet
facet normal 0.0000 0.0000 -0.3600
    outer loop
        vertex 2.3000 8.9800 -4.0000
        vertex 2.3000 8.8000 -4.0000
        vertex 1.9800 8.8000 -4.0000
    endloop
endfacet
facet normal 0.0000 0.0000 -0.4350
    outer loop
        vertex 1.9800 8.8000 -4.0000
        vertex 2.0200 9.0400 -4.0000
        vertex 2.3000 8.9800 -4.0000
    endloop
endfacet
facet normal 0.0000 0.0000 -0.2600
    outer loop
        vertex 2.3400 9.1200 -4.0000
        vertex 2.3000 8.9800 -4.0000
        vertex 2.0200 9.0400 -4.0000
    endloop
endfacet
facet normal 0.0000 0.0000 -0.5100
    outer loop
        vertex 2.0200 9.0400 -4.0000
        vertex 2.1200 9.3200 -4.0000
        vertex 2.3400 9.1200 -4.0000
    endloop
endfacet
facet normal 0.0000 0.0000 -0.7450
    outer loop
        vertex 2.3400 9.1200 -4.0000
        vertex 2.1200 9.3200 -4.0000
        vertex 2.3200 9.6800 -4.0000
    endloop
endfacet
facet normal 0.0000 0.0000 -0.9700
    outer loop
        vertex 2.3200 9.6800 -4.0000
        vertex 2.6000 9.6000 -4.0000
        vertex 2.3400 9.1200 -4.0000
    endloop
endfacet
facet normal 0.0000 0.0000 -0.6150
    outer loop
        vertex 2.6000 9.6000 -4.0000
        vertex 2.3200 9.6800 -4.0000
        vertex 2.5000 9.9800 -4.0000
    endloop
endfacet
facet normal 0.0000 0.0000 -0.8425
    outer loop
        vertex 2.5000 9.9800 -4.0000
        vertex 2.8600 9.9600 -4.0000
        vertex 2.6000 9.6000 -4.0000
    endloop
endfacet
facet normal 0.0000 0.0000 -0.5650
    outer loop
        vertex 2.8600 9.9600 -4.0000
        vertex 2.5000 9.9800 -4.0000
        vertex 2.7000 10.2200 -4.0000
    endloop
endfacet
facet normal 0.0000 0.0000 -0.5525
    outer loop
        vertex 2.8600 9.9600 -4.0000
        vertex 2.7000 10.2200 -4.0000
        vertex 2.8800 10.4800 -4.0000
    endloop
endfacet
facet normal 0.0000 0.0000 -0.9875
    outer loop
        vertex 2.8800 10.4800 -4.0000
        vertex 3.1800 10.3800 -4.0000
        vertex 2.8600 9.9600 -4.0000
    endloop
endfacet
facet normal 0.0000 0.0000 -0.8875
    outer loop
        vertex 3.1800 10.3800 -4.0000
        vertex 2.8800 10.4800 -4.0000
        vertex 3.2800 10.8200 -4.0000
    endloop
endfacet
facet normal 0.0000 0.0000 -0.5650
    outer loop
        vertex 3.2800 10.8200 -4.0000
        vertex 3.4400 10.6200 -4.0000
        vertex 3.1800 10.3800 -4.0000
    endloop
endfacet
facet normal 0.0000 0.0000 -0.4800
    outer loop
        vertex 3.6800 10.8000 -4.0000
        vertex 3.4400 10.6200 -4.0000
        vertex 3.2800 10.8200 -4.0000
    endloop
endfacet
facet normal 0.0000 0.0000 -0.9075
    outer loop
        vertex 3.2800 10.8200 -4.0000
        vertex 3.7400 11.1600 -4.0000
        vertex 3.6800 10.8000 -4.0000
    endloop
endfacet
facet normal 0.0000 0.0000 -0.4050
    outer loop
        vertex 3.8800 10.9200 -4.0000
        vertex 3.6800 10.8000 -4.0000
        vertex 3.7400 11.1600 -4.0000
    endloop
endfacet
facet normal 0.0000 0.0000 -0.6975
    outer loop
        vertex 3.7400 11.1600 -4.0000
        vertex 4.1000 11.3400 -4.0000
        vertex 3.8800 10.9200 -4.0000
    endloop
endfacet
facet normal 0.0000 0.0000 -1.2300
    outer loop
        vertex 4.3800 10.9800 -4.0000
        vertex 3.8800 10.9200 -4.0000
        vertex 4.1000 11.3400 -4.0000
    endloop
endfacet
facet normal 0.0000 0.0000 -1.0650
    outer loop
        vertex 4.1000 11.3400 -4.0000
        vertex 4.4800 11.4600 -4.0000
        vertex 4.3800 10.9800 -4.0000
    endloop
endfacet
facet normal 0.0000 0.0000 -0.4975
    outer loop
        vertex 4.6000 11.2400 -4.0000
        vertex 4.3800 10.9800 -4.0000
        vertex 4.4800 11.4600 -4.0000
    endloop
endfacet
facet normal 0.0000 0.0000 -0.1875
    outer loop
        vertex 4.4800 11.4600 -4.0000
        vertex 4.6600 11.3800 -4.0000
        vertex 4.6000 11.2400 -4.0000
    endloop
endfacet
facet normal 0.0000 0.0000 -0.0700
    outer loop
        vertex 4.6600 11.3800 -4.0000
        vertex 4.4800 11.4600 -4.0000
        vertex 4.6200 11.4600 -4.0000
    endloop
endfacet
facet normal 0.0000 0.0000 -0.6875
    outer loop
        vertex 3.8800 10.7000 -4.0000
        vertex 3.8800 10.9200 -4.0000
        vertex 4.3800 10.9800 -4.0000
    endloop
endfacet
facet normal 0.0000 0.0000 -0.5525
    outer loop
        vertex 4.3800 10.9800 -4.0000
        vertex 4.1600 10.6800 -4.0000
        vertex 3.8800 10.7000 -4.0000
    endloop
endfacet
facet normal 0.0000 0.0000 -0.3900
    outer loop
        vertex 4.0600 10.4800 -4.0000
        vertex 3.7600 10.5000 -4.0000
        vertex 3.8800 10.7000 -4.0000
    endloop
endfacet
facet normal 0.0000 0.0000 -0.3625
    outer loop
        vertex 3.8800 10.7000 -4.0000
        vertex 4.1600 10.6800 -4.0000
        vertex 4.0600 10.4800 -4.0000
    endloop
endfacet
facet normal 0.0000 0.0000 -0.0300
    outer loop
        vertex 3.9600 9.4000 -4.0000
        vertex 3.9000 9.3800 -4.0000
        vertex 3.8400 9.4400 -4.0000
    endloop
endfacet
facet normal 0.0000 0.0000 -0.1000
    outer loop
        vertex 3.8400 9.4400 -4.0000
        vertex 3.8200 9.5800 -4.0000
        vertex 3.9600 9.4000 -4.0000
    endloop
endfacet
facet normal 0.0000 0.0000 -0.2350
    outer loop
        vertex 4.0600 9.5400 -4.0000
        vertex 3.9600 9.4000 -4.0000
        vertex 3.8200 9.5800 -4.0000
    endloop
endfacet
facet normal 0.0000 0.0000 -0.4950
    outer loop
        vertex 3.8200 9.5800 -4.0000
        vertex 3.8800 9.9000 -4.0000
        vertex 4.0600 9.5400 -4.0000
    endloop
endfacet
facet normal 0.0000 0.0000 -0.7425
    outer loop
        vertex 4.2200 9.8800 -4.0000
        vertex 4.0600 9.5400 -4.0000
        vertex 3.8800 9.9000 -4.0000
    endloop
endfacet
facet normal 0.0000 0.0000 -0.5250
    outer loop
        vertex 3.8800 9.9000 -4.0000
        vertex 4.0000 10.1400 -4.0000
        vertex 4.2200 9.8800 -4.0000
    endloop
endfacet
facet normal 0.0000 0.0000 -0.2125
    outer loop
        vertex 4.2200 9.8800 -4.0000
        vertex 4.0000 10.1400 -4.0000
        vertex 4.0800 10.2000 -4.0000
    endloop
endfacet
facet normal 0.0000 0.0000 -0.2775
    outer loop
        vertex 4.0800 10.2000 -4.0000
        vertex 4.2800 10.0600 -4.0000
        vertex 4.2200 9.8800 -4.0000
    endloop
endfacet
facet normal 0.0000 0.0000 -0.1000
    outer loop
        vertex 4.2800 10.1400 -4.0000
        vertex 4.2800 10.0600 -4.0000
        vertex 4.0800 10.2000 -4.0000
    endloop
endfacet
facet normal 0.0000 0.0000 -0.0450
    outer loop
        vertex 4.0800 10.2000 -4.0000
        vertex 4.2000 10.2000 -4.0000
        vertex 4.2800 10.1400 -4.0000
    endloop
endfacet
facet normal 0.0000 0.0000 -0.2900
    outer loop
        vertex 3.0600 8.3000 -4.0000
        vertex 2.8400 8.4800 -4.0000
        vertex 3.0000 8.5600 -4.0000
    endloop
endfacet
facet normal 0.0000 0.0000 -0.2325
    outer loop
        vertex 3.0000 8.5600 -4.0000
        vertex 3.1800 8.4000 -4.0000
        vertex 3.0600 8.3000 -4.0000
    endloop
endfacet
facet normal 0.0000 0.0000 -0.1875
    outer loop
        vertex 3.3000 8.4600 -4.0000
        vertex 3.1800 8.4000 -4.0000
        vertex 3.0000 8.5600 -4.0000
    endloop
endfacet
facet normal 0.0000 0.0000 -0.3125
    outer loop
        vertex 3.0000 8.5600 -4.0000
        vertex 3.1400 8.6800 -4.0000
        vertex 3.3000 8.4600 -4.0000
    endloop
endfacet
facet normal 0.0000 0.0000 -0.1975
    outer loop
        vertex 3.4000 8.5200 -4.0000
        vertex 3.3000 8.4600 -4.0000
        vertex 3.1400 8.6800 -4.0000
    endloop
endfacet
facet normal 0.0000 0.0000 -0.3075
    outer loop
        vertex 3.1400 8.6800 -4.0000
        vertex 3.4800 8.6600 -4.0000
        vertex 3.4000 8.5200 -4.0000
    endloop
endfacet
facet normal 0.0000 0.0000 -0.3500
    outer loop
        vertex 3.4800 8.6600 -4.0000
        vertex 3.1400 8.6800 -4.0000
        vertex 3.2200 8.8400 -4.0000
    endloop
endfacet
facet normal 0.0000 0.0000 -0.2200
    outer loop
        vertex 3.2200 8.8400 -4.0000
        vertex 3.5600 8.7400 -4.0000
        vertex 3.4800 8.6600 -4.0000
    endloop
endfacet
facet normal 0.0000 0.0000 -0.6325
    outer loop
        vertex 3.5600 8.7400 -4.0000
        vertex 3.2200 8.8400 -4.0000
        vertex 3.2800 9.1200 -4.0000
    endloop
endfacet
facet normal 0.0000 0.0000 -0.5200
    outer loop
        vertex 3.2800 9.1200 -4.0000
        vertex 3.7200 8.8200 -4.0000
        vertex 3.5600 8.7400 -4.0000
    endloop
endfacet
facet normal 0.0000 0.0000 -1.8775
    outer loop
        vertex 3.9000 9.3800 -4.0000
        vertex 3.7200 8.8200 -4.0000
        vertex 3.2800 9.1200 -4.0000
    endloop
endfacet
facet normal 0.0000 0.0000 -0.3300
    outer loop
        vertex 3.2800 9.1200 -4.0000
        vertex 3.8400 9.4400 -4.0000
        vertex 3.9000 9.3800 -4.0000
    endloop
endfacet
facet normal 0.0000 0.0000 -1.4700
    outer loop
        vertex 3.8400 9.4400 -4.0000
        vertex 3.2800 9.1200 -4.0000
        vertex 3.4200 9.6200 -4.0000
    endloop
endfacet
facet normal 0.0000 0.0000 -0.3450
    outer loop
        vertex 3.4200 9.6200 -4.0000
        vertex 3.8200 9.5800 -4.0000
        vertex 3.8400 9.4400 -4.0000
    endloop
endfacet
facet normal 0.0000 0.0000 -0.8150
    outer loop
        vertex 3.8800 9.9000 -4.0000
        vertex 3.8200 9.5800 -4.0000
        vertex 3.4200 9.6200 -4.0000
    endloop
endfacet
facet normal 0.0000 0.0000 -1.3175
    outer loop
        vertex 3.4200 9.6200 -4.0000
        vertex 3.6200 10.2000 -4.0000
        vertex 3.8800 9.9000 -4.0000
    endloop
endfacet
facet normal 0.0000 0.0000 -0.6150
    outer loop
        vertex 4.0000 10.1400 -4.0000
        vertex 3.8800 9.9000 -4.0000
        vertex 3.6200 10.2000 -4.0000
    endloop
endfacet
facet normal 0.0000 0.0000 -0.7650
    outer loop
        vertex 3.6200 10.2000 -4.0000
        vertex 3.7600 10.5000 -4.0000
        vertex 4.0000 10.1400 -4.0000
    endloop
endfacet
facet normal 0.0000 0.0000 -0.2700
    outer loop
        vertex 4.0800 10.2000 -4.0000
        vertex 4.0000 10.1400 -4.0000
        vertex 3.7600 10.5000 -4.0000
    endloop
endfacet
facet normal 0.0000 0.0000 -0.5225
    outer loop
        vertex 3.7600 10.5000 -4.0000
        vertex 4.0600 10.4800 -4.0000
        vertex 4.0800 10.2000 -4.0000
    endloop
endfacet
facet normal 0.0000 0.0000 -0.2100
    outer loop
        vertex 4.2000 10.2000 -4.0000
        vertex 4.0800 10.2000 -4.0000
        vertex 4.0600 10.4800 -4.0000
    endloop
endfacet
facet normal 0.0000 0.0000 -0.8050
    outer loop
        vertex 4.0600 10.4800 -4.0000
        vertex 4.5200 10.4800 -4.0000
        vertex 4.2000 10.2000 -4.0000
    endloop
endfacet
facet normal 0.0000 0.0000 -0.2600
    outer loop
        vertex 4.2800 10.1400 -4.0000
        vertex 4.2000 10.2000 -4.0000
        vertex 4.5200 10.4800 -4.0000
    endloop
endfacet
facet normal 0.0000 0.0000 -0.7600
    outer loop
        vertex 4.5200 10.4800 -4.0000
        vertex 4.6800 10.2000 -4.0000
        vertex 4.2800 10.1400 -4.0000
    endloop
endfacet
facet normal 0.0000 0.0000 -0.2000
    outer loop
        vertex 4.2800 10.0600 -4.0000
        vertex 4.2800 10.1400 -4.0000
        vertex 4.6800 10.2000 -4.0000
    endloop
endfacet
facet normal 0.0000 0.0000 -0.9725
    outer loop
        vertex 4.6800 10.2000 -4.0000
        vertex 4.4200 9.7200 -4.0000
        vertex 4.2800 10.0600 -4.0000
    endloop
endfacet
facet normal 0.0000 0.0000 -0.2850
    outer loop
        vertex 4.2200 9.8800 -4.0000
        vertex 4.2800 10.0600 -4.0000
        vertex 4.4200 9.7200 -4.0000
    endloop
endfacet
facet normal 0.0000 0.0000 -0.2150
    outer loop
        vertex 4.4200 9.7200 -4.0000
        vertex 4.3800 9.5800 -4.0000
        vertex 4.2200 9.8800 -4.0000
    endloop
endfacet
facet normal 0.0000 0.0000 -0.6400
    outer loop
        vertex 4.0600 9.5400 -4.0000
        vertex 4.2200 9.8800 -4.0000
        vertex 4.3800 9.5800 -4.0000
    endloop
endfacet
facet normal 0.0000 0.0000 -0.3600
    outer loop
        vertex 4.3800 9.5800 -4.0000
        vertex 4.3800 9.4000 -4.0000
        vertex 4.0600 9.5400 -4.0000
    endloop
endfacet
facet normal 0.0000 0.0000 -0.3675
    outer loop
        vertex 3.9600 9.4000 -4.0000
        vertex 4.0600 9.5400 -4.0000
        vertex 4.3800 9.4000 -4.0000
    endloop
endfacet
facet normal 0.0000 0.0000 -0.3675
    outer loop
        vertex 4.3800 9.4000 -4.0000
        vertex 4.4400 9.2600 -4.0000
        vertex 3.9600 9.4000 -4.0000
    endloop
endfacet
facet normal 0.0000 0.0000 -1.6625
    outer loop
        vertex 3.9600 9.4000 -4.0000
        vertex 4.4400 9.2600 -4.0000
        vertex 3.9800 8.8400 -4.0000
    endloop
endfacet
facet normal 0.0000 0.0000 -0.2125
    outer loop
        vertex 3.9800 8.8400 -4.0000
        vertex 3.9000 9.3800 -4.0000
        vertex 3.9600 9.4000 -4.0000
    endloop
endfacet
facet normal 0.0000 0.0000 -0.8875
    outer loop
        vertex 3.7200 8.8200 -4.0000
        vertex 3.9000 9.3800 -4.0000
        vertex 3.9800 8.8400 -4.0000
    endloop
endfacet
facet normal 0.0000 0.0000 -0.1275
    outer loop
        vertex 4.4000 8.9000 -4.0000
        vertex 4.0400 8.8000 -4.0000
        vertex 3.9800 8.8400 -4.0000
    endloop
endfacet
facet normal 0.0000 0.0000 -0.9300
    outer loop
        vertex 3.9800 8.8400 -4.0000
        vertex 4.4400 9.2600 -4.0000
        vertex 4.4000 8.9000 -4.0000
    endloop
endfacet
facet normal 0.0000 0.0000 -0.3050
    outer loop
        vertex 4.4000 8.9000 -4.0000
        vertex 4.4400 9.2600 -4.0000
        vertex 4.5600 9.1200 -4.0000
    endloop
endfacet
facet normal 0.0000 0.0000 -0.3350
    outer loop
        vertex 4.4000 8.9000 -4.0000
        vertex 4.5600 9.1200 -4.0000
        vertex 4.7600 9.0600 -4.0000
    endloop
endfacet
facet normal 0.0000 0.0000 -0.7600
    outer loop
        vertex 4.7600 9.0600 -4.0000
        vertex 4.8000 8.7400 -4.0000
        vertex 4.4000 8.9000 -4.0000
    endloop
endfacet
facet normal 0.0000 0.0000 -0.5750
    outer loop
        vertex 5.0800 8.8000 -4.0000
        vertex 4.8000 8.7400 -4.0000
        vertex 4.7600 9.0600 -4.0000
    endloop
endfacet
facet normal 0.0000 0.0000 -0.3000
    outer loop
        vertex 4.7600 9.0600 -4.0000
        vertex 4.9200 9.0800 -4.0000
        vertex 5.0800 8.8000 -4.0000
    endloop
endfacet
facet normal 0.0000 0.0000 -0.3500
    outer loop
        vertex 5.2000 8.9400 -4.0000
        vertex 5.0800 8.8000 -4.0000
        vertex 4.9200 9.0800 -4.0000
    endloop
endfacet
facet normal 0.0000 0.0000 -0.2800
    outer loop
        vertex 4.9200 9.0800 -4.0000
        vertex 5.0800 9.1600 -4.0000
        vertex 5.2000 8.9400 -4.0000
    endloop
endfacet
facet normal 0.0000 0.0000 -0.1800
    outer loop
        vertex 4.0400 8.7200 -4.0000
        vertex 4.0400 8.8000 -4.0000
        vertex 4.4000 8.9000 -4.0000
    endloop
endfacet
facet normal 0.0000 0.0000 -2.1000
    outer loop
        vertex 3.9000 7.5000 -4.0000
        vertex 3.6200 7.4600 -4.0000
        vertex 4.0400 8.7200 -4.0000
    endloop
endfacet
facet normal 0.0000 0.0000 -2.5875
    outer loop
        vertex 4.0400 8.7200 -4.0000
        vertex 4.4000 8.9000 -4.0000
        vertex 3.9000 7.5000 -4.0000
    endloop
endfacet
facet normal 0.0000 0.0000 -2.8825
    outer loop
        vertex 4.7200 7.6000 -4.0000
        vertex 4.3000 7.3800 -4.0000
        vertex 4.8000 8.7400 -4.0000
    endloop
endfacet
facet normal 0.0000 0.0000 -1.9650
    outer loop
        vertex 4.8000 8.7400 -4.0000
        vertex 5.0800 8.8000 -4.0000
        vertex 4.7200 7.6000 -4.0000
    endloop
endfacet
facet normal 0.0000 0.0000 -0.4975
    outer loop
        vertex 4.5200 10.4800 -4.0000
        vertex 4.6800 10.7000 -4.0000
        vertex 4.9400 10.5600 -4.0000
    endloop
endfacet
facet normal 0.0000 0.0000 -0.8150
    outer loop
        vertex 4.9400 10.5600 -4.0000
        vertex 4.6800 10.2000 -4.0000
        vertex 4.5200 10.4800 -4.0000
    endloop
endfacet
facet normal 0.0000 0.0000 -0.5150
    outer loop
        vertex 4.9400 10.5600 -4.0000
        vertex 4.6800 10.7000 -4.0000
        vertex 4.8600 10.9200 -4.0000
    endloop
endfacet
facet normal 0.0000 0.0000 -0.9300
    outer loop
        vertex 4.8600 10.9200 -4.0000
        vertex 5.2600 10.9800 -4.0000
        vertex 4.9400 10.5600 -4.0000
    endloop
endfacet
facet normal 0.0000 0.0000 -0.6525
    outer loop
        vertex 5.2600 10.9800 -4.0000
        vertex 4.8600 10.9200 -4.0000
        vertex 5.1200 11.2200 -4.0000
    endloop
endfacet
facet normal 0.0000 0.0000 -0.6000
    outer loop
        vertex 5.1200 11.2200 -4.0000
        vertex 5.5200 11.2200 -4.0000
        vertex 5.2600 10.9800 -4.0000
    endloop
endfacet
facet normal 0.0000 0.0000 -0.8500
    outer loop
        vertex 5.5200 11.2200 -4.0000
        vertex 5.1200 11.2200 -4.0000
        vertex 5.5000 11.5600 -4.0000
    endloop
endfacet
facet normal 0.0000 0.0000 -0.5325
    outer loop
        vertex 5.5000 11.5600 -4.0000
        vertex 5.7600 11.4000 -4.0000
        vertex 5.5200 11.2200 -4.0000
    endloop
endfacet
facet normal 0.0000 0.0000 -0.6375
    outer loop
        vertex 5.7600 11.4000 -4.0000
        vertex 5.5000 11.5600 -4.0000
        vertex 5.7800 11.7800 -4.0000
    endloop
endfacet
facet normal 0.0000 0.0000 -0.4150
    outer loop
        vertex 5.7800 11.7800 -4.0000
        vertex 5.9400 11.5000 -4.0000
        vertex 5.7600 11.4000 -4.0000
    endloop
endfacet
facet normal 0.0000 0.0000 -0.3825
    outer loop
        vertex 6.2600 11.3600 -4.0000
        vertex 5.9600 11.3000 -4.0000
        vertex 5.9400 11.5000 -4.0000
    endloop
endfacet
facet normal 0.0000 0.0000 -0.7525
    outer loop
        vertex 5.9400 11.5000 -4.0000
        vertex 6.4800 11.6400 -4.0000
        vertex 6.2600 11.3600 -4.0000
    endloop
endfacet
facet normal 0.0000 0.0000 -1.0850
    outer loop
        vertex 6.4800 11.6400 -4.0000
        vertex 5.9400 11.5000 -4.0000
        vertex 5.7800 11.7800 -4.0000
    endloop
endfacet
facet normal 0.0000 0.0000 -0.3500
    outer loop
        vertex 5.7800 11.7800 -4.0000
        vertex 6.5800 11.7000 -4.0000
        vertex 6.4800 11.6400 -4.0000
    endloop
endfacet
facet normal 0.0000 0.0000 -0.1275
    outer loop
        vertex 5.8600 10.5800 -4.0000
        vertex 5.8400 10.4800 -4.0000
        vertex 5.7000 10.8000 -4.0000
    endloop
endfacet
facet normal 0.0000 0.0000 -0.4925
    outer loop
        vertex 5.7000 10.8000 -4.0000
        vertex 5.8400 11.1000 -4.0000
        vertex 5.8600 10.5800 -4.0000
    endloop
endfacet
facet normal 0.0000 0.0000 -1.3975
    outer loop
        vertex 6.2600 11.3600 -4.0000
        vertex 5.8600 10.5800 -4.0000
        vertex 5.8400 11.1000 -4.0000
    endloop
endfacet
facet normal 0.0000 0.0000 -0.3300
    outer loop
        vertex 5.8400 11.1000 -4.0000
        vertex 5.9600 11.3000 -4.0000
        vertex 6.2600 11.3600 -4.0000
    endloop
endfacet
facet normal 0.0000 0.0000 -0.3225
    outer loop
        vertex 5.3800 9.0400 -4.0000
        vertex 5.2000 8.9400 -4.0000
        vertex 5.0800 9.1600 -4.0000
    endloop
endfacet
facet normal 0.0000 0.0000 -0.3300
    outer loop
        vertex 5.0800 9.1600 -4.0000
        vertex 5.2200 9.2800 -4.0000
        vertex 5.3800 9.0400 -4.0000
    endloop
endfacet
facet normal 0.0000 0.0000 -0.4400
    outer loop
        vertex 5.6200 9.1200 -4.0000
        vertex 5.3800 9.0400 -4.0000
        vertex 5.2200 9.2800 -4.0000
    endloop
endfacet
facet normal 0.0000 0.0000 -0.4800
    outer loop
        vertex 5.2200 9.2800 -4.0000
        vertex 5.3000 9.4400 -4.0000
        vertex 5.6200 9.1200 -4.0000
    endloop
endfacet
facet normal 0.0000 0.0000 -0.9200
    outer loop
        vertex 6.0000 9.2000 -4.0000
        vertex 5.6200 9.1200 -4.0000
        vertex 5.3000 9.4400 -4.0000
    endloop
endfacet
facet normal 0.0000 0.0000 -2.2400
    outer loop
        vertex 5.3000 9.4400 -4.0000
        vertex 5.8600 9.7600 -4.0000
        vertex 6.0000 9.2000 -4.0000
    endloop
endfacet
facet normal 0.0000 0.0000 -0.6650
    outer loop
        vertex 6.0000 9.2000 -4.0000
        vertex 5.8600 9.7600 -4.0000
        vertex 6.0600 9.7200 -4.0000
    endloop
endfacet
facet normal 0.0000 0.0000 -0.3700
    outer loop
        vertex 5.7800 9.8200 -4.0000
        vertex 5.8600 9.7600 -4.0000
        vertex 5.3000 9.4400 -4.0000
    endloop
endfacet
facet normal 0.0000 0.0000 -0.6975
    outer loop
        vertex 5.3000 9.4400 -4.0000
        vertex 5.3600 9.7200 -4.0000
        vertex 5.7800 9.8200 -4.0000
    endloop
endfacet
facet normal 0.0000 0.0000 -0.2750
    outer loop
        vertex 5.7600 9.9200 -4.0000
        vertex 5.7800 9.8200 -4.0000
        vertex 5.3600 9.7200 -4.0000
    endloop
endfacet
facet normal 0.0000 0.0000 -1.0750
    outer loop
        vertex 5.3600 9.7200 -4.0000
        vertex 5.5000 10.2200 -4.0000
        vertex 5.7600 9.9200 -4.0000
    endloop
endfacet
facet normal 0.0000 0.0000 -0.2375
    outer loop
        vertex 5.8000 10.0200 -4.0000
        vertex 5.7600 9.9200 -4.0000
        vertex 5.5000 10.2200 -4.0000
    endloop
endfacet
facet normal 0.0000 0.0000 -0.8125
    outer loop
        vertex 5.5000 10.2200 -4.0000
        vertex 5.8800 10.4000 -4.0000
        vertex 5.8000 10.0200 -4.0000
    endloop
endfacet
facet normal 0.0000 0.0000 -0.2450
    outer loop
        vertex 5.9200 10.1000 -4.0000
        vertex 5.8000 10.0200 -4.0000
        vertex 5.8800 10.4000 -4.0000
    endloop
endfacet
facet normal 0.0000 0.0000 -0.1775
    outer loop
        vertex 5.8800 10.4000 -4.0000
        vertex 5.9800 10.3600 -4.0000
        vertex 5.9200 10.1000 -4.0000
    endloop
endfacet
facet normal 0.0000 0.0000 -0.2350
    outer loop
        vertex 5.5000 10.2200 -4.0000
        vertex 5.8400 10.4800 -4.0000
        vertex 5.8800 10.4000 -4.0000
    endloop
endfacet
facet normal 0.0000 0.0000 -0.9075
    outer loop
        vertex 5.5000 10.2200 -4.0000
        vertex 5.7000 10.8000 -4.0000
        vertex 5.8400 10.4800 -4.0000
    endloop
endfacet
facet normal 0.0000 0.0000 -0.2200
    outer loop
        vertex 5.9200 10.1000 -4.0000
        vertex 5.9800 10.3600 -4.0000
        vertex 6.0600 10.1200 -4.0000
    endloop
endfacet
facet normal 0.0000 0.0000 -1.7375
    outer loop
        vertex -3.9800 11.1600 -4.0000
        vertex -4.0200 11.8200 -4.0000
        vertex -3.6000 11.8400 -4.0000
    endloop
endfacet
facet normal 0.0000 0.0000 -1.6525
    outer loop
        vertex -3.6000 11.8400 -4.0000
        vertex -3.5800 11.1800 -4.0000
        vertex -3.9800 11.1600 -4.0000
    endloop
endfacet
facet normal 0.0000 0.0000 -6.0000
    outer loop
        vertex -5.2000 11.7600 -4.0000
        vertex -7.2000 11.6000 -4.0000
        vertex -7.2000 12.0800 -4.0000
    endloop
endfacet
facet normal 0.0000 0.0000 -6.6800
    outer loop
        vertex -7.2000 12.0800 -4.0000
        vertex -4.8600 12.2400 -4.0000
        vertex -5.2000 11.7600 -4.0000
    endloop
endfacet
facet normal 0.0000 0.0000 -3.4125
    outer loop
        vertex -4.0200 11.8200 -4.0000
        vertex -5.2000 11.7600 -4.0000
        vertex -4.8600 12.2400 -4.0000
    endloop
endfacet
facet normal 0.0000 0.0000 -3.5700
    outer loop
        vertex -4.8600 12.2400 -4.0000
        vertex -3.5800 12.2800 -4.0000
        vertex -4.0200 11.8200 -4.0000
    endloop
endfacet
facet normal 0.0000 0.0000 -1.1525
    outer loop
        vertex -3.6000 11.8400 -4.0000
        vertex -4.0200 11.8200 -4.0000
        vertex -3.5800 12.2800 -4.0000
    endloop
endfacet
facet normal 0.0000 0.0000 -5.2200
    outer loop
        vertex -3.5800 12.2800 -4.0000
        vertex -1.6800 12.3200 -4.0000
        vertex -3.6000 11.8400 -4.0000
    endloop
endfacet
facet normal 0.0000 0.0000 -5.9400
    outer loop
        vertex -1.4600 11.8800 -4.0000
        vertex -3.6000 11.8400 -4.0000
        vertex -1.6800 12.3200 -4.0000
    endloop
endfacet
facet normal 0.0000 0.0000 -5.4450
    outer loop
        vertex -1.6800 12.3200 -4.0000
        vertex 0.2800 12.3600 -4.0000
        vertex -1.4600 11.8800 -4.0000
    endloop
endfacet
facet normal 0.0000 0.0000 -4.1625
    outer loop
        vertex -1.4600 11.8800 -4.0000
        vertex 0.2800 12.3600 -4.0000
        vertex 0.0000 11.9000 -4.0000
    endloop
endfacet
facet normal 0.0000 0.0000 -11.5700
    outer loop
        vertex 4.0000 11.8600 -4.0000
        vertex 0.0000 11.9000 -4.0000
        vertex 0.2800 12.3600 -4.0000
    endloop
endfacet
facet normal 0.0000 0.0000 -10.6050
    outer loop
        vertex 0.2800 12.3600 -4.0000
        vertex 4.1200 12.3000 -4.0000
        vertex 4.0000 11.8600 -4.0000
    endloop
endfacet
facet normal 0.0000 0.0000 -2.4500
    outer loop
        vertex 4.8800 11.8200 -4.0000
        vertex 4.0000 11.8600 -4.0000
        vertex 4.1200 12.3000 -4.0000
    endloop
endfacet
facet normal 0.0000 0.0000 -3.3150
    outer loop
        vertex 4.1200 12.3000 -4.0000
        vertex 5.3200 12.2400 -4.0000
        vertex 4.8800 11.8200 -4.0000
    endloop
endfacet
facet normal 0.0000 0.0000 -2.4725
    outer loop
        vertex 5.7800 11.7800 -4.0000
        vertex 4.8800 11.8200 -4.0000
        vertex 5.3200 12.2400 -4.0000
    endloop
endfacet
facet normal 0.0000 0.0000 -2.5300
    outer loop
        vertex 5.3200 12.2400 -4.0000
        vertex 6.2600 12.1800 -4.0000
        vertex 5.7800 11.7800 -4.0000
    endloop
endfacet
facet normal 0.0000 0.0000 -2.2400
    outer loop
        vertex 6.5800 11.7000 -4.0000
        vertex 5.7800 11.7800 -4.0000
        vertex 6.2600 12.1800 -4.0000
    endloop
endfacet
facet normal 0.0000 0.0000 -0.3400
    outer loop
        vertex 6.2600 12.1800 -4.0000
        vertex 6.6800 11.7200 -4.0000
        vertex 6.5800 11.7000 -4.0000
    endloop
endfacet
facet normal 0.0000 0.0000 -2.4925
    outer loop
        vertex 6.6800 11.7200 -4.0000
        vertex 6.2600 12.1800 -4.0000
        vertex 7.2000 12.1000 -4.0000
    endloop
endfacet
facet normal 0.0000 0.0000 -1.4300
    outer loop
        vertex 7.2000 12.1000 -4.0000
        vertex 7.2000 11.6600 -4.0000
        vertex 6.6800 11.7200 -4.0000
    endloop
endfacet
facet normal 0.0000 0.0000 -2.8525
    outer loop
        vertex -5.0800 10.1000 -4.0000
        vertex -6.6600 9.9600 -4.0000
        vertex -6.7600 10.2400 -4.0000
    endloop
endfacet
facet normal 0.0000 0.0000 -2.7650
    outer loop
        vertex -6.7600 10.2400 -4.0000
        vertex -5.0400 10.3600 -4.0000
        vertex -5.0800 10.1000 -4.0000
    endloop
endfacet
facet normal 0.0000 0.0000 -0.2050
    outer loop
        vertex -4.9600 10.0600 -4.0000
        vertex -5.0800 10.1000 -4.0000
        vertex -5.0400 10.3600 -4.0000
    endloop
endfacet
facet normal 0.0000 0.0000 -0.5914
    outer loop
        vertex -5.0400 10.3600 -4.0000
        vertex -4.6732 10.1672 -4.0000
        vertex -4.9600 10.0600 -4.0000
    endloop
endfacet
facet normal 0.0000 0.0000 -0.3281
    outer loop
        vertex -4.7076 10.3284 -4.0000
        vertex -4.6732 10.1672 -4.0000
        vertex -5.0400 10.3600 -4.0000
    endloop
endfacet
facet normal 0.0000 0.0000 -0.5520
    outer loop
        vertex -5.0400 10.3600 -4.0000
        vertex -4.9800 10.6200 -4.0000
        vertex -4.7076 10.3284 -4.0000
    endloop
endfacet
facet normal 0.0000 0.0000 -0.4232
    outer loop
        vertex -4.6992 10.5680 -4.0000
        vertex -4.7076 10.3284 -4.0000
        vertex -4.9800 10.6200 -4.0000
    endloop
endfacet
facet normal 0.0000 0.0000 -0.4186
    outer loop
        vertex -4.9800 10.6200 -4.0000
        vertex -4.8800 10.8400 -4.0000
        vertex -4.6992 10.5680 -4.0000
    endloop
endfacet
facet normal 0.0000 0.0000 -0.2901
    outer loop
        vertex -4.6336 10.7260 -4.0000
        vertex -4.6992 10.5680 -4.0000
        vertex -4.8800 10.8400 -4.0000
    endloop
endfacet
facet normal 0.0000 0.0000 -0.4362
    outer loop
        vertex -4.8800 10.8400 -4.0000
        vertex -4.7000 11.0400 -4.0000
        vertex -4.6336 10.7260 -4.0000
    endloop
endfacet
facet normal 0.0000 0.0000 -0.2822
    outer loop
        vertex -4.5100 10.8216 -4.0000
        vertex -4.6336 10.7260 -4.0000
        vertex -4.7000 11.0400 -4.0000
    endloop
endfacet
facet normal 0.0000 0.0000 -0.5010
    outer loop
        vertex -4.7000 11.0400 -4.0000
        vertex -4.4200 11.1400 -4.0000
        vertex -4.5100 10.8216 -4.0000
    endloop
endfacet
facet normal 0.0000 0.0000 -0.2515
    outer loop
        vertex -4.3680 10.8768 -4.0000
        vertex -4.5100 10.8216 -4.0000
        vertex -4.4200 11.1400 -4.0000
    endloop
endfacet
facet normal 0.0000 0.0000 -0.7303
    outer loop
        vertex -4.4200 11.1400 -4.0000
        vertex -3.9800 11.1600 -4.0000
        vertex -4.3680 10.8768 -4.0000
    endloop
endfacet
facet normal 0.0000 0.0000 -1.0542
    outer loop
        vertex -3.7472 10.8952 -4.0000
        vertex -4.3680 10.8768 -4.0000
        vertex -3.9800 11.1600 -4.0000
    endloop
endfacet
facet normal 0.0000 0.0000 -0.6911
    outer loop
        vertex -3.9800 11.1600 -4.0000
        vertex -3.5800 11.1800 -4.0000
        vertex -3.7472 10.8952 -4.0000
    endloop
endfacet
facet normal 0.0000 0.0000 -0.8323
    outer loop
        vertex -3.7472 10.8952 -4.0000
        vertex -3.5800 11.1800 -4.0000
        vertex -3.2660 10.9184 -4.0000
    endloop
endfacet
facet normal 0.0000 0.0000 -0.4469
    outer loop
        vertex -3.2660 10.9184 -4.0000
        vertex -3.5800 11.1800 -4.0000
        vertex -3.0056 10.9292 -4.0000
    endloop
endfacet
facet normal 0.0000 0.0000 -0.4775
    outer loop
        vertex -2.7248 10.9396 -4.0000
        vertex -3.0056 10.9292 -4.0000
        vertex -3.5800 11.1800 -4.0000
    endloop
endfacet
facet normal 0.0000 0.0000 -2.4543
    outer loop
        vertex -3.5800 11.1800 -4.0000
        vertex -2.1600 11.2400 -4.0000
        vertex -2.7248 10.9396 -4.0000
    endloop
endfacet
facet normal 0.0000 0.0000 -0.6557
    outer loop
        vertex -2.3996 10.9268 -4.0000
        vertex -2.7248 10.9396 -4.0000
        vertex -2.1600 11.2400 -4.0000
    endloop
endfacet
facet normal 0.0000 0.0000 -0.2182
    outer loop
        vertex -2.1600 11.2400 -4.0000
        vertex -2.2548 10.9704 -4.0000
        vertex -2.3996 10.9268 -4.0000
    endloop
endfacet
facet normal 0.0000 0.0000 -0.2666
    outer loop
        vertex -2.1064 10.9424 -4.0000
        vertex -2.2548 10.9704 -4.0000
        vertex -2.1600 11.2400 -4.0000
    endloop
endfacet
facet normal 0.0000 0.0000 -0.3958
    outer loop
        vertex -2.1600 11.2400 -4.0000
        vertex -1.9400 11.2000 -4.0000
        vertex -2.1064 10.9424 -4.0000
    endloop
endfacet
facet normal 0.0000 0.0000 -0.3938
    outer loop
        vertex -2.1064 10.9424 -4.0000
        vertex -1.9400 11.2000 -4.0000
        vertex -1.7600 11.1000 -4.0000
    endloop
endfacet
facet normal 0.0000 0.0000 -0.3338
    outer loop
        vertex -1.7600 11.1000 -4.0000
        vertex -1.9768 10.8472 -4.0000
        vertex -2.1064 10.9424 -4.0000
    endloop
endfacet
facet normal 0.0000 0.0000 -0.4335
    outer loop
        vertex -1.9768 10.8472 -4.0000
        vertex -1.7600 11.1000 -4.0000
        vertex -1.6400 10.9200 -4.0000
    endloop
endfacet
facet normal 0.0000 0.0000 -0.3522
    outer loop
        vertex -1.6400 10.9200 -4.0000
        vertex -1.8856 10.6996 -4.0000
        vertex -1.9768 10.8472 -4.0000
    endloop
endfacet
facet normal 0.0000 0.0000 -0.3897
    outer loop
        vertex -1.8856 10.6996 -4.0000
        vertex -1.6400 10.9200 -4.0000
        vertex -1.5800 10.7200 -4.0000
    endloop
endfacet
facet normal 0.0000 0.0000 -0.3449
    outer loop
        vertex -1.5800 10.7200 -4.0000
        vertex -1.8472 10.5216 -4.0000
        vertex -1.8856 10.6996 -4.0000
    endloop
endfacet
facet normal 0.0000 0.0000 -0.3922
    outer loop
        vertex -1.8472 10.5216 -4.0000
        vertex -1.5800 10.7200 -4.0000
        vertex -1.5600 10.5000 -4.0000
    endloop
endfacet
facet normal 0.0000 0.0000 -0.3272
    outer loop
        vertex -1.5600 10.5000 -4.0000
        vertex -1.8668 10.3408 -4.0000
        vertex -1.8472 10.5216 -4.0000
    endloop
endfacet
facet normal 0.0000 0.0000 -0.1100
    outer loop
        vertex -4.5800 7.4200 -4.0000
        vertex -4.5000 7.4400 -4.0000
        vertex -4.3400 7.2600 -4.0000
    endloop
endfacet
facet normal 0.0000 0.0000 -0.4100
    outer loop
        vertex -4.3400 7.2600 -4.0000
        vertex -4.3600 7.0000 -4.0000
        vertex -4.5800 7.4200 -4.0000
    endloop
endfacet
facet normal 0.0000 0.0000 -0.5025
    outer loop
        vertex -4.5800 7.4200 -4.0000
        vertex -4.3600 7.0000 -4.0000
        vertex -4.5200 6.9400 -4.0000
    endloop
endfacet
facet normal 0.0000 0.0000 -0.8850
    outer loop
        vertex -4.5200 6.9400 -4.0000
        vertex -4.8600 7.3000 -4.0000
        vertex -4.5800 7.4200 -4.0000
    endloop
endfacet
facet normal 0.0000 0.0000 -0.3050
    outer loop
        vertex -4.6600 7.5600 -4.0000
        vertex -4.5800 7.4200 -4.0000
        vertex -4.8600 7.3000 -4.0000
    endloop
endfacet
facet normal 0.0000 0.0000 -0.4050
    outer loop
        vertex -4.8600 7.3000 -4.0000
        vertex -4.9400 7.5200 -4.0000
        vertex -4.6600 7.5600 -4.0000
    endloop
endfacet
facet normal 0.0000 0.0000 -0.3600
    outer loop
        vertex -4.6600 7.5600 -4.0000
        vertex -4.9400 7.5200 -4.0000
        vertex -4.9800 7.7200 -4.0000
    endloop
endfacet
facet normal 0.0000 0.0000 -0.2800
    outer loop
        vertex -4.9800 7.7200 -4.0000
        vertex -4.7000 7.7200 -4.0000
        vertex -4.6600 7.5600 -4.0000
    endloop
endfacet
facet normal 0.0000 0.0000 -0.3500
    outer loop
        vertex -4.7000 7.7200 -4.0000
        vertex -4.9800 7.7200 -4.0000
        vertex -4.9800 7.9200 -4.0000
    endloop
endfacet
facet normal 0.0000 0.0000 -0.4200
    outer loop
        vertex -4.9800 7.9200 -4.0000
        vertex -4.7000 7.9600 -4.0000
        vertex -4.7000 7.7200 -4.0000
    endloop
endfacet
facet normal 0.0000 0.0000 -0.3400
    outer loop
        vertex -4.7000 7.9600 -4.0000
        vertex -4.9800 7.9200 -4.0000
        vertex -4.9400 8.1200 -4.0000
    endloop
endfacet
facet normal 0.0000 0.0000 -0.3000
    outer loop
        vertex -4.9400 8.1200 -4.0000
        vertex -4.6400 8.1200 -4.0000
        vertex -4.7000 7.9600 -4.0000
    endloop
endfacet
facet normal 0.0000 0.0000 -0.3750
    outer loop
        vertex -4.6400 8.1200 -4.0000
        vertex -4.9400 8.1200 -4.0000
        vertex -4.8200 8.3200 -4.0000
    endloop
endfacet
facet normal 0.0000 0.0000 -0.2625
    outer loop
        vertex -4.8200 8.3200 -4.0000
        vertex -4.5200 8.2200 -4.0000
        vertex -4.6400 8.1200 -4.0000
    endloop
endfacet
facet normal 0.0000 0.0000 -0.3750
    outer loop
        vertex -4.5200 8.2200 -4.0000
        vertex -4.8200 8.3200 -4.0000
        vertex -4.6400 8.4600 -4.0000
    endloop
endfacet
facet normal 0.0000 0.0000 -0.2550
    outer loop
        vertex -4.6400 8.4600 -4.0000
        vertex -4.3800 8.2800 -4.0000
        vertex -4.5200 8.2200 -4.0000
    endloop
endfacet
facet normal 0.0000 0.0000 -0.6020
    outer loop
        vertex -4.3528 8.6316 -4.0000
        vertex -4.3800 8.2800 -4.0000
        vertex -4.6400 8.4600 -4.0000
    endloop
endfacet
facet normal 0.0000 0.0000 -0.4098
    outer loop
        vertex -4.6400 8.4600 -4.0000
        vertex -4.5200 8.7600 -4.0000
        vertex -4.3528 8.6316 -4.0000
    endloop
endfacet
facet normal 0.0000 0.0000 -0.1350
    outer loop
        vertex -4.6000 8.7400 -4.0000
        vertex -4.5200 8.7600 -4.0000
        vertex -4.6400 8.4600 -4.0000
    endloop
endfacet
facet normal 0.0000 0.0000 -0.3150
    outer loop
        vertex -4.6400 8.4600 -4.0000
        vertex -4.8000 8.6000 -4.0000
        vertex -4.6000 8.7400 -4.0000
    endloop
endfacet
facet normal 0.0000 0.0000 -0.2450
    outer loop
        vertex -4.6800 8.8800 -4.0000
        vertex -4.6000 8.7400 -4.0000
        vertex -4.8000 8.6000 -4.0000
    endloop
endfacet
facet normal 0.0000 0.0000 -0.2800
    outer loop
        vertex -4.8000 8.6000 -4.0000
        vertex -4.9000 8.7400 -4.0000
        vertex -4.6800 8.8800 -4.0000
    endloop
endfacet
facet normal 0.0000 0.0000 -0.3000
    outer loop
        vertex -4.6800 8.8800 -4.0000
        vertex -4.9000 8.7400 -4.0000
        vertex -4.9600 8.9200 -4.0000
    endloop
endfacet
facet normal 0.0000 0.0000 -0.2700
    outer loop
        vertex -4.9600 8.9200 -4.0000
        vertex -4.7200 9.0400 -4.0000
        vertex -4.6800 8.8800 -4.0000
    endloop
endfacet
facet normal 0.0000 0.0000 -0.3150
    outer loop
        vertex -4.7200 9.0400 -4.0000
        vertex -4.9600 8.9200 -4.0000
        vertex -4.9800 9.1200 -4.0000
    endloop
endfacet
facet normal 0.0000 0.0000 -0.3900
    outer loop
        vertex -4.9800 9.1200 -4.0000
        vertex -4.7200 9.2800 -4.0000
        vertex -4.7200 9.0400 -4.0000
    endloop
endfacet
facet normal 0.0000 0.0000 -0.3050
    outer loop
        vertex -4.7200 9.2800 -4.0000
        vertex -4.9800 9.1200 -4.0000
        vertex -4.9600 9.3200 -4.0000
    endloop
endfacet
facet normal 0.0000 0.0000 -0.2550
    outer loop
        vertex -4.9600 9.3200 -4.0000
        vertex -4.6600 9.4400 -4.0000
        vertex -4.7200 9.2800 -4.0000
    endloop
endfacet
facet normal 0.0000 0.0000 -0.3525
    outer loop
        vertex -4.6600 9.4400 -4.0000
        vertex -4.9600 9.3200 -4.0000
        vertex -4.8800 9.5400 -4.0000
    endloop
endfacet
facet normal 0.0000 0.0000 -0.2275
    outer loop
        vertex -4.8800 9.5400 -4.0000
        vertex -4.7800 9.6600 -4.0000
        vertex -4.6600 9.4400 -4.0000
    endloop
endfacet
facet normal 0.0000 0.0000 -0.2400
    outer loop
        vertex -4.5400 9.5400 -4.0000
        vertex -4.6600 9.4400 -4.0000
        vertex -4.7800 9.6600 -4.0000
    endloop
endfacet
facet normal 0.0000 0.0000 -0.2700
    outer loop
        vertex -4.7800 9.6600 -4.0000
        vertex -4.7000 9.8000 -4.0000
        vertex -4.5400 9.5400 -4.0000
    endloop
endfacet
facet normal 0.0000 0.0000 -0.2875
    outer loop
        vertex -4.4000 9.6000 -4.0000
        vertex -4.5400 9.5400 -4.0000
        vertex -4.7000 9.8000 -4.0000
    endloop
endfacet
facet normal 0.0000 0.0000 -0.5522
    outer loop
        vertex -4.7000 9.8000 -4.0000
        vertex -4.3908 9.8884 -4.0000
        vertex -4.4000 9.6000 -4.0000
    endloop
endfacet
facet normal 0.0000 0.0000 -0.3773
    outer loop
        vertex -4.3908 9.8884 -4.0000
        vertex -4.7000 9.8000 -4.0000
        vertex -4.5980 10.0244 -4.0000
    endloop
endfacet
facet normal 0.0000 0.0000 -0.0906
    outer loop
        vertex -4.5980 10.0244 -4.0000
        vertex -4.5176 10.0416 -4.0000
        vertex -4.3908 9.8884 -4.0000
    endloop
endfacet
facet normal 0.0000 0.0000 -0.2193
    outer loop
        vertex -4.5980 10.0244 -4.0000
        vertex -4.7000 9.8000 -4.0000
        vertex -4.8200 9.8800 -4.0000
    endloop
endfacet
facet normal 0.0000 0.0000 -0.3761
    outer loop
        vertex -4.8200 9.8800 -4.0000
        vertex -4.9600 10.0600 -4.0000
        vertex -4.5980 10.0244 -4.0000
    endloop
endfacet
facet normal 0.0000 0.0000 -0.3064
    outer loop
        vertex -4.5980 10.0244 -4.0000
        vertex -4.9600 10.0600 -4.0000
        vertex -4.6732 10.1672 -4.0000
    endloop
endfacet
facet normal 0.0000 0.0000 -0.6527
    outer loop
        vertex -4.4000 9.6000 -4.0000
        vertex -4.3908 9.8884 -4.0000
        vertex -4.0284 9.8968 -4.0000
    endloop
endfacet
facet normal 0.0000 0.0000 -1.0572
    outer loop
        vertex -4.0284 9.8968 -4.0000
        vertex -3.7800 9.6400 -4.0000
        vertex -4.4000 9.6000 -4.0000
    endloop
endfacet
facet normal 0.0000 0.0000 -0.8035
    outer loop
        vertex -3.7800 9.6400 -4.0000
        vertex -4.0284 9.8968 -4.0000
        vertex -3.5452 9.9148 -4.0000
    endloop
endfacet
facet normal 0.0000 0.0000 -0.7657
    outer loop
        vertex -3.5452 9.9148 -4.0000
        vertex -3.3000 9.6800 -4.0000
        vertex -3.7800 9.6400 -4.0000
    endloop
endfacet
facet normal 0.0000 0.0000 -0.8827
    outer loop
        vertex -3.3000 9.6800 -4.0000
        vertex -3.5452 9.9148 -4.0000
        vertex -2.9984 9.9672 -4.0000
    endloop
endfacet
facet normal 0.0000 0.0000 -0.4290
    outer loop
        vertex -2.9984 9.9672 -4.0000
        vertex -3.0400 9.7000 -4.0000
        vertex -3.3000 9.6800 -4.0000
    endloop
endfacet
facet normal 0.0000 0.0000 -0.4624
    outer loop
        vertex -2.7600 9.7200 -4.0000
        vertex -3.0400 9.7000 -4.0000
        vertex -2.9984 9.9672 -4.0000
    endloop
endfacet
facet normal 0.0000 0.0000 -0.6046
    outer loop
        vertex -2.9984 9.9672 -4.0000
        vertex -2.7344 10.0992 -4.0000
        vertex -2.7600 9.7200 -4.0000
    endloop
endfacet
facet normal 0.0000 0.0000 -0.5800
    outer loop
        vertex -4.3600 7.0000 -4.0000
        vertex -4.3400 7.2600 -4.0000
        vertex -3.9800 7.3000 -4.0000
    endloop
endfacet
facet normal 0.0000 0.0000 -0.2225
    outer loop
        vertex -4.3200 7.4600 -4.0000
        vertex -4.3400 7.2600 -4.0000
        vertex -4.5000 7.4400 -4.0000
    endloop
endfacet
facet normal 0.0000 0.0000 -0.2000
    outer loop
        vertex -4.5000 7.4400 -4.0000
        vertex -4.4800 7.6200 -4.0000
        vertex -4.3200 7.4600 -4.0000
    endloop
endfacet
facet normal 0.0000 0.0000 -0.2200
    outer loop
        vertex -4.2600 7.6200 -4.0000
        vertex -4.3200 7.4600 -4.0000
        vertex -4.4800 7.6200 -4.0000
    endloop
endfacet
facet normal 0.0000 0.0000 -0.1925
    outer loop
        vertex -4.4800 7.6200 -4.0000
        vertex -4.4200 7.7600 -4.0000
        vertex -4.2600 7.6200 -4.0000
    endloop
endfacet
facet normal 0.0000 0.0000 -0.2975
    outer loop
        vertex -4.2600 7.6200 -4.0000
        vertex -4.4200 7.7600 -4.0000
        vertex -4.2400 7.9000 -4.0000
    endloop
endfacet
facet normal 0.0000 0.0000 -0.2650
    outer loop
        vertex -4.2400 7.9000 -4.0000
        vertex -4.1000 7.7400 -4.0000
        vertex -4.2600 7.6200 -4.0000
    endloop
endfacet
facet normal 0.0000 0.0000 -0.3100
    outer loop
        vertex -4.1000 7.7400 -4.0000
        vertex -4.2400 7.9000 -4.0000
        vertex -4.0000 7.9800 -4.0000
    endloop
endfacet
facet normal 0.0000 0.0000 -0.2625
    outer loop
        vertex -4.0000 7.9800 -4.0000
        vertex -3.9000 7.8000 -4.0000
        vertex -4.1000 7.7400 -4.0000
    endloop
endfacet
facet normal 0.0000 0.0000 -0.5525
    outer loop
        vertex -3.9000 7.8000 -4.0000
        vertex -4.0000 7.9800 -4.0000
        vertex -3.5200 8.0000 -4.0000
    endloop
endfacet
facet normal 0.0000 0.0000 -0.3275
    outer loop
        vertex -3.5200 8.0000 -4.0000
        vertex -3.6000 7.8200 -4.0000
        vertex -3.9000 7.8000 -4.0000
    endloop
endfacet
facet normal 0.0000 0.0000 -0.3000
    outer loop
        vertex -3.3600 7.7600 -4.0000
        vertex -3.6000 7.8200 -4.0000
        vertex -3.5200 8.0000 -4.0000
    endloop
endfacet
facet normal 0.0000 0.0000 -0.2600
    outer loop
        vertex -3.5200 8.0000 -4.0000
        vertex -3.3200 7.9600 -4.0000
        vertex -3.3600 7.7600 -4.0000
    endloop
endfacet
facet normal 0.0000 0.0000 -0.2450
    outer loop
        vertex -3.3600 7.7600 -4.0000
        vertex -3.3200 7.9600 -4.0000
        vertex -3.1400 7.8800 -4.0000
    endloop
endfacet
facet normal 0.0000 0.0000 -0.2725
    outer loop
        vertex -3.1400 7.8800 -4.0000
        vertex -3.1800 7.6600 -4.0000
        vertex -3.3600 7.7600 -4.0000
    endloop
endfacet
facet normal 0.0000 0.0000 -0.2175
    outer loop
        vertex -3.1800 7.6600 -4.0000
        vertex -3.1400 7.8800 -4.0000
        vertex -3.0000 7.7800 -4.0000
    endloop
endfacet
facet normal 0.0000 0.0000 -0.2025
    outer loop
        vertex -3.0000 7.7800 -4.0000
        vertex -2.8800 7.6800 -4.0000
        vertex -3.1800 7.6600 -4.0000
    endloop
endfacet
facet normal 0.0000 0.0000 -0.4025
    outer loop
        vertex -2.9600 7.4600 -4.0000
        vertex -3.1800 7.6600 -4.0000
        vertex -2.8800 7.6800 -4.0000
    endloop
endfacet
facet normal 0.0000 0.0000 -0.2800
    outer loop
        vertex -2.8800 7.6800 -4.0000
        vertex -2.7200 7.5600 -4.0000
        vertex -2.9600 7.4600 -4.0000
    endloop
endfacet
facet normal 0.0000 0.0000 -0.2244
    outer loop
        vertex -2.7200 7.5600 -4.0000
        vertex -2.7600 7.7400 -4.0000
        vertex -2.5748 7.8040 -4.0000
    endloop
endfacet
facet normal 0.0000 0.0000 -0.2734
    outer loop
        vertex -2.5748 7.8040 -4.0000
        vertex -2.4836 7.6560 -4.0000
        vertex -2.7200 7.5600 -4.0000
    endloop
endfacet
facet normal 0.0000 0.0000 -0.2178
    outer loop
        vertex -2.7200 7.5600 -4.0000
        vertex -2.4836 7.6560 -4.0000
        vertex -2.3540 7.5612 -4.0000
    endloop
endfacet
facet normal 0.0000 0.0000 -0.2269
    outer loop
        vertex -2.3540 7.5612 -4.0000
        vertex -2.9600 7.4600 -4.0000
        vertex -2.7200 7.5600 -4.0000
    endloop
endfacet
facet normal 0.0000 0.0000 -0.6323
    outer loop
        vertex -1.4800 7.3000 -4.0000
        vertex -1.9420 7.6844 -4.0000
        vertex -1.8668 7.8408 -4.0000
    endloop
endfacet
facet normal 0.0000 0.0000 -0.5973
    outer loop
        vertex -1.4800 7.3000 -4.0000
        vertex -2.0608 7.5764 -4.0000
        vertex -1.9420 7.6844 -4.0000
    endloop
endfacet
facet normal 0.0000 0.0000 -0.4070
    outer loop
        vertex -1.4800 7.3000 -4.0000
        vertex -2.2056 7.5332 -4.0000
        vertex -2.0608 7.5764 -4.0000
    endloop
endfacet
facet normal 0.0000 0.0000 -0.7575
    outer loop
        vertex -4.3600 7.0000 -4.0000
        vertex -3.9800 7.3000 -4.0000
        vertex -3.5000 7.3600 -4.0000
    endloop
endfacet
facet normal 0.0000 0.0000 -0.6775
    outer loop
        vertex -4.3600 7.0000 -4.0000
        vertex -3.5000 7.3600 -4.0000
        vertex -2.9600 7.4600 -4.0000
    endloop
endfacet
facet normal 0.0000 0.0000 -5.6550
    outer loop
        vertex -2.9600 7.4600 -4.0000
        vertex -1.4800 7.3000 -4.0000
        vertex -4.3600 7.0000 -4.0000
    endloop
endfacet
facet normal 0.0000 0.0000 -1.4315
    outer loop
        vertex -2.2056 7.5332 -4.0000
        vertex -1.4800 7.3000 -4.0000
        vertex -2.9600 7.4600 -4.0000
    endloop
endfacet
facet normal 0.0000 0.0000 -0.1999
    outer loop
        vertex -2.9600 7.4600 -4.0000
        vertex -2.3540 7.5612 -4.0000
        vertex -2.2056 7.5332 -4.0000
    endloop
endfacet
facet normal 0.0000 0.0000 -0.2175
    outer loop
        vertex -4.6800 0.6800 -4.0000
        vertex -4.6200 0.4600 -4.0000
        vertex -4.8000 0.5400 -4.0000
    endloop
endfacet
facet normal 0.0000 0.0000 -0.2450
    outer loop
        vertex -4.8000 0.5400 -4.0000
        vertex -4.9600 0.6800 -4.0000
        vertex -4.6800 0.6800 -4.0000
    endloop
endfacet
facet normal 0.0000 0.0000 -0.3850
    outer loop
        vertex -4.6800 0.6800 -4.0000
        vertex -4.9600 0.6800 -4.0000
        vertex -5.0600 0.9000 -4.0000
    endloop
endfacet
facet normal 0.0000 0.0000 -2.3500
    outer loop
        vertex -5.0600 0.9000 -4.0000
        vertex -4.9400 1.8200 -4.0000
        vertex -4.6800 0.6800 -4.0000
    endloop
endfacet
facet normal 0.0000 0.0000 -3.2900
    outer loop
        vertex -4.9400 1.8200 -4.0000
        vertex -5.0600 0.9000 -4.0000
        vertex -5.4000 2.6800 -4.0000
    endloop
endfacet
facet normal 0.0000 0.0000 -2.7500
    outer loop
        vertex -5.4000 2.6800 -4.0000
        vertex -5.2200 3.3000 -4.0000
        vertex -4.9400 1.8200 -4.0000
    endloop
endfacet
facet normal 0.0000 0.0000 -2.6175
    outer loop
        vertex -5.2200 3.3000 -4.0000
        vertex -5.4000 2.6800 -4.0000
        vertex -5.6400 4.1800 -4.0000
    endloop
endfacet
facet normal 0.0000 0.0000 -2.3650
    outer loop
        vertex -5.6400 4.1800 -4.0000
        vertex -5.4200 4.6200 -4.0000
        vertex -5.2200 3.3000 -4.0000
    endloop
endfacet
facet normal 0.0000 0.0000 -1.9250
    outer loop
        vertex -5.4200 4.6200 -4.0000
        vertex -5.6400 4.1800 -4.0000
        vertex -5.8000 5.2600 -4.0000
    endloop
endfacet
facet normal 0.0000 0.0000 -0.9000
    outer loop
        vertex -5.8000 5.2600 -4.0000
        vertex -5.4800 5.1000 -4.0000
        vertex -5.4200 4.6200 -4.0000
    endloop
endfacet
facet normal 0.0000 0.0000 -0.3600
    outer loop
        vertex -5.4800 5.2800 -4.0000
        vertex -5.4800 5.1000 -4.0000
        vertex -5.8000 5.2600 -4.0000
    endloop
endfacet
facet normal 0.0000 0.0000 -0.3600
    outer loop
        vertex -5.8000 5.2600 -4.0000
        vertex -5.8000 5.4400 -4.0000
        vertex -5.4800 5.2800 -4.0000
    endloop
endfacet
facet normal 0.0000 0.0000 -0.4000
    outer loop
        vertex -5.4400 5.4600 -4.0000
        vertex -5.4800 5.2800 -4.0000
        vertex -5.8000 5.4400 -4.0000
    endloop
endfacet
facet normal 0.0000 0.0000 -0.3575
    outer loop
        vertex -5.8000 5.4400 -4.0000
        vertex -5.7800 5.6000 -4.0000
        vertex -5.4400 5.4600 -4.0000
    endloop
endfacet
facet normal 0.0000 0.0000 -0.6650
    outer loop
        vertex -5.4400 5.4600 -4.0000
        vertex -5.7800 5.6000 -4.0000
        vertex -5.7000 5.8800 -4.0000
    endloop
endfacet
facet normal 0.0000 0.0000 -4.4275
    outer loop
        vertex -5.7000 5.8800 -4.0000
        vertex -4.6200 6.8600 -4.0000
        vertex -5.4400 5.4600 -4.0000
    endloop
endfacet
facet normal 0.0000 0.0000 -4.4400
    outer loop
        vertex -5.7000 5.8800 -4.0000
        vertex -4.8600 7.3000 -4.0000
        vertex -4.6200 6.8600 -4.0000
    endloop
endfacet
facet normal 0.0000 0.0000 -0.3950
    outer loop
        vertex -4.6200 6.8600 -4.0000
        vertex -4.8600 7.3000 -4.0000
        vertex -4.5200 6.9400 -4.0000
    endloop
endfacet
facet normal 0.0000 0.0000 -0.8350
    outer loop
        vertex -4.1000 0.4600 -4.0000
        vertex -4.1800 0.8400 -4.0000
        vertex -3.9000 1.1800 -4.0000
    endloop
endfacet
facet normal 0.0000 0.0000 -1.5300
    outer loop
        vertex -3.9000 1.1800 -4.0000
        vertex -3.7600 0.4600 -4.0000
        vertex -4.1000 0.4600 -4.0000
    endloop
endfacet
facet normal 0.0000 0.0000 -1.6200
    outer loop
        vertex -3.2400 0.4600 -4.0000
        vertex -3.4200 1.2400 -4.0000
        vertex -3.1200 1.3800 -4.0000
    endloop
endfacet
facet normal 0.0000 0.0000 -2.1850
    outer loop
        vertex -3.1200 1.3800 -4.0000
        vertex -2.8600 0.4600 -4.0000
        vertex -3.2400 0.4600 -4.0000
    endloop
endfacet
facet normal 0.0000 0.0000 -2.5625
    outer loop
        vertex -2.3600 0.4600 -4.0000
        vertex -2.8600 0.4600 -4.0000
        vertex -2.5800 1.2800 -4.0000
    endloop
endfacet
facet normal 0.0000 0.0000 -0.0425
    outer loop
        vertex 5.8600 9.7600 -4.0000
        vertex 5.7800 9.8200 -4.0000
        vertex 5.7600 9.9200 -4.0000
    endloop
endfacet
facet normal 0.0000 0.0000 -0.1025
    outer loop
        vertex 5.7600 9.9200 -4.0000
        vertex 5.8000 10.0200 -4.0000
        vertex 5.8600 9.7600 -4.0000
    endloop
endfacet
facet normal 0.0000 0.0000 -0.2250
    outer loop
        vertex 5.8600 9.7600 -4.0000
        vertex 5.8000 10.0200 -4.0000
        vertex 5.9200 10.1000 -4.0000
    endloop
endfacet
facet normal 0.0000 0.0000 -0.4400
    outer loop
        vertex 5.9200 10.1000 -4.0000
        vertex 6.0600 9.7200 -4.0000
        vertex 5.8600 9.7600 -4.0000
    endloop
endfacet
facet normal 0.0000 0.0000 -0.3500
    outer loop
        vertex 6.0600 9.7200 -4.0000
        vertex 5.9200 10.1000 -4.0000
        vertex 6.0600 10.1200 -4.0000
    endloop
endfacet
facet normal 0.0000 0.0000 -0.5500
    outer loop
        vertex 6.0600 10.1200 -4.0000
        vertex 6.2800 9.7200 -4.0000
        vertex 6.0600 9.7200 -4.0000
    endloop
endfacet
facet normal 0.0000 0.0000 -1.4762
    outer loop
        vertex 6.8496 9.7580 -4.0000
        vertex 6.2800 9.7200 -4.0000
        vertex 6.0600 10.1200 -4.0000
    endloop
endfacet
facet normal 0.0000 0.0000 -1.6553
    outer loop
        vertex 6.0600 10.1200 -4.0000
        vertex 6.9068 10.0672 -4.0000
        vertex 6.8496 9.7580 -4.0000
    endloop
endfacet
facet normal 0.0000 0.0000 -0.6650
    outer loop
        vertex 4.7400 7.1200 -4.0000
        vertex 4.7200 7.3200 -4.0000
        vertex 5.2400 7.4400 -4.0000
    endloop
endfacet
facet normal 0.0000 0.0000 -4.4800
    outer loop
        vertex 5.2400 7.4400 -4.0000
        vertex 5.4800 6.1600 -4.0000
        vertex 4.7400 7.1200 -4.0000
    endloop
endfacet
facet normal 0.0000 0.0000 -3.7700
    outer loop
        vertex 5.4800 6.1600 -4.0000
        vertex 5.2400 7.4400 -4.0000
        vertex 5.7000 7.5000 -4.0000
    endloop
endfacet
facet normal 0.0000 0.0000 -2.7350
    outer loop
        vertex 5.7000 7.5000 -4.0000
        vertex 5.8000 6.1200 -4.0000
        vertex 5.4800 6.1600 -4.0000
    endloop
endfacet
facet normal 0.0000 0.0000 -6.4995
    outer loop
        vertex 5.8000 6.1200 -4.0000
        vertex 5.7000 7.5000 -4.0000
        vertex 6.4480 7.5768 -4.0000
    endloop
endfacet
facet normal 0.0000 0.0000 -2.7522
    outer loop
        vertex 6.4480 7.5768 -4.0000
        vertex 6.0400 5.9800 -4.0000
        vertex 5.8000 6.1200 -4.0000
    endloop
endfacet
facet normal 0.0000 0.0000 -2.2044
    outer loop
        vertex 6.2200 5.8200 -4.0000
        vertex 6.0400 5.9800 -4.0000
        vertex 6.4480 7.5768 -4.0000
    endloop
endfacet
facet normal 0.0000 0.0000 -6.9159
    outer loop
        vertex 6.4480 7.5768 -4.0000
        vertex 7.6000 11.6000 -4.0000
        vertex 6.2200 5.8200 -4.0000
    endloop
endfacet
facet normal 0.0000 0.0000 -0.9960
    outer loop
        vertex 6.4480 7.5768 -4.0000
        vertex 5.8200 7.7600 -4.0000
        vertex 6.4924 7.8176 -4.0000
    endloop
endfacet
facet normal 0.0000 0.0000 -0.7150
    outer loop
        vertex 6.0000 9.2000 -4.0000
        vertex 6.0600 9.7200 -4.0000
        vertex 6.2800 9.7200 -4.0000
    endloop
endfacet
facet normal 0.0000 0.0000 -2.3848
    outer loop
        vertex 6.2800 9.7200 -4.0000
        vertex 6.7536 9.2368 -4.0000
        vertex 6.0000 9.2000 -4.0000
    endloop
endfacet
facet normal 0.0000 0.0000 -1.8327
    outer loop
        vertex 6.7536 9.2368 -4.0000
        vertex 6.2800 9.7200 -4.0000
        vertex 6.8496 9.7580 -4.0000
    endloop
endfacet
facet normal 0.0000 0.0000 -1.2438
    outer loop
        vertex 6.9068 10.0672 -4.0000
        vertex 6.0600 10.1200 -4.0000
        vertex 5.9800 10.3600 -4.0000
    endloop
endfacet
facet normal 0.0000 0.0000 -1.4438
    outer loop
        vertex 5.9800 10.3600 -4.0000
        vertex 6.9500 10.3028 -4.0000
        vertex 6.9068 10.0672 -4.0000
    endloop
endfacet
facet normal 0.0000 0.0000 -5.9868
    outer loop
        vertex 6.4924 7.8176 -4.0000
        vertex 5.8200 7.7600 -4.0000
        vertex 6.0000 9.2000 -4.0000
    endloop
endfacet
facet normal 0.0000 0.0000 -6.6244
    outer loop
        vertex 6.0000 9.2000 -4.0000
        vertex 6.7536 9.2368 -4.0000
        vertex 6.4924 7.8176 -4.0000
    endloop
endfacet
facet normal 0.0000 0.0000 -0.0400
    outer loop
        vertex 5.9800 10.3600 -4.0000
        vertex 5.8800 10.4000 -4.0000
        vertex 5.8400 10.4800 -4.0000
    endloop
endfacet
facet normal 0.0000 0.0000 -0.1025
    outer loop
        vertex 5.8400 10.4800 -4.0000
        vertex 5.8600 10.5800 -4.0000
        vertex 5.9800 10.3600 -4.0000
    endloop
endfacet
facet normal 0.0000 0.0000 -1.2909
    outer loop
        vertex 6.9500 10.3028 -4.0000
        vertex 5.9800 10.3600 -4.0000
        vertex 5.8600 10.5800 -4.0000
    endloop
endfacet
facet normal 0.0000 0.0000 -6.0067
    outer loop
        vertex 5.8600 10.5800 -4.0000
        vertex 6.2600 11.3600 -4.0000
        vertex 6.9500 10.3028 -4.0000
    endloop
endfacet
facet normal 0.0000 0.0000 -2.6612
    outer loop
        vertex 6.9500 10.3028 -4.0000
        vertex 6.2600 11.3600 -4.0000
        vertex 6.4800 11.6400 -4.0000
    endloop
endfacet
facet normal 0.0000 0.0000 -1.0120
    outer loop
        vertex 6.4800 11.6400 -4.0000
        vertex 6.5800 11.7000 -4.0000
        vertex 6.9500 10.3028 -4.0000
    endloop
endfacet
facet normal 0.0000 0.0000 -0.9195
    outer loop
        vertex 6.9500 10.3028 -4.0000
        vertex 6.5800 11.7000 -4.0000
        vertex 6.6800 11.7200 -4.0000
    endloop
endfacet
facet normal 0.0000 0.0000 -4.5047
    outer loop
        vertex 6.6800 11.7200 -4.0000
        vertex 7.2000 11.6600 -4.0000
        vertex 6.9500 10.3028 -4.0000
    endloop
endfacet
facet normal 0.0000 0.0000 -0.7910
    outer loop
        vertex -4.3800 8.2800 -4.0000
        vertex -4.3528 8.6316 -4.0000
        vertex -3.9912 8.6528 -4.0000
    endloop
endfacet
facet normal 0.0000 0.0000 -1.3474
    outer loop
        vertex -3.9912 8.6528 -4.0000
        vertex -3.7600 8.3200 -4.0000
        vertex -4.3800 8.2800 -4.0000
    endloop
endfacet
facet normal 0.0000 0.0000 -1.0537
    outer loop
        vertex -3.7600 8.3200 -4.0000
        vertex -3.9912 8.6528 -4.0000
        vertex -3.5088 8.6876 -4.0000
    endloop
endfacet
facet normal 0.0000 0.0000 -1.0400
    outer loop
        vertex -3.5088 8.6876 -4.0000
        vertex -3.2800 8.3600 -4.0000
        vertex -3.7600 8.3200 -4.0000
    endloop
endfacet
facet normal 0.0000 0.0000 -1.2170
    outer loop
        vertex -3.2800 8.3600 -4.0000
        vertex -3.5088 8.6876 -4.0000
        vertex -2.9644 8.7592 -4.0000
    endloop
endfacet
facet normal 0.0000 0.0000 -0.6092
    outer loop
        vertex -2.9644 8.7592 -4.0000
        vertex -3.0200 8.3800 -4.0000
        vertex -3.2800 8.3600 -4.0000
    endloop
endfacet
facet normal 0.0000 0.0000 -0.6567
    outer loop
        vertex -2.7400 8.4000 -4.0000
        vertex -3.0200 8.3800 -4.0000
        vertex -2.9644 8.7592 -4.0000
    endloop
endfacet
facet normal 0.0000 0.0000 -0.6732
    outer loop
        vertex -2.9644 8.7592 -4.0000
        vertex -2.7400 8.8800 -4.0000
        vertex -2.7400 8.4000 -4.0000
    endloop
endfacet
facet normal 0.0000 0.0000 -0.6648
    outer loop
        vertex -2.5184 8.3188 -4.0000
        vertex -2.7400 8.4000 -4.0000
        vertex -2.7400 8.8800 -4.0000
    endloop
endfacet
facet normal 0.0000 0.0000 -0.5663
    outer loop
        vertex -2.7400 8.8800 -4.0000
        vertex -2.3996 8.4268 -4.0000
        vertex -2.5184 8.3188 -4.0000
    endloop
endfacet
facet normal 0.0000 0.0000 -0.9446
    outer loop
        vertex -2.3996 8.4268 -4.0000
        vertex -2.7400 8.8800 -4.0000
        vertex -2.4636 8.9560 -4.0000
    endloop
endfacet
facet normal 0.0000 0.0000 -0.3907
    outer loop
        vertex -2.4636 8.9560 -4.0000
        vertex -2.3340 8.8612 -4.0000
        vertex -2.3996 8.4268 -4.0000
    endloop
endfacet
facet normal 0.0000 0.0000 -0.3753
    outer loop
        vertex -2.2548 8.4704 -4.0000
        vertex -2.3996 8.4268 -4.0000
        vertex -2.3340 8.8612 -4.0000
    endloop
endfacet
facet normal 0.0000 0.0000 -0.3486
    outer loop
        vertex -2.3340 8.8612 -4.0000
        vertex -2.1856 8.8332 -4.0000
        vertex -2.2548 8.4704 -4.0000
    endloop
endfacet
facet normal 0.0000 0.0000 -0.2320
    outer loop
        vertex -2.7600 7.7400 -4.0000
        vertex -2.7800 7.9600 -4.0000
        vertex -2.6132 7.9816 -4.0000
    endloop
endfacet
facet normal 0.0000 0.0000 -0.2209
    outer loop
        vertex -2.6132 7.9816 -4.0000
        vertex -2.5748 7.8040 -4.0000
        vertex -2.7600 7.7400 -4.0000
    endloop
endfacet
facet normal 0.0000 0.0000 -0.2796
    outer loop
        vertex -2.7800 7.9600 -4.0000
        vertex -2.7800 8.2000 -4.0000
        vertex -2.5936 8.1624 -4.0000
    endloop
endfacet
facet normal 0.0000 0.0000 -0.1858
    outer loop
        vertex -2.5936 8.1624 -4.0000
        vertex -2.6132 7.9816 -4.0000
        vertex -2.7800 7.9600 -4.0000
    endloop
endfacet
facet normal 0.0000 0.0000 -0.2973
    outer loop
        vertex -2.7800 8.2000 -4.0000
        vertex -2.7400 8.4000 -4.0000
        vertex -2.5184 8.3188 -4.0000
    endloop
endfacet
facet normal 0.0000 0.0000 -0.1999
    outer loop
        vertex -2.5184 8.3188 -4.0000
        vertex -2.5936 8.1624 -4.0000
        vertex -2.7800 8.2000 -4.0000
    endloop
endfacet
facet normal 0.0000 0.0000 -0.2135
    outer loop
        vertex -4.5200 8.7600 -4.0000
        vertex -4.5000 8.9400 -4.0000
        vertex -4.3224 8.8304 -4.0000
    endloop
endfacet
facet normal 0.0000 0.0000 -0.2321
    outer loop
        vertex -4.3224 8.8304 -4.0000
        vertex -4.3528 8.6316 -4.0000
        vertex -4.5200 8.7600 -4.0000
    endloop
endfacet
facet normal 0.0000 0.0000 -0.1965
    outer loop
        vertex -4.3224 8.8304 -4.0000
        vertex -4.5000 8.9400 -4.0000
        vertex -4.4400 9.0800 -4.0000
    endloop
endfacet
facet normal 0.0000 0.0000 -0.2213
    outer loop
        vertex -4.4400 9.0800 -4.0000
        vertex -4.2544 8.9872 -4.0000
        vertex -4.3224 8.8304 -4.0000
    endloop
endfacet
facet normal 0.0000 0.0000 -0.2668
    outer loop
        vertex -4.2544 8.9872 -4.0000
        vertex -4.4400 9.0800 -4.0000
        vertex -4.2600 9.2200 -4.0000
    endloop
endfacet
facet normal 0.0000 0.0000 -0.2460
    outer loop
        vertex -4.2600 9.2200 -4.0000
        vertex -4.0880 9.0984 -4.0000
        vertex -4.2544 8.9872 -4.0000
    endloop
endfacet
facet normal 0.0000 0.0000 -0.2684
    outer loop
        vertex -4.0880 9.0984 -4.0000
        vertex -4.2600 9.2200 -4.0000
        vertex -4.0200 9.3000 -4.0000
    endloop
endfacet
facet normal 0.0000 0.0000 -0.2344
    outer loop
        vertex -4.0200 9.3000 -4.0000
        vertex -3.8852 9.1480 -4.0000
        vertex -4.0880 9.0984 -4.0000
    endloop
endfacet
facet normal 0.0000 0.0000 -0.4728
    outer loop
        vertex -3.8852 9.1480 -4.0000
        vertex -4.0200 9.3000 -4.0000
        vertex -3.5400 9.3200 -4.0000
    endloop
endfacet
facet normal 0.0000 0.0000 -0.3134
    outer loop
        vertex -3.5400 9.3200 -4.0000
        vertex -3.5848 9.1524 -4.0000
        vertex -3.8852 9.1480 -4.0000
    endloop
endfacet
facet normal 0.0000 0.0000 -0.2207
    outer loop
        vertex -3.5848 9.1524 -4.0000
        vertex -3.5400 9.3200 -4.0000
        vertex -3.3400 9.2800 -4.0000
    endloop
endfacet
facet normal 0.0000 0.0000 -0.3002
    outer loop
        vertex -3.3400 9.2800 -4.0000
        vertex -3.3480 9.0796 -4.0000
        vertex -3.5848 9.1524 -4.0000
    endloop
endfacet
facet normal 0.0000 0.0000 -0.2294
    outer loop
        vertex -3.3480 9.0796 -4.0000
        vertex -3.3400 9.2800 -4.0000
        vertex -3.1600 9.2000 -4.0000
    endloop
endfacet
facet normal 0.0000 0.0000 -0.2595
    outer loop
        vertex -3.1600 9.2000 -4.0000
        vertex -3.1736 8.9704 -4.0000
        vertex -3.3480 9.0796 -4.0000
    endloop
endfacet
facet normal 0.0000 0.0000 -0.2094
    outer loop
        vertex -3.1736 8.9704 -4.0000
        vertex -3.1600 9.2000 -4.0000
        vertex -3.0200 9.1000 -4.0000
    endloop
endfacet
facet normal 0.0000 0.0000 -0.1932
    outer loop
        vertex -3.0200 9.1000 -4.0000
        vertex -2.9000 9.0000 -4.0000
        vertex -3.1736 8.9704 -4.0000
    endloop
endfacet
facet normal 0.0000 0.0000 -0.3999
    outer loop
        vertex -2.9644 8.7592 -4.0000
        vertex -3.1736 8.9704 -4.0000
        vertex -2.9000 9.0000 -4.0000
    endloop
endfacet
facet normal 0.0000 0.0000 -0.2891
    outer loop
        vertex -2.9000 9.0000 -4.0000
        vertex -2.7400 8.8800 -4.0000
        vertex -2.9644 8.7592 -4.0000
    endloop
endfacet
facet normal 0.0000 0.0000 -0.2644
    outer loop
        vertex -2.7400 8.8800 -4.0000
        vertex -2.7800 9.0600 -4.0000
        vertex -2.5548 9.1040 -4.0000
    endloop
endfacet
facet normal 0.0000 0.0000 -0.2990
    outer loop
        vertex -2.5548 9.1040 -4.0000
        vertex -2.4636 8.9560 -4.0000
        vertex -2.7400 8.8800 -4.0000
    endloop
endfacet
facet normal 0.0000 0.0000 -0.2846
    outer loop
        vertex -2.7800 9.0600 -4.0000
        vertex -2.8000 9.2800 -4.0000
        vertex -2.5932 9.2816 -4.0000
    endloop
endfacet
facet normal 0.0000 0.0000 -0.2605
    outer loop
        vertex -2.5932 9.2816 -4.0000
        vertex -2.5548 9.1040 -4.0000
        vertex -2.7800 9.0600 -4.0000
    endloop
endfacet
facet normal 0.0000 0.0000 -0.3396
    outer loop
        vertex -2.8000 9.2800 -4.0000
        vertex -2.8000 9.5200 -4.0000
        vertex -2.5736 9.4624 -4.0000
    endloop
endfacet
facet normal 0.0000 0.0000 -0.2335
    outer loop
        vertex -2.5736 9.4624 -4.0000
        vertex -2.5932 9.2816 -4.0000
        vertex -2.8000 9.2800 -4.0000
    endloop
endfacet
facet normal 0.0000 0.0000 -0.3523
    outer loop
        vertex -2.8000 9.5200 -4.0000
        vertex -2.7600 9.7200 -4.0000
        vertex -2.4984 9.6188 -4.0000
    endloop
endfacet
facet normal 0.0000 0.0000 -0.2484
    outer loop
        vertex -2.4984 9.6188 -4.0000
        vertex -2.5736 9.4624 -4.0000
        vertex -2.8000 9.5200 -4.0000
    endloop
endfacet
facet normal 0.0000 0.0000 -0.2517
    outer loop
        vertex -2.3796 9.7268 -4.0000
        vertex -2.4984 9.6188 -4.0000
        vertex -2.7600 9.7200 -4.0000
    endloop
endfacet
facet normal 0.0000 0.0000 -0.9005
    outer loop
        vertex -2.7600 9.7200 -4.0000
        vertex -2.7344 10.0992 -4.0000
        vertex -2.3796 9.7268 -4.0000
    endloop
endfacet
facet normal 0.0000 0.0000 -0.8011
    outer loop
        vertex -2.3796 9.7268 -4.0000
        vertex -2.7344 10.0992 -4.0000
        vertex -2.3540 10.0612 -4.0000
    endloop
endfacet
facet normal 0.0000 0.0000 -0.2957
    outer loop
        vertex -2.3540 10.0612 -4.0000
        vertex -2.2348 9.7704 -4.0000
        vertex -2.3796 9.7268 -4.0000
    endloop
endfacet
facet normal 0.0000 0.0000 -0.2489
    outer loop
        vertex -2.2348 9.7704 -4.0000
        vertex -2.3540 10.0612 -4.0000
        vertex -2.2056 10.0332 -4.0000
    endloop
endfacet
facet normal 0.0000 0.0000 -0.2489
    outer loop
        vertex -2.2056 10.0332 -4.0000
        vertex -2.0864 9.7424 -4.0000
        vertex -2.2348 9.7704 -4.0000
    endloop
endfacet
facet normal 0.0000 0.0000 -0.2954
    outer loop
        vertex -2.0864 9.7424 -4.0000
        vertex -2.2056 10.0332 -4.0000
        vertex -2.0608 10.0764 -4.0000
    endloop
endfacet
facet normal 0.0000 0.0000 -0.1946
    outer loop
        vertex -2.3540 10.0612 -4.0000
        vertex -2.7344 10.0992 -4.0000
        vertex -2.4836 10.1560 -4.0000
    endloop
endfacet
facet normal 0.0000 0.0000 -0.2238
    outer loop
        vertex -2.7344 10.0992 -4.0000
        vertex -2.7680 10.2804 -4.0000
        vertex -2.5748 10.3040 -4.0000
    endloop
endfacet
facet normal 0.0000 0.0000 -0.2644
    outer loop
        vertex -2.5748 10.3040 -4.0000
        vertex -2.4836 10.1560 -4.0000
        vertex -2.7344 10.0992 -4.0000
    endloop
endfacet
facet normal 0.0000 0.0000 -0.2292
    outer loop
        vertex -2.7680 10.2804 -4.0000
        vertex -2.7804 10.5012 -4.0000
        vertex -2.6132 10.4816 -4.0000
    endloop
endfacet
facet normal 0.0000 0.0000 -0.2201
    outer loop
        vertex -2.6132 10.4816 -4.0000
        vertex -2.5748 10.3040 -4.0000
        vertex -2.7680 10.2804 -4.0000
    endloop
endfacet
facet normal 0.0000 0.0000 -0.1913
    outer loop
        vertex -2.5936 10.6624 -4.0000
        vertex -2.6132 10.4816 -4.0000
        vertex -2.7804 10.5012 -4.0000
    endloop
endfacet
facet normal 0.0000 0.0000 -0.2717
    outer loop
        vertex -2.7804 10.5012 -4.0000
        vertex -2.7720 10.7412 -4.0000
        vertex -2.5936 10.6624 -4.0000
    endloop
endfacet
facet normal 0.0000 0.0000 -0.2445
    outer loop
        vertex -2.5936 10.6624 -4.0000
        vertex -2.7720 10.7412 -4.0000
        vertex -2.7248 10.9396 -4.0000
    endloop
endfacet
facet normal 0.0000 0.0000 -0.2585
    outer loop
        vertex -2.7248 10.9396 -4.0000
        vertex -2.5184 10.8188 -4.0000
        vertex -2.5936 10.6624 -4.0000
    endloop
endfacet
facet normal 0.0000 0.0000 -0.2290
    outer loop
        vertex -2.5184 10.8188 -4.0000
        vertex -2.7248 10.9396 -4.0000
        vertex -2.3996 10.9268 -4.0000
    endloop
endfacet
facet normal 0.0000 0.0000 -0.1926
    outer loop
        vertex -4.3532 10.0860 -4.0000
        vertex -4.3908 9.8884 -4.0000
        vertex -4.5176 10.0416 -4.0000
    endloop
endfacet
facet normal 0.0000 0.0000 -0.1768
    outer loop
        vertex -4.5176 10.0416 -4.0000
        vertex -4.4912 10.2208 -4.0000
        vertex -4.3532 10.0860 -4.0000
    endloop
endfacet
facet normal 0.0000 0.0000 -0.1733
    outer loop
        vertex -4.3532 10.0860 -4.0000
        vertex -4.4912 10.2208 -4.0000
        vertex -4.4264 10.3584 -4.0000
    endloop
endfacet
facet normal 0.0000 0.0000 -0.1958
    outer loop
        vertex -4.4264 10.3584 -4.0000
        vertex -4.2796 10.2400 -4.0000
        vertex -4.3532 10.0860 -4.0000
    endloop
endfacet
facet normal 0.0000 0.0000 -0.2593
    outer loop
        vertex -4.2796 10.2400 -4.0000
        vertex -4.4264 10.3584 -4.0000
        vertex -4.2416 10.4920 -4.0000
    endloop
endfacet
facet normal 0.0000 0.0000 -0.2427
    outer loop
        vertex -4.2416 10.4920 -4.0000
        vertex -4.1096 10.3456 -4.0000
        vertex -4.2796 10.2400 -4.0000
    endloop
endfacet
facet normal 0.0000 0.0000 -0.2812
    outer loop
        vertex -4.1096 10.3456 -4.0000
        vertex -4.2416 10.4920 -4.0000
        vertex -3.9988 10.5636 -4.0000
    endloop
endfacet
facet normal 0.0000 0.0000 -0.2491
    outer loop
        vertex -3.9988 10.5636 -4.0000
        vertex -3.9052 10.3880 -4.0000
        vertex -4.1096 10.3456 -4.0000
    endloop
endfacet
facet normal 0.0000 0.0000 -0.5291
    outer loop
        vertex -3.9052 10.3880 -4.0000
        vertex -3.9988 10.5636 -4.0000
        vertex -3.5184 10.5668 -4.0000
    endloop
endfacet
facet normal 0.0000 0.0000 -0.3512
    outer loop
        vertex -3.5184 10.5668 -4.0000
        vertex -3.6048 10.3816 -4.0000
        vertex -3.9052 10.3880 -4.0000
    endloop
endfacet
facet normal 0.0000 0.0000 -0.2549
    outer loop
        vertex -3.6048 10.3816 -4.0000
        vertex -3.5184 10.5668 -4.0000
        vertex -3.3200 10.5200 -4.0000
    endloop
endfacet
facet normal 0.0000 0.0000 -0.3455
    outer loop
        vertex -3.3200 10.5200 -4.0000
        vertex -3.3708 10.3012 -4.0000
        vertex -3.6048 10.3816 -4.0000
    endloop
endfacet
facet normal 0.0000 0.0000 -0.2698
    outer loop
        vertex -3.3708 10.3012 -4.0000
        vertex -3.3200 10.5200 -4.0000
        vertex -3.1428 10.4336 -4.0000
    endloop
endfacet
facet normal 0.0000 0.0000 -0.3057
    outer loop
        vertex -3.1428 10.4336 -4.0000
        vertex -3.2004 10.1856 -4.0000
        vertex -3.3708 10.3012 -4.0000
    endloop
endfacet
facet normal 0.0000 0.0000 -0.2491
    outer loop
        vertex -3.2004 10.1856 -4.0000
        vertex -3.1428 10.4336 -4.0000
        vertex -3.0064 10.3288 -4.0000
    endloop
endfacet
facet normal 0.0000 0.0000 -0.2303
    outer loop
        vertex -3.0064 10.3288 -4.0000
        vertex -2.8900 10.2248 -4.0000
        vertex -3.2004 10.1856 -4.0000
    endloop
endfacet
facet normal 0.0000 0.0000 -0.4732
    outer loop
        vertex -2.9984 9.9672 -4.0000
        vertex -3.2004 10.1856 -4.0000
        vertex -2.8900 10.2248 -4.0000
    endloop
endfacet
facet normal 0.0000 0.0000 -0.3356
    outer loop
        vertex -2.8900 10.2248 -4.0000
        vertex -2.7344 10.0992 -4.0000
        vertex -2.9984 9.9672 -4.0000
    endloop
endfacet
facet normal 0.0000 0.0000 -0.3175
    outer loop
        vertex -3.1400 1.5400 -4.0000
        vertex -3.1200 1.3800 -4.0000
        vertex -3.4200 1.2400 -4.0000
    endloop
endfacet
facet normal 0.0000 0.0000 -1.3800
    outer loop
        vertex -3.4200 1.2400 -4.0000
        vertex -3.5400 1.9000 -4.0000
        vertex -3.1400 1.5400 -4.0000
    endloop
endfacet
facet normal 0.0000 0.0000 -0.4400
    outer loop
        vertex -3.1400 1.5400 -4.0000
        vertex -3.5400 1.9000 -4.0000
        vertex -3.1000 1.6800 -4.0000
    endloop
endfacet
facet normal 0.0000 0.0000 -0.4400
    outer loop
        vertex -2.9800 1.7800 -4.0000
        vertex -3.1000 1.6800 -4.0000
        vertex -3.5400 1.9000 -4.0000
    endloop
endfacet
facet normal 0.0000 0.0000 -1.4800
    outer loop
        vertex -3.5400 1.9000 -4.0000
        vertex -3.3400 2.2800 -4.0000
        vertex -2.9800 1.7800 -4.0000
    endloop
endfacet
facet normal 0.0000 0.0000 -0.2175
    outer loop
        vertex -3.3400 2.2800 -4.0000
        vertex -3.5400 1.9000 -4.0000
        vertex -3.6000 1.9600 -4.0000
    endloop
endfacet
facet normal 0.0000 0.0000 -0.3425
    outer loop
        vertex -3.6000 1.9600 -4.0000
        vertex -3.5600 2.2200 -4.0000
        vertex -3.3400 2.2800 -4.0000
    endloop
endfacet
facet normal 0.0000 0.0000 -0.4450
    outer loop
        vertex -3.8400 2.1800 -4.0000
        vertex -3.5600 2.2200 -4.0000
        vertex -3.6000 1.9600 -4.0000
    endloop
endfacet
facet normal 0.0000 0.0000 -0.2475
    outer loop
        vertex -3.6000 1.9600 -4.0000
        vertex -3.7800 1.9600 -4.0000
        vertex -3.8400 2.1800 -4.0000
    endloop
endfacet
facet normal 0.0000 0.0000 -0.2200
    outer loop
        vertex -4.0000 2.1800 -4.0000
        vertex -3.8400 2.1800 -4.0000
        vertex -3.7800 1.9600 -4.0000
    endloop
endfacet
facet normal 0.0000 0.0000 -0.3300
    outer loop
        vertex -3.7800 1.9600 -4.0000
        vertex -3.9800 1.9200 -4.0000
        vertex -4.0000 2.1800 -4.0000
    endloop
endfacet
facet normal 0.0000 0.0000 -0.1250
    outer loop
        vertex -4.0800 2.2200 -4.0000
        vertex -4.0000 2.1800 -4.0000
        vertex -3.9800 1.9200 -4.0000
    endloop
endfacet
facet normal 0.0000 0.0000 -0.7875
    outer loop
        vertex -3.9800 1.9200 -4.0000
        vertex -4.4600 2.1000 -4.0000
        vertex -4.0800 2.2200 -4.0000
    endloop
endfacet
facet normal 0.0000 0.0000 -0.2250
    outer loop
        vertex -4.0200 1.8600 -4.0000
        vertex -4.4600 2.1000 -4.0000
        vertex -3.9800 1.9200 -4.0000
    endloop
endfacet
facet normal 0.0000 0.0000 -3.0450
    outer loop
        vertex -4.1800 0.8400 -4.0000
        vertex -4.4600 2.1000 -4.0000
        vertex -4.0200 1.8600 -4.0000
    endloop
endfacet
facet normal 0.0000 0.0000 -1.4450
    outer loop
        vertex -4.0200 1.8600 -4.0000
        vertex -3.9000 1.1800 -4.0000
        vertex -4.1800 0.8400 -4.0000
    endloop
endfacet
facet normal 0.0000 0.0000 -0.4250
    outer loop
        vertex -4.4600 2.1000 -4.0000
        vertex -4.1400 2.3800 -4.0000
        vertex -4.0800 2.2200 -4.0000
    endloop
endfacet
facet normal 0.0000 0.0000 -0.3600
    outer loop
        vertex -4.1400 2.5600 -4.0000
        vertex -4.1400 2.3800 -4.0000
        vertex -4.4600 2.1000 -4.0000
    endloop
endfacet
facet normal 0.0000 0.0000 -0.8875
    outer loop
        vertex -4.4600 2.1000 -4.0000
        vertex -4.2400 2.8600 -4.0000
        vertex -4.1400 2.5600 -4.0000
    endloop
endfacet
facet normal 0.0000 0.0000 -0.1250
    outer loop
        vertex -4.1000 2.6400 -4.0000
        vertex -4.1400 2.5600 -4.0000
        vertex -4.2400 2.8600 -4.0000
    endloop
endfacet
facet normal 0.0000 0.0000 -0.3200
    outer loop
        vertex -4.2400 2.8600 -4.0000
        vertex -4.0200 2.8800 -4.0000
        vertex -4.1000 2.6400 -4.0000
    endloop
endfacet
facet normal 0.0000 0.0000 -0.2800
    outer loop
        vertex -3.9000 2.6800 -4.0000
        vertex -4.1000 2.6400 -4.0000
        vertex -4.0200 2.8800 -4.0000
    endloop
endfacet
facet normal 0.0000 0.0000 -0.2700
    outer loop
        vertex -4.0200 2.8800 -4.0000
        vertex -3.8400 2.9400 -4.0000
        vertex -3.9000 2.6800 -4.0000
    endloop
endfacet
facet normal 0.0000 0.0000 -0.4800
    outer loop
        vertex -3.6000 2.7000 -4.0000
        vertex -3.9000 2.6800 -4.0000
        vertex -3.8400 2.9400 -4.0000
    endloop
endfacet
facet normal 0.0000 0.0000 -0.1500
    outer loop
        vertex -3.8400 2.9400 -4.0000
        vertex -3.8000 3.0000 -4.0000
        vertex -3.6000 2.7000 -4.0000
    endloop
endfacet
facet normal 0.0000 0.0000 -0.6500
    outer loop
        vertex -3.6000 2.7000 -4.0000
        vertex -3.8000 3.0000 -4.0000
        vertex -3.4400 2.9800 -4.0000
    endloop
endfacet
facet normal 0.0000 0.0000 -0.2350
    outer loop
        vertex -3.4400 2.9800 -4.0000
        vertex -3.3400 2.9200 -4.0000
        vertex -3.6000 2.7000 -4.0000
    endloop
endfacet
facet normal 0.0000 0.0000 -0.4475
    outer loop
        vertex -3.4400 2.5600 -4.0000
        vertex -3.6000 2.7000 -4.0000
        vertex -3.3400 2.9200 -4.0000
    endloop
endfacet
facet normal 0.0000 0.0000 -0.4225
    outer loop
        vertex -3.3400 2.9200 -4.0000
        vertex -3.2800 2.4600 -4.0000
        vertex -3.4400 2.5600 -4.0000
    endloop
endfacet
facet normal 0.0000 0.0000 -0.4300
    outer loop
        vertex -3.1200 2.3800 -4.0000
        vertex -3.2800 2.4600 -4.0000
        vertex -3.3400 2.9200 -4.0000
    endloop
endfacet
facet normal 0.0000 0.0000 -2.1325
    outer loop
        vertex -3.3400 2.9200 -4.0000
        vertex -2.7000 2.9000 -4.0000
        vertex -3.1200 2.3800 -4.0000
    endloop
endfacet
facet normal 0.0000 0.0000 -0.5225
    outer loop
        vertex -3.1200 2.3800 -4.0000
        vertex -2.7000 2.9000 -4.0000
        vertex -2.6200 2.8000 -4.0000
    endloop
endfacet
facet normal 0.0000 0.0000 -0.5650
    outer loop
        vertex -3.1200 2.3800 -4.0000
        vertex -2.6200 2.8000 -4.0000
        vertex -2.5000 2.7200 -4.0000
    endloop
endfacet
facet normal 0.0000 0.0000 -0.7625
    outer loop
        vertex -2.5000 2.7200 -4.0000
        vertex -2.3600 2.6000 -4.0000
        vertex -3.1200 2.3800 -4.0000
    endloop
endfacet
facet normal 0.0000 0.0000 -0.5300
    outer loop
        vertex -3.1200 2.3800 -4.0000
        vertex -2.3600 2.6000 -4.0000
        vertex -2.3200 2.5000 -4.0000
    endloop
endfacet
facet normal 0.0000 0.0000 -0.7000
    outer loop
        vertex -2.3200 2.5000 -4.0000
        vertex -2.3200 2.3600 -4.0000
        vertex -3.1200 2.3800 -4.0000
    endloop
endfacet
facet normal 0.0000 0.0000 -0.8075
    outer loop
        vertex -3.1200 2.3800 -4.0000
        vertex -2.3200 2.3600 -4.0000
        vertex -2.3800 2.2000 -4.0000
    endloop
endfacet
facet normal 0.0000 0.0000 -1.7975
    outer loop
        vertex -2.3800 2.2000 -4.0000
        vertex -2.5800 1.8600 -4.0000
        vertex -3.1200 2.3800 -4.0000
    endloop
endfacet
facet normal 0.0000 0.0000 -1.0525
    outer loop
        vertex -3.3400 2.2800 -4.0000
        vertex -3.1200 2.3800 -4.0000
        vertex -2.5800 1.8600 -4.0000
    endloop
endfacet
facet normal 0.0000 0.0000 -1.4300
    outer loop
        vertex -2.5800 1.8600 -4.0000
        vertex -2.9800 1.7800 -4.0000
        vertex -3.3400 2.2800 -4.0000
    endloop
endfacet
facet normal 0.0000 0.0000 -0.4350
    outer loop
        vertex -4.4600 2.1000 -4.0000
        vertex -4.3200 2.9000 -4.0000
        vertex -4.2400 2.8600 -4.0000
    endloop
endfacet
facet normal 0.0000 0.0000 -0.4400
    outer loop
        vertex -4.3800 3.0600 -4.0000
        vertex -4.3200 2.9000 -4.0000
        vertex -4.4600 2.1000 -4.0000
    endloop
endfacet
facet normal 0.0000 0.0000 -2.6300
    outer loop
        vertex -4.4600 2.1000 -4.0000
        vertex -4.7600 3.7600 -4.0000
        vertex -4.3800 3.0600 -4.0000
    endloop
endfacet
facet normal 0.0000 0.0000 -0.0975
    outer loop
        vertex -4.3400 3.5400 -4.0000
        vertex -4.3200 3.3000 -4.0000
        vertex -4.3800 3.2400 -4.0000
    endloop
endfacet
facet normal 0.0000 0.0000 -0.1925
    outer loop
        vertex -4.3800 3.2400 -4.0000
        vertex -4.4400 3.5600 -4.0000
        vertex -4.3400 3.5400 -4.0000
    endloop
endfacet
facet normal 0.0000 0.0000 -0.3550
    outer loop
        vertex -4.4800 3.6400 -4.0000
        vertex -4.7600 3.7600 -4.0000
        vertex -4.5200 3.8600 -4.0000
    endloop
endfacet
facet normal 0.0000 0.0000 -0.1100
    outer loop
        vertex -4.7600 3.7600 -4.0000
        vertex -4.4800 3.6400 -4.0000
        vertex -4.4400 3.5600 -4.0000
    endloop
endfacet
facet normal 0.0000 0.0000 -0.5650
    outer loop
        vertex -4.4400 3.5600 -4.0000
        vertex -4.3800 3.2400 -4.0000
        vertex -4.7600 3.7600 -4.0000
    endloop
endfacet
facet normal 0.0000 0.0000 -0.4275
    outer loop
        vertex -4.3800 3.0600 -4.0000
        vertex -4.7600 3.7600 -4.0000
        vertex -4.3800 3.2400 -4.0000
    endloop
endfacet
facet normal 0.0000 0.0000 -0.1525
    outer loop
        vertex -4.3200 3.3000 -4.0000
        vertex -4.3400 3.5400 -4.0000
        vertex -4.2400 3.5600 -4.0000
    endloop
endfacet
facet normal 0.0000 0.0000 -0.4575
    outer loop
        vertex -4.2400 3.5600 -4.0000
        vertex -4.0200 3.3600 -4.0000
        vertex -4.3200 3.3000 -4.0000
    endloop
endfacet
facet normal 0.0000 0.0000 -0.1075
    outer loop
        vertex -4.0200 3.3600 -4.0000
        vertex -4.2400 3.5600 -4.0000
        vertex -4.2200 3.6200 -4.0000
    endloop
endfacet
facet normal 0.0000 0.0000 -0.1700
    outer loop
        vertex -4.2200 3.6200 -4.0000
        vertex -3.9000 3.3400 -4.0000
        vertex -4.0200 3.3600 -4.0000
    endloop
endfacet
facet normal 0.0000 0.0000 -0.8150
    outer loop
        vertex -3.9000 3.3400 -4.0000
        vertex -4.2200 3.6200 -4.0000
        vertex -3.6400 3.5200 -4.0000
    endloop
endfacet
facet normal 0.0000 0.0000 -0.3800
    outer loop
        vertex -3.6400 3.5200 -4.0000
        vertex -3.6200 3.3000 -4.0000
        vertex -3.9000 3.3400 -4.0000
    endloop
endfacet
facet normal 0.0000 0.0000 -0.2700
    outer loop
        vertex -3.8600 3.1800 -4.0000
        vertex -3.9000 3.3400 -4.0000
        vertex -3.6200 3.3000 -4.0000
    endloop
endfacet
facet normal 0.0000 0.0000 -0.2850
    outer loop
        vertex -3.6200 3.3000 -4.0000
        vertex -3.5600 3.1400 -4.0000
        vertex -3.8600 3.1800 -4.0000
    endloop
endfacet
facet normal 0.0000 0.0000 -0.3225
    outer loop
        vertex -3.8000 3.0000 -4.0000
        vertex -3.8600 3.1800 -4.0000
        vertex -3.5600 3.1400 -4.0000
    endloop
endfacet
facet normal 0.0000 0.0000 -0.3450
    outer loop
        vertex -3.5600 3.1400 -4.0000
        vertex -3.4400 2.9800 -4.0000
        vertex -3.8000 3.0000 -4.0000
    endloop
endfacet
facet normal 0.0000 0.0000 -0.3000
    outer loop
        vertex -4.5200 4.0600 -4.0000
        vertex -4.5200 3.8600 -4.0000
        vertex -4.7600 3.7600 -4.0000
    endloop
endfacet
facet normal 0.0000 0.0000 -0.4650
    outer loop
        vertex -4.7600 3.7600 -4.0000
        vertex -4.5600 4.3200 -4.0000
        vertex -4.5200 4.0600 -4.0000
    endloop
endfacet
facet normal 0.0000 0.0000 -2.1550
    outer loop
        vertex -4.5600 4.3200 -4.0000
        vertex -4.7600 3.7600 -4.0000
        vertex -4.9400 4.9800 -4.0000
    endloop
endfacet
facet normal 0.0000 0.0000 -0.7975
    outer loop
        vertex -4.9400 4.9800 -4.0000
        vertex -4.6200 4.7600 -4.0000
        vertex -4.5600 4.3200 -4.0000
    endloop
endfacet
facet normal 0.0000 0.0000 -0.3200
    outer loop
        vertex -4.6200 4.7600 -4.0000
        vertex -4.9400 4.9800 -4.0000
        vertex -4.9400 5.1400 -4.0000
    endloop
endfacet
facet normal 0.0000 0.0000 -0.7925
    outer loop
        vertex -4.9400 5.1400 -4.0000
        vertex -4.6400 5.1800 -4.0000
        vertex -4.6200 4.7600 -4.0000
    endloop
endfacet
facet normal 0.0000 0.0000 -0.2200
    outer loop
        vertex -4.6400 5.1800 -4.0000
        vertex -4.9400 5.1400 -4.0000
        vertex -4.9200 5.2600 -4.0000
    endloop
endfacet
facet normal 0.0000 0.0000 -0.1750
    outer loop
        vertex -4.9200 5.2600 -4.0000
        vertex -4.6400 5.2800 -4.0000
        vertex -4.6400 5.1800 -4.0000
    endloop
endfacet
facet normal 0.0000 0.0000 -0.1725
    outer loop
        vertex -4.9200 5.2600 -4.0000
        vertex -4.6200 5.3800 -4.0000
        vertex -4.6400 5.2800 -4.0000
    endloop
endfacet
facet normal 0.0000 0.0000 -0.3500
    outer loop
        vertex -3.6400 3.5200 -4.0000
        vertex -4.2200 3.6200 -4.0000
        vertex -4.2400 3.7200 -4.0000
    endloop
endfacet
facet normal 0.0000 0.0000 -0.8000
    outer loop
        vertex -4.2400 3.7200 -4.0000
        vertex -3.6000 3.7200 -4.0000
        vertex -3.6400 3.5200 -4.0000
    endloop
endfacet
facet normal 0.0000 0.0000 -1.4400
    outer loop
        vertex -3.6000 3.7200 -4.0000
        vertex -4.2400 3.7200 -4.0000
        vertex -4.0000 4.0800 -4.0000
    endloop
endfacet
facet normal 0.0000 0.0000 -0.6900
    outer loop
        vertex -4.0000 4.0800 -4.0000
        vertex -3.5600 3.9600 -4.0000
        vertex -3.6000 3.7200 -4.0000
    endloop
endfacet
facet normal 0.0000 0.0000 -0.4050
    outer loop
        vertex -3.5600 3.9600 -4.0000
        vertex -4.0000 4.0800 -4.0000
        vertex -3.9000 4.2000 -4.0000
    endloop
endfacet
facet normal 0.0000 0.0000 -0.3825
    outer loop
        vertex -3.9000 4.2000 -4.0000
        vertex -3.5600 4.1400 -4.0000
        vertex -3.5600 3.9600 -4.0000
    endloop
endfacet
facet normal 0.0000 0.0000 -0.1875
    outer loop
        vertex -3.5600 4.1400 -4.0000
        vertex -3.9000 4.2000 -4.0000
        vertex -3.7400 4.2600 -4.0000
    endloop
endfacet
facet normal 0.0000 0.0000 -0.0525
    outer loop
        vertex -3.7400 4.2600 -4.0000
        vertex -3.6400 4.2400 -4.0000
        vertex -3.5600 4.1400 -4.0000
    endloop
endfacet
facet normal 0.0000 0.0000 -0.4500
    outer loop
        vertex -4.0000 4.0800 -4.0000
        vertex -4.2400 3.7200 -4.0000
        vertex -4.3200 3.9000 -4.0000
    endloop
endfacet
facet normal 0.0000 0.0000 -0.4625
    outer loop
        vertex -4.3200 3.9000 -4.0000
        vertex -4.3400 4.1200 -4.0000
        vertex -4.0000 4.0800 -4.0000
    endloop
endfacet
facet normal 0.0000 0.0000 -0.4200
    outer loop
        vertex -4.0200 4.2800 -4.0000
        vertex -4.0000 4.0800 -4.0000
        vertex -4.3400 4.1200 -4.0000
    endloop
endfacet
facet normal 0.0000 0.0000 -0.5000
    outer loop
        vertex -4.3400 4.1200 -4.0000
        vertex -4.3200 4.3800 -4.0000
        vertex -4.0200 4.2800 -4.0000
    endloop
endfacet
facet normal 0.0000 0.0000 -0.3475
    outer loop
        vertex -4.3200 4.3800 -4.0000
        vertex -4.2600 4.5800 -4.0000
        vertex -4.0000 4.5200 -4.0000
    endloop
endfacet
facet normal 0.0000 0.0000 -0.4625
    outer loop
        vertex -4.0000 4.5200 -4.0000
        vertex -4.0200 4.2800 -4.0000
        vertex -4.3200 4.3800 -4.0000
    endloop
endfacet
facet normal 0.0000 0.0000 -0.4425
    outer loop
        vertex -3.8600 4.7600 -4.0000
        vertex -4.0000 4.5200 -4.0000
        vertex -4.2600 4.5800 -4.0000
    endloop
endfacet
facet normal 0.0000 0.0000 -0.9800
    outer loop
        vertex -4.2600 4.5800 -4.0000
        vertex -4.0200 5.0800 -4.0000
        vertex -3.8600 4.7600 -4.0000
    endloop
endfacet
facet normal 0.0000 0.0000 -0.7275
    outer loop
        vertex -4.0200 5.0800 -4.0000
        vertex -4.2600 4.5800 -4.0000
        vertex -4.3200 4.9400 -4.0000
    endloop
endfacet
facet normal 0.0000 0.0000 -0.1450
    outer loop
        vertex -4.3200 4.9400 -4.0000
        vertex -4.1000 5.1200 -4.0000
        vertex -4.0200 5.0800 -4.0000
    endloop
endfacet
facet normal 0.0000 0.0000 -0.1275
    outer loop
        vertex -4.1400 5.1800 -4.0000
        vertex -4.1000 5.1200 -4.0000
        vertex -4.3200 4.9400 -4.0000
    endloop
endfacet
facet normal 0.0000 0.0000 -0.5100
    outer loop
        vertex -4.3200 4.9400 -4.0000
        vertex -4.4200 5.2600 -4.0000
        vertex -4.1400 5.1800 -4.0000
    endloop
endfacet
facet normal 0.0000 0.0000 -0.4000
    outer loop
        vertex -4.1800 5.4200 -4.0000
        vertex -4.1400 5.1800 -4.0000
        vertex -4.4200 5.2600 -4.0000
    endloop
endfacet
facet normal 0.0000 0.0000 -0.2100
    outer loop
        vertex -4.4200 5.2600 -4.0000
        vertex -4.4200 5.4000 -4.0000
        vertex -4.1800 5.4200 -4.0000
    endloop
endfacet
facet normal 0.0000 0.0000 -0.1175
    outer loop
        vertex -4.4200 5.4000 -4.0000
        vertex -4.4600 5.4600 -4.0000
        vertex -4.1600 5.4800 -4.0000
    endloop
endfacet
facet normal 0.0000 0.0000 -0.0875
    outer loop
        vertex -4.1600 5.4800 -4.0000
        vertex -4.1800 5.4200 -4.0000
        vertex -4.4200 5.4000 -4.0000
    endloop
endfacet
facet normal 0.0000 0.0000 -0.2200
    outer loop
        vertex -3.8600 4.7600 -4.0000
        vertex -4.0200 5.0800 -4.0000
        vertex -3.9200 5.1000 -4.0000
    endloop
endfacet
facet normal 0.0000 0.0000 -0.7925
    outer loop
        vertex -3.9200 5.1000 -4.0000
        vertex -3.5400 5.0600 -4.0000
        vertex -3.8600 4.7600 -4.0000
    endloop
endfacet
facet normal 0.0000 0.0000 -0.1525
    outer loop
        vertex -3.5400 5.0600 -4.0000
        vertex -3.9200 5.1000 -4.0000
        vertex -3.8800 5.1600 -4.0000
    endloop
endfacet
facet normal 0.0000 0.0000 -0.5800
    outer loop
        vertex -3.8800 5.1600 -4.0000
        vertex -3.7000 5.3800 -4.0000
        vertex -3.5400 5.0600 -4.0000
    endloop
endfacet
facet normal 0.0000 0.0000 -0.1525
    outer loop
        vertex -3.8800 5.1600 -4.0000
        vertex -3.8600 5.3200 -4.0000
        vertex -3.7000 5.3800 -4.0000
    endloop
endfacet
facet normal 0.0000 0.0000 -0.3600
    outer loop
        vertex -3.5400 5.0600 -4.0000
        vertex -3.7000 5.3800 -4.0000
        vertex -3.5600 5.4600 -4.0000
    endloop
endfacet
facet normal 0.0000 0.0000 -0.5775
    outer loop
        vertex -3.5600 5.4600 -4.0000
        vertex -3.3200 5.2800 -4.0000
        vertex -3.5400 5.0600 -4.0000
    endloop
endfacet
facet normal 0.0000 0.0000 -0.1350
    outer loop
        vertex -3.3200 5.2800 -4.0000
        vertex -3.5600 5.4600 -4.0000
        vertex -3.5200 5.5200 -4.0000
    endloop
endfacet
facet normal 0.0000 0.0000 -0.7050
    outer loop
        vertex -3.5200 5.5200 -4.0000
        vertex -3.1000 5.5800 -4.0000
        vertex -3.3200 5.2800 -4.0000
    endloop
endfacet
facet normal 0.0000 0.0000 -0.1575
    outer loop
        vertex -3.1000 5.5800 -4.0000
        vertex -3.5200 5.5200 -4.0000
        vertex -3.5200 5.5800 -4.0000
    endloop
endfacet
facet normal 0.0000 0.0000 -0.7875
    outer loop
        vertex -3.5200 5.5800 -4.0000
        vertex -3.3600 5.8800 -4.0000
        vertex -3.1000 5.5800 -4.0000
    endloop
endfacet
facet normal 0.0000 0.0000 -0.0900
    outer loop
        vertex -4.5400 5.4600 -4.0000
        vertex -4.6200 5.3800 -4.0000
        vertex -4.9200 5.2600 -4.0000
    endloop
endfacet
facet normal 0.0000 0.0000 -1.7450
    outer loop
        vertex -4.9200 5.2600 -4.0000
        vertex -4.3400 6.3000 -4.0000
        vertex -4.5400 5.4600 -4.0000
    endloop
endfacet
facet normal 0.0000 0.0000 -0.4200
    outer loop
        vertex -4.4600 5.4600 -4.0000
        vertex -4.5400 5.4600 -4.0000
        vertex -4.3400 6.3000 -4.0000
    endloop
endfacet
facet normal 0.0000 0.0000 -1.5600
    outer loop
        vertex -4.3400 6.3000 -4.0000
        vertex -4.1600 5.4800 -4.0000
        vertex -4.4600 5.4600 -4.0000
    endloop
endfacet
facet normal 0.0000 0.0000 -0.3525
    outer loop
        vertex -4.1000 5.5200 -4.0000
        vertex -4.1600 5.4800 -4.0000
        vertex -4.3400 6.3000 -4.0000
    endloop
endfacet
facet normal 0.0000 0.0000 -0.6375
    outer loop
        vertex -4.3400 6.3000 -4.0000
        vertex -4.2400 6.4000 -4.0000
        vertex -4.1000 5.5200 -4.0000
    endloop
endfacet
facet normal 0.0000 0.0000 -2.1925
    outer loop
        vertex -4.1000 5.5200 -4.0000
        vertex -4.2400 6.4000 -4.0000
        vertex -3.8000 6.1400 -4.0000
    endloop
endfacet
facet normal 0.0000 0.0000 -0.6450
    outer loop
        vertex -3.8000 6.1400 -4.0000
        vertex -3.7400 5.9200 -4.0000
        vertex -4.1000 5.5200 -4.0000
    endloop
endfacet
facet normal 0.0000 0.0000 -0.2850
    outer loop
        vertex -4.1000 5.5200 -4.0000
        vertex -3.7400 5.9200 -4.0000
        vertex -3.6800 5.8600 -4.0000
    endloop
endfacet
facet normal 0.0000 0.0000 -0.6300
    outer loop
        vertex -3.6800 5.8600 -4.0000
        vertex -3.6800 5.6200 -4.0000
        vertex -4.1000 5.5200 -4.0000
    endloop
endfacet
facet normal 0.0000 0.0000 -0.1500
    outer loop
        vertex -3.6800 5.6200 -4.0000
        vertex -3.6800 5.8600 -4.0000
        vertex -3.5800 5.8400 -4.0000
    endloop
endfacet
facet normal 0.0000 0.0000 -0.1375
    outer loop
        vertex -3.5800 5.8400 -4.0000
        vertex -3.5800 5.6200 -4.0000
        vertex -3.6800 5.6200 -4.0000
    endloop
endfacet
facet normal 0.0000 0.0000 -0.0825
    outer loop
        vertex -3.5200 5.5800 -4.0000
        vertex -3.5800 5.6200 -4.0000
        vertex -3.5800 5.8400 -4.0000
    endloop
endfacet
facet normal 0.0000 0.0000 -0.3725
    outer loop
        vertex -3.5800 5.8400 -4.0000
        vertex -3.3600 5.8800 -4.0000
        vertex -3.5200 5.5800 -4.0000
    endloop
endfacet
facet normal 0.0000 0.0000 -0.1775
    outer loop
        vertex -3.1000 5.5800 -4.0000
        vertex -3.3600 5.8800 -4.0000
        vertex -3.3000 5.9200 -4.0000
    endloop
endfacet
facet normal 0.0000 0.0000 -0.6900
    outer loop
        vertex -3.3000 5.9200 -4.0000
        vertex -2.9400 5.8600 -4.0000
        vertex -3.1000 5.5800 -4.0000
    endloop
endfacet
facet normal 0.0000 0.0000 -0.6750
    outer loop
        vertex -2.7600 5.5000 -4.0000
        vertex -3.1000 5.5800 -4.0000
        vertex -2.9400 5.8600 -4.0000
    endloop
endfacet
facet normal 0.0000 0.0000 -0.5625
    outer loop
        vertex -2.9400 5.8600 -4.0000
        vertex -2.6600 5.8000 -4.0000
        vertex -2.7600 5.5000 -4.0000
    endloop
endfacet
facet normal 0.0000 0.0000 -0.3750
    outer loop
        vertex -2.5600 5.5000 -4.0000
        vertex -2.7600 5.5000 -4.0000
        vertex -2.6600 5.8000 -4.0000
    endloop
endfacet
facet normal 0.0000 0.0000 -0.3375
    outer loop
        vertex -2.6600 5.8000 -4.0000
        vertex -2.4200 5.6200 -4.0000
        vertex -2.5600 5.5000 -4.0000
    endloop
endfacet
facet normal 0.0000 0.0000 -0.5625
    outer loop
        vertex -2.4200 5.6200 -4.0000
        vertex -2.6600 5.8000 -4.0000
        vertex -2.4000 5.9800 -4.0000
    endloop
endfacet
facet normal 0.0000 0.0000 -0.3550
    outer loop
        vertex -2.4000 5.9800 -4.0000
        vertex -2.2600 5.6600 -4.0000
        vertex -2.4200 5.6200 -4.0000
    endloop
endfacet
facet normal 0.0000 0.0000 -0.1800
    outer loop
        vertex -1.9800 5.9000 -4.0000
        vertex -2.1400 5.6600 -4.0000
        vertex -2.2600 5.6600 -4.0000
    endloop
endfacet
facet normal 0.0000 0.0000 -0.7700
    outer loop
        vertex -2.2600 5.6600 -4.0000
        vertex -2.4000 5.9800 -4.0000
        vertex -1.9800 5.9000 -4.0000
    endloop
endfacet
facet normal 0.0000 0.0000 -0.8575
    outer loop
        vertex -2.2600 6.2800 -4.0000
        vertex -1.9800 5.9000 -4.0000
        vertex -2.4000 5.9800 -4.0000
    endloop
endfacet
facet normal 0.0000 0.0000 -0.5325
    outer loop
        vertex -2.4000 5.9800 -4.0000
        vertex -2.6000 6.1600 -4.0000
        vertex -2.2600 6.2800 -4.0000
    endloop
endfacet
facet normal 0.0000 0.0000 -0.1275
    outer loop
        vertex -2.2600 6.3400 -4.0000
        vertex -2.2600 6.2800 -4.0000
        vertex -2.6000 6.1600 -4.0000
    endloop
endfacet
facet normal 0.0000 0.0000 -0.3025
    outer loop
        vertex -2.6000 6.1600 -4.0000
        vertex -2.6800 6.2600 -4.0000
        vertex -2.2600 6.3400 -4.0000
    endloop
endfacet
facet normal 0.0000 0.0000 -0.1475
    outer loop
        vertex -2.2400 6.4000 -4.0000
        vertex -2.2600 6.3400 -4.0000
        vertex -2.6800 6.2600 -4.0000
    endloop
endfacet
facet normal 0.0000 0.0000 -0.6875
    outer loop
        vertex -2.6800 6.2600 -4.0000
        vertex -3.3400 6.3000 -4.0000
        vertex -2.2400 6.4000 -4.0000
    endloop
endfacet
facet normal 0.0000 0.0000 -0.1950
    outer loop
        vertex -2.9400 5.8600 -4.0000
        vertex -3.3000 5.9200 -4.0000
        vertex -3.2600 6.0000 -4.0000
    endloop
endfacet
facet normal 0.0000 0.0000 -0.4925
    outer loop
        vertex -3.2600 6.0000 -4.0000
        vertex -2.8800 6.0800 -4.0000
        vertex -2.9400 5.8600 -4.0000
    endloop
endfacet
facet normal 0.0000 0.0000 -0.5800
    outer loop
        vertex -2.8800 6.0800 -4.0000
        vertex -3.2600 6.0000 -4.0000
        vertex -3.2800 6.2400 -4.0000
    endloop
endfacet
facet normal 0.0000 0.0000 -0.4400
    outer loop
        vertex -3.2800 6.2400 -4.0000
        vertex -2.8400 6.2400 -4.0000
        vertex -2.8800 6.0800 -4.0000
    endloop
endfacet
facet normal 0.0000 0.0000 -0.1650
    outer loop
        vertex -2.8400 6.2400 -4.0000
        vertex -3.2800 6.2400 -4.0000
        vertex -3.3400 6.3000 -4.0000
    endloop
endfacet
facet normal 0.0000 0.0000 -0.1225
    outer loop
        vertex -3.3400 6.3000 -4.0000
        vertex -2.6800 6.2600 -4.0000
        vertex -2.8400 6.2400 -4.0000
    endloop
endfacet
facet normal 0.0000 0.0000 -0.3925
    outer loop
        vertex -3.8000 6.1400 -4.0000
        vertex -4.2400 6.4000 -4.0000
        vertex -4.1000 6.4600 -4.0000
    endloop
endfacet
facet normal 0.0000 0.0000 -0.1900
    outer loop
        vertex -4.1000 6.4600 -4.0000
        vertex -3.7800 6.2200 -4.0000
        vertex -3.8000 6.1400 -4.0000
    endloop
endfacet
facet normal 0.0000 0.0000 -0.1700
    outer loop
        vertex -3.7800 6.2200 -4.0000
        vertex -4.1000 6.4600 -4.0000
        vertex -3.7200 6.2600 -4.0000
    endloop
endfacet
facet normal 0.0000 0.0000 -0.4950
    outer loop
        vertex -3.4000 6.3000 -4.0000
        vertex -3.7200 6.2600 -4.0000
        vertex -4.1000 6.4600 -4.0000
    endloop
endfacet
facet normal 0.0000 0.0000 -4.0000
    outer loop
        vertex -4.1000 6.4600 -4.0000
        vertex -1.5000 6.7800 -4.0000
        vertex -3.4000 6.3000 -4.0000
    endloop
endfacet
facet normal 0.0000 0.0000 -0.2350
    outer loop
        vertex -1.9000 6.4200 -4.0000
        vertex -1.9600 6.4600 -4.0000
        vertex -1.5000 6.7800 -4.0000
    endloop
endfacet
facet normal 0.0000 0.0000 -0.2700
    outer loop
        vertex -1.5000 6.7800 -4.0000
        vertex -1.3800 6.7800 -4.0000
        vertex -1.9000 6.4200 -4.0000
    endloop
endfacet
facet normal 0.0000 0.0000 -0.2850
    outer loop
        vertex -1.8600 6.3600 -4.0000
        vertex -1.9000 6.4200 -4.0000
        vertex -1.3800 6.7800 -4.0000
    endloop
endfacet
facet normal 0.0000 0.0000 -0.4800
    outer loop
        vertex -1.3800 6.7800 -4.0000
        vertex -1.2200 6.7600 -4.0000
        vertex -1.8600 6.3600 -4.0000
    endloop
endfacet
facet normal 0.0000 0.0000 -0.3875
    outer loop
        vertex -1.5000 6.7800 -4.0000
        vertex -1.9600 6.4600 -4.0000
        vertex -2.2400 6.4000 -4.0000
    endloop
endfacet
facet normal 0.0000 0.0000 -2.1500
    outer loop
        vertex -2.2400 6.4000 -4.0000
        vertex -3.3400 6.3000 -4.0000
        vertex -1.5000 6.7800 -4.0000
    endloop
endfacet
facet normal 0.0000 0.0000 -0.1800
    outer loop
        vertex -3.3400 6.3000 -4.0000
        vertex -3.4000 6.3000 -4.0000
        vertex -1.5000 6.7800 -4.0000
    endloop
endfacet
facet normal 0.0000 0.0000 -0.1800
    outer loop
        vertex -2.1400 5.6600 -4.0000
        vertex -1.9800 5.9000 -4.0000
        vertex -1.9000 5.8400 -4.0000
    endloop
endfacet
facet normal 0.0000 0.0000 -0.4950
    outer loop
        vertex -1.9000 5.8400 -4.0000
        vertex -1.9400 5.4800 -4.0000
        vertex -2.1400 5.6600 -4.0000
    endloop
endfacet
facet normal 0.0000 0.0000 -0.1400
    outer loop
        vertex -1.9400 5.4800 -4.0000
        vertex -1.9000 5.8400 -4.0000
        vertex -1.8400 5.8200 -4.0000
    endloop
endfacet
facet normal 0.0000 0.0000 -0.7925
    outer loop
        vertex -1.8400 5.8200 -4.0000
        vertex -1.5200 5.6400 -4.0000
        vertex -1.9400 5.4800 -4.0000
    endloop
endfacet
facet normal 0.0000 0.0000 -0.2975
    outer loop
        vertex -1.5400 5.8000 -4.0000
        vertex -1.5200 5.6400 -4.0000
        vertex -1.8400 5.8200 -4.0000
    endloop
endfacet
facet normal 0.0000 0.0000 -0.0800
    outer loop
        vertex -1.8400 5.8200 -4.0000
        vertex -1.8000 5.8600 -4.0000
        vertex -1.5400 5.8000 -4.0000
    endloop
endfacet
facet normal 0.0000 0.0000 -0.1950
    outer loop
        vertex -1.5400 5.9200 -4.0000
        vertex -1.5400 5.8000 -4.0000
        vertex -1.8000 5.8600 -4.0000
    endloop
endfacet
facet normal 0.0000 0.0000 -0.1300
    outer loop
        vertex -1.8000 5.8600 -4.0000
        vertex -1.8000 5.9400 -4.0000
        vertex -1.5400 5.9200 -4.0000
    endloop
endfacet
facet normal 0.0000 0.0000 -0.1025
    outer loop
        vertex -1.5000 5.9800 -4.0000
        vertex -1.5400 5.9200 -4.0000
        vertex -1.8000 5.9400 -4.0000
    endloop
endfacet
facet normal 0.0000 0.0000 -0.8025
    outer loop
        vertex -1.8000 5.9400 -4.0000
        vertex -1.8600 6.3600 -4.0000
        vertex -1.5000 5.9800 -4.0000
    endloop
endfacet
facet normal 0.0000 0.0000 -2.4200
    outer loop
        vertex -1.5000 5.9800 -4.0000
        vertex -1.8600 6.3600 -4.0000
        vertex -1.2200 6.7600 -4.0000
    endloop
endfacet
facet normal 0.0000 0.0000 -1.3575
    outer loop
        vertex -1.2200 6.7600 -4.0000
        vertex -1.2000 6.0400 -4.0000
        vertex -1.5000 5.9800 -4.0000
    endloop
endfacet
facet normal 0.0000 0.0000 -0.1700
    outer loop
        vertex -0.8400 5.9400 -4.0000
        vertex -1.0400 5.8600 -4.0000
        vertex -1.0800 5.9800 -4.0000
    endloop
endfacet
facet normal 0.0000 0.0000 -0.2050
    outer loop
        vertex -1.0800 5.9800 -4.0000
        vertex -0.8600 6.0800 -4.0000
        vertex -0.8400 5.9400 -4.0000
    endloop
endfacet
facet normal 0.0000 0.0000 -0.0800
    outer loop
        vertex -0.8600 6.0800 -4.0000
        vertex -1.0800 5.9800 -4.0000
        vertex -1.1200 6.0200 -4.0000
    endloop
endfacet
facet normal 0.0000 0.0000 -0.0825
    outer loop
        vertex -1.1200 6.0200 -4.0000
        vertex -0.8200 6.1400 -4.0000
        vertex -0.8600 6.0800 -4.0000
    endloop
endfacet
facet normal 0.0000 0.0000 -0.0975
    outer loop
        vertex -0.8200 6.1400 -4.0000
        vertex -1.1200 6.0200 -4.0000
        vertex -1.2000 6.0400 -4.0000
    endloop
endfacet
facet normal 0.0000 0.0000 -1.7225
    outer loop
        vertex -1.2000 6.0400 -4.0000
        vertex -1.2200 6.7600 -4.0000
        vertex -0.8200 6.1400 -4.0000
    endloop
endfacet
facet normal 0.0000 0.0000 -1.7850
    outer loop
        vertex -0.8200 6.1400 -4.0000
        vertex -1.2200 6.7600 -4.0000
        vertex -0.5400 6.4200 -4.0000
    endloop
endfacet
facet normal 0.0000 0.0000 -0.2100
    outer loop
        vertex -0.5400 6.4200 -4.0000
        vertex -0.6800 6.1600 -4.0000
        vertex -0.8200 6.1400 -4.0000
    endloop
endfacet
facet normal 0.0000 0.0000 -0.1150
    outer loop
        vertex -0.6200 6.1400 -4.0000
        vertex -0.6800 6.1600 -4.0000
        vertex -0.5400 6.4200 -4.0000
    endloop
endfacet
facet normal 0.0000 0.0000 -0.3050
    outer loop
        vertex -0.5400 6.4200 -4.0000
        vertex -0.4000 6.3000 -4.0000
        vertex -0.6200 6.1400 -4.0000
    endloop
endfacet
facet normal 0.0000 0.0000 -0.2650
    outer loop
        vertex -0.6200 6.1400 -4.0000
        vertex -0.4000 6.3000 -4.0000
        vertex -0.3000 6.1800 -4.0000
    endloop
endfacet
facet normal 0.0000 0.0000 -0.2600
    outer loop
        vertex -0.3000 6.1800 -4.0000
        vertex -0.5400 6.0200 -4.0000
        vertex -0.6200 6.1400 -4.0000
    endloop
endfacet
facet normal 0.0000 0.0000 -0.2300
    outer loop
        vertex -0.5200 5.8800 -4.0000
        vertex -0.5400 6.0200 -4.0000
        vertex -0.3000 6.1800 -4.0000
    endloop
endfacet
facet normal 0.0000 0.0000 -0.8025
    outer loop
        vertex -0.3000 6.1800 -4.0000
        vertex -0.1800 5.7600 -4.0000
        vertex -0.5200 5.8800 -4.0000
    endloop
endfacet
facet normal 0.0000 0.0000 -0.2125
    outer loop
        vertex -0.5200 5.7800 -4.0000
        vertex -0.5200 5.8800 -4.0000
        vertex -0.1800 5.7600 -4.0000
    endloop
endfacet
facet normal 0.0000 0.0000 -0.6675
    outer loop
        vertex -0.1800 5.7600 -4.0000
        vertex -0.4200 5.4600 -4.0000
        vertex -0.5200 5.7800 -4.0000
    endloop
endfacet
facet normal 0.0000 0.0000 -0.0800
    outer loop
        vertex -0.5000 5.5000 -4.0000
        vertex -0.5600 5.7000 -4.0000
        vertex -0.5200 5.7800 -4.0000
    endloop
endfacet
facet normal 0.0000 0.0000 -0.1350
    outer loop
        vertex -0.5200 5.7800 -4.0000
        vertex -0.4200 5.4600 -4.0000
        vertex -0.5000 5.5000 -4.0000
    endloop
endfacet
facet normal 0.0000 0.0000 -0.2550
    outer loop
        vertex -0.3800 5.3400 -4.0000
        vertex -0.4200 5.4600 -4.0000
        vertex -0.1800 5.7600 -4.0000
    endloop
endfacet
facet normal 0.0000 0.0000 -1.2375
    outer loop
        vertex -0.1800 5.7600 -4.0000
        vertex -0.0800 4.9800 -4.0000
        vertex -0.3800 5.3400 -4.0000
    endloop
endfacet
facet normal 0.0000 0.0000 -0.4725
    outer loop
        vertex -0.0800 4.9800 -4.0000
        vertex -0.3400 5.0400 -4.0000
        vertex -0.3800 5.3400 -4.0000
    endloop
endfacet
facet normal 0.0000 0.0000 -0.1525
    outer loop
        vertex -0.6600 5.4800 -4.0000
        vertex -0.6800 5.6800 -4.0000
        vertex -0.5600 5.7000 -4.0000
    endloop
endfacet
facet normal 0.0000 0.0000 -0.2075
    outer loop
        vertex -0.5600 5.7000 -4.0000
        vertex -0.5000 5.5000 -4.0000
        vertex -0.6600 5.4800 -4.0000
    endloop
endfacet
facet normal 0.0000 0.0000 -0.2200
    outer loop
        vertex -0.8000 5.7800 -4.0000
        vertex -1.0000 5.7000 -4.0000
        vertex -1.0400 5.8600 -4.0000
    endloop
endfacet
facet normal 0.0000 0.0000 -0.2200
    outer loop
        vertex -1.0400 5.8600 -4.0000
        vertex -0.8400 5.9400 -4.0000
        vertex -0.8000 5.7800 -4.0000
    endloop
endfacet
facet normal 0.0000 0.0000 -0.0950
    outer loop
        vertex -1.0000 5.7000 -4.0000
        vertex -0.8000 5.7800 -4.0000
        vertex -0.7600 5.7200 -4.0000
    endloop
endfacet
facet normal 0.0000 0.0000 -0.4850
    outer loop
        vertex -0.7600 5.7200 -4.0000
        vertex -0.9600 5.3800 -4.0000
        vertex -1.0000 5.7000 -4.0000
    endloop
endfacet
facet normal 0.0000 0.0000 -0.4600
    outer loop
        vertex -0.7200 5.4200 -4.0000
        vertex -0.9600 5.3800 -4.0000
        vertex -0.7600 5.7200 -4.0000
    endloop
endfacet
facet normal 0.0000 0.0000 -0.1275
    outer loop
        vertex -0.7600 5.7200 -4.0000
        vertex -0.6600 5.4800 -4.0000
        vertex -0.7200 5.4200 -4.0000
    endloop
endfacet
facet normal 0.0000 0.0000 -0.0950
    outer loop
        vertex -0.6600 5.4800 -4.0000
        vertex -0.7600 5.7200 -4.0000
        vertex -0.6800 5.6800 -4.0000
    endloop
endfacet
facet normal 0.0000 0.0000 -0.2100
    outer loop
        vertex -0.7200 5.3000 -4.0000
        vertex -0.9600 5.2400 -4.0000
        vertex -0.9600 5.3800 -4.0000
    endloop
endfacet
facet normal 0.0000 0.0000 -0.1800
    outer loop
        vertex -0.9600 5.3800 -4.0000
        vertex -0.7200 5.4200 -4.0000
        vertex -0.7200 5.3000 -4.0000
    endloop
endfacet
facet normal 0.0000 0.0000 -0.0525
    outer loop
        vertex -0.9800 5.2000 -4.0000
        vertex -0.9600 5.2400 -4.0000
        vertex -0.7200 5.3000 -4.0000
    endloop
endfacet
facet normal 0.0000 0.0000 -0.4150
    outer loop
        vertex -0.7200 5.3000 -4.0000
        vertex -0.6800 5.0600 -4.0000
        vertex -0.9800 5.2000 -4.0000
    endloop
endfacet
facet normal 0.0000 0.0000 -0.0725
    outer loop
        vertex -1.0200 5.1800 -4.0000
        vertex -0.9800 5.2000 -4.0000
        vertex -0.6800 5.0600 -4.0000
    endloop
endfacet
facet normal 0.0000 0.0000 -0.6000
    outer loop
        vertex -0.6800 5.0600 -4.0000
        vertex -1.1400 4.9400 -4.0000
        vertex -1.0200 5.1800 -4.0000
    endloop
endfacet
facet normal 0.0000 0.0000 -0.0750
    outer loop
        vertex -1.1400 4.9400 -4.0000
        vertex -1.0600 5.2000 -4.0000
        vertex -1.0200 5.1800 -4.0000
    endloop
endfacet
facet normal 0.0000 0.0000 -0.1275
    outer loop
        vertex -1.1200 5.2600 -4.0000
        vertex -1.0600 5.2000 -4.0000
        vertex -1.1400 4.9400 -4.0000
    endloop
endfacet
facet normal 0.0000 0.0000 -0.5375
    outer loop
        vertex -1.1400 4.9400 -4.0000
        vertex -1.4000 5.0800 -4.0000
        vertex -1.1200 5.2600 -4.0000
    endloop
endfacet
facet normal 0.0000 0.0000 -0.5725
    outer loop
        vertex -1.3800 5.4200 -4.0000
        vertex -1.1200 5.2600 -4.0000
        vertex -1.4000 5.0800 -4.0000
    endloop
endfacet
facet normal 0.0000 0.0000 -0.5750
    outer loop
        vertex -1.4000 5.0800 -4.0000
        vertex -1.6600 5.2600 -4.0000
        vertex -1.3800 5.4200 -4.0000
    endloop
endfacet
facet normal 0.0000 0.0000 -0.2200
    outer loop
        vertex -1.4600 5.5000 -4.0000
        vertex -1.3800 5.4200 -4.0000
        vertex -1.6600 5.2600 -4.0000
    endloop
endfacet
facet normal 0.0000 0.0000 -0.6950
    outer loop
        vertex -1.6600 5.2600 -4.0000
        vertex -1.9400 5.4800 -4.0000
        vertex -1.4600 5.5000 -4.0000
    endloop
endfacet
facet normal 0.0000 0.0000 -0.4275
    outer loop
        vertex -1.9400 5.4800 -4.0000
        vertex -1.5200 5.6400 -4.0000
        vertex -1.4600 5.5000 -4.0000
    endloop
endfacet
facet normal 0.0000 0.0000 -0.6225
    outer loop
        vertex -1.0000 4.7600 -4.0000
        vertex -1.1400 4.9400 -4.0000
        vertex -0.6800 5.0600 -4.0000
    endloop
endfacet
facet normal 0.0000 0.0000 -1.2275
    outer loop
        vertex -0.6800 5.0600 -4.0000
        vertex -0.5800 4.5400 -4.0000
        vertex -1.0000 4.7600 -4.0000
    endloop
endfacet
facet normal 0.0000 0.0000 -0.4675
    outer loop
        vertex -0.5800 4.5400 -4.0000
        vertex -0.9200 4.5400 -4.0000
        vertex -1.0000 4.7600 -4.0000
    endloop
endfacet
facet normal 0.0000 0.0000 -0.2550
    outer loop
        vertex -0.9000 4.4200 -4.0000
        vertex -0.9200 4.5400 -4.0000
        vertex -0.5800 4.5400 -4.0000
    endloop
endfacet
facet normal 0.0000 0.0000 -0.9150
    outer loop
        vertex -0.5800 4.5400 -4.0000
        vertex -0.4800 4.1200 -4.0000
        vertex -0.9000 4.4200 -4.0000
    endloop
endfacet
facet normal 0.0000 0.0000 -0.3150
    outer loop
        vertex -0.4800 4.1200 -4.0000
        vertex -0.9000 4.3000 -4.0000
        vertex -0.9000 4.4200 -4.0000
    endloop
endfacet
facet normal 0.0000 0.0000 -0.3600
    outer loop
        vertex -0.9400 4.1800 -4.0000
        vertex -0.9000 4.3000 -4.0000
        vertex -0.4800 4.1200 -4.0000
    endloop
endfacet
facet normal 0.0000 0.0000 -0.9025
    outer loop
        vertex -0.4800 4.1200 -4.0000
        vertex -0.7400 3.8400 -4.0000
        vertex -0.9400 4.1800 -4.0000
    endloop
endfacet
facet normal 0.0000 0.0000 -0.2050
    outer loop
        vertex -0.6600 3.8000 -4.0000
        vertex -0.7400 3.8400 -4.0000
        vertex -0.4800 4.1200 -4.0000
    endloop
endfacet
facet normal 0.0000 0.0000 -0.2550
    outer loop
        vertex -0.4800 4.1200 -4.0000
        vertex -0.4200 4.0000 -4.0000
        vertex -0.6600 3.8000 -4.0000
    endloop
endfacet
facet normal 0.0000 0.0000 -0.2000
    outer loop
        vertex -0.6200 3.7000 -4.0000
        vertex -0.6600 3.8000 -4.0000
        vertex -0.4200 4.0000 -4.0000
    endloop
endfacet
facet normal 0.0000 0.0000 -0.1000
    outer loop
        vertex -0.4200 4.0000 -4.0000
        vertex -0.3800 3.9800 -4.0000
        vertex -0.6200 3.7000 -4.0000
    endloop
endfacet
facet normal 0.0000 0.0000 -1.0050
    outer loop
        vertex -0.0800 3.6600 -4.0000
        vertex -0.6200 3.7000 -4.0000
        vertex -0.3800 3.9800 -4.0000
    endloop
endfacet
facet normal 0.0000 0.0000 -0.1175
    outer loop
        vertex -0.3800 3.9800 -4.0000
        vertex -0.3400 4.0000 -4.0000
        vertex -0.0800 3.6600 -4.0000
    endloop
endfacet
facet normal 0.0000 0.0000 -0.1400
    outer loop
        vertex -0.0800 3.6600 -4.0000
        vertex -0.3400 4.0000 -4.0000
        vertex -0.3200 4.0600 -4.0000
    endloop
endfacet
facet normal 0.0000 0.0000 -1.0000
    outer loop
        vertex -0.3200 4.0600 -4.0000
        vertex -0.0400 4.2600 -4.0000
        vertex -0.0800 3.6600 -4.0000
    endloop
endfacet
facet normal 0.0000 0.0000 -0.4650
    outer loop
        vertex -0.0400 4.2600 -4.0000
        vertex -0.3200 4.0600 -4.0000
        vertex -0.3000 4.3400 -4.0000
    endloop
endfacet
facet normal 0.0000 0.0000 -1.1500
    outer loop
        vertex -0.3000 4.3400 -4.0000
        vertex -0.0800 4.9800 -4.0000
        vertex -0.0400 4.2600 -4.0000
    endloop
endfacet
facet normal 0.0000 0.0000 -1.1225
    outer loop
        vertex -0.3000 4.3400 -4.0000
        vertex -0.3400 5.0400 -4.0000
        vertex -0.0800 4.9800 -4.0000
    endloop
endfacet
facet normal 0.0000 0.0000 -0.5400
    outer loop
        vertex -3.3400 2.9200 -4.0000
        vertex -3.3600 3.0600 -4.0000
        vertex -2.7400 3.0400 -4.0000
    endloop
endfacet
facet normal 0.0000 0.0000 -0.5550
    outer loop
        vertex -2.7400 3.0400 -4.0000
        vertex -2.7000 2.9000 -4.0000
        vertex -3.3400 2.9200 -4.0000
    endloop
endfacet
facet normal 0.0000 0.0000 -0.5075
    outer loop
        vertex -3.3600 3.0600 -4.0000
        vertex -3.3400 3.2000 -4.0000
        vertex -2.7600 3.2000 -4.0000
    endloop
endfacet
facet normal 0.0000 0.0000 -0.6175
    outer loop
        vertex -2.7600 3.2000 -4.0000
        vertex -2.7400 3.0400 -4.0000
        vertex -3.3600 3.0600 -4.0000
    endloop
endfacet
facet normal 0.0000 0.0000 -0.4200
    outer loop
        vertex -3.3400 3.2000 -4.0000
        vertex -3.2800 3.3400 -4.0000
        vertex -2.8000 3.3400 -4.0000
    endloop
endfacet
facet normal 0.0000 0.0000 -0.5075
    outer loop
        vertex -2.8000 3.3400 -4.0000
        vertex -2.7600 3.2000 -4.0000
        vertex -3.3400 3.2000 -4.0000
    endloop
endfacet
facet normal 0.0000 0.0000 -0.1275
    outer loop
        vertex -3.2800 3.3400 -4.0000
        vertex -3.1800 3.4200 -4.0000
        vertex -2.9000 3.4400 -4.0000
    endloop
endfacet
facet normal 0.0000 0.0000 -0.3000
    outer loop
        vertex -2.9000 3.4400 -4.0000
        vertex -2.8000 3.3400 -4.0000
        vertex -3.2800 3.3400 -4.0000
    endloop
endfacet
facet normal 0.0000 0.0000 -0.0525
    outer loop
        vertex -3.1800 3.4200 -4.0000
        vertex -3.0400 3.4600 -4.0000
        vertex -2.9000 3.4400 -4.0000
    endloop
endfacet
facet normal 0.0000 0.0000 -0.2900
    outer loop
        vertex -2.5800 1.8600 -4.0000
        vertex -2.3800 2.2000 -4.0000
        vertex -2.2200 2.2400 -4.0000
    endloop
endfacet
facet normal 0.0000 0.0000 -1.3850
    outer loop
        vertex -2.2200 2.2400 -4.0000
        vertex -1.9400 1.9200 -4.0000
        vertex -2.5800 1.8600 -4.0000
    endloop
endfacet
facet normal 0.0000 0.0000 -0.3050
    outer loop
        vertex -1.9400 1.9200 -4.0000
        vertex -2.2200 2.2400 -4.0000
        vertex -2.1200 2.3000 -4.0000
    endloop
endfacet
facet normal 0.0000 0.0000 -0.3075
    outer loop
        vertex -2.1200 2.3000 -4.0000
        vertex -1.8200 1.9400 -4.0000
        vertex -1.9400 1.9200 -4.0000
    endloop
endfacet
facet normal 0.0000 0.0000 -0.5400
    outer loop
        vertex -1.8200 1.9400 -4.0000
        vertex -2.1200 2.3000 -4.0000
        vertex -1.9800 2.4200 -4.0000
    endloop
endfacet
facet normal 0.0000 0.0000 -0.4000
    outer loop
        vertex -1.9800 2.4200 -4.0000
        vertex -1.7000 1.9800 -4.0000
        vertex -1.8200 1.9400 -4.0000
    endloop
endfacet
facet normal 0.0000 0.0000 -0.3400
    outer loop
        vertex -1.7000 1.9800 -4.0000
        vertex -1.9800 2.4200 -4.0000
        vertex -1.9200 2.5200 -4.0000
    endloop
endfacet
facet normal 0.0000 0.0000 -0.3275
    outer loop
        vertex -1.7000 1.9800 -4.0000
        vertex -1.9200 2.5200 -4.0000
        vertex -1.8800 2.6600 -4.0000
    endloop
endfacet
facet normal 0.0000 0.0000 -2.5125
    outer loop
        vertex -1.8800 2.6600 -4.0000
        vertex -1.4000 3.0800 -4.0000
        vertex -1.7000 1.9800 -4.0000
    endloop
endfacet
facet normal 0.0000 0.0000 -8.1625
    outer loop
        vertex -0.1800 3.2000 -4.0000
        vertex -1.7000 1.9800 -4.0000
        vertex -1.4000 3.0800 -4.0000
    endloop
endfacet
facet normal 0.0000 0.0000 -0.8250
    outer loop
        vertex -1.4000 3.0800 -4.0000
        vertex -1.2800 3.2000 -4.0000
        vertex -0.1800 3.2000 -4.0000
    endloop
endfacet
facet normal 0.0000 0.0000 -0.7000
    outer loop
        vertex -1.2800 3.2000 -4.0000
        vertex -1.2400 3.3000 -4.0000
        vertex -0.1200 3.3000 -4.0000
    endloop
endfacet
facet normal 0.0000 0.0000 -0.6875
    outer loop
        vertex -0.1200 3.3000 -4.0000
        vertex -0.1800 3.2000 -4.0000
        vertex -1.2800 3.2000 -4.0000
    endloop
endfacet
facet normal 0.0000 0.0000 -0.4000
    outer loop
        vertex -1.2400 3.3000 -4.0000
        vertex -1.2200 3.4800 -4.0000
        vertex -0.8600 3.5200 -4.0000
    endloop
endfacet
facet normal 0.0000 0.0000 -0.1925
    outer loop
        vertex -0.8600 3.5200 -4.0000
        vertex -0.7200 3.5200 -4.0000
        vertex -1.2400 3.3000 -4.0000
    endloop
endfacet
facet normal 0.0000 0.0000 -1.5400
    outer loop
        vertex -0.1200 3.3000 -4.0000
        vertex -1.2400 3.3000 -4.0000
        vertex -0.7200 3.5200 -4.0000
    endloop
endfacet
facet normal 0.0000 0.0000 -0.3350
    outer loop
        vertex -0.1200 3.3000 -4.0000
        vertex -0.7200 3.5200 -4.0000
        vertex -0.6400 3.5800 -4.0000
    endloop
endfacet
facet normal 0.0000 0.0000 -1.2400
    outer loop
        vertex -0.6400 3.5800 -4.0000
        vertex -0.0800 3.6600 -4.0000
        vertex -0.1200 3.3000 -4.0000
    endloop
endfacet
facet normal 0.0000 0.0000 -0.4100
    outer loop
        vertex -0.6400 3.5800 -4.0000
        vertex -0.6200 3.7000 -4.0000
        vertex -0.0800 3.6600 -4.0000
    endloop
endfacet
facet normal 0.0000 0.0000 -0.2450
    outer loop
        vertex -1.2200 3.4800 -4.0000
        vertex -0.9400 3.6200 -4.0000
        vertex -0.8600 3.5200 -4.0000
    endloop
endfacet
facet normal 0.0000 0.0000 -0.5150
    outer loop
        vertex -1.2200 3.4800 -4.0000
        vertex -1.2600 3.7400 -4.0000
        vertex -0.9400 3.7200 -4.0000
    endloop
endfacet
facet normal 0.0000 0.0000 -0.1750
    outer loop
        vertex -0.9400 3.7200 -4.0000
        vertex -0.9400 3.6200 -4.0000
        vertex -1.2200 3.4800 -4.0000
    endloop
endfacet
facet normal 0.0000 0.0000 -0.1650
    outer loop
        vertex -0.9000 3.8000 -4.0000
        vertex -0.9400 3.7200 -4.0000
        vertex -1.2600 3.7400 -4.0000
    endloop
endfacet
facet normal 0.0000 0.0000 -0.6225
    outer loop
        vertex -1.2600 3.7400 -4.0000
        vertex -1.3600 4.0000 -4.0000
        vertex -0.9000 3.8000 -4.0000
    endloop
endfacet
facet normal 0.0000 0.0000 -1.0425
    outer loop
        vertex -0.9000 3.8000 -4.0000
        vertex -1.3600 4.0000 -4.0000
        vertex -0.9400 4.1800 -4.0000
    endloop
endfacet
facet normal 0.0000 0.0000 -0.3900
    outer loop
        vertex -0.9400 4.1800 -4.0000
        vertex -0.7400 3.8400 -4.0000
        vertex -0.9000 3.8000 -4.0000
    endloop
endfacet
facet normal 0.0000 0.0000 -0.6450
    outer loop
        vertex -0.9400 4.1800 -4.0000
        vertex -1.3600 4.0000 -4.0000
        vertex -1.4200 4.2200 -4.0000
    endloop
endfacet
facet normal 0.0000 0.0000 -0.2800
    outer loop
        vertex -1.4200 4.2200 -4.0000
        vertex -1.0200 4.2800 -4.0000
        vertex -0.9400 4.1800 -4.0000
    endloop
endfacet
facet normal 0.0000 0.0000 -0.1725
    outer loop
        vertex -1.0800 4.3400 -4.0000
        vertex -1.0200 4.2800 -4.0000
        vertex -1.4200 4.2200 -4.0000
    endloop
endfacet
facet normal 0.0000 0.0000 -0.1450
    outer loop
        vertex -1.4200 4.2200 -4.0000
        vertex -1.1600 4.3800 -4.0000
        vertex -1.0800 4.3400 -4.0000
    endloop
endfacet
facet normal 0.0000 0.0000 -0.1525
    outer loop
        vertex -1.2800 4.4000 -4.0000
        vertex -1.1600 4.3800 -4.0000
        vertex -1.4200 4.2200 -4.0000
    endloop
endfacet
facet normal 0.0000 0.0000 -0.0600
    outer loop
        vertex -1.4200 4.2200 -4.0000
        vertex -1.3800 4.3400 -4.0000
        vertex -1.2800 4.4000 -4.0000
    endloop
endfacet
facet normal 0.0000 0.0000 -0.4800
    outer loop
        vertex -1.4000 3.0800 -4.0000
        vertex -1.8800 2.6600 -4.0000
        vertex -1.8800 2.8200 -4.0000
    endloop
endfacet
facet normal 0.0000 0.0000 -0.4800
    outer loop
        vertex -1.8800 2.8200 -4.0000
        vertex -1.4000 3.2400 -4.0000
        vertex -1.4000 3.0800 -4.0000
    endloop
endfacet
facet normal 0.0000 0.0000 -0.5850
    outer loop
        vertex -1.4000 3.2400 -4.0000
        vertex -1.8800 2.8200 -4.0000
        vertex -1.9200 2.9800 -4.0000
    endloop
endfacet
facet normal 0.0000 0.0000 -0.4550
    outer loop
        vertex -1.9200 2.9800 -4.0000
        vertex -1.4400 3.3600 -4.0000
        vertex -1.4000 3.2400 -4.0000
    endloop
endfacet
facet normal 0.0000 0.0000 -0.5500
    outer loop
        vertex -1.4400 3.3600 -4.0000
        vertex -1.9200 2.9800 -4.0000
        vertex -2.0000 3.1000 -4.0000
    endloop
endfacet
facet normal 0.0000 0.0000 -0.4800
    outer loop
        vertex -2.0000 3.1000 -4.0000
        vertex -1.5200 3.4600 -4.0000
        vertex -1.4400 3.3600 -4.0000
    endloop
endfacet
facet normal 0.0000 0.0000 -0.5550
    outer loop
        vertex -1.5200 3.4600 -4.0000
        vertex -2.0000 3.1000 -4.0000
        vertex -2.0600 3.2400 -4.0000
    endloop
endfacet
facet normal 0.0000 0.0000 -0.4625
    outer loop
        vertex -2.0600 3.2400 -4.0000
        vertex -1.6600 3.5400 -4.0000
        vertex -1.5200 3.4600 -4.0000
    endloop
endfacet
facet normal 0.0000 0.0000 -0.4000
    outer loop
        vertex -1.6600 3.5400 -4.0000
        vertex -2.0600 3.2400 -4.0000
        vertex -2.0600 3.4000 -4.0000
    endloop
endfacet
facet normal 0.0000 0.0000 -0.1900
    outer loop
        vertex -2.0600 3.4000 -4.0000
        vertex -1.8200 3.5600 -4.0000
        vertex -1.6600 3.5400 -4.0000
    endloop
endfacet
facet normal 0.0000 0.0000 -0.1000
    outer loop
        vertex -2.0600 3.4000 -4.0000
        vertex -1.9800 3.5200 -4.0000
        vertex -1.8200 3.5600 -4.0000
    endloop
endfacet
facet normal 0.0000 0.0000 -0.3800
    outer loop
        vertex 1.0200 3.8400 -4.0000
        vertex 0.9400 3.9200 -4.0000
        vertex 1.1800 4.4400 -4.0000
    endloop
endfacet
facet normal 0.0000 0.0000 -0.1050
    outer loop
        vertex 0.7400 5.6800 -4.0000
        vertex 0.8600 5.8000 -4.0000
        vertex 1.0200 5.8200 -4.0000
    endloop
endfacet
facet normal 0.0000 0.0000 -0.6125
    outer loop
        vertex 1.0200 5.8200 -4.0000
        vertex 1.2000 5.5600 -4.0000
        vertex 0.7400 5.6800 -4.0000
    endloop
endfacet
facet normal 0.0000 0.0000 -0.6475
    outer loop
        vertex 0.7200 5.4600 -4.0000
        vertex 0.7400 5.6800 -4.0000
        vertex 1.2000 5.5600 -4.0000
    endloop
endfacet
facet normal 0.0000 0.0000 -0.9975
    outer loop
        vertex 1.2000 5.5600 -4.0000
        vertex 0.7800 5.1400 -4.0000
        vertex 0.7200 5.4600 -4.0000
    endloop
endfacet
facet normal 0.0000 0.0000 -0.9975
    outer loop
        vertex 0.7800 5.1400 -4.0000
        vertex 1.2000 5.5600 -4.0000
        vertex 1.4200 5.4000 -4.0000
    endloop
endfacet
facet normal 0.0000 0.0000 -1.4275
    outer loop
        vertex 1.4200 5.4000 -4.0000
        vertex 0.9200 4.8400 -4.0000
        vertex 0.7800 5.1400 -4.0000
    endloop
endfacet
facet normal 0.0000 0.0000 -0.8875
    outer loop
        vertex 0.9200 4.8400 -4.0000
        vertex 1.4200 5.4000 -4.0000
        vertex 1.6200 5.3400 -4.0000
    endloop
endfacet
facet normal 0.0000 0.0000 -2.5625
    outer loop
        vertex 1.6200 5.3400 -4.0000
        vertex 1.1800 4.4400 -4.0000
        vertex 0.9200 4.8400 -4.0000
    endloop
endfacet
facet normal 0.0000 0.0000 -2.1350
    outer loop
        vertex 1.1800 4.4400 -4.0000
        vertex 1.6200 5.3400 -4.0000
        vertex 1.9800 5.3000 -4.0000
    endloop
endfacet
facet normal 0.0000 0.0000 -3.2050
    outer loop
        vertex 1.9800 5.3000 -4.0000
        vertex 2.2600 4.9600 -4.0000
        vertex 1.1800 4.4400 -4.0000
    endloop
endfacet
facet normal 0.0000 0.0000 -3.6100
    outer loop
        vertex 1.4600 4.0400 -4.0000
        vertex 1.1800 4.4400 -4.0000
        vertex 2.2600 4.9600 -4.0000
    endloop
endfacet
facet normal 0.0000 0.0000 -5.9600
    outer loop
        vertex 2.2600 4.9600 -4.0000
        vertex 2.7400 4.3200 -4.0000
        vertex 1.4600 4.0400 -4.0000
    endloop
endfacet
facet normal 0.0000 0.0000 -5.0750
    outer loop
        vertex 1.8000 3.4800 -4.0000
        vertex 1.4600 4.0400 -4.0000
        vertex 2.7400 4.3200 -4.0000
    endloop
endfacet
facet normal 0.0000 0.0000 -6.5275
    outer loop
        vertex 2.7400 4.3200 -4.0000
        vertex 3.2000 3.6200 -4.0000
        vertex 1.8000 3.4800 -4.0000
    endloop
endfacet
facet normal 0.0000 0.0000 -7.9275
    outer loop
        vertex 2.2600 2.6200 -4.0000
        vertex 1.8000 3.4800 -4.0000
        vertex 3.2000 3.6200 -4.0000
    endloop
endfacet
facet normal 0.0000 0.0000 -5.8925
    outer loop
        vertex 3.2000 3.6200 -4.0000
        vertex 3.5600 3.0000 -4.0000
        vertex 2.2600 2.6200 -4.0000
    endloop
endfacet
facet normal 0.0000 0.0000 -8.0050
    outer loop
        vertex 2.6200 1.7400 -4.0000
        vertex 2.2600 2.6200 -4.0000
        vertex 3.5600 3.0000 -4.0000
    endloop
endfacet
facet normal 0.0000 0.0000 -7.5750
    outer loop
        vertex 3.5600 3.0000 -4.0000
        vertex 3.9400 2.2200 -4.0000
        vertex 2.6200 1.7400 -4.0000
    endloop
endfacet
facet normal 0.0000 0.0000 -5.8350
    outer loop
        vertex 2.6200 1.7400 -4.0000
        vertex 3.9400 2.2200 -4.0000
        vertex 4.1800 1.6000 -4.0000
    endloop
endfacet
facet normal 0.0000 0.0000 -6.0650
    outer loop
        vertex 4.1800 1.6000 -4.0000
        vertex 2.8200 1.1000 -4.0000
        vertex 2.6200 1.7400 -4.0000
    endloop
endfacet
facet normal 0.0000 0.0000 -5.2600
    outer loop
        vertex 2.8200 1.1000 -4.0000
        vertex 4.1800 1.6000 -4.0000
        vertex 4.3400 1.0400 -4.0000
    endloop
endfacet
facet normal 0.0000 0.0000 -2.0675
    outer loop
        vertex 4.3400 1.0400 -4.0000
        vertex 2.8800 0.8800 -4.0000
        vertex 2.8200 1.1000 -4.0000
    endloop
endfacet
facet normal 0.0000 0.0000 -4.3175
    outer loop
        vertex 2.8800 0.8800 -4.0000
        vertex 4.3400 1.0400 -4.0000
        vertex 4.4600 0.5800 -4.0000
    endloop
endfacet
facet normal 0.0000 0.0000 -1.6175
    outer loop
        vertex 4.4600 0.5800 -4.0000
        vertex 2.8600 0.7200 -4.0000
        vertex 2.8800 0.8800 -4.0000
    endloop
endfacet
facet normal 0.0000 0.0000 -1.2700
    outer loop
        vertex 4.4600 0.5800 -4.0000
        vertex 2.7800 0.6000 -4.0000
        vertex 2.8600 0.7200 -4.0000
    endloop
endfacet
facet normal 0.0000 0.0000 -1.0950
    outer loop
        vertex 4.8000 0.0000 -4.0000
        vertex 4.4600 0.5800 -4.0000
        vertex 4.6800 0.7200 -4.0000
    endloop
endfacet
facet normal 0.0000 0.0000 -4.8210
    outer loop
        vertex 4.6800 0.7200 -4.0000
        vertex 5.7380 0.8000 -4.0000
        vertex 4.8000 0.0000 -4.0000
    endloop
endfacet
facet normal 0.0000 0.0000 -2.0137
    outer loop
        vertex 4.6800 0.7200 -4.0000
        vertex 4.6200 1.0200 -4.0000
        vertex 5.7380 0.8000 -4.0000
    endloop
endfacet
facet normal 0.0000 0.0000 -3.8328
    outer loop
        vertex 5.7380 0.8000 -4.0000
        vertex 4.6200 1.0200 -4.0000
        vertex 4.4600 1.6000 -4.0000
    endloop
endfacet
facet normal 0.0000 0.0000 -3.1937
    outer loop
        vertex 5.7380 0.8000 -4.0000
        vertex 4.4600 1.6000 -4.0000
        vertex 4.3000 2.1000 -4.0000
    endloop
endfacet
facet normal 0.0000 0.0000 -36.1633
    outer loop
        vertex 4.3000 2.1000 -4.0000
        vertex 5.7200 4.8400 -4.0000
        vertex 5.7380 0.8000 -4.0000
    endloop
endfacet
facet normal 0.0000 0.0000 -11.8700
    outer loop
        vertex 5.7200 4.8400 -4.0000
        vertex 4.3000 2.1000 -4.0000
        vertex 3.9800 2.8200 -4.0000
    endloop
endfacet
facet normal 0.0000 0.0000 -4.8825
    outer loop
        vertex 3.9800 2.8200 -4.0000
        vertex 5.5400 5.0800 -4.0000
        vertex 5.7200 4.8400 -4.0000
    endloop
endfacet
facet normal 0.0000 0.0000 -14.2100
    outer loop
        vertex 5.5400 5.0800 -4.0000
        vertex 3.9800 2.8200 -4.0000
        vertex 3.5400 3.6400 -4.0000
    endloop
endfacet
facet normal 0.0000 0.0000 -5.5900
    outer loop
        vertex 3.5400 3.6400 -4.0000
        vertex 5.2800 5.3400 -4.0000
        vertex 5.5400 5.0800 -4.0000
    endloop
endfacet
facet normal 0.0000 0.0000 -12.7175
    outer loop
        vertex 5.2800 5.3400 -4.0000
        vertex 3.5400 3.6400 -4.0000
        vertex 3.0800 4.3600 -4.0000
    endloop
endfacet
facet normal 0.0000 0.0000 -4.6175
    outer loop
        vertex 3.0800 4.3600 -4.0000
        vertex 5.0200 5.5600 -4.0000
        vertex 5.2800 5.3400 -4.0000
    endloop
endfacet
facet normal 0.0000 0.0000 -6.0690
    outer loop
        vertex 5.7380 0.8000 -4.0000
        vertex 5.7200 4.8400 -4.0000
        vertex 5.9600 4.9200 -4.0000
    endloop
endfacet
facet normal 0.0000 0.0000 -0.4250
    outer loop
        vertex 3.1000 6.5200 -4.0000
        vertex 2.7600 6.5200 -4.0000
        vertex 2.7000 6.7200 -4.0000
    endloop
endfacet
facet normal 0.0000 0.0000 -0.5750
    outer loop
        vertex 2.7000 6.7200 -4.0000
        vertex 3.0800 6.7600 -4.0000
        vertex 3.1000 6.5200 -4.0000
    endloop
endfacet
facet normal 0.0000 0.0000 -0.1825
    outer loop
        vertex 3.0800 6.7600 -4.0000
        vertex 2.7000 6.7200 -4.0000
        vertex 2.9200 6.8200 -4.0000
    endloop
endfacet
facet normal 0.0000 0.0000 -0.1550
    outer loop
        vertex 2.9200 6.8200 -4.0000
        vertex 3.1200 6.9000 -4.0000
        vertex 3.0800 6.7600 -4.0000
    endloop
endfacet
facet normal 0.0000 0.0000 -0.4675
    outer loop
        vertex 2.7800 6.3000 -4.0000
        vertex 2.7600 6.5200 -4.0000
        vertex 3.1000 6.5200 -4.0000
    endloop
endfacet
facet normal 0.0000 0.0000 -0.5900
    outer loop
        vertex 3.1000 6.5200 -4.0000
        vertex 3.1800 6.2800 -4.0000
        vertex 2.7800 6.3000 -4.0000
    endloop
endfacet
facet normal 0.0000 0.0000 -0.5525
    outer loop
        vertex 2.7600 6.0800 -4.0000
        vertex 2.7800 6.3000 -4.0000
        vertex 3.1800 6.2800 -4.0000
    endloop
endfacet
facet normal 0.0000 0.0000 -0.6475
    outer loop
        vertex 3.1800 6.2800 -4.0000
        vertex 3.3200 6.1000 -4.0000
        vertex 2.7600 6.0800 -4.0000
    endloop
endfacet
facet normal 0.0000 0.0000 -0.7600
    outer loop
        vertex 2.6800 5.8600 -4.0000
        vertex 2.7600 6.0800 -4.0000
        vertex 3.3200 6.1000 -4.0000
    endloop
endfacet
facet normal 0.0000 0.0000 -0.8300
    outer loop
        vertex 3.3200 6.1000 -4.0000
        vertex 3.5000 5.9600 -4.0000
        vertex 2.6800 5.8600 -4.0000
    endloop
endfacet
facet normal 0.0000 0.0000 -1.0150
    outer loop
        vertex 2.5000 5.6400 -4.0000
        vertex 2.6800 5.8600 -4.0000
        vertex 3.5000 5.9600 -4.0000
    endloop
endfacet
facet normal 0.0000 0.0000 -0.9800
    outer loop
        vertex 3.5000 5.9600 -4.0000
        vertex 3.7400 5.8800 -4.0000
        vertex 2.5000 5.6400 -4.0000
    endloop
endfacet
facet normal 0.0000 0.0000 -5.1700
    outer loop
        vertex 2.5000 5.6400 -4.0000
        vertex 3.7400 5.8800 -4.0000
        vertex 2.6400 5.0000 -4.0000
    endloop
endfacet
facet normal 0.0000 0.0000 -1.0200
    outer loop
        vertex 2.6400 5.0000 -4.0000
        vertex 2.2800 5.4800 -4.0000
        vertex 2.5000 5.6400 -4.0000
    endloop
endfacet
facet normal 0.0000 0.0000 -6.8200
    outer loop
        vertex 3.0800 4.3600 -4.0000
        vertex 2.6400 5.0000 -4.0000
        vertex 3.7400 5.8800 -4.0000
    endloop
endfacet
facet normal 0.0000 0.0000 -2.0900
    outer loop
        vertex 3.7400 5.8800 -4.0000
        vertex 3.9600 5.8800 -4.0000
        vertex 3.0800 4.3600 -4.0000
    endloop
endfacet
facet normal 0.0000 0.0000 -1.9500
    outer loop
        vertex 3.0800 4.3600 -4.0000
        vertex 3.9600 5.8800 -4.0000
        vertex 4.2000 5.9400 -4.0000
    endloop
endfacet
facet normal 0.0000 0.0000 -6.2550
    outer loop
        vertex 4.2000 5.9400 -4.0000
        vertex 4.7200 5.7800 -4.0000
        vertex 3.0800 4.3600 -4.0000
    endloop
endfacet
facet normal 0.0000 0.0000 -4.9175
    outer loop
        vertex 3.0800 4.3600 -4.0000
        vertex 4.7200 5.7800 -4.0000
        vertex 5.0200 5.5600 -4.0000
    endloop
endfacet
facet normal 0.0000 0.0000 -0.4850
    outer loop
        vertex 4.7200 5.7800 -4.0000
        vertex 4.2000 5.9400 -4.0000
        vertex 4.3600 6.0400 -4.0000
    endloop
endfacet
facet normal 0.0000 0.0000 -0.7750
    outer loop
        vertex 4.7200 5.7800 -4.0000
        vertex 4.3600 6.0400 -4.0000
        vertex 4.5600 6.2400 -4.0000
    endloop
endfacet
facet normal 0.0000 0.0000 -1.1450
    outer loop
        vertex 4.5600 6.2400 -4.0000
        vertex 5.1600 5.6600 -4.0000
        vertex 4.7200 5.7800 -4.0000
    endloop
endfacet
facet normal 0.0000 0.0000 -3.0350
    outer loop
        vertex 5.4800 6.1600 -4.0000
        vertex 5.1600 5.6600 -4.0000
        vertex 4.5600 6.2400 -4.0000
    endloop
endfacet
facet normal 0.0000 0.0000 -1.4600
    outer loop
        vertex 4.5600 6.2400 -4.0000
        vertex 4.7200 6.4800 -4.0000
        vertex 5.4800 6.1600 -4.0000
    endloop
endfacet
facet normal 0.0000 0.0000 -1.0700
    outer loop
        vertex 5.4800 6.1600 -4.0000
        vertex 4.7200 6.4800 -4.0000
        vertex 4.7800 6.6800 -4.0000
    endloop
endfacet
facet normal 0.0000 0.0000 -1.0500
    outer loop
        vertex 5.4800 6.1600 -4.0000
        vertex 4.7800 6.6800 -4.0000
        vertex 4.7800 6.9200 -4.0000
    endloop
endfacet
facet normal 0.0000 0.0000 -0.6850
    outer loop
        vertex 5.4800 6.1600 -4.0000
        vertex 4.7800 6.9200 -4.0000
        vertex 4.7400 7.1200 -4.0000
    endloop
endfacet
facet normal 0.0000 0.0000 -1.0300
    outer loop
        vertex 5.1600 5.6600 -4.0000
        vertex 5.4800 6.1600 -4.0000
        vertex 5.7200 6.0200 -4.0000
    endloop
endfacet
facet normal 0.0000 0.0000 -1.6500
    outer loop
        vertex 5.7200 6.0200 -4.0000
        vertex 5.5200 5.4200 -4.0000
        vertex 5.1600 5.6600 -4.0000
    endloop
endfacet
facet normal 0.0000 0.0000 -0.9500
    outer loop
        vertex 5.5200 5.4200 -4.0000
        vertex 5.7200 6.0200 -4.0000
        vertex 5.9200 5.8600 -4.0000
    endloop
endfacet
facet normal 0.0000 0.0000 -1.4200
    outer loop
        vertex 5.9200 5.8600 -4.0000
        vertex 5.8000 5.1600 -4.0000
        vertex 5.5200 5.4200 -4.0000
    endloop
endfacet
facet normal 0.0000 0.0000 -0.7325
    outer loop
        vertex 5.8000 5.1600 -4.0000
        vertex 5.9200 5.8600 -4.0000
        vertex 6.0600 5.7000 -4.0000
    endloop
endfacet
facet normal 0.0000 0.0000 -0.9300
    outer loop
        vertex 6.0600 5.7000 -4.0000
        vertex 5.9600 4.9200 -4.0000
        vertex 5.8000 5.1600 -4.0000
    endloop
endfacet
facet normal 0.0000 0.0000 -0.7050
    outer loop
        vertex 5.9600 4.9200 -4.0000
        vertex 6.0600 5.7000 -4.0000
        vertex 6.2200 5.8200 -4.0000
    endloop
endfacet
facet normal 0.0000 0.0000 -5.4463
    outer loop
        vertex 6.2200 5.8200 -4.0000
        vertex 5.7380 0.8000 -4.0000
        vertex 5.9600 4.9200 -4.0000
    endloop
endfacet
facet normal 0.0000 0.0000 -1.1000
    outer loop
        vertex 7.2000 11.6600 -4.0000
        vertex 7.2000 12.1000 -4.0000
        vertex 7.6000 12.8000 -4.0000
    endloop
endfacet
facet normal 0.0000 0.0000 -3.0000
    outer loop
        vertex 7.6000 12.8000 -4.0000
        vertex 7.6000 11.6000 -4.0000
        vertex 7.2000 11.6600 -4.0000
    endloop
endfacet
facet normal 0.0000 0.0000 -3.4867
    outer loop
        vertex 6.9500 10.3028 -4.0000
        vertex 7.2000 11.6600 -4.0000
        vertex 7.6000 11.6000 -4.0000
    endloop
endfacet
facet normal 0.0000 0.0000 -0.6069
    outer loop
        vertex 6.9068 10.0672 -4.0000
        vertex 6.9500 10.3028 -4.0000
        vertex 7.6000 11.6000 -4.0000
    endloop
endfacet
facet normal 0.0000 0.0000 -0.7916
    outer loop
        vertex 6.8496 9.7580 -4.0000
        vertex 6.9068 10.0672 -4.0000
        vertex 7.6000 11.6000 -4.0000
    endloop
endfacet
facet normal 0.0000 0.0000 -1.3392
    outer loop
        vertex 6.7536 9.2368 -4.0000
        vertex 6.8496 9.7580 -4.0000
        vertex 7.6000 11.6000 -4.0000
    endloop
endfacet
facet normal 0.0000 0.0000 -3.6496
    outer loop
        vertex 6.4924 7.8176 -4.0000
        vertex 6.7536 9.2368 -4.0000
        vertex 7.6000 11.6000 -4.0000
    endloop
endfacet
facet normal 0.0000 0.0000 -0.6173
    outer loop
        vertex 6.4480 7.5768 -4.0000
        vertex 6.4924 7.8176 -4.0000
        vertex 7.6000 11.6000 -4.0000
    endloop
endfacet
facet normal 0.0000 0.0000 -25.8852
    outer loop
        vertex 5.7380 0.8000 -4.0000
        vertex 6.2200 5.8200 -4.0000
        vertex 7.6000 11.6000 -4.0000
    endloop
endfacet
facet normal 0.0000 0.0000 -10.4550
    outer loop
        vertex 4.1200 12.3000 -4.0000
        vertex 0.2800 12.3600 -4.0000
        vertex 0.0000 12.8000 -4.0000
    endloop
endfacet
facet normal 0.0000 0.0000 -23.7500
    outer loop
        vertex 0.0000 12.8000 -4.0000
        vertex 7.6000 12.8000 -4.0000
        vertex 4.1200 12.3000 -4.0000
    endloop
endfacet
facet normal 0.0000 0.0000 -5.4600
    outer loop
        vertex -1.6800 12.3200 -4.0000
        vertex 0.0000 12.8000 -4.0000
        vertex 0.2800 12.3600 -4.0000
    endloop
endfacet
facet normal 0.0000 0.0000 -5.0550
    outer loop
        vertex 5.3200 12.2400 -4.0000
        vertex 4.1200 12.3000 -4.0000
        vertex 7.6000 12.8000 -4.0000
    endloop
endfacet
facet normal 0.0000 0.0000 -4.1450
    outer loop
        vertex 6.2600 12.1800 -4.0000
        vertex 5.3200 12.2400 -4.0000
        vertex 7.6000 12.8000 -4.0000
    endloop
endfacet
facet normal 0.0000 0.0000 -4.3125
    outer loop
        vertex 7.2000 12.1000 -4.0000
        vertex 6.2600 12.1800 -4.0000
        vertex 7.6000 12.8000 -4.0000
    endloop
endfacet
facet normal 0.0000 0.0000 -3.0000
    outer loop
        vertex -7.6000 11.6000 -4.0000
        vertex -7.6000 12.8000 -4.0000
        vertex -7.2000 12.0800 -4.0000
    endloop
endfacet
facet normal 0.0000 0.0000 -1.2000
    outer loop
        vertex -7.2000 12.0800 -4.0000
        vertex -7.2000 11.6000 -4.0000
        vertex -7.6000 11.6000 -4.0000
    endloop
endfacet
facet normal 0.0000 0.0000 -10.9300
    outer loop
        vertex -7.2000 12.0800 -4.0000
        vertex -7.6000 12.8000 -4.0000
        vertex -4.8600 12.2400 -4.0000
    endloop
endfacet
facet normal 0.0000 0.0000 -5.2800
    outer loop
        vertex 0.0000 12.8000 -4.0000
        vertex -1.6800 12.3200 -4.0000
        vertex -3.5800 12.2800 -4.0000
    endloop
endfacet
facet normal 0.0000 0.0000 -24.7000
    outer loop
        vertex -3.5800 12.2800 -4.0000
        vertex -7.6000 12.8000 -4.0000
        vertex 0.0000 12.8000 -4.0000
    endloop
endfacet
facet normal 0.0000 0.0000 -5.1650
    outer loop
        vertex -4.8600 12.2400 -4.0000
        vertex -7.6000 12.8000 -4.0000
        vertex -3.5800 12.2800 -4.0000
    endloop
endfacet
facet normal 0.0000 0.0000 -3.4000
    outer loop
        vertex -6.7600 10.2400 -4.0000
        vertex -7.6000 11.6000 -4.0000
        vertex -7.2000 11.6000 -4.0000
    endloop
endfacet
facet normal 0.0000 0.0000 -0.6200
    outer loop
        vertex -7.6000 11.6000 -4.0000
        vertex -6.7600 10.2400 -4.0000
        vertex -6.6600 9.9600 -4.0000
    endloop
endfacet
facet normal 0.0000 0.0000 -12.7100
    outer loop
        vertex -6.6600 9.9600 -4.0000
        vertex -6.0200 6.6800 -4.0000
        vertex -7.6000 11.6000 -4.0000
    endloop
endfacet
facet normal 0.0000 0.0000 -3.2500
    outer loop
        vertex -6.0200 6.6800 -4.0000
        vertex -6.6600 9.9600 -4.0000
        vertex -5.9200 6.9800 -4.0000
    endloop
endfacet
facet normal 0.0000 0.0000 -0.7900
    outer loop
        vertex -5.7000 5.8800 -4.0000
        vertex -5.7800 5.6000 -4.0000
        vertex -6.0200 6.3400 -4.0000
    endloop
endfacet
facet normal 0.0000 0.0000 -1.1000
    outer loop
        vertex -6.0200 6.3400 -4.0000
        vertex -5.8600 6.6600 -4.0000
        vertex -5.7000 5.8800 -4.0000
    endloop
endfacet
facet normal 0.0000 0.0000 -1.2350
    outer loop
        vertex -5.7000 5.8800 -4.0000
        vertex -5.8600 6.6600 -4.0000
        vertex -5.6600 6.9200 -4.0000
    endloop
endfacet
facet normal 0.0000 0.0000 -1.3950
    outer loop
        vertex -5.6600 6.9200 -4.0000
        vertex -5.4400 7.0600 -4.0000
        vertex -5.7000 5.8800 -4.0000
    endloop
endfacet
facet normal 0.0000 0.0000 -1.3450
    outer loop
        vertex -5.7000 5.8800 -4.0000
        vertex -5.4400 7.0600 -4.0000
        vertex -5.2400 7.1400 -4.0000
    endloop
endfacet
facet normal 0.0000 0.0000 -2.5325
    outer loop
        vertex -5.7000 5.8800 -4.0000
        vertex -5.2400 7.1400 -4.0000
        vertex -4.8600 7.3000 -4.0000
    endloop
endfacet
facet normal 0.0000 0.0000 -0.5550
    outer loop
        vertex -4.8600 7.3000 -4.0000
        vertex -5.2400 7.1400 -4.0000
        vertex -5.3200 7.3400 -4.0000
    endloop
endfacet
facet normal 0.0000 0.0000 -0.6125
    outer loop
        vertex -5.3200 7.3400 -4.0000
        vertex -4.9400 7.5200 -4.0000
        vertex -4.8600 7.3000 -4.0000
    endloop
endfacet
facet normal 0.0000 0.0000 -0.5200
    outer loop
        vertex -5.3200 7.3400 -4.0000
        vertex -4.9800 7.7200 -4.0000
        vertex -4.9400 7.5200 -4.0000
    endloop
endfacet
facet normal 0.0000 0.0000 -0.4250
    outer loop
        vertex -4.9800 7.9200 -4.0000
        vertex -4.9800 7.7200 -4.0000
        vertex -5.3200 7.3400 -4.0000
    endloop
endfacet
facet normal 0.0000 0.0000 -10.4250
    outer loop
        vertex -5.3200 7.3400 -4.0000
        vertex -6.6600 9.9600 -4.0000
        vertex -4.9800 7.9200 -4.0000
    endloop
endfacet
facet normal 0.0000 0.0000 -6.5725
    outer loop
        vertex -5.6600 7.2200 -4.0000
        vertex -6.6600 9.9600 -4.0000
        vertex -5.3200 7.3400 -4.0000
    endloop
endfacet
facet normal 0.0000 0.0000 -5.9525
    outer loop
        vertex -5.9200 6.9800 -4.0000
        vertex -6.6600 9.9600 -4.0000
        vertex -5.6600 7.2200 -4.0000
    endloop
endfacet
facet normal 0.0000 0.0000 -0.2975
    outer loop
        vertex -4.8200 8.3200 -4.0000
        vertex -4.8000 8.6000 -4.0000
        vertex -4.6400 8.4600 -4.0000
    endloop
endfacet
facet normal 0.0000 0.0000 -0.4225
    outer loop
        vertex -4.9400 8.1200 -4.0000
        vertex -4.9000 8.7400 -4.0000
        vertex -4.8000 8.6000 -4.0000
    endloop
endfacet
facet normal 0.0000 0.0000 -0.1850
    outer loop
        vertex -4.8000 8.6000 -4.0000
        vertex -4.8200 8.3200 -4.0000
        vertex -4.9400 8.1200 -4.0000
    endloop
endfacet
facet normal 0.0000 0.0000 -0.1450
    outer loop
        vertex -4.8200 9.8800 -4.0000
        vertex -4.7000 9.8000 -4.0000
        vertex -4.7800 9.6600 -4.0000
    endloop
endfacet
facet normal 0.0000 0.0000 -0.1675
    outer loop
        vertex -4.7800 9.6600 -4.0000
        vertex -4.8800 9.5400 -4.0000
        vertex -4.8200 9.8800 -4.0000
    endloop
endfacet
facet normal 0.0000 0.0000 -0.3650
    outer loop
        vertex -4.9600 10.0600 -4.0000
        vertex -4.8200 9.8800 -4.0000
        vertex -4.8800 9.5400 -4.0000
    endloop
endfacet
facet normal 0.0000 0.0000 -0.3700
    outer loop
        vertex -4.8800 9.5400 -4.0000
        vertex -5.0800 10.1000 -4.0000
        vertex -4.9600 10.0600 -4.0000
    endloop
endfacet
facet normal 0.0000 0.0000 -0.5550
    outer loop
        vertex -5.0800 10.1000 -4.0000
        vertex -4.8800 9.5400 -4.0000
        vertex -4.9600 9.3200 -4.0000
    endloop
endfacet
facet normal 0.0000 0.0000 -7.8075
    outer loop
        vertex -4.9600 9.3200 -4.0000
        vertex -6.6600 9.9600 -4.0000
        vertex -5.0800 10.1000 -4.0000
    endloop
endfacet
facet normal 0.0000 0.0000 -2.2050
    outer loop
        vertex -4.9800 9.1200 -4.0000
        vertex -6.6600 9.9600 -4.0000
        vertex -4.9600 9.3200 -4.0000
    endloop
endfacet
facet normal 0.0000 0.0000 -1.9950
    outer loop
        vertex -4.9600 8.9200 -4.0000
        vertex -6.6600 9.9600 -4.0000
        vertex -4.9800 9.1200 -4.0000
    endloop
endfacet
facet normal 0.0000 0.0000 -1.5225
    outer loop
        vertex -6.6600 9.9600 -4.0000
        vertex -4.9600 8.9200 -4.0000
        vertex -4.9000 8.7400 -4.0000
    endloop
endfacet
facet normal 0.0000 0.0000 -7.1250
    outer loop
        vertex -4.9000 8.7400 -4.0000
        vertex -4.9400 8.1200 -4.0000
        vertex -6.6600 9.9600 -4.0000
    endloop
endfacet
facet normal 0.0000 0.0000 -2.6100
    outer loop
        vertex -4.9800 7.9200 -4.0000
        vertex -6.6600 9.9600 -4.0000
        vertex -4.9400 8.1200 -4.0000
    endloop
endfacet
facet normal 0.0000 0.0000 -1.2300
    outer loop
        vertex 0.1000 7.9600 -4.0000
        vertex -0.5000 7.6000 -4.0000
        vertex -0.7800 7.7600 -4.0000
    endloop
endfacet
facet normal 0.0000 0.0000 -3.3100
    outer loop
        vertex -0.7800 7.7600 -4.0000
        vertex -0.2600 8.4800 -4.0000
        vertex 0.1000 7.9600 -4.0000
    endloop
endfacet
facet normal 0.0000 0.0000 -1.1600
    outer loop
        vertex -0.2600 8.4800 -4.0000
        vertex -0.7800 7.7600 -4.0000
        vertex -0.9800 7.8400 -4.0000
    endloop
endfacet
facet normal 0.0000 0.0000 -2.8400
    outer loop
        vertex -0.9800 7.8400 -4.0000
        vertex -1.2400 8.2400 -4.0000
        vertex -0.2600 8.4800 -4.0000
    endloop
endfacet
facet normal 0.0000 0.0000 -0.4525
    outer loop
        vertex -0.9800 7.8400 -4.0000
        vertex -1.2000 7.9000 -4.0000
        vertex -1.2400 8.2400 -4.0000
    endloop
endfacet
facet normal 0.0000 0.0000 -1.4675
    outer loop
        vertex -0.2600 8.4800 -4.0000
        vertex -1.2400 8.2400 -4.0000
        vertex -1.3200 8.4600 -4.0000
    endloop
endfacet
facet normal 0.0000 0.0000 -4.4250
    outer loop
        vertex -1.3200 8.4600 -4.0000
        vertex -0.6800 9.1400 -4.0000
        vertex -0.2600 8.4800 -4.0000
    endloop
endfacet
facet normal 0.0000 0.0000 -1.3150
    outer loop
        vertex -0.6800 9.1400 -4.0000
        vertex -1.3200 8.4600 -4.0000
        vertex -1.4600 8.6400 -4.0000
    endloop
endfacet
facet normal 0.0000 0.0000 -1.9425
    outer loop
        vertex -1.4600 8.6400 -4.0000
        vertex -1.5200 9.0000 -4.0000
        vertex -0.6800 9.1400 -4.0000
    endloop
endfacet
facet normal 0.0000 0.0000 -0.8925
    outer loop
        vertex -1.5200 9.0000 -4.0000
        vertex -1.4600 9.1800 -4.0000
        vertex -0.6800 9.1400 -4.0000
    endloop
endfacet
facet normal 0.0000 0.0000 -0.4350
    outer loop
        vertex -1.4600 8.6400 -4.0000
        vertex -1.6800 8.8000 -4.0000
        vertex -1.5200 9.0000 -4.0000
    endloop
endfacet
facet normal 0.0000 0.0000 -1.0775
    outer loop
        vertex -0.6800 9.1400 -4.0000
        vertex -1.4600 9.1800 -4.0000
        vertex -1.4400 9.4000 -4.0000
    endloop
endfacet
facet normal 0.0000 0.0000 -2.4875
    outer loop
        vertex -1.4400 9.4000 -4.0000
        vertex -1.0200 9.7800 -4.0000
        vertex -0.6800 9.1400 -4.0000
    endloop
endfacet
facet normal 0.0000 0.0000 -0.6250
    outer loop
        vertex -1.4400 9.4000 -4.0000
        vertex -1.4600 9.6200 -4.0000
        vertex -1.0200 9.7800 -4.0000
    endloop
endfacet
facet normal 0.0000 0.0000 -0.6300
    outer loop
        vertex -1.0200 9.7800 -4.0000
        vertex -1.4600 9.6200 -4.0000
        vertex -1.5400 9.8200 -4.0000
    endloop
endfacet
facet normal 0.0000 0.0000 -1.0400
    outer loop
        vertex -1.5400 9.8200 -4.0000
        vertex -1.5400 10.1400 -4.0000
        vertex -1.0200 9.7800 -4.0000
    endloop
endfacet
facet normal 0.0000 0.0000 -0.2400
    outer loop
        vertex -1.5400 9.8200 -4.0000
        vertex -1.6600 10.0600 -4.0000
        vertex -1.5400 10.1400 -4.0000
    endloop
endfacet
facet normal 0.0000 0.0000 -0.9800
    outer loop
        vertex -1.2200 10.2200 -4.0000
        vertex -1.0200 9.7800 -4.0000
        vertex -1.5400 10.1400 -4.0000
    endloop
endfacet
facet normal 0.0000 0.0000 -0.1300
    outer loop
        vertex -1.5400 10.1400 -4.0000
        vertex -1.4800 10.2200 -4.0000
        vertex -1.2200 10.2200 -4.0000
    endloop
endfacet
facet normal 0.0000 0.0000 -2.4150
    outer loop
        vertex 1.1000 8.4400 -4.0000
        vertex 0.4400 8.1400 -4.0000
        vertex 0.1200 8.5800 -4.0000
    endloop
endfacet
facet normal 0.0000 0.0000 -3.1325
    outer loop
        vertex 0.1200 8.5800 -4.0000
        vertex -0.2200 9.1400 -4.0000
        vertex 1.1000 8.4400 -4.0000
    endloop
endfacet
facet normal 0.0000 0.0000 -3.6625
    outer loop
        vertex 1.5600 8.6400 -4.0000
        vertex 1.1000 8.4400 -4.0000
        vertex -0.2200 9.1400 -4.0000
    endloop
endfacet
facet normal 0.0000 0.0000 -6.7600
    outer loop
        vertex -0.2200 9.1400 -4.0000
        vertex -0.6200 9.8600 -4.0000
        vertex 1.5600 8.6400 -4.0000
    endloop
endfacet
facet normal 0.0000 0.0000 -5.3825
    outer loop
        vertex 1.9800 8.8000 -4.0000
        vertex 1.5600 8.6400 -4.0000
        vertex -0.6200 9.8600 -4.0000
    endloop
endfacet
facet normal 0.0000 0.0000 -4.1650
    outer loop
        vertex -0.6200 9.8600 -4.0000
        vertex 2.0200 9.0400 -4.0000
        vertex 1.9800 8.8000 -4.0000
    endloop
endfacet
facet normal 0.0000 0.0000 -15.4725
    outer loop
        vertex 1.2400 10.2200 -4.0000
        vertex 2.0200 9.0400 -4.0000
        vertex -0.6200 9.8600 -4.0000
    endloop
endfacet
facet normal 0.0000 0.0000 -4.8225
    outer loop
        vertex -0.6200 9.8600 -4.0000
        vertex -0.8000 10.2400 -4.0000
        vertex 1.2400 10.2200 -4.0000
    endloop
endfacet
facet normal 0.0000 0.0000 -2.1900
    outer loop
        vertex 2.5000 9.9800 -4.0000
        vertex 1.2400 10.2200 -4.0000
        vertex 2.7000 10.2200 -4.0000
    endloop
endfacet
facet normal 0.0000 0.0000 -2.6325
    outer loop
        vertex 2.3200 9.6800 -4.0000
        vertex 1.2400 10.2200 -4.0000
        vertex 2.5000 9.9800 -4.0000
    endloop
endfacet
facet normal 0.0000 0.0000 -3.1050
    outer loop
        vertex 2.1200 9.3200 -4.0000
        vertex 1.2400 10.2200 -4.0000
        vertex 2.3200 9.6800 -4.0000
    endloop
endfacet
facet normal 0.0000 0.0000 -2.1025
    outer loop
        vertex 2.0200 9.0400 -4.0000
        vertex 1.2400 10.2200 -4.0000
        vertex 2.1200 9.3200 -4.0000
    endloop
endfacet
facet normal 0.0000 0.0000 -3.3575
    outer loop
        vertex -6.0200 6.3400 -4.0000
        vertex -7.6000 11.6000 -4.0000
        vertex -6.0200 6.6800 -4.0000
    endloop
endfacet
facet normal 0.0000 0.0000 -0.3325
    outer loop
        vertex -5.8000 5.4400 -4.0000
        vertex -6.0200 6.3400 -4.0000
        vertex -5.7800 5.6000 -4.0000
    endloop
endfacet
facet normal 0.0000 0.0000 -0.6075
    outer loop
        vertex -4.8000 0.5400 -4.0000
        vertex -4.6200 0.4600 -4.0000
        vertex -4.8000 0.0000 -4.0000
    endloop
endfacet
facet normal 0.0000 0.0000 -3.1658
    outer loop
        vertex -4.8000 0.0000 -4.0000
        vertex -5.7380 0.8000 -4.0000
        vertex -4.8000 0.5400 -4.0000
    endloop
endfacet
facet normal 0.0000 0.0000 -0.9948
    outer loop
        vertex -4.9600 0.6800 -4.0000
        vertex -5.7380 0.8000 -4.0000
        vertex -5.0600 0.9000 -4.0000
    endloop
endfacet
facet normal 0.0000 0.0000 -0.5607
    outer loop
        vertex -4.8000 0.5400 -4.0000
        vertex -5.7380 0.8000 -4.0000
        vertex -4.9600 0.6800 -4.0000
    endloop
endfacet
facet normal 0.0000 0.0000 -1.4950
    outer loop
        vertex -4.8000 0.0000 -4.0000
        vertex -4.6200 0.4600 -4.0000
        vertex -4.1000 0.4600 -4.0000
    endloop
endfacet
facet normal 0.0000 0.0000 -0.9775
    outer loop
        vertex -4.8000 0.0000 -4.0000
        vertex -4.1000 0.4600 -4.0000
        vertex -3.7600 0.4600 -4.0000
    endloop
endfacet
facet normal 0.0000 0.0000 -1.4950
    outer loop
        vertex -4.8000 0.0000 -4.0000
        vertex -3.7600 0.4600 -4.0000
        vertex -3.2400 0.4600 -4.0000
    endloop
endfacet
facet normal 0.0000 0.0000 -1.0925
    outer loop
        vertex -4.8000 0.0000 -4.0000
        vertex -3.2400 0.4600 -4.0000
        vertex -2.8600 0.4600 -4.0000
    endloop
endfacet
facet normal 0.0000 0.0000 -1.4375
    outer loop
        vertex -4.8000 0.0000 -4.0000
        vertex -2.8600 0.4600 -4.0000
        vertex -2.3600 0.4600 -4.0000
    endloop
endfacet
facet normal 0.0000 0.0000 -0.7875
    outer loop
        vertex -4.8000 0.0000 -4.0000
        vertex -2.3600 0.4600 -4.0000
        vertex -1.9800 0.4800 -4.0000
    endloop
endfacet
facet normal 0.0000 0.0000 -14.4000
    outer loop
        vertex -1.9800 0.4800 -4.0000
        vertex 0.0000 0.0000 -4.0000
        vertex -4.8000 0.0000 -4.0000
    endloop
endfacet
facet normal 0.0000 0.0000 -1.6950
    outer loop
        vertex 0.0000 0.0000 -4.0000
        vertex -1.9800 0.4800 -4.0000
        vertex -1.5800 0.5200 -4.0000
    endloop
endfacet
facet normal 0.0000 0.0000 -2.5475
    outer loop
        vertex 0.0000 0.0000 -4.0000
        vertex -1.5800 0.5200 -4.0000
        vertex -1.1000 0.6200 -4.0000
    endloop
endfacet
facet normal 0.0000 0.0000 -3.2700
    outer loop
        vertex 0.0000 0.0000 -4.0000
        vertex -1.1000 0.6200 -4.0000
        vertex -0.5400 0.7800 -4.0000
    endloop
endfacet
facet normal 0.0000 0.0000 -3.2400
    outer loop
        vertex 0.0000 0.0000 -4.0000
        vertex -0.5400 0.7800 -4.0000
        vertex 0.0000 0.9600 -4.0000
    endloop
endfacet
facet normal 0.0000 0.0000 -1.9200
    outer loop
        vertex 0.0000 0.9600 -4.0000
        vertex 0.3200 1.0200 -4.0000
        vertex 0.0000 0.0000 -4.0000
    endloop
endfacet
facet normal 0.0000 0.0000 -1.6575
    outer loop
        vertex 0.0000 0.0000 -4.0000
        vertex 0.3200 1.0200 -4.0000
        vertex 0.5800 1.0200 -4.0000
    endloop
endfacet
facet normal 0.0000 0.0000 -2.4400
    outer loop
        vertex 0.5800 1.0200 -4.0000
        vertex 0.9400 0.9800 -4.0000
        vertex 0.0000 0.0000 -4.0000
    endloop
endfacet
facet normal 0.0000 0.0000 -3.0325
    outer loop
        vertex 0.0000 0.0000 -4.0000
        vertex 0.9400 0.9800 -4.0000
        vertex 1.3200 0.8600 -4.0000
    endloop
endfacet
facet normal 0.0000 0.0000 -4.5025
    outer loop
        vertex 1.3200 0.8600 -4.0000
        vertex 1.8200 0.6400 -4.0000
        vertex 0.0000 0.0000 -4.0000
    endloop
endfacet
facet normal 0.0000 0.0000 -3.3525
    outer loop
        vertex 0.0000 0.0000 -4.0000
        vertex 1.8200 0.6400 -4.0000
        vertex 2.2600 0.5000 -4.0000
    endloop
endfacet
facet normal 0.0000 0.0000 -0.9700
    outer loop
        vertex 0.0000 0.0000 -4.0000
        vertex 2.2600 0.5000 -4.0000
        vertex 2.4800 0.4800 -4.0000
    endloop
endfacet
facet normal 0.0000 0.0000 -14.4000
    outer loop
        vertex 2.4800 0.4800 -4.0000
        vertex 4.8000 0.0000 -4.0000
        vertex 0.0000 0.0000 -4.0000
    endloop
endfacet
facet normal 0.0000 0.0000 -0.8550
    outer loop
        vertex 2.6600 0.5200 -4.0000
        vertex 2.7800 0.6000 -4.0000
        vertex 4.4600 0.5800 -4.0000
    endloop
endfacet
facet normal 0.0000 0.0000 -6.6525
    outer loop
        vertex 4.4600 0.5800 -4.0000
        vertex 4.8000 0.0000 -4.0000
        vertex 2.6600 0.5200 -4.0000
    endloop
endfacet
facet normal 0.0000 0.0000 -1.1200
    outer loop
        vertex 4.8000 0.0000 -4.0000
        vertex 2.4800 0.4800 -4.0000
        vertex 2.6600 0.5200 -4.0000
    endloop
endfacet
facet normal 0.0000 0.0000 -7.7553
    outer loop
        vertex -5.7380 0.8000 -4.0000
        vertex -5.4000 2.6800 -4.0000
        vertex -5.0600 0.9000 -4.0000
    endloop
endfacet
facet normal 0.0000 0.0000 -5.9887
    outer loop
        vertex -5.7380 0.8000 -4.0000
        vertex -5.6400 4.1800 -4.0000
        vertex -5.4000 2.6800 -4.0000
    endloop
endfacet
facet normal 0.0000 0.0000 -4.0415
    outer loop
        vertex -5.8000 5.2600 -4.0000
        vertex -5.6400 4.1800 -4.0000
        vertex -5.7380 0.8000 -4.0000
    endloop
endfacet
facet normal 0.0000 0.0000 -5.7140
    outer loop
        vertex -5.7380 0.8000 -4.0000
        vertex -6.0200 6.3400 -4.0000
        vertex -5.8000 5.2600 -4.0000
    endloop
endfacet
facet normal 0.0000 0.0000 -0.2475
    outer loop
        vertex -5.8000 5.2600 -4.0000
        vertex -6.0200 6.3400 -4.0000
        vertex -5.8000 5.4400 -4.0000
    endloop
endfacet
facet normal 0.0000 0.0000 -45.4367
    outer loop
        vertex -5.7380 0.8000 -4.0000
        vertex -7.6000 11.6000 -4.0000
        vertex -6.0200 6.3400 -4.0000
    endloop
endfacet
facet normal 0.0000 0.0000 5.1700
    outer loop
        vertex 6.1000 7.9800 4.0000
        vertex 6.2400 9.4400 4.0000
        vertex 5.6600 9.3000 4.0000
    endloop
endfacet
facet normal 0.0000 0.0000 5.8300
    outer loop
        vertex 5.6600 9.3000 4.0000
        vertex 5.4600 7.7800 4.0000
        vertex 6.1000 7.9800 4.0000
    endloop
endfacet
facet normal 0.0000 0.0000 7.4650
    outer loop
        vertex 5.4600 7.7800 4.0000
        vertex 5.6600 9.3000 4.0000
        vertex 4.8400 9.0400 4.0000
    endloop
endfacet
facet normal 0.0000 0.0000 4.7725
    outer loop
        vertex 4.8400 9.0400 4.0000
        vertex 4.4800 8.5400 4.0000
        vertex 5.4600 7.7800 4.0000
    endloop
endfacet
facet normal 0.0000 0.0000 5.2300
    outer loop
        vertex 4.7200 7.5000 4.0000
        vertex 5.4600 7.7800 4.0000
        vertex 4.4800 8.5400 4.0000
    endloop
endfacet
facet normal 0.0000 0.0000 5.9300
    outer loop
        vertex 4.4800 8.5400 4.0000
        vertex 3.7800 7.6200 4.0000
        vertex 4.7200 7.5000 4.0000
    endloop
endfacet
facet normal 0.0000 0.0000 2.1250
    outer loop
        vertex 4.0800 7.2200 4.0000
        vertex 4.7200 7.5000 4.0000
        vertex 3.7800 7.6200 4.0000
    endloop
endfacet
facet normal 0.0000 0.0000 0.9750
    outer loop
        vertex 3.7800 7.6200 4.0000
        vertex 3.6000 7.3400 4.0000
        vertex 4.0800 7.2200 4.0000
    endloop
endfacet
facet normal 0.0000 0.0000 0.0950
    outer loop
        vertex 3.6200 7.2600 4.0000
        vertex 3.7000 7.2200 4.0000
        vertex 4.0800 7.2200 4.0000
    endloop
endfacet
facet normal 0.0000 0.0000 0.2250
    outer loop
        vertex 4.0800 7.2200 4.0000
        vertex 3.6000 7.3400 4.0000
        vertex 3.6200 7.2600 4.0000
    endloop
endfacet
facet normal 0.0000 0.0000 0.1100
    outer loop
        vertex 4.4800 0.5400 4.0000
        vertex 4.5400 0.6200 4.0000
        vertex 4.3800 0.7000 4.0000
    endloop
endfacet
facet normal 0.0000 0.0000 0.2775
    outer loop
        vertex 4.3800 0.7000 4.0000
        vertex 4.1400 0.6400 4.0000
        vertex 4.4800 0.5400 4.0000
    endloop
endfacet
facet normal 0.0000 0.0000 0.3300
    outer loop
        vertex 4.1400 0.6400 4.0000
        vertex 4.3800 0.7000 4.0000
        vertex 4.1400 0.8600 4.0000
    endloop
endfacet
facet normal 0.0000 0.0000 0.6325
    outer loop
        vertex 4.1400 0.8600 4.0000
        vertex 3.6800 0.7800 4.0000
        vertex 4.1400 0.6400 4.0000
    endloop
endfacet
facet normal 0.0000 0.0000 0.2500
    outer loop
        vertex 3.6800 0.7800 4.0000
        vertex 4.1400 0.8600 4.0000
        vertex 4.1000 0.9400 4.0000
    endloop
endfacet
facet normal 0.0000 0.0000 0.9875
    outer loop
        vertex 4.1000 0.9400 4.0000
        vertex 3.9000 1.2400 4.0000
        vertex 3.6800 0.7800 4.0000
    endloop
endfacet
facet normal 0.0000 0.0000 0.2000
    outer loop
        vertex 4.0200 1.2200 4.0000
        vertex 3.9000 1.2400 4.0000
        vertex 4.1000 0.9400 4.0000
    endloop
endfacet
facet normal 0.0000 0.0000 0.1000
    outer loop
        vertex 4.1000 0.9400 4.0000
        vertex 4.1400 1.0000 4.0000
        vertex 4.0200 1.2200 4.0000
    endloop
endfacet
facet normal 0.0000 0.0000 0.2075
    outer loop
        vertex 4.1600 1.2400 4.0000
        vertex 4.0200 1.2200 4.0000
        vertex 4.1400 1.0000 4.0000
    endloop
endfacet
facet normal 0.0000 0.0000 0.2075
    outer loop
        vertex 4.1400 1.0000 4.0000
        vertex 4.2800 1.0200 4.0000
        vertex 4.1600 1.2400 4.0000
    endloop
endfacet
facet normal 0.0000 0.0000 0.1400
    outer loop
        vertex 4.2400 1.2800 4.0000
        vertex 4.1600 1.2400 4.0000
        vertex 4.2800 1.0200 4.0000
    endloop
endfacet
facet normal 0.0000 0.0000 0.2100
    outer loop
        vertex 4.2800 1.0200 4.0000
        vertex 4.4000 1.0800 4.0000
        vertex 4.2400 1.2800 4.0000
    endloop
endfacet
facet normal 0.0000 0.0000 0.2500
    outer loop
        vertex 4.3600 1.3800 4.0000
        vertex 4.2400 1.2800 4.0000
        vertex 4.4000 1.0800 4.0000
    endloop
endfacet
facet normal 0.0000 0.0000 0.2125
    outer loop
        vertex 4.4000 1.0800 4.0000
        vertex 4.5000 1.1800 4.0000
        vertex 4.3600 1.3800 4.0000
    endloop
endfacet
facet normal 0.0000 0.0000 1.2025
    outer loop
        vertex 3.6800 0.7800 4.0000
        vertex 3.9000 1.2400 4.0000
        vertex 3.5200 1.3200 4.0000
    endloop
endfacet
facet normal 0.0000 0.0000 2.7425
    outer loop
        vertex 3.5200 1.3200 4.0000
        vertex 2.8200 0.9400 4.0000
        vertex 3.6800 0.7800 4.0000
    endloop
endfacet
facet normal 0.0000 0.0000 1.9100
    outer loop
        vertex 2.8200 0.9400 4.0000
        vertex 3.5200 1.3200 4.0000
        vertex 2.9000 1.4200 4.0000
    endloop
endfacet
facet normal 0.0000 0.0000 1.9700
    outer loop
        vertex 2.9000 1.4200 4.0000
        vertex 2.1800 1.0400 4.0000
        vertex 2.8200 0.9400 4.0000
    endloop
endfacet
facet normal 0.0000 0.0000 1.9325
    outer loop
        vertex 2.1800 1.0400 4.0000
        vertex 2.9000 1.4200 4.0000
        vertex 2.2000 1.4800 4.0000
    endloop
endfacet
facet normal 0.0000 0.0000 2.2075
    outer loop
        vertex 2.2000 1.4800 4.0000
        vertex 1.3800 1.1000 4.0000
        vertex 2.1800 1.0400 4.0000
    endloop
endfacet
facet normal 0.0000 0.0000 2.9925
    outer loop
        vertex 0.1200 1.1000 4.0000
        vertex 1.3800 1.1000 4.0000
        vertex 2.2000 1.4800 4.0000
    endloop
endfacet
facet normal 0.0000 0.0000 7.9075
    outer loop
        vertex 2.2000 1.4800 4.0000
        vertex -1.0200 1.5000 4.0000
        vertex 0.1200 1.1000 4.0000
    endloop
endfacet
facet normal 0.0000 0.0000 0.3350
    outer loop
        vertex -4.8400 0.6400 4.0000
        vertex -4.6400 0.5200 4.0000
        vertex -4.7600 0.8600 4.0000
    endloop
endfacet
facet normal 0.0000 0.0000 0.2825
    outer loop
        vertex -4.7600 0.8600 4.0000
        vertex -4.9800 0.8200 4.0000
        vertex -4.8400 0.6400 4.0000
    endloop
endfacet
facet normal 0.0000 0.0000 0.8925
    outer loop
        vertex -4.9800 0.8200 4.0000
        vertex -4.7600 0.8600 4.0000
        vertex -4.9200 1.4800 4.0000
    endloop
endfacet
facet normal 0.0000 0.0000 0.7650
    outer loop
        vertex -4.9200 1.4800 4.0000
        vertex -5.1200 1.3200 4.0000
        vertex -4.9800 0.8200 4.0000
    endloop
endfacet
facet normal 0.0000 0.0000 1.4000
    outer loop
        vertex -5.1200 1.3200 4.0000
        vertex -4.9200 1.4800 4.0000
        vertex -5.1200 2.4400 4.0000
    endloop
endfacet
facet normal 0.0000 0.0000 1.6800
    outer loop
        vertex -5.1200 2.4400 4.0000
        vertex -5.3600 2.5000 4.0000
        vertex -5.1200 1.3200 4.0000
    endloop
endfacet
facet normal 0.0000 0.0000 1.8675
    outer loop
        vertex -5.3600 2.5000 4.0000
        vertex -5.1200 2.4400 4.0000
        vertex -5.3400 3.7400 4.0000
    endloop
endfacet
facet normal 0.0000 0.0000 1.7125
    outer loop
        vertex -5.3400 3.7400 4.0000
        vertex -5.5600 3.8000 4.0000
        vertex -5.3600 2.5000 4.0000
    endloop
endfacet
facet normal 0.0000 0.0000 1.0425
    outer loop
        vertex -5.5600 3.8000 4.0000
        vertex -5.3400 3.7400 4.0000
        vertex -5.4200 4.5200 4.0000
    endloop
endfacet
facet normal 0.0000 0.0000 1.0075
    outer loop
        vertex -5.4200 4.5200 4.0000
        vertex -5.6400 4.5400 4.0000
        vertex -5.5600 3.8000 4.0000
    endloop
endfacet
facet normal 0.0000 0.0000 0.6025
    outer loop
        vertex -5.6400 4.5400 4.0000
        vertex -5.4200 4.5200 4.0000
        vertex -5.4400 4.9600 4.0000
    endloop
endfacet
facet normal 0.0000 0.0000 0.8800
    outer loop
        vertex -5.4400 4.9600 4.0000
        vertex -5.6800 5.1600 4.0000
        vertex -5.6400 4.5400 4.0000
    endloop
endfacet
facet normal 0.0000 0.0000 0.2900
    outer loop
        vertex -5.6800 5.1600 4.0000
        vertex -5.4400 4.9600 4.0000
        vertex -5.4000 5.1200 4.0000
    endloop
endfacet
facet normal 0.0000 0.0000 0.3900
    outer loop
        vertex -5.4000 5.1200 4.0000
        vertex -5.6600 5.3800 4.0000
        vertex -5.6800 5.1600 4.0000
    endloop
endfacet
facet normal 0.0000 0.0000 0.3575
    outer loop
        vertex -5.6600 5.3800 4.0000
        vertex -5.4000 5.1200 4.0000
        vertex -5.3200 5.2600 4.0000
    endloop
endfacet
facet normal 0.0000 0.0000 0.7125
    outer loop
        vertex -5.3200 5.2600 4.0000
        vertex -5.5600 5.6800 4.0000
        vertex -5.6600 5.3800 4.0000
    endloop
endfacet
facet normal 0.0000 0.0000 3.2100
    outer loop
        vertex -5.5600 5.6800 4.0000
        vertex -5.3200 5.2600 4.0000
        vertex -4.6800 6.2800 4.0000
    endloop
endfacet
facet normal 0.0000 0.0000 3.6500
    outer loop
        vertex -4.6800 6.2800 4.0000
        vertex -4.9200 6.7800 4.0000
        vertex -5.5600 5.6800 4.0000
    endloop
endfacet
facet normal 0.0000 0.0000 0.5850
    outer loop
        vertex -4.8000 6.9200 4.0000
        vertex -4.9200 6.7800 4.0000
        vertex -4.6800 6.2800 4.0000
    endloop
endfacet
facet normal 0.0000 0.0000 0.4750
    outer loop
        vertex -4.6800 6.2800 4.0000
        vertex -4.5800 6.3800 4.0000
        vertex -4.8000 6.9200 4.0000
    endloop
endfacet
facet normal 0.0000 0.0000 0.8400
    outer loop
        vertex -4.6000 7.0400 4.0000
        vertex -4.8000 6.9200 4.0000
        vertex -4.5800 6.3800 4.0000
    endloop
endfacet
facet normal 0.0000 0.0000 0.6675
    outer loop
        vertex -4.5800 6.3800 4.0000
        vertex -4.4200 6.4400 4.0000
        vertex -4.6000 7.0400 4.0000
    endloop
endfacet
facet normal 0.0000 0.0000 0.8700
    outer loop
        vertex -4.3800 7.0800 4.0000
        vertex -4.6000 7.0400 4.0000
        vertex -4.4200 6.4400 4.0000
    endloop
endfacet
facet normal 0.0000 0.0000 4.9300
    outer loop
        vertex -4.4200 6.4400 4.0000
        vertex -3.1800 6.5600 4.0000
        vertex -4.3800 7.0800 4.0000
    endloop
endfacet
facet normal 0.0000 0.0000 4.8900
    outer loop
        vertex -3.1800 6.5600 4.0000
        vertex -3.0600 7.1600 4.0000
        vertex -4.3800 7.0800 4.0000
    endloop
endfacet
facet normal 0.0000 0.0000 0.5275
    outer loop
        vertex -3.2600 7.7400 4.0000
        vertex -3.0400 7.8800 4.0000
        vertex -3.5800 7.9200 4.0000
    endloop
endfacet
facet normal 0.0000 0.0000 0.8450
    outer loop
        vertex -3.5800 7.9200 4.0000
        vertex -3.9400 7.7000 4.0000
        vertex -3.2600 7.7400 4.0000
    endloop
endfacet
facet normal 0.0000 0.0000 0.8725
    outer loop
        vertex -3.9400 7.7000 4.0000
        vertex -3.5800 7.9200 4.0000
        vertex -4.2800 7.8800 4.0000
    endloop
endfacet
facet normal 0.0000 0.0000 0.8025
    outer loop
        vertex -4.2800 7.8800 4.0000
        vertex -4.5400 7.6400 4.0000
        vertex -3.9400 7.7000 4.0000
    endloop
endfacet
facet normal 0.0000 0.0000 0.7750
    outer loop
        vertex -4.5400 7.6400 4.0000
        vertex -4.2800 7.8800 4.0000
        vertex -4.8400 7.8400 4.0000
    endloop
endfacet
facet normal 0.0000 0.0000 0.5375
    outer loop
        vertex -4.8400 7.8400 4.0000
        vertex -4.8800 7.5800 4.0000
        vertex -4.5400 7.6400 4.0000
    endloop
endfacet
facet normal 0.0000 0.0000 0.4400
    outer loop
        vertex -4.8800 7.5800 4.0000
        vertex -4.8400 7.8400 4.0000
        vertex -5.1200 7.7800 4.0000
    endloop
endfacet
facet normal 0.0000 0.0000 0.3900
    outer loop
        vertex -5.1200 7.7800 4.0000
        vertex -5.1200 7.5200 4.0000
        vertex -4.8800 7.5800 4.0000
    endloop
endfacet
facet normal 0.0000 0.0000 0.3250
    outer loop
        vertex -5.1200 7.5200 4.0000
        vertex -5.1200 7.7800 4.0000
        vertex -5.3200 7.6800 4.0000
    endloop
endfacet
facet normal 0.0000 0.0000 0.3050
    outer loop
        vertex -5.3200 7.6800 4.0000
        vertex -5.3000 7.4200 4.0000
        vertex -5.1200 7.5200 4.0000
    endloop
endfacet
facet normal 0.0000 0.0000 0.2800
    outer loop
        vertex -5.3000 7.4200 4.0000
        vertex -5.3200 7.6800 4.0000
        vertex -5.4800 7.5200 4.0000
    endloop
endfacet
facet normal 0.0000 0.0000 0.2800
    outer loop
        vertex -5.4800 7.5200 4.0000
        vertex -5.4600 7.2600 4.0000
        vertex -5.3000 7.4200 4.0000
    endloop
endfacet
facet normal 0.0000 0.0000 0.2275
    outer loop
        vertex -5.4600 7.2600 4.0000
        vertex -5.4800 7.5200 4.0000
        vertex -5.6000 7.2600 4.0000
    endloop
endfacet
facet normal 0.0000 0.0000 0.4025
    outer loop
        vertex -5.6000 7.2600 4.0000
        vertex -5.7800 6.8000 4.0000
        vertex -5.4600 7.2600 4.0000
    endloop
endfacet
facet normal 0.0000 0.0000 0.8025
    outer loop
        vertex 4.6800 1.8400 4.0000
        vertex 4.3600 1.3800 4.0000
        vertex 4.5000 1.1800 4.0000
    endloop
endfacet
facet normal 0.0000 0.0000 1.7700
    outer loop
        vertex 4.5000 1.1800 4.0000
        vertex 5.2400 2.3200 4.0000
        vertex 4.6800 1.8400 4.0000
    endloop
endfacet
facet normal 0.0000 0.0000 1.0900
    outer loop
        vertex 5.0400 2.4600 4.0000
        vertex 4.6800 1.8400 4.0000
        vertex 5.2400 2.3200 4.0000
    endloop
endfacet
facet normal 0.0000 0.0000 0.2025
    outer loop
        vertex 5.2400 2.3200 4.0000
        vertex 5.3000 2.4400 4.0000
        vertex 5.0400 2.4600 4.0000
    endloop
endfacet
facet normal 0.0000 0.0000 0.2675
    outer loop
        vertex 5.1000 2.6200 4.0000
        vertex 5.0400 2.4600 4.0000
        vertex 5.3000 2.4400 4.0000
    endloop
endfacet
facet normal 0.0000 0.0000 0.1950
    outer loop
        vertex 5.3000 2.4400 4.0000
        vertex 5.3400 2.5600 4.0000
        vertex 5.1000 2.6200 4.0000
    endloop
endfacet
facet normal 0.0000 0.0000 0.1575
    outer loop
        vertex 5.1200 2.7200 4.0000
        vertex 5.1000 2.6200 4.0000
        vertex 5.3400 2.5600 4.0000
    endloop
endfacet
facet normal 0.0000 0.0000 3.6200
    outer loop
        vertex 5.3400 2.5600 4.0000
        vertex 5.6600 4.9600 4.0000
        vertex 5.1200 2.7200 4.0000
    endloop
endfacet
facet normal 0.0000 0.0000 3.4475
    outer loop
        vertex 5.1200 2.7200 4.0000
        vertex 5.6600 4.9600 4.0000
        vertex 5.3800 4.8200 4.0000
    endloop
endfacet
facet normal 0.0000 0.0000 0.2450
    outer loop
        vertex 5.3800 4.8200 4.0000
        vertex 5.6600 4.9600 4.0000
        vertex 5.3800 4.9600 4.0000
    endloop
endfacet
facet normal 0.0000 0.0000 0.2450
    outer loop
        vertex 5.3400 5.1000 4.0000
        vertex 5.3800 4.9600 4.0000
        vertex 5.6600 4.9600 4.0000
    endloop
endfacet
facet normal 0.0000 0.0000 0.4400
    outer loop
        vertex 5.6600 4.9600 4.0000
        vertex 5.6600 5.1800 4.0000
        vertex 5.3400 5.1000 4.0000
    endloop
endfacet
facet normal 0.0000 0.0000 0.3800
    outer loop
        vertex 5.3400 5.1000 4.0000
        vertex 5.6600 5.1800 4.0000
        vertex 5.6200 5.3600 4.0000
    endloop
endfacet
facet normal 0.0000 0.0000 3.2675
    outer loop
        vertex 5.6200 5.3600 4.0000
        vertex 4.6000 6.2800 4.0000
        vertex 5.3400 5.1000 4.0000
    endloop
endfacet
facet normal 0.0000 0.0000 4.4275
    outer loop
        vertex 4.6000 6.2800 4.0000
        vertex 5.6200 5.3600 4.0000
        vertex 4.8600 6.7400 4.0000
    endloop
endfacet
facet normal 0.0000 0.0000 0.3025
    outer loop
        vertex 4.8600 6.7400 4.0000
        vertex 4.5400 6.3600 4.0000
        vertex 4.6000 6.2800 4.0000
    endloop
endfacet
facet normal 0.0000 0.0000 0.9075
    outer loop
        vertex 4.5400 6.3600 4.0000
        vertex 4.8600 6.7400 4.0000
        vertex 4.6800 6.9800 4.0000
    endloop
endfacet
facet normal 0.0000 0.0000 0.4400
    outer loop
        vertex 4.6800 6.9800 4.0000
        vertex 4.4400 6.4200 4.0000
        vertex 4.5400 6.3600 4.0000
    endloop
endfacet
facet normal 0.0000 0.0000 1.0800
    outer loop
        vertex 4.4400 6.4200 4.0000
        vertex 4.6800 6.9800 4.0000
        vertex 4.4400 7.1400 4.0000
    endloop
endfacet
facet normal 0.0000 0.0000 1.6200
    outer loop
        vertex 4.4400 7.1400 4.0000
        vertex 4.0800 7.2200 4.0000
        vertex 4.4400 6.4200 4.0000
    endloop
endfacet
facet normal 0.0000 0.0000 1.9000
    outer loop
        vertex 4.4400 6.4200 4.0000
        vertex 4.0800 7.2200 4.0000
        vertex 3.7000 7.2200 4.0000
    endloop
endfacet
facet normal 0.0000 0.0000 9.5750
    outer loop
        vertex 3.7000 7.2200 4.0000
        vertex 2.3400 6.6200 4.0000
        vertex 4.4400 6.4200 4.0000
    endloop
endfacet
facet normal 0.0000 0.0000 1.0025
    outer loop
        vertex 5.5800 7.5600 4.0000
        vertex 6.1600 7.7200 4.0000
        vertex 6.1000 7.9800 4.0000
    endloop
endfacet
facet normal 0.0000 0.0000 1.0300
    outer loop
        vertex 6.1000 7.9800 4.0000
        vertex 5.4600 7.7800 4.0000
        vertex 5.5800 7.5600 4.0000
    endloop
endfacet
facet normal 0.0000 0.0000 1.1150
    outer loop
        vertex 4.9000 7.3200 4.0000
        vertex 5.5800 7.5600 4.0000
        vertex 5.4600 7.7800 4.0000
    endloop
endfacet
facet normal 0.0000 0.0000 1.1475
    outer loop
        vertex 5.4600 7.7800 4.0000
        vertex 4.7200 7.5000 4.0000
        vertex 4.9000 7.3200 4.0000
    endloop
endfacet
facet normal 0.0000 0.0000 0.7200
    outer loop
        vertex 4.4400 7.1400 4.0000
        vertex 4.9000 7.3200 4.0000
        vertex 4.7200 7.5000 4.0000
    endloop
endfacet
facet normal 0.0000 0.0000 0.9500
    outer loop
        vertex 4.7200 7.5000 4.0000
        vertex 4.0800 7.2200 4.0000
        vertex 4.4400 7.1400 4.0000
    endloop
endfacet
facet normal 0.0000 0.0000 1.1975
    outer loop
        vertex 5.6600 9.3000 4.0000
        vertex 6.2400 9.4400 4.0000
        vertex 6.2800 9.7800 4.0000
    endloop
endfacet
facet normal 0.0000 0.0000 2.0825
    outer loop
        vertex 6.2800 9.7800 4.0000
        vertex 5.5600 9.7600 4.0000
        vertex 5.6600 9.3000 4.0000
    endloop
endfacet
facet normal 0.0000 0.0000 2.0050
    outer loop
        vertex 6.3800 11.1600 4.0000
        vertex 6.6200 11.6600 4.0000
        vertex 5.9400 11.5800 4.0000
    endloop
endfacet
facet normal 0.0000 0.0000 2.4200
    outer loop
        vertex 5.9400 11.5800 4.0000
        vertex 5.5000 11.1200 4.0000
        vertex 6.3800 11.1600 4.0000
    endloop
endfacet
facet normal 0.0000 0.0000 0.4475
    outer loop
        vertex -1.2400 7.9400 4.0000
        vertex -1.1400 7.9600 4.0000
        vertex -2.0200 8.5000 4.0000
    endloop
endfacet
facet normal 0.0000 0.0000 1.5325
    outer loop
        vertex -2.0200 8.5000 4.0000
        vertex -2.0400 8.2000 4.0000
        vertex -1.2400 7.9400 4.0000
    endloop
endfacet
facet normal 0.0000 0.0000 0.4950
    outer loop
        vertex -1.3600 7.8800 4.0000
        vertex -1.2400 7.9400 4.0000
        vertex -2.0400 8.2000 4.0000
    endloop
endfacet
facet normal 0.0000 0.0000 0.3400
    outer loop
        vertex -2.0400 8.2000 4.0000
        vertex -2.0400 8.1200 4.0000
        vertex -1.3600 7.8800 4.0000
    endloop
endfacet
facet normal 0.0000 0.0000 0.4900
    outer loop
        vertex -1.4600 7.8000 4.0000
        vertex -1.3600 7.8800 4.0000
        vertex -2.0400 8.1200 4.0000
    endloop
endfacet
facet normal 0.0000 0.0000 0.3700
    outer loop
        vertex -2.0400 8.1200 4.0000
        vertex -2.0800 8.0400 4.0000
        vertex -1.4600 7.8000 4.0000
    endloop
endfacet
facet normal 0.0000 0.0000 2.5975
    outer loop
        vertex -1.9000 7.3000 4.0000
        vertex -1.4600 7.8000 4.0000
        vertex -2.0800 8.0400 4.0000
    endloop
endfacet
facet normal 0.0000 0.0000 3.6775
    outer loop
        vertex -2.0800 8.0400 4.0000
        vertex -2.7000 7.3200 4.0000
        vertex -1.9000 7.3000 4.0000
    endloop
endfacet
facet normal 0.0000 0.0000 0.1575
    outer loop
        vertex -2.0400 8.2000 4.0000
        vertex -2.0200 8.5000 4.0000
        vertex -2.1200 8.2600 4.0000
    endloop
endfacet
facet normal 0.0000 0.0000 0.5950
    outer loop
        vertex -2.5000 8.3000 4.0000
        vertex -2.1200 8.2600 4.0000
        vertex -2.0200 8.5000 4.0000
    endloop
endfacet
facet normal 0.0000 0.0000 1.6100
    outer loop
        vertex -2.0200 8.5000 4.0000
        vertex -3.2600 8.5200 4.0000
        vertex -2.5000 8.3000 4.0000
    endloop
endfacet
facet normal 0.0000 0.0000 1.9950
    outer loop
        vertex -4.0200 8.3200 4.0000
        vertex -2.5000 8.3000 4.0000
        vertex -3.2600 8.5200 4.0000
    endloop
endfacet
facet normal 0.0000 0.0000 1.5700
    outer loop
        vertex -3.2600 8.5200 4.0000
        vertex -4.4400 8.5400 4.0000
        vertex -4.0200 8.3200 4.0000
    endloop
endfacet
facet normal 0.0000 0.0000 0.5550
    outer loop
        vertex -4.5000 8.3600 4.0000
        vertex -4.0200 8.3200 4.0000
        vertex -4.4400 8.5400 4.0000
    endloop
endfacet
facet normal 0.0000 0.0000 0.1275
    outer loop
        vertex -4.4400 8.5400 4.0000
        vertex -4.6000 8.4000 4.0000
        vertex -4.5000 8.3600 4.0000
    endloop
endfacet
facet normal 0.0000 0.0000 0.1125
    outer loop
        vertex -4.6600 8.4600 4.0000
        vertex -4.6000 8.4000 4.0000
        vertex -4.4400 8.5400 4.0000
    endloop
endfacet
facet normal 0.0000 0.0000 0.1200
    outer loop
        vertex -4.4400 8.5400 4.0000
        vertex -4.6800 8.5400 4.0000
        vertex -4.6600 8.4600 4.0000
    endloop
endfacet
facet normal 0.0000 0.0000 0.3625
    outer loop
        vertex -4.8400 8.9200 4.0000
        vertex -4.6600 9.0800 4.0000
        vertex -4.8200 9.2600 4.0000
    endloop
endfacet
facet normal 0.0000 0.0000 0.4050
    outer loop
        vertex -4.8200 9.2600 4.0000
        vertex -5.0200 9.1000 4.0000
        vertex -4.8400 8.9200 4.0000
    endloop
endfacet
facet normal 0.0000 0.0000 0.3750
    outer loop
        vertex -5.0200 9.1000 4.0000
        vertex -4.8200 9.2600 4.0000
        vertex -5.0200 9.4000 4.0000
    endloop
endfacet
facet normal 0.0000 0.0000 0.4500
    outer loop
        vertex -5.0200 9.4000 4.0000
        vertex -5.2600 9.2400 4.0000
        vertex -5.0200 9.1000 4.0000
    endloop
endfacet
facet normal 0.0000 0.0000 0.4300
    outer loop
        vertex -5.2600 9.2400 4.0000
        vertex -5.0200 9.4000 4.0000
        vertex -5.3000 9.5000 4.0000
    endloop
endfacet
facet normal 0.0000 0.0000 0.3650
    outer loop
        vertex -5.3000 9.5000 4.0000
        vertex -5.5000 9.3400 4.0000
        vertex -5.2600 9.2400 4.0000
    endloop
endfacet
facet normal 0.0000 0.0000 0.1550
    outer loop
        vertex -5.5800 9.4000 4.0000
        vertex -5.5000 9.3400 4.0000
        vertex -5.3000 9.5000 4.0000
    endloop
endfacet
facet normal 0.0000 0.0000 0.1300
    outer loop
        vertex -5.3000 9.5000 4.0000
        vertex -5.6200 9.4600 4.0000
        vertex -5.5800 9.4000 4.0000
    endloop
endfacet
facet normal 0.0000 0.0000 2.7775
    outer loop
        vertex -5.5600 9.7800 4.0000
        vertex -5.3000 9.5000 4.0000
        vertex -5.1800 11.0800 4.0000
    endloop
endfacet
facet normal 0.0000 0.0000 1.9900
    outer loop
        vertex -5.1800 11.0800 4.0000
        vertex -5.4600 10.9600 4.0000
        vertex -5.5600 9.7800 4.0000
    endloop
endfacet
facet normal 0.0000 0.0000 0.0900
    outer loop
        vertex -5.5800 11.1000 4.0000
        vertex -5.5000 11.0600 4.0000
        vertex -5.1800 11.0800 4.0000
    endloop
endfacet
facet normal 0.0000 0.0000 1.2375
    outer loop
        vertex -5.1800 11.0800 4.0000
        vertex -5.2800 11.5800 4.0000
        vertex -5.5800 11.1000 4.0000
    endloop
endfacet
facet normal 0.0000 0.0000 0.6400
    outer loop
        vertex 2.3400 6.6200 4.0000
        vertex 3.7000 7.2200 4.0000
        vertex 3.6200 7.2600 4.0000
    endloop
endfacet
facet normal 0.0000 0.0000 2.2400
    outer loop
        vertex 3.6200 7.2600 4.0000
        vertex 3.1800 7.3200 4.0000
        vertex 2.3400 6.6200 4.0000
    endloop
endfacet
facet normal 0.0000 0.0000 0.7400
    outer loop
        vertex 4.8400 11.1800 4.0000
        vertex 5.0800 11.1400 4.0000
        vertex 5.2800 11.6000 4.0000
    endloop
endfacet
facet normal 0.0000 0.0000 0.9050
    outer loop
        vertex 5.2800 11.6000 4.0000
        vertex 4.6000 11.2800 4.0000
        vertex 4.8400 11.1800 4.0000
    endloop
endfacet
facet normal 0.0000 0.0000 0.8500
    outer loop
        vertex 4.6000 11.2800 4.0000
        vertex 5.2800 11.6000 4.0000
        vertex 4.9400 11.6400 4.0000
    endloop
endfacet
facet normal 0.0000 0.0000 0.6600
    outer loop
        vertex 4.9400 11.6400 4.0000
        vertex 4.4200 11.4000 4.0000
        vertex 4.6000 11.2800 4.0000
    endloop
endfacet
facet normal 0.0000 0.0000 0.6650
    outer loop
        vertex 4.2800 11.5600 4.0000
        vertex 4.7200 11.7400 4.0000
        vertex 4.5200 11.9000 4.0000
    endloop
endfacet
facet normal 0.0000 0.0000 0.4400
    outer loop
        vertex 4.5200 11.9000 4.0000
        vertex 4.2000 11.7400 4.0000
        vertex 4.2800 11.5600 4.0000
    endloop
endfacet
facet normal 0.0000 0.0000 0.4000
    outer loop
        vertex 4.1600 11.9200 4.0000
        vertex 4.2000 11.7400 4.0000
        vertex 4.5200 11.9000 4.0000
    endloop
endfacet
facet normal 0.0000 0.0000 0.5225
    outer loop
        vertex 4.5200 11.9000 4.0000
        vertex 4.3800 12.1400 4.0000
        vertex 4.1600 11.9200 4.0000
    endloop
endfacet
facet normal 0.0000 0.0000 0.4400
    outer loop
        vertex 4.1600 11.9200 4.0000
        vertex 4.3800 12.1400 4.0000
        vertex 4.3200 12.4000 4.0000
    endloop
endfacet
facet normal 0.0000 0.0000 4.4800
    outer loop
        vertex 4.3200 12.4000 4.0000
        vertex 2.6400 11.8400 4.0000
        vertex 4.1600 11.9200 4.0000
    endloop
endfacet
facet normal 0.0000 0.0000 0.7600
    outer loop
        vertex 4.4800 8.5400 4.0000
        vertex 4.2200 8.5600 4.0000
        vertex 3.8600 8.1200 4.0000
    endloop
endfacet
facet normal 0.0000 0.0000 1.7275
    outer loop
        vertex 3.8600 8.1200 4.0000
        vertex 3.7800 7.6200 4.0000
        vertex 4.4800 8.5400 4.0000
    endloop
endfacet
facet normal 0.0000 0.0000 1.4525
    outer loop
        vertex 3.7800 7.6200 4.0000
        vertex 3.8600 8.1200 4.0000
        vertex 3.2800 7.4000 4.0000
    endloop
endfacet
facet normal 0.0000 0.0000 0.6275
    outer loop
        vertex 3.2800 7.4000 4.0000
        vertex 3.6000 7.3400 4.0000
        vertex 3.7800 7.6200 4.0000
    endloop
endfacet
facet normal 0.0000 0.0000 0.1525
    outer loop
        vertex 3.6200 7.2600 4.0000
        vertex 3.6000 7.3400 4.0000
        vertex 3.2800 7.4000 4.0000
    endloop
endfacet
facet normal 0.0000 0.0000 0.2575
    outer loop
        vertex 3.2800 7.4000 4.0000
        vertex 3.1800 7.3200 4.0000
        vertex 3.6200 7.2600 4.0000
    endloop
endfacet
facet normal 0.0000 0.0000 0.3500
    outer loop
        vertex 2.3400 6.6200 4.0000
        vertex 3.1800 7.3200 4.0000
        vertex 3.1000 7.3200 4.0000
    endloop
endfacet
facet normal 0.0000 0.0000 4.0600
    outer loop
        vertex 1.3600 11.8000 4.0000
        vertex 2.6400 11.8400 4.0000
        vertex 4.3200 12.4000 4.0000
    endloop
endfacet
facet normal 0.0000 0.0000 14.3500
    outer loop
        vertex 4.3200 12.4000 4.0000
        vertex 0.0000 12.3000 4.0000
        vertex 1.3600 11.8000 4.0000
    endloop
endfacet
facet normal 0.0000 0.0000 4.5450
    outer loop
        vertex -0.0400 11.7800 4.0000
        vertex 1.3600 11.8000 4.0000
        vertex 0.0000 12.3000 4.0000
    endloop
endfacet
facet normal 0.0000 0.0000 6.3050
    outer loop
        vertex 0.0000 12.3000 4.0000
        vertex -1.9400 12.3000 4.0000
        vertex -0.0400 11.7800 4.0000
    endloop
endfacet
facet normal 0.0000 0.0000 6.6525
    outer loop
        vertex -2.1600 11.8000 4.0000
        vertex -0.0400 11.7800 4.0000
        vertex -1.9400 12.3000 4.0000
    endloop
endfacet
facet normal 0.0000 0.0000 3.7775
    outer loop
        vertex -1.9400 12.3000 4.0000
        vertex -3.1400 12.3200 4.0000
        vertex -2.1600 11.8000 4.0000
    endloop
endfacet
facet normal 0.0000 0.0000 3.3300
    outer loop
        vertex -3.2600 11.8400 4.0000
        vertex -2.1600 11.8000 4.0000
        vertex -3.1400 12.3200 4.0000
    endloop
endfacet
facet normal 0.0000 0.0000 2.0550
    outer loop
        vertex -3.1400 12.3200 4.0000
        vertex -3.8200 12.3400 4.0000
        vertex -3.2600 11.8400 4.0000
    endloop
endfacet
facet normal 0.0000 0.0000 1.9225
    outer loop
        vertex -3.9200 11.8800 4.0000
        vertex -3.2600 11.8400 4.0000
        vertex -3.8200 12.3400 4.0000
    endloop
endfacet
facet normal 0.0000 0.0000 0.6450
    outer loop
        vertex -3.8200 12.3400 4.0000
        vertex -4.1400 11.9000 4.0000
        vertex -3.9200 11.8800 4.0000
    endloop
endfacet
facet normal 0.0000 0.0000 1.1800
    outer loop
        vertex -4.1400 11.9000 4.0000
        vertex -3.8200 12.3400 4.0000
        vertex -4.2200 12.3800 4.0000
    endloop
endfacet
facet normal 0.0000 0.0000 0.4900
    outer loop
        vertex -4.2200 12.3800 4.0000
        vertex -4.3800 12.3600 4.0000
        vertex -4.1400 11.9000 4.0000
    endloop
endfacet
facet normal 0.0000 0.0000 0.2875
    outer loop
        vertex -4.2400 11.9000 4.0000
        vertex -4.1400 11.9000 4.0000
        vertex -4.3800 12.3600 4.0000
    endloop
endfacet
facet normal 0.0000 0.0000 0.3575
    outer loop
        vertex -4.3800 12.3600 4.0000
        vertex -4.4800 12.2800 4.0000
        vertex -4.2400 11.9000 4.0000
    endloop
endfacet
facet normal 0.0000 0.0000 0.2325
    outer loop
        vertex -4.3000 11.8400 4.0000
        vertex -4.2400 11.9000 4.0000
        vertex -4.4800 12.2800 4.0000
    endloop
endfacet
facet normal 0.0000 0.0000 0.4675
    outer loop
        vertex -4.4800 12.2800 4.0000
        vertex -4.5600 12.0600 4.0000
        vertex -4.3000 11.8400 4.0000
    endloop
endfacet
facet normal 0.0000 0.0000 0.2175
    outer loop
        vertex -4.3400 11.7400 4.0000
        vertex -4.3000 11.8400 4.0000
        vertex -4.5600 12.0600 4.0000
    endloop
endfacet
facet normal 0.0000 0.0000 0.5550
    outer loop
        vertex -4.5600 12.0600 4.0000
        vertex -4.7000 11.8600 4.0000
        vertex -4.3400 11.7400 4.0000
    endloop
endfacet
facet normal 0.0000 0.0000 0.4650
    outer loop
        vertex -4.4200 11.5600 4.0000
        vertex -4.3400 11.7400 4.0000
        vertex -4.7000 11.8600 4.0000
    endloop
endfacet
facet normal 0.0000 0.0000 0.7650
    outer loop
        vertex -4.7000 11.8600 4.0000
        vertex -4.9400 11.6800 4.0000
        vertex -4.4200 11.5600 4.0000
    endloop
endfacet
facet normal 0.0000 0.0000 0.6900
    outer loop
        vertex -4.5600 11.3800 4.0000
        vertex -4.4200 11.5600 4.0000
        vertex -4.9400 11.6800 4.0000
    endloop
endfacet
facet normal 0.0000 0.0000 0.7075
    outer loop
        vertex -4.9400 11.6800 4.0000
        vertex -4.7600 11.2400 4.0000
        vertex -4.5600 11.3800 4.0000
    endloop
endfacet
facet normal 0.0000 0.0000 0.6625
    outer loop
        vertex -4.9600 11.1400 4.0000
        vertex -4.7600 11.2400 4.0000
        vertex -4.9400 11.6800 4.0000
    endloop
endfacet
facet normal 0.0000 0.0000 0.7350
    outer loop
        vertex -4.9400 11.6800 4.0000
        vertex -5.1800 11.0800 4.0000
        vertex -4.9600 11.1400 4.0000
    endloop
endfacet
facet normal 0.0000 0.0000 1.1250
    outer loop
        vertex -5.1800 11.0800 4.0000
        vertex -4.9400 11.6800 4.0000
        vertex -5.2800 11.5800 4.0000
    endloop
endfacet
facet normal 0.0000 0.0000 1.8825
    outer loop
        vertex -5.5800 11.1000 4.0000
        vertex -5.2800 11.5800 4.0000
        vertex -5.9200 11.5600 4.0000
    endloop
endfacet
facet normal 0.0000 0.0000 0.3900
    outer loop
        vertex 4.3800 0.7000 4.0000
        vertex 4.5400 0.6200 4.0000
        vertex 4.4000 1.0800 4.0000
    endloop
endfacet
facet normal 0.0000 0.0000 0.2775
    outer loop
        vertex 4.4000 1.0800 4.0000
        vertex 4.2800 1.0200 4.0000
        vertex 4.3800 0.7000 4.0000
    endloop
endfacet
facet normal 0.0000 0.0000 0.3800
    outer loop
        vertex 4.1400 0.8600 4.0000
        vertex 4.3800 0.7000 4.0000
        vertex 4.2800 1.0200 4.0000
    endloop
endfacet
facet normal 0.0000 0.0000 0.1225
    outer loop
        vertex 4.2800 1.0200 4.0000
        vertex 4.1400 1.0000 4.0000
        vertex 4.1400 0.8600 4.0000
    endloop
endfacet
facet normal 0.0000 0.0000 0.0350
    outer loop
        vertex 4.1400 0.8600 4.0000
        vertex 4.1400 1.0000 4.0000
        vertex 4.1000 0.9400 4.0000
    endloop
endfacet
facet normal 0.0000 0.0000 0.3750
    outer loop
        vertex 4.5000 1.1800 4.0000
        vertex 4.4000 1.0800 4.0000
        vertex 4.5400 0.6200 4.0000
    endloop
endfacet
facet normal 0.0000 0.0000 4.2380
    outer loop
        vertex 4.5400 0.6200 4.0000
        vertex 5.7380 0.8000 4.0000
        vertex 4.5000 1.1800 4.0000
    endloop
endfacet
facet normal 0.0000 0.0000 4.9348
    outer loop
        vertex 4.8000 0.0000 4.0000
        vertex 5.7380 0.8000 4.0000
        vertex 4.5400 0.6200 4.0000
    endloop
endfacet
facet normal 0.0000 0.0000 0.3625
    outer loop
        vertex 4.5400 0.6200 4.0000
        vertex 4.4800 0.5400 4.0000
        vertex 4.8000 0.0000 4.0000
    endloop
endfacet
facet normal 0.0000 0.0000 0.9475
    outer loop
        vertex 4.8000 0.0000 4.0000
        vertex 4.4800 0.5400 4.0000
        vertex 4.1400 0.6400 4.0000
    endloop
endfacet
facet normal 0.0000 0.0000 19.2000
    outer loop
        vertex 4.1400 0.6400 4.0000
        vertex 0.0000 0.0000 4.0000
        vertex 4.8000 0.0000 4.0000
    endloop
endfacet
facet normal 0.0000 0.0000 5.4625
    outer loop
        vertex 0.0000 0.0000 4.0000
        vertex 4.1400 0.6400 4.0000
        vertex 3.6800 0.7800 4.0000
    endloop
endfacet
facet normal 0.0000 0.0000 7.8725
    outer loop
        vertex 3.6800 0.7800 4.0000
        vertex 2.8200 0.9400 4.0000
        vertex 0.0000 0.0000 4.0000
    endloop
endfacet
facet normal 0.0000 0.0000 5.5225
    outer loop
        vertex 0.0000 0.0000 4.0000
        vertex 2.8200 0.9400 4.0000
        vertex 2.1800 1.0400 4.0000
    endloop
endfacet
facet normal 0.0000 0.0000 6.0175
    outer loop
        vertex 2.1800 1.0400 4.0000
        vertex 1.3800 1.1000 4.0000
        vertex 0.0000 0.0000 4.0000
    endloop
endfacet
facet normal 0.0000 0.0000 8.6625
    outer loop
        vertex 0.0000 0.0000 4.0000
        vertex 1.3800 1.1000 4.0000
        vertex 0.1200 1.1000 4.0000
    endloop
endfacet
facet normal 0.0000 0.0000 9.4725
    outer loop
        vertex 0.1200 1.1000 4.0000
        vertex -1.2600 1.0800 4.0000
        vertex 0.0000 0.0000 4.0000
    endloop
endfacet
facet normal 0.0000 0.0000 4.6350
    outer loop
        vertex 0.0000 0.0000 4.0000
        vertex -1.2600 1.0800 4.0000
        vertex -1.9000 1.0400 4.0000
    endloop
endfacet
facet normal 0.0000 0.0000 2.2725
    outer loop
        vertex -1.9000 1.0400 4.0000
        vertex -2.1400 0.9800 4.0000
        vertex 0.0000 0.0000 4.0000
    endloop
endfacet
facet normal 0.0000 0.0000 2.0725
    outer loop
        vertex 0.0000 0.0000 4.0000
        vertex -2.1400 0.9800 4.0000
        vertex -2.2600 0.8800 4.0000
    endloop
endfacet
facet normal 0.0000 0.0000 2.9825
    outer loop
        vertex -2.2600 0.8800 4.0000
        vertex -2.3400 0.7000 4.0000
        vertex 0.0000 0.0000 4.0000
    endloop
endfacet
facet normal 0.0000 0.0000 3.6850
    outer loop
        vertex 0.0000 0.0000 4.0000
        vertex -2.3400 0.7000 4.0000
        vertex -2.3800 0.4600 4.0000
    endloop
endfacet
facet normal 0.0000 0.0000 0.5750
    outer loop
        vertex 0.0000 0.0000 4.0000
        vertex -2.3800 0.4600 4.0000
        vertex -2.5800 0.4600 4.0000
    endloop
endfacet
facet normal 0.0000 0.0000 13.8000
    outer loop
        vertex -2.5800 0.4600 4.0000
        vertex -4.8000 0.0000 4.0000
        vertex 0.0000 0.0000 4.0000
    endloop
endfacet
facet normal 0.0000 0.0000 1.3225
    outer loop
        vertex -4.8000 0.0000 4.0000
        vertex -2.5800 0.4600 4.0000
        vertex -3.0400 0.4600 4.0000
    endloop
endfacet
facet normal 0.0000 0.0000 0.9775
    outer loop
        vertex -4.8000 0.0000 4.0000
        vertex -3.0400 0.4600 4.0000
        vertex -3.3800 0.4600 4.0000
    endloop
endfacet
facet normal 0.0000 0.0000 1.4950
    outer loop
        vertex -4.8000 0.0000 4.0000
        vertex -3.3800 0.4600 4.0000
        vertex -3.9000 0.4600 4.0000
    endloop
endfacet
facet normal 0.0000 0.0000 0.6900
    outer loop
        vertex -4.8000 0.0000 4.0000
        vertex -3.9000 0.4600 4.0000
        vertex -4.1400 0.4600 4.0000
    endloop
endfacet
facet normal 0.0000 0.0000 1.6850
    outer loop
        vertex -4.8000 0.0000 4.0000
        vertex -4.1400 0.4600 4.0000
        vertex -4.6400 0.5200 4.0000
    endloop
endfacet
facet normal 0.0000 0.0000 0.7700
    outer loop
        vertex -4.8000 0.0000 4.0000
        vertex -4.6400 0.5200 4.0000
        vertex -4.8400 0.6400 4.0000
    endloop
endfacet
facet normal 0.0000 0.0000 0.5150
    outer loop
        vertex -4.8000 0.0000 4.0000
        vertex -4.8400 0.6400 4.0000
        vertex -4.9800 0.8200 4.0000
    endloop
endfacet
facet normal 0.0000 0.0000 3.9073
    outer loop
        vertex -4.9800 0.8200 4.0000
        vertex -5.7380 0.8000 4.0000
        vertex -4.8000 0.0000 4.0000
    endloop
endfacet
facet normal 0.0000 0.0000 2.3863
    outer loop
        vertex -5.7380 0.8000 4.0000
        vertex -4.9800 0.8200 4.0000
        vertex -5.1200 1.3200 4.0000
    endloop
endfacet
facet normal 0.0000 0.0000 5.3377
    outer loop
        vertex -5.7380 0.8000 4.0000
        vertex -5.1200 1.3200 4.0000
        vertex -5.3600 2.5000 4.0000
    endloop
endfacet
facet normal 0.0000 0.0000 5.1963
    outer loop
        vertex -5.7380 0.8000 4.0000
        vertex -5.3600 2.5000 4.0000
        vertex -5.5600 3.8000 4.0000
    endloop
endfacet
facet normal 0.0000 0.0000 0.0400
    outer loop
        vertex -2.0400 8.1200 4.0000
        vertex -2.0400 8.2000 4.0000
        vertex -2.1200 8.2600 4.0000
    endloop
endfacet
facet normal 0.0000 0.0000 0.0750
    outer loop
        vertex -2.1200 8.2600 4.0000
        vertex -2.0800 8.0400 4.0000
        vertex -2.0400 8.1200 4.0000
    endloop
endfacet
facet normal 0.0000 0.0000 0.5125
    outer loop
        vertex -2.0800 8.0400 4.0000
        vertex -2.1200 8.2600 4.0000
        vertex -2.5000 8.3000 4.0000
    endloop
endfacet
facet normal 0.0000 0.0000 1.9800
    outer loop
        vertex -2.5000 8.3000 4.0000
        vertex -3.0400 7.8800 4.0000
        vertex -2.0800 8.0400 4.0000
    endloop
endfacet
facet normal 0.0000 0.0000 3.7000
    outer loop
        vertex -2.7000 7.3200 4.0000
        vertex -2.0800 8.0400 4.0000
        vertex -3.0400 7.8800 4.0000
    endloop
endfacet
facet normal 0.0000 0.0000 0.5900
    outer loop
        vertex -3.0400 7.8800 4.0000
        vertex -2.8200 7.2400 4.0000
        vertex -2.7000 7.3200 4.0000
    endloop
endfacet
facet normal 0.0000 0.0000 0.5625
    outer loop
        vertex -2.9400 7.1800 4.0000
        vertex -2.8200 7.2400 4.0000
        vertex -3.0400 7.8800 4.0000
    endloop
endfacet
facet normal 0.0000 0.0000 0.5375
    outer loop
        vertex -3.0400 7.8800 4.0000
        vertex -3.0600 7.1600 4.0000
        vertex -2.9400 7.1800 4.0000
    endloop
endfacet
facet normal 0.0000 0.0000 0.9725
    outer loop
        vertex -3.0600 7.1600 4.0000
        vertex -3.0400 7.8800 4.0000
        vertex -3.2600 7.7400 4.0000
    endloop
endfacet
facet normal 0.0000 0.0000 2.5150
    outer loop
        vertex -3.0600 7.1600 4.0000
        vertex -3.2600 7.7400 4.0000
        vertex -3.9400 7.7000 4.0000
    endloop
endfacet
facet normal 0.0000 0.0000 4.8950
    outer loop
        vertex -3.9400 7.7000 4.0000
        vertex -4.3800 7.0800 4.0000
        vertex -3.0600 7.1600 4.0000
    endloop
endfacet
facet normal 0.0000 0.0000 2.1600
    outer loop
        vertex -4.3800 7.0800 4.0000
        vertex -3.9400 7.7000 4.0000
        vertex -4.5400 7.6400 4.0000
    endloop
endfacet
facet normal 0.0000 0.0000 0.8100
    outer loop
        vertex -4.5400 7.6400 4.0000
        vertex -4.6000 7.0400 4.0000
        vertex -4.3800 7.0800 4.0000
    endloop
endfacet
facet normal 0.0000 0.0000 1.2525
    outer loop
        vertex -4.6000 7.0400 4.0000
        vertex -4.5400 7.6400 4.0000
        vertex -4.8800 7.5800 4.0000
    endloop
endfacet
facet normal 0.0000 0.0000 0.8850
    outer loop
        vertex -4.8800 7.5800 4.0000
        vertex -4.8000 6.9200 4.0000
        vertex -4.6000 7.0400 4.0000
    endloop
endfacet
facet normal 0.0000 0.0000 1.0200
    outer loop
        vertex -4.8000 6.9200 4.0000
        vertex -4.8800 7.5800 4.0000
        vertex -5.1200 7.5200 4.0000
    endloop
endfacet
facet normal 0.0000 0.0000 0.8750
    outer loop
        vertex -5.1200 7.5200 4.0000
        vertex -5.3000 7.4200 4.0000
        vertex -4.8000 6.9200 4.0000
    endloop
endfacet
facet normal 0.0000 0.0000 1.0000
    outer loop
        vertex -4.8000 6.9200 4.0000
        vertex -5.3000 7.4200 4.0000
        vertex -5.4600 7.2600 4.0000
    endloop
endfacet
facet normal 0.0000 0.0000 0.8325
    outer loop
        vertex -5.4600 7.2600 4.0000
        vertex -4.9200 6.7800 4.0000
        vertex -4.8000 6.9200 4.0000
    endloop
endfacet
facet normal 0.0000 0.0000 2.5125
    outer loop
        vertex -4.9200 6.7800 4.0000
        vertex -5.4600 7.2600 4.0000
        vertex -5.7800 6.8000 4.0000
    endloop
endfacet
facet normal 0.0000 0.0000 5.9925
    outer loop
        vertex -5.7800 6.8000 4.0000
        vertex -5.5600 5.6800 4.0000
        vertex -4.9200 6.7800 4.0000
    endloop
endfacet
facet normal 0.0000 0.0000 1.5525
    outer loop
        vertex -3.5800 7.9200 4.0000
        vertex -3.0400 7.8800 4.0000
        vertex -2.5000 8.3000 4.0000
    endloop
endfacet
facet normal 0.0000 0.0000 3.7450
    outer loop
        vertex -2.5000 8.3000 4.0000
        vertex -4.0200 8.3200 4.0000
        vertex -3.5800 7.9200 4.0000
    endloop
endfacet
facet normal 0.0000 0.0000 1.8600
    outer loop
        vertex -4.2800 7.8800 4.0000
        vertex -3.5800 7.9200 4.0000
        vertex -4.0200 8.3200 4.0000
    endloop
endfacet
facet normal 0.0000 0.0000 1.3850
    outer loop
        vertex -4.0200 8.3200 4.0000
        vertex -4.5000 8.3600 4.0000
        vertex -4.2800 7.8800 4.0000
    endloop
endfacet
facet normal 0.0000 0.0000 1.7350
    outer loop
        vertex -4.8400 7.8400 4.0000
        vertex -4.2800 7.8800 4.0000
        vertex -4.5000 8.3600 4.0000
    endloop
endfacet
facet normal 0.0000 0.0000 0.4100
    outer loop
        vertex -4.5000 8.3600 4.0000
        vertex -4.6000 8.4000 4.0000
        vertex -4.8400 7.8400 4.0000
    endloop
endfacet
facet normal 0.0000 0.0000 0.3000
    outer loop
        vertex -4.8400 7.8400 4.0000
        vertex -4.6000 8.4000 4.0000
        vertex -4.6600 8.4600 4.0000
    endloop
endfacet
facet normal 0.0000 0.0000 1.0175
    outer loop
        vertex -4.6600 8.4600 4.0000
        vertex -5.1200 7.7800 4.0000
        vertex -4.8400 7.8400 4.0000
    endloop
endfacet
facet normal 0.0000 0.0000 0.3150
    outer loop
        vertex -5.1200 7.7800 4.0000
        vertex -4.6600 8.4600 4.0000
        vertex -4.6800 8.5400 4.0000
    endloop
endfacet
facet normal 0.0000 0.0000 0.8900
    outer loop
        vertex -4.6800 8.5400 4.0000
        vertex -4.7400 8.7600 4.0000
        vertex -5.1200 7.7800 4.0000
    endloop
endfacet
facet normal 0.0000 0.0000 0.9925
    outer loop
        vertex -5.1200 7.7800 4.0000
        vertex -4.7400 8.7600 4.0000
        vertex -4.8400 8.9200 4.0000
    endloop
endfacet
facet normal 0.0000 0.0000 1.5975
    outer loop
        vertex -4.8400 8.9200 4.0000
        vertex -5.0200 9.1000 4.0000
        vertex -5.1200 7.7800 4.0000
    endloop
endfacet
facet normal 0.0000 0.0000 1.5875
    outer loop
        vertex -5.3200 7.6800 4.0000
        vertex -5.1200 7.7800 4.0000
        vertex -5.0200 9.1000 4.0000
    endloop
endfacet
facet normal 0.0000 0.0000 2.3925
    outer loop
        vertex -5.0200 9.1000 4.0000
        vertex -5.2600 9.2400 4.0000
        vertex -5.3200 7.6800 4.0000
    endloop
endfacet
facet normal 0.0000 0.0000 2.3775
    outer loop
        vertex -5.3200 7.6800 4.0000
        vertex -5.2600 9.2400 4.0000
        vertex -5.5000 9.3400 4.0000
    endloop
endfacet
facet normal 0.0000 0.0000 1.8400
    outer loop
        vertex -5.5000 9.3400 4.0000
        vertex -5.4800 7.5200 4.0000
        vertex -5.3200 7.6800 4.0000
    endloop
endfacet
facet normal 0.0000 0.0000 0.9025
    outer loop
        vertex -5.4800 7.5200 4.0000
        vertex -5.5000 9.3400 4.0000
        vertex -5.5800 9.4000 4.0000
    endloop
endfacet
facet normal 0.0000 0.0000 1.5725
    outer loop
        vertex -5.5800 9.4000 4.0000
        vertex -5.6000 7.2600 4.0000
        vertex -5.4800 7.5200 4.0000
    endloop
endfacet
facet normal 0.0000 0.0000 0.5425
    outer loop
        vertex -5.6000 7.2600 4.0000
        vertex -5.5800 9.4000 4.0000
        vertex -5.6200 9.4600 4.0000
    endloop
endfacet
facet normal 0.0000 0.0000 16.4075
    outer loop
        vertex -5.6200 9.4600 4.0000
        vertex -6.8000 8.0000 4.0000
        vertex -5.6000 7.2600 4.0000
    endloop
endfacet
facet normal 0.0000 0.0000 4.7002
    outer loop
        vertex 5.6200 5.3600 4.0000
        vertex 6.4944 7.7888 4.0000
        vertex 6.1600 7.7200 4.0000
    endloop
endfacet
facet normal 0.0000 0.0000 8.0150
    outer loop
        vertex 6.1600 7.7200 4.0000
        vertex 5.5800 7.5600 4.0000
        vertex 5.6200 5.3600 4.0000
    endloop
endfacet
facet normal 0.0000 0.0000 10.1050
    outer loop
        vertex 4.8600 6.7400 4.0000
        vertex 5.6200 5.3600 4.0000
        vertex 5.5800 7.5600 4.0000
    endloop
endfacet
facet normal 0.0000 0.0000 2.4050
    outer loop
        vertex 5.5800 7.5600 4.0000
        vertex 4.9000 7.3200 4.0000
        vertex 4.8600 6.7400 4.0000
    endloop
endfacet
facet normal 0.0000 0.0000 0.7125
    outer loop
        vertex 4.8600 6.7400 4.0000
        vertex 4.9000 7.3200 4.0000
        vertex 4.6800 6.9800 4.0000
    endloop
endfacet
facet normal 0.0000 0.0000 0.7300
    outer loop
        vertex 4.6800 6.9800 4.0000
        vertex 4.9000 7.3200 4.0000
        vertex 4.4400 7.1400 4.0000
    endloop
endfacet
facet normal 0.0000 0.0000 1.5909
    outer loop
        vertex 6.4944 7.7888 4.0000
        vertex 5.6200 5.3600 4.0000
        vertex 5.6600 5.1800 4.0000
    endloop
endfacet
facet normal 0.0000 0.0000 3.8814
    outer loop
        vertex 5.6600 5.1800 4.0000
        vertex 6.8000 8.0000 4.0000
        vertex 6.4944 7.7888 4.0000
    endloop
endfacet
facet normal 0.0000 0.0000 0.5000
    outer loop
        vertex 7.2000 11.8000 4.0000
        vertex 7.2000 11.6000 4.0000
        vertex 7.6000 11.6000 4.0000
    endloop
endfacet
facet normal 0.0000 0.0000 3.0000
    outer loop
        vertex 7.6000 11.6000 4.0000
        vertex 7.6000 12.8000 4.0000
        vertex 7.2000 11.8000 4.0000
    endloop
endfacet
facet normal 0.0000 0.0000 3.2750
    outer loop
        vertex 6.6200 11.6600 4.0000
        vertex 7.2000 11.8000 4.0000
        vertex 7.6000 12.8000 4.0000
    endloop
endfacet
facet normal 0.0000 0.0000 4.3550
    outer loop
        vertex 7.6000 12.8000 4.0000
        vertex 5.9400 11.5800 4.0000
        vertex 6.6200 11.6600 4.0000
    endloop
endfacet
facet normal 0.0000 0.0000 2.8975
    outer loop
        vertex 5.5600 11.5800 4.0000
        vertex 5.9400 11.5800 4.0000
        vertex 7.6000 12.8000 4.0000
    endloop
endfacet
facet normal 0.0000 0.0000 2.3900
    outer loop
        vertex 7.6000 12.8000 4.0000
        vertex 5.2800 11.6000 4.0000
        vertex 5.5600 11.5800 4.0000
    endloop
endfacet
facet normal 0.0000 0.0000 3.1300
    outer loop
        vertex 4.9400 11.6400 4.0000
        vertex 5.2800 11.6000 4.0000
        vertex 7.6000 12.8000 4.0000
    endloop
endfacet
facet normal 0.0000 0.0000 3.2575
    outer loop
        vertex 7.6000 12.8000 4.0000
        vertex 4.7200 11.7400 4.0000
        vertex 4.9400 11.6400 4.0000
    endloop
endfacet
facet normal 0.0000 0.0000 4.2050
    outer loop
        vertex 4.5200 11.9000 4.0000
        vertex 4.7200 11.7400 4.0000
        vertex 7.6000 12.8000 4.0000
    endloop
endfacet
facet normal 0.0000 0.0000 5.4075
    outer loop
        vertex 7.6000 12.8000 4.0000
        vertex 4.3800 12.1400 4.0000
        vertex 4.5200 11.9000 4.0000
    endloop
endfacet
facet normal 0.0000 0.0000 5.4800
    outer loop
        vertex 4.3800 12.1400 4.0000
        vertex 7.6000 12.8000 4.0000
        vertex 4.3200 12.4000 4.0000
    endloop
endfacet
facet normal 0.0000 0.0000 19.0000
    outer loop
        vertex 4.3200 12.4000 4.0000
        vertex 7.6000 12.8000 4.0000
        vertex 0.0000 12.8000 4.0000
    endloop
endfacet
facet normal 0.0000 0.0000 13.5000
    outer loop
        vertex 0.0000 12.8000 4.0000
        vertex 0.0000 12.3000 4.0000
        vertex 4.3200 12.4000 4.0000
    endloop
endfacet
facet normal 0.0000 0.0000 6.0625
    outer loop
        vertex -1.9400 12.3000 4.0000
        vertex 0.0000 12.3000 4.0000
        vertex 0.0000 12.8000 4.0000
    endloop
endfacet
facet normal 0.0000 0.0000 3.9925
    outer loop
        vertex 0.0000 12.8000 4.0000
        vertex -3.1400 12.3200 4.0000
        vertex -1.9400 12.3000 4.0000
    endloop
endfacet
facet normal 0.0000 0.0000 2.4325
    outer loop
        vertex -3.8200 12.3400 4.0000
        vertex -3.1400 12.3200 4.0000
        vertex 0.0000 12.8000 4.0000
    endloop
endfacet
facet normal 0.0000 0.0000 2.1050
    outer loop
        vertex 0.0000 12.8000 4.0000
        vertex -4.2200 12.3800 4.0000
        vertex -3.8200 12.3400 4.0000
    endloop
endfacet
facet normal 0.0000 0.0000 10.5000
    outer loop
        vertex -4.2200 12.3800 4.0000
        vertex 0.0000 12.8000 4.0000
        vertex -4.0000 12.8000 4.0000
    endloop
endfacet
facet normal 0.0000 0.0000 9.4500
    outer loop
        vertex -4.2200 12.3800 4.0000
        vertex -4.0000 12.8000 4.0000
        vertex -7.6000 12.8000 4.0000
    endloop
endfacet
facet normal 0.0000 0.0000 0.8425
    outer loop
        vertex -7.6000 12.8000 4.0000
        vertex -4.3800 12.3600 4.0000
        vertex -4.2200 12.3800 4.0000
    endloop
endfacet
facet normal 0.0000 0.0000 1.8850
    outer loop
        vertex -4.4800 12.2800 4.0000
        vertex -4.3800 12.3600 4.0000
        vertex -7.6000 12.8000 4.0000
    endloop
endfacet
facet normal 0.0000 0.0000 22.1000
    outer loop
        vertex -7.6000 12.8000 4.0000
        vertex -7.2000 11.6000 4.0000
        vertex -4.4800 12.2800 4.0000
    endloop
endfacet
facet normal 0.0000 0.0000 3.4000
    outer loop
        vertex -4.5600 12.0600 4.0000
        vertex -4.4800 12.2800 4.0000
        vertex -7.2000 11.6000 4.0000
    endloop
endfacet
facet normal 0.0000 0.0000 4.3400
    outer loop
        vertex -7.2000 11.6000 4.0000
        vertex -5.9200 11.5600 4.0000
        vertex -4.5600 12.0600 4.0000
    endloop
endfacet
facet normal 0.0000 0.0000 1.8300
    outer loop
        vertex -4.5600 12.0600 4.0000
        vertex -5.9200 11.5600 4.0000
        vertex -5.2800 11.5800 4.0000
    endloop
endfacet
facet normal 0.0000 0.0000 0.4800
    outer loop
        vertex -5.2800 11.5800 4.0000
        vertex -4.7000 11.8600 4.0000
        vertex -4.5600 12.0600 4.0000
    endloop
endfacet
facet normal 0.0000 0.0000 0.2325
    outer loop
        vertex -5.2800 11.5800 4.0000
        vertex -4.9400 11.6800 4.0000
        vertex -4.7000 11.8600 4.0000
    endloop
endfacet
facet normal 0.0000 0.0000 3.0000
    outer loop
        vertex -7.2000 11.6000 4.0000
        vertex -7.6000 12.8000 4.0000
        vertex -7.6000 11.6000 4.0000
    endloop
endfacet
facet normal 0.0000 0.0000 1.0200
    outer loop
        vertex -7.6000 11.6000 4.0000
        vertex -7.1244 11.1920 4.0000
        vertex -7.2000 11.6000 4.0000
    endloop
endfacet
facet normal 0.0000 0.0000 0.7250
    outer loop
        vertex 7.2000 11.6000 4.0000
        vertex 7.2000 11.8000 4.0000
        vertex 6.6200 11.6600 4.0000
    endloop
endfacet
facet normal 0.0000 0.0000 1.4231
    outer loop
        vertex 6.6200 11.6600 4.0000
        vertex 7.1288 11.2148 4.0000
        vertex 7.2000 11.6000 4.0000
    endloop
endfacet
facet normal 0.0000 0.0000 0.5692
    outer loop
        vertex 6.1000 7.9800 4.0000
        vertex 6.1600 7.7200 4.0000
        vertex 6.4944 7.7888 4.0000
    endloop
endfacet
facet normal 0.0000 0.0000 0.7765
    outer loop
        vertex 6.4944 7.7888 4.0000
        vertex 6.5476 8.0780 4.0000
        vertex 6.1000 7.9800 4.0000
    endloop
endfacet
facet normal 0.0000 0.0000 0.8974
    outer loop
        vertex 6.2400 9.4400 4.0000
        vertex 6.8216 9.5564 4.0000
        vertex 6.8692 9.8128 4.0000
    endloop
endfacet
facet normal 0.0000 0.0000 1.2438
    outer loop
        vertex 6.8692 9.8128 4.0000
        vertex 6.2800 9.7800 4.0000
        vertex 6.2400 9.4400 4.0000
    endloop
endfacet
facet normal 0.0000 0.0000 2.2578
    outer loop
        vertex 6.3800 11.1600 4.0000
        vertex 7.1288 11.2148 4.0000
        vertex 6.6200 11.6600 4.0000
    endloop
endfacet
facet normal 0.0000 0.0000 5.1746
    outer loop
        vertex 6.5476 8.0780 4.0000
        vertex 6.8216 9.5564 4.0000
        vertex 6.2400 9.4400 4.0000
    endloop
endfacet
facet normal 0.0000 0.0000 3.9986
    outer loop
        vertex 6.2400 9.4400 4.0000
        vertex 6.1000 7.9800 4.0000
        vertex 6.5476 8.0780 4.0000
    endloop
endfacet
facet normal 0.0000 0.0000 0.9630
    outer loop
        vertex 7.1288 11.2148 4.0000
        vertex 7.6000 11.6000 4.0000
        vertex 7.2000 11.6000 4.0000
    endloop
endfacet
facet normal 0.0000 0.0000 3.5039
    outer loop
        vertex 6.8692 9.8128 4.0000
        vertex 7.6000 11.6000 4.0000
        vertex 7.1288 11.2148 4.0000
    endloop
endfacet
facet normal 0.0000 0.0000 0.6394
    outer loop
        vertex 6.8216 9.5564 4.0000
        vertex 7.6000 11.6000 4.0000
        vertex 6.8692 9.8128 4.0000
    endloop
endfacet
facet normal 0.0000 0.0000 3.6928
    outer loop
        vertex 7.6000 11.6000 4.0000
        vertex 6.8216 9.5564 4.0000
        vertex 6.5476 8.0780 4.0000
    endloop
endfacet
facet normal 0.0000 0.0000 6.0690
    outer loop
        vertex 6.5476 8.0780 4.0000
        vertex 6.8000 8.0000 4.0000
        vertex 7.6000 11.6000 4.0000
    endloop
endfacet
facet normal 0.0000 0.0000 0.4821
    outer loop
        vertex 6.4944 7.7888 4.0000
        vertex 6.8000 8.0000 4.0000
        vertex 6.5476 8.0780 4.0000
    endloop
endfacet
facet normal 0.0000 0.0000 1.5675
    outer loop
        vertex 6.8000 8.0000 4.0000
        vertex 5.6600 5.1800 4.0000
        vertex 5.6600 4.9600 4.0000
    endloop
endfacet
facet normal 0.0000 0.0000 31.1220
    outer loop
        vertex 5.6600 4.9600 4.0000
        vertex 5.7380 0.8000 4.0000
        vertex 6.8000 8.0000 4.0000
    endloop
endfacet
facet normal 0.0000 0.0000 0.9435
    outer loop
        vertex 5.7380 0.8000 4.0000
        vertex 5.3000 2.4400 4.0000
        vertex 5.2400 2.3200 4.0000
    endloop
endfacet
facet normal 0.0000 0.0000 10.5783
    outer loop
        vertex 5.7380 0.8000 4.0000
        vertex 5.2400 2.3200 4.0000
        vertex 4.5000 1.1800 4.0000
    endloop
endfacet
facet normal 0.0000 0.0000 0.7385
    outer loop
        vertex 5.7380 0.8000 4.0000
        vertex 5.3400 2.5600 4.0000
        vertex 5.3000 2.4400 4.0000
    endloop
endfacet
facet normal 0.0000 0.0000 9.4900
    outer loop
        vertex 5.7380 0.8000 4.0000
        vertex 5.6600 4.9600 4.0000
        vertex 5.3400 2.5600 4.0000
    endloop
endfacet
facet normal 0.0000 0.0000 12.1050
    outer loop
        vertex 5.7380 0.8000 4.0000
        vertex 7.6000 11.6000 4.0000
        vertex 6.8000 8.0000 4.0000
    endloop
endfacet
facet normal 0.0000 0.0000 3.5950
    outer loop
        vertex -5.5800 11.1000 4.0000
        vertex -5.9200 11.5600 4.0000
        vertex -7.2000 11.6000 4.0000
    endloop
endfacet
facet normal 0.0000 0.0000 3.8947
    outer loop
        vertex -7.2000 11.6000 4.0000
        vertex -7.1244 11.1920 4.0000
        vertex -5.5800 11.1000 4.0000
    endloop
endfacet
facet normal 0.0000 0.0000 1.6092
    outer loop
        vertex -6.8132 9.5104 4.0000
        vertex -5.6200 9.4600 4.0000
        vertex -5.7200 9.6800 4.0000
    endloop
endfacet
facet normal 0.0000 0.0000 1.5855
    outer loop
        vertex -5.7200 9.6800 4.0000
        vertex -6.8548 9.7360 4.0000
        vertex -6.8132 9.5104 4.0000
    endloop
endfacet
facet normal 0.0000 0.0000 3.6405
    outer loop
        vertex -6.8548 9.7360 4.0000
        vertex -7.1244 11.1920 4.0000
        vertex -7.6000 11.6000 4.0000
    endloop
endfacet
facet normal 0.0000 0.0000 0.5661
    outer loop
        vertex -6.8132 9.5104 4.0000
        vertex -6.8548 9.7360 4.0000
        vertex -7.6000 11.6000 4.0000
    endloop
endfacet
facet normal 0.0000 0.0000 7.2550
    outer loop
        vertex -7.6000 11.6000 4.0000
        vertex -6.8000 8.0000 4.0000
        vertex -6.8132 9.5104 4.0000
    endloop
endfacet
facet normal 0.0000 0.0000 11.2597
    outer loop
        vertex -6.8000 8.0000 4.0000
        vertex -5.6200 9.4600 4.0000
        vertex -6.8132 9.5104 4.0000
    endloop
endfacet
facet normal 0.0000 0.0000 4.2825
    outer loop
        vertex -5.7800 6.8000 4.0000
        vertex -5.6000 7.2600 4.0000
        vertex -6.8000 8.0000 4.0000
    endloop
endfacet
facet normal 0.0000 0.0000 1.1125
    outer loop
        vertex -5.6600 5.3800 4.0000
        vertex -5.5600 5.6800 4.0000
        vertex -5.7800 6.8000 4.0000
    endloop
endfacet
facet normal 0.0000 0.0000 8.1525
    outer loop
        vertex -5.7800 6.8000 4.0000
        vertex -6.8000 8.0000 4.0000
        vertex -5.6600 5.3800 4.0000
    endloop
endfacet
facet normal 0.0000 0.0000 1.8950
    outer loop
        vertex -5.6800 5.1600 4.0000
        vertex -5.6600 5.3800 4.0000
        vertex -6.8000 8.0000 4.0000
    endloop
endfacet
facet normal 0.0000 0.0000 2.3232
    outer loop
        vertex -5.7380 0.8000 4.0000
        vertex -5.5600 3.8000 4.0000
        vertex -5.6400 4.5400 4.0000
    endloop
endfacet
facet normal 0.0000 0.0000 1.3147
    outer loop
        vertex -5.7380 0.8000 4.0000
        vertex -5.6400 4.5400 4.0000
        vertex -5.6800 5.1600 4.0000
    endloop
endfacet
facet normal 0.0000 0.0000 31.5495
    outer loop
        vertex -5.6800 5.1600 4.0000
        vertex -6.8000 8.0000 4.0000
        vertex -5.7380 0.8000 4.0000
    endloop
endfacet
facet normal 0.0000 0.0000 12.1050
    outer loop
        vertex -5.7380 0.8000 4.0000
        vertex -6.8000 8.0000 4.0000
        vertex -7.6000 11.6000 4.0000
    endloop
endfacet
facet normal 0.0000 0.0000 1.0925
    outer loop
        vertex 5.5600 11.5800 4.0000
        vertex 5.5000 11.1200 4.0000
        vertex 5.9400 11.5800 4.0000
    endloop
endfacet
facet normal 0.0000 0.0000 1.2150
    outer loop
        vertex 5.5000 11.1200 4.0000
        vertex 5.5600 11.5800 4.0000
        vertex 5.0800 11.1400 4.0000
    endloop
endfacet
facet normal 0.0000 0.0000 0.8300
    outer loop
        vertex 5.0800 11.1400 4.0000
        vertex 5.5600 11.5800 4.0000
        vertex 5.2800 11.6000 4.0000
    endloop
endfacet
facet normal 0.0000 0.0000 0.6550
    outer loop
        vertex 4.7200 11.7400 4.0000
        vertex 4.4200 11.4000 4.0000
        vertex 4.9400 11.6400 4.0000
    endloop
endfacet
facet normal 0.0000 0.0000 0.5975
    outer loop
        vertex 4.4200 11.4000 4.0000
        vertex 4.7200 11.7400 4.0000
        vertex 4.2800 11.5600 4.0000
    endloop
endfacet
facet normal 0.0000 0.0000 0.3100
    outer loop
        vertex 5.1800 9.5800 4.0000
        vertex 5.1400 9.5000 4.0000
        vertex 5.6600 9.3000 4.0000
    endloop
endfacet
facet normal 0.0000 0.0000 1.2050
    outer loop
        vertex 5.1800 9.5800 4.0000
        vertex 5.6600 9.3000 4.0000
        vertex 5.5600 9.7600 4.0000
    endloop
endfacet
facet normal 0.0000 0.0000 0.7225
    outer loop
        vertex 4.2200 8.5600 4.0000
        vertex 4.4800 8.5400 4.0000
        vertex 4.5400 8.9800 4.0000
    endloop
endfacet
facet normal 0.0000 0.0000 0.8025
    outer loop
        vertex 4.5400 8.9800 4.0000
        vertex 4.4800 8.5400 4.0000
        vertex 4.8400 9.0400 4.0000
    endloop
endfacet
facet normal 0.0000 0.0000 0.7500
    outer loop
        vertex 4.5400 8.9800 4.0000
        vertex 4.8400 9.0400 4.0000
        vertex 5.1400 9.5000 4.0000
    endloop
endfacet
facet normal 0.0000 0.0000 1.8700
    outer loop
        vertex 5.1400 9.5000 4.0000
        vertex 4.8400 9.0400 4.0000
        vertex 5.6600 9.3000 4.0000
    endloop
endfacet
facet normal 0.0000 0.0000 0.8900
    outer loop
        vertex 3.1000 7.3200 4.0000
        vertex 2.9400 7.3600 4.0000
        vertex 2.3400 6.6200 4.0000
    endloop
endfacet
facet normal 0.0000 0.0000 0.2400
    outer loop
        vertex -1.1000 1.5200 4.0000
        vertex -1.2600 1.0800 4.0000
        vertex -1.0200 1.5000 4.0000
    endloop
endfacet
facet normal 0.0000 0.0000 1.2050
    outer loop
        vertex -1.2600 1.0800 4.0000
        vertex -1.1000 1.5200 4.0000
        vertex -1.5600 1.4600 4.0000
    endloop
endfacet
facet normal 0.0000 0.0000 0.2275
    outer loop
        vertex -1.2600 1.0800 4.0000
        vertex -1.5600 1.4600 4.0000
        vertex -1.6400 1.4400 4.0000
    endloop
endfacet
facet normal 0.0000 0.0000 3.5925
    outer loop
        vertex -1.2600 1.0800 4.0000
        vertex 0.1200 1.1000 4.0000
        vertex -1.0200 1.5000 4.0000
    endloop
endfacet
facet normal 0.0000 0.0000 1.5350
    outer loop
        vertex -1.9000 1.0400 4.0000
        vertex -1.2600 1.0800 4.0000
        vertex -1.6400 1.4400 4.0000
    endloop
endfacet
facet normal 0.0000 0.0000 0.2825
    outer loop
        vertex -1.7400 1.4600 4.0000
        vertex -1.9000 1.0400 4.0000
        vertex -1.6400 1.4400 4.0000
    endloop
endfacet
facet normal 0.0000 0.0000 1.0800
    outer loop
        vertex -1.9000 1.0400 4.0000
        vertex -1.7400 1.4600 4.0000
        vertex -2.2200 1.2800 4.0000
    endloop
endfacet
facet normal 0.0000 0.0000 0.3000
    outer loop
        vertex -2.2200 1.3800 4.0000
        vertex -2.2200 1.2800 4.0000
        vertex -1.7400 1.4600 4.0000
    endloop
endfacet
facet normal 0.0000 0.0000 0.4800
    outer loop
        vertex -2.2200 1.2800 4.0000
        vertex -2.1400 0.9800 4.0000
        vertex -1.9000 1.0400 4.0000
    endloop
endfacet
facet normal 0.0000 0.0000 0.5150
    outer loop
        vertex -2.1400 0.9800 4.0000
        vertex -2.2200 1.2800 4.0000
        vertex -2.4200 1.0000 4.0000
    endloop
endfacet
facet normal 0.0000 0.0000 0.2975
    outer loop
        vertex -2.3400 0.7000 4.0000
        vertex -2.4200 1.0000 4.0000
        vertex -2.5200 0.7800 4.0000
    endloop
endfacet
facet normal 0.0000 0.0000 0.1900
    outer loop
        vertex -2.4200 1.0000 4.0000
        vertex -2.2600 0.8800 4.0000
        vertex -2.1400 0.9800 4.0000
    endloop
endfacet
facet normal 0.0000 0.0000 0.2400
    outer loop
        vertex -2.4200 1.0000 4.0000
        vertex -2.3400 0.7000 4.0000
        vertex -2.2600 0.8800 4.0000
    endloop
endfacet
facet normal 0.0000 0.0000 0.3000
    outer loop
        vertex -2.5800 0.4600 4.0000
        vertex -2.3800 0.4600 4.0000
        vertex -2.3400 0.7000 4.0000
    endloop
endfacet
facet normal 0.0000 0.0000 0.3900
    outer loop
        vertex -2.3400 0.7000 4.0000
        vertex -2.5200 0.7800 4.0000
        vertex -2.5800 0.4600 4.0000
    endloop
endfacet
facet normal 0.0000 0.0000 0.4150
    outer loop
        vertex -2.7000 7.3200 4.0000
        vertex -2.8200 7.2400 4.0000
        vertex -1.9000 7.3000 4.0000
    endloop
endfacet
facet normal 0.0000 0.0000 4.0500
    outer loop
        vertex -1.9000 7.3000 4.0000
        vertex -2.8200 7.2400 4.0000
        vertex -3.0600 6.5200 4.0000
    endloop
endfacet
facet normal 0.0000 0.0000 0.4500
    outer loop
        vertex -2.8200 7.2400 4.0000
        vertex -2.9400 7.1800 4.0000
        vertex -3.0600 6.5200 4.0000
    endloop
endfacet
facet normal 0.0000 0.0000 0.5250
    outer loop
        vertex -3.1800 6.5600 4.0000
        vertex -3.0600 6.5200 4.0000
        vertex -2.9400 7.1800 4.0000
    endloop
endfacet
facet normal 0.0000 0.0000 0.4350
    outer loop
        vertex -3.1800 6.5600 4.0000
        vertex -2.9400 7.1800 4.0000
        vertex -3.0600 7.1600 4.0000
    endloop
endfacet
facet normal 0.0000 0.0000 3.3925
    outer loop
        vertex -3.0600 6.5200 4.0000
        vertex -2.8400 6.2000 4.0000
        vertex -1.9000 7.3000 4.0000
    endloop
endfacet
facet normal 0.0000 0.0000 0.4250
    outer loop
        vertex -1.1400 7.9600 4.0000
        vertex -1.0600 7.9200 4.0000
        vertex -0.4800 8.4800 4.0000
    endloop
endfacet
facet normal 0.0000 0.0000 5.0875
    outer loop
        vertex -0.4800 8.4800 4.0000
        vertex -2.0200 8.5000 4.0000
        vertex -1.1400 7.9600 4.0000
    endloop
endfacet
facet normal 0.0000 0.0000 0.3300
    outer loop
        vertex -4.7400 8.7600 4.0000
        vertex -4.6800 8.5400 4.0000
        vertex -4.4400 8.5400 4.0000
    endloop
endfacet
facet normal 0.0000 0.0000 0.4625
    outer loop
        vertex -4.7400 8.7600 4.0000
        vertex -4.4400 8.5400 4.0000
        vertex -4.5400 8.8600 4.0000
    endloop
endfacet
facet normal 0.0000 0.0000 0.3500
    outer loop
        vertex -4.6600 9.0800 4.0000
        vertex -4.7400 8.7600 4.0000
        vertex -4.5400 8.8600 4.0000
    endloop
endfacet
facet normal 0.0000 0.0000 0.2800
    outer loop
        vertex -4.8400 8.9200 4.0000
        vertex -4.7400 8.7600 4.0000
        vertex -4.6600 9.0800 4.0000
    endloop
endfacet
facet normal 0.0000 0.0000 0.4650
    outer loop
        vertex -5.7200 9.6800 4.0000
        vertex -5.6200 9.4600 4.0000
        vertex -5.3000 9.5000 4.0000
    endloop
endfacet
endsolid GiantLegoRocks
